<?xml version="1.0" encoding="utf-8"?>
<COLLADA xmlns="http://www.collada.org/2005/11/COLLADASchema" version="1.4.1" xmlns:xsi="http://www.w3.org/2001/XMLSchema-instance">
  <asset>
    <contributor>
      <author>Blender User</author>
      <authoring_tool>Blender 4.0.0 commit date:2023-11-13, commit time:17:26, hash:878f71061b8e</authoring_tool>
    </contributor>
    <created>2026-10-09T15:43:13</created>
    <modified>2026-10-09T15:43:13</modified>
    <unit name="meter" meter="1"/>
    <up_axis>Z_UP</up_axis>
  </asset>
  <library_images/>
  <library_geometries>
    <geometry id="Base_001-mesh" name="Base.001">
      <mesh>
        <source id="Base_001-mesh-positions">
          <float_array id="Base_001-mesh-positions-array" count="13197">4.531539 2.113091 18 -4.980973 -0.4357787 18 4.829629 1.294095 18 4.980973 0.4357787 18 -4.829629 -1.294095 18 -4.531539 -2.113091 18 -4.09576 -2.867882 18 -3.535534 -3.535534 18 -2.867882 -4.09576 18 -2.113091 -4.531539 18 4.09576 2.867882 18 3.535534 3.535534 18 2.867882 4.09576 18 2.113091 4.531539 18 1.294095 4.829629 18 0.4357787 4.980973 18 -0.4357787 4.980973 18 -1.294095 4.829629 18 -2.113091 4.531539 18 -1.294095 -4.829629 18 -0.4357787 -4.980973 18 0.4357787 -4.980973 18 -2.867882 4.09576 18 -3.535534 3.535534 18 -4.09576 2.867882 18 -4.531539 2.113091 18 -4.829629 1.294095 18 -4.980973 0.4357787 18 4.09576 -2.867882 18 4.531539 -2.113091 18 4.829629 -1.294095 18 1.294095 -4.829629 18 2.113091 -4.531539 18 2.867882 -4.09576 18 3.535534 -3.535534 18 4.980973 -0.4357787 18 -4.980973 0.4357787 28 -58.97504 1.715998 28 -4.980973 -0.4357787 28 -58.77549 -5.142189 28 -4.829629 -1.294095 28 4.980973 -0.4357787 28 58.97504 -1.715998 28 4.980973 0.4357787 28 58.77549 5.142189 28 4.829629 1.294095 28 -4.09576 -2.867882 28 -46.28052 -36.59389 28 -3.535534 -3.535534 28 -41.7193 -41.7193 28 -2.867882 -4.09576 28 -57.7811 -11.93084 28 -56.00532 -18.55814 28 -4.531539 -2.113091 28 -53.47216 -24.93448 28 -50.21588 -30.97362 28 -4.531539 2.113091 28 -54.8315 21.78316 28 -4.829629 1.294095 28 -56.98962 15.27032 28 -58.37705 8.550981 28 0.4357787 -4.980973 28 8.550981 -58.37705 28 1.294095 -4.829629 28 15.27032 -56.98962 28 2.113091 -4.531539 28 -1.294095 -4.829629 28 -11.93084 -57.7811 28 -0.4357787 -4.980973 28 -5.142189 -58.77549 28 1.715998 -58.97504 28 -3.535534 3.535534 28 -44.07448 39.22295 28 -4.09576 2.867882 28 -48.32997 33.84101 28 -51.93188 28.00142 28 -2.113091 4.531539 28 -28.00142 51.93188 28 -2.867882 4.09576 28 -33.84101 48.32997 28 -39.22295 44.07448 28 -0.4357787 4.980973 28 -8.550981 58.37705 28 -1.294095 4.829629 28 -15.27032 56.98962 28 -21.78316 54.8315 28 4.531539 -2.113091 28 54.8315 -21.78316 28 4.829629 -1.294095 28 56.98962 -15.27032 28 58.37705 -8.550981 28 -36.59389 -46.28052 28 -30.97362 -50.21588 28 -2.113091 -4.531539 28 -24.93448 -53.47216 28 -18.55814 -56.00532 28 1.294095 4.829629 28 11.93084 57.7811 28 0.4357787 4.980973 28 5.142189 58.77549 28 -1.715998 58.97504 28 57.7811 11.93084 28 56.00532 18.55814 28 4.531539 2.113091 28 21.78316 -54.8315 28 28.00142 -51.93188 28 2.867882 -4.09576 28 53.47216 24.93448 28 50.21588 30.97362 28 4.09576 2.867882 28 46.28052 36.59389 28 3.535534 3.535534 28 41.7193 41.7193 28 2.867882 4.09576 28 33.84101 -48.32997 28 39.22295 -44.07448 28 3.535534 -3.535534 28 44.07448 -39.22295 28 4.09576 -2.867882 28 48.32997 -33.84101 28 51.93188 -28.00142 28 36.59389 46.28052 28 30.97362 50.21588 28 2.113091 4.531539 28 24.93448 53.47216 28 18.55814 56.00532 28 -58.82452 4.547135 14.32209 -58.75693 5.350001 13.51426 -58.63217 6.577865 6.605802 -58.7558 5.362369 13.49956 -58.69284 6.012553 12.58469 -58.68773 6.062229 12.50005 -58.63217 6.577877 11.39419 -58.60183 6.842919 10.47461 -58.59589 6.893654 7.784436 -58.59588 6.893671 10.21557 -58.59419 6.908002 7.868747 -58.58424 6.991931 9.337017 -58.58327 7 9 -58.63916 6.515263 11.5596 -58.62592 6.63338 6.764117 -58.82817 4.499569 14.36237 -58.67489 6.185269 5.722259 -58.68773 6.062203 5.499926 -58.73627 5.572257 4.763149 -58.7558 5.36236 4.500415 -58.80369 4.808885 3.913259 -58.82817 4.499587 3.637646 -58.86939 3.923688 3.203046 -58.89609 3.500095 2.937799 -58.89609 3.500057 15.06222 -58.88847 3.62596 14.98773 -58.9514 2.394234 2.422141 -58.92731 2.927808 2.641671 -58.94248 2.604456 15.49745 -58.97076 1.857223 2.250802 -58.9514 2.394196 15.57786 -58.98748 1.215597 2.106341 -58.99535 0.7405146 2.039199 -59 7.5231e-6 2 -58.99866 -0.3969026 2.011204 -58.98748 -1.215575 2.106342 -58.99535 -0.7405147 15.9608 -59 -7.52311e-6 16 -58.9514 -2.394196 2.422135 -58.99866 0.3969026 15.9888 -58.98748 1.215575 15.89366 -58.98028 -1.525074 2.168135 -58.98028 1.525074 15.83187 -58.89609 -3.500057 2.937783 -58.9514 -2.394234 15.57786 -58.94248 -2.604456 2.502552 -58.97076 -1.857223 15.7492 -58.98748 -1.215597 15.89366 -58.82452 -4.547135 3.677914 -58.75693 -5.350001 4.485737 -58.63217 -6.577865 11.3942 -58.7558 -5.362369 4.500435 -58.69284 -6.012553 5.415313 -58.68773 -6.062229 5.499948 -58.63217 -6.577877 6.605809 -58.60183 -6.842919 7.52539 -58.59589 -6.893654 10.21556 -58.59588 -6.893671 7.784428 -58.59419 -6.908002 10.13125 -58.58424 -6.991931 8.662983 -58.58327 -7 9 -58.63916 -6.515263 6.440402 -58.62592 -6.63338 11.23588 -58.82817 -4.499569 3.637633 -58.67489 -6.185269 12.27774 -58.68773 -6.062203 12.50007 -58.73627 -5.572257 13.23685 -58.7558 -5.36236 13.49958 -58.80369 -4.808885 14.08674 -58.82817 -4.499587 14.36235 -58.86939 -3.923688 14.79695 -58.89609 -3.500095 15.0622 -58.88847 -3.62596 3.012268 -58.92731 -2.927808 15.35833 -40.21481 -43.26444 18.23549 -40.22209 -43.27475 18.2151 -40.03457 -43.50009 18.17652 -40.03939 -43.50532 18.16833 -39.95474 -43.41335 18.4709 -39.95417 -43.41272 18.5 -40.24046 -43.14748 18.47922 -40.18928 -43.22358 18.34501 -40.40755 -43.01148 18.33091 -40.41126 -43.0236 18.29236 -41.28004 -42.16271 18.09878 -41.2826 -42.15536 18.12395 -41.50098 -41.93745 18.06315 -40.11484 -43.44561 18.15881 -40.05023 -43.5171 18.1511 -40.43561 -43.07253 18.1839 -40.44129 -43.0811 18.16875 -40.2432 -43.30257 18.16787 -40.50287 -43.01239 18.16641 -40.5368 -42.95952 18.18148 -40.542 -42.96882 18.16439 -40.63952 -42.84628 18.1755 -40.67041 -42.82641 18.1551 -40.84891 -42.61941 18.15447 -40.85133 -42.62774 18.13636 -41.06247 -42.39263 18.12385 -41.06311 -42.39884 18.10817 -41.27858 -42.17058 18.07486 -41.47651 -41.96528 18.04181 -41.7193 -41.7193 18 -40.19728 -43.23771 18.29988 -39.98734 -43.44877 18.28416 -39.97789 -43.43851 18.31612 -40.40608 -43.00157 18.37024 -40.1843 -43.21255 18.39141 -39.96206 -43.4213 18.39266 -39.97295 -43.43313 18.33578 -39.95627 -43.41501 18.44435 -40.40688 -42.99398 18.41008 -40.62739 -42.78958 18.33183 -40.6267 -42.79797 18.2994 -41.06393 -42.3733 18.18008 -40.84801 -42.5767 18.28002 -41.28615 -42.14897 18.14925 -41.06239 -42.38566 18.14242 -40.14603 -43.41094 18.16174 -40.14397 -43.40886 18.16503 -40.23876 -43.2974 18.17627 -40.23007 -43.28575 18.19535 -40.43019 -43.06313 18.20104 -40.42532 -43.05421 18.2186 -40.00217 -43.46488 18.24337 -40.2024 -43.2459 18.27793 -40.00553 -43.46854 18.23525 -40.20824 -43.25481 18.25645 -40.01596 -43.47987 18.21202 -40.41719 -43.03787 18.25485 -40.62757 -42.80788 18.26742 -40.63 -42.81926 18.23601 -40.63399 -42.83208 18.20532 -40.84672 -42.60902 18.17886 -40.84554 -42.59953 18.20368 -40.84537 -42.59097 18.22886 -40.85464 -42.56639 18.33177 -42.15538 -41.28252 18.12427 -42.13185 -41.30263 18.17006 -42.97702 -40.42247 18.44767 -43.41272 -39.95417 18.5 -43.41335 -39.95474 18.4709 -41.94048 -41.49913 18.05067 -43.35986 -40.10415 18.25398 -43.25289 -40.20697 18.26044 -43.23574 -40.19606 18.30487 -43.34138 -40.08994 18.30153 -43.44614 -39.98492 18.2918 -43.46488 -40.00217 18.24337 -43.41093 -40.14605 18.16174 -43.40793 -40.14329 18.16634 -43.48147 -40.08249 18.15524 -42.1333 -41.31421 18.06904 -41.94372 -41.49754 18.03822 -42.39893 -41.06303 18.10819 -42.39252 -41.06236 18.12439 -42.56019 -40.91342 18.12869 -42.61907 -40.84882 18.15523 -42.62782 -40.85125 18.13636 -42.84582 -40.63932 18.17641 -42.85581 -40.64382 18.15733 -42.95898 -40.53652 18.18248 -43.0719 -40.43524 18.185 -42.99269 -40.52055 18.16555 -43.08132 -40.4411 18.16875 -43.50009 -40.03457 18.17652 -43.5171 -40.05023 18.1511 -43.27325 -40.22107 18.21776 -43.38214 -40.122 18.20863 -43.02238 -40.41075 18.29563 -43.03667 -40.4166 18.25757 -42.81855 -40.62978 18.23776 -42.80716 -40.62742 18.26942 -42.59912 -40.8455 18.20478 -42.59057 -40.84536 18.23004 -43.19261 -40.34154 18.17005 -43.1845 -40.33568 18.1835 -43.05323 -40.42478 18.22056 -42.83145 -40.63376 18.20668 -42.60863 -40.84665 18.17981 -42.38555 -41.06229 18.14302 -42.3791 -41.0628 18.16181 -43.30262 -40.24316 18.16787 -43.29659 -40.23822 18.17748 -43.16353 -40.32212 18.22151 -42.17055 -41.27861 18.07485 -42.16271 -41.27995 18.09913 -42.15893 -41.28111 18.11168 -43.00086 -40.406 18.37322 -42.57646 -40.84809 18.28099 -42.57092 -40.8509 18.30645 -42.149 -41.28609 18.14952 -42.99365 -40.40695 18.41198 -43.4213 -39.96206 18.39266 -43.22193 -40.18838 18.35034 -43.43108 -39.97106 18.34403 -43.43851 -39.97789 18.31612 -43.01043 -40.40724 18.33431 -42.58301 -40.84623 18.25548 41.28252 -42.15538 18.12427 41.7193 -41.7193 18 41.30263 -42.13185 18.17006 40.42247 -42.97702 18.44767 39.95417 -43.41272 18.5 39.95474 -43.41335 18.4709 41.49913 -41.94048 18.05067 40.10415 -43.35986 18.25398 40.20697 -43.25289 18.26044 40.19606 -43.23574 18.30487 40.08994 -43.34138 18.30153 39.98492 -43.44614 18.2918 40.00217 -43.46488 18.24337 40.14605 -43.41093 18.16174 40.14329 -43.40793 18.16634 40.08249 -43.48147 18.15524 41.31421 -42.1333 18.06904 41.49754 -41.94372 18.03822 41.06303 -42.39893 18.10819 41.06236 -42.39252 18.12439 40.91342 -42.56019 18.12869 40.84882 -42.61907 18.15523 40.85125 -42.62782 18.13636 40.63932 -42.84582 18.17641 40.64382 -42.85581 18.15733 40.53652 -42.95898 18.18248 40.43524 -43.0719 18.185 40.52055 -42.99269 18.16555 40.4411 -43.08132 18.16875 40.03457 -43.50009 18.17652 40.05023 -43.5171 18.1511 40.22107 -43.27325 18.21776 40.122 -43.38214 18.20863 40.41075 -43.02238 18.29563 40.4166 -43.03667 18.25757 40.62978 -42.81855 18.23776 40.62742 -42.80716 18.26942 40.8455 -42.59912 18.20478 40.84536 -42.59057 18.23004 40.34154 -43.19261 18.17005 40.33568 -43.1845 18.1835 40.42478 -43.05323 18.22056 40.63376 -42.83145 18.20668 40.84665 -42.60863 18.17981 41.06229 -42.38555 18.14302 41.0628 -42.3791 18.16181 40.24316 -43.30262 18.16787 40.23822 -43.29659 18.17748 40.32212 -43.16353 18.22151 41.27861 -42.17055 18.07485 41.27995 -42.16271 18.09913 41.28111 -42.15893 18.11168 40.406 -43.00086 18.37322 40.84809 -42.57646 18.28099 40.8509 -42.57092 18.30645 41.28609 -42.149 18.14952 40.40695 -42.99365 18.41198 39.96206 -43.4213 18.39266 40.18838 -43.22193 18.35034 39.97106 -43.43108 18.34403 39.97789 -43.43851 18.31612 40.40724 -43.01043 18.33431 40.84623 -42.58301 18.25548 43.26444 -40.21481 18.23549 43.27475 -40.22209 18.2151 43.50009 -40.03457 18.17652 43.50532 -40.03939 18.16833 43.41335 -39.95474 18.4709 43.41272 -39.95417 18.5 43.14748 -40.24046 18.47922 43.22358 -40.18928 18.34501 43.01148 -40.40755 18.33091 43.0236 -40.41126 18.29236 42.16271 -41.28004 18.09878 42.15536 -41.2826 18.12395 41.93745 -41.50098 18.06315 43.44561 -40.11484 18.15881 43.5171 -40.05023 18.1511 43.07253 -40.43561 18.1839 43.0811 -40.44129 18.16875 43.30257 -40.2432 18.16787 43.01239 -40.50287 18.16641 42.95952 -40.5368 18.18148 42.96882 -40.542 18.16439 42.84628 -40.63952 18.1755 42.82641 -40.67041 18.1551 42.61941 -40.84891 18.15447 42.62774 -40.85133 18.13636 42.39263 -41.06247 18.12385 42.39884 -41.06311 18.10817 42.17058 -41.27858 18.07486 41.96528 -41.47651 18.04181 43.23771 -40.19728 18.29988 43.44877 -39.98734 18.28416 43.43851 -39.97789 18.31612 43.00157 -40.40608 18.37024 43.21255 -40.1843 18.39141 43.4213 -39.96206 18.39266 43.43313 -39.97295 18.33578 43.41501 -39.95627 18.44435 42.99398 -40.40688 18.41008 42.78958 -40.62739 18.33183 42.79797 -40.6267 18.2994 42.3733 -41.06393 18.18008 42.5767 -40.84801 18.28002 42.14897 -41.28615 18.14925 42.38566 -41.06239 18.14242 43.41094 -40.14603 18.16174 43.40886 -40.14397 18.16503 43.2974 -40.23876 18.17627 43.28575 -40.23007 18.19535 43.06313 -40.43019 18.20104 43.05421 -40.42532 18.2186 43.46488 -40.00217 18.24337 43.2459 -40.2024 18.27793 43.46854 -40.00553 18.23525 43.25481 -40.20824 18.25645 43.47987 -40.01596 18.21202 43.03787 -40.41719 18.25485 42.80788 -40.62757 18.26742 42.81926 -40.63 18.23601 42.83208 -40.63399 18.20532 42.60902 -40.84672 18.17886 42.59953 -40.84554 18.20368 42.59097 -40.84537 18.22886 42.56639 -40.85464 18.33177 36.24051 -46.57253 18.39266 -36.27689 -46.61928 18.24337 38.96526 -44.88994 18.00333 39.06166 -44.75707 18.00902 36.48356 -46.88487 18.00865 39.11978 -44.67829 18.01355 39.30701 -44.43058 18.0327 36.43212 -46.81876 18.03213 39.40621 -44.30269 18.04518 39.5872 -44.07462 18.07117 36.3845 -46.75757 18.06925 39.88162 -43.71623 18.12023 -36.54059 -46.95815 18 -38.86968 -45.02465 18.00034 -38.82738 -45.0853 18 -32.53866 -49.81475 18 -35.49818 -47.75118 18 -28.31461 -52.33127 18 -30.94539 -50.81961 18 -23.8972 -54.49045 18 -25.99184 -53.52315 18 -19.31654 -56.27737 18 -20.8601 -55.72348 18 -14.60408 -57.68035 18 -15.43116 -57.46467 18 4.39953e-6 -59.5 18 -4.912693 -59.29738 18 -4.170661 -59.35415 18 4.912681 -59.2973 18 1.59429 -59.47872 18 9.791755 -58.68886 18 7.350944 -59.04456 18 14.60408 -57.68031 18 13.08213 -58.0442 18 19.31656 -56.27743 18 18.67774 -56.49275 18 32.53863 -49.81469 18 28.31463 -52.33132 18 29.36572 -51.74864 18 36.54057 -46.95812 18 34.29049 -48.62561 18 23.89718 -54.4904 18 23.89097 -54.47624 18.00023 24.13404 -54.38594 18 -9.885045 -58.67317 18 -9.789238 -58.67376 18.00023 -9.791752 -58.68883 18 -36.43212 -46.81876 18.03213 -39.10524 -44.69791 18.01234 -39.08288 -44.7282 18.01058 -36.3845 -46.75757 18.06925 -39.40317 -44.30657 18.04478 -39.31597 -44.41893 18.03377 -39.88172 -43.71613 18.12024 -39.71983 -43.91139 18.09239 -36.34212 -46.7031 18.11824 -39.58744 -44.07432 18.07121 39.7203 -43.91082 18.09246 36.34212 -46.7031 18.11824 38.86619 -45.02962 18.00028 -38.96377 -44.892 18.00326 -36.48356 -46.88487 18.00865 -32.48793 -49.73707 18.00865 -28.27044 -52.24963 18.00865 -23.8599 -54.40539 18.00865 -19.28643 -56.18964 18.00865 -14.58125 -57.59017 18.00865 -9.776506 -58.59745 18.00865 -4.905 -59.20458 18.00865 0 -59.40742 18.00865 4.905 -59.20458 18.00865 9.776506 -58.59745 18.00865 14.58125 -57.59017 18.00865 19.28643 -56.18964 18.00865 23.8599 -54.40539 18.00865 28.27044 -52.24963 18.00865 32.48793 -49.73707 18.00865 38.82738 -45.0853 18 32.44211 -49.66694 18.03213 28.23057 -52.17595 18.03213 23.82625 -54.32868 18.03213 19.25923 -56.1104 18.03213 14.56069 -57.50897 18.03213 9.762721 -58.51483 18.03213 4.898084 -59.1211 18.03213 0 -59.32365 18.03213 -4.898084 -59.1211 18.03213 -9.762721 -58.51483 18.03213 -14.56069 -57.50897 18.03213 -19.25923 -56.1104 18.03213 -23.82625 -54.32868 18.03213 -28.23057 -52.17595 18.03213 -32.44211 -49.66694 18.03213 32.39971 -49.60202 18.06925 28.19367 -52.10776 18.06925 23.79511 -54.25767 18.06925 19.23406 -56.03707 18.06925 14.54166 -57.43381 18.06925 9.74996 -58.43835 18.06925 4.891682 -59.04382 18.06925 0 -59.24611 18.06925 -4.891682 -59.04382 18.06925 -9.74996 -58.43835 18.06925 -14.54166 -57.43381 18.06925 -19.23406 -56.03707 18.06925 -23.79511 -54.25767 18.06925 -28.19367 -52.10776 18.06925 -32.39971 -49.60202 18.06925 32.36198 -49.54425 18.11824 28.16084 -52.04707 18.11824 23.7674 -54.19448 18.11824 19.21166 -55.9718 18.11824 14.52472 -57.36692 18.11824 9.738605 -58.37028 18.11824 4.885985 -58.97506 18.11824 0 -59.17711 18.11824 -4.885985 -58.97506 18.11824 -9.738605 -58.37028 18.11824 -14.52472 -57.36692 18.11824 -19.21166 -55.9718 18.11824 -23.7674 -54.19448 18.11824 -28.16084 -52.04707 18.11824 -32.36198 -49.54425 18.11824 36.30628 -46.65704 18.17652 32.33005 -49.49538 18.17652 28.13306 -51.99573 18.17652 23.74395 -54.14102 18.17652 19.19271 -55.91659 18.17652 14.5104 -57.31033 18.17652 9.729 -58.31271 18.17652 4.881165 -58.91689 18.17652 0 -59.11874 18.17652 -4.881165 -58.91689 18.17652 -9.729 -58.31271 18.17652 -14.5104 -57.31033 18.17652 -19.19271 -55.91659 18.17652 -23.74395 -54.14102 18.17652 -28.13306 -51.99573 18.17652 -32.33005 -49.49538 18.17652 -36.30628 -46.65704 18.17652 36.27689 -46.61928 18.24337 32.30389 -49.45532 18.24337 28.11029 -51.95365 18.24337 23.72474 -54.0972 18.24337 19.17717 -55.87133 18.24337 14.49865 -57.26394 18.24337 9.721124 -58.26551 18.24337 4.877214 -58.8692 18.24337 0 -59.07088 18.24337 -4.877214 -58.8692 18.24337 -9.721124 -58.26551 18.24337 -14.49865 -57.26394 18.24337 -19.17717 -55.87133 18.24337 -23.72474 -54.0972 18.24337 -28.11029 -51.95365 18.24337 -32.30389 -49.45532 18.24337 36.25487 -46.59098 18.31612 32.28428 -49.42531 18.31612 28.09323 -51.92211 18.31612 23.71034 -54.06436 18.31612 19.16553 -55.83742 18.31612 14.48985 -57.22919 18.31612 9.715225 -58.23015 18.31612 4.874255 -58.83347 18.31612 0 -59.03504 18.31612 -4.874255 -58.83347 18.31612 -9.715225 -58.23015 18.31612 -14.48985 -57.22919 18.31612 -19.16553 -55.83742 18.31612 -23.71034 -54.06436 18.31612 -28.09323 -51.92211 18.31612 -32.28428 -49.42531 18.31612 -36.25487 -46.59098 18.31612 32.27149 -49.40573 18.39266 28.0821 -51.90155 18.39266 23.70095 -54.04295 18.39266 19.15794 -55.81531 18.39266 14.48411 -57.20652 18.39266 9.711377 -58.20709 18.39266 4.872324 -58.81017 18.39266 0 -59.01166 18.39266 -4.872324 -58.81017 18.39266 -9.711377 -58.20709 18.39266 -14.48411 -57.20652 18.39266 -19.15794 -55.81531 18.39266 -23.70095 -54.04295 18.39266 -28.0821 -51.90155 18.39266 -32.27149 -49.40573 18.39266 -36.24051 -46.57253 18.39266 39.22295 -44.07448 18.5 36.23387 -46.56399 18.47106 36.23336 -46.56333 18.5 33.84101 -48.32997 18.5 32.26558 -49.39667 18.47106 32.26512 -49.39597 18.5 28.07696 -51.89204 18.4709 28.07656 -51.8913 18.5 23.6966 -54.03304 18.47106 23.69626 -54.03227 18.5 21.78316 -54.8315 18.5 19.15443 -55.80508 18.47106 19.15416 -55.80429 18.5 15.27032 -56.98962 18.5 14.48146 -57.19603 18.47106 14.48125 -57.19522 18.5 9.709596 -58.19641 18.47106 9.709458 -58.19559 18.5 8.550981 -58.37705 18.5 4.871431 -58.79939 18.47106 4.871361 -58.79855 18.5 1.715998 -58.97504 18.5 0 -59.00084 18.47106 0 -59 18.5 -4.871432 -58.7994 18.4709 -4.871361 -58.79855 18.5 -5.142189 -58.77549 18.5 -9.709596 -58.19641 18.47106 -9.709458 -58.19559 18.5 -11.93084 -57.7811 18.5 -14.48146 -57.19603 18.47106 -14.48125 -57.19522 18.5 -18.55814 -56.00532 18.5 -19.15443 -55.80508 18.47106 -19.15416 -55.80429 18.5 -23.6966 -54.03304 18.47106 -23.69626 -54.03227 18.5 -24.93448 -53.47216 18.5 -28.07695 -51.89204 18.47106 -28.07656 -51.8913 18.5 -30.97362 -50.21588 18.5 -32.26558 -49.39667 18.47106 -32.26512 -49.39597 18.5 -36.23387 -46.56399 18.47106 -36.23336 -46.56333 18.5 -36.59389 -46.28052 18.5 42.15538 41.28252 18.12427 41.7193 41.7193 18 42.13185 41.30263 18.17006 42.97702 40.42247 18.44767 43.41272 39.95417 18.5 43.41335 39.95474 18.4709 41.94048 41.49913 18.05067 43.35986 40.10415 18.25398 43.25289 40.20697 18.26044 43.23574 40.19606 18.30487 43.34138 40.08994 18.30153 43.44614 39.98492 18.2918 43.46488 40.00217 18.24337 43.41093 40.14605 18.16174 43.40793 40.14329 18.16634 43.48147 40.08249 18.15524 42.1333 41.31421 18.06904 41.94372 41.49754 18.03822 42.39893 41.06303 18.10819 42.39252 41.06236 18.12439 42.56019 40.91342 18.12869 42.61907 40.84882 18.15523 42.62782 40.85125 18.13636 42.84582 40.63932 18.17641 42.85581 40.64382 18.15733 42.95898 40.53652 18.18248 43.0719 40.43524 18.185 42.99269 40.52055 18.16555 43.08132 40.4411 18.16875 43.50009 40.03457 18.17652 43.5171 40.05023 18.1511 43.27325 40.22107 18.21776 43.38214 40.122 18.20863 43.02238 40.41075 18.29563 43.03667 40.4166 18.25757 42.81855 40.62978 18.23776 42.80716 40.62742 18.26942 42.59912 40.8455 18.20478 42.59057 40.84536 18.23004 43.19261 40.34154 18.17005 43.1845 40.33568 18.1835 43.05323 40.42478 18.22056 42.83145 40.63376 18.20668 42.60863 40.84665 18.17981 42.38555 41.06229 18.14302 42.3791 41.0628 18.16181 43.30262 40.24316 18.16787 43.29659 40.23822 18.17748 43.16353 40.32212 18.22151 42.17055 41.27861 18.07485 42.16271 41.27995 18.09913 42.15893 41.28111 18.11168 43.00086 40.406 18.37322 42.57646 40.84809 18.28099 42.57092 40.8509 18.30645 42.149 41.28609 18.14952 42.99365 40.40695 18.41198 43.4213 39.96206 18.39266 43.22193 40.18838 18.35034 43.43108 39.97106 18.34403 43.43851 39.97789 18.31612 43.01043 40.40724 18.33431 42.58301 40.84623 18.25548 40.21481 43.26444 18.23549 40.22209 43.27475 18.2151 40.03457 43.50009 18.17652 40.03939 43.50532 18.16833 39.95474 43.41335 18.4709 39.95417 43.41272 18.5 40.24046 43.14748 18.47922 40.18928 43.22358 18.34501 40.40755 43.01148 18.33091 40.41126 43.0236 18.29236 41.28004 42.16271 18.09878 41.2826 42.15536 18.12395 41.50098 41.93745 18.06315 40.11484 43.44561 18.15881 40.05023 43.5171 18.1511 40.43561 43.07253 18.1839 40.44129 43.0811 18.16875 40.2432 43.30257 18.16787 40.50287 43.01239 18.16641 40.5368 42.95952 18.18148 40.542 42.96882 18.16439 40.63952 42.84628 18.1755 40.67041 42.82641 18.1551 40.84891 42.61941 18.15447 40.85133 42.62774 18.13636 41.06247 42.39263 18.12385 41.06311 42.39884 18.10817 41.27858 42.17058 18.07486 41.47651 41.96528 18.04181 40.19728 43.23771 18.29988 39.98734 43.44877 18.28416 39.97789 43.43851 18.31612 40.40608 43.00157 18.37024 40.1843 43.21255 18.39141 39.96206 43.4213 18.39266 39.97295 43.43313 18.33578 39.95627 43.41501 18.44435 40.40688 42.99398 18.41008 40.62739 42.78958 18.33183 40.6267 42.79797 18.2994 41.06393 42.3733 18.18008 40.84801 42.5767 18.28002 41.28615 42.14897 18.14925 41.06239 42.38566 18.14242 40.14603 43.41094 18.16174 40.14397 43.40886 18.16503 40.23876 43.2974 18.17627 40.23007 43.28575 18.19535 40.43019 43.06313 18.20104 40.42532 43.05421 18.2186 40.00217 43.46488 18.24337 40.2024 43.2459 18.27793 40.00553 43.46854 18.23525 40.20824 43.25481 18.25645 40.01596 43.47987 18.21202 40.41719 43.03787 18.25485 40.62757 42.80788 18.26742 40.63 42.81926 18.23601 40.63399 42.83208 18.20532 40.84672 42.60902 18.17886 40.84554 42.59953 18.20368 40.84537 42.59097 18.22886 40.85464 42.56639 18.33177 46.59098 -36.25487 18.31612 46.61928 -36.27689 18.24337 49.45532 -32.30389 18.24337 46.59098 36.25487 18.31612 56.1104 -19.25923 18.03213 56.18964 -19.28643 18.00865 57.59017 -14.58125 18.00865 43.91082 39.7203 18.09246 43.71623 39.88162 18.12023 46.7031 36.34212 18.11824 44.41893 -39.31597 18.03377 46.81876 -36.43212 18.03213 46.75757 -36.3845 18.06925 49.81475 -32.53866 18 46.95815 -36.54059 18 47.75118 -35.49818 18 52.33127 -28.31461 18 50.81961 -30.94539 18 54.49045 -23.8972 18 53.52315 -25.99184 18 58.67317 -9.885045 18 58.68883 -9.791752 18 58.67376 -9.789238 18.00023 54.47624 23.89097 18.00023 54.4904 23.89718 18 54.38594 24.13404 18 44.69791 -39.10524 18.01234 44.7282 -39.08288 18.01058 46.88487 -36.48356 18.00865 44.892 -38.96377 18.00326 45.02465 -38.86968 18.00034 43.71613 -39.88172 18.12024 43.91139 -39.71983 18.09239 46.7031 -36.34212 18.11824 44.07432 -39.58744 18.07121 44.30657 -39.40317 18.04478 44.07462 39.5872 18.07117 44.43058 39.30701 18.0327 44.30269 39.40621 18.04518 46.75757 36.3845 18.06925 44.75707 39.06166 18.00902 44.67829 39.11978 18.01355 46.81876 36.43212 18.03213 44.88994 38.96526 18.00333 46.88487 36.48356 18.00865 45.02962 38.86619 18.00028 46.95812 36.54057 18 45.0853 38.82738 18 57.46467 -15.43116 18 57.68035 -14.60408 18 56.27737 -19.31654 18 55.72348 -20.8601 18 54.40539 -23.8599 18.00865 54.32868 -23.82625 18.03213 54.25767 -23.79511 18.06925 52.24963 -28.27044 18.00865 52.17595 -28.23057 18.03213 52.10776 -28.19367 18.06925 52.04707 -28.16084 18.11824 49.73707 -32.48793 18.00865 49.66694 -32.44211 18.03213 49.60202 -32.39971 18.06925 49.54425 -32.36198 18.11824 49.49538 -32.33005 18.17652 58.59745 -9.776506 18.00865 57.50897 -14.56069 18.03213 56.03707 -19.23406 18.06925 54.19448 -23.7674 18.11824 51.99573 -28.13306 18.17652 46.65704 -36.30628 18.17652 45.0853 -38.82738 18 58.23015 9.715225 18.31612 58.26551 9.721124 18.24337 57.26394 14.49865 18.24337 57.31033 14.5104 18.17652 55.91659 19.19271 18.17652 55.9718 19.21166 18.11824 54.19448 23.7674 18.11824 54.25767 23.79511 18.06925 52.10776 28.19367 18.06925 52.17595 28.23057 18.03213 49.66694 32.44211 18.03213 49.73707 32.48793 18.00865 49.81469 32.53863 18 48.62561 34.29049 18 58.20709 9.711377 18.39266 57.22919 14.48985 18.31612 55.87133 19.17717 18.24337 54.14102 23.74395 18.17652 52.04707 28.16084 18.11824 49.60202 32.39971 18.06925 58.83347 4.874255 18.31612 58.81017 4.872324 18.39266 59.01166 0 18.39266 59.29738 -4.912693 18 59.20458 -4.905 18.00865 58.51483 -9.762721 18.03213 57.43381 -14.54166 18.06925 55.9718 -19.21166 18.11824 54.14102 -23.74395 18.17652 51.95365 -28.11029 18.24337 49.42531 -32.28428 18.31612 46.57253 -36.24051 18.39266 46.57253 36.24051 18.39266 46.56399 36.23387 18.47106 49.40573 32.27149 18.39266 49.39667 32.26558 18.47106 46.65704 36.30628 18.17652 46.61928 36.27689 18.24337 49.45532 32.30389 18.24337 49.42531 32.28428 18.31612 51.92211 28.09323 18.31612 51.90155 28.0821 18.39266 54.04295 23.70095 18.39266 51.89204 28.07695 18.47106 54.03304 23.6966 18.47106 49.49538 32.33005 18.17652 51.95365 28.11029 18.24337 54.06436 23.71034 18.31612 55.81531 19.15794 18.39266 55.80508 19.15443 18.47106 49.54425 32.36198 18.11824 51.99573 28.13306 18.17652 54.0972 23.72474 18.24337 55.83742 19.16553 18.31612 57.20652 14.48411 18.39266 57.19603 14.48146 18.47106 59.00084 0 18.47106 58.7994 4.871432 18.4709 58.19641 9.709596 18.47106 52.33132 28.31463 18 52.24963 28.27044 18.00865 54.40539 23.8599 18.00865 54.32868 23.82625 18.03213 56.1104 19.25923 18.03213 56.03707 19.23406 18.06925 57.43381 14.54166 18.06925 57.36692 14.52472 18.11824 58.37028 9.738605 18.11824 58.31271 9.729 18.17652 58.91689 4.881165 18.17652 58.8692 4.877214 18.24337 59.07088 0 18.24337 59.03504 0 18.31612 58.83347 -4.874255 18.31612 58.81017 -4.872324 18.39266 58.20709 -9.711377 18.39266 58.79939 -4.871431 18.47106 58.19641 -9.709596 18.47106 56.27743 19.31656 18 56.18964 19.28643 18.00865 57.50897 14.56069 18.03213 58.43835 9.74996 18.06925 58.97506 4.885985 18.11824 59.11874 0 18.17652 58.8692 -4.877214 18.24337 58.23015 -9.715225 18.31612 57.20652 -14.48411 18.39266 57.19603 -14.48146 18.47106 58.0442 13.08213 18 57.68031 14.60408 18 58.68886 9.791755 18 57.59017 14.58125 18.00865 58.59745 9.776506 18.00865 58.51483 9.762721 18.03213 59.1211 4.898084 18.03213 59.04382 4.891682 18.06925 59.24611 0 18.06925 59.17711 0 18.11824 58.97506 -4.885985 18.11824 58.91689 -4.881165 18.17652 58.31271 -9.729 18.17652 58.26551 -9.721124 18.24337 57.26394 -14.49865 18.24337 57.22919 -14.48985 18.31612 55.83742 -19.16553 18.31612 55.81531 -19.15794 18.39266 54.04295 -23.70095 18.39266 55.80508 -19.15443 18.47106 54.03304 -23.6966 18.47106 59.04456 7.350944 18 59.2973 4.912681 18 59.20458 4.905 18.00865 59.32365 0 18.03213 59.04382 -4.891682 18.06925 58.37028 -9.738605 18.11824 57.31033 -14.5104 18.17652 55.87133 -19.17717 18.24337 54.06436 -23.71034 18.31612 51.90155 -28.0821 18.39266 51.89204 -28.07696 18.4709 59.47872 1.59429 18 59.5 4.39953e-6 18 59.40742 0 18.00865 59.1211 -4.898084 18.03213 58.43835 -9.74996 18.06925 57.36692 -14.52472 18.11824 55.91659 -19.19271 18.17652 54.0972 -23.72474 18.24337 51.92211 -28.09323 18.31612 49.40573 -32.27149 18.39266 49.39667 -32.26558 18.47106 46.28052 36.59389 18.5 46.56333 36.23336 18.5 49.39597 32.26512 18.5 50.21588 30.97362 18.5 51.8913 28.07656 18.5 53.47216 24.93448 18.5 54.03227 23.69626 18.5 55.80429 19.15416 18.5 56.00532 18.55814 18.5 57.19522 14.48125 18.5 57.7811 11.93084 18.5 58.19559 9.709458 18.5 58.77549 5.142189 18.5 58.79855 4.871361 18.5 59 0 18.5 58.97504 -1.715998 18.5 51.74864 29.36572 18 58.79855 -4.871361 18.5 58.37705 -8.550981 18.5 58.19559 -9.709458 18.5 57.19522 -14.48125 18.5 56.98962 -15.27032 18.5 56.49275 18.67774 18 55.80429 -19.15416 18.5 54.8315 -21.78316 18.5 54.03227 -23.69626 18.5 51.8913 -28.07656 18.5 49.39597 -32.26512 18.5 48.32997 -33.84101 18.5 59.35415 -4.170661 18 46.56399 -36.23387 18.47106 46.56333 -36.23336 18.5 44.07448 -39.22295 18.5 -41.28252 42.15538 18.12427 -41.7193 41.7193 18 -41.30263 42.13185 18.17006 -40.42247 42.97702 18.44767 -39.95417 43.41272 18.5 -39.95474 43.41335 18.4709 -41.49913 41.94048 18.05067 -40.10415 43.35986 18.25398 -40.20697 43.25289 18.26044 -40.19606 43.23574 18.30487 -40.08994 43.34138 18.30153 -39.98492 43.44614 18.2918 -40.00217 43.46488 18.24337 -40.14605 43.41093 18.16174 -40.14329 43.40793 18.16634 -40.08249 43.48147 18.15524 -41.31421 42.1333 18.06904 -41.49754 41.94372 18.03822 -41.06303 42.39893 18.10819 -41.06236 42.39252 18.12439 -40.91342 42.56019 18.12869 -40.84882 42.61907 18.15523 -40.85125 42.62782 18.13636 -40.63932 42.84582 18.17641 -40.64382 42.85581 18.15733 -40.53652 42.95898 18.18248 -40.43524 43.0719 18.185 -40.52055 42.99269 18.16555 -40.4411 43.08132 18.16875 -40.03457 43.50009 18.17652 -40.05023 43.5171 18.1511 -40.22107 43.27325 18.21776 -40.122 43.38214 18.20863 -40.41075 43.02238 18.29563 -40.4166 43.03667 18.25757 -40.62978 42.81855 18.23776 -40.62742 42.80716 18.26942 -40.8455 42.59912 18.20478 -40.84536 42.59057 18.23004 -40.34154 43.19261 18.17005 -40.33568 43.1845 18.1835 -40.42478 43.05323 18.22056 -40.63376 42.83145 18.20668 -40.84665 42.60863 18.17981 -41.06229 42.38555 18.14302 -41.0628 42.3791 18.16181 -40.24316 43.30262 18.16787 -40.23822 43.29659 18.17748 -40.32212 43.16353 18.22151 -41.27861 42.17055 18.07485 -41.27995 42.16271 18.09913 -41.28111 42.15893 18.11168 -40.406 43.00086 18.37322 -40.84809 42.57646 18.28099 -40.8509 42.57092 18.30645 -41.28609 42.149 18.14952 -40.40695 42.99365 18.41198 -39.96206 43.4213 18.39266 -40.18838 43.22193 18.35034 -39.97106 43.43108 18.34403 -39.97789 43.43851 18.31612 -40.40724 43.01043 18.33431 -40.84623 42.58301 18.25548 -43.26444 40.21481 18.23549 -43.27475 40.22209 18.2151 -43.50009 40.03457 18.17652 -43.50532 40.03939 18.16833 -43.41335 39.95474 18.4709 -43.41272 39.95417 18.5 -43.14748 40.24046 18.47922 -43.22358 40.18928 18.34501 -43.01148 40.40755 18.33091 -43.0236 40.41126 18.29236 -42.16271 41.28004 18.09878 -42.15536 41.2826 18.12395 -41.93745 41.50098 18.06315 -43.44561 40.11484 18.15881 -43.5171 40.05023 18.1511 -43.07253 40.43561 18.1839 -43.0811 40.44129 18.16875 -43.30257 40.2432 18.16787 -43.01239 40.50287 18.16641 -42.95952 40.5368 18.18148 -42.96882 40.542 18.16439 -42.84628 40.63952 18.1755 -42.82641 40.67041 18.1551 -42.61941 40.84891 18.15447 -42.62774 40.85133 18.13636 -42.39263 41.06247 18.12385 -42.39884 41.06311 18.10817 -42.17058 41.27858 18.07486 -41.96528 41.47651 18.04181 -43.23771 40.19728 18.29988 -43.44877 39.98734 18.28416 -43.43851 39.97789 18.31612 -43.00157 40.40608 18.37024 -43.21255 40.1843 18.39141 -43.4213 39.96206 18.39266 -43.43313 39.97295 18.33578 -43.41501 39.95627 18.44435 -42.99398 40.40688 18.41008 -42.78958 40.62739 18.33183 -42.79797 40.6267 18.2994 -42.3733 41.06393 18.18008 -42.5767 40.84801 18.28002 -42.14897 41.28615 18.14925 -42.38566 41.06239 18.14242 -43.41094 40.14603 18.16174 -43.40886 40.14397 18.16503 -43.2974 40.23876 18.17627 -43.28575 40.23007 18.19535 -43.06313 40.43019 18.20104 -43.05421 40.42532 18.2186 -43.46488 40.00217 18.24337 -43.2459 40.2024 18.27793 -43.46854 40.00553 18.23525 -43.25481 40.20824 18.25645 -43.47987 40.01596 18.21202 -43.03787 40.41719 18.25485 -42.80788 40.62757 18.26742 -42.81926 40.63 18.23601 -42.83208 40.63399 18.20532 -42.60902 40.84672 18.17886 -42.59953 40.84554 18.20368 -42.59097 40.84537 18.22886 -42.56639 40.85464 18.33177 -46.59098 36.25487 18.31612 -46.61928 36.27689 18.24337 -49.45532 32.30389 18.24337 -46.59098 -36.25487 18.31612 -56.1104 19.25923 18.03213 -56.18964 19.28643 18.00865 -57.59017 14.58125 18.00865 -43.91082 -39.7203 18.09246 -43.71623 -39.88162 18.12023 -46.7031 -36.34212 18.11824 -44.41893 39.31597 18.03377 -46.81876 36.43212 18.03213 -46.75757 36.3845 18.06925 -49.81475 32.53866 18 -46.95815 36.54059 18 -47.75118 35.49818 18 -52.33127 28.31461 18 -50.81961 30.94539 18 -54.49045 23.8972 18 -53.52315 25.99184 18 -58.67317 9.885045 18 -58.68883 9.791752 18 -58.67376 9.789238 18.00023 -54.47624 -23.89097 18.00023 -54.4904 -23.89718 18 -54.38594 -24.13404 18 -44.69791 39.10524 18.01234 -44.7282 39.08288 18.01058 -46.88487 36.48356 18.00865 -44.892 38.96377 18.00326 -45.02465 38.86968 18.00034 -43.71613 39.88172 18.12024 -43.91139 39.71983 18.09239 -46.7031 36.34212 18.11824 -44.07432 39.58744 18.07121 -44.30657 39.40317 18.04478 -44.07462 -39.5872 18.07117 -44.43058 -39.30701 18.0327 -44.30269 -39.40621 18.04518 -46.75757 -36.3845 18.06925 -44.75707 -39.06166 18.00902 -44.67829 -39.11978 18.01355 -46.81876 -36.43212 18.03213 -44.88994 -38.96526 18.00333 -46.88487 -36.48356 18.00865 -45.02962 -38.86619 18.00028 -46.95812 -36.54057 18 -45.0853 -38.82738 18 -57.46467 15.43116 18 -57.68035 14.60408 18 -56.27737 19.31654 18 -55.72348 20.8601 18 -54.40539 23.8599 18.00865 -54.32868 23.82625 18.03213 -54.25767 23.79511 18.06925 -52.24963 28.27044 18.00865 -52.17595 28.23057 18.03213 -52.10776 28.19367 18.06925 -52.04707 28.16084 18.11824 -49.73707 32.48793 18.00865 -49.66694 32.44211 18.03213 -49.60202 32.39971 18.06925 -49.54425 32.36198 18.11824 -49.49538 32.33005 18.17652 -58.59745 9.776506 18.00865 -57.50897 14.56069 18.03213 -56.03707 19.23406 18.06925 -54.19448 23.7674 18.11824 -51.99573 28.13306 18.17652 -46.65704 36.30628 18.17652 -45.0853 38.82738 18 -58.23015 -9.715225 18.31612 -58.26551 -9.721124 18.24337 -57.26394 -14.49865 18.24337 -57.31033 -14.5104 18.17652 -55.91659 -19.19271 18.17652 -55.9718 -19.21166 18.11824 -54.19448 -23.7674 18.11824 -54.25767 -23.79511 18.06925 -52.10776 -28.19367 18.06925 -52.17595 -28.23057 18.03213 -49.66694 -32.44211 18.03213 -49.73707 -32.48793 18.00865 -49.81469 -32.53863 18 -48.62561 -34.29049 18 -58.20709 -9.711377 18.39266 -57.22919 -14.48985 18.31612 -55.87133 -19.17717 18.24337 -54.14102 -23.74395 18.17652 -52.04707 -28.16084 18.11824 -49.60202 -32.39971 18.06925 -58.83347 -4.874255 18.31612 -58.81017 -4.872324 18.39266 -59.01166 0 18.39266 -59.29738 4.912693 18 -59.20458 4.905 18.00865 -58.51483 9.762721 18.03213 -57.43381 14.54166 18.06925 -55.9718 19.21166 18.11824 -54.14102 23.74395 18.17652 -51.95365 28.11029 18.24337 -49.42531 32.28428 18.31612 -46.57253 36.24051 18.39266 -46.57253 -36.24051 18.39266 -46.56399 -36.23387 18.47106 -49.40573 -32.27149 18.39266 -49.39667 -32.26558 18.47106 -46.65704 -36.30628 18.17652 -46.61928 -36.27689 18.24337 -49.45532 -32.30389 18.24337 -49.42531 -32.28428 18.31612 -51.92211 -28.09323 18.31612 -51.90155 -28.0821 18.39266 -54.04295 -23.70095 18.39266 -51.89204 -28.07695 18.47106 -54.03304 -23.6966 18.47106 -49.49538 -32.33005 18.17652 -51.95365 -28.11029 18.24337 -54.06436 -23.71034 18.31612 -55.81531 -19.15794 18.39266 -55.80508 -19.15443 18.47106 -49.54425 -32.36198 18.11824 -51.99573 -28.13306 18.17652 -54.0972 -23.72474 18.24337 -55.83742 -19.16553 18.31612 -57.20652 -14.48411 18.39266 -57.19603 -14.48146 18.47106 -59.00084 0 18.47106 -58.7994 -4.871432 18.4709 -58.19641 -9.709596 18.47106 -52.33132 -28.31463 18 -52.24963 -28.27044 18.00865 -54.40539 -23.8599 18.00865 -54.32868 -23.82625 18.03213 -56.1104 -19.25923 18.03213 -56.03707 -19.23406 18.06925 -57.43381 -14.54166 18.06925 -57.36692 -14.52472 18.11824 -58.37028 -9.738605 18.11824 -58.31271 -9.729 18.17652 -58.91689 -4.881165 18.17652 -58.8692 -4.877214 18.24337 -59.07088 0 18.24337 -59.03504 0 18.31612 -58.83347 4.874255 18.31612 -58.81017 4.872324 18.39266 -58.20709 9.711377 18.39266 -58.79939 4.871431 18.47106 -58.19641 9.709596 18.47106 -56.27743 -19.31656 18 -56.18964 -19.28643 18.00865 -57.50897 -14.56069 18.03213 -58.43835 -9.74996 18.06925 -58.97506 -4.885985 18.11824 -59.11874 0 18.17652 -58.8692 4.877214 18.24337 -58.23015 9.715225 18.31612 -57.20652 14.48411 18.39266 -57.19603 14.48146 18.47106 -58.0442 -13.08213 18 -57.68031 -14.60408 18 -58.68886 -9.791755 18 -57.59017 -14.58125 18.00865 -58.59745 -9.776506 18.00865 -58.51483 -9.762721 18.03213 -59.1211 -4.898084 18.03213 -59.04382 -4.891682 18.06925 -59.24611 0 18.06925 -59.17711 0 18.11824 -58.97506 4.885985 18.11824 -58.91689 4.881165 18.17652 -58.31271 9.729 18.17652 -58.26551 9.721124 18.24337 -57.26394 14.49865 18.24337 -57.22919 14.48985 18.31612 -55.83742 19.16553 18.31612 -55.81531 19.15794 18.39266 -54.04295 23.70095 18.39266 -55.80508 19.15443 18.47106 -54.03304 23.6966 18.47106 -59.04456 -7.350944 18 -59.2973 -4.912681 18 -59.20458 -4.905 18.00865 -59.32365 0 18.03213 -59.04382 4.891682 18.06925 -58.37028 9.738605 18.11824 -57.31033 14.5104 18.17652 -55.87133 19.17717 18.24337 -54.06436 23.71034 18.31612 -51.90155 28.0821 18.39266 -51.89204 28.07696 18.4709 -59.47872 -1.59429 18 -59.5 -4.39953e-6 18 -59.40742 0 18.00865 -59.1211 4.898084 18.03213 -58.43835 9.74996 18.06925 -57.36692 14.52472 18.11824 -55.91659 19.19271 18.17652 -54.0972 23.72474 18.24337 -51.92211 28.09323 18.31612 -49.40573 32.27149 18.39266 -49.39667 32.26558 18.47106 -46.28052 -36.59389 18.5 -46.56333 -36.23336 18.5 -49.39597 -32.26512 18.5 -50.21588 -30.97362 18.5 -51.8913 -28.07656 18.5 -53.47216 -24.93448 18.5 -54.03227 -23.69626 18.5 -55.80429 -19.15416 18.5 -56.00532 -18.55814 18.5 -57.19522 -14.48125 18.5 -57.7811 -11.93084 18.5 -58.19559 -9.709458 18.5 -58.77549 -5.142189 18.5 -58.79855 -4.871361 18.5 -59 0 18.5 -58.97504 1.715998 18.5 -51.74864 -29.36572 18 -58.79855 4.871361 18.5 -58.37705 8.550981 18.5 -58.19559 9.709458 18.5 -57.19522 14.48125 18.5 -56.98962 15.27032 18.5 -56.49275 -18.67774 18 -55.80429 19.15416 18.5 -54.8315 21.78316 18.5 -54.03227 23.69626 18.5 -51.8913 28.07656 18.5 -49.39597 32.26512 18.5 -48.32997 33.84101 18.5 -59.35415 4.170661 18 -46.56399 36.23387 18.47106 -46.56333 36.23336 18.5 -44.07448 39.22295 18.5 -36.24051 46.57253 18.39266 36.27689 46.61928 18.24337 -38.96526 44.88994 18.00333 -39.06166 44.75707 18.00902 -36.48356 46.88487 18.00865 -39.11978 44.67829 18.01355 -39.30701 44.43058 18.0327 -36.43212 46.81876 18.03213 -39.40621 44.30269 18.04518 -39.5872 44.07462 18.07117 -36.3845 46.75757 18.06925 -39.88162 43.71623 18.12023 36.54059 46.95815 18 38.86968 45.02465 18.00034 38.82738 45.0853 18 32.53866 49.81475 18 35.49818 47.75118 18 28.31461 52.33127 18 30.94539 50.81961 18 23.8972 54.49045 18 25.99184 53.52315 18 19.31654 56.27737 18 20.8601 55.72348 18 14.60408 57.68035 18 15.43116 57.46467 18 -4.39953e-6 59.5 18 4.912693 59.29738 18 4.170661 59.35415 18 -4.912681 59.2973 18 -1.59429 59.47872 18 -9.791755 58.68886 18 -7.350944 59.04456 18 -14.60408 57.68031 18 -13.08213 58.0442 18 -19.31656 56.27743 18 -18.67774 56.49275 18 -32.53863 49.81469 18 -28.31463 52.33132 18 -29.36572 51.74864 18 -36.54057 46.95812 18 -34.29049 48.62561 18 -23.89718 54.4904 18 -23.89097 54.47624 18.00023 -24.13404 54.38594 18 9.885045 58.67317 18 9.789238 58.67376 18.00023 9.791752 58.68883 18 36.43212 46.81876 18.03213 39.10524 44.69791 18.01234 39.08288 44.7282 18.01058 36.3845 46.75757 18.06925 39.40317 44.30657 18.04478 39.31597 44.41893 18.03377 39.88172 43.71613 18.12024 39.71983 43.91139 18.09239 36.34212 46.7031 18.11824 39.58744 44.07432 18.07121 -39.7203 43.91082 18.09246 -36.34212 46.7031 18.11824 -38.86619 45.02962 18.00028 38.96377 44.892 18.00326 36.48356 46.88487 18.00865 32.48793 49.73707 18.00865 28.27044 52.24963 18.00865 23.8599 54.40539 18.00865 19.28643 56.18964 18.00865 14.58125 57.59017 18.00865 9.776506 58.59745 18.00865 4.905 59.20458 18.00865 0 59.40742 18.00865 -4.905 59.20458 18.00865 -9.776506 58.59745 18.00865 -14.58125 57.59017 18.00865 -19.28643 56.18964 18.00865 -23.8599 54.40539 18.00865 -28.27044 52.24963 18.00865 -32.48793 49.73707 18.00865 -38.82738 45.0853 18 -32.44211 49.66694 18.03213 -28.23057 52.17595 18.03213 -23.82625 54.32868 18.03213 -19.25923 56.1104 18.03213 -14.56069 57.50897 18.03213 -9.762721 58.51483 18.03213 -4.898084 59.1211 18.03213 0 59.32365 18.03213 4.898084 59.1211 18.03213 9.762721 58.51483 18.03213 14.56069 57.50897 18.03213 19.25923 56.1104 18.03213 23.82625 54.32868 18.03213 28.23057 52.17595 18.03213 32.44211 49.66694 18.03213 -32.39971 49.60202 18.06925 -28.19367 52.10776 18.06925 -23.79511 54.25767 18.06925 -19.23406 56.03707 18.06925 -14.54166 57.43381 18.06925 -9.74996 58.43835 18.06925 -4.891682 59.04382 18.06925 0 59.24611 18.06925 4.891682 59.04382 18.06925 9.74996 58.43835 18.06925 14.54166 57.43381 18.06925 19.23406 56.03707 18.06925 23.79511 54.25767 18.06925 28.19367 52.10776 18.06925 32.39971 49.60202 18.06925 -32.36198 49.54425 18.11824 -28.16084 52.04707 18.11824 -23.7674 54.19448 18.11824 -19.21166 55.9718 18.11824 -14.52472 57.36692 18.11824 -9.738605 58.37028 18.11824 -4.885985 58.97506 18.11824 0 59.17711 18.11824 4.885985 58.97506 18.11824 9.738605 58.37028 18.11824 14.52472 57.36692 18.11824 19.21166 55.9718 18.11824 23.7674 54.19448 18.11824 28.16084 52.04707 18.11824 32.36198 49.54425 18.11824 -36.30628 46.65704 18.17652 -32.33005 49.49538 18.17652 -28.13306 51.99573 18.17652 -23.74395 54.14102 18.17652 -19.19271 55.91659 18.17652 -14.5104 57.31033 18.17652 -9.729 58.31271 18.17652 -4.881165 58.91689 18.17652 0 59.11874 18.17652 4.881165 58.91689 18.17652 9.729 58.31271 18.17652 14.5104 57.31033 18.17652 19.19271 55.91659 18.17652 23.74395 54.14102 18.17652 28.13306 51.99573 18.17652 32.33005 49.49538 18.17652 36.30628 46.65704 18.17652 -36.27689 46.61928 18.24337 -32.30389 49.45532 18.24337 -28.11029 51.95365 18.24337 -23.72474 54.0972 18.24337 -19.17717 55.87133 18.24337 -14.49865 57.26394 18.24337 -9.721124 58.26551 18.24337 -4.877214 58.8692 18.24337 0 59.07088 18.24337 4.877214 58.8692 18.24337 9.721124 58.26551 18.24337 14.49865 57.26394 18.24337 19.17717 55.87133 18.24337 23.72474 54.0972 18.24337 28.11029 51.95365 18.24337 32.30389 49.45532 18.24337 -36.25487 46.59098 18.31612 -32.28428 49.42531 18.31612 -28.09323 51.92211 18.31612 -23.71034 54.06436 18.31612 -19.16553 55.83742 18.31612 -14.48985 57.22919 18.31612 -9.715225 58.23015 18.31612 -4.874255 58.83347 18.31612 0 59.03504 18.31612 4.874255 58.83347 18.31612 9.715225 58.23015 18.31612 14.48985 57.22919 18.31612 19.16553 55.83742 18.31612 23.71034 54.06436 18.31612 28.09323 51.92211 18.31612 32.28428 49.42531 18.31612 36.25487 46.59098 18.31612 -32.27149 49.40573 18.39266 -28.0821 51.90155 18.39266 -23.70095 54.04295 18.39266 -19.15794 55.81531 18.39266 -14.48411 57.20652 18.39266 -9.711377 58.20709 18.39266 -4.872324 58.81017 18.39266 0 59.01166 18.39266 4.872324 58.81017 18.39266 9.711377 58.20709 18.39266 14.48411 57.20652 18.39266 19.15794 55.81531 18.39266 23.70095 54.04295 18.39266 28.0821 51.90155 18.39266 32.27149 49.40573 18.39266 36.24051 46.57253 18.39266 -39.22295 44.07448 18.5 -36.23387 46.56399 18.47106 -36.23336 46.56333 18.5 -33.84101 48.32997 18.5 -32.26558 49.39667 18.47106 -32.26512 49.39597 18.5 -28.07696 51.89204 18.4709 -28.07656 51.8913 18.5 -23.6966 54.03304 18.47106 -23.69626 54.03227 18.5 -21.78316 54.8315 18.5 -19.15443 55.80508 18.47106 -19.15416 55.80429 18.5 -15.27032 56.98962 18.5 -14.48146 57.19603 18.47106 -14.48125 57.19522 18.5 -9.709596 58.19641 18.47106 -9.709458 58.19559 18.5 -8.550981 58.37705 18.5 -4.871431 58.79939 18.47106 -4.871361 58.79855 18.5 -1.715998 58.97504 18.5 0 59.00084 18.47106 0 59 18.5 4.871432 58.7994 18.4709 4.871361 58.79855 18.5 5.142189 58.77549 18.5 9.709596 58.19641 18.47106 9.709458 58.19559 18.5 11.93084 57.7811 18.5 14.48146 57.19603 18.47106 14.48125 57.19522 18.5 18.55814 56.00532 18.5 19.15443 55.80508 18.47106 19.15416 55.80429 18.5 23.6966 54.03304 18.47106 23.69626 54.03227 18.5 24.93448 53.47216 18.5 28.07695 51.89204 18.47106 28.07656 51.8913 18.5 30.97362 50.21588 18.5 32.26558 49.39667 18.47106 32.26512 49.39597 18.5 36.23387 46.56399 18.47106 36.23336 46.56333 18.5 36.59389 46.28052 18.5 -48.7396 -38.94164 18 -47.36629 -38.69949 18 -51.25766 -40.11583 18 -73.89859 -3.872861 18 -73.08894 -11.57615 18 -71.47851 -19.15261 18 -69.08496 -26.51923 18 -57.77909 -44.68219 18 -65.93448 -33.5953 18 -62.06162 -40.30329 18 -45.9718 -38.69949 18 -48.89782 38.98578 18 -47.61138 38.72474 18 -46.29958 38.67758 18 -50.04999 -39.41859 18 -71.47851 19.15261 18 -51.25766 40.11583 18 -69.08496 26.51923 18 -57.77909 44.68219 18 -65.93448 33.5953 18 -50.12425 39.45368 18 -50.81962 30.9454 18 -73.08894 11.57615 18 -59.15202 -44.4639 18 -59.03827 -44.59101 18 -57.92666 -44.76776 18 -58.90457 -44.69694 18 -58.59335 -44.83364 18 -58.42489 -44.86043 18 -58.25432 -44.85819 18 -73.89859 3.872861 18 -58.75481 -44.77861 18 -58.08662 -44.82699 18 -58.08662 44.82699 18 -59.03827 44.59101 18 -57.92666 44.76776 18 -59.15202 44.4639 18 -62.06162 40.30329 18 -58.25432 44.85819 18 -58.42489 44.86043 18 -58.90457 44.69694 18 -58.59335 44.83364 18 -58.75481 44.77861 18 -55.72348 20.86011 18 -38.67758 46.29958 18 38.69949 47.36629 18 38.94164 48.7396 18 -3.872861 73.89859 18 39.41859 50.04999 18 3.872861 73.89859 18 40.11583 51.25766 18 11.57615 73.08894 18 30.9454 50.81962 18 -40.11583 51.25766 18 -39.45368 50.12425 18 -11.57615 73.08894 18 -38.98578 48.89782 18 -38.72474 47.61138 18 44.53496 59.09329 18 44.4639 59.15202 18 44.68219 57.77909 18 40.30329 62.06162 18 38.69949 45.9718 18 33.5953 65.93448 18 26.51923 69.08496 18 19.15261 71.47851 18 44.84679 58.17316 18 44.86297 58.34126 18 44.65 58.96966 18 -44.68219 57.77909 18 -40.30329 62.06162 18 -44.4639 59.15202 18 -19.15261 71.47851 18 -26.51923 69.08496 18 -33.5953 65.93448 18 44.57014 59.05978 18 44.73153 57.85697 18 44.80256 58.01018 18 44.85063 58.50969 18 44.81013 58.67364 18 44.74261 58.82843 18 -44.86043 58.42489 18 -44.85819 58.25432 18 20.86011 55.72348 18 -44.82699 58.08662 18 -44.76776 57.92666 18 -44.59101 59.03827 18 -44.69694 58.90457 18 -44.77861 58.75481 18 -44.83364 58.59335 18 48.7396 38.94164 18 47.36629 38.69949 18 45.9718 38.69949 18 51.25766 40.11583 18 73.89859 3.872861 18 73.08894 11.57615 18 62.06162 40.30329 18 59.15202 44.4639 18 57.77909 44.68219 18 48.89782 -38.98578 18 47.61138 -38.72474 18 46.29958 -38.67758 18 50.12425 -39.45368 18 50.81962 -30.9454 18 50.04999 39.41859 18 71.47851 -19.15261 18 51.25766 -40.11583 18 69.08496 -26.51923 18 57.77909 -44.68219 18 65.93448 -33.5953 18 62.06162 -40.30329 18 71.47851 19.15261 18 69.08496 26.51923 18 65.93448 33.5953 18 59.09329 44.53496 18 59.05978 44.57014 18 57.85697 44.73153 18 58.96966 44.65 18 73.08894 -11.57615 18 59.15202 -44.4639 18 57.92666 -44.76776 18 59.03827 -44.59101 18 73.89859 -3.872861 18 58.82843 44.74261 18 58.67364 44.81013 18 58.50969 44.85063 18 58.34126 44.86297 18 58.17316 44.84679 18 58.01018 44.80256 18 58.08662 -44.82699 18 58.75481 -44.77861 18 58.90457 -44.69694 18 58.25432 -44.85819 18 58.42489 -44.86043 18 58.59335 -44.83364 18 55.72348 -20.86011 18 -38.69949 -47.36629 18 -38.69949 -45.9718 18 3.872861 -73.89859 18 -39.41859 -50.04999 18 -3.872861 -73.89859 18 -40.11583 -51.25766 18 -11.57615 -73.08894 18 -19.15261 -71.47851 18 -38.94164 -48.7396 18 38.98578 -48.89782 18 38.72474 -47.61138 18 -30.9454 -50.81962 18 11.57615 -73.08894 18 39.45368 -50.12425 18 38.67758 -46.29958 18 -26.51923 -69.08496 18 -44.68219 -57.77909 18 -33.5953 -65.93448 18 -44.76776 -57.92666 18 -44.4639 -59.15202 18 -40.30329 -62.06162 18 40.11583 -51.25766 18 26.51923 -69.08496 18 44.68219 -57.77909 18 33.5953 -65.93448 18 40.30329 -62.06162 18 19.15261 -71.47851 18 -44.77861 -58.75481 18 -44.82699 -58.08662 18 -44.69694 -58.90457 18 -44.59101 -59.03827 18 44.83364 -58.59335 18 44.86043 -58.42489 18 44.85819 -58.25432 18 -20.86011 -55.72348 18 -44.85819 -58.25432 18 -44.86043 -58.42489 18 -44.83364 -58.59335 18 44.77861 -58.75481 18 44.4639 -59.15202 18 44.59101 -59.03827 18 44.76776 -57.92666 18 44.82699 -58.08662 18 44.69694 -58.90457 18 -45.50134 -57.20552 17 -45.67247 -57.50065 17 -45.79095 -57.82057 17 -45.85334 -58.15597 17 -45.85781 -58.49711 17 -45.80424 -58.83403 17 -45.69419 -59.15695 17 -45.53086 -59.45647 17 -45.31899 -59.72387 17 -45.06476 -59.95137 17 -40.93498 -50.68408 17 -39.4121 -44.9653 17.50713 -39.31688 -45.18416 17.50062 -39.07152 -45.13461 17.75093 -39.18738 -44.92856 17.75581 -39.30905 -44.72306 17.76942 -40.25144 -43.48356 17.80262 -39.98386 -43.89586 17.68527 -39.56948 -44.31277 17.81801 -40.1243 -44.18584 17.17547 -39.90376 -44.32522 17.36222 -40.11621 -43.88807 17.48121 -39.51386 -44.74833 17.52529 -39.73662 -44.31899 17.59011 -39.80759 -45.28327 17 -39.56223 -45.23372 17.25031 -39.86153 -45.03878 17.00977 -39.63682 -45.00204 17.25845 -39.90769 -44.85684 17.02894 -39.71868 -44.77361 17.28116 -39.80769 -44.54807 17.31627 -39.99332 -44.56318 17.07917 -39.93525 -44.75698 17.04345 -40.45316 -43.44993 17.45328 -40.32633 -43.70765 17.34334 -40.24855 -43.88029 17.27715 -39.69568 -46.05895 17 -40.32489 -49.62738 17 -39.90756 -48.48078 17 -39.69568 -47.27914 17 -41.34947 -42.11909 17.88556 -40.72634 -42.96982 17.63416 -40.55323 -43.26364 17.53051 -40.67041 -42.82641 18.1551 -40.9347 -42.65441 17.73221 -41.01437 -42.54296 17.76497 -45.23378 -39.56253 17.25 -45.18429 -39.31748 17.5 -45.13479 -39.07243 17.75 -45.28327 -39.80759 17 -46.05895 -39.69568 17 -47.27914 -39.69568 17 -48.48078 -39.90756 17 -49.62738 -40.32489 17 -50.68408 -40.93498 17 -44.92651 -39.18948 17.75499 -44.99964 -39.63793 17.25832 -45.0362 -39.86215 17.00999 -44.85702 -39.90764 17.02892 -44.79224 -39.92534 17.03801 -44.76903 -39.72067 17.28145 -44.54293 -39.81006 17.31694 -44.3148 -39.73936 17.59035 -44.30875 -39.57278 17.81777 -44.71898 -39.31233 17.76887 -44.744 -39.51651 17.52516 -44.96307 -39.4137 17.50666 -44.5578 -39.99502 17.08032 -44.19496 -40.12084 17.17274 -44.32085 -39.90593 17.36294 -43.87965 -40.24882 17.27739 -43.88744 -40.11669 17.48115 -43.70785 -40.32623 17.34325 -43.48352 -40.25169 17.80219 -43.47133 -40.44212 17.44366 -43.44993 -40.45316 17.45328 -43.89524 -39.98456 17.68492 -42.14349 -41.32869 17.87868 -41.85175 -41.5903 17.96149 -42.65435 -40.93475 17.73222 -42.92156 -40.75666 17.64984 -42.98708 -40.71564 17.62848 -42.53899 -41.01727 17.76612 -57.20552 -45.50134 17 -59.95137 -45.06476 17 -59.72387 -45.31899 17 -59.45647 -45.53086 17 -59.15695 -45.69419 17 -58.83403 -45.80424 17 -58.49711 -45.85781 17 -58.15597 -45.85334 17 -57.82057 -45.79095 17 -57.50065 -45.67247 17 57.20552 -45.50134 17 57.50065 -45.67247 17 57.82057 -45.79095 17 58.15597 -45.85334 17 58.49711 -45.85781 17 58.83403 -45.80424 17 59.15695 -45.69419 17 59.45647 -45.53086 17 59.72387 -45.31899 17 59.95137 -45.06476 17 50.68408 -40.93498 17 40.75666 -42.92156 17.64984 40.71564 -42.98708 17.62848 41.32869 -42.14349 17.87868 41.5903 -41.85175 17.96149 40.25169 -43.48352 17.80219 40.45316 -43.44993 17.45328 40.6604 -43.07792 17.59786 41.01727 -42.53899 17.76612 42.11909 -41.34947 17.88556 42.54296 -41.01437 17.76497 43.26364 -40.55323 17.53051 43.07662 -40.66117 17.59831 42.96982 -40.72634 17.63416 43.48356 -40.25144 17.80262 43.44993 -40.45316 17.45328 44.9653 -39.4121 17.50713 45.18416 -39.31688 17.50062 45.13461 -39.07152 17.75093 44.10547 -40.15536 17.20024 44.18584 -40.1243 17.17547 44.32522 -39.90376 17.36222 44.92856 -39.18738 17.75581 44.72306 -39.30905 17.76942 43.89586 -39.98386 17.68527 44.31277 -39.56948 17.81801 44.74833 -39.51386 17.52529 44.31899 -39.73662 17.59011 45.28327 -39.80759 17 45.23372 -39.56223 17.25031 45.20622 -39.8236 17.001 45.00204 -39.63682 17.25845 44.54807 -39.80769 17.31627 44.56318 -39.99332 17.07917 44.77361 -39.71868 17.28116 44.75698 -39.93525 17.04345 45.03878 -39.86153 17.00977 43.88029 -40.24855 17.27715 43.88807 -40.11621 17.48121 46.34576 -39.67652 17 49.69235 -40.3556 17 48.61922 -39.94619 17 47.49359 -39.71778 17 39.56253 -45.23378 17.25 39.31748 -45.18429 17.5 39.07243 -45.13479 17.75 39.80759 -45.28327 17 39.67652 -46.34576 17 39.71778 -47.49359 17 39.94619 -48.61922 17 40.3556 -49.69235 17 40.93498 -50.68408 17 39.18948 -44.92651 17.75499 39.82359 -45.20627 17.001 39.86215 -45.0362 17.00999 39.63793 -44.99964 17.25832 39.92534 -44.79224 17.03801 39.72067 -44.76903 17.28145 39.81006 -44.54293 17.31694 39.73936 -44.3148 17.59035 39.57278 -44.30875 17.81777 39.31233 -44.71898 17.76887 39.51651 -44.744 17.52516 39.4137 -44.96307 17.50666 39.99502 -44.5578 17.08032 40.12084 -44.19496 17.17274 39.90593 -44.32085 17.36294 40.1554 -44.10536 17.20026 40.11669 -43.88744 17.48115 40.44212 -43.47133 17.44366 40.24882 -43.87965 17.27739 39.98456 -43.89524 17.68492 45.50134 -57.20552 17 45.06476 -59.95137 17 45.31899 -59.72387 17 45.53086 -59.45647 17 45.69419 -59.15695 17 45.80424 -58.83403 17 45.85781 -58.49711 17 45.85334 -58.15597 17 45.79095 -57.82057 17 45.67247 -57.50065 17 45.50134 57.20552 17 40.93498 50.68408 17 42.14349 41.32869 17.87868 41.85175 41.5903 17.96149 43.48352 40.25169 17.80219 42.65435 40.93475 17.73222 42.92156 40.75666 17.64984 42.98708 40.71564 17.62848 43.44993 40.45316 17.45328 42.53899 41.01727 17.76612 41.34947 42.11909 17.88556 40.72634 42.96982 17.63416 40.55323 43.26364 17.53051 40.25144 43.48356 17.80262 40.45316 43.44993 17.45328 40.9347 42.65441 17.73221 41.01437 42.54296 17.76497 39.4121 44.9653 17.50713 39.31688 45.18416 17.50062 39.07152 45.13461 17.75093 39.18738 44.92856 17.75581 39.30905 44.72306 17.76942 39.98386 43.89586 17.68527 39.56948 44.31277 17.81801 40.1243 44.18584 17.17547 39.90376 44.32522 17.36222 40.11621 43.88807 17.48121 39.51386 44.74833 17.52529 39.73662 44.31899 17.59011 39.80759 45.28327 17 39.56223 45.23372 17.25031 39.86153 45.03878 17.00977 39.63682 45.00204 17.25845 39.90769 44.85684 17.02894 39.71868 44.77361 17.28116 39.80769 44.54807 17.31627 39.99332 44.56318 17.07917 39.93525 44.75698 17.04345 40.32633 43.70765 17.34334 40.24855 43.88029 17.27715 39.69568 46.05895 17 40.32489 49.62738 17 39.90756 48.48078 17 39.69568 47.27914 17 45.23378 39.56253 17.25 45.18429 39.31748 17.5 45.13479 39.07243 17.75 45.28327 39.80759 17 46.05895 39.69568 17 47.27914 39.69568 17 48.48078 39.90756 17 49.62738 40.32489 17 50.68408 40.93498 17 44.92651 39.18948 17.75499 44.99964 39.63793 17.25832 45.0362 39.86215 17.00999 44.85702 39.90764 17.02892 44.79224 39.92534 17.03801 44.76903 39.72067 17.28145 44.54293 39.81006 17.31694 44.3148 39.73936 17.59035 44.30875 39.57278 17.81777 44.71898 39.31233 17.76887 44.744 39.51651 17.52516 44.96307 39.4137 17.50666 44.5578 39.99502 17.08032 44.19496 40.12084 17.17274 44.32085 39.90593 17.36294 43.87965 40.24882 17.27739 43.88744 40.11669 17.48115 43.70785 40.32623 17.34325 43.47133 40.44212 17.44366 43.89524 39.98456 17.68492 57.20552 45.50134 17 -45.06476 59.95137 17 -45.31899 59.72387 17 -45.53086 59.45647 17 -45.69419 59.15695 17 -45.80424 58.83403 17 -45.85781 58.49711 17 -45.85334 58.15597 17 -45.79095 57.82057 17 -45.67247 57.50065 17 -45.50134 57.20552 17 -57.20552 45.50134 17 -57.50065 45.67247 17 -57.82057 45.79095 17 -58.15597 45.85334 17 -58.49711 45.85781 17 -58.83403 45.80424 17 -59.15695 45.69419 17 -59.45647 45.53086 17 -59.72387 45.31899 17 -59.95137 45.06476 17 -50.68408 40.93498 17 -40.75666 42.92156 17.64984 -40.71564 42.98708 17.62848 -41.32869 42.14349 17.87868 -41.5903 41.85175 17.96149 -40.25169 43.48352 17.80219 -40.45316 43.44993 17.45328 -40.6604 43.07792 17.59786 -41.01727 42.53899 17.76612 -42.11909 41.34947 17.88556 -42.54296 41.01437 17.76497 -43.26364 40.55323 17.53051 -43.07662 40.66117 17.59831 -42.96982 40.72634 17.63416 -43.48356 40.25144 17.80262 -43.44993 40.45316 17.45328 -44.9653 39.4121 17.50713 -45.18416 39.31688 17.50062 -45.13461 39.07152 17.75093 -44.10547 40.15536 17.20024 -44.18584 40.1243 17.17547 -44.32522 39.90376 17.36222 -44.92856 39.18738 17.75581 -44.72306 39.30905 17.76942 -43.89586 39.98386 17.68527 -44.31277 39.56948 17.81801 -44.74833 39.51386 17.52529 -44.31899 39.73662 17.59011 -45.28327 39.80759 17 -45.23372 39.56223 17.25031 -45.20622 39.8236 17.001 -45.00204 39.63682 17.25845 -44.54807 39.80769 17.31627 -44.56318 39.99332 17.07917 -44.77361 39.71868 17.28116 -44.75698 39.93525 17.04345 -45.03878 39.86153 17.00977 -43.88029 40.24855 17.27715 -43.88807 40.11621 17.48121 -46.34576 39.67652 17 -49.69235 40.3556 17 -48.61922 39.94619 17 -47.49359 39.71778 17 -39.56253 45.23378 17.25 -39.31748 45.18429 17.5 -39.07243 45.13479 17.75 -39.80759 45.28327 17 -39.67652 46.34576 17 -39.71778 47.49359 17 -39.94619 48.61922 17 -40.3556 49.69235 17 -40.93498 50.68408 17 -39.18948 44.92651 17.75499 -39.82359 45.20627 17.001 -39.86215 45.0362 17.00999 -39.63793 44.99964 17.25832 -39.92534 44.79224 17.03801 -39.72067 44.76903 17.28145 -39.81006 44.54293 17.31694 -39.73936 44.3148 17.59035 -39.57278 44.30875 17.81777 -39.31233 44.71898 17.76887 -39.51651 44.744 17.52516 -39.4137 44.96307 17.50666 -39.99502 44.5578 17.08032 -40.12084 44.19496 17.17274 -39.90593 44.32085 17.36294 -40.1554 44.10536 17.20026 -40.11669 43.88744 17.48115 -40.44212 43.47133 17.44366 -40.24882 43.87965 17.27739 -39.98456 43.89524 17.68492 -1.267855 63.28107 9 -1.720729 63.54254 9 1.720729 68.45745 9 -0.7764571 63.10222 9 -2.12132 63.87868 9 -2.457456 64.27928 9 1.267855 68.71893 9 1.267855 63.28107 9 0.7764571 63.10222 9 2.457456 67.72073 9 0.2614672 63.01141 9 2.12132 68.12133 9 -0.2614672 63.01141 9 -0.2614672 68.98859 9 -0.7764571 68.89778 9 -1.267855 68.71893 9 2.718923 64.73214 9 2.457456 64.27928 9 0.2614672 68.98859 9 0.7764571 68.89778 9 2.12132 63.87868 9 1.720729 63.54254 9 -2.457456 67.72073 9 -2.12132 68.12133 9 -1.720729 68.45745 9 -2.897778 66.77645 9 -2.897778 65.22354 9 -2.988584 66.26147 9 -2.988584 65.73854 9 -2.718923 64.73214 9 -2.718923 67.26786 9 2.897778 66.77645 9 2.988584 66.26147 9 2.988584 65.73854 9 2.718923 67.26786 9 2.897778 65.22354 9 0.7764571 -63.10222 9 1.267855 -63.28107 9 -2.12132 -68.12133 9 -1.267855 -68.71893 9 -1.720729 -68.45745 9 2.12132 -63.87868 9 1.720729 -63.54254 9 -1.267855 -63.28107 9 -0.7764571 -63.10222 9 -2.457456 -67.72073 9 -0.2614672 -63.01141 9 0.2614672 -63.01141 9 2.12132 -68.12133 9 1.720729 -68.45745 9 1.267855 -68.71893 9 0.7764571 -68.89778 9 0.2614672 -68.98859 9 -0.2614672 -68.98859 9 -0.7764571 -68.89778 9 -2.457456 -64.27928 9 -2.12132 -63.87868 9 -1.720729 -63.54254 9 -2.897778 -65.22354 9 -2.897778 -66.77645 9 -2.988584 -65.73854 9 -2.988584 -66.26147 9 -2.718923 -67.26786 9 -2.718923 -64.73214 9 2.457456 -64.27928 9 2.718923 -67.26786 9 2.457456 -67.72073 9 2.897778 -65.22354 9 2.988584 -65.73854 9 2.988584 -66.26147 9 2.718923 -64.73214 9 2.897778 -66.77645 9 -62.90029 -40.84793 17 -66.82549 -34.04928 17 -70.01853 -26.8776 17 -72.44445 -19.41143 17 -74.07662 -11.73258 17 -74.89722 -3.925197 17 -74.89722 3.925197 17 -74.07662 11.73258 17 -72.44445 19.41143 17 -70.01853 26.8776 17 -66.82549 34.04928 17 -62.90029 40.84793 17 -40.84793 62.90029 17 -34.04928 66.82549 17 -26.8776 70.01853 17 -19.41143 72.44445 17 -11.73258 74.07662 17 -3.925197 74.89722 17 3.925197 74.89722 17 11.73258 74.07662 17 19.41143 72.44445 17 26.8776 70.01853 17 34.04928 66.82549 17 40.84793 62.90029 17 45.06476 59.95137 17 -74.12152 -6.999997 8.992767 -74.16445 -7.001842 8.99277 -74.12152 -7 9 -74.16806 -6.968309 9.682579 -74.12516 -6.966432 9.682817 -74.13297 -6.893624 10.21554 -74.17879 -6.867538 10.36479 -74.13595 -6.865573 10.36525 -74.19613 -6.701617 11.02858 -74.15341 -6.699516 11.02919 -74.1659 -6.577876 11.39418 -74.21949 -6.471191 11.67379 -74.1769 -6.468929 11.6745 -74.24817 -6.176321 12.29823 -74.20575 -6.173888 12.29896 -74.21633 -6.062172 12.50002 -74.28067 -5.824135 12.88646 -74.23844 -5.821551 12.8871 -74.31582 -5.41739 13.43598 -74.27378 -5.414699 13.43646 -74.42453 -3.89663 14.81725 -74.34776 -4.443035 14.4093 -74.38939 -4.44573 14.40934 -74.34385 -4.499571 14.36236 -74.3526 -4.955517 13.94646 -74.31078 -4.952782 13.94671 -74.27814 -5.362367 13.49957 -74.48567 -2.684168 15.46676 -74.41573 -3.306279 15.16997 -74.457 -3.308613 15.17066 -74.40556 -3.500019 15.06217 -74.38308 -3.894066 14.81689 -74.52638 -1.374266 15.86548 -74.46803 -2.03707 15.69713 -74.50902 -2.038659 15.6984 -74.45583 -2.394178 15.57788 -74.44456 -2.682164 15.46576 -74.53729 0.6805879 15.9686 -74.5 -0.003402352 16 -74.54084 -0.003405213 16.00167 -74.49629 -0.691275 15.96559 -74.53713 -0.6918414 15.96721 -74.48861 -1.215545 15.89362 -74.48548 -1.37316 15.864 -74.50924 2.031354 15.70054 -74.48576 1.359744 15.86666 -74.52666 1.360839 15.86816 -74.48862 1.215551 15.89366 -74.49644 0.68003 15.96697 -74.45764 3.295899 15.17746 -74.44487 2.674542 15.46891 -74.48598 2.676541 15.46992 -74.45583 2.394166 15.57784 -74.46825 2.02977 15.69926 -74.34385 4.499572 14.36237 -74.34815 4.437401 14.41393 -74.38977 4.440095 14.41397 -74.38358 3.88578 14.82243 -74.42501 3.888341 14.82279 -74.40556 3.500008 15.06215 -74.41638 3.293572 15.17676 -74.31143 4.944151 13.95534 -74.35326 4.946887 13.95509 -74.27814 5.362169 13.49939 -74.31649 5.409194 13.44554 -74.27445 5.406504 13.44602 -74.28105 5.819977 12.89268 -74.23881 5.817392 12.89332 -74.21633 6.062224 12.50005 -74.24858 6.172163 12.30618 -74.20616 6.169727 12.3069 -74.22004 6.465648 11.68717 -74.17745 6.463382 11.68788 -74.1659 6.577812 11.39416 -74.1964 6.698948 11.03709 -74.15367 6.696847 11.03771 -74.17893 6.866142 10.3718 -74.1361 6.864176 10.37226 -74.13297 6.893665 10.21555 -74.16816 6.967332 9.695179 -74.12527 6.965454 9.695422 -74.16445 7.001842 9.007108 -74.12152 6.999997 9.007111 -74.62152 -7.502823 8.992299 -74.61898 -7.550332 8.99225 -74.62265 -7.514129 9.73159 -74.61936 -7.453471 8.99235 -74.62513 -7.466871 9.726935 -74.61201 -7.402928 8.992402 -74.62294 -7.417782 9.722146 -74.59911 -7.351979 8.992453 -74.61555 -7.367509 9.717291 -74.58044 -7.301519 8.992503 -74.60261 -7.316833 9.712452 -74.55598 -7.252512 8.99255 -74.58392 -7.266641 9.707718 -74.52592 -7.20594 8.992596 -74.55944 -7.217894 9.703182 -74.49066 -7.162739 8.992637 -74.52937 -7.171563 9.698938 -74.45082 -7.123744 8.992673 -74.49411 -7.128582 9.695074 -74.40718 -7.089632 8.992704 -74.45429 -7.089778 9.691663 -74.36066 -7.060887 8.992729 -74.41067 -7.055826 9.688765 -74.31219 -7.037775 8.992747 -74.36417 -7.027204 9.686419 -74.26274 -7.020353 8.99276 -74.31572 -7.004181 9.684639 -74.21322 -7.008477 8.992768 -74.2663 -6.986811 9.683424 -74.21681 -6.974956 9.68275 -74.63351 -7.40534 10.46277 -74.63586 -7.358829 10.45347 -74.65108 -7.226227 11.17413 -74.6532 -7.180942 11.16036 -74.67473 -6.977511 11.86554 -74.67656 -6.933912 11.84744 -74.70378 -6.659275 12.5346 -74.70526 -6.617813 12.51237 -74.73668 -6.279238 13.16475 -74.73774 -6.240298 13.13869 -74.77227 -5.8404 13.75335 -74.7729 -5.804336 13.72377 -74.8095 -5.342166 14.30005 -74.80969 -5.309326 14.26723 -74.84674 -4.792344 14.79568 -74.84648 -4.763011 14.75999 -74.8823 -4.200214 15.23239 -74.88162 -4.174614 15.1942 -74.89698 -3.929702 15.40412 -74.9141 -3.544563 15.57037 -74.91516 -3.566217 15.61068 -74.94419 -2.893034 15.9276 -74.94277 -2.875526 15.88552 -74.96781 -2.197224 16.17549 -74.96614 -2.183961 16.13205 -74.98538 -1.481117 16.35428 -74.98349 -1.472195 16.30987 -74.99626 -0.7456226 16.46313 -74.99426 -0.7411357 16.41813 -75 -0.003669857 16.5 -74.99796 -0.003647804 16.4548 -74.99642 0.7334935 16.46461 -74.99441 0.7290803 16.4196 -74.98567 1.466646 16.35714 -74.98377 1.457812 16.31272 -74.96804 2.189349 16.17778 -74.96636 2.176135 16.13432 -74.9445 2.884812 15.93098 -74.94309 2.867355 15.88888 -74.91582 3.55251 15.61796 -74.91475 3.530941 15.5776 -74.89698 3.929685 15.40409 -74.88211 4.165732 15.2001 -74.8828 4.191277 15.23832 -74.84712 4.786267 14.80064 -74.84687 4.756973 14.76492 -74.81017 5.332857 14.30929 -74.81034 5.300076 14.27642 -74.77294 5.831559 13.76359 -74.77356 5.795551 13.73394 -74.73706 6.274752 13.17142 -74.73812 6.235842 13.14531 -74.70419 6.654788 12.54311 -74.70565 6.613355 12.52083 -74.67529 6.971529 11.87987 -74.67711 6.927969 11.86169 -74.65135 7.223349 11.18325 -74.65347 7.178081 11.16942 -74.63366 7.403833 10.47027 -74.636 7.357332 10.46093 -74.62275 7.513073 9.745095 -74.62524 7.465823 9.740353 -74.61898 7.550332 9.007618 -74.62152 7.502823 9.00757 -74.63352 -7.310521 10.44391 -74.65066 -7.133915 11.14619 -74.67375 -6.888648 11.82884 -74.70211 -6.574779 12.48953 -74.73422 -6.199898 13.11191 -74.76897 -5.766933 13.69337 -74.80535 -5.275279 14.23354 -74.84172 -4.732613 14.72336 -74.87647 -4.148093 15.15502 -74.9086 -3.522138 15.52901 -74.93697 -2.8574 15.84236 -74.96007 -2.170233 16.08751 -74.97724 -1.462962 16.26433 -74.98789 -0.7364931 16.37199 -74.99155 -0.003624975 16.40846 -74.98804 0.7245139 16.37346 -74.97753 1.448669 16.26716 -74.96029 2.162458 16.08977 -74.93728 2.84928 15.84571 -74.90924 3.508604 15.5362 -74.87696 4.139269 15.16088 -74.8421 4.726615 14.72825 -74.80599 5.266093 14.24267 -74.76963 5.758207 13.70349 -74.73459 6.195472 13.1185 -74.70249 6.570354 12.49794 -74.67429 6.882747 11.84299 -74.65093 7.131074 11.15519 -74.63368 7.309035 10.45132 -74.62303 7.416741 9.735476 -74.61936 7.453471 9.007519 -74.62603 -7.261051 10.43422 -74.64299 -7.085763 11.13183 -74.66582 -6.842307 11.80998 -74.69387 -6.530733 12.46638 -74.72566 -6.158555 13.08479 -74.76005 -5.728667 13.66259 -74.79606 -5.240455 14.19942 -74.83208 -4.701528 14.68627 -74.86648 -4.120978 15.11535 -74.8983 -3.499216 15.48715 -74.92639 -2.838876 15.79869 -74.94927 -2.156206 16.04244 -74.96629 -1.453529 16.21826 -74.97684 -0.7317501 16.32531 -74.98046 -0.00360161 16.36158 -74.97698 0.7198489 16.32677 -74.96657 1.439329 16.22108 -74.9495 2.148483 16.04468 -74.9267 2.83081 15.80202 -74.89893 3.485773 15.4943 -74.86697 4.112215 15.12118 -74.83245 4.69557 14.69113 -74.7967 5.231332 14.2085 -74.76071 5.72 13.67265 -74.72603 6.15416 13.09133 -74.69427 6.52634 12.47474 -74.66636 6.83645 11.82404 -74.64325 7.082943 11.14077 -74.62618 7.259576 10.44158 -74.61565 7.366476 9.730532 -74.61201 7.402928 9.00747 -74.61301 -7.211185 10.42456 -74.62981 -7.037228 11.11752 -74.65244 -6.7956 11.79119 -74.68025 -6.48634 12.44331 -74.71176 -6.116888 13.05774 -74.74585 -5.690104 13.63191 -74.78156 -5.205364 14.16541 -74.81726 -4.670207 14.64929 -74.85139 -4.09366 15.07581 -74.88295 -3.476123 15.44542 -74.91082 -2.820214 15.75516 -74.93352 -2.142077 15.9975 -74.9504 -1.444027 16.17233 -74.96087 -0.7269727 16.27878 -74.96446 -0.003578126 16.31484 -74.96101 0.7151497 16.28023 -74.95067 1.42992 16.17513 -74.93374 2.134405 15.99974 -74.91112 2.812202 15.75846 -74.88358 3.46277 15.45253 -74.85187 4.084956 15.0816 -74.81764 4.664291 14.65413 -74.78219 5.196304 14.17443 -74.7465 5.681498 13.6419 -74.71212 6.112526 13.06425 -74.68064 6.481978 12.45162 -74.65297 6.789787 11.80516 -74.63007 7.034428 11.1264 -74.61315 7.209722 10.43187 -74.60272 7.315807 9.725604 -74.59911 7.351979 9.007419 -74.59424 -7.161796 10.41511 -74.61092 -6.989151 11.10351 -74.6334 -6.74933 11.7728 -74.66102 -6.442358 12.42072 -74.69232 -6.075603 13.03127 -74.72619 -5.651888 13.60186 -74.76166 -5.170583 14.13209 -74.79715 -4.639159 14.61306 -74.83106 -4.066576 15.03705 -74.86242 -3.453226 15.40451 -74.89012 -2.801708 15.71247 -74.91269 -2.128063 15.95344 -74.92947 -1.434603 16.12729 -74.93988 -0.7222343 16.23314 -74.94345 -0.003554821 16.26901 -74.94002 0.7104888 16.23458 -74.92974 1.420588 16.13007 -74.91291 2.120443 15.95567 -74.89043 2.793749 15.71576 -74.86305 3.439963 15.41158 -74.83154 4.057931 15.04281 -74.79752 4.633284 14.61787 -74.76229 5.161587 14.14105 -74.72684 5.643342 13.61179 -74.69268 6.071272 13.03773 -74.66141 6.438028 12.42898 -74.63393 6.74356 11.78667 -74.61119 6.986371 11.11233 -74.59438 7.160343 10.42238 -74.58403 7.265624 9.720782 -74.58044 7.301519 9.007369 -74.56971 -7.113821 10.40605 -74.58633 -6.942442 11.09008 -74.6087 -6.704365 11.75516 -74.6362 -6.399601 12.39906 -74.66737 -6.035452 13.00586 -74.7011 -5.614708 13.573 -74.73642 -5.136731 14.10008 -74.77175 -4.608928 14.57823 -74.80554 -4.040194 14.99978 -74.83678 -3.430915 15.36515 -74.86437 -2.783671 15.67139 -74.88684 -2.114402 15.91102 -74.90357 -1.425413 16.08391 -74.91393 -0.7176136 16.18918 -74.91749 -0.003532111 16.22485 -74.91407 0.7059437 16.19062 -74.90383 1.411488 16.08668 -74.88707 2.106831 15.91323 -74.86467 2.775764 15.67465 -74.8374 3.417739 15.37218 -74.80602 4.031608 15.00551 -74.77213 4.603093 14.58302 -74.73705 5.127798 14.10899 -74.70174 5.606221 13.58288 -74.66773 6.031152 13.01228 -74.63659 6.395303 12.40726 -74.60923 6.698637 11.76895 -74.58658 6.939682 11.09885 -74.56986 7.112378 10.41327 -74.55954 7.216884 9.716162 -74.55598 7.252512 9.007322 -74.53962 -7.068214 10.39758 -74.5562 -6.898025 11.07751 -74.57853 -6.661584 11.73864 -74.60598 -6.358898 12.37875 -74.6371 -5.997206 12.98202 -74.67076 -5.579267 13.5459 -74.70603 -5.104439 14.06999 -74.74131 -4.58007 14.54547 -74.77503 -4.014994 14.96469 -74.80622 -3.409589 15.32807 -74.83377 -2.766421 15.63265 -74.85622 -2.101331 15.871 -74.8729 -1.416618 16.04297 -74.88326 -0.7131904 16.14769 -74.88681 -0.003510355 16.18317 -74.88339 0.7015926 16.14911 -74.87317 1.402779 16.04573 -74.85643 2.093808 15.8732 -74.83407 2.758564 15.6359 -74.80684 3.396496 15.33506 -74.77551 4.006462 14.97039 -74.74168 4.574273 14.55023 -74.70665 5.095564 14.07886 -74.6714 5.570836 13.55572 -74.63745 5.992935 12.9884 -74.60637 6.354629 12.38691 -74.57907 6.655896 11.75235 -74.55646 6.895283 11.08623 -74.53976 7.066782 10.40476 -74.52947 7.170561 9.71184 -74.52592 7.20594 9.007278 -74.50437 -7.02589 10.38986 -74.52096 -6.85678 11.06605 -74.54331 -6.621831 11.72356 -74.57078 -6.321042 12.3602 -74.60192 -5.961599 12.96022 -74.63561 -5.546237 13.52109 -74.67089 -5.074309 14.0424 -74.7062 -4.553115 14.51539 -74.73994 -3.991431 14.93244 -74.77115 -3.38963 15.29394 -74.79872 -2.750263 15.59696 -74.82118 -2.089081 15.8341 -74.83788 -1.40837 16.0052 -74.84824 -0.7090414 16.10939 -74.85179 -0.003489911 16.14469 -74.84838 0.6975113 16.11081 -74.83815 1.394612 16.00794 -74.8214 2.081601 15.83629 -74.79902 2.742452 15.60019 -74.77177 3.376615 15.3009 -74.74042 3.98295 14.9381 -74.70657 4.547353 14.52013 -74.67152 5.065488 14.05122 -74.63625 5.537857 13.53086 -74.60227 5.957355 12.96657 -74.57116 6.3168 12.36831 -74.54383 6.616178 11.7372 -74.52122 6.854056 11.07472 -74.50451 7.024468 10.39699 -74.49421 7.127586 9.707903 -74.49066 7.16274 9.007237 -74.46458 -6.987662 10.38304 -74.48121 -6.819497 11.05593 -74.50363 -6.585858 11.71022 -74.53118 -6.286741 12.34376 -74.56241 -5.929289 12.94086 -74.59619 -5.516219 13.49902 -74.63158 -5.046884 14.01782 -74.66699 -4.528542 14.48853 -74.70083 -3.969918 14.90358 -74.73213 -3.371383 15.26335 -74.75977 -2.735474 15.56493 -74.78228 -2.077857 15.80095 -74.79904 -1.400808 15.97124 -74.80942 -0.7052362 16.07493 -74.81298 -0.003471195 16.11007 -74.80956 0.6937679 16.07635 -74.7993 1.387124 15.97397 -74.78251 2.070418 15.80313 -74.76007 2.727705 15.56815 -74.73274 3.358439 15.27028 -74.7013 3.961483 14.90922 -74.66736 4.52281 14.49324 -74.63221 5.038112 14.02659 -74.59684 5.507884 13.50874 -74.56277 5.925068 12.94718 -74.53157 6.282522 12.35183 -74.50416 6.580237 11.72379 -74.48148 6.816788 11.06455 -74.46472 6.986248 10.39014 -74.45439 7.088788 9.70443 -74.45082 7.123744 9.007202 -74.42102 -6.954189 10.37724 -74.43773 -6.786815 11.0473 -74.46026 -6.554278 11.69884 -74.48795 -6.256574 12.3297 -74.51932 -5.900816 12.92427 -74.55327 -5.489709 13.48004 -74.58882 -5.022611 13.99662 -74.62439 -4.506745 14.46531 -74.65838 -3.950797 14.87857 -74.68982 -3.355135 15.23679 -74.71759 -2.722285 15.53706 -74.74021 -2.067834 15.77205 -74.75702 -1.394049 15.9416 -74.76745 -0.701833 16.04484 -74.77103 -0.003454446 16.07983 -74.7676 0.6904199 16.04625 -74.7573 1.380431 15.94432 -74.74042 2.060431 15.77422 -74.71789 2.714553 15.54027 -74.69044 3.342253 15.24369 -74.65887 3.942403 14.88419 -74.62477 4.501042 14.47 -74.58946 5.01388 14.00536 -74.55392 5.481415 13.48972 -74.51968 5.896615 12.93056 -74.48834 6.252376 12.33773 -74.4608 6.548683 11.71235 -74.43799 6.784119 11.05589 -74.42115 6.952781 10.38432 -74.41077 7.05484 9.701478 -74.40718 7.089632 9.007172 -74.37458 -6.925946 10.37255 -74.39141 -6.759195 11.04029 -74.41408 -6.527534 11.68957 -74.44194 -6.230962 12.3182 -74.47351 -5.876574 12.91065 -74.50765 -5.467072 13.46441 -74.54343 -5.00182 13.9791 -74.57921 -4.488021 14.44604 -74.6134 -3.934324 14.85773 -74.64501 -3.341102 15.21458 -74.67294 -2.710868 15.5137 -74.69568 -2.059144 15.74777 -74.7126 -1.388181 15.91665 -74.72309 -0.6988761 16.01949 -74.72668 -0.003439903 16.05434 -74.72322 0.6875107 16.02089 -74.71287 1.37462 15.91936 -74.6959 2.051771 15.74993 -74.67324 2.703168 15.51689 -74.64564 3.328274 15.22145 -74.61388 3.925964 14.86333 -74.57958 4.48234 14.45071 -74.54407 4.993124 13.9878 -74.50831 5.458811 13.47406 -74.47386 5.872389 12.91692 -74.44232 6.226779 12.32621 -74.41461 6.52196 11.70303 -74.39167 6.75651 11.04885 -74.37471 6.924542 10.37959 -74.36426 7.026222 9.699089 -74.36066 7.060887 9.007148 -74.32621 -6.903194 10.36897 -74.34317 -6.736895 11.03495 -74.366 -6.505876 11.68247 -74.39407 -6.210146 12.30936 -74.42586 -5.856793 12.90012 -74.46025 -5.448522 13.45225 -74.49626 -4.984709 13.96537 -74.53229 -4.472546 14.43086 -74.56671 -3.920658 14.84123 -74.59853 -3.329419 15.19691 -74.62664 -2.701333 15.49502 -74.64953 -2.051869 15.7283 -74.66654 -1.38326 15.8966 -74.6771 -0.6963938 15.99908 -74.68073 -0.003427624 16.0338 -74.67725 0.6850683 16.00048 -74.66682 1.369747 15.89929 -74.64975 2.044521 15.73045 -74.62695 2.693661 15.4982 -74.59916 3.316633 15.20376 -74.56719 3.912325 14.84681 -74.53267 4.466884 14.43551 -74.49691 4.97604 13.97405 -74.4609 5.440287 13.46186 -74.42622 5.852621 12.90637 -74.39445 6.205976 12.31735 -74.36654 6.500318 11.6959 -74.34342 6.734218 11.04349 -74.32636 6.901795 10.376 -74.31583 7.003201 9.697278 -74.31219 7.037776 9.007129 -74.27687 -6.885993 10.36653 -74.29396 -6.719975 11.03127 -74.31697 -6.489367 11.67754 -74.34525 -6.194191 12.30316 -74.37728 -5.841538 12.89266 -74.41193 -5.434126 13.44354 -74.44821 -4.971345 13.95545 -74.48448 -4.460385 14.41977 -74.51915 -3.909856 14.82908 -74.5512 -3.320137 15.1838 -74.57949 -2.693726 15.48107 -74.60254 -2.046044 15.71367 -74.61968 -1.379309 15.88148 -74.6303 -0.6943984 15.98366 -74.63394 -0.003417789 16.01827 -74.63044 0.6831048 15.98505 -74.61995 1.365834 15.88417 -74.60276 2.038716 15.71582 -74.5798 2.686074 15.48424 -74.55183 3.307385 15.19062 -74.51964 3.901545 14.83464 -74.48487 4.454737 14.42442 -74.44886 4.962696 13.96411 -74.41259 5.425911 13.45313 -74.37764 5.837374 12.89889 -74.34564 6.190029 12.31113 -74.31752 6.483819 11.69094 -74.29423 6.717303 11.03979 -74.27703 6.884595 10.37354 -74.26641 6.985834 9.69604 -74.26274 7.020353 9.007117 -74.22747 -6.874205 10.36516 -74.24468 -6.708309 11.02918 -74.26787 -6.477893 11.67469 -74.29636 -6.182996 12.29951 -74.32863 -5.830724 12.88816 -74.36354 -5.423812 13.43819 -74.40007 -4.961669 13.94922 -74.43662 -4.451493 14.41268 -74.47151 -3.901885 14.82116 -74.50378 -3.313233 15.17512 -74.53227 -2.688028 15.47173 -74.55548 -2.041659 15.70379 -74.57273 -1.376323 15.87119 -74.58341 -0.6928865 15.97311 -74.58708 -0.003410339 16.00764 -74.58356 0.6816168 15.9745 -74.573 1.362876 15.87387 -74.5557 2.034345 15.70593 -74.53259 2.680391 15.47489 -74.50442 3.300505 15.18193 -74.472 3.893589 14.82672 -74.43699 4.445854 14.41731 -74.40073 4.953033 13.95786 -74.36419 5.415609 13.44776 -74.329 5.826565 12.89439 -74.29676 6.178837 12.30746 -74.26842 6.47235 11.68808 -74.24495 6.70564 11.03769 -74.22761 6.872809 10.37217 -74.21692 6.973978 9.695352 -74.21322 7.008477 9.00711 -74.12152 7 9 -74.16802 6.968731 8.318992 -74.19597 6.703135 6.976734 -74.13581 6.866969 7.641787 -74.17864 6.868932 7.64224 -74.13297 6.893664 7.784449 -74.12512 6.966855 8.318755 -74.24793 6.17897 5.706557 -74.1769 6.468912 6.325458 -74.21949 6.471175 6.326168 -74.1659 6.577812 6.605844 -74.15324 6.701037 6.976118 -74.27814 5.362167 4.500607 -74.27367 5.415839 4.565366 -74.31571 5.418529 4.565848 -74.23808 5.825517 5.118847 -74.28031 5.8281 5.119493 -74.21633 6.062222 5.49995 -74.20551 6.176539 5.705838 -74.31064 4.95447 4.05498 -74.35247 4.957206 4.055232 -74.34385 4.499572 3.637634 -74.38901 4.451334 3.595266 -74.34738 4.448638 3.595301 -74.42428 3.900586 3.1854 -74.38285 3.89802 3.185756 -74.40556 3.500007 2.937848 -74.457 3.308778 2.829432 -74.41572 3.306445 2.83012 -74.48544 2.689842 2.535598 -74.44432 2.687834 2.5366 -74.45583 2.394167 2.422156 -74.50882 2.045061 2.303634 -74.46782 2.043467 2.304909 -74.52636 1.374899 2.134643 -74.48546 1.373792 2.136131 -74.48862 1.215552 2.106334 -74.53713 0.6947932 2.032806 -74.49629 0.6942238 2.034428 -74.54084 0.01083964 1.998339 -74.5 0.01083064 2.000009 -74.50945 -2.024928 2.297436 -74.48577 -1.359187 2.133224 -74.52667 -1.360282 2.131732 -74.48861 -1.215545 2.106375 -74.53729 -0.6776738 2.031399 -74.49644 -0.6771188 2.033022 -74.5 -2.93377e-7 2 -74.45764 -3.295761 2.822469 -74.44511 -2.668748 2.528695 -74.48622 -2.670744 2.527685 -74.45583 -2.394177 2.422126 -74.46846 -2.023349 2.298717 -74.34385 -4.499573 3.637633 -74.34854 -4.431716 3.581416 -74.39016 -4.43441 3.581371 -74.38381 -3.882026 3.175065 -74.42523 -3.884586 3.174699 -74.40556 -3.50002 2.937829 -74.41638 -3.293434 2.823165 -74.31158 -4.942203 4.04272 -74.3534 -4.944939 4.042966 -74.27814 -5.362354 4.500439 -74.3166 -5.407977 4.552579 -74.27456 -5.405283 4.5521 -74.2814 -5.816071 5.101487 -74.23916 -5.813484 5.100845 -74.21633 -6.062172 5.499982 -74.24883 -6.16942 5.688875 -74.20642 -6.166983 5.688155 -74.22004 -6.465606 6.31273 -74.17745 -6.463339 6.312019 -74.1659 -6.577878 6.605821 -74.19657 -6.697423 6.957623 -74.15383 -6.69532 6.957005 -74.17909 -6.864714 7.621071 -74.13626 -6.862747 7.620613 -74.13298 -6.89362 7.784455 -74.16822 -6.966885 8.302999 -74.12532 -6.965006 8.302755 -74.62261 7.514584 8.270093 -74.62509 7.467323 8.274739 -74.62289 7.418231 8.279517 -74.6155 7.367955 8.284359 -74.60257 7.317275 8.289188 -74.58387 7.26708 8.293911 -74.5594 7.218329 8.298438 -74.52932 7.171996 8.302671 -74.49407 7.129012 8.306528 -74.45424 7.090205 8.30993 -74.41062 7.056251 8.312821 -74.36412 7.027628 8.315162 -74.31568 7.004604 8.316937 -74.26626 6.987234 8.318149 -74.21677 6.975378 8.318821 -74.63336 7.406845 7.544772 -74.63571 7.360324 7.554019 -74.65091 7.227869 6.831555 -74.65304 7.18257 6.845299 -74.67473 6.977494 6.134419 -74.67656 6.933895 6.152516 -74.70353 6.662134 5.470541 -74.705 6.620653 5.492733 -74.73632 6.283515 4.841621 -74.73739 6.244548 4.867643 -74.77215 5.841629 4.248607 -74.77278 5.805555 4.27818 -74.80937 5.343987 3.701764 -74.80956 5.311136 3.734566 -74.84635 4.798387 3.209251 -74.8461 4.769016 3.244912 -74.88205 4.204481 2.770453 -74.88138 4.178853 2.808621 -74.89698 3.929758 2.595952 -74.9141 3.54474 2.429728 -74.91516 3.566395 2.389414 -74.94395 2.89915 2.074928 -74.94255 2.881604 2.11699 -74.96761 2.204123 1.826688 -74.96594 2.190819 1.870114 -74.98536 1.481799 1.645855 -74.98348 1.472873 1.690266 -74.99626 0.7488032 1.536887 -74.99426 0.7442979 1.58189 -75 0.01168215 1.500009 -74.99796 0.01161193 1.54521 -74.99642 -0.7303535 1.535381 -74.99441 -0.7259585 1.580392 -74.98567 -1.466046 1.64274 -74.98379 -1.457215 1.687168 -74.96824 -2.182423 1.820054 -74.96656 -2.16925 1.863517 -74.94474 -2.878563 2.066459 -74.94333 -2.861144 2.108568 -74.91583 -3.552362 2.381962 -74.91475 -3.530793 2.422318 -74.89698 -3.929629 2.595837 -74.88234 -4.161709 2.797231 -74.88302 -4.187229 2.758997 -74.84751 -4.780136 3.194374 -74.84725 -4.75088 3.23012 -74.81031 -5.330756 3.688628 -74.8105 -5.297989 3.721508 -74.77305 -5.830244 4.234393 -74.77368 -5.794246 4.264052 -74.73741 -6.270536 4.822334 -74.73847 -6.231654 4.848472 -74.70444 -6.651827 5.451594 -74.70591 -6.610414 5.473904 -74.67529 -6.971483 6.12002 -74.67711 -6.927924 6.138206 -74.65151 -7.221702 6.811077 -74.65364 -7.176446 6.824947 -74.63381 -7.402291 7.522085 -74.63616 -7.355801 7.531476 -74.62281 -7.51259 8.252953 -74.62528 -7.465343 8.257706 -74.63339 7.312005 7.56353 -74.65051 7.135531 6.859432 -74.67375 6.88863 6.171122 -74.70185 6.5776 5.515542 -74.73387 6.204118 4.894382 -74.76886 5.768143 4.308557 -74.80522 5.277077 3.76825 -74.84134 4.738578 3.281519 -74.87624 4.152305 2.847791 -74.90859 3.522314 2.471087 -74.93673 2.86344 2.160131 -74.95987 2.177049 1.914646 -74.97724 1.463636 1.735801 -74.98789 0.739636 1.628027 -74.99155 0.01153922 1.591548 -74.98805 -0.7214111 1.626537 -74.97753 -1.448076 1.73272 -74.9605 -2.155616 1.908087 -74.93751 -2.843109 2.151757 -74.90924 -3.508457 2.46372 -74.87718 -4.135272 2.836467 -74.84249 -4.720562 3.266815 -74.80613 -5.264019 3.755271 -74.76974 -5.756912 4.294519 -74.73493 -6.191313 4.87533 -74.70275 -6.567434 5.496835 -74.6743 -6.882702 6.156904 -74.6511 -7.129452 6.839211 -74.63382 -7.307515 7.541135 -74.62308 -7.416265 8.262596 -74.62589 7.262524 7.57317 -74.64282 7.087367 6.873754 -74.66583 6.84229 6.189974 -74.69364 6.533533 5.538652 -74.72531 6.162744 4.921467 -74.75995 5.729866 4.339325 -74.79593 5.242239 3.80236 -74.83171 4.707452 3.318581 -74.86625 4.125162 2.88744 -74.89829 3.499391 2.512947 -74.92617 2.844875 2.203788 -74.94908 2.162979 1.959704 -74.96627 1.454198 1.781871 -74.97684 0.7348735 1.674704 -74.98046 0.01146495 1.638428 -74.97698 -0.7167654 1.673223 -74.96658 -1.43874 1.778808 -74.94969 -2.141684 1.953184 -74.92694 -2.824679 2.195462 -74.89894 -3.485626 2.505622 -74.86719 -4.108244 2.876183 -74.83283 -4.68956 3.303966 -74.79685 -5.229273 3.789459 -74.76082 -5.718716 4.325376 -74.72637 -6.150032 4.902536 -74.69451 -6.52344 5.520067 -74.66636 -6.836406 6.17585 -74.6434 -7.081334 6.853666 -74.62632 -7.258068 7.550925 -74.61569 -7.366004 8.267552 -74.61286 7.212647 7.582779 -74.62964 7.038818 6.888031 -74.65244 6.795583 6.208768 -74.68001 6.489119 5.561691 -74.71141 6.121048 4.948468 -74.74575 5.691293 4.369997 -74.78143 5.207136 3.836362 -74.8169 4.67609 3.355528 -74.85116 4.097815 2.926967 -74.88294 3.476297 2.554677 -74.91059 2.826174 2.247311 -74.93332 2.148805 2.004625 -74.95038 1.444692 1.8278 -74.96086 0.7300762 1.721238 -74.96446 0.01139014 1.685164 -74.96101 -0.7120858 1.719765 -74.95069 -1.429334 1.824754 -74.93393 -2.12765 1.998142 -74.91135 -2.806112 2.239032 -74.88359 -3.462626 2.547395 -74.85209 -4.081013 2.915776 -74.81802 -4.658322 3.341001 -74.78233 -5.19426 3.823541 -74.74662 -5.680224 4.356136 -74.71246 -6.108427 4.929657 -74.68088 -6.479101 5.543226 -74.65297 -6.789742 6.194736 -74.63023 -7.032831 6.868076 -74.6133 -7.208224 7.560683 -74.60276 -7.315339 8.272493 -74.5941 7.163246 7.592182 -74.61077 6.990729 6.902004 -74.6334 6.749313 6.227163 -74.66078 6.445116 5.584243 -74.69198 6.079731 4.974905 -74.72608 5.653067 4.400036 -74.76154 5.172342 3.869672 -74.79679 4.645001 3.391731 -74.83084 4.070702 2.965705 -74.86241 3.453398 2.595583 -74.8899 2.807628 2.289982 -74.9125 2.134748 2.048674 -74.92945 1.435263 1.872843 -74.93988 0.7253179 1.766877 -74.94345 0.01131594 1.731003 -74.94002 -0.7074445 1.765412 -74.92975 -1.420006 1.869814 -74.9131 -2.113733 2.042228 -74.89066 -2.7877 2.281751 -74.86305 -3.439819 2.588344 -74.83176 -4.054016 2.954581 -74.79789 -4.627356 3.377291 -74.76244 -5.159557 3.856928 -74.72695 -5.642079 4.386262 -74.69302 -6.067203 4.956213 -74.66165 -6.435172 5.565898 -74.63394 -6.743516 6.213222 -74.61134 -6.984788 6.882178 -74.59453 -7.158857 7.570232 -74.58407 -7.265159 8.277327 -74.56957 7.11526 7.601192 -74.58616 6.944008 6.915395 -74.6087 6.704348 6.2448 -74.63597 6.40234 5.605876 -74.66703 6.039552 5.000277 -74.70099 5.615879 4.428879 -74.73629 5.138479 3.90167 -74.7714 4.614731 3.426527 -74.80531 4.044293 3.002958 -74.83677 3.431087 2.63494 -74.86415 2.789552 2.331053 -74.88665 2.121045 2.091084 -74.90355 1.426069 1.91622 -74.91393 0.7206778 1.810835 -74.91749 0.01124358 1.775156 -74.91407 -0.7029185 1.809378 -74.90385 -1.41091 1.913208 -74.88726 -2.100164 2.084674 -74.86489 -2.769755 2.322868 -74.8374 -3.417596 2.627741 -74.80623 -4.027718 2.991897 -74.7725 -4.597205 3.412171 -74.73719 -5.125782 3.889002 -74.70184 -5.604968 4.415189 -74.66806 -6.027112 4.981698 -74.63683 -6.392467 5.587646 -74.60923 -6.698593 6.230946 -74.58673 -6.938111 6.895694 -74.57 -7.110903 7.579381 -74.55959 -7.216422 8.281959 -74.55598 -7.252512 8.99255 -74.53948 7.069644 7.609623 -74.55604 6.899579 6.927933 -74.57853 6.661567 6.261322 -74.60575 6.361618 5.626157 -74.63675 6.001278 5.02408 -74.67066 5.580429 4.455964 -74.7059 5.106175 3.931746 -74.74095 4.585835 3.45926 -74.77481 4.019067 3.038032 -74.80622 3.409759 2.672022 -74.83354 2.772266 2.369776 -74.85602 2.107933 2.131091 -74.87289 1.41727 1.957158 -74.88326 0.7162358 1.85233 -74.88681 0.01117432 1.816839 -74.88339 -0.6985859 1.850881 -74.87319 -1.402205 1.954162 -74.85662 -2.087182 2.124717 -74.8343 -2.752592 2.361635 -74.80685 -3.396354 2.664862 -74.77572 -4.002597 3.027032 -74.74205 -4.568423 3.444985 -74.7068 -5.093561 3.919149 -74.67151 -5.569591 4.442353 -74.63779 -5.988922 5.005609 -74.60662 -6.351812 5.608033 -74.57907 -6.655852 6.24755 -74.55661 -6.893723 6.908349 -74.53991 -7.065318 7.587944 -74.52951 -7.170102 8.286293 -74.50424 7.027311 7.617305 -74.52081 6.858325 6.939362 -74.54331 6.621815 6.276396 -74.57054 6.323746 5.644681 -74.60157 5.965646 5.045849 -74.6355 5.547391 4.480767 -74.67076 5.076035 3.959323 -74.70584 4.558846 3.489315 -74.73971 3.995479 3.070276 -74.77114 3.3898 2.706152 -74.7985 2.756074 2.405452 -74.82099 2.095643 2.167981 -74.83786 1.409018 1.994927 -74.84824 0.7120693 1.890628 -74.85179 0.01110935 1.855315 -74.84838 -0.694522 1.889186 -74.83817 -1.394041 1.991946 -74.82159 -2.075014 2.161638 -74.79925 -2.736515 2.397353 -74.77178 -3.376474 2.699029 -74.74063 -3.979108 3.059333 -74.70693 -4.541538 3.475114 -74.67166 -5.063498 3.946793 -74.63635 -5.53662 4.467228 -74.6026 -5.953365 5.027477 -74.57141 -6.314001 5.626656 -74.54384 -6.616136 6.262699 -74.52138 -6.852506 6.919886 -74.50466 -7.023012 7.595745 -74.49426 -7.12713 8.290239 -74.46443 6.989074 7.624086 -74.48106 6.821033 6.949463 -74.50363 6.585842 6.289736 -74.53095 6.28943 5.6611 -74.56207 5.933314 5.065177 -74.59609 5.517367 4.502831 -74.63146 5.0486 3.983903 -74.66662 4.534241 3.516154 -74.70059 3.973944 3.099122 -74.73212 3.371551 2.736736 -74.75955 2.741253 2.437467 -74.78209 2.084384 2.201123 -74.79902 1.401453 2.028888 -74.80942 0.7082478 1.925082 -74.81298 0.01104974 1.889936 -74.80956 -0.6907947 1.923647 -74.79932 -1.386557 2.025921 -74.78269 -2.063866 2.19481 -74.76029 -2.721801 2.429406 -74.73275 -3.358299 2.729647 -74.70152 -3.957662 3.088231 -74.66773 -4.517028 3.502021 -74.63236 -5.036131 3.971433 -74.59694 -5.506655 4.489357 -74.56311 -5.921101 5.046894 -74.53181 -6.279738 5.643162 -74.50417 -6.580194 6.276106 -74.48163 -6.815246 6.930082 -74.46487 -6.9848 7.602632 -74.45443 -7.088335 8.293722 -74.42087 6.955595 7.629853 -74.43758 6.788344 6.958064 -74.46026 6.554262 6.301117 -74.48771 6.259251 5.675139 -74.51898 5.904822 5.081746 -74.55316 5.490852 4.521797 -74.58869 5.024319 4.005089 -74.62403 4.512418 3.53935 -74.65816 3.954804 3.124116 -74.68981 3.355303 2.763298 -74.71736 2.728036 2.465327 -74.74001 2.07433 2.23001 -74.75701 1.394691 2.058526 -74.76745 0.7048299 1.955172 -74.77103 0.0109964 1.92018 -74.7676 -0.6874613 1.953743 -74.7573 -1.379866 2.055572 -74.74061 -2.053911 2.223725 -74.71812 -2.708677 2.457301 -74.69045 -3.342114 2.756239 -74.65908 -3.9386 3.113272 -74.62514 -4.495287 3.525278 -74.58959 -5.011909 3.992672 -74.55402 -5.480191 4.508381 -74.52001 -5.892667 5.06354 -74.48858 -6.249605 5.657277 -74.4608 -6.54864 6.287545 -74.43815 -6.782584 6.938766 -74.42131 -6.951341 7.608488 -74.41082 -7.054388 8.29668 -74.37443 6.927346 7.634529 -74.39124 6.760718 6.965053 -74.41408 6.527517 6.310391 -74.4417 6.233628 5.686617 -74.47316 5.880565 5.09534 -74.50756 5.468211 4.537422 -74.5433 5.003521 4.022611 -74.57884 4.49367 3.558609 -74.61317 3.938315 3.144943 -74.64501 3.341269 2.785505 -74.67271 2.716595 2.488685 -74.69548 2.065612 2.254285 -74.71259 1.38882 2.083473 -74.72309 0.70186 1.980526 -74.72668 0.01095002 1.945672 -74.72323 -0.6845648 1.979103 -74.71289 -1.374058 2.080531 -74.69609 -2.045279 2.248024 -74.67348 -2.697317 2.48069 -74.64565 -3.328134 2.778473 -74.61409 -3.922177 3.13414 -74.57996 -4.476608 3.544589 -74.54421 -4.991161 4.01024 -74.50842 -5.45759 4.524053 -74.4742 -5.868457 5.0772 -74.44257 -6.22402 5.668817 -74.41461 -6.521917 6.296865 -74.39183 -6.75498 6.945821 -74.37487 -6.923108 7.613237 -74.36431 -7.025772 8.299077 -74.32606 6.904592 7.63808 -74.343 6.738415 6.970378 -74.366 6.505859 6.317488 -74.39382 6.212804 5.695447 -74.42551 5.860772 5.105858 -74.46015 5.449658 4.549583 -74.49613 4.986404 4.036332 -74.53192 4.478178 3.573778 -74.56648 3.924635 3.161437 -74.59852 3.329586 2.803178 -74.62641 2.707041 2.507353 -74.64933 2.058314 2.27375 -74.66653 1.383896 2.103527 -74.6771 0.6993668 2.000936 -74.68073 0.0109111 1.966206 -74.67725 -0.6821333 1.999518 -74.66683 -1.369186 2.100594 -74.64995 -2.038052 2.26751 -74.62718 -2.687829 2.499385 -74.59917 -3.316495 2.79617 -74.56741 -3.908551 3.150669 -74.53305 -4.461171 3.559803 -74.49706 -4.974083 4.023999 -74.46102 -5.439069 4.536254 -74.42656 -5.8487 5.087771 -74.3947 -6.203224 5.677696 -74.36654 -6.500275 6.303999 -74.34358 -6.732692 6.951199 -74.3265 -6.900363 7.616845 -74.31587 -7.002753 8.300893 -74.27673 6.887387 7.640514 -74.2938 6.721493 6.97405 -74.31697 6.48935 6.322419 -74.345 6.196844 5.701639 -74.37693 5.845509 5.113306 -74.41182 5.435261 4.558285 -74.44808 4.973037 4.046248 -74.48411 4.466003 3.584847 -74.51892 3.913824 3.17358 -74.55119 3.320303 2.816293 -74.57926 2.699418 2.521297 -74.60234 2.052471 2.288368 -74.61966 1.379944 2.118645 -74.63029 0.6973623 2.01636 -74.63394 0.01087981 1.981734 -74.63044 -0.6801786 2.014946 -74.61996 -1.365275 2.115722 -74.60295 -2.032265 2.282145 -74.58003 -2.680258 2.513352 -74.55184 -3.307247 2.809304 -74.51986 -3.89778 3.162841 -74.48526 -4.449038 3.570907 -74.449 -4.960744 4.033945 -74.4127 -5.424694 4.544984 -74.37799 -5.833461 5.095258 -74.3459 -6.187282 5.683923 -74.31752 -6.483777 6.308958 -74.29438 -6.715779 6.954908 -74.27716 -6.883167 7.619318 -74.26646 -6.985386 8.302135 -74.22732 6.875599 7.641876 -74.24452 6.709827 6.976133 -74.26787 6.477877 6.325266 -74.29612 6.185646 5.705287 -74.32827 5.83469 5.117788 -74.36343 5.424948 4.563639 -74.39994 4.963358 4.052475 -74.43624 4.457102 3.591935 -74.47129 3.905846 3.181491 -74.50377 3.313399 2.824966 -74.53204 2.693709 2.530633 -74.55527 2.04807 2.29825 -74.57271 1.376956 2.128938 -74.58341 0.6958433 2.026904 -74.58708 0.01085603 1.992367 -74.58356 -0.6786975 2.025494 -74.57302 -1.362319 2.126022 -74.5559 -2.027908 2.292041 -74.53282 -2.674587 2.522706 -74.50443 -3.300367 2.817992 -74.47223 -3.88983 3.170774 -74.43737 -4.440164 3.578021 -74.40087 -4.951084 4.040194 -74.36431 -5.414393 4.550358 -74.32935 -5.822657 5.099767 -74.29701 -6.176094 5.687594 -74.26843 -6.472307 6.311821 -74.24511 -6.704116 6.957013 -74.22776 -6.871381 7.620702 -74.21697 -6.973531 8.302824 59.95137 45.06476 17 62.90029 40.84793 17 66.82549 34.04928 17 70.01853 26.8776 17 72.44445 19.41143 17 74.07662 11.73258 17 74.89722 3.925197 17 74.89722 -3.925197 17 74.07662 -11.73258 17 72.44445 -19.41143 17 70.01853 -26.8776 17 66.82549 -34.04928 17 62.90029 -40.84793 17 40.84793 -62.90029 17 34.04928 -66.82549 17 26.8776 -70.01853 17 19.41143 -72.44445 17 11.73258 -74.07662 17 3.925197 -74.89722 17 -3.925197 -74.89722 17 -11.73258 -74.07662 17 -19.41143 -72.44445 17 -26.8776 -70.01853 17 -34.04928 -66.82549 17 -40.84793 -62.90029 17 -45.50134 -57.20552 12 -45.67247 -57.50065 12 -45.79095 -57.82057 12 -45.85334 -58.15597 12 -45.85781 -58.49711 12 -45.80424 -58.83403 12 -45.69419 -59.15695 12 -45.53086 -59.45647 12 -45.31899 -59.72387 12 -45.06476 -59.95137 12 -40.93498 -50.68408 12 -50.68408 -40.93498 12 -57.20552 -45.50134 12 -59.95137 -45.06476 12 -59.72387 -45.31899 12 -59.45647 -45.53086 12 -59.15695 -45.69419 12 -58.83403 -45.80424 12 -58.49711 -45.85781 12 -58.15597 -45.85334 12 -57.82057 -45.79095 12 -57.50065 -45.67247 12 57.20552 -45.50134 12 57.50065 -45.67247 12 57.82057 -45.79095 12 58.15597 -45.85334 12 58.49711 -45.85781 12 58.83403 -45.80424 12 59.15695 -45.69419 12 59.45647 -45.53086 12 59.72387 -45.31899 12 59.95137 -45.06476 12 50.68408 -40.93498 12 40.12085 -44.19496 17.17274 40.15481 -44.10688 12 39.82351 -45.20663 12 40.66149 -43.07611 12 41.32991 -42.14207 12 42.14207 -41.32991 12 43.07611 -40.66149 12 44.10688 -40.15481 12 45.20663 -39.82351 12 49.69235 -40.3556 12 48.61922 -39.94619 12 47.49359 -39.71778 12 46.34576 -39.67652 12 40.93498 -50.68408 12 40.3556 -49.69235 12 39.94619 -48.61922 12 39.71778 -47.49359 12 39.67652 -46.34576 12 45.50134 -57.20552 12 45.06476 -59.95137 12 45.31899 -59.72387 12 45.53086 -59.45647 12 45.69419 -59.15695 12 45.80424 -58.83403 12 45.85781 -58.49711 12 45.85334 -58.15597 12 45.79095 -57.82057 12 45.67247 -57.50065 12 45.50134 57.20552 12 40.93498 50.68408 12 39.90756 44.85731 12 44.19496 40.12085 17.17274 43.71072 40.32489 12 44.85731 39.90756 12 42.65401 40.93498 12 41.7193 41.7193 12 40.93498 42.65401 12 40.32489 43.71072 12 40.32489 49.62738 12 39.90756 48.48078 12 39.69568 47.27914 12 39.69568 46.05895 12 50.68408 40.93498 12 49.62738 40.32489 12 48.48078 39.90756 12 47.27914 39.69568 12 46.05895 39.69568 12 57.20552 45.50134 12 -45.06476 59.95137 12 -45.31899 59.72387 12 -45.53086 59.45647 12 -45.69419 59.15695 12 -45.80424 58.83403 12 -45.85781 58.49711 12 -45.85334 58.15597 12 -45.79095 57.82057 12 -45.67247 57.50065 12 -45.50134 57.20552 12 -57.20552 45.50134 12 -57.50065 45.67247 12 -57.82057 45.79095 12 -58.15597 45.85334 12 -58.49711 45.85781 12 -58.83403 45.80424 12 -59.15695 45.69419 12 -59.45647 45.53086 12 -59.72387 45.31899 12 -59.95137 45.06476 12 -50.68408 40.93498 12 -40.12085 44.19496 17.17274 -40.15481 44.10688 12 -39.82351 45.20663 12 -40.66149 43.07611 12 -41.32991 42.14207 12 -42.14207 41.32991 12 -43.07611 40.66149 12 -44.10688 40.15481 12 -45.20663 39.82351 12 -49.69235 40.3556 12 -48.61922 39.94619 12 -47.49359 39.71778 12 -46.34576 39.67652 12 -40.93498 50.68408 12 -40.3556 49.69235 12 -39.94619 48.61922 12 -39.71778 47.49359 12 -39.67652 46.34576 12 -50.77423 -47.76903 12 -50.90287 -47.03946 12 -58.28595 -47.19903 12 -50.90287 -46.29863 12 -40.32489 -49.62738 12 -42.81724 -48.46517 12 -42.56386 -47.76903 12 -39.90756 -48.48078 12 -42.43522 -47.03946 12 -39.69568 -47.27914 12 -42.43522 -46.29863 12 -39.69568 -46.05895 12 -42.56386 -45.56906 12 -39.90756 -44.85731 12 -42.81724 -44.87292 12 -40.32489 -43.71072 12 -43.18765 -44.23134 12 -40.93498 -42.65401 12 -43.66384 -43.66384 12 -41.7193 -41.7193 12 -44.23134 -43.18765 12 -42.65401 -40.93498 12 -44.87292 -42.81724 12 -43.71072 -40.32489 12 -45.56906 -42.56386 12 -44.85731 -39.90756 12 -46.29863 -42.43522 12 -46.05895 -39.69568 12 -47.03946 -42.43522 12 -47.27914 -39.69568 12 -47.76903 -42.56386 12 -48.48078 -39.90756 12 -48.46517 -42.81724 12 -49.62738 -40.32489 12 -49.10675 -43.18765 12 -49.67425 -43.66384 12 -44.87292 -50.52085 12 -44.23134 -50.15044 12 -43.66384 -49.67425 12 -43.18765 -49.10675 12 -47.19903 -58.28595 12 -50.77423 -45.56906 12 -50.52085 -44.87292 12 -50.15044 -44.23134 12 -45.56906 -50.77423 12 -46.29863 -50.90287 12 -47.03946 -50.90287 12 -47.76903 -50.77423 12 -48.46517 -50.52085 12 -53.03301 -53.03301 12 -49.10675 -50.15044 12 -49.67425 -49.67425 12 -50.15044 -49.10675 12 -50.52085 -48.46517 12 50.15044 -49.10675 12 53.03301 -53.03301 12 50.52085 -48.46517 12 58.28595 -47.19903 12 48.46517 -50.52085 12 47.19903 -58.28595 12 49.10675 -50.15044 12 49.67425 -49.67425 12 47.76903 -50.77423 12 47.03946 -50.90287 12 46.29863 -50.90287 12 43.66384 -43.66384 12 45.56906 -50.77423 12 44.87292 -50.52085 12 44.23134 -50.15044 12 50.90287 -46.29863 12 50.90287 -47.03946 12 50.77423 -47.76903 12 50.77423 -45.56906 12 50.52085 -44.87292 12 43.18765 -44.23134 12 42.81724 -44.87292 12 42.56386 -45.56906 12 42.43522 -46.29863 12 42.43522 -47.03946 12 42.56386 -47.76903 12 42.81724 -48.46517 12 43.18765 -49.10675 12 43.66384 -49.67425 12 44.23134 -43.18765 12 44.87292 -42.81724 12 45.56906 -42.56386 12 46.29863 -42.43522 12 47.03946 -42.43522 12 47.76903 -42.56386 12 48.46517 -42.81724 12 49.10675 -43.18765 12 49.67425 -43.66384 12 50.15044 -44.23134 12 50.52085 48.46517 12 58.28595 47.19903 12 50.15044 49.10675 12 53.03301 53.03301 12 49.67425 49.67425 12 43.18765 49.10675 12 43.66384 49.67425 12 50.77423 47.76903 12 50.90287 47.03946 12 50.90287 46.29863 12 50.77423 45.56906 12 50.52085 44.87292 12 50.15044 44.23134 12 44.87292 50.52085 12 45.56906 50.77423 12 45.83055 57.99366 12 45.86291 58.32986 12 57.6677 45.74208 12 57.99366 45.83055 12 44.23134 50.15044 12 45.74208 57.6677 12 45.60002 57.36127 12 47.19903 58.28595 12 48.46517 50.52085 12 49.10675 50.15044 12 42.81724 48.46517 12 42.56386 47.76903 12 42.43522 47.03946 12 42.43522 46.29863 12 42.56386 45.56906 12 42.81724 44.87292 12 43.18765 44.23134 12 43.66384 43.66384 12 44.23134 43.18765 12 44.87292 42.81724 12 45.56906 42.56386 12 46.29863 42.43522 12 47.03946 42.43522 12 47.76903 42.56386 12 48.46517 42.81724 12 49.10675 43.18765 12 49.67425 43.66384 12 45.62218 59.30419 12 45.43698 59.58665 12 45.28214 59.77543 12 45.75721 58.99461 12 45.83823 58.66671 12 58.32986 45.86291 12 58.66671 45.83823 12 58.99461 45.75721 12 46.29863 50.90287 12 47.03946 50.90287 12 47.76903 50.77423 12 59.30419 45.62218 12 59.58665 45.43698 12 59.77543 45.28214 12 57.36127 45.60002 12 -44.87292 50.52085 12 -44.23134 50.15044 12 -47.19903 58.28595 12 -45.56906 50.77423 12 -50.15044 49.10675 12 -53.03301 53.03301 12 -50.52085 48.46517 12 -58.28595 47.19903 12 -50.77423 47.76903 12 -43.66384 43.66384 12 -44.23134 43.18765 12 -50.15044 44.23134 12 -49.67425 43.66384 12 -47.76903 50.77423 12 -47.03946 50.90287 12 -46.29863 50.90287 12 -44.87292 42.81724 12 -45.56906 42.56386 12 -46.29863 42.43522 12 -47.03946 42.43522 12 -47.76903 42.56386 12 -48.46517 42.81724 12 -49.10675 43.18765 12 -50.52085 44.87292 12 -50.77423 45.56906 12 -50.90287 46.29863 12 -49.67425 49.67425 12 -49.10675 50.15044 12 -48.46517 50.52085 12 -43.66384 49.67425 12 -43.18765 49.10675 12 -42.81724 48.46517 12 -42.56386 47.76903 12 -42.43522 47.03946 12 -42.43522 46.29863 12 -42.56386 45.56906 12 -42.81724 44.87292 12 -43.18765 44.23134 12 -50.90287 47.03946 12 -3.38074 66.90586 0 -3.486681 66.30505 0 -22.80419 56.33452 0 52.67946 52.67946 0 49.67425 49.67425 0 49.10675 50.15044 0 42.43522 46.29863 0 42.56386 45.56906 0 22.80419 56.33452 0 42.81724 44.87292 0 43.18765 44.23134 0 43.66384 43.66384 0 45.56906 42.56386 0 46.29863 42.43522 0 56.33452 22.80419 0 47.03946 42.43522 0 47.76903 42.56386 0 48.46517 42.81724 0 49.10675 43.18765 0 46.88437 57.89737 0 48.46517 50.52085 0 47.76903 50.77423 0 43.66384 49.67425 0 43.18765 49.10675 0 42.81724 48.46517 0 42.56386 47.76903 0 42.43522 47.03946 0 44.23134 43.18765 0 44.87292 42.81724 0 49.67425 43.66384 0 69.55175 26.69841 0 40.57561 62.48096 0 44.87292 50.52085 0 33.82229 66.37999 0 44.23134 50.15044 0 26.69841 69.55175 0 66.37999 33.82229 0 50.15044 44.23134 0 62.48096 40.57561 0 47.03946 50.90287 0 46.29863 50.90287 0 45.56906 50.77423 0 50.90287 47.03946 0 50.77423 47.76903 0 57.89737 46.88437 0 50.52085 48.46517 0 50.15044 49.10675 0 50.52085 44.87292 0 50.77423 45.56906 0 50.90287 46.29863 0 19.28202 71.96148 0 11.65437 73.58279 0 3.172077 67.47917 0 2.867032 68.00752 0 2.474874 68.47488 0 3.899029 74.3979 0 2.007518 68.86704 0 1.479164 69.17208 0 -2.867032 68.00752 0 -3.172077 67.47917 0 -11.65437 73.58279 0 -3.486681 65.69496 0 -3.38074 65.09414 0 -3.172077 64.52084 0 0 33.53033 0 1.479164 62.82792 0 2.007518 63.13297 0 2.474874 63.52512 0 0.9058667 69.38074 0 0.3050451 69.48669 0 -3.899029 74.3979 0 -0.3050451 69.48669 0 -0.9058667 69.38074 0 -2.867032 63.99248 0 -2.474874 63.52512 0 -2.007518 63.13297 0 -0.3050451 62.51332 0 0.3050451 62.51332 0 0.9058667 62.61926 0 -1.479164 62.82792 0 -0.9058667 62.61926 0 2.867032 63.99248 0 3.172077 64.52084 0 3.38074 65.09414 0 -1.479164 69.17208 0 -2.007518 68.86704 0 -2.474874 68.47488 0 3.486681 65.69496 0 3.486681 66.30505 0 3.38074 66.90586 0 -19.28202 71.96148 0 -26.69841 69.55175 0 -42.43522 47.03946 0 -42.56386 47.76903 0 -50.15044 49.10675 0 -50.52085 48.46517 0 -63.50674 38.95053 0 -50.77423 47.76903 0 -50.90287 47.03946 0 -50.90287 46.29863 0 -44.87292 42.81724 0 -56.33452 22.80419 0 -45.56906 42.56386 0 -46.29863 42.43522 0 -42.81724 48.46517 0 -43.18765 49.10675 0 -43.66384 49.67425 0 -33.82229 66.37999 0 -44.23134 50.15044 0 -38.95053 63.50674 0 -44.87292 50.52085 0 -45.56906 50.77423 0 -48.46517 42.81724 0 -47.76903 42.56386 0 -47.03946 42.43522 0 -42.81724 44.87292 0 -42.56386 45.56906 0 -42.43522 46.29863 0 -50.77423 45.56906 0 -50.52085 44.87292 0 -66.37999 33.82229 0 -50.15044 44.23134 0 -69.55175 26.69841 0 -49.67425 43.66384 0 -49.10675 43.18765 0 -44.23134 43.18765 0 -43.66384 43.66384 0 -43.18765 44.23134 0 -46.29863 50.90287 0 -47.03946 50.90287 0 -47.76903 50.77423 0 -48.46517 50.52085 0 -49.10675 50.15044 0 -49.67425 49.67425 0 -62.48096 40.57561 0 -57.89737 46.88437 0 -52.67946 52.67946 0 -46.88437 57.89737 0 -40.57561 62.48096 0 -74.3979 3.899029 0 -73.58279 11.65437 0 -71.96148 19.28202 0 -56.33452 -22.80419 0 -69.55175 -26.69841 0 -71.96148 -19.28202 0 -73.58279 -11.65437 0 -74.3979 -3.899029 0 -33.53033 0 0 -50.77423 -45.56906 0 -50.90287 -46.29863 0 -63.50674 -38.95053 0 -50.90287 -47.03946 0 -42.56386 -47.76903 0 -42.43522 -47.03946 0 -22.80419 -56.33452 0 -42.43522 -46.29863 0 -42.56386 -45.56906 0 -44.23134 -43.18765 0 -44.87292 -42.81724 0 -45.56906 -42.56386 0 -46.29863 -42.43522 0 -47.03946 -42.43522 0 -47.76903 -42.56386 0 -42.81724 -44.87292 0 -43.18765 -44.23134 0 -43.66384 -43.66384 0 -46.29863 -50.90287 0 -38.95053 -63.50674 0 -47.03946 -50.90287 0 -47.76903 -50.77423 0 -43.66384 -49.67425 0 -43.18765 -49.10675 0 -42.81724 -48.46517 0 -45.56906 -50.77423 0 -44.87292 -50.52085 0 -33.82229 -66.37999 0 -44.23134 -50.15044 0 -26.69841 -69.55175 0 -48.46517 -42.81724 0 -49.10675 -43.18765 0 -49.67425 -43.66384 0 -66.37999 -33.82229 0 -50.15044 -44.23134 0 -50.52085 -44.87292 0 -50.77423 -47.76903 0 -50.52085 -48.46517 0 -50.15044 -49.10675 0 -49.67425 -49.67425 0 -49.10675 -50.15044 0 -48.46517 -50.52085 0 -62.48096 -40.57561 0 -40.57561 -62.48096 0 -57.89737 -46.88437 0 -46.88437 -57.89737 0 -52.67946 -52.67946 0 -19.28202 -71.96148 0 -11.65437 -73.58279 0 22.80419 -56.33452 0 3.38074 -65.09414 0 3.172077 -64.52084 0 1.479164 -62.82792 0 0.9058667 -62.61926 0 0 -33.53033 0 0.3050451 -62.51332 0 -0.3050451 -62.51332 0 -2.474874 -63.52512 0 -2.867032 -63.99248 0 -3.172077 -64.52084 0 -3.38074 -65.09414 0 -3.486681 -65.69496 0 -3.486681 -66.30505 0 -3.38074 -66.90586 0 -3.172077 -67.47917 0 2.867032 -63.99248 0 2.474874 -63.52512 0 2.007518 -63.13297 0 11.65437 -73.58279 0 2.867032 -68.00752 0 3.172077 -67.47917 0 3.38074 -66.90586 0 3.486681 -66.30505 0 3.486681 -65.69496 0 -0.9058667 -62.61926 0 -1.479164 -62.82792 0 -2.007518 -63.13297 0 -2.867032 -68.00752 0 -2.474874 -68.47488 0 -3.899029 -74.3979 0 -2.007518 -68.86704 0 -1.479164 -69.17208 0 -0.9058667 -69.38074 0 -0.3050451 -69.48669 0 3.899029 -74.3979 0 0.3050451 -69.48669 0 0.9058667 -69.38074 0 1.479164 -69.17208 0 2.007518 -68.86704 0 2.474874 -68.47488 0 19.28202 -71.96148 0 26.69841 -69.55175 0 45.56906 -42.56386 0 44.87292 -42.81724 0 56.33452 -22.80419 0 42.81724 -44.87292 0 42.56386 -45.56906 0 40.57561 -62.48096 0 45.56906 -50.77423 0 46.88437 -57.89737 0 46.29863 -50.90287 0 47.03946 -50.90287 0 47.76903 -50.77423 0 48.46517 -50.52085 0 52.67946 -52.67946 0 49.10675 -50.15044 0 44.23134 -43.18765 0 43.66384 -43.66384 0 43.18765 -44.23134 0 42.43522 -46.29863 0 42.43522 -47.03946 0 42.56386 -47.76903 0 49.67425 -49.67425 0 50.15044 -49.10675 0 57.89737 -46.88437 0 50.52085 -48.46517 0 50.77423 -47.76903 0 42.81724 -48.46517 0 43.18765 -49.10675 0 43.66384 -49.67425 0 33.82229 -66.37999 0 44.23134 -50.15044 0 44.87292 -50.52085 0 50.90287 -47.03946 0 50.90287 -46.29863 0 62.48096 -40.57561 0 50.77423 -45.56906 0 50.52085 -44.87292 0 66.37999 -33.82229 0 50.15044 -44.23134 0 69.55175 -26.69841 0 49.67425 -43.66384 0 49.10675 -43.18765 0 48.46517 -42.81724 0 47.76903 -42.56386 0 47.03946 -42.43522 0 46.29863 -42.43522 0 74.3979 -3.899029 0 73.58279 -11.65437 0 71.96148 -19.28202 0 33.53033 0 0 74.3979 3.899029 0 73.58279 11.65437 0 71.96148 19.28202 0 59 0 18.5 0 -59 18.5 -59 0 18.5 0 59 18.5 45.20689 59.83391 17 45.43698 59.58665 17 45.62218 59.30419 17 45.75721 58.99461 17 45.83823 58.66671 17 45.86291 58.32986 17 45.83055 57.99366 17 45.74208 57.6677 17 45.60002 57.36127 17 44.53496 59.09329 18 59.83391 45.20689 17 57.36127 45.60002 17 57.6677 45.74208 17 57.99366 45.83055 17 58.32986 45.86291 17 58.66671 45.83823 17 58.99461 45.75721 17 59.30419 45.62218 17 59.58665 45.43698 17 -44.19496 -40.12085 17.17274 45.06476 59.95137 12 59.95137 45.06476 12 59.83391 45.20689 12 2.12132 68.12133 0.5 2.457456 67.72073 0.5 2.718923 67.26786 0.5 2.897778 66.77645 0.5 2.988584 66.26147 0.5 2.988584 65.73854 0.5 2.897778 65.22354 0.5 2.718923 64.73214 0.5 2.457456 64.27928 0.5 2.12132 63.87868 0.5 1.720729 63.54254 0.5 1.267855 63.28107 0.5 0.7764571 63.10222 0.5 0.2614672 63.01141 0.5 -0.2614672 63.01141 0.5 -0.7764571 63.10222 0.5 -1.267855 63.28107 0.5 -1.720729 63.54254 0.5 -2.12132 63.87868 0.5 -2.457456 64.27928 0.5 -2.718923 64.73214 0.5 -2.897778 65.22354 0.5 -2.988584 65.73854 0.5 -2.988584 66.26147 0.5 -2.897778 66.77645 0.5 -2.718923 67.26786 0.5 -2.457456 67.72073 0.5 -2.12132 68.12133 0.5 -1.720729 68.45745 0.5 -1.267855 68.71893 0.5 -0.7764571 68.89778 0.5 -0.2614672 68.98859 0.5 0.2614672 68.98859 0.5 0.7764571 68.89778 0.5 1.267855 68.71893 0.5 1.720729 68.45745 0.5 2.12132 -63.87868 0.5 2.457456 -64.27928 0.5 2.718923 -64.73214 0.5 2.897778 -65.22354 0.5 2.988584 -65.73854 0.5 2.988584 -66.26147 0.5 2.897778 -66.77645 0.5 2.718923 -67.26786 0.5 2.457456 -67.72073 0.5 2.12132 -68.12133 0.5 1.720729 -68.45745 0.5 1.267855 -68.71893 0.5 0.7764571 -68.89778 0.5 0.2614672 -68.98859 0.5 -0.2614672 -68.98859 0.5 -0.7764571 -68.89778 0.5 -1.267855 -68.71893 0.5 -1.720729 -68.45745 0.5 -2.12132 -68.12133 0.5 -2.457456 -67.72073 0.5 -2.718923 -67.26786 0.5 -2.897778 -66.77645 0.5 -2.988584 -66.26147 0.5 -2.988584 -65.73854 0.5 -2.897778 -65.22354 0.5 -2.718923 -64.73214 0.5 -2.457456 -64.27928 0.5 -2.12132 -63.87868 0.5 -1.720729 -63.54254 0.5 -1.267855 -63.28107 0.5 -0.7764571 -63.10222 0.5 -0.2614672 -63.01141 0.5 0.2614672 -63.01141 0.5 0.7764571 -63.10222 0.5 1.267855 -63.28107 0.5 1.720729 -63.54254 0.5 40.84793 62.90029 0.5 47.19903 58.28595 0.5 -40.84793 62.90029 0.5 -58.28595 47.19903 0.5 -53.03301 53.03301 0.5 -47.19903 58.28595 0.5 -62.90029 40.84793 0.5 -62.90029 -40.84793 0.5 -47.19903 -58.28595 0.5 -53.03301 -53.03301 0.5 -58.28595 -47.19903 0.5 -40.84793 -62.90029 0.5 40.84793 -62.90029 0.5 58.28595 -47.19903 0.5 53.03301 -53.03301 0.5 47.19903 -58.28595 0.5 62.90029 -40.84793 0.5 62.90029 40.84793 0.5 58.28595 47.19903 0.5 53.03301 53.03301 0.5 -74.07662 11.73258 0.5 -74.89722 -3.925197 0.5 -74.89722 3.925197 0.5 -74.07662 -11.73258 0.5 -34.04928 66.82549 0.5 -26.8776 70.01853 0.5 -19.41143 72.44445 0.5 -11.73258 74.07662 0.5 -3.925197 74.89722 0.5 3.925197 74.89722 0.5 11.73258 74.07662 0.5 19.41143 72.44445 0.5 26.8776 70.01853 0.5 34.04928 66.82549 0.5 -72.44445 19.41143 0.5 -70.01853 26.8776 0.5 -66.82549 34.04928 0.5 -66.82549 -34.04928 0.5 -70.01853 -26.8776 0.5 -72.44445 -19.41143 0.5 34.04928 -66.82549 0.5 26.8776 -70.01853 0.5 19.41143 -72.44445 0.5 11.73258 -74.07662 0.5 3.925197 -74.89722 0.5 -3.925197 -74.89722 0.5 -11.73258 -74.07662 0.5 -19.41143 -72.44445 0.5 -26.8776 -70.01853 0.5 -34.04928 -66.82549 0.5 66.82549 34.04928 0.5 70.01853 26.8776 0.5 72.44445 19.41143 0.5 74.07662 11.73258 0.5 74.89722 3.925197 0.5 74.89722 -3.925197 0.5 74.07662 -11.73258 0.5 72.44445 -19.41143 0.5 70.01853 -26.8776 0.5 66.82549 -34.04928 0.5 2.867032 68.00752 0 3.172077 67.47917 0 3.38074 66.90586 0 3.486681 66.30505 0 3.486681 65.69496 0 3.38074 65.09414 0 3.172077 64.52084 0 2.867032 63.99248 0 2.12132 63.87868 0.5 2.474874 63.52512 0 2.007518 63.13297 0 1.479164 62.82792 0 0.9058667 62.61926 0 0.3050451 62.51332 0 -0.3050451 62.51332 0 -0.9058667 62.61926 0 -1.479164 62.82792 0 -2.007518 63.13297 0 -2.12132 63.87868 0.5 -2.474874 63.52512 0 -2.867032 63.99248 0 -3.172077 64.52084 0 -3.38074 65.09414 0 -3.486681 65.69496 0 -3.486681 66.30505 0 -3.38074 66.90586 0 -3.172077 67.47917 0 -2.867032 68.00752 0 -2.12132 68.12133 0.5 -2.474874 68.47488 0 -2.007518 68.86704 0 -1.479164 69.17208 0 -0.9058667 69.38074 0 -0.3050451 69.48669 0 0.3050451 69.48669 0 0.9058667 69.38074 0 1.479164 69.17208 0 2.007518 68.86704 0 2.867032 -63.99248 0 3.172077 -64.52084 0 3.38074 -65.09414 0 3.486681 -65.69496 0 3.486681 -66.30505 0 3.38074 -66.90586 0 3.172077 -67.47917 0 2.867032 -68.00752 0 2.474874 -68.47488 0 2.007518 -68.86704 0 1.479164 -69.17208 0 0.9058667 -69.38074 0 0.3050451 -69.48669 0 -0.3050451 -69.48669 0 -0.9058667 -69.38074 0 -1.479164 -69.17208 0 -2.007518 -68.86704 0 -2.474874 -68.47488 0 -2.867032 -68.00752 0 -3.172077 -67.47917 0 -3.38074 -66.90586 0 -3.486681 -66.30505 0 -3.486681 -65.69496 0 -3.38074 -65.09414 0 -3.172077 -64.52084 0 -2.867032 -63.99248 0 -2.474874 -63.52512 0 -2.007518 -63.13297 0 -1.479164 -62.82792 0 -0.9058667 -62.61926 0 -0.3050451 -62.51332 0 0.3050451 -62.51332 0 0.9058667 -62.61926 0 1.479164 -62.82792 0 2.007518 -63.13297 0 -52.67946 -52.67946 0 -43.18765 -44.23134 0 -42.81724 -44.87292 0 -42.56386 -45.56906 0 -42.43522 -46.29863 0 -42.43522 -47.03946 0 -42.56386 -47.76903 0 -42.81724 -48.46517 0 -43.18765 -49.10675 0 -43.66384 -49.67425 0 -44.23134 -50.15044 0 -44.87292 -50.52085 0 -45.56906 -50.77423 0 -46.29863 -50.90287 0 -47.03946 -50.90287 0 -47.76903 -50.77423 0 -48.46517 -50.52085 0 -49.10675 -50.15044 0 -49.67425 -49.67425 0 -50.15044 -49.10675 0 -50.52085 -48.46517 0 -50.77423 -47.76903 0 -50.90287 -47.03946 0 -50.90287 -46.29863 0 -50.77423 -45.56906 0 -50.52085 -44.87292 0 -50.15044 -44.23134 0 -49.67425 -43.66384 0 -49.10675 -43.18765 0 -48.46517 -42.81724 0 -47.76903 -42.56386 0 -47.03946 -42.43522 0 -46.29863 -42.43522 0 -45.56906 -42.56386 0 -44.87292 -42.81724 0 -44.23134 -43.18765 0 50.15044 -44.23134 0 50.52085 -44.87292 0 50.77423 -45.56906 0 50.90287 -46.29863 0 50.90287 -47.03946 0 50.77423 -47.76903 0 50.52085 -48.46517 0 50.15044 -49.10675 0 49.67425 -49.67425 0 49.10675 -50.15044 0 48.46517 -50.52085 0 47.76903 -50.77423 0 47.03946 -50.90287 0 46.29863 -50.90287 0 45.56906 -50.77423 0 44.87292 -50.52085 0 44.23134 -50.15044 0 43.66384 -49.67425 0 43.18765 -49.10675 0 42.81724 -48.46517 0 42.56386 -47.76903 0 42.43522 -47.03946 0 42.43522 -46.29863 0 42.56386 -45.56906 0 42.81724 -44.87292 0 43.18765 -44.23134 0 43.66384 -43.66384 0 44.23134 -43.18765 0 44.87292 -42.81724 0 45.56906 -42.56386 0 46.29863 -42.43522 0 47.03946 -42.43522 0 47.76903 -42.56386 0 48.46517 -42.81724 0 49.10675 -43.18765 0 50.15044 49.10675 0 50.52085 48.46517 0 50.77423 47.76903 0 50.90287 47.03946 0 50.90287 46.29863 0 50.77423 45.56906 0 50.52085 44.87292 0 50.15044 44.23134 0 49.67425 43.66384 0 49.10675 43.18765 0 48.46517 42.81724 0 47.76903 42.56386 0 47.03946 42.43522 0 46.29863 42.43522 0 45.56906 42.56386 0 44.87292 42.81724 0 44.23134 43.18765 0 43.66384 43.66384 0 43.18765 44.23134 0 42.81724 44.87292 0 42.56386 45.56906 0 42.43522 46.29863 0 42.43522 47.03946 0 42.56386 47.76903 0 42.81724 48.46517 0 43.18765 49.10675 0 43.66384 49.67425 0 44.23134 50.15044 0 44.87292 50.52085 0 45.56906 50.77423 0 46.29863 50.90287 0 47.03946 50.90287 0 47.76903 50.77423 0 48.46517 50.52085 0 49.10675 50.15044 0 -43.18765 49.10675 0 -42.81724 48.46517 0 -42.56386 47.76903 0 -42.43522 47.03946 0 -42.43522 46.29863 0 -42.56386 45.56906 0 -42.81724 44.87292 0 -43.18765 44.23134 0 -43.66384 43.66384 0 -44.23134 43.18765 0 -44.87292 42.81724 0 -45.56906 42.56386 0 -46.29863 42.43522 0 -47.03946 42.43522 0 -47.76903 42.56386 0 -48.46517 42.81724 0 -49.10675 43.18765 0 -49.67425 43.66384 0 -50.15044 44.23134 0 -50.52085 44.87292 0 -50.77423 45.56906 0 -50.90287 46.29863 0 -50.90287 47.03946 0 -50.77423 47.76903 0 -50.52085 48.46517 0 -50.15044 49.10675 0 -49.67425 49.67425 0 -49.10675 50.15044 0 -48.46517 50.52085 0 -47.76903 50.77423 0 -47.03946 50.90287 0 -46.29863 50.90287 0 -45.56906 50.77423 0 -44.87292 50.52085 0 -44.23134 50.15044 0</float_array>
          <technique_common>
            <accessor source="#Base_001-mesh-positions-array" count="4399" stride="3">
              <param name="X" type="float"/>
              <param name="Y" type="float"/>
              <param name="Z" type="float"/>
            </accessor>
          </technique_common>
        </source>
        <source id="Base_001-mesh-normals">
          <float_array id="Base_001-mesh-normals-array" count="21735">8.92274e-7 0 1 0 0 1 -6.69206e-7 0 1 9.20235e-7 0 1 1.67293e-6 0 1 -9.20235e-7 0 1 2.41104e-7 0 1 -2.23058e-6 0 1 9.25465e-7 0 1 3.48751e-7 0 1 -4.81484e-7 0 1 -1.78072e-6 0 1 -3.48751e-7 0 1 6.10468e-6 0 1 -1.51403e-6 0 1 9.88886e-6 0 1 -1.46079e-5 0 1 -1.446e-5 0 1 1.78072e-6 0 1 -4.57851e-6 0 1 1.51403e-6 0 1 -9.88886e-6 0 1 1.94772e-5 0 1 1.62124e-7 0 1 -1.62124e-7 0 1 1.65017e-7 0 1 -5.20722e-6 0 1 1.65043e-7 0 1 -1.297e-6 0 1 -1.65017e-7 0 1 3.29879e-7 0 1 -1.65043e-7 0 1 0 0 1 -1.30181e-6 0 1 0 0 1 2.47525e-7 0 1 -5.18798e-6 0 1 4.95051e-7 0 1 0 0 1 -1.65043e-7 0 1 0 0 1 -2.47525e-7 0 1 5.20722e-6 0 1 -1.65043e-7 0 1 -2.47525e-7 0 1 -1.64939e-7 0 1 0 0 1 0 0 1 1.30181e-6 0 1 0 0 1 0 0 1 5.18797e-6 0 1 -4.12542e-7 0 1 -5.20723e-6 0 1 3.29879e-7 0 1 1.65043e-7 0 1 5.18798e-6 0 1 -4.95051e-7 0 1 0 0 1 1.65043e-7 0 1 -1.65043e-7 0 1 1.297e-6 0 1 0 0 1 -3.30034e-7 0 1 1.65043e-7 0 1 -1.65017e-7 0 1 -5.18797e-6 0 1 0 0 1 0 0 1 4.12542e-7 0 1 5.20723e-6 0 1 -3.29879e-7 0 1 -0.9967784 0.08011758 -0.00376147 -0.9961616 0.08750277 -0.002315104 -0.9954944 0.09481316 -0.001137435 -0.9948353 0.1015007 -4.95311e-4 -0.9935298 0.113572 -5.33888e-5 -0.9932106 0.1163307 7.79651e-7 -0.9930963 0.1173018 8.48538e-7 -0.9930445 0.1177403 3.66527e-6 -0.9929599 0.1184515 -1.71209e-5 -0.9943128 0.1064988 -5.71405e-5 -0.9938387 0.1108372 -2.96361e-7 -0.9937054 0.1120254 -3.06364e-7 -0.9934239 0.1144946 3.12086e-5 -0.9974222 0.07150167 -0.006042122 -0.9946978 0.1028134 0.00241059 -0.9949571 0.1002834 0.001928567 -0.9953111 0.09671723 0.001276612 -0.9957825 0.0917434 7.20712e-4 -0.9962976 0.0859723 2.1157e-4 -0.9968818 0.07890969 1.29867e-7 -0.9974491 0.07138258 1.20323e-7 -0.9980357 0.06264591 4.54233e-4 -0.9982076 0.05984139 -8.71002e-4 -0.9977049 0.06769233 -0.001639306 -0.9990256 0.0440641 0.002542018 -0.9985501 0.05381757 0.001226484 -0.9986644 0.05166858 -1.49679e-4 -0.9993524 0.03598445 1.02665e-4 -0.9991047 0.04230642 -2.52614e-4 -0.9996631 0.025954 4.06206e-4 -0.9998648 0.01640236 0.001242876 -0.9999781 0.006139695 0.002494931 -0.9999861 -0.003246605 0.004151403 -0.9998973 -0.01294982 0.006147563 -0.9999779 -0.006164193 -0.002494931 -0.9999861 0.003264844 -0.004151403 -0.9998973 0.01294982 -0.006147563 -0.9997325 -0.02153199 0.008448719 -0.9994893 -0.03002971 0.01092654 -0.9994894 0.03002411 -0.01092654 -0.9997325 0.02153199 -0.008448719 -0.9986644 -0.05166858 1.49679e-4 -0.9993526 -0.03597903 -1.02663e-4 -0.9991047 -0.04230642 2.52609e-4 -0.9996632 -0.02594727 -4.06206e-4 -0.999865 -0.01638901 -0.001242876 -0.9967784 -0.08011758 0.00376147 -0.9960823 -0.0884003 0.002314984 -0.9954962 -0.09479522 0.001137435 -0.9948334 -0.1015195 4.95311e-4 -0.9935299 -0.1135719 5.33888e-5 -0.9932106 -0.1163307 -7.79651e-7 -0.9931972 -0.1164448 -8.48625e-7 -0.9930445 -0.1177403 -3.66527e-6 -0.992971 -0.1183581 1.7121e-5 -0.9943158 -0.1064713 5.71407e-5 -0.9938344 -0.1108747 2.96359e-7 -0.9937054 -0.1120254 3.06364e-7 -0.9934239 -0.1144946 -3.12086e-5 -0.9974223 -0.07150119 0.006042063 -0.9946991 -0.1028011 -0.00241059 -0.9949494 -0.1003593 -0.001928567 -0.9953133 -0.09669542 -0.001276612 -0.9957824 -0.09174329 -7.20712e-4 -0.9962976 -0.0859723 -2.1157e-4 -0.9968847 -0.07887321 -1.29867e-7 -0.9974488 -0.07138687 -1.20323e-7 -0.9980366 -0.06263178 -4.54234e-4 -0.9982075 -0.05984145 8.71003e-4 -0.9977048 -0.0676949 0.001639306 -0.9990256 -0.0440641 -0.002542018 -0.998549 -0.053837 -0.001226484 -0.610598 -0.5972351 0.5200773 -0.5216426 -0.546227 0.6553816 -0.6805089 -0.732164 0.02904355 -0.6784305 -0.6795593 0.2791618 -0.7181413 -0.6842492 0.1267919 -0.5055806 -0.5302417 0.6806116 -0.6220623 -0.5585491 0.5486909 -0.6324009 -0.5482513 0.5472564 -0.6380987 -0.5600509 0.5283684 -0.6536995 -0.5634416 0.5051836 -0.6747278 -0.5786338 0.4581762 -0.7035034 -0.6055365 0.372033 -0.721513 -0.6331757 0.2801921 -0.7179822 -0.6367388 0.2811856 -0.7245888 -0.6665707 0.1750847 -0.7227349 -0.6683698 0.1758868 -0.7178164 -0.6917499 0.07887828 -0.7162532 -0.6929782 0.08223485 -0.6348167 -0.6612402 0.3997114 -0.6851597 -0.6999075 0.2017073 -0.6848348 -0.6889911 0.2372604 -0.6653987 -0.7070046 0.2395605 -0.6635271 -0.6969727 0.2719579 -0.6759825 -0.7186401 0.1631075 -0.6758667 -0.7062883 0.2106205 -0.6901594 -0.7132708 0.122167 -0.6975073 -0.7063364 0.1207165 -0.6956537 -0.6900578 0.199715 -0.7003044 -0.6945912 0.1646718 -0.6906942 -0.6681134 0.2767059 -0.7128512 -0.6866271 0.1427807 -0.7000092 -0.6089116 0.3731138 -0.7220948 -0.6467599 0.2455216 -0.7171692 -0.651521 0.2473633 -0.7208619 -0.6666117 0.1897026 -0.7163329 -0.6859788 0.1276724 -0.7135918 -0.6965022 0.07531005 -0.7147048 -0.6953619 0.07529282 -0.7170493 -0.6910939 0.09071785 -0.5343974 -0.5216869 0.6650279 -0.5782795 -0.5522328 0.6005263 -0.5876112 -0.5435304 0.5994064 -0.6459252 -0.5930894 0.4806513 -0.6067613 -0.6387544 0.4731104 -0.6464462 -0.6533438 0.3940168 -0.5873481 -0.6191218 0.5212587 -0.6301982 -0.6412638 0.4377568 -0.5765393 -0.6016872 0.5527884 -0.5261186 -0.5294576 0.6654877 -0.4922391 -0.5098365 0.7055264 -0.502599 -0.5213789 0.6896075 -0.589389 -0.5808708 0.5614354 -0.6051652 -0.5663571 0.5594773 -0.624588 -0.5839275 0.5185735 -0.6557534 -0.622239 0.4275585 -0.700607 -0.6760444 0.228285 -0.6919466 -0.6599309 0.2927476 -0.6859004 -0.6375005 0.3509042 -0.6850851 -0.6362834 0.3546856 -0.6725061 -0.6064328 0.4242343 -0.6570236 -0.5890757 0.4704359 -0.6553556 -0.583997 0.4790162 -0.6445152 -0.5661162 0.5139189 -0.6358943 -0.5741859 0.5157026 -0.574962 -0.5247121 0.6277706 -0.5608252 -0.5383328 0.6290254 -0.5467934 -0.5713205 0.6120539 -0.6180647 -0.6227022 0.4798315 -0.6344246 -0.6075184 0.4779402 -0.6499528 -0.6229069 0.4353716 -0.6699627 -0.6524381 0.3542241 -0.6574038 -0.6432029 0.3925689 -0.674143 -0.6622995 0.3269414 -0.6505681 -0.6841767 0.3296416 -0.6445235 -0.6806359 0.3483167 -0.6746665 -0.5802689 0.4561943 -0.708891 -0.6237955 0.3291699 -0.7053496 -0.627125 0.3304486 -0.7129991 -0.6428595 0.2799359 -0.7160967 -0.6712777 0.1912898 -0.7119676 -0.6632806 0.2305672 -0.7143273 -0.6828168 0.1532901 -0.7053577 -0.7070479 0.05053406 -0.7239093 -0.6581227 0.2069536 -0.6521699 -0.5649372 0.5054903 -0.685366 -0.5998486 0.412862 -0.6828724 -0.6021693 0.413615 -0.6979755 -0.6239897 0.3513792 -0.7052646 -0.6502972 0.2823394 -0.7043158 -0.6482393 0.289353 -0.7067134 -0.6683727 0.2320221 -0.7071557 -0.669734 0.2266877 -0.7051599 -0.6915974 0.1563413 -0.7045965 -0.6904876 0.1636177 -0.6997596 -0.7124664 0.05223202 -0.6964415 -0.7090553 0.1104992 -0.6961364 -0.7114476 0.09610623 -0.6835436 -0.7294613 0.02558261 -0.6774264 -0.7307226 0.08448725 -0.7002034 -0.7124018 0.04689389 -0.7301655 -0.6826425 0.02928519 -0.6942031 -0.7154046 0.0792362 -0.645459 -0.6458074 0.4078181 -0.6477336 -0.6030788 0.4655504 -0.5347483 -0.5257195 0.6615612 -0.6853086 -0.7231605 0.08597165 -0.692332 -0.7160805 0.08891046 -0.6337267 -0.7211632 0.2798469 -0.6180242 -0.7057407 0.3463758 -0.6050135 -0.7042101 0.3715466 -0.6106281 -0.6986019 0.372946 -0.573839 -0.6771783 0.460585 -0.5646846 -0.6424611 0.5180494 -0.5481719 -0.633498 0.5460658 -0.537957 -0.507845 0.6728267 -0.6071342 -0.6217852 0.4947438 -0.6037807 -0.5947128 0.5308161 -0.593334 -0.605803 0.5300542 -0.595981 -0.5532146 0.5820314 -0.5557678 -0.5081706 0.6579398 -0.5540331 -0.5571383 0.6185825 -0.5564485 -0.5546327 0.6186661 -0.6396218 -0.6865637 0.3457085 -0.661346 -0.6919618 0.2895005 -0.6495156 -0.7044754 0.2860841 -0.6691141 -0.706576 0.230297 -0.5357581 -0.6066744 0.5872899 -0.5583019 -0.6230818 0.5477849 -0.5792605 -0.6477589 0.494839 -0.5745425 -0.6528008 0.4937127 -0.5901799 -0.6574735 0.4684191 -0.6618838 -0.7202437 0.2077473 -0.5266513 -0.5750688 0.6260467 -0.5480688 -0.5937725 0.5891136 -0.5700492 -0.6223809 0.5363638 -0.5722673 -0.6198744 0.536904 -0.6155733 -0.6653121 0.4224093 -0.6080374 -0.6732277 0.4207792 -0.6375197 -0.6850764 0.3524756 -0.6250837 -0.6983078 0.3487647 -0.6510674 -0.7051783 0.2807756 -0.6466379 -0.7098081 0.2793421 -0.6613794 -0.7145727 0.2279548 -0.562876 -0.6583116 0.4997966 -0.5824637 -0.6683342 0.4626722 -0.6007771 -0.6856152 0.4110946 -0.5979427 -0.6886029 0.4102324 -0.6309469 -0.7020549 0.3301894 -0.6240057 -0.7093428 0.3277954 -0.6522476 -0.7168906 0.2462537 -0.6658978 -0.7252424 0.1749392 -0.6752794 -0.7200576 0.1597337 -0.6798992 -0.7200903 0.1385899 -0.6859695 -0.7187722 0.1131924 -0.7111119 -0.6987982 0.07746577 -0.7023807 -0.7079026 0.07439976 -0.7058407 -0.6991468 0.1139419 -0.7185674 -0.6856033 0.1166577 -0.6821277 -0.6598957 0.3150229 -0.6988487 -0.6649095 0.2636395 -0.6764289 -0.640416 0.3637464 -0.6882584 -0.6408883 0.3399451 -0.6691992 -0.631112 0.3922627 -0.6486244 -0.6223949 0.4380767 -0.6439898 -0.6273488 0.4378479 -0.6769679 -0.6639134 0.3177003 -0.6702758 -0.6709424 0.3171225 -0.6983805 -0.6890487 0.1935886 -0.6859197 -0.7021145 0.1911793 -0.7017022 -0.7006436 0.1292771 -0.6894864 -0.7133675 0.1253612 -0.7018067 -0.7081778 0.07714641 -0.7482619 -0.6563792 0.09628272 -0.7121872 -0.701352 0.02991491 -0.5517073 -0.6813821 0.4809756 -0.7197222 -0.6934274 0.03403723 -0.7294729 -0.6826519 0.04307812 -0.7171106 -0.6833903 0.1368576 -0.6367108 -0.7181252 0.2808838 -0.6666789 -0.7245086 0.1750043 -0.6518403 -0.7170934 0.2467418 -0.678093 -0.72188 0.1381278 -0.6642386 -0.717878 0.2084186 -0.6864357 -0.718416 0.1126262 -0.6662022 -0.7147581 0.2128275 -0.6759358 -0.7155446 0.176371 -0.6816909 -0.709585 0.1782884 -0.6594624 -0.6940178 0.288875 -0.6667881 -0.6948797 0.2693248 -0.6768406 -0.6843501 0.2712044 -0.6570874 -0.6679346 0.3494275 -0.6332116 -0.6587085 0.406382 -0.6078965 -0.6335679 0.4785954 -0.5982325 -0.631161 0.4937142 -0.5634676 -0.5903017 0.5779692 -0.5621754 -0.5916616 0.5778368 -0.5406828 -0.5605103 0.627288 -0.5216165 -0.5397251 0.6607672 0.7124351 -0.7001773 0.0467754 0.6826032 -0.7302039 0.02924394 0.7155264 -0.6941353 0.07872939 0.6458219 -0.645457 0.4077981 0.6030396 -0.6477552 0.4655712 0.5258061 -0.5345285 0.6616701 0.7231023 -0.6853335 0.08626222 0.7158805 -0.6925365 0.08892923 0.721327 -0.6335335 0.2798619 0.7057057 -0.6180738 0.3463586 0.7040696 -0.6051182 0.3716422 0.6985749 -0.6106558 0.3729515 0.6772532 -0.5738396 0.4604741 0.6424611 -0.5646846 0.5180494 0.6335425 -0.5481078 0.5460786 0.5080042 -0.5380243 0.6726527 0.6216909 -0.6071403 0.4948545 0.5947218 -0.603706 0.5308908 0.6058206 -0.5934137 0.529945 0.5532343 -0.5959473 0.5820469 0.5081307 -0.5558058 0.6579387 0.5571525 -0.5541061 0.6185042 0.5546514 -0.5564067 0.6186869 0.6865492 -0.6395614 0.345849 0.691948 -0.6613433 0.2895392 0.7044383 -0.6494815 0.2862526 0.7065845 -0.6691974 0.2300289 0.6067956 -0.5359132 0.5870233 0.6230974 -0.5581607 0.5479108 0.6476957 -0.5793588 0.4948067 0.6528551 -0.5744733 0.4937212 0.657467 -0.5902355 0.4683579 0.7202159 -0.6619108 0.2077575 0.5750709 -0.5266888 0.6260132 0.5940812 -0.5481473 0.5887293 0.6223254 -0.5699759 0.5365059 0.6199302 -0.5723215 0.5367817 0.6652936 -0.6155521 0.4224689 0.6732695 -0.6080865 0.4206413 0.6851062 -0.6375041 0.3524459 0.6981997 -0.6251195 0.3489167 0.7052 -0.6510286 0.280811 0.7099199 -0.6465978 0.279151 0.7147591 -0.6613348 0.2274991 0.6583682 -0.5628123 0.4997938 0.6684581 -0.5822807 0.4627234 0.6856248 -0.6008306 0.4110003 0.6886774 -0.5979661 0.4100732 0.7020515 -0.6310304 0.3300367 0.7094216 -0.6240176 0.327602 0.716766 -0.6522244 0.2466775 0.7252454 -0.6659841 0.1745977 0.7200118 -0.675268 0.1599881 0.7200241 -0.6800613 0.1381374 0.7189225 -0.6858872 0.1127359 0.6988317 -0.7110829 0.07742899 0.7078737 -0.7024102 0.07439672 0.699182 -0.7058043 0.1139507 0.6856281 -0.7185178 0.1168178 0.6598598 -0.6822047 0.3149315 0.6649545 -0.6988376 0.2635555 0.6404545 -0.6764202 0.3636946 0.6408729 -0.6881799 0.340133 0.6312069 -0.6691892 0.392127 0.6223662 -0.6486483 0.438082 0.6273289 -0.6440311 0.4378157 0.663941 -0.6769503 0.3176802 0.6709612 -0.6703107 0.317009 0.6890602 -0.6983342 0.193715 0.7021428 -0.68589 0.1911818 0.7006011 -0.7017164 0.1294307 0.713494 -0.6894391 0.1249005 0.7080863 -0.7018874 0.07725274 0.655867 -0.7487491 0.09598684 0.7012676 -0.7122801 0.02968078 0.6815612 -0.5514968 0.4809633 0.6934117 -0.7197408 0.03396344 0.6826292 -0.7294749 0.04340368 0.6833884 -0.7171212 0.136812 0.7179746 -0.6367522 0.2811747 0.7244383 -0.666688 0.1752607 0.7171648 -0.6518634 0.2464726 0.722034 -0.6779949 0.1378043 0.7177948 -0.6642326 0.2087237 0.7181842 -0.6866726 0.1126597 0.7147458 -0.6660977 0.2131959 0.7155724 -0.6759046 0.1763779 0.7096717 -0.6816607 0.1780588 0.6939643 -0.6595232 0.2888646 0.6949527 -0.666827 0.2690399 0.6843018 -0.6768315 0.271349 0.6679623 -0.6569801 0.3495762 0.6587253 -0.6332684 0.4062663 0.6335496 -0.6078974 0.4786185 0.6311388 -0.5982597 0.4937096 0.5902717 -0.563471 0.5779965 0.5916528 -0.5622639 0.5777598 0.5607519 -0.5404973 0.6272321 0.5396562 -0.5213557 0.6610291 0.5971906 -0.6105154 0.5202255 0.5466703 -0.522145 0.6546115 0.732223 -0.680431 0.02937954 0.6795753 -0.6784091 0.2791745 0.68428 -0.7181129 0.1267869 0.5303838 -0.5054342 0.6806095 0.5584746 -0.6219385 0.5489068 0.5482373 -0.6325486 0.5470998 0.5600916 -0.6380881 0.5283381 0.563435 -0.6535331 0.5054064 0.5785598 -0.6747992 0.4581645 0.6053281 -0.7033578 0.372647 0.6330791 -0.7215986 0.2801899 0.636685 -0.7180235 0.2812018 0.6666147 -0.7245455 0.1750962 0.6684067 -0.7227027 0.175879 0.6917195 -0.7178723 0.07863533 0.692977 -0.7162538 0.08224105 0.6611526 -0.6347773 0.3999189 0.6999443 -0.6851189 0.2017179 0.6890005 -0.6848686 0.2371358 0.7069776 -0.6654657 0.2394538 0.6969764 -0.6635246 0.2719542 0.7186988 -0.6758658 0.1633325 0.7062357 -0.6759693 0.2104681 0.7132534 -0.6901853 0.1221225 0.7062983 -0.6975448 0.120723 0.6900759 -0.6956377 0.1997087 0.6945154 -0.7003741 0.1646955 0.6681372 -0.6906704 0.2767079 0.6866048 -0.7128719 0.1427848 0.6087477 -0.6998915 0.3736018 0.6468313 -0.7220253 0.2455376 0.6515708 -0.7171125 0.2473969 0.6666191 -0.7208922 0.1895611 0.6858584 -0.7164465 0.1276824 0.6966083 -0.7134644 0.0755344 0.6953321 -0.7147335 0.07529586 0.6911631 -0.7169857 0.09069389 0.521651 -0.5346366 0.6648639 0.5522808 -0.5782575 0.6005035 0.5435872 -0.5875513 0.5994136 0.5930546 -0.6461556 0.4803846 0.6388508 -0.6067524 0.472992 0.6531495 -0.6464272 0.39437 0.6192665 -0.5871507 0.5213092 0.641256 -0.6304133 0.4374584 0.6016469 -0.5764449 0.5529308 0.5291441 -0.5262399 0.6656412 0.5092997 -0.4922796 0.7058858 0.5213266 -0.5026178 0.6896333 0.5809422 -0.5892165 0.5615426 0.566344 -0.6049424 0.5597314 0.5838485 -0.6247348 0.5184856 0.6222693 -0.6557155 0.4275725 0.6760392 -0.7005541 0.2284623 0.6599877 -0.6919553 0.2925989 0.6374419 -0.685887 0.351037 0.6363016 -0.6850353 0.3547492 0.6063994 -0.6725553 0.4242042 0.5890287 -0.6569514 0.4705955 0.5840715 -0.6556792 0.4784824 0.566012 -0.6444392 0.5141289 0.5741925 -0.6358906 0.5156996 0.524836 -0.5752866 0.6273696 0.5387643 -0.561162 0.6283552 0.5713433 -0.5467424 0.6120783 0.6227633 -0.6181594 0.4796301 0.6075575 -0.6343947 0.4779302 0.6227861 -0.6500432 0.4354096 0.6525377 -0.6700059 0.3539587 0.643119 -0.6572806 0.3929123 0.6622796 -0.6741709 0.326924 0.6841652 -0.6506382 0.3295267 0.6807168 -0.644413 0.3483626 0.5804044 -0.6746743 0.4560102 0.6237779 -0.7089207 0.3291394 0.6271856 -0.7053889 0.3302496 0.6428968 -0.7130209 0.2797948 0.671279 -0.7160968 0.1912847 0.6631604 -0.7120608 0.2306248 0.6828243 -0.7143064 0.1533535 0.7070295 -0.7053679 0.0506494 0.6581286 -0.7240014 0.2066128 0.5649163 -0.6521959 0.5054801 0.5999148 -0.6853944 0.4127187 0.6021127 -0.6828144 0.4137932 0.6240947 -0.6979911 0.3511614 0.6502669 -0.7052927 0.2823389 0.6483084 -0.7042532 0.2893503 0.6683267 -0.7067553 0.2320263 0.66978 -0.7071101 0.2266939 0.6916078 -0.7051488 0.1563453 0.6904447 -0.7046853 0.1634159 0.7124704 -0.6997383 0.05246311 0.7090707 -0.6964379 0.1104224 0.7114127 -0.6961776 0.09606623 0.7294856 -0.6835135 0.02569186 0.7306752 -0.677461 0.08461958 0.6233931 -0.7361739 0.2634938 -0.5694512 -0.6725081 0.4727137 0.08683252 -0.1054348 0.990628 0.1661693 -0.2002521 0.96555 0.2589638 -0.3098025 0.9148553 0.5099807 -0.5360589 0.6727263 -0.01055991 -0.01290357 0.9998611 0.005479872 -0.01402938 0.9998866 0.006076514 -0.01377201 0.9998867 0.003879666 -0.007978856 0.9999607 -0.002518117 -0.01188999 0.9999262 -0.002517819 -0.01503336 0.9998839 -0.001879811 -0.01512134 0.999884 -0.1264268 -0.1504747 0.9804967 -0.2224466 -0.2645506 0.9383659 -0.3391451 -0.4025219 0.8502686 -0.3079161 -0.3644018 0.8788625 0.3079621 -0.3644229 0.8788375 0.2214981 -0.2633658 0.9389234 0.1252897 -0.1488324 0.9808932 0.04570698 -0.05415618 0.9974858 -0.04610109 -0.05464249 0.9974412 -0.0591315 -0.07143205 0.9956912 -0.05391681 -0.07551455 0.9956859 -0.05394703 -0.07558232 0.9956793 -0.04754042 -0.07978171 0.9956781 -0.04750549 -0.07973498 0.9956836 -0.04077219 -0.08338356 0.9956831 -0.0407266 -0.08335191 0.9956876 -0.03372931 -0.08643513 0.9956864 -0.03373819 -0.08652979 0.9956778 -0.02650296 -0.08901894 0.9956773 -0.02642357 -0.08877772 0.995701 -0.01901233 -0.0906496 0.9957014 -0.02190172 -0.1059502 0.9941302 -0.01338201 -0.1073771 0.9941284 -0.01169389 -0.09180009 0.9957089 -0.003823995 -0.09244298 0.9957107 -0.003834486 -0.09299331 0.9956594 0.003844857 -0.09297257 0.9956613 0.003817737 -0.0925374 0.9957019 0.01145398 -0.09190911 0.9957016 0.01150321 -0.09224641 0.9956699 0.01907736 -0.09099954 0.9956682 0.01900857 -0.09069508 0.9956973 0.02643966 -0.08880633 0.9956979 0.02648317 -0.08897852 0.9956814 0.03374111 -0.08648693 0.9956815 0.03959274 -0.1006857 0.9941302 0.04748421 -0.09720134 0.9941314 0.04053485 -0.08346402 0.9956861 0.04750335 -0.07969152 0.9956871 0.04755198 -0.07983988 0.995673 0.05401957 -0.07563501 0.9956713 0.05390894 -0.07555258 0.9956835 0.05916118 -0.07148224 0.9956859 0.009638428 -0.01181918 0.9998838 0.1718485 -0.2083631 0.9628359 0.1569761 -0.2199175 0.9628057 0.156964 -0.2198888 0.9628142 0.1382462 -0.2320964 0.9628185 0.1382898 -0.2321127 0.9628083 0.1186068 -0.2427203 0.9628185 0.1186594 -0.2427304 0.9628095 0.09816831 -0.2517039 0.9628127 0.09819215 -0.2516617 0.9628213 0.07706815 -0.258952 0.9628107 0.07707732 -0.2589254 0.9628171 0.055431 -0.2644317 0.9628101 0.05544131 -0.2644165 0.9628137 0.0334044 -0.268069 0.9628205 0.03341847 -0.2680981 0.9628119 0.01116317 -0.2699492 0.9628099 0.01116287 -0.2699304 0.9628152 -0.01116162 -0.269912 0.9628203 -0.01116394 -0.2699564 0.9628078 -0.0334044 -0.268069 0.9628205 -0.03341495 -0.2680836 0.9628161 -0.055431 -0.2644317 0.9628101 -0.05543953 -0.2644212 0.9628125 -0.07706815 -0.258952 0.9628107 -0.07707583 -0.2589223 0.9628181 -0.0981751 -0.2517213 0.9628074 -0.09818947 -0.2516562 0.962823 -0.1186326 -0.2427368 0.9628111 -0.1186383 -0.2427178 0.9628152 -0.1382733 -0.2321121 0.9628108 -0.1382666 -0.232093 0.9628163 -0.1569544 -0.2198871 0.9628162 -0.1569795 -0.2199152 0.9628057 -0.1720162 -0.208186 0.9628442 -0.09070497 -0.1102374 0.9897577 0.2759199 -0.3323827 0.9018814 0.251066 -0.3517276 0.9018058 0.2510606 -0.3516807 0.9018256 0.2211383 -0.371234 0.9018222 0.2211743 -0.3712245 0.9018173 0.1897684 -0.3882503 0.9018037 0.1897787 -0.3882351 0.901808 0.1570537 -0.4026201 0.9017934 0.1570693 -0.4025553 0.9018196 0.1232672 -0.4141321 0.9018315 0.1232845 -0.4141609 0.9018158 0.08866208 -0.4229513 0.9018045 0.0886656 -0.4229297 0.9018143 0.05344212 -0.428828 0.9018042 0.05345219 -0.428865 0.9017859 0.01785135 -0.43172 0.9018312 0.01785612 -0.4317839 0.9018004 -0.01785367 -0.4317764 0.901804 -0.01785492 -0.4317539 0.9018148 -0.05344212 -0.428828 0.9018042 -0.05345207 -0.4288645 0.9017861 -0.08865946 -0.4228957 0.9018308 -0.08866298 -0.422936 0.9018116 -0.1232672 -0.4141321 0.9018315 -0.1232836 -0.4141563 0.901818 -0.1570611 -0.4025929 0.9018043 -0.1570693 -0.4025669 0.9018145 -0.1897684 -0.38825 0.9018037 -0.1897718 -0.3882178 0.9018169 -0.2211383 -0.371234 0.9018222 -0.2211715 -0.371218 0.9018206 -0.2510495 -0.3517046 0.9018193 -0.2510902 -0.3517189 0.9018025 -0.2760424 -0.3323564 0.9018536 -0.1647846 -0.1986379 0.9661206 0.3715473 -0.444128 0.8152933 0.3365054 -0.4713978 0.8151983 0.3365047 -0.4714146 0.8151889 0.2964221 -0.4975733 0.8152023 0.2964652 -0.4976258 0.8151546 0.2543589 -0.5203786 0.8151735 0.25432 -0.5203428 0.8152085 0.2104966 -0.5395721 0.8152015 0.2105101 -0.5395825 0.8151909 0.165228 -0.5551097 0.8152013 0.1652557 -0.5551783 0.815149 0.11882 -0.5667883 0.8152503 0.1188443 -0.5668945 0.8151727 0.07162427 -0.5747328 0.8152007 0.07163166 -0.5747405 0.8151947 0.02393412 -0.578754 0.8151509 0.02392935 -0.5786455 0.8152282 -0.0239312 -0.5786843 0.8152005 -0.02393317 -0.5787377 0.8151626 -0.07163286 -0.574802 0.8151512 -0.07162481 -0.5746856 0.815234 -0.1188199 -0.5667884 0.8152502 -0.118849 -0.566914 0.8151587 -0.1652569 -0.5551756 0.8151504 -0.1652462 -0.5551561 0.8151659 -0.2104966 -0.5395718 0.8152015 -0.2105103 -0.53957 0.8151993 -0.254359 -0.5203782 0.8151738 -0.2543175 -0.5203501 0.8152045 -0.2964578 -0.4976331 0.8151528 -0.2964377 -0.4975796 0.8151928 -0.3365256 -0.4714266 0.8151734 -0.3364884 -0.4713916 0.815209 -0.3715773 -0.4441087 0.8152901 -0.2585698 -0.309363 0.9151154 0.4106672 -0.5752859 0.7073886 0.4106622 -0.5753152 0.7073676 0.3617995 -0.6072569 0.7073473 0.3617448 -0.607243 0.7073873 0.3104133 -0.6350571 0.7073515 0.3103864 -0.6350347 0.7073835 0.2569086 -0.6584823 0.7073889 0.2568933 -0.6585044 0.7073739 0.2016705 -0.6774814 0.7073528 0.2016493 -0.6774626 0.707377 0.1450356 -0.6918202 0.707354 0.1450418 -0.6918665 0.7073074 0.0874201 -0.7014328 0.7073541 0.08741372 -0.7014142 0.7073734 0.02920788 -0.7062556 0.7073542 0.02920329 -0.7062261 0.7073838 -0.0292055 -0.7062557 0.7073543 -0.02920401 -0.7062155 0.7073944 -0.0874201 -0.7014328 0.7073541 -0.08741289 -0.7014026 0.707385 -0.1450356 -0.69182 0.7073541 -0.1450389 -0.6918583 0.7073159 -0.2016614 -0.6774827 0.7073541 -0.2016473 -0.6774441 0.7073952 -0.256891 -0.6584855 0.7073924 -0.2568984 -0.6584914 0.7073842 -0.3103967 -0.6350231 0.7073893 -0.3103891 -0.6350693 0.7073511 -0.3618025 -0.6072936 0.7073143 -0.3617427 -0.6072221 0.7074062 -0.410667 -0.5752867 0.7073881 -0.4106801 -0.5753329 0.7073429 0.4725611 -0.6620287 0.581725 -0.5035093 -0.5319042 0.6808499 -0.4048271 -0.4802538 0.7781205 -0.4891462 -0.5758603 0.6550732 -0.4567835 -0.5394393 0.7073571 -0.5112838 -0.6037611 0.6116058 -0.5390015 -0.6356291 0.5526783 0.4725815 -0.6620334 0.5817031 0.4162682 -0.6987549 0.5817752 0.4162979 -0.6987621 0.5817453 0.357177 -0.730769 0.5817226 0.3571707 -0.7307406 0.5817624 0.2956161 -0.757766 0.5817233 0.2956382 -0.7577663 0.5817117 0.2320582 -0.7796198 0.5816718 0.2320447 -0.7795287 0.5817992 0.1668847 -0.7960472 0.5817718 0.1668868 -0.7960371 0.5817851 0.100591 -0.8071079 0.5817718 0.1005918 -0.8071287 0.5817427 0.03360563 -0.8126575 0.5817719 0.03360658 -0.8126645 0.581762 -0.03360682 -0.8126575 0.5817719 -0.03360545 -0.8126507 0.5817813 -0.100591 -0.807108 0.5817717 -0.1005918 -0.8071318 0.5817386 -0.1668995 -0.7961176 0.5816711 -0.1668823 -0.7960101 0.5818234 -0.2320376 -0.7795509 0.5817723 -0.2320569 -0.7795921 0.5817093 -0.2956334 -0.757762 0.5817198 -0.2956328 -0.7577694 0.5817103 -0.3571612 -0.7307367 0.5817729 -0.3571876 -0.730763 0.5817238 -0.4162681 -0.6987553 0.581775 -0.4162889 -0.6987494 0.5817672 -0.4725464 -0.6620347 0.5817301 -0.4725989 -0.6620373 0.5816846 -0.5256282 -0.6207791 0.5816772 -0.5523771 -0.6503221 0.5214986 0.5212333 -0.7302157 0.4417022 0.52126 -0.7301906 0.4417122 0.4591718 -0.7707881 0.4416412 0.4591841 -0.7707468 0.4417006 0.3939822 -0.8060615 0.4416366 0.3939814 -0.8060455 0.4416667 0.3260788 -0.8358403 0.4416373 0.3260691 -0.8357964 0.4417278 0.2559478 -0.8598796 0.441699 0.2559694 -0.8599271 0.441594 0.1840609 -0.8780168 0.4418235 0.1840983 -0.8781162 0.4416104 0.110953 -0.8903376 0.4415749 0.1109566 -0.8902809 0.4416887 0.03707146 -0.8964585 0.4415745 0.03707057 -0.8964425 0.441607 -0.03707146 -0.8964585 0.4415744 -0.03707063 -0.8964217 0.4416493 -0.1109455 -0.890277 0.4416991 -0.1109627 -0.8903227 0.4416027 -0.1840735 -0.8780767 0.4416992 -0.184083 -0.8780528 0.4417431 -0.2559651 -0.8599383 0.4415746 -0.2559483 -0.8598613 0.4417343 -0.3260964 -0.8358347 0.441635 -0.3260612 -0.8357966 0.4417333 -0.3939692 -0.8060336 0.4416991 -0.3939864 -0.8060611 0.4416339 -0.4591566 -0.7707613 0.4417037 -0.4591878 -0.7707572 0.4416785 -0.5212473 -0.7302084 0.4416978 -0.5212518 -0.7301952 0.4417144 -0.5797569 -0.684679 0.4416975 -0.5929493 -0.6990407 0.3996917 0.3392391 -0.4025904 0.8501988 0.415755 -0.4932178 0.7641231 0.4567918 -0.5394428 0.7073492 0.5256365 -0.6207474 0.5817035 0.5256282 -0.6207791 0.5816772 0.5720089 -0.6754912 0.4653145 0.5799866 -0.6845231 0.4416375 0.5945184 -0.702069 0.3919785 0.6077225 -0.7177407 0.3398851 0.6182846 -0.7297278 0.2919275 0.5556636 -0.7784488 0.2919853 0.5557 -0.7784588 0.2918898 0.4894903 -0.8216713 0.2919856 0.4895174 -0.8216761 0.2919267 0.4199898 -0.8592756 0.2919832 0.420015 -0.859299 0.2918777 0.347617 -0.8910619 0.2918411 0.3476046 -0.8909942 0.2920624 0.2728456 -0.9166791 0.2919841 0.2728644 -0.9166836 0.2919528 0.1962415 -0.9361189 0.2918403 0.1962518 -0.9361051 0.2918774 0.1182814 -0.9491254 0.29184 0.1182838 -0.9490522 0.2920771 0.03951692 -0.9556068 0.2919829 0.03951776 -0.9555955 0.2920201 -0.03951692 -0.9556069 0.2919829 -0.03951895 -0.9556128 0.291963 -0.1182814 -0.9491254 0.29184 -0.118288 -0.9490695 0.2920192 -0.1962325 -0.9360762 0.2919834 -0.1962547 -0.9361285 0.2918006 -0.2728544 -0.9166769 0.291983 -0.2728586 -0.9166773 0.2919776 -0.3476009 -0.8910214 0.291984 -0.3476179 -0.891027 0.2919464 -0.4199898 -0.8592756 0.2919832 -0.4200062 -0.8592966 0.2918977 -0.4894903 -0.8216713 0.2919856 -0.4895175 -0.8216739 0.2919326 -0.5556768 -0.7784662 0.2919141 -0.5556913 -0.778446 0.2919405 -0.6445258 -0.7598941 0.08454334 -0.6375699 -0.7529428 0.1630397 -0.6180454 -0.7299346 0.2919167 -0.6221343 -0.7341951 0.2718578 -0.6058297 -0.7154213 0.3480558 0.6707625 -0.7410959 0.02923291 0.4369474 -0.5160683 -0.7367161 0.6395466 -0.7682 0.02913677 0.5937969 -0.8040899 0.02906507 0.3040693 -0.4259641 -0.852113 0.5600771 -0.8279395 0.02881067 0.5115953 -0.858738 0.02897143 0.5116487 -0.8587044 0.02902817 0.438977 -0.8980363 0.02881354 0.4389356 -0.8980463 0.02912729 0.3853198 -0.9223279 0.02898001 0.1864412 -0.4779191 -0.8583898 0.3468962 -0.9374507 0.02914637 0.2917832 -0.9560425 0.02907443 0.2077669 -0.6979795 -0.6853157 0.2520436 -0.9672787 0.02908658 0.205098 -0.9783126 0.02897155 0.2050943 -0.9783172 0.02884262 0.1546937 -0.9875437 0.0287671 0.07752919 -0.6220697 -0.779114 0.1137554 -0.9930906 0.02882337 0.0558229 -0.9980092 0.02935248 0.02230697 -0.5394343 -0.8417322 0.01453763 -0.9994776 0.02886891 -0.04129862 -0.9987267 0.02897155 -0.04130464 -0.9987308 0.02882623 -0.0848186 -0.9959694 0.02916932 -0.1172756 -0.9408535 -0.3178696 -0.125909 -0.9916182 0.02898639 -0.1833471 -0.9826364 0.02845615 -0.1039105 -0.4956507 -0.8622836 -0.2238028 -0.9742045 0.02894663 -0.280069 -0.9595406 0.02904003 -0.227838 -0.7654165 -0.6018535 -0.3194637 -0.9471575 0.02890884 -0.363282 -0.9312286 0.02897173 -0.3633071 -0.9312237 0.02881664 -0.4119775 -0.9107421 0.02869975 -0.2587783 -0.5294644 -0.8078994 -0.4492648 -0.8929322 0.02886956 -0.5003908 -0.8653041 0.02929341 -0.2878165 -0.4831005 -0.8269072 -0.5357442 -0.8438724 0.02928501 -0.5807351 -0.8135769 0.02897185 -0.5807806 -0.8135523 0.02875524 -0.6169425 -0.7864723 0.02904272 0.6401521 -0.7560059 0.1366038 0.6401538 -0.755993 0.1366674 0.5755327 -0.8062947 0.1365684 0.5755608 -0.8062712 0.1365891 0.5070053 -0.8510555 0.1365668 0.5069761 -0.8510251 0.1368631 0.4350056 -0.8899934 0.136682 0.435005 -0.8900076 0.1365915 0.3600352 -0.9228776 0.1366441 0.3600612 -0.9228755 0.1365899 0.2826154 -0.9494733 0.1364888 0.2826104 -0.949449 0.1366685 0.2032558 -0.9695441 0.1366439 0.2032624 -0.9695392 0.1366683 0.122509 -0.9830158 0.1366439 0.1225188 -0.9830328 0.1365132 0.04093027 -0.9897957 0.1364886 0.04093271 -0.9897922 0.1365132 -0.04092937 -0.9897744 0.1366439 -0.04093223 -0.9897549 0.1367843 -0.1225073 -0.9829999 0.1367597 -0.122509 -0.983034 0.1365132 -0.2032558 -0.969544 0.1366438 -0.2032625 -0.9695392 0.1366683 -0.2826093 -0.9494528 0.1366441 -0.2826165 -0.9494695 0.1365132 -0.3600428 -0.9228977 0.1364889 -0.3600536 -0.9228554 0.1367452 -0.43501 -0.8900208 0.1364892 -0.4350204 -0.8900002 0.1365902 -0.5070114 -0.8510643 0.1364893 -0.5070083 -0.8510373 0.136668 -0.575546 -0.8062856 0.1365668 -0.5755475 -0.8062804 0.1365907 -0.6401538 -0.755993 0.1366674 -0.5628731 -0.6648007 -0.4911354 -0.648889 -0.7603231 0.02919018 0.7002034 0.7124018 0.04689389 0.7301655 0.6826425 0.02928519 0.6942031 0.7154046 0.0792362 0.645459 0.6458074 0.4078181 0.6477336 0.6030788 0.4655504 0.5347483 0.5257195 0.6615612 0.6853086 0.7231605 0.08597165 0.692332 0.7160805 0.08891046 0.6337267 0.7211632 0.2798469 0.6180242 0.7057407 0.3463758 0.6050135 0.7042101 0.3715466 0.6106281 0.6986019 0.372946 0.573839 0.6771783 0.460585 0.5646846 0.6424611 0.5180494 0.5481719 0.633498 0.5460658 0.537957 0.507845 0.6728267 0.6071342 0.6217852 0.4947438 0.6037807 0.5947128 0.5308161 0.593334 0.605803 0.5300542 0.595981 0.5532146 0.5820314 0.5557678 0.5081706 0.6579398 0.5540331 0.5571383 0.6185825 0.5564485 0.5546327 0.6186661 0.6396218 0.6865637 0.3457085 0.661346 0.6919618 0.2895005 0.6495156 0.7044754 0.2860841 0.6691141 0.706576 0.230297 0.5357581 0.6066744 0.5872899 0.5583019 0.6230818 0.5477849 0.5792605 0.6477589 0.494839 0.5745425 0.6528008 0.4937127 0.5901799 0.6574735 0.4684191 0.6618838 0.7202437 0.2077473 0.5266513 0.5750688 0.6260467 0.5480688 0.5937725 0.5891136 0.5700492 0.6223809 0.5363638 0.5722673 0.6198744 0.536904 0.6155733 0.6653121 0.4224093 0.6080374 0.6732277 0.4207792 0.6375197 0.6850764 0.3524756 0.6250837 0.6983078 0.3487647 0.6510674 0.7051783 0.2807756 0.6466379 0.7098081 0.2793421 0.6613794 0.7145727 0.2279548 0.562876 0.6583116 0.4997966 0.5824637 0.6683342 0.4626722 0.6007771 0.6856152 0.4110946 0.5979427 0.6886029 0.4102324 0.6309469 0.7020549 0.3301894 0.6240057 0.7093428 0.3277954 0.6522476 0.7168906 0.2462537 0.6658978 0.7252424 0.1749392 0.6752794 0.7200576 0.1597337 0.6798992 0.7200903 0.1385899 0.6859695 0.7187722 0.1131924 0.7111119 0.6987982 0.07746577 0.7023807 0.7079026 0.07439976 0.7058407 0.6991468 0.1139419 0.7185674 0.6856033 0.1166577 0.6821277 0.6598957 0.3150229 0.6988487 0.6649095 0.2636395 0.6764289 0.640416 0.3637464 0.6882584 0.6408883 0.3399451 0.6691992 0.631112 0.3922627 0.6486244 0.6223949 0.4380767 0.6439898 0.6273488 0.4378479 0.6769679 0.6639134 0.3177003 0.6702758 0.6709424 0.3171225 0.6983805 0.6890487 0.1935886 0.6859197 0.7021145 0.1911793 0.7017022 0.7006436 0.1292771 0.6894864 0.7133675 0.1253612 0.7018067 0.7081778 0.07714641 0.7482619 0.6563792 0.09628272 0.7121872 0.701352 0.02991491 0.5517073 0.6813821 0.4809756 0.7197222 0.6934274 0.03403723 0.7294729 0.6826519 0.04307812 0.7171106 0.6833903 0.1368576 0.6367108 0.7181252 0.2808838 0.6666789 0.7245086 0.1750043 0.6518403 0.7170934 0.2467418 0.678093 0.72188 0.1381278 0.6642386 0.717878 0.2084186 0.6864357 0.718416 0.1126262 0.6662022 0.7147581 0.2128275 0.6759358 0.7155446 0.176371 0.6816909 0.709585 0.1782884 0.6594624 0.6940178 0.288875 0.6667881 0.6948797 0.2693248 0.6768406 0.6843501 0.2712044 0.6570874 0.6679346 0.3494275 0.6332116 0.6587085 0.406382 0.6078965 0.6335679 0.4785954 0.5982325 0.631161 0.4937142 0.5634676 0.5903017 0.5779692 0.5621754 0.5916616 0.5778368 0.5406828 0.5605103 0.627288 0.5216165 0.5397251 0.6607672 0.610598 0.5972351 0.5200773 0.5216426 0.546227 0.6553816 0.6805089 0.732164 0.02904355 0.6784305 0.6795593 0.2791618 0.7181413 0.6842492 0.1267919 0.5054796 0.5302414 0.6806868 0.6220623 0.5585491 0.5486909 0.6324009 0.5482513 0.5472564 0.6380987 0.5600509 0.5283684 0.6536995 0.5634416 0.5051836 0.6747278 0.5786338 0.4581762 0.7034099 0.605456 0.3723409 0.721513 0.6331757 0.2801921 0.7179822 0.6367388 0.2811856 0.7245888 0.6665707 0.1750847 0.722703 0.668402 0.1758952 0.7179149 0.6916763 0.07862704 0.7162273 0.6930046 0.08223801 0.6348167 0.6612402 0.3997114 0.6851597 0.6999075 0.2017073 0.6848348 0.6889911 0.2372604 0.6653987 0.7070046 0.2395605 0.6635271 0.6969727 0.2719579 0.6759825 0.7186401 0.1631075 0.6758667 0.7062883 0.2106205 0.6901594 0.7132708 0.122167 0.6975073 0.7063364 0.1207165 0.6956537 0.6900578 0.199715 0.7003044 0.6945912 0.1646718 0.6906942 0.6681134 0.2767059 0.7128512 0.6866271 0.1427807 0.7000092 0.6089116 0.3731138 0.7220948 0.6467599 0.2455216 0.7171692 0.651521 0.2473633 0.7208619 0.6666117 0.1897026 0.7163329 0.6859788 0.1276724 0.7135918 0.6965022 0.07531005 0.7147048 0.6953619 0.07529282 0.7170493 0.6910939 0.09071785 0.5343974 0.5216869 0.6650279 0.5782795 0.5522328 0.6005263 0.5876112 0.5435304 0.5994064 0.6459252 0.5930894 0.4806513 0.6067613 0.6387544 0.4731104 0.6464462 0.6533438 0.3940168 0.5873481 0.6191218 0.5212587 0.6301982 0.6412638 0.4377568 0.5765393 0.6016872 0.5527884 0.5261186 0.5294576 0.6654877 0.4921464 0.509659 0.7057193 0.502599 0.5213789 0.6896075 0.589389 0.5808708 0.5614354 0.6051652 0.5663571 0.5594773 0.624588 0.5839275 0.5185735 0.6557534 0.622239 0.4275585 0.700607 0.6760444 0.228285 0.6919466 0.6599309 0.2927476 0.6859004 0.6375005 0.3509042 0.6850851 0.6362834 0.3546856 0.6725061 0.6064328 0.4242343 0.6570236 0.5890757 0.4704359 0.6553556 0.583997 0.4790162 0.6445152 0.5661162 0.5139189 0.6358943 0.5741859 0.5157026 0.574962 0.5247121 0.6277706 0.5608252 0.5383328 0.6290254 0.5467934 0.5713205 0.6120539 0.6180647 0.6227022 0.4798315 0.6344246 0.6075184 0.4779402 0.6499528 0.6229069 0.4353716 0.6699627 0.6524381 0.3542241 0.6574038 0.6432029 0.3925689 0.674143 0.6622995 0.3269414 0.6505681 0.6841767 0.3296416 0.6445235 0.6806359 0.3483167 0.6746773 0.5804097 0.4559993 0.708891 0.6237955 0.3291699 0.7053496 0.627125 0.3304486 0.7129991 0.6428595 0.2799359 0.7160967 0.6712777 0.1912898 0.7119676 0.6632806 0.2305672 0.7143273 0.6828168 0.1532901 0.7053577 0.7070479 0.05053406 0.7239093 0.6581227 0.2069536 0.6521699 0.5649372 0.5054903 0.685366 0.5998486 0.412862 0.6828724 0.6021693 0.413615 0.6979755 0.6239897 0.3513792 0.7052646 0.6502972 0.2823394 0.7043158 0.6482393 0.289353 0.7067134 0.6683727 0.2320221 0.7071557 0.669734 0.2266877 0.7051599 0.6915974 0.1563413 0.7045965 0.6904876 0.1636177 0.6997596 0.7124664 0.05223202 0.6964415 0.7090553 0.1104992 0.6961364 0.7114476 0.09610623 0.6835436 0.7294613 0.02558261 0.6774264 0.7307226 0.08448725 0.7302135 -0.5212405 0.4416974 0.7020996 0.594554 0.3918696 0.2589741 -0.07707399 0.9628043 0.4025613 0.3392354 0.850214 0.5361437 0.50997 0.6726667 0.3323086 -0.2760231 0.9018772 3.24544e-5 0 1 -3.05502e-5 0 1 0.01510328 -0.002521514 0.9998828 0.0135796 0.006072282 0.9998894 0.1986368 -0.1647574 0.9661254 0.1504787 -0.1266506 0.9804672 0.2081904 -0.1720066 0.962845 0.1101996 -0.09072667 0.98976 0.05469596 -0.04607689 0.9974395 0.4025399 -0.3392729 0.8502092 0.3643335 -0.3078675 0.8789077 0.44419 -0.3715726 0.8152478 0.3093224 -0.2585999 0.9151207 0.2645792 -0.222423 0.9383635 0.3644726 0.3079458 0.8788226 0.2634025 0.2214438 0.9389259 0.1488806 0.125334 0.9808803 0.05417346 0.04566138 0.997487 0.07147544 0.05915439 0.9956868 0.01187008 0.009676814 0.9998828 0.08876848 -0.02642911 0.9957017 0.08902233 -0.02649843 0.9956772 0.08654713 -0.03375601 0.9956758 -3.45197e-5 0 1 0.08335793 -0.04073852 0.9956867 0.0864436 -0.03371685 0.9956861 0.2517188 -0.09819078 0.9628065 0.2516586 -0.09819167 0.9628221 0.4026038 -0.1570531 0.9018007 0.07970613 -0.04750514 0.9956859 0.08341968 -0.0407592 0.9956806 0.2427405 -0.1186344 0.9628099 0.2426964 -0.1186366 0.9628208 0.3882637 -0.189759 0.9017999 0.3882343 -0.1897607 0.9018121 0.5203474 -0.2543419 0.8151987 0.07557213 -0.05395179 0.9956798 0.07978779 -0.04752796 0.9956783 0.232137 -0.1382789 0.962804 0.2320754 -0.1382722 0.9628198 0.3712528 -0.2211542 0.9018106 0.3712194 -0.2211621 0.9018223 0.497615 -0.2964401 0.8151703 0.4975842 -0.2964498 0.8151856 0.6072609 -0.3617663 0.7073609 0.01206117 -0.002501487 0.9999241 0.1059156 -0.02190697 0.9941338 0.09066909 -0.01900428 0.9956998 0.2644544 -0.05543357 0.9628038 0.2589214 -0.07707762 0.9628182 0.4142042 -0.1232805 0.9017964 0.4025347 -0.1570615 0.9018301 0.5396308 -0.2105128 0.8151584 0.5203709 -0.2543456 0.8151825 0.6350457 -0.3103985 0.7073683 0.6072492 -0.3617653 0.7073715 0.5752964 -0.4106556 0.7073869 0.5753273 -0.4106917 0.7073407 0.4714198 -0.3365201 0.8151796 0.47139 -0.3365022 0.8152041 0.3517001 -0.2510662 0.9018164 0.3517068 -0.2510534 0.9018173 0.2198981 -0.1569719 0.9628109 0.2199165 -0.1569653 0.9628077 0.07552719 -0.05390667 0.9956856 0.07141429 -0.05916279 0.9956906 0.01284074 -0.01056665 0.9998618 0.8781079 0.1840875 0.4416317 0.7960411 0.1668894 0.5817787 0.7795734 0.232032 0.5817444 0.6774617 0.2016482 0.7073781 0.6584691 0.256904 0.707403 0.5395854 0.2105098 0.8151891 0.5203552 0.2543457 0.8151925 0.3882389 0.1897652 0.9018092 0.3712337 0.2211644 0.901816 0.2320747 0.1382817 0.9628185 0.2199279 0.1569598 0.962806 0.07564628 0.05399245 0.9956719 0.07553005 0.05392724 0.9956843 0.5319685 -0.5036857 0.680669 0.4802857 -0.4048238 0.7781025 0.5756974 -0.4892438 0.6551436 0.5394762 -0.4567779 0.7073326 0.6037299 -0.5111693 0.6117323 0.6356115 -0.5391739 0.5525302 0.6987731 -0.4162814 0.581744 0.6619901 -0.4725534 0.5817753 0.6620324 -0.4725702 0.5817135 0.6207361 -0.5256432 0.5817095 0.650675 -0.5522736 0.521168 0.9361011 0.1962317 0.2919039 0.8780759 0.1840888 0.4416945 0.8599014 0.2559439 0.4416587 0.7795656 0.2320557 0.5817453 0.7577623 0.2956167 0.5817277 0.6585038 0.2569007 0.7073717 0.6350372 0.3103943 0.7073777 0.520363 0.2543418 0.8151887 0.4975873 0.2964456 0.8151853 0.3712273 0.2211525 0.9018214 0.3516931 0.2510533 0.9018227 0.2198716 0.1569791 0.9628158 0.2083417 0.1718023 0.9628488 0.1053767 0.08688569 0.9906295 0.9556191 0.0395193 0.2919426 0.0150479 -0.001887142 0.999885 0.0918197 -0.01169097 0.995707 0.1073665 -0.01338112 0.9941295 0.2681063 -0.03341323 0.9628098 0.2644035 -0.05543464 0.9628177 0.4229436 -0.08866578 0.9018077 0.4141787 -0.1232847 0.9018076 0.5551106 -0.1652413 0.8151978 0.5395854 -0.2105098 0.8151891 0.6584867 -0.2569109 0.707384 0.6350648 -0.3103789 0.7073596 0.7307559 -0.3571772 0.5817391 0.6987541 -0.4162961 0.5817562 0.7707726 -0.459176 0.4416639 0.7302167 -0.5212586 0.4416708 0.7784686 -0.5556929 0.2918769 0.729936 -0.6180645 0.2918727 0.7341913 -0.6221308 0.2718757 0.715516 -0.6057927 0.3479255 0.6846516 -0.5797575 0.4417393 0.6990743 -0.5929203 0.3996759 0.6725165 -0.5694475 0.4727062 0.736246 0.6233602 0.2633705 0.7559852 0.6401379 0.1367848 0.7560058 0.640163 0.1365532 0.7177861 0.6077387 0.3397598 0.7297208 0.6182965 0.2919196 0.7784429 0.5557057 0.291921 0.806281 0.5755574 0.1365453 0.8062834 0.5755345 0.136628 0.6207565 0.5256005 0.5817264 0.6207361 0.5256432 0.5817095 0.6620051 0.4725629 0.5817505 0.7302255 0.5212503 0.4416661 0.7707469 0.4591798 0.4417051 0.821693 0.4895192 0.2918761 0.8592934 0.4200122 0.2918986 0.8900012 0.4350286 0.1365581 0.8900084 0.4349873 0.136643 0.4932178 0.4157731 0.7641132 0.5394949 0.4567793 0.7073175 0.5753275 0.4106766 0.7073494 0.6620293 0.472558 0.5817269 0.6987231 0.4162777 0.5818066 0.7707722 0.459177 0.4416637 0.8060246 0.3939678 0.4417167 0.8593075 0.4199906 0.2918878 0.8910315 0.3476389 0.2919079 0.9228716 0.3600472 0.136654 0.9228999 0.3600369 0.1364893 0.2002539 0.1661404 0.9655547 0.3324005 0.2759689 0.9018599 0.3517001 0.2510662 0.9018164 0.4714194 0.3365167 0.8151812 0.4976109 0.2964445 0.8151713 0.6072368 0.3617756 0.7073768 0.6350734 0.3103831 0.7073501 0.7307633 0.3571832 0.5817261 0.7577671 0.2956307 0.5817142 0.83581 0.326063 0.4417065 0.8598661 0.2559628 0.4417165 0.9167131 0.2728576 0.2918662 0.9360997 0.196254 0.2918933 0.9695449 0.2032654 0.1366237 0.9897817 0.04093354 0.1365892 0.9897596 0.04093128 0.1367501 0.9830023 0.1225063 0.1367438 0.007884025 0.003921091 0.9999613 0.08348208 0.04052031 0.9956852 0.09717857 0.04751527 0.9941321 0.2427447 0.1186365 0.9628087 0.2516831 0.09819167 0.9628157 0.4025866 0.1570605 0.9018071 0.4141754 0.1232837 0.9018093 0.5551064 0.1652411 0.8152008 0.5668867 0.1188412 0.8151788 0.6917927 0.1450365 0.7073806 0.7014306 0.08741599 0.7073568 0.8071261 0.1005855 0.5817476 0.8126393 0.03360837 0.5817971 0.89644 0.03706973 0.4416123 0.8964332 -0.0370717 0.4416257 0.9556235 -0.03951883 0.2919283 0.9490889 -0.1182915 0.2919544 0.9830254 -0.1225133 0.1365708 0.9830209 -0.1225069 0.1366092 0.01405882 0.005473315 0.9998862 0.1006434 0.03959512 0.9941344 0.0864982 0.03373831 0.9956806 0.2516853 0.09819161 0.9628152 0.2589147 0.07707566 0.9628202 0.4142076 0.1232815 0.9017948 0.4228929 0.08866882 0.9018312 0.5668807 0.1188379 0.8151835 0.5747448 0.07162976 0.8151918 0.7014333 0.08741897 0.7073538 0.706256 0.02920556 0.7073539 0.8126705 0.03360313 0.581754 0.8126485 -0.03360599 0.5817843 0.8964123 -0.03707021 0.4416685 0.8902897 -0.1109559 0.441671 0.9491028 -0.1182788 0.2919146 0.9360926 -0.1962444 0.2919229 0.9695471 -0.2032586 0.1366173 0.9695484 -0.2032505 0.1366208 0.09068268 0.01900726 0.9956985 0.09100818 0.01907563 0.9956675 0.2644245 0.05543482 0.962812 0.2680918 0.03341352 0.9628138 0.4288045 0.05344086 0.9018153 0.431729 0.01785528 0.9018266 0.5787235 0.02393186 0.8151727 0.5787061 -0.02393132 0.815185 0.7062484 -0.02920663 0.7073615 0.7014375 -0.08741801 0.7073496 0.8071215 -0.100585 0.5817539 0.7960485 -0.166883 0.5817705 0.8780858 -0.1840804 0.4416785 0.8598834 -0.2559565 0.4416863 0.9166955 -0.2728499 0.291929 0.8910294 -0.3476228 0.2919334 0.9228925 -0.3600467 0.1365135 0.9228817 -0.3600323 0.1366251 0.09223914 0.01150423 0.9956705 0.09192162 0.01145327 0.9957004 0.2680994 0.03341186 0.9628117 0.2699458 0.01116323 0.9628109 0.4317781 0.01785451 0.9018033 0.431736 -0.01785445 0.9018233 0.5787285 -0.02393209 0.8151692 0.5747621 -0.0716319 0.8151794 0.7014263 -0.08741688 0.707361 0.6918142 -0.1450328 0.7073603 0.7960538 -0.1668841 0.581763 0.7795397 -0.232048 0.5817831 0.859884 -0.2559502 0.4416888 0.835815 -0.326078 0.441686 0.8910333 -0.3476263 0.2919172 0.8592898 -0.4200069 0.2919169 0.8899956 -0.4350205 0.1366204 0.8899867 -0.4349944 0.136761 0.09250128 0.003817796 0.9957053 0.09300482 0.003845214 0.9956583 0.2699572 0.01116251 0.9628077 0.2699455 -0.01116263 0.962811 0.4317712 -0.01785534 0.9018065 0.4287591 -0.05344182 0.9018368 0.5747398 -0.07163053 0.8151952 0.5668805 -0.1188376 0.8151835 0.6917834 -0.1450346 0.7073901 0.6774798 -0.2016536 0.7073591 0.7795992 -0.2320396 0.5817067 0.7577342 -0.2956327 0.5817562 0.8358026 -0.3260614 0.4417219 0.8060246 -0.3939678 0.4417167 0.8593111 -0.419996 0.2918695 0.821685 -0.4895299 0.291881 0.8510281 -0.5069903 0.1367923 0.8510376 -0.5070174 0.1366326 0.7603425 0.6488715 0.02907049 0.6648468 0.5629521 -0.4909824 0.7865223 0.6168855 0.02889877 0.8135722 0.5807418 0.02897119 0.813577 0.580735 0.02897137 0.8438516 0.5357954 0.02894383 0.6755449 0.5719941 0.4652547 0.684474 0.5799767 0.4417268 0.7302048 0.5212489 0.4417021 0.7784597 0.5556865 0.2919126 0.8216755 0.4895243 0.2919167 0.8510349 0.5070191 0.1366426 0.8510571 0.507007 0.1365503 0.483151 0.2878178 -0.8268774 0.8652921 0.5004246 0.0290662 0.892932 0.4492522 0.02907007 0.5294134 0.2587748 -0.8079338 0.9107331 0.4119836 0.02889364 0.9312213 0.3633056 0.0289182 0.9312223 0.3633027 0.02891826 0.9471634 0.3194438 0.02893441 0.3097818 0.2589629 0.9148626 0.4441074 0.3715773 0.8152908 0.4713916 0.3364988 0.8152046 0.5752778 0.4106697 0.7073937 0.6072734 0.3617559 0.7073555 0.6987975 0.4162958 0.5817042 0.7307501 0.3571818 0.5817435 0.8060483 0.3939553 0.4416846 0.8358075 0.3260763 0.4417013 0.8910313 0.3476102 0.2919428 0.9166825 0.2728665 0.2919543 0.9494653 0.2826284 0.1365171 0.949454 0.2826162 0.1366207 0.7655465 0.2278559 -0.6016812 0.9595491 0.2800495 0.02894651 0.9742029 0.2238108 0.02894252 0.4956106 0.1039043 -0.8623074 0.96955 0.203247 0.1366147 0.98302 0.1225093 0.1366143 0.949094 0.1182897 0.2919389 0.9490987 0.1182798 0.2919272 0.8903076 0.1109582 0.4416342 0.9826216 0.1833435 0.02898371 0.9916194 0.1259039 0.02897036 0.9407574 0.1172552 -0.3181615 0.9959769 0.08476591 0.02906388 0.9987249 0.04129713 0.02903485 0.9987271 0.04129886 0.02896249 0.9994741 -0.01454061 0.02898675 0.07981383 0.04756647 0.9956743 0.07966721 0.04747617 0.9956903 0.2321211 0.1382694 0.9628092 0.2426885 0.1186342 0.9628232 0.3882573 0.1897554 0.9018033 0.4025519 0.1570541 0.9018237 0.5396308 0.2105128 0.8151584 0.5551326 0.165242 0.8151827 0.6774609 0.2016539 0.7073772 0.691805 0.1450308 0.7073698 0.7960611 0.1668776 0.5817549 0.8070973 0.10059 0.5817866 0.8902967 0.1109522 0.4416576 0.8964055 0.03707218 0.441682 0.9556227 0.03951632 0.2919314 0.9556182 -0.0395168 0.2919456 0.9897813 -0.04093444 0.1365922 0.9897855 -0.040928 0.1365634 0.5393774 -0.02230405 -0.8417688 0.9980212 -0.05582064 0.02894544 0.9930861 -0.1137644 0.02894365 0.62207 -0.07752567 -0.7791141 0.9875357 -0.1547027 0.02899223 0.9783145 -0.2050913 0.02895754 0.9783112 -0.2051116 0.02892011 0.9672878 -0.2520225 0.02896529 0.08894628 0.02648526 0.9956843 0.08884447 0.02643632 0.9956947 0.2589809 0.07707601 0.9628024 0.2644333 0.05543339 0.9628095 0.4229367 0.08866322 0.9018112 0.428794 0.05344277 0.9018202 0.5747576 0.0716328 0.8151825 0.5787111 0.02393156 0.8151814 0.7062309 0.02920591 0.707379 0.7062386 -0.02920478 0.7073713 0.8126612 -0.03360551 0.5817669 0.8071018 -0.1005905 0.5817803 0.8903147 -0.1109544 0.4416207 0.8780998 -0.1840962 0.4416439 0.9361084 -0.1962414 0.2918743 0.9167002 -0.2728742 0.2918915 0.9494493 -0.282629 0.1366271 0.9494739 -0.2826079 0.1364992 0.6981161 -0.2077853 -0.685171 0.956047 -0.2917777 0.02898257 0.937463 -0.3468746 0.02900189 0.4779427 -0.1864649 -0.8583715 0.9223248 -0.3853321 0.02891796 0.8980642 -0.4389166 0.0288617 0.8980515 -0.438928 0.02908211 0.8587616 -0.5115526 0.02902674 0.8587224 -0.5116215 0.02897363 0.8279497 -0.5600477 0.0290873 0.09297269 -0.003834784 0.9956613 0.09246718 -0.003822684 0.9957085 0.2699574 -0.01116311 0.9628076 0.2680849 -0.03341209 0.9628157 0.4288389 -0.05344176 0.9017989 0.4228861 -0.08866626 0.9018347 0.5668869 -0.1188415 0.8151785 0.5551284 -0.1652418 0.8151857 0.6774427 -0.2016485 0.7073961 0.6584862 -0.2568938 0.7073906 0.7577953 -0.2956147 0.5816858 0.7307575 -0.3571878 0.5817305 0.8060483 -0.3939553 0.4416846 0.7707464 -0.4591807 0.4417048 0.8216836 -0.4895136 0.2919119 0.778434 -0.5556995 0.2919567 0.8062721 -0.5755454 0.1366493 0.8062959 -0.5755447 0.1365115 0.4259926 -0.3040698 -0.8520985 0.8041236 -0.5937556 0.028975 0.7411492 -0.670709 0.02910864 0.7681993 -0.6395599 0.0288608 0.5161018 -0.4369866 -0.7366693 0.7560055 -0.6401634 0.1365531 0.7598845 -0.6445478 0.08446258 0.7529172 -0.6375446 0.1632566 -0.7124351 0.7001773 0.0467754 -0.6826032 0.7302039 0.02924394 -0.7155264 0.6941353 0.07872939 -0.6458219 0.645457 0.4077981 -0.6030396 0.6477552 0.4655712 -0.5258061 0.5345285 0.6616701 -0.7231023 0.6853335 0.08626222 -0.7158805 0.6925365 0.08892923 -0.721327 0.6335335 0.2798619 -0.7057057 0.6180738 0.3463586 -0.7040696 0.6051182 0.3716422 -0.6985749 0.6106558 0.3729515 -0.6772532 0.5738396 0.4604741 -0.6424611 0.5646846 0.5180494 -0.6335425 0.5481078 0.5460786 -0.5080042 0.5380243 0.6726527 -0.6216909 0.6071403 0.4948545 -0.5947218 0.603706 0.5308908 -0.6058206 0.5934137 0.529945 -0.5532343 0.5959473 0.5820469 -0.5081307 0.5558058 0.6579387 -0.5571525 0.5541061 0.6185042 -0.5546514 0.5564067 0.6186869 -0.6865492 0.6395614 0.345849 -0.691948 0.6613433 0.2895392 -0.7044383 0.6494815 0.2862526 -0.7065845 0.6691974 0.2300289 -0.6067956 0.5359132 0.5870233 -0.6230974 0.5581607 0.5479108 -0.6476957 0.5793588 0.4948067 -0.6528551 0.5744733 0.4937212 -0.657467 0.5902355 0.4683579 -0.7202159 0.6619108 0.2077575 -0.5750709 0.5266888 0.6260132 -0.5940812 0.5481473 0.5887293 -0.6223254 0.5699759 0.5365059 -0.6199302 0.5723215 0.5367817 -0.6652936 0.6155521 0.4224689 -0.6732695 0.6080865 0.4206413 -0.6851062 0.6375041 0.3524459 -0.6981997 0.6251195 0.3489167 -0.7052 0.6510286 0.280811 -0.7099199 0.6465978 0.279151 -0.7147591 0.6613348 0.2274991 -0.6583682 0.5628123 0.4997938 -0.6684581 0.5822807 0.4627234 -0.6856248 0.6008306 0.4110003 -0.6886774 0.5979661 0.4100732 -0.7020515 0.6310304 0.3300367 -0.7094216 0.6240176 0.327602 -0.716766 0.6522244 0.2466775 -0.7252454 0.6659841 0.1745977 -0.7200118 0.675268 0.1599881 -0.7200241 0.6800613 0.1381374 -0.7189225 0.6858872 0.1127359 -0.6988317 0.7110829 0.07742899 -0.7078737 0.7024102 0.07439672 -0.699182 0.7058043 0.1139507 -0.6856281 0.7185178 0.1168178 -0.6598598 0.6822047 0.3149315 -0.6649545 0.6988376 0.2635555 -0.6404545 0.6764202 0.3636946 -0.6408729 0.6881799 0.340133 -0.6312069 0.6691892 0.392127 -0.6223662 0.6486483 0.438082 -0.6273289 0.6440311 0.4378157 -0.663941 0.6769503 0.3176802 -0.6709612 0.6703107 0.317009 -0.6890602 0.6983342 0.193715 -0.7021428 0.68589 0.1911818 -0.7006011 0.7017164 0.1294307 -0.713494 0.6894391 0.1249005 -0.7080863 0.7018874 0.07725274 -0.655867 0.7487491 0.09598684 -0.7012676 0.7122801 0.02968078 -0.6815612 0.5514968 0.4809633 -0.6934117 0.7197408 0.03396344 -0.6826292 0.7294749 0.04340368 -0.6833884 0.7171212 0.136812 -0.7179746 0.6367522 0.2811747 -0.7244383 0.666688 0.1752607 -0.7171648 0.6518634 0.2464726 -0.722034 0.6779949 0.1378043 -0.7177948 0.6642326 0.2087237 -0.7181842 0.6866726 0.1126597 -0.7147458 0.6660977 0.2131959 -0.7155724 0.6759046 0.1763779 -0.7096717 0.6816607 0.1780588 -0.6939643 0.6595232 0.2888646 -0.6949527 0.666827 0.2690399 -0.6843018 0.6768315 0.271349 -0.6679623 0.6569801 0.3495762 -0.6587253 0.6332684 0.4062663 -0.6335496 0.6078974 0.4786185 -0.6311388 0.5982597 0.4937096 -0.5902717 0.563471 0.5779965 -0.5916528 0.5622639 0.5777598 -0.5607519 0.5404973 0.6272321 -0.5396562 0.5213557 0.6610291 -0.5971906 0.6105154 0.5202255 -0.5466703 0.522145 0.6546115 -0.732223 0.680431 0.02937954 -0.6795753 0.6784091 0.2791745 -0.68428 0.7181129 0.1267869 -0.5303838 0.5054342 0.6806095 -0.5584746 0.6219385 0.5489068 -0.5482373 0.6325486 0.5470998 -0.5600916 0.6380881 0.5283381 -0.563435 0.6535331 0.5054064 -0.5785598 0.6747992 0.4581645 -0.6053281 0.7033578 0.372647 -0.6330791 0.7215986 0.2801899 -0.636685 0.7180235 0.2812018 -0.6666147 0.7245455 0.1750962 -0.6684067 0.7227027 0.175879 -0.6917195 0.7178723 0.07863533 -0.692977 0.7162538 0.08224105 -0.6611526 0.6347773 0.3999189 -0.6999443 0.6851189 0.2017179 -0.6890005 0.6848686 0.2371358 -0.7069776 0.6654657 0.2394538 -0.6969764 0.6635246 0.2719542 -0.7186988 0.6758658 0.1633325 -0.7062357 0.6759693 0.2104681 -0.7132534 0.6901853 0.1221225 -0.7062983 0.6975448 0.120723 -0.6900759 0.6956377 0.1997087 -0.6945154 0.7003741 0.1646955 -0.6681372 0.6906704 0.2767079 -0.6866048 0.7128719 0.1427848 -0.6087477 0.6998915 0.3736018 -0.6468313 0.7220253 0.2455376 -0.6515708 0.7171125 0.2473969 -0.6666191 0.7208922 0.1895611 -0.6858584 0.7164465 0.1276824 -0.6966083 0.7134644 0.0755344 -0.6953321 0.7147335 0.07529586 -0.6911631 0.7169857 0.09069389 -0.521651 0.5346366 0.6648639 -0.5522808 0.5782575 0.6005035 -0.5435872 0.5875513 0.5994136 -0.5930546 0.6461556 0.4803846 -0.6388508 0.6067524 0.472992 -0.6531495 0.6464272 0.39437 -0.6192665 0.5871507 0.5213092 -0.641256 0.6304133 0.4374584 -0.6016469 0.5764449 0.5529308 -0.5291441 0.5262399 0.6656412 -0.5092997 0.4922796 0.7058858 -0.5213266 0.5026178 0.6896333 -0.5809422 0.5892165 0.5615426 -0.566344 0.6049424 0.5597314 -0.5838485 0.6247348 0.5184856 -0.6222693 0.6557155 0.4275725 -0.6760392 0.7005541 0.2284623 -0.6599877 0.6919553 0.2925989 -0.6374419 0.685887 0.351037 -0.6363016 0.6850353 0.3547492 -0.6063994 0.6725553 0.4242042 -0.5890287 0.6569514 0.4705955 -0.5840715 0.6556792 0.4784824 -0.566012 0.6444392 0.5141289 -0.5741925 0.6358906 0.5156996 -0.524836 0.5752866 0.6273696 -0.5387643 0.561162 0.6283552 -0.5713433 0.5467424 0.6120783 -0.6227633 0.6181594 0.4796301 -0.6075575 0.6343947 0.4779302 -0.6227861 0.6500432 0.4354096 -0.6525377 0.6700059 0.3539587 -0.643119 0.6572806 0.3929123 -0.6622796 0.6741709 0.326924 -0.6841652 0.6506382 0.3295267 -0.6807168 0.644413 0.3483626 -0.5804044 0.6746743 0.4560102 -0.6237779 0.7089207 0.3291394 -0.6271856 0.7053889 0.3302496 -0.6428968 0.7130209 0.2797948 -0.671279 0.7160968 0.1912847 -0.6631604 0.7120608 0.2306248 -0.6828243 0.7143064 0.1533535 -0.7070295 0.7053679 0.0506494 -0.6581286 0.7240014 0.2066128 -0.5649163 0.6521959 0.5054801 -0.5999148 0.6853944 0.4127187 -0.6021127 0.6828144 0.4137932 -0.6240947 0.6979911 0.3511614 -0.6502669 0.7052927 0.2823389 -0.6483084 0.7042532 0.2893503 -0.6683267 0.7067553 0.2320263 -0.66978 0.7071101 0.2266939 -0.6916078 0.7051488 0.1563453 -0.6904447 0.7046853 0.1634159 -0.7124704 0.6997383 0.05246311 -0.7090707 0.6964379 0.1104224 -0.7114127 0.6961776 0.09606623 -0.7294856 0.6835135 0.02569186 -0.7306752 0.677461 0.08461958 -0.7302135 0.5212405 0.4416974 -0.7020996 -0.594554 0.3918696 -0.2589741 0.07707399 0.9628043 -0.4025613 -0.3392354 0.850214 -0.5361437 -0.50997 0.6726667 -0.3323086 0.2760231 0.9018772 -3.24544e-5 0 1 3.05502e-5 0 1 -0.01510328 0.002521514 0.9998828 -0.0135796 -0.006072282 0.9998894 -0.1986368 0.1647574 0.9661254 -0.1504787 0.1266506 0.9804672 -0.2081904 0.1720066 0.962845 -0.1101996 0.09072667 0.98976 -0.05469596 0.04607689 0.9974395 -0.4025399 0.3392729 0.8502092 -0.3643335 0.3078675 0.8789077 -0.44419 0.3715726 0.8152478 -0.3093224 0.2585999 0.9151207 -0.2645792 0.222423 0.9383635 -0.3644726 -0.3079458 0.8788226 -0.2634025 -0.2214438 0.9389259 -0.1488806 -0.125334 0.9808803 -0.05417346 -0.04566138 0.997487 -0.07147544 -0.05915439 0.9956868 -0.01187008 -0.009676814 0.9998828 -0.08876848 0.02642911 0.9957017 -0.08902233 0.02649843 0.9956772 -0.08654713 0.03375601 0.9956758 3.45197e-5 0 1 -0.08335793 0.04073852 0.9956867 -0.0864436 0.03371685 0.9956861 -0.2517188 0.09819078 0.9628065 -0.2516586 0.09819167 0.9628221 -0.4026038 0.1570531 0.9018007 -0.07970613 0.04750514 0.9956859 -0.08341968 0.0407592 0.9956806 -0.2427405 0.1186344 0.9628099 -0.2426964 0.1186366 0.9628208 -0.3882637 0.189759 0.9017999 -0.3882343 0.1897607 0.9018121 -0.5203474 0.2543419 0.8151987 -0.07557213 0.05395179 0.9956798 -0.07978779 0.04752796 0.9956783 -0.232137 0.1382789 0.962804 -0.2320754 0.1382722 0.9628198 -0.3712528 0.2211542 0.9018106 -0.3712194 0.2211621 0.9018223 -0.497615 0.2964401 0.8151703 -0.4975842 0.2964498 0.8151856 -0.6072609 0.3617663 0.7073609 -0.01206117 0.002501487 0.9999241 -0.1059156 0.02190697 0.9941338 -0.09066909 0.01900428 0.9956998 -0.2644544 0.05543357 0.9628038 -0.2589214 0.07707762 0.9628182 -0.4142042 0.1232805 0.9017964 -0.4025347 0.1570615 0.9018301 -0.5396308 0.2105128 0.8151584 -0.5203709 0.2543456 0.8151825 -0.6350457 0.3103985 0.7073683 -0.6072492 0.3617653 0.7073715 -0.5752964 0.4106556 0.7073869 -0.5753273 0.4106917 0.7073407 -0.4714198 0.3365201 0.8151796 -0.47139 0.3365022 0.8152041 -0.3517001 0.2510662 0.9018164 -0.3517068 0.2510534 0.9018173 -0.2198981 0.1569719 0.9628109 -0.2199165 0.1569653 0.9628077 -0.07552719 0.05390667 0.9956856 -0.07141429 0.05916279 0.9956906 -0.01284074 0.01056665 0.9998618 -0.8781079 -0.1840875 0.4416317 -0.7960411 -0.1668894 0.5817787 -0.7795734 -0.232032 0.5817444 -0.6774617 -0.2016482 0.7073781 -0.6584691 -0.256904 0.707403 -0.5395854 -0.2105098 0.8151891 -0.5203552 -0.2543457 0.8151925 -0.3882389 -0.1897652 0.9018092 -0.3712337 -0.2211644 0.901816 -0.2320747 -0.1382817 0.9628185 -0.2199279 -0.1569598 0.962806 -0.07564628 -0.05399245 0.9956719 -0.07553005 -0.05392724 0.9956843 -0.5319685 0.5036857 0.680669 -0.4802857 0.4048238 0.7781025 -0.5756974 0.4892438 0.6551436 -0.5394762 0.4567779 0.7073326 -0.6037299 0.5111693 0.6117323 -0.6356115 0.5391739 0.5525302 -0.6987731 0.4162814 0.581744 -0.6619901 0.4725534 0.5817753 -0.6620324 0.4725702 0.5817135 -0.6207361 0.5256432 0.5817095 -0.650675 0.5522736 0.521168 -0.9361011 -0.1962317 0.2919039 -0.8780759 -0.1840888 0.4416945 -0.8599014 -0.2559439 0.4416587 -0.7795656 -0.2320557 0.5817453 -0.7577623 -0.2956167 0.5817277 -0.6585038 -0.2569007 0.7073717 -0.6350372 -0.3103943 0.7073777 -0.520363 -0.2543418 0.8151887 -0.4975873 -0.2964456 0.8151853 -0.3712273 -0.2211525 0.9018214 -0.3516931 -0.2510533 0.9018227 -0.2198716 -0.1569791 0.9628158 -0.2083417 -0.1718023 0.9628488 -0.1053767 -0.08688569 0.9906295 -0.9556191 -0.0395193 0.2919426 -0.0150479 0.001887142 0.999885 -0.0918197 0.01169097 0.995707 -0.1073665 0.01338112 0.9941295 -0.2681063 0.03341323 0.9628098 -0.2644035 0.05543464 0.9628177 -0.4229436 0.08866578 0.9018077 -0.4141787 0.1232847 0.9018076 -0.5551106 0.1652413 0.8151978 -0.5395854 0.2105098 0.8151891 -0.6584867 0.2569109 0.707384 -0.6350648 0.3103789 0.7073596 -0.7307559 0.3571772 0.5817391 -0.6987541 0.4162961 0.5817562 -0.7707726 0.459176 0.4416639 -0.7302167 0.5212586 0.4416708 -0.7784686 0.5556929 0.2918769 -0.729936 0.6180645 0.2918727 -0.7341913 0.6221308 0.2718757 -0.715516 0.6057927 0.3479255 -0.6846516 0.5797575 0.4417393 -0.6990743 0.5929203 0.3996759 -0.6725165 0.5694475 0.4727062 -0.736246 -0.6233602 0.2633705 -0.7559852 -0.6401379 0.1367848 -0.7560058 -0.640163 0.1365532 -0.7177861 -0.6077387 0.3397598 -0.7297208 -0.6182965 0.2919196 -0.7784429 -0.5557057 0.291921 -0.806281 -0.5755574 0.1365453 -0.8062834 -0.5755345 0.136628 -0.6207565 -0.5256005 0.5817264 -0.6207361 -0.5256432 0.5817095 -0.6620051 -0.4725629 0.5817505 -0.7302255 -0.5212503 0.4416661 -0.7707469 -0.4591798 0.4417051 -0.821693 -0.4895192 0.2918761 -0.8592934 -0.4200122 0.2918986 -0.8900012 -0.4350286 0.1365581 -0.8900084 -0.4349873 0.136643 -0.4932178 -0.4157731 0.7641132 -0.5394949 -0.4567793 0.7073175 -0.5753275 -0.4106766 0.7073494 -0.6620293 -0.472558 0.5817269 -0.6987231 -0.4162777 0.5818066 -0.7707722 -0.459177 0.4416637 -0.8060246 -0.3939678 0.4417167 -0.8593075 -0.4199906 0.2918878 -0.8910315 -0.3476389 0.2919079 -0.9228716 -0.3600472 0.136654 -0.9228999 -0.3600369 0.1364893 -0.2002539 -0.1661404 0.9655547 -0.3324005 -0.2759689 0.9018599 -0.3517001 -0.2510662 0.9018164 -0.4714194 -0.3365167 0.8151812 -0.4976109 -0.2964445 0.8151713 -0.6072368 -0.3617756 0.7073768 -0.6350734 -0.3103831 0.7073501 -0.7307633 -0.3571832 0.5817261 -0.7577671 -0.2956307 0.5817142 -0.83581 -0.326063 0.4417065 -0.8598661 -0.2559628 0.4417165 -0.9167131 -0.2728576 0.2918662 -0.9360997 -0.196254 0.2918933 -0.9695449 -0.2032654 0.1366237 -0.9897817 -0.04093354 0.1365892 -0.9897596 -0.04093128 0.1367501 -0.9830023 -0.1225063 0.1367438 -0.007884025 -0.003921091 0.9999613 -0.08348208 -0.04052031 0.9956852 -0.09717857 -0.04751527 0.9941321 -0.2427447 -0.1186365 0.9628087 -0.2516831 -0.09819167 0.9628157 -0.4025866 -0.1570605 0.9018071 -0.4141754 -0.1232837 0.9018093 -0.5551064 -0.1652411 0.8152008 -0.5668867 -0.1188412 0.8151788 -0.6917927 -0.1450365 0.7073806 -0.7014306 -0.08741599 0.7073568 -0.8071261 -0.1005855 0.5817476 -0.8126393 -0.03360837 0.5817971 -0.89644 -0.03706973 0.4416123 -0.8964332 0.0370717 0.4416257 -0.9556235 0.03951883 0.2919283 -0.9490889 0.1182915 0.2919544 -0.9830254 0.1225133 0.1365708 -0.9830209 0.1225069 0.1366092 -0.01405882 -0.005473315 0.9998862 -0.1006434 -0.03959512 0.9941344 -0.0864982 -0.03373831 0.9956806 -0.2516853 -0.09819161 0.9628152 -0.2589147 -0.07707566 0.9628202 -0.4142076 -0.1232815 0.9017948 -0.4228929 -0.08866882 0.9018312 -0.5668807 -0.1188379 0.8151835 -0.5747448 -0.07162976 0.8151918 -0.7014333 -0.08741897 0.7073538 -0.706256 -0.02920556 0.7073539 -0.8126705 -0.03360313 0.581754 -0.8126485 0.03360599 0.5817843 -0.8964123 0.03707021 0.4416685 -0.8902897 0.1109559 0.441671 -0.9491028 0.1182788 0.2919146 -0.9360926 0.1962444 0.2919229 -0.9695471 0.2032586 0.1366173 -0.9695484 0.2032505 0.1366208 -0.09068268 -0.01900726 0.9956985 -0.09100818 -0.01907563 0.9956675 -0.2644245 -0.05543482 0.962812 -0.2680918 -0.03341352 0.9628138 -0.4288045 -0.05344086 0.9018153 -0.431729 -0.01785528 0.9018266 -0.5787235 -0.02393186 0.8151727 -0.5787061 0.02393132 0.815185 -0.7062484 0.02920663 0.7073615 -0.7014375 0.08741801 0.7073496 -0.8071215 0.100585 0.5817539 -0.7960485 0.166883 0.5817705 -0.8780858 0.1840804 0.4416785 -0.8598834 0.2559565 0.4416863 -0.9166955 0.2728499 0.291929 -0.8910294 0.3476228 0.2919334 -0.9228925 0.3600467 0.1365135 -0.9228817 0.3600323 0.1366251 -0.09223914 -0.01150423 0.9956705 -0.09192162 -0.01145327 0.9957004 -0.2680994 -0.03341186 0.9628117 -0.2699458 -0.01116323 0.9628109 -0.4317781 -0.01785451 0.9018033 -0.431736 0.01785445 0.9018233 -0.5787285 0.02393209 0.8151692 -0.5747621 0.0716319 0.8151794 -0.7014263 0.08741688 0.707361 -0.6918142 0.1450328 0.7073603 -0.7960538 0.1668841 0.581763 -0.7795397 0.232048 0.5817831 -0.859884 0.2559502 0.4416888 -0.835815 0.326078 0.441686 -0.8910333 0.3476263 0.2919172 -0.8592898 0.4200069 0.2919169 -0.8899956 0.4350205 0.1366204 -0.8899867 0.4349944 0.136761 -0.09250128 -0.003817796 0.9957053 -0.09300482 -0.003845214 0.9956583 -0.2699572 -0.01116251 0.9628077 -0.2699455 0.01116263 0.962811 -0.4317712 0.01785534 0.9018065 -0.4287591 0.05344182 0.9018368 -0.5747398 0.07163053 0.8151952 -0.5668805 0.1188376 0.8151835 -0.6917834 0.1450346 0.7073901 -0.6774798 0.2016536 0.7073591 -0.7795992 0.2320396 0.5817067 -0.7577342 0.2956327 0.5817562 -0.8358026 0.3260614 0.4417219 -0.8060246 0.3939678 0.4417167 -0.8593111 0.419996 0.2918695 -0.821685 0.4895299 0.291881 -0.8510281 0.5069903 0.1367923 -0.8510376 0.5070174 0.1366326 -0.7603425 -0.6488715 0.02907049 -0.6648468 -0.5629521 -0.4909824 -0.7865223 -0.6168855 0.02889877 -0.8135722 -0.5807418 0.02897119 -0.813577 -0.580735 0.02897137 -0.8438516 -0.5357954 0.02894383 -0.6755449 -0.5719941 0.4652547 -0.684474 -0.5799767 0.4417268 -0.7302048 -0.5212489 0.4417021 -0.7784597 -0.5556865 0.2919126 -0.8216755 -0.4895243 0.2919167 -0.8510349 -0.5070191 0.1366426 -0.8510571 -0.507007 0.1365503 -0.483151 -0.2878178 -0.8268774 -0.8652921 -0.5004246 0.0290662 -0.892932 -0.4492522 0.02907007 -0.5294134 -0.2587748 -0.8079338 -0.9107331 -0.4119836 0.02889364 -0.9312213 -0.3633056 0.0289182 -0.9312223 -0.3633027 0.02891826 -0.9471634 -0.3194438 0.02893441 -0.3097818 -0.2589629 0.9148626 -0.4441074 -0.3715773 0.8152908 -0.4713916 -0.3364988 0.8152046 -0.5752778 -0.4106697 0.7073937 -0.6072734 -0.3617559 0.7073555 -0.6987975 -0.4162958 0.5817042 -0.7307501 -0.3571818 0.5817435 -0.8060483 -0.3939553 0.4416846 -0.8358075 -0.3260763 0.4417013 -0.8910313 -0.3476102 0.2919428 -0.9166825 -0.2728665 0.2919543 -0.9494653 -0.2826284 0.1365171 -0.949454 -0.2826162 0.1366207 -0.7655465 -0.2278559 -0.6016812 -0.9595491 -0.2800495 0.02894651 -0.9742029 -0.2238108 0.02894252 -0.4956106 -0.1039043 -0.8623074 -0.96955 -0.203247 0.1366147 -0.98302 -0.1225093 0.1366143 -0.949094 -0.1182897 0.2919389 -0.9490987 -0.1182798 0.2919272 -0.8903076 -0.1109582 0.4416342 -0.9826216 -0.1833435 0.02898371 -0.9916194 -0.1259039 0.02897036 -0.9407574 -0.1172552 -0.3181615 -0.9959769 -0.08476591 0.02906388 -0.9987249 -0.04129713 0.02903485 -0.9987271 -0.04129886 0.02896249 -0.9994741 0.01454061 0.02898675 -0.07981383 -0.04756647 0.9956743 -0.07966721 -0.04747617 0.9956903 -0.2321211 -0.1382694 0.9628092 -0.2426885 -0.1186342 0.9628232 -0.3882573 -0.1897554 0.9018033 -0.4025519 -0.1570541 0.9018237 -0.5396308 -0.2105128 0.8151584 -0.5551326 -0.165242 0.8151827 -0.6774609 -0.2016539 0.7073772 -0.691805 -0.1450308 0.7073698 -0.7960611 -0.1668776 0.5817549 -0.8070973 -0.10059 0.5817866 -0.8902967 -0.1109522 0.4416576 -0.8964055 -0.03707218 0.441682 -0.9556227 -0.03951632 0.2919314 -0.9556182 0.0395168 0.2919456 -0.9897813 0.04093444 0.1365922 -0.9897855 0.040928 0.1365634 -0.5393774 0.02230405 -0.8417688 -0.9980212 0.05582064 0.02894544 -0.9930861 0.1137644 0.02894365 -0.62207 0.07752567 -0.7791141 -0.9875357 0.1547027 0.02899223 -0.9783145 0.2050913 0.02895754 -0.9783112 0.2051116 0.02892011 -0.9672878 0.2520225 0.02896529 -0.08894628 -0.02648526 0.9956843 -0.08884447 -0.02643632 0.9956947 -0.2589809 -0.07707601 0.9628024 -0.2644333 -0.05543339 0.9628095 -0.4229367 -0.08866322 0.9018112 -0.428794 -0.05344277 0.9018202 -0.5747576 -0.0716328 0.8151825 -0.5787111 -0.02393156 0.8151814 -0.7062309 -0.02920591 0.707379 -0.7062386 0.02920478 0.7073713 -0.8126612 0.03360551 0.5817669 -0.8071018 0.1005905 0.5817803 -0.8903147 0.1109544 0.4416207 -0.8780998 0.1840962 0.4416439 -0.9361084 0.1962414 0.2918743 -0.9167002 0.2728742 0.2918915 -0.9494493 0.282629 0.1366271 -0.9494739 0.2826079 0.1364992 -0.6981161 0.2077853 -0.685171 -0.956047 0.2917777 0.02898257 -0.937463 0.3468746 0.02900189 -0.4779427 0.1864649 -0.8583715 -0.9223248 0.3853321 0.02891796 -0.8980642 0.4389166 0.0288617 -0.8980515 0.438928 0.02908211 -0.8587616 0.5115526 0.02902674 -0.8587224 0.5116215 0.02897363 -0.8279497 0.5600477 0.0290873 -0.09297269 0.003834784 0.9956613 -0.09246718 0.003822684 0.9957085 -0.2699574 0.01116311 0.9628076 -0.2680849 0.03341209 0.9628157 -0.4288389 0.05344176 0.9017989 -0.4228861 0.08866626 0.9018347 -0.5668869 0.1188415 0.8151785 -0.5551284 0.1652418 0.8151857 -0.6774427 0.2016485 0.7073961 -0.6584862 0.2568938 0.7073906 -0.7577953 0.2956147 0.5816858 -0.7307575 0.3571878 0.5817305 -0.8060483 0.3939553 0.4416846 -0.7707464 0.4591807 0.4417048 -0.8216836 0.4895136 0.2919119 -0.778434 0.5556995 0.2919567 -0.8062721 0.5755454 0.1366493 -0.8062959 0.5755447 0.1365115 -0.4259926 0.3040698 -0.8520985 -0.8041236 0.5937556 0.028975 -0.7411492 0.670709 0.02910864 -0.7681993 0.6395599 0.0288608 -0.5161018 0.4369866 -0.7366693 -0.7560055 0.6401634 0.1365531 -0.7598845 0.6445478 0.08446258 -0.7529172 0.6375446 0.1632566 -0.6233931 0.7361739 0.2634938 0.5694512 0.6725081 0.4727137 -0.08683252 0.1054348 0.990628 -0.1661693 0.2002521 0.96555 -0.2589638 0.3098025 0.9148553 -0.5099807 0.5360589 0.6727263 0.01055991 0.01290357 0.9998611 -0.005479872 0.01402938 0.9998866 -0.006076514 0.01377201 0.9998867 -0.003879666 0.007978856 0.9999607 0.002518117 0.01188999 0.9999262 0.002517819 0.01503336 0.9998839 0.001879811 0.01512134 0.999884 0.1264268 0.1504747 0.9804967 0.2224466 0.2645506 0.9383659 0.3391451 0.4025219 0.8502686 0.3079161 0.3644018 0.8788625 -0.3079621 0.3644229 0.8788375 -0.2214981 0.2633658 0.9389234 -0.1252897 0.1488324 0.9808932 -0.04570698 0.05415618 0.9974858 0.04610109 0.05464249 0.9974412 0.0591315 0.07143205 0.9956912 0.05391681 0.07551455 0.9956859 0.05394703 0.07558232 0.9956793 0.04754042 0.07978171 0.9956781 0.04750549 0.07973498 0.9956836 0.04077219 0.08338356 0.9956831 0.0407266 0.08335191 0.9956876 0.03372931 0.08643513 0.9956864 0.03373819 0.08652979 0.9956778 0.02650296 0.08901894 0.9956773 0.02642357 0.08877772 0.995701 0.01901233 0.0906496 0.9957014 0.02190172 0.1059502 0.9941302 0.01338201 0.1073771 0.9941284 0.01169389 0.09180009 0.9957089 0.003823995 0.09244298 0.9957107 0.003834486 0.09299331 0.9956594 -0.003844857 0.09297257 0.9956613 -0.003817737 0.0925374 0.9957019 -0.01145398 0.09190911 0.9957016 -0.01150321 0.09224641 0.9956699 -0.01907736 0.09099954 0.9956682 -0.01900857 0.09069508 0.9956973 -0.02643966 0.08880633 0.9956979 -0.02648317 0.08897852 0.9956814 -0.03374111 0.08648693 0.9956815 -0.03959274 0.1006857 0.9941302 -0.04748421 0.09720134 0.9941314 -0.04053485 0.08346402 0.9956861 -0.04750335 0.07969152 0.9956871 -0.04755198 0.07983988 0.995673 -0.05401957 0.07563501 0.9956713 -0.05390894 0.07555258 0.9956835 -0.05916118 0.07148224 0.9956859 -0.009638428 0.01181918 0.9998838 -0.1718485 0.2083631 0.9628359 -0.1569761 0.2199175 0.9628057 -0.156964 0.2198888 0.9628142 -0.1382462 0.2320964 0.9628185 -0.1382898 0.2321127 0.9628083 -0.1186068 0.2427203 0.9628185 -0.1186594 0.2427304 0.9628095 -0.09816831 0.2517039 0.9628127 -0.09819215 0.2516617 0.9628213 -0.07706815 0.258952 0.9628107 -0.07707732 0.2589254 0.9628171 -0.055431 0.2644317 0.9628101 -0.05544131 0.2644165 0.9628137 -0.0334044 0.268069 0.9628205 -0.03341847 0.2680981 0.9628119 -0.01116317 0.2699492 0.9628099 -0.01116287 0.2699304 0.9628152 0.01116162 0.269912 0.9628203 0.01116394 0.2699564 0.9628078 0.0334044 0.268069 0.9628205 0.03341495 0.2680836 0.9628161 0.055431 0.2644317 0.9628101 0.05543953 0.2644212 0.9628125 0.07706815 0.258952 0.9628107 0.07707583 0.2589223 0.9628181 0.0981751 0.2517213 0.9628074 0.09818947 0.2516562 0.962823 0.1186326 0.2427368 0.9628111 0.1186383 0.2427178 0.9628152 0.1382733 0.2321121 0.9628108 0.1382666 0.232093 0.9628163 0.1569544 0.2198871 0.9628162 0.1569795 0.2199152 0.9628057 0.1720162 0.208186 0.9628442 0.09070497 0.1102374 0.9897577 -0.2759199 0.3323827 0.9018814 -0.251066 0.3517276 0.9018058 -0.2510606 0.3516807 0.9018256 -0.2211383 0.371234 0.9018222 -0.2211743 0.3712245 0.9018173 -0.1897684 0.3882503 0.9018037 -0.1897787 0.3882351 0.901808 -0.1570537 0.4026201 0.9017934 -0.1570693 0.4025553 0.9018196 -0.1232672 0.4141321 0.9018315 -0.1232845 0.4141609 0.9018158 -0.08866208 0.4229513 0.9018045 -0.0886656 0.4229297 0.9018143 -0.05344212 0.428828 0.9018042 -0.05345219 0.428865 0.9017859 -0.01785135 0.43172 0.9018312 -0.01785612 0.4317839 0.9018004 0.01785367 0.4317764 0.901804 0.01785492 0.4317539 0.9018148 0.05344212 0.428828 0.9018042 0.05345207 0.4288645 0.9017861 0.08865946 0.4228957 0.9018308 0.08866298 0.422936 0.9018116 0.1232672 0.4141321 0.9018315 0.1232836 0.4141563 0.901818 0.1570611 0.4025929 0.9018043 0.1570693 0.4025669 0.9018145 0.1897684 0.38825 0.9018037 0.1897718 0.3882178 0.9018169 0.2211383 0.371234 0.9018222 0.2211715 0.371218 0.9018206 0.2510495 0.3517046 0.9018193 0.2510902 0.3517189 0.9018025 0.2760424 0.3323564 0.9018536 0.1647846 0.1986379 0.9661206 -0.3715473 0.444128 0.8152933 -0.3365054 0.4713978 0.8151983 -0.3365047 0.4714146 0.8151889 -0.2964221 0.4975733 0.8152023 -0.2964652 0.4976258 0.8151546 -0.2543589 0.5203786 0.8151735 -0.25432 0.5203428 0.8152085 -0.2104966 0.5395721 0.8152015 -0.2105101 0.5395825 0.8151909 -0.165228 0.5551097 0.8152013 -0.1652557 0.5551783 0.815149 -0.11882 0.5667883 0.8152503 -0.1188443 0.5668945 0.8151727 -0.07162427 0.5747328 0.8152007 -0.07163166 0.5747405 0.8151947 -0.02393412 0.578754 0.8151509 -0.02392935 0.5786455 0.8152282 0.0239312 0.5786843 0.8152005 0.02393317 0.5787377 0.8151626 0.07163286 0.574802 0.8151512 0.07162481 0.5746856 0.815234 0.1188199 0.5667884 0.8152502 0.118849 0.566914 0.8151587 0.1652569 0.5551756 0.8151504 0.1652462 0.5551561 0.8151659 0.2104966 0.5395718 0.8152015 0.2105103 0.53957 0.8151993 0.254359 0.5203782 0.8151738 0.2543175 0.5203501 0.8152045 0.2964578 0.4976331 0.8151528 0.2964377 0.4975796 0.8151928 0.3365256 0.4714266 0.8151734 0.3364884 0.4713916 0.815209 0.3715773 0.4441087 0.8152901 0.2585698 0.309363 0.9151154 -0.4106672 0.5752859 0.7073886 -0.4106622 0.5753152 0.7073676 -0.3617995 0.6072569 0.7073473 -0.3617448 0.607243 0.7073873 -0.3104133 0.6350571 0.7073515 -0.3103864 0.6350347 0.7073835 -0.2569086 0.6584823 0.7073889 -0.2568933 0.6585044 0.7073739 -0.2016705 0.6774814 0.7073528 -0.2016493 0.6774626 0.707377 -0.1450356 0.6918202 0.707354 -0.1450418 0.6918665 0.7073074 -0.0874201 0.7014328 0.7073541 -0.08741372 0.7014142 0.7073734 -0.02920788 0.7062556 0.7073542 -0.02920329 0.7062261 0.7073838 0.0292055 0.7062557 0.7073543 0.02920401 0.7062155 0.7073944 0.0874201 0.7014328 0.7073541 0.08741289 0.7014026 0.707385 0.1450356 0.69182 0.7073541 0.1450389 0.6918583 0.7073159 0.2016614 0.6774827 0.7073541 0.2016473 0.6774441 0.7073952 0.256891 0.6584855 0.7073924 0.2568984 0.6584914 0.7073842 0.3103967 0.6350231 0.7073893 0.3103891 0.6350693 0.7073511 0.3618025 0.6072936 0.7073143 0.3617427 0.6072221 0.7074062 0.410667 0.5752867 0.7073881 0.4106801 0.5753329 0.7073429 -0.4725611 0.6620287 0.581725 0.5035093 0.5319042 0.6808499 0.4048274 0.4802526 0.7781209 0.4891462 0.5758603 0.6550732 0.4567835 0.5394393 0.7073571 0.5112838 0.6037611 0.6116058 0.5390015 0.6356291 0.5526783 -0.4725815 0.6620334 0.5817031 -0.4162682 0.6987549 0.5817752 -0.4162979 0.6987621 0.5817453 -0.357177 0.730769 0.5817226 -0.3571707 0.7307406 0.5817624 -0.2956161 0.757766 0.5817233 -0.2956382 0.7577663 0.5817117 -0.2320582 0.7796198 0.5816718 -0.2320447 0.7795287 0.5817992 -0.1668847 0.7960472 0.5817718 -0.1668868 0.7960371 0.5817851 -0.100591 0.8071079 0.5817718 -0.1005918 0.8071287 0.5817427 -0.03360563 0.8126575 0.5817719 -0.03360658 0.8126645 0.581762 0.03360682 0.8126575 0.5817719 0.03360545 0.8126507 0.5817813 0.100591 0.807108 0.5817717 0.1005918 0.8071318 0.5817386 0.1668995 0.7961176 0.5816711 0.1668823 0.7960101 0.5818234 0.2320376 0.7795509 0.5817723 0.2320569 0.7795921 0.5817093 0.2956334 0.757762 0.5817198 0.2956328 0.7577694 0.5817103 0.3571612 0.7307367 0.5817729 0.3571876 0.730763 0.5817238 0.4162681 0.6987553 0.581775 0.4162889 0.6987494 0.5817672 0.4725464 0.6620347 0.5817301 0.4725989 0.6620373 0.5816846 0.5256282 0.6207791 0.5816772 0.5523771 0.6503221 0.5214986 -0.5212333 0.7302157 0.4417022 -0.52126 0.7301906 0.4417122 -0.4591718 0.7707881 0.4416412 -0.4591841 0.7707468 0.4417006 -0.3939822 0.8060615 0.4416366 -0.3939814 0.8060455 0.4416667 -0.3260788 0.8358403 0.4416373 -0.3260691 0.8357964 0.4417278 -0.2559478 0.8598796 0.441699 -0.2559694 0.8599271 0.441594 -0.1840609 0.8780168 0.4418235 -0.1840983 0.8781162 0.4416104 -0.110953 0.8903376 0.4415749 -0.1109566 0.8902809 0.4416887 -0.03707146 0.8964585 0.4415745 -0.03707057 0.8964425 0.441607 0.03707146 0.8964585 0.4415744 0.03707063 0.8964217 0.4416493 0.1109455 0.890277 0.4416991 0.1109627 0.8903227 0.4416027 0.1840735 0.8780767 0.4416992 0.184083 0.8780528 0.4417431 0.2559651 0.8599383 0.4415746 0.2559483 0.8598613 0.4417343 0.3260964 0.8358347 0.441635 0.3260612 0.8357966 0.4417333 0.3939692 0.8060336 0.4416991 0.3939864 0.8060611 0.4416339 0.4591566 0.7707613 0.4417037 0.4591878 0.7707572 0.4416785 0.5212473 0.7302084 0.4416978 0.5212518 0.7301952 0.4417144 0.5797569 0.684679 0.4416975 0.5929493 0.6990407 0.3996917 -0.3392391 0.4025904 0.8501988 -0.415755 0.4932178 0.7641231 -0.4567918 0.5394428 0.7073492 -0.5256365 0.6207474 0.5817035 -0.5256282 0.6207791 0.5816772 -0.5720089 0.6754912 0.4653145 -0.5799866 0.6845231 0.4416375 -0.5945184 0.702069 0.3919785 -0.6077225 0.7177407 0.3398851 -0.6182846 0.7297278 0.2919275 -0.5556636 0.7784488 0.2919853 -0.5557 0.7784588 0.2918898 -0.4894903 0.8216713 0.2919856 -0.4895174 0.8216761 0.2919267 -0.4199898 0.8592756 0.2919832 -0.420015 0.859299 0.2918777 -0.347617 0.8910619 0.2918411 -0.3476046 0.8909942 0.2920624 -0.2728456 0.9166791 0.2919841 -0.2728644 0.9166836 0.2919528 -0.1962415 0.9361189 0.2918403 -0.1962518 0.9361051 0.2918774 -0.1182814 0.9491254 0.29184 -0.1182838 0.9490522 0.2920771 -0.03951692 0.9556068 0.2919829 -0.03951776 0.9555955 0.2920201 0.03951692 0.9556069 0.2919829 0.03951895 0.9556128 0.291963 0.1182814 0.9491254 0.29184 0.118288 0.9490695 0.2920192 0.1962325 0.9360762 0.2919834 0.1962547 0.9361285 0.2918006 0.2728544 0.9166769 0.291983 0.2728586 0.9166773 0.2919776 0.3476009 0.8910214 0.291984 0.3476179 0.891027 0.2919464 0.4199898 0.8592756 0.2919832 0.4200062 0.8592966 0.2918977 0.4894903 0.8216713 0.2919856 0.4895175 0.8216739 0.2919326 0.5556768 0.7784662 0.2919141 0.5556913 0.778446 0.2919405 0.6445258 0.7598941 0.08454334 0.6375699 0.7529428 0.1630397 0.6180454 0.7299346 0.2919167 0.6221343 0.7341951 0.2718578 0.6058297 0.7154213 0.3480558 -0.6707625 0.7410959 0.02923291 -0.4369474 0.5160683 -0.7367161 -0.6395466 0.7682 0.02913677 -0.5937969 0.8040899 0.02906507 -0.3040693 0.4259641 -0.852113 -0.5600771 0.8279395 0.02881067 -0.5115953 0.858738 0.02897143 -0.5116487 0.8587044 0.02902817 -0.438977 0.8980363 0.02881354 -0.4389356 0.8980463 0.02912729 -0.3853198 0.9223279 0.02898001 -0.1864412 0.4779191 -0.8583898 -0.3468962 0.9374507 0.02914637 -0.2917832 0.9560425 0.02907443 -0.2077669 0.6979795 -0.6853157 -0.2520436 0.9672787 0.02908658 -0.205098 0.9783126 0.02897155 -0.2050943 0.9783172 0.02884262 -0.1546937 0.9875437 0.0287671 -0.07752919 0.6220697 -0.779114 -0.1137554 0.9930906 0.02882337 -0.0558229 0.9980092 0.02935248 -0.02230697 0.5394343 -0.8417322 -0.01453763 0.9994776 0.02886891 0.04129862 0.9987267 0.02897155 0.04130464 0.9987308 0.02882623 0.0848186 0.9959694 0.02916932 0.1172756 0.9408535 -0.3178696 0.125909 0.9916182 0.02898639 0.1833471 0.9826364 0.02845615 0.1039105 0.4956507 -0.8622836 0.2238028 0.9742045 0.02894663 0.280069 0.9595406 0.02904003 0.227838 0.7654165 -0.6018535 0.3194637 0.9471575 0.02890884 0.363282 0.9312286 0.02897173 0.3633071 0.9312237 0.02881664 0.4119775 0.9107421 0.02869975 0.2587783 0.5294644 -0.8078994 0.4492648 0.8929322 0.02886956 0.5003908 0.8653041 0.02929341 0.2878165 0.4831005 -0.8269072 0.5357442 0.8438724 0.02928501 0.5807351 0.8135769 0.02897185 0.5807806 0.8135523 0.02875524 0.6169425 0.7864723 0.02904272 -0.6401521 0.7560059 0.1366038 -0.6401538 0.755993 0.1366674 -0.5755327 0.8062947 0.1365684 -0.5755608 0.8062712 0.1365891 -0.5070053 0.8510555 0.1365668 -0.5069761 0.8510251 0.1368631 -0.4350056 0.8899934 0.136682 -0.435005 0.8900076 0.1365915 -0.3600352 0.9228776 0.1366441 -0.3600612 0.9228755 0.1365899 -0.2826154 0.9494733 0.1364888 -0.2826104 0.949449 0.1366685 -0.2032558 0.9695441 0.1366439 -0.2032624 0.9695392 0.1366683 -0.122509 0.9830158 0.1366439 -0.1225188 0.9830328 0.1365132 -0.04093027 0.9897957 0.1364886 -0.04093271 0.9897922 0.1365132 0.04092937 0.9897744 0.1366439 0.04093223 0.9897549 0.1367843 0.1225073 0.9829999 0.1367597 0.122509 0.983034 0.1365132 0.2032558 0.969544 0.1366438 0.2032625 0.9695392 0.1366683 0.2826093 0.9494528 0.1366441 0.2826165 0.9494695 0.1365132 0.3600428 0.9228977 0.1364889 0.3600536 0.9228554 0.1367452 0.43501 0.8900208 0.1364892 0.4350204 0.8900002 0.1365902 0.5070114 0.8510643 0.1364893 0.5070083 0.8510373 0.136668 0.575546 0.8062856 0.1365668 0.5755475 0.8062804 0.1365907 0.6401538 0.755993 0.1366674 0.5628731 0.6648007 -0.4911354 0.648889 0.7603231 0.02919018 -2.10371e-7 0 1 5.17058e-6 0 1 -9.36124e-7 0 1 -1.0748e-6 0 1 3.04105e-6 0 1 1.92667e-6 0 1 -1.91771e-6 0 1 -2.2985e-6 0 1 2.67893e-5 0 1 6.96072e-7 0 1 -4.42862e-7 0 1 4.65351e-7 0 1 -4.89936e-6 0 1 -1.10783e-6 0 1 1.03589e-6 0 1 -1.4269e-6 0 1 -3.56208e-7 0 1 2.61445e-7 0 1 2.13874e-7 0 1 0 0 1 -6.30998e-7 0 1 1.96372e-7 0 1 -2.26914e-6 0 1 2.76422e-5 0 1 -9.01953e-6 0 1 -5.12423e-7 0 1 4.20742e-7 0 1 -1.30409e-6 0 1 -5.10999e-7 0 1 -9.16258e-7 0 1 2.52946e-6 0 1 -1.03146e-6 0 1 5.10999e-7 0 1 -1.79436e-7 0 1 -1.46803e-5 0 1 4.83065e-7 0 1 6.28813e-7 0 1 -4.26431e-7 0 1 6.96405e-7 0 1 2.13111e-6 0 1 -1.72629e-6 0 1 1.64109e-6 0 1 -5.33007e-7 0 1 6.05034e-5 0 1 -6.53184e-7 0 1 -2.14984e-6 0 1 2.10371e-7 0 1 -5.17058e-6 0 1 9.36124e-7 0 1 1.0748e-6 0 1 -3.04105e-6 0 1 -1.92667e-6 0 1 1.91771e-6 0 1 2.2985e-6 0 1 -2.67893e-5 0 1 -6.96072e-7 0 1 4.42862e-7 0 1 -4.65351e-7 0 1 4.89936e-6 0 1 1.10783e-6 0 1 -1.03589e-6 0 1 1.4269e-6 0 1 3.56208e-7 0 1 -2.61445e-7 0 1 -2.13874e-7 0 1 0 0 1 6.30998e-7 0 1 -1.96372e-7 0 1 2.26914e-6 0 1 -2.76422e-5 0 1 9.01953e-6 0 1 5.12423e-7 0 1 -4.20742e-7 0 1 1.03146e-6 0 1 -1.79436e-7 0 1 1.79436e-7 0 1 -2.03739e-7 0 1 1.30409e-6 0 1 -6.28813e-7 0 1 4.26431e-7 0 1 -6.96405e-7 0 1 -2.13111e-6 0 1 1.72629e-6 0 1 -1.64109e-6 0 1 5.33007e-7 0 1 -6.05034e-5 0 1 6.53184e-7 0 1 2.14984e-6 0 1 -0.6128224 0.3553351 0.7058227 -0.6128205 0.3553611 0.7058113 -0.6643041 0.2460268 0.7058122 -0.6643117 0.2459921 0.7058173 -0.696444 0.1295555 0.7058195 -0.6964684 0.1295313 0.7057999 -0.7083244 0.009283125 0.7058261 -0.7083503 0.009315133 0.7057997 -0.6996051 -0.1112423 0.7058172 -0.6996219 -0.1112437 0.7058004 -0.6705223 -0.2285187 0.705818 -0.6705248 -0.2285037 0.7058205 -0.6219258 -0.3391616 0.7058171 -0.621937 -0.3391923 0.7057925 -0.5552395 -0.4399111 0.7058238 -0.5552388 -0.4399264 0.705815 -0.4723961 -0.527891 0.7058138 -0.4723952 -0.527904 0.7058047 -0.5792312 0.405582 0.707103 -0.5792258 0.4055792 0.707109 -0.649739 -0.3034399 0.6969673 -0.6251477 -0.4573929 0.6324414 -0.6357082 -0.5031701 0.5854015 -0.6917693 -0.6381323 0.3379979 -0.7101315 -0.5760746 0.4047856 -0.6526835 -0.574133 0.4943436 -0.6466884 -0.4806203 0.5922824 -0.6647222 -0.541602 0.5145987 -0.6600286 -0.5612176 0.4993968 -0.7230209 -0.4852338 0.4917204 -0.6032062 -0.4244382 0.6752737 -0.6341429 -0.3726136 0.6775116 -0.6560397 -0.384256 0.6495839 -0.6630308 -0.3656562 0.6532118 -0.6162888 -0.476187 0.6272433 -0.662226 -0.4325966 0.6118144 -0.6671386 -0.4350011 0.6047315 -0.6466689 -0.480632 0.5922941 -0.7137128 -0.4512029 0.5357519 -0.6526842 -0.5741053 0.4943749 -0.7043859 -0.5201867 0.4829559 -0.6782212 -0.6052249 0.4167959 -0.6716437 -0.6156804 0.4121072 -0.6845901 -0.1792797 0.7065376 -0.7000276 -0.2488718 0.6693462 -0.7002191 -0.2481645 0.6694085 -0.706208 -0.3160623 0.6335417 -0.7261871 -0.4245213 0.5407717 -0.7108934 -0.3952296 0.5817423 -0.7182672 -0.3747402 0.586227 -0.7096952 -0.3276621 0.6236748 -0.7174676 -0.2900096 0.6333521 -0.7339708 -0.5380446 0.4144815 -0.7328467 -0.5049722 0.456003 -0.7519499 -0.4622046 0.470041 -0.6690661 -0.2401077 0.7033483 -0.6803438 -0.3156726 0.6614251 -0.6820846 -0.3102688 0.6621888 -0.6904941 -0.3755837 0.6181868 -0.6925752 -0.3697945 0.6193479 -0.7004775 -0.4473754 0.5560456 -0.7246245 -0.4243324 0.5430114 -0.684094 -0.5157237 0.5157951 -0.7415001 -0.4862146 0.4623558 -0.6965813 -0.5744386 0.4298779 -0.7454866 -0.5492504 0.3775892 -0.7004126 -0.1010408 0.7065501 -0.7004048 -0.1010354 0.7065585 -0.7004112 -0.1010613 0.7065486 -0.6135381 0.3542281 0.7057574 -0.6135401 0.3542223 0.7057586 -0.6657293 0.2423064 0.7057564 -0.6657277 0.2423086 0.7057572 -0.6976885 0.123022 0.7057595 -0.6976911 0.123021 0.7057571 -0.7084532 0 0.7057577 -0.7084563 0 0.7057547 -0.7004087 -0.1010445 0.7065534 -0.7004141 -0.1010396 0.7065488 -0.7165548 -0.6907073 0.09732776 -0.7246724 -0.6409612 0.253019 -0.7736784 -0.5602262 0.2959195 -0.7089921 -0.6353397 0.3060618 -0.6820912 -0.6520318 0.3310683 -0.7636259 -0.5502198 0.3378366 -0.6873791 -0.6444937 0.3348701 -0.6926819 -0.639923 0.3327016 -0.686977 -0.6462138 0.3323706 -0.7256137 -0.6397405 0.2534103 -0.7265178 -0.638557 0.2538048 -0.7724307 -0.5862175 0.2443357 -0.7343232 -0.6503647 0.1944101 -0.768733 -0.6079223 0.1986959 -0.7335634 -0.6575124 0.1719367 -0.7511297 -0.6399556 0.1620524 -0.7307829 -0.6767102 0.08955281 -0.7240924 -0.6844453 0.08499932 -0.1010509 -0.7004245 0.7065368 -0.1010447 -0.7004114 0.7065507 -0.1010426 -0.7004176 0.7065449 -0.1010474 -0.7004325 0.7065294 -0.1010437 -0.7004098 0.7065525 0 -0.7084544 0.7057567 0.123022 -0.6976885 0.7057595 0.1230206 -0.6976892 0.7057591 0.2423056 -0.6657249 0.7057608 0.2423078 -0.6657308 0.7057546 0.3542265 -0.6135414 0.7057553 0.3542248 -0.6135376 0.7057595 -0.424048 -0.6033829 0.675361 -0.4747408 -0.6173425 0.6273033 -0.2485184 -0.7004514 0.669034 -0.1852737 -0.7156485 0.6734396 -0.2854543 -0.719991 0.6325574 -0.3710068 -0.6930678 0.6180704 -0.3835694 -0.7647092 0.5177783 -0.5011123 -0.6917045 0.5200303 -0.4377441 -0.6665788 0.6033679 -0.4377476 -0.6665766 0.6033678 -0.3168675 -0.7061356 0.6332199 -0.3178817 -0.7104617 0.6278499 -0.366324 -0.6631641 0.6527023 -0.3763308 -0.6908215 0.6173661 -0.4223166 -0.6409828 0.6409289 -0.4368459 -0.6701673 0.6000347 -0.4846008 -0.6077626 0.6291158 -0.3951334 -0.727694 0.5606523 -0.4634333 -0.7238544 0.5111404 -0.4865834 -0.7413955 0.4621357 -0.5050193 -0.7328688 0.4559154 -0.5558593 -0.7336483 0.3908717 -0.5324436 -0.7549235 0.3828766 -0.5526532 -0.7436937 0.3761574 -0.2404248 -0.6689683 0.7033331 -0.2492754 -0.700241 0.6689726 -0.3035736 -0.6497042 0.6969416 -0.3159277 -0.6806094 0.66103 -0.3684782 -0.6263793 0.6869301 -0.3844032 -0.6563295 0.649204 -0.4369735 -0.5953779 0.6742251 -0.6248333 -0.6622512 0.4135296 -0.6156654 -0.6717219 0.4120022 -0.5241235 -0.7235662 0.449162 -0.5856325 -0.6414749 0.4955247 -0.5744426 -0.6529961 0.4935707 -0.5744484 -0.6529851 0.4935784 -0.5011386 -0.6917144 0.5199917 -0.5295783 -0.608302 0.5911984 -0.5191706 -0.6275695 0.5801883 -0.3257754 -0.7348235 0.594899 -0.4218077 -0.7012621 0.5747259 -0.4251921 -0.7247407 0.5421833 -0.4836872 -0.69988 0.5255615 -0.5241312 -0.7235748 0.4491393 -0.5744074 -0.6966635 0.4297862 -0.577655 -0.7297449 0.3657695 -0.6844939 -0.7232324 0.09166878 -0.6772651 -0.7320826 0.0732606 -0.7008002 -0.713019 0.02198141 -0.6542437 -0.6805394 0.3298959 -0.6261358 -0.7112573 0.3194794 -0.6285442 -0.7068748 0.3244383 -0.6330289 -0.7005076 0.3294898 -0.6399084 -0.692686 0.3327214 -0.6480854 -0.6852985 0.3321919 -0.5890086 -0.7693368 0.2473661 -0.6406934 -0.7277222 0.244811 -0.5730239 -0.7721815 0.2745535 -0.6069656 -0.7489895 0.2657209 -0.5604979 -0.7394129 0.3729757 -0.6805148 -0.7269683 0.09174358 -0.6761947 -0.7307854 0.09334594 -0.6384407 -0.7527061 0.1607081 -0.6582297 -0.7330296 0.1714685 -0.6071999 -0.7725265 0.1857721 -0.6518594 -0.7330387 0.1942514 -0.6502698 -0.7344086 0.1944047 0.4055806 -0.5792285 0.707106 0.4055795 -0.5792284 0.7071066 -0.5278933 -0.4723752 0.7058261 -0.5278985 -0.4724044 0.7058026 -0.4399137 -0.5552486 0.7058151 -0.4399273 -0.5552441 0.7058101 -0.3391537 -0.6219257 0.705821 -0.3391702 -0.6219098 0.7058271 -0.2285206 -0.670528 0.705812 -0.2285152 -0.6705436 0.7057991 -0.1112349 -0.6996007 0.7058227 -0.1112416 -0.6996092 0.7058132 0.009283304 -0.7083386 0.7058118 0.00929892 -0.7083365 0.7058137 0.1295478 -0.6964452 0.7058197 0.1295461 -0.6964471 0.7058181 0.2460183 -0.6643026 0.7058166 0.2460097 -0.6643165 0.7058066 0.3553483 -0.6128257 0.7058133 0.3553552 -0.6128377 0.7057994 -0.3553512 -0.6128308 0.7058073 -0.246019 -0.6643045 0.7058146 -0.2460069 -0.6643091 0.7058145 -0.1295485 -0.6964492 0.7058157 -0.1295447 -0.6964394 0.7058261 -0.009283185 -0.7083426 0.7058079 -0.009299218 -0.7083276 0.7058226 0.1112337 -0.6996088 0.7058148 0.1112443 -0.699594 0.7058279 0.2285206 -0.670528 0.705812 0.2285164 -0.6705473 0.7057951 0.3391565 -0.6219309 0.705815 0.3391664 -0.6219028 0.705835 0.439925 -0.555247 0.7058095 0.4399049 -0.5552474 0.7058216 0.5279021 -0.4723831 0.7058141 0.5278807 -0.4723886 0.7058265 -0.4055795 -0.5792288 0.7071064 -0.4055806 -0.5792285 0.707106 0.7277105 -0.640712 0.2447973 0.7722505 -0.5729544 0.2745041 0.7232416 -0.6844841 0.09166872 0.7320797 -0.6772732 0.07321494 0.7130121 -0.7008056 0.02203118 0.7407597 -0.5580264 0.3740077 0.6926876 -0.639907 0.3327207 0.685302 -0.6480719 0.3322107 0.6804403 -0.6543101 0.3299687 0.7770245 -0.565571 0.2763379 0.7211506 -0.6366205 0.273233 0.7431468 -0.6068612 0.2818732 0.7068774 -0.6285559 0.32441 0.7005118 -0.6330206 0.3294967 0.7269919 -0.6804917 0.09172767 0.7308036 -0.6761834 0.09328526 0.7527034 -0.6384409 0.1607198 0.7330158 -0.6582399 0.1714879 0.7836094 -0.5915316 0.1898599 0.7274376 -0.6407763 0.245439 0.7282579 -0.6400671 0.2448564 0.6907165 -0.7165496 0.0973007 0.6399381 -0.75114 0.1620746 0.676765 -0.7307281 0.0895859 0.6844078 -0.7241281 0.08499693 0.5591667 -0.7584587 0.3347734 0.6422427 -0.7168828 0.2712997 0.567723 -0.769605 0.2922307 0.6409179 -0.7247188 0.2529959 0.6521134 -0.6820175 0.3310595 0.550235 -0.7636156 0.3378354 0.6444963 -0.6873793 0.3348647 0.6399327 -0.6926591 0.3327305 0.6461948 -0.6870254 0.3323077 0.6398267 -0.7255143 0.2534776 0.6385422 -0.7265311 0.253804 0.5927907 -0.767012 0.2455444 0.6540333 -0.7362044 0.173907 0.6575199 -0.7335606 0.1719201 0.3034217 -0.6497604 0.6969553 0.442737 -0.7256988 0.5266358 0.4573961 -0.6251077 0.6324787 0.5032988 -0.6355888 0.5854206 0.6381074 -0.6917821 0.3380184 0.5760812 -0.7101238 0.4047898 0.574104 -0.6526926 0.4943653 0.4806405 -0.6466715 0.5922843 0.541613 -0.6647531 0.5145471 0.5612304 -0.6600257 0.4993862 0.4244224 -0.6032028 0.6752867 0.3726201 -0.6341391 0.6775116 0.3842586 -0.6560229 0.6495993 0.3656662 -0.6630547 0.6531821 0.4761936 -0.616275 0.6272518 0.4325738 -0.6622346 0.6118214 0.4349998 -0.6671422 0.6047285 0.4806271 -0.6466842 0.5922814 0.4511937 -0.7136952 0.5357831 0.5741004 -0.6526963 0.4943646 0.5202015 -0.7043678 0.4829664 0.6052323 -0.6782374 0.4167588 0.6156656 -0.6716554 0.4121107 0.1527358 -0.6904948 0.7070281 0.2439684 -0.6826768 0.6887902 0.4245574 -0.7262098 0.5407129 0.3952193 -0.7108817 0.5817636 0.3747315 -0.7182828 0.5862134 0.3276342 -0.709716 0.6236659 0.3174254 -0.7119379 0.626407 0.2620214 -0.6964468 0.6680618 0.1967322 -0.7128222 0.6731872 0.471182 -0.7301299 0.4948716 0.4862111 -0.7415054 0.4623513 0.5268014 -0.7221694 0.4482765 0.2401058 -0.669061 0.7033539 0.3156705 -0.6803561 0.6614134 0.3102794 -0.6820592 0.6622099 0.3755984 -0.6904897 0.6181828 0.3697566 -0.6925972 0.6193457 0.4473897 -0.7004629 0.5560522 0.4243239 -0.7245896 0.5430646 0.5157126 -0.6840928 0.5158078 0.4862238 -0.7414908 0.4623612 0.5744299 -0.696602 0.4298558 0.5492537 -0.7454836 0.3775907 0.08669966 -0.7028268 0.7060578 0.08670103 -0.7028214 0.706063 0.08669734 -0.7028069 0.7060779 -0.3572919 -0.6115797 0.7059128 -0.3572909 -0.6115765 0.705916 -0.2524757 -0.6617794 0.7059065 -0.2524734 -0.6617711 0.7059152 -0.1408571 -0.6941487 0.7059156 -0.1408553 -0.6941537 0.7059112 -0.02544414 -0.7078441 0.7059103 -0.02544569 -0.7078446 0.7059097 0.08670073 -0.7028148 0.7060697 0.08669906 -0.7028017 0.7060829 0.7028259 -0.08670288 0.7060584 0.7028096 -0.08669948 0.706075 0.7028118 -0.08669978 0.7060728 0.7028136 -0.08669728 0.7060713 0.7028137 -0.086699 0.706071 0.7078441 0.02544414 0.7059103 0.7078412 0.02544569 0.7059132 0.694156 0.1408552 0.7059088 0.6941522 0.1408591 0.7059118 0.6617706 0.2524718 0.7059162 0.661774 0.2524745 0.7059121 0.6115801 0.3572899 0.7059134 0.6115809 0.3572943 0.7059105 0.6033548 -0.42405 0.6753849 0.6173275 -0.4747772 0.6272906 0.7130265 -0.1972503 0.6728191 0.6904885 -0.1527022 0.7070416 0.7264504 -0.2611779 0.635654 0.6930621 -0.3710033 0.6180788 0.7646974 -0.3835941 0.5177774 0.6917098 -0.5011303 0.520006 0.6665756 -0.4377511 0.6033664 0.6665925 -0.437732 0.6033616 0.682146 -0.3111312 0.6617207 0.7104623 -0.3179124 0.6278337 0.663162 -0.3663053 0.6527148 0.6908219 -0.3762971 0.6173861 0.6409773 -0.4223424 0.6409174 0.6701683 -0.436837 0.6000399 0.6078243 -0.4846058 0.6290523 0.7276653 -0.3951389 0.5606858 0.7256707 -0.4418616 0.5274093 0.7315933 -0.4861248 0.4779687 0.7436236 -0.5526955 0.3762336 0.7456632 -0.5491507 0.3773857 0.7230995 -0.5250787 0.4487978 0.7488321 -0.4696907 0.4675909 0.6826459 -0.2443029 0.6887022 0.7002495 -0.2492665 0.6689671 0.6497028 -0.3035817 0.6969394 0.6806024 -0.3159224 0.6610397 0.626382 -0.3684784 0.6869274 0.6563213 -0.3844028 0.6492125 0.5953926 -0.4369581 0.6742221 0.6622591 -0.6248151 0.4135447 0.6717001 -0.6156762 0.4120215 0.7235741 -0.524126 0.4491463 0.6414741 -0.5856339 0.4955241 0.6530049 -0.5744112 0.4935954 0.6529781 -0.5744615 0.4935724 0.6917123 -0.5011211 0.5200114 0.6083118 -0.5296168 0.5911537 0.6275533 -0.5191666 0.5802094 0.7348049 -0.3257867 0.5949159 0.7012763 -0.4218233 0.5746971 0.7247311 -0.425185 0.5422017 0.6998973 -0.4836979 0.5255284 0.7235777 -0.5241246 0.4491422 0.6966609 -0.5744221 0.4297708 0.7297468 -0.5776627 0.3657534 0.5792258 0.4055792 0.707109 0.5792306 0.4055819 0.7071034 0.4723948 -0.5279054 0.7058039 0.4724031 -0.5278812 0.7058165 0.5552356 -0.4399239 0.7058189 0.5552465 -0.4399009 0.7058248 0.6219327 -0.3391655 0.7058092 0.6219232 -0.3391847 0.7058084 0.6705323 -0.2285063 0.7058126 0.6705049 -0.2285286 0.7058314 0.6996142 -0.1112279 0.7058104 0.6996038 -0.1112725 0.7058138 0.7083403 0.009283363 0.7058101 0.7083186 0.009314715 0.7058315 0.6964518 0.1295569 0.7058115 0.6964528 0.1295284 0.7058157 0.6643041 0.2460268 0.7058122 0.6643117 0.2459921 0.7058173 0.6128259 0.3553529 0.7058107 0.6128137 0.3553255 0.7058351 0.5792312 -0.405582 0.707103 0.5792258 -0.4055792 0.707109 0.6844939 0.7232324 0.09166878 0.6772651 0.7320826 0.0732606 0.7008002 0.713019 0.02198141 0.6542437 0.6805394 0.3298959 0.6261358 0.7112573 0.3194794 0.6285442 0.7068748 0.3244383 0.6330289 0.7005076 0.3294898 0.6399084 0.692686 0.3327214 0.6480854 0.6852985 0.3321919 0.5890086 0.7693368 0.2473661 0.6406934 0.7277222 0.244811 0.5730239 0.7721815 0.2745535 0.6069656 0.7489895 0.2657209 0.5604979 0.7394129 0.3729757 0.6805148 0.7269683 0.09174358 0.6761947 0.7307854 0.09334594 0.6384407 0.7527061 0.1607081 0.6582297 0.7330296 0.1714685 0.6071999 0.7725265 0.1857721 0.6518594 0.7330387 0.1942514 0.6502698 0.7344086 0.1944047 0.7165623 0.6906994 0.09732878 0.7246724 0.6409612 0.253019 0.7736784 0.5602262 0.2959195 0.7089921 0.6353397 0.3060618 0.6820919 0.6520309 0.3310686 0.7636259 0.5502198 0.3378366 0.6873791 0.6444937 0.3348701 0.6926819 0.639923 0.3327016 0.6869893 0.6462254 0.3323231 0.7256137 0.6397405 0.2534103 0.7264904 0.6385908 0.253798 0.7724404 0.5862072 0.2443298 0.7343332 0.6503515 0.1944162 0.768733 0.6079223 0.1986959 0.7335634 0.6575124 0.1719367 0.7511297 0.6399556 0.1620524 0.7307829 0.6767102 0.08955281 0.7240899 0.6844434 0.08503508 0.649739 0.3034399 0.6969673 0.6251477 0.4573929 0.6324414 0.6357082 0.5031701 0.5854015 0.6917605 0.6381242 0.3380311 0.7101315 0.5760746 0.4047856 0.6526835 0.574133 0.4943436 0.6466884 0.4806203 0.5922824 0.6647222 0.541602 0.5145987 0.6600286 0.5612176 0.4993968 0.7230209 0.4852338 0.4917204 0.6032062 0.4244382 0.6752737 0.6341429 0.3726136 0.6775116 0.6560397 0.384256 0.6495839 0.6630308 0.3656562 0.6532118 0.6162888 0.476187 0.6272433 0.662226 0.4325966 0.6118144 0.6671386 0.4350011 0.6047315 0.6466689 0.480632 0.5922941 0.7137128 0.4512029 0.5357519 0.6526842 0.5741053 0.4943749 0.7043859 0.5201867 0.4829559 0.6782212 0.6052249 0.4167959 0.6716459 0.6156824 0.4121006 0.6845901 0.1792797 0.7065376 0.7000276 0.2488718 0.6693462 0.7002191 0.2481645 0.6694085 0.706208 0.3160623 0.6335417 0.7261871 0.4245213 0.5407717 0.7108934 0.3952296 0.5817423 0.7182672 0.3747402 0.586227 0.7096952 0.3276621 0.6236748 0.7174676 0.2900096 0.6333521 0.7339708 0.5380446 0.4144815 0.7328467 0.5049722 0.456003 0.7519499 0.4622046 0.470041 0.6690661 0.2401077 0.7033483 0.6803438 0.3156726 0.6614251 0.6820846 0.3102688 0.6621888 0.6904941 0.3755837 0.6181868 0.6925752 0.3697945 0.6193479 0.7004775 0.4473754 0.5560456 0.7246245 0.4243324 0.5430114 0.684094 0.5157237 0.5157951 0.7415001 0.4862146 0.4623558 0.6965813 0.5744386 0.4298779 0.7454866 0.5492504 0.3775892 0.7004126 0.1010408 0.7065501 0.7004048 0.1010354 0.7065585 0.7004112 0.1010613 0.7065486 0.6135381 -0.3542281 0.7057574 0.6135401 -0.3542223 0.7057586 0.6657293 -0.2423064 0.7057564 0.6657277 -0.2423086 0.7057572 0.6976885 -0.123022 0.7057595 0.6976911 -0.123021 0.7057571 0.7084532 0 0.7057577 0.7084563 0 0.7057547 0.7004087 0.1010445 0.7065534 0.7004141 0.1010396 0.7065488 0.1010509 0.7004245 0.7065368 0.1010447 0.7004114 0.7065507 0.1010426 0.7004176 0.7065449 0.1010474 0.7004325 0.7065294 0.1010437 0.7004098 0.7065525 0 0.7084544 0.7057567 -0.123022 0.6976885 0.7057595 -0.1230206 0.6976892 0.7057591 -0.2423056 0.6657249 0.7057608 -0.2423078 0.6657308 0.7057546 -0.3542265 0.6135414 0.7057553 -0.3542248 0.6135376 0.7057595 0.424048 0.6033829 0.675361 0.4747408 0.6173425 0.6273033 0.2485184 0.7004514 0.669034 0.1852737 0.7156485 0.6734396 0.2854543 0.719991 0.6325574 0.3710068 0.6930678 0.6180704 0.3835694 0.7647092 0.5177783 0.5011123 0.6917045 0.5200303 0.4377441 0.6665788 0.6033679 0.4377476 0.6665766 0.6033678 0.3168675 0.7061356 0.6332199 0.3178817 0.7104617 0.6278499 0.366324 0.6631641 0.6527023 0.3763308 0.6908215 0.6173661 0.4223166 0.6409828 0.6409289 0.4368459 0.6701673 0.6000347 0.4846008 0.6077626 0.6291158 0.3951334 0.727694 0.5606523 0.4634333 0.7238544 0.5111404 0.4865834 0.7413955 0.4621357 0.5050193 0.7328688 0.4559154 0.5558593 0.7336483 0.3908717 0.5324436 0.7549235 0.3828766 0.5526532 0.7436937 0.3761574 0.2404248 0.6689683 0.7033331 0.2492754 0.700241 0.6689726 0.3035736 0.6497042 0.6969416 0.3159277 0.6806094 0.66103 0.3684782 0.6263793 0.6869301 0.3844032 0.6563295 0.649204 0.4369735 0.5953779 0.6742251 0.6248333 0.6622512 0.4135296 0.6156654 0.6717219 0.4120022 0.5241235 0.7235662 0.449162 0.5856325 0.6414749 0.4955247 0.5744426 0.6529961 0.4935707 0.5744484 0.6529851 0.4935784 0.5011386 0.6917144 0.5199917 0.5295783 0.608302 0.5911984 0.5191706 0.6275695 0.5801883 0.3257754 0.7348235 0.594899 0.4218077 0.7012621 0.5747259 0.4251921 0.7247407 0.5421833 0.4836872 0.69988 0.5255615 0.5241312 0.7235748 0.4491393 0.5744074 0.6966635 0.4297862 0.577655 0.7297449 0.3657695 -0.4055806 0.5792285 0.707106 -0.4055795 0.5792284 0.7071066 -0.4723948 0.5279054 0.7058039 -0.4724031 0.5278812 0.7058165 -0.5552356 0.4399239 0.7058189 -0.5552465 0.4399009 0.7058248 -0.6219327 0.3391655 0.7058092 -0.6219232 0.3391847 0.7058084 -0.6705323 0.2285063 0.7058126 -0.6705049 0.2285286 0.7058314 -0.6996142 0.1112279 0.7058104 -0.6996038 0.1112725 0.7058138 -0.7083403 -0.009283363 0.7058101 -0.7083186 -0.009314715 0.7058315 -0.6964518 -0.1295569 0.7058115 -0.6964528 -0.1295284 0.7058157 -0.6643041 -0.2460268 0.7058122 -0.6643117 -0.2459921 0.7058173 -0.6128259 -0.3553529 0.7058107 -0.6128137 -0.3553255 0.7058351 0.3553512 0.6128308 0.7058073 0.246019 0.6643045 0.7058146 0.2460069 0.6643091 0.7058145 0.1295485 0.6964492 0.7058157 0.1295447 0.6964394 0.7058261 0.009283185 0.7083426 0.7058079 0.009299218 0.7083276 0.7058226 -0.1112337 0.6996088 0.7058148 -0.1112443 0.699594 0.7058279 -0.2285206 0.670528 0.705812 -0.2285164 0.6705473 0.7057951 -0.3391565 0.6219309 0.705815 -0.3391664 0.6219028 0.705835 -0.439925 0.555247 0.7058095 -0.4399049 0.5552474 0.7058216 -0.5279021 0.4723831 0.7058141 -0.5278807 0.4723886 0.7058265 0.4055795 0.5792288 0.7071064 0.4055806 0.5792285 0.707106 -0.7277105 0.640712 0.2447973 -0.7722505 0.5729544 0.2745041 -0.7232416 0.6844841 0.09166872 -0.7320797 0.6772732 0.07321494 -0.7130121 0.7008056 0.02203118 -0.7407597 0.5580264 0.3740077 -0.6926876 0.639907 0.3327207 -0.685302 0.6480719 0.3322107 -0.6804403 0.6543101 0.3299687 -0.7770245 0.565571 0.2763379 -0.7211506 0.6366205 0.273233 -0.7431468 0.6068612 0.2818732 -0.7068774 0.6285559 0.32441 -0.7005118 0.6330206 0.3294967 -0.7269919 0.6804917 0.09172767 -0.7308036 0.6761834 0.09328526 -0.7527034 0.6384409 0.1607198 -0.7330158 0.6582399 0.1714879 -0.7836094 0.5915316 0.1898599 -0.7274376 0.6407763 0.245439 -0.7282579 0.6400671 0.2448564 -0.6907165 0.7165496 0.0973007 -0.6399381 0.75114 0.1620746 -0.676765 0.7307281 0.0895859 -0.6844078 0.7241281 0.08499693 -0.5591667 0.7584587 0.3347734 -0.6422427 0.7168828 0.2712997 -0.567723 0.769605 0.2922307 -0.6409179 0.7247188 0.2529959 -0.6521134 0.6820175 0.3310595 -0.550235 0.7636156 0.3378354 -0.6444963 0.6873793 0.3348647 -0.6399327 0.6926591 0.3327305 -0.6461948 0.6870254 0.3323077 -0.6398267 0.7255143 0.2534776 -0.6385422 0.7265311 0.253804 -0.5927907 0.767012 0.2455444 -0.6540333 0.7362044 0.173907 -0.6575199 0.7335606 0.1719201 -0.3034217 0.6497604 0.6969553 -0.442737 0.7256988 0.5266358 -0.4573961 0.6251077 0.6324787 -0.5032988 0.6355888 0.5854206 -0.6381074 0.6917821 0.3380184 -0.5760812 0.7101238 0.4047898 -0.574104 0.6526926 0.4943653 -0.4806405 0.6466715 0.5922843 -0.541613 0.6647531 0.5145471 -0.5612304 0.6600257 0.4993862 -0.4244224 0.6032028 0.6752867 -0.3726201 0.6341391 0.6775116 -0.3842586 0.6560229 0.6495993 -0.3656662 0.6630547 0.6531821 -0.4761936 0.616275 0.6272518 -0.4325738 0.6622346 0.6118214 -0.4349998 0.6671422 0.6047285 -0.4806271 0.6466842 0.5922814 -0.4511937 0.7136952 0.5357831 -0.5741004 0.6526963 0.4943646 -0.5202015 0.7043678 0.4829664 -0.6052323 0.6782374 0.4167588 -0.6156656 0.6716554 0.4121107 -0.1527358 0.6904948 0.7070281 -0.2439684 0.6826768 0.6887902 -0.4245574 0.7262098 0.5407129 -0.3952193 0.7108817 0.5817636 -0.3747315 0.7182828 0.5862134 -0.3276342 0.709716 0.6236659 -0.3174254 0.7119379 0.626407 -0.2620214 0.6964468 0.6680618 -0.1967322 0.7128222 0.6731872 -0.471182 0.7301299 0.4948716 -0.4862111 0.7415054 0.4623513 -0.5268014 0.7221694 0.4482765 -0.2401058 0.669061 0.7033539 -0.3156705 0.6803561 0.6614134 -0.3102794 0.6820592 0.6622099 -0.3755984 0.6904897 0.6181828 -0.3697566 0.6925972 0.6193457 -0.4473897 0.7004629 0.5560522 -0.4243239 0.7245896 0.5430646 -0.5157126 0.6840928 0.5158078 -0.4862238 0.7414908 0.4623612 -0.5744299 0.696602 0.4298558 -0.5492537 0.7454836 0.3775907 -0.08669966 0.7028268 0.7060578 -0.08670103 0.7028214 0.706063 -0.08669734 0.7028069 0.7060779 0.3572919 0.6115797 0.7059128 0.3572909 0.6115765 0.705916 0.2524757 0.6617794 0.7059065 0.2524734 0.6617711 0.7059152 0.1408571 0.6941487 0.7059156 0.1408553 0.6941537 0.7059112 0.02544414 0.7078441 0.7059103 0.02544569 0.7078446 0.7059097 -0.08670073 0.7028148 0.7060697 -0.08669906 0.7028017 0.7060829 -0.7028259 0.08670288 0.7060584 -0.7028096 0.08669948 0.706075 -0.7028118 0.08669978 0.7060728 -0.7028136 0.08669728 0.7060713 -0.7028137 0.086699 0.706071 -0.7078441 -0.02544414 0.7059103 -0.7078412 -0.02544569 0.7059132 -0.694156 -0.1408552 0.7059088 -0.6941522 -0.1408591 0.7059118 -0.6617706 -0.2524718 0.7059162 -0.661774 -0.2524745 0.7059121 -0.6115801 -0.3572899 0.7059134 -0.6115809 -0.3572943 0.7059105 -0.6033548 0.42405 0.6753849 -0.6173275 0.4747772 0.6272906 -0.7130265 0.1972503 0.6728191 -0.6904885 0.1527022 0.7070416 -0.7264504 0.2611779 0.635654 -0.6930621 0.3710033 0.6180788 -0.7646974 0.3835941 0.5177774 -0.6917098 0.5011303 0.520006 -0.6665756 0.4377511 0.6033664 -0.6665925 0.437732 0.6033616 -0.682146 0.3111312 0.6617207 -0.7104623 0.3179124 0.6278337 -0.663162 0.3663053 0.6527148 -0.6908219 0.3762971 0.6173861 -0.6409773 0.4223424 0.6409174 -0.6701683 0.436837 0.6000399 -0.6078243 0.4846058 0.6290523 -0.7276653 0.3951389 0.5606858 -0.7256707 0.4418616 0.5274093 -0.7315933 0.4861248 0.4779687 -0.7436236 0.5526955 0.3762336 -0.7456632 0.5491507 0.3773857 -0.7230995 0.5250787 0.4487978 -0.7488321 0.4696907 0.4675909 -0.6826459 0.2443029 0.6887022 -0.7002495 0.2492665 0.6689671 -0.6497028 0.3035817 0.6969394 -0.6806024 0.3159224 0.6610397 -0.626382 0.3684784 0.6869274 -0.6563213 0.3844028 0.6492125 -0.5953926 0.4369581 0.6742221 -0.6622591 0.6248151 0.4135447 -0.6717001 0.6156762 0.4120215 -0.7235741 0.524126 0.4491463 -0.6414741 0.5856339 0.4955241 -0.6530049 0.5744112 0.4935954 -0.6529781 0.5744615 0.4935724 -0.6917123 0.5011211 0.5200114 -0.6083118 0.5296168 0.5911537 -0.6275533 0.5191666 0.5802094 -0.7348049 0.3257867 0.5949159 -0.7012763 0.4218233 0.5746971 -0.7247311 0.425185 0.5422017 -0.6998973 0.4836979 0.5255284 -0.7235777 0.5241246 0.4491422 -0.6966609 0.5744221 0.4297708 -0.7297468 0.5776627 0.3657534 -0.5792258 -0.4055792 0.707109 -0.5792306 -0.4055819 0.7071034 0 0 -1 -0.5796399 -0.4053546 0.7068983 -0.5796411 -0.4053544 0.7068974 -0.6127946 -0.3537973 0.706619 -0.612792 -0.3537948 0.7066224 -0.6464182 -0.2878033 0.7066206 -0.6464167 -0.2878045 0.7066216 -0.6729611 -0.2186573 0.7066203 -0.6729559 -0.2186568 0.7066255 -0.6921265 -0.1471172 0.706624 -0.6921293 -0.1471153 0.7066216 -0.7037169 -0.07396328 0.7066201 -0.7037123 -0.07396453 0.7066246 -0.7075901 0 0.7066232 -0.7075893 0 0.7066239 -0.7037142 0.07396435 0.7066227 -0.7037155 0.07396334 0.7066215 -0.6921304 0.1471167 0.7066203 -0.6921256 0.1471158 0.7066251 -0.6729575 0.2186561 0.7066242 -0.6729598 0.2186579 0.7066215 -0.6464174 0.2878043 0.7066211 -0.6464174 0.2878035 0.7066214 -0.6127916 0.353795 0.7066227 -0.6127936 0.3537969 0.70662 -0.5796388 0.4053543 0.7068995 -0.5796411 0.4053548 0.7068973 -0.4053521 0.5796372 0.7069019 -0.4053556 0.5796428 0.7068955 -0.353796 0.6127921 0.7066217 -0.3537975 0.6127955 0.7066181 -0.287806 0.6464222 0.706616 -0.2878018 0.6464119 0.7066271 -0.2186573 0.6729597 0.7066217 -0.2186577 0.6729577 0.7066236 -0.1471167 0.6921288 0.7066219 -0.1471163 0.6921316 0.7066192 -0.07396328 0.7037152 0.7066219 -0.07396322 0.7037088 0.7066282 0 0.7075859 0.7066274 0 0.7075901 0.7066231 0.07396328 0.7037152 0.7066218 0.0739634 0.7037103 0.7066267 0.1471167 0.6921288 0.7066219 0.1471156 0.6921286 0.7066223 0.2186573 0.6729595 0.7066219 0.2186574 0.672957 0.7066243 0.2878054 0.6464221 0.7066162 0.287803 0.6464136 0.7066251 0.3537947 0.6127924 0.7066221 0.3537987 0.6127963 0.7066167 0.4053542 0.5796422 0.7068969 0.4053541 0.5796378 0.7069004 -0.04297101 0.9990764 3.8367e-4 -0.03465449 0.9982111 -0.04872089 -0.04338663 0.9978427 -0.0492708 -0.04254287 0.9898191 -0.1358247 0.09158819 0.9853081 -0.1441515 -0.04309231 0.9818158 -0.1848809 -0.04186826 0.969024 -0.2433919 -0.04414367 0.9689016 -0.2434774 -0.04201483 0.9474337 -0.3171818 0.1465491 0.9332434 -0.3279942 -0.04337739 0.9306384 -0.3633604 -0.04081898 0.9028059 -0.4281067 -0.04448354 0.9024774 -0.428434 -0.04176825 0.8724061 -0.4869939 0.1323594 0.8536409 -0.5037642 -0.04378312 0.8473047 -0.5292995 -0.0399959 0.8018932 -0.5961272 -0.04443925 0.8015525 -0.5962708 -0.03923106 0.5942354 -0.8033338 -0.04189354 0.6365959 -0.7700589 0.03390198 0.6732637 -0.7386249 -0.03961169 0.6736949 -0.7379473 -0.04428035 0.7393698 -0.671842 0.05636978 0.7382023 -0.6722201 -0.04183536 0.7677862 -0.639339 -0.03922271 0.4264254 -0.903672 -0.04198604 0.4840872 -0.8740119 0.1356269 0.515926 -0.8458285 -0.0399329 0.5264427 -0.8492723 -0.04361313 0.593676 -0.8035215 -0.03950184 0.2428089 -0.9692696 -0.04176193 0.3150961 -0.9481406 0.1621319 0.3385246 -0.9268842 -0.04030197 0.3610699 -0.9316675 -0.04282885 0.4262778 -0.9035778 -0.04081654 -0.04805034 -0.9980106 -0.04086315 0.04970669 -0.9979276 -0.04027533 0.04974824 -0.9979495 -0.04117459 0.1352943 -0.9899496 0.1092079 0.1482486 -0.9829019 -0.04073166 0.1837645 -0.9821261 -0.04183918 0.2425312 -0.969241 -0.04189211 -0.2412221 -0.9695653 -0.04071903 -0.1831166 -0.9822476 0.0989921 -0.1467767 -0.9842038 -0.04116696 -0.1349793 -0.9899929 -0.04029649 -0.04803532 -0.9980325 -0.0428251 -0.4249895 -0.9041848 -0.04040539 -0.3604935 -0.9318863 0.1608265 -0.3372902 -0.9275615 -0.04178118 -0.3145383 -0.9483249 -0.03955405 -0.2412261 -0.9696626 -0.04193615 -0.6360754 -0.7704866 -0.03918159 -0.593113 -0.8041654 -0.04373127 -0.5930243 -0.8039962 -0.03995829 -0.5257729 -0.849686 0.1425256 -0.5142387 -0.8457217 -0.04197633 -0.4830212 -0.874602 -0.0391944 -0.4250778 -0.9043079 0.05033415 -0.6764792 -0.7347397 -0.03937554 -0.6690852 -0.7421419 -0.04404181 -0.7346425 -0.6770235 0.03222644 -0.7413734 -0.6703185 -0.04182642 -0.7673187 -0.6399005 -0.04443979 -0.8005734 -0.5975848 -0.03994101 -0.800602 -0.5978638 -0.04375356 -0.8469883 -0.529808 0.1285828 -0.8533018 -0.5053142 -0.04180091 -0.8720762 -0.4875816 -0.04451769 -0.9018761 -0.429695 -0.04080826 -0.9020186 -0.4297644 -0.04340559 -0.9303331 -0.3641377 0.1501927 -0.9323108 -0.3289965 -0.0419963 -0.9472165 -0.3178322 -0.0441007 -0.9686243 -0.2445855 -0.04184508 -0.9687104 -0.244641 -0.04310297 -0.9816637 -0.1856839 0.09413135 -0.9848279 -0.1457853 -0.04258632 -0.9896206 -0.13725 -0.04340159 -0.9977928 -0.05025708 -0.0429092 -0.9978109 -0.05032157 -0.9985842 -0.05314284 -0.002339482 -0.9990094 0.04393935 -0.007057249 -0.9895516 0.1436884 -0.01188665 -0.9693028 0.2453004 -0.0167272 -0.9375716 0.3471278 -0.02149397 -0.8944287 0.446447 -0.02612149 -0.8396905 0.5422084 -0.03049618 -0.7742751 0.631906 -0.03454029 -0.6987758 0.7143225 -0.03815507 -0.6153202 0.7871944 -0.04130452 -0.5252467 0.8498158 -0.04392021 -0.4299299 0.9016919 -0.04595893 -0.3319545 0.9421018 -0.04743808 -0.2329161 0.9712933 -0.04836845 -0.1346356 0.9896936 -0.04878485 -0.998602 -0.0528078 -0.00233227 -0.998558 -0.05323684 -0.006916463 -0.9986273 -0.05190646 -0.007032692 -0.99855 -0.05261367 -0.01138848 -0.9986417 -0.05074471 -0.01182383 -0.9985601 -0.05131924 -0.01562434 -0.9986763 -0.04874527 -0.01642495 -0.9985498 -0.05016398 -0.01954329 -0.9987003 -0.04651296 -0.02083832 -0.9985876 -0.047818 -0.02315926 -0.9987067 -0.04414051 -0.02522969 -0.9986181 -0.04523926 -0.02674818 -0.9987234 -0.04126441 -0.02913475 -0.9986639 -0.042234 -0.02977871 -0.9987318 -0.03824871 -0.03273838 -0.9987367 -0.03818982 -0.03266066 -0.9987498 -0.0346477 -0.03603553 -0.9987924 -0.03412562 -0.03534638 -0.9987667 -0.03101354 -0.03877049 -0.9988201 -0.03014373 -0.03807491 -0.9987472 -0.02591741 -0.04280745 -0.9988149 -0.0266937 -0.04069656 -0.9989234 -0.02443093 -0.03943586 -0.9988238 -0.02259057 -0.04290455 -0.998956 -0.01915615 -0.04147422 -0.9988639 -0.01805996 -0.04410046 -0.9989877 -0.01377516 -0.04282271 -0.9989007 -0.01309758 -0.04501169 -0.9989953 -0.008270204 -0.04404711 -0.9989398 -0.007990062 -0.04533797 -0.9989911 -0.002824962 -0.04482078 -0.9989745 -0.002772152 -0.04519104 -0.9989752 0.002687394 -0.0451827 -0.9989923 0.002702891 -0.04480153 -0.9989408 0.0079692 -0.04531908 -0.9989921 0.00809127 -0.04415386 -0.9988932 0.0131753 -0.0451554 -0.9989871 0.01360768 -0.04288995 -0.9988539 0.01820957 -0.04426652 -0.9989647 0.01896405 -0.04135227 -0.99882 0.02270042 -0.04293751 -0.9989323 0.02417689 -0.03936785 -0.9988071 0.0268948 -0.04075723 -0.9987486 0.02589678 -0.04278707 -0.9988241 0.0300846 -0.03801828 -0.9987496 0.03144955 -0.03886181 -0.9988189 0.0337246 -0.03497833 -0.998735 0.03504824 -0.03605484 -0.9987583 0.03776001 -0.03249967 -0.9987065 0.03867572 -0.03300774 -0.9987 0.04149574 -0.02960389 -0.998694 0.04178726 -0.02939891 -0.9986403 0.04484349 -0.02658534 -0.9987093 0.04389929 -0.02554553 -0.9985926 0.04771071 -0.02316337 -0.9986995 0.04633182 -0.0212785 -0.9985539 0.05013459 -0.01940816 -0.9986657 0.04887038 -0.0166918 -0.99857 0.05116957 -0.01548975 -0.9986572 0.05039709 -0.01199752 -0.9985675 0.05229854 -0.01131373 -0.9986224 0.05197328 -0.007227778 -0.9985831 0.05276572 -0.006899774 -0.9985989 0.05286139 -0.002435445 -0.9985755 0.05330467 -0.002385199 -0.9989998 0.04415482 -0.007050931 -0.9988719 0.04254603 -0.02109038 -0.9988012 0.04411971 -0.02120387 -0.9985225 0.04165071 -0.03490126 -0.9984421 0.04325026 -0.03525567 -0.9980588 0.0395497 -0.04810982 -0.9979355 0.04171091 -0.04883748 -0.9974706 0.03701579 -0.06068116 -0.9972764 0.04011893 -0.06188946 -0.9967821 0.03420132 -0.07249581 -0.9965132 0.03820884 -0.07417315 -0.9960201 0.03141981 -0.0834077 -0.9957059 0.03524172 -0.08560234 -0.9952093 0.02876496 -0.09344089 -0.9948778 0.03168797 -0.09599095 -0.9944201 0.02522909 -0.1024317 -0.9940109 0.02863997 -0.1054608 -0.9936088 0.02246552 -0.110621 -0.9932068 0.02486974 -0.1136745 -0.9928761 0.01912003 -0.1176074 -0.9924821 0.02102869 -0.1205703 -0.9922245 0.01558095 -0.123482 -0.9918515 0.01724374 -0.1262268 -0.991665 0.01212638 -0.1282715 -0.9913091 0.01342636 -0.130867 -0.9911779 0.008859157 -0.1322421 -0.9909298 0.009424746 -0.1340498 -0.9908501 0.005345761 -0.1348612 -0.9906829 0.005652427 -0.1360722 -0.9906461 0.00186491 -0.136444 -0.9905711 0.001849651 -0.1369873 -0.9905708 -0.001794457 -0.1369907 -0.9906274 -0.001804888 -0.1365802 -0.9906643 -0.005483031 -0.1362143 -0.9908533 -0.005384564 -0.1348368 -0.9909272 -0.009299039 -0.1340779 -0.9911838 -0.0089612 -0.1321918 -0.991307 -0.01306462 -0.1309196 -0.9916718 -0.01234102 -0.1281989 -0.9918469 -0.01688951 -0.1263115 -0.9922009 -0.01577943 -0.1236466 -0.9924402 -0.02083033 -0.1209489 -0.9928734 -0.0191608 -0.1176244 -0.993179 -0.0246725 -0.1139595 -0.9936278 -0.02239948 -0.1104635 -0.9939942 -0.02837485 -0.1056896 -0.9944217 -0.02541017 -0.1023721 -0.9948493 -0.03151911 -0.09634006 -0.9952176 -0.02867162 -0.0933814 -0.9956876 -0.03477257 -0.08600664 -0.9960242 -0.0315929 -0.08329373 -0.9965184 -0.03743797 -0.07449448 -0.996773 -0.03468292 -0.07239419 -0.9972674 -0.03981095 -0.06223386 -0.9974588 -0.03732877 -0.06068617 -0.9979259 -0.04147219 -0.04923421 -0.9980551 -0.03963571 -0.0481165 -0.9984463 -0.04291677 -0.03554213 -0.9985501 -0.04100304 -0.03488075 -0.998818 -0.04358196 -0.02152276 -0.9988501 -0.04294377 -0.02131736 -0.9989832 -0.04448992 -0.007312774 -0.9990117 -0.04385399 -0.00724107 -0.9894592 0.1443249 -0.01187831 -0.989241 0.1418986 -0.03559958 -0.9891166 0.1427446 -0.03566956 -0.9886497 0.1382223 -0.05887591 -0.9884107 0.1397964 -0.05917221 -0.9877315 0.1333523 -0.08126318 -0.987401 0.1353827 -0.08191931 -0.9865599 0.1271153 -0.1026712 -0.9860864 0.1298858 -0.1037469 -0.9852232 0.1193389 -0.1228559 -0.9846788 0.1224191 -0.1241824 -0.983754 0.1107421 -0.1412951 -0.9831227 0.1137917 -0.1432524 -0.982154 0.1012945 -0.1584713 -0.9814733 0.1043853 -0.1606675 -0.9805626 0.09105861 -0.1737965 -0.9799022 0.09367918 -0.1761142 -0.9790471 0.08002209 -0.1872517 -0.9783082 0.08262038 -0.1899662 -0.9775622 0.06877857 -0.1991021 -0.9768592 0.07077342 -0.2018351 -0.9762213 0.05690544 -0.2091741 -0.97563 0.058366 -0.2115175 -0.9751131 0.04468053 -0.2171593 -0.9746027 0.04559373 -0.2192507 -0.9742069 0.03228783 -0.223335 -0.9738362 0.03263998 -0.2248951 -0.9735756 0.01943916 -0.2275363 -0.9733413 0.01971817 -0.2285124 -0.9732078 0.006587028 -0.2298331 -0.9731435 0.006578981 -0.2301054 -0.9731414 -0.00636214 -0.2301205 -0.9732118 -0.006385982 -0.2298218 -0.9733401 -0.0194289 -0.2285424 -0.9735775 -0.01933443 -0.2275372 -0.9738391 -0.03235912 -0.2249233 -0.9742118 -0.03209352 -0.2233417 -0.9745953 -0.04531741 -0.2193411 -0.9750861 -0.04470193 -0.2172762 -0.9756053 -0.05777847 -0.2117929 -0.9762224 -0.0569756 -0.20915 -0.9768491 -0.07038336 -0.2020203 -0.9775736 -0.06863403 -0.1990963 -0.9783318 -0.08183395 -0.1901842 -0.9789885 -0.08031231 -0.1874346 -0.9798438 -0.093288 -0.1766455 -0.9805292 -0.09130465 -0.1738563 -0.9814192 -0.1042271 -0.1610996 -0.9821428 -0.1014775 -0.1584236 -0.9830973 -0.1134393 -0.1437057 -0.9836835 -0.1111894 -0.1414348 -0.9847135 -0.121644 -0.1246679 -0.9851819 -0.1197349 -0.1228016 -0.9861447 -0.1290996 -0.1041725 -0.9865627 -0.127009 -0.1027754 -0.9873839 -0.1352154 -0.08240169 -0.9877147 -0.1333789 -0.08142536 -0.9883481 -0.1400749 -0.05955839 -0.9886386 -0.138217 -0.05907595 -0.9890843 -0.1428336 -0.03620934 -0.9892653 -0.1416413 -0.03594517 -0.9895434 -0.1437143 -0.01225578 -0.9895354 -0.143771 -0.01223134 -0.9691849 0.2457668 -0.01671594 -0.9687969 0.2427226 -0.05018573 -0.9686151 0.2434371 -0.05023086 -0.9679445 0.2370533 -0.08300215 -0.9677041 0.2379477 -0.08324617 -0.9667098 0.2287633 -0.1146286 -0.9662389 0.2304936 -0.115132 -0.9651415 0.2179965 -0.1448429 -0.9644399 0.2205675 -0.1456224 -0.9632721 0.2051446 -0.1732707 -0.9623788 0.2083206 -0.1744412 -0.9610527 0.1912195 -0.1995322 -0.9602717 0.1936292 -0.2009629 -0.9587981 0.1752774 -0.2235715 -0.9579849 0.177403 -0.225373 -0.9565523 0.157648 -0.2452648 -0.9556451 0.1597683 -0.24742 -0.954325 0.1387085 -0.26462 -0.9534393 0.1410044 -0.2665923 -0.9522678 0.1192948 -0.2809892 -0.9515096 0.1206099 -0.282989 -0.9504429 0.09859687 -0.2948509 -0.9496366 0.09991246 -0.296998 -0.9487736 0.07762545 -0.3062727 -0.9482148 0.07819598 -0.3078542 -0.9475567 0.05571985 -0.3146927 -0.9470667 0.05631268 -0.3160594 -0.9466219 0.03366255 -0.3205837 -0.9463744 0.03391683 -0.3212867 -0.9461534 0.01143276 -0.3235169 -0.9459969 0.0114603 -0.3239728 -0.945992 -0.01103371 -0.3240022 -0.9461151 -0.01104563 -0.3236421 -0.9463405 -0.03348678 -0.3214318 -0.9465854 -0.03344929 -0.320714 -0.9470268 -0.05585944 -0.3162595 -0.9475482 -0.055624 -0.3147354 -0.9481987 -0.07789343 -0.3079803 -0.9487783 -0.07742917 -0.3063079 -0.9496243 -0.0994094 -0.2972062 -0.9503977 -0.09847885 -0.2950357 -0.951439 -0.1202092 -0.2833967 -0.9522067 -0.1192517 -0.2812141 -0.9534168 -0.1404111 -0.2669854 -0.9543144 -0.1389008 -0.2645576 -0.9556508 -0.1592925 -0.2477047 -0.9565025 -0.1577037 -0.2454233 -0.9579278 -0.1770482 -0.2258943 -0.95879 -0.1750641 -0.2237733 -0.9602677 -0.1929454 -0.2016389 -0.9610267 -0.1910938 -0.1997773 -0.962433 -0.207644 -0.1749477 -0.9631832 -0.2053818 -0.1734835 -0.9644019 -0.2203005 -0.1462765 -0.9650562 -0.218154 -0.1451737 -0.9661858 -0.2303876 -0.1157872 -0.9666903 -0.2286513 -0.1150161 -0.967664 -0.2379201 -0.08378851 -0.9679659 -0.2368447 -0.08334684 -0.9685787 -0.2434405 -0.05091243 -0.9688324 -0.2424717 -0.05070704 -0.9691604 -0.2458255 -0.01726251 -0.9692586 -0.2454403 -0.01723152 -0.937591 0.3470757 -0.02148979 -0.9372846 0.3425326 -0.06456899 -0.9368628 0.3436779 -0.06460547 -0.9361015 0.3351038 -0.1068623 -0.9355711 0.336526 -0.1070376 -0.9343867 0.3242286 -0.1476392 -0.9339775 0.3252514 -0.1479786 -0.9325 0.3092752 -0.186528 -0.9317297 0.3112171 -0.1871465 -0.9300366 0.2918981 -0.2232211 -0.9292366 0.2937547 -0.2241149 -0.927413 0.2716672 -0.2571033 -0.9264847 0.2738039 -0.2581812 -0.9246266 0.2490291 -0.2881843 -0.9236699 0.2509239 -0.2896054 -0.9217671 0.2244055 -0.3162083 -0.9209308 0.2259004 -0.3175777 -0.9191095 0.1977518 -0.3407816 -0.9182244 0.1991039 -0.3423765 -0.9165611 0.169869 -0.3620226 -0.9156333 0.1711758 -0.3637508 -0.9141845 0.1407307 -0.3800811 -0.9135023 0.1414729 -0.3814432 -0.912308 0.110343 -0.3943583 -0.9116731 0.1109703 -0.3956487 -0.91074 0.07946544 -0.4052628 -0.9102927 0.07977253 -0.4062063 -0.9096563 0.04790538 -0.41259 -0.909311 0.04814803 -0.4133223 -0.9089944 0.01624786 -0.4164915 -0.9089231 0.01630103 -0.4166453 -0.9089301 -0.01570838 -0.4166525 -0.9090573 -0.01573503 -0.4163739 -0.9093663 -0.04763394 -0.4132602 -0.9095896 -0.04756909 -0.4127761 -0.9102165 -0.07931429 -0.4064669 -0.910676 -0.07911509 -0.4054751 -0.9116012 -0.1104717 -0.3959535 -0.9122983 -0.1100673 -0.3944579 -0.9134823 -0.1408324 -0.3817284 -0.9141918 -0.1401973 -0.3802605 -0.9156152 -0.1704332 -0.3641448 -0.9165167 -0.1694158 -0.3623474 -0.9181087 -0.1988772 -0.3428183 -0.9190555 -0.1974228 -0.3411179 -0.9208382 -0.2253708 -0.3182218 -0.9217271 -0.2242901 -0.3164064 -0.923622 -0.2505254 -0.2901026 -0.9246487 -0.2486711 -0.2884228 -0.9264955 -0.2730894 -0.2588983 -0.9273542 -0.2714647 -0.257529 -0.9291713 -0.2935103 -0.2247053 -0.9300664 -0.2915652 -0.2235316 -0.9317741 -0.3106416 -0.1878805 -0.9323552 -0.3094137 -0.1870217 -0.9339048 -0.3251126 -0.1487409 -0.934464 -0.3237881 -0.1481162 -0.9356899 -0.3360027 -0.1076414 -0.936063 -0.3350691 -0.1073078 -0.9368981 -0.3434247 -0.06543248 -0.9372289 -0.3425512 -0.06527411 -0.9376517 -0.3468672 -0.0221942 -0.9375817 -0.3470582 -0.02216482 -0.8943518 0.4466015 -0.02611559 -0.8938513 0.4414424 -0.07847625 -0.8934891 0.4421706 -0.07850098 -0.8925862 0.4317519 -0.1299244 -0.8922434 0.4324376 -0.129998 -0.8907976 0.417454 -0.1794763 -0.890182 0.4186397 -0.1797688 -0.8883304 0.3992165 -0.2269256 -0.8878509 0.4000529 -0.2273293 -0.8857249 0.3764777 -0.2715802 -0.8849931 0.3778055 -0.2721216 -0.8827603 0.3505942 -0.3127588 -0.8819814 0.3518533 -0.3135414 -0.8795185 0.3217129 -0.3506395 -0.8788096 0.3226298 -0.3515736 -0.8764235 0.2896222 -0.3847087 -0.8754587 0.2909699 -0.3858872 -0.8732358 0.2554373 -0.4149832 -0.8724099 0.2566105 -0.4159953 -0.8703555 0.2195904 -0.4407511 -0.8696727 0.2203317 -0.4417278 -0.8678455 0.1816539 -0.462435 -0.867119 0.1823118 -0.4635375 -0.8655802 0.1427081 -0.4800056 -0.864988 0.1431598 -0.4809376 -0.8638074 0.1027614 -0.4932312 -0.8634563 0.102977 -0.4938006 -0.8626307 0.06197786 -0.5020231 -0.8623531 0.06213337 -0.5024805 -0.8619377 0.02099192 -0.5065795 -0.8619173 0.02098453 -0.5066146 -0.8619133 -0.02028334 -0.5066499 -0.861959 -0.0202946 -0.5065717 -0.8623533 -0.06144094 -0.5025652 -0.8626638 -0.0614497 -0.502031 -0.8634607 -0.1023475 -0.4939237 -0.8639153 -0.1022136 -0.4931561 -0.8650941 -0.1425238 -0.4809357 -0.8655639 -0.1423256 -0.4801486 -0.8670907 -0.1816269 -0.4638594 -0.8677487 -0.1812379 -0.4627797 -0.8695805 -0.219574 -0.4422862 -0.8703801 -0.2190226 -0.4409846 -0.8724372 -0.2559815 -0.4163252 -0.873237 -0.2551791 -0.4151399 -0.8754817 -0.2903173 -0.386326 -0.8763076 -0.2894715 -0.3850862 -0.8786416 -0.3224041 -0.3521997 -0.8794918 -0.3212504 -0.3511304 -0.8817312 -0.3517238 -0.3143892 -0.8827451 -0.350001 -0.3134651 -0.8848728 -0.3775884 -0.2728135 -0.8857421 -0.3761045 -0.272041 -0.8877946 -0.3997157 -0.2281406 -0.8884165 -0.3986864 -0.2275199 -0.8902444 -0.4181533 -0.18059 -0.8906489 -0.4174504 -0.1802216 -0.892104 -0.4324965 -0.1307565 -0.8925933 -0.4315692 -0.1304807 -0.8934974 -0.4419816 -0.07946664 -0.8938837 -0.4412096 -0.07941019 -0.8943117 -0.446631 -0.02696901 -0.8943071 -0.4466428 -0.02692878 -0.839669 0.5422421 -0.03049206 -0.8390583 0.5362642 -0.09166204 -0.8389139 0.5364888 -0.09167093 -0.8376963 0.5246269 -0.1517612 -0.8374784 0.5249496 -0.1518484 -0.8356827 0.507573 -0.2097719 -0.8354396 0.5079146 -0.2099134 -0.8332037 0.4852236 -0.2651973 -0.8327966 0.485776 -0.265465 -0.8303391 0.4579412 -0.3175324 -0.8298075 0.4587094 -0.3178134 -0.827193 0.4265532 -0.3657928 -0.8264945 0.4275933 -0.3661569 -0.8236761 0.3915739 -0.4101555 -0.8231678 0.3920694 -0.4107027 -0.8203171 0.3528847 -0.4500581 -0.8197295 0.3535801 -0.4505827 -0.8170951 0.3111297 -0.4853392 -0.8164607 0.3117933 -0.4859805 -0.8139872 0.2674884 -0.5156307 -0.8134734 0.2679236 -0.5162152 -0.8112475 0.2214751 -0.5411343 -0.8107476 0.2219002 -0.5417091 -0.808934 0.1738086 -0.5616195 -0.8086478 0.1742003 -0.5619101 -0.8072344 0.1251466 -0.576811 -0.8068065 0.1253252 -0.5773709 -0.8058359 0.07550531 -0.5873053 -0.8057106 0.07561528 -0.587463 -0.8052185 0.02557229 -0.5924266 -0.8050425 0.02562999 -0.5926632 -0.8050391 -0.02473068 -0.5927061 -0.8051642 -0.02469629 -0.5925375 -0.8056318 -0.07488358 -0.5876649 -0.8057989 -0.07487654 -0.5874367 -0.8068064 -0.1245898 -0.57753 -0.8070372 -0.1245408 -0.5772178 -0.8084772 -0.173481 -0.5623779 -0.8089056 -0.1734265 -0.5617786 -0.8107491 -0.2209358 -0.5421009 -0.8112233 -0.2207903 -0.5414505 -0.8134261 -0.2670149 -0.5167601 -0.8139108 -0.2668438 -0.516085 -0.8164339 -0.3111094 -0.4864636 -0.817042 -0.3107638 -0.4856628 -0.8197951 -0.3526109 -0.4512223 -0.8202724 -0.3523585 -0.4505516 -0.8231179 -0.3914939 -0.411351 -0.823663 -0.3910484 -0.4106829 -0.8264606 -0.4268552 -0.3670933 -0.8270806 -0.4261012 -0.3665728 -0.8297844 -0.4582443 -0.3185437 -0.8302259 -0.4577574 -0.3180933 -0.832839 -0.4851936 -0.2663952 -0.8331159 -0.4849584 -0.2659572 -0.8354516 -0.5074926 -0.2108842 -0.835751 -0.5071162 -0.2106023 -0.8374594 -0.5247581 -0.1526141 -0.8377095 -0.5243852 -0.152522 -0.8388994 -0.5363119 -0.09283012 -0.8390237 -0.5361362 -0.09272158 -0.8398514 -0.5419033 -0.03147387 -0.8397651 -0.5420381 -0.03145319 -0.7742835 0.6318956 -0.03454256 -0.7734742 0.6252667 -0.1038241 -0.7735375 0.6251856 -0.1038408 -0.7722184 0.6116465 -0.1719514 -0.7719758 0.6119542 -0.1719462 -0.7701347 0.5919307 -0.2377201 -0.7699591 0.5921644 -0.2377069 -0.7675816 0.566109 -0.3005647 -0.7674633 0.5662077 -0.3006811 -0.7645903 0.5346357 -0.3599534 -0.7644172 0.5348262 -0.3600381 -0.7613666 0.4982911 -0.414761 -0.7611453 0.4985185 -0.4148941 -0.7579598 0.457186 -0.4652721 -0.7576414 0.4576494 -0.465335 -0.7544953 0.4122745 -0.5106531 -0.7543235 0.4124907 -0.5107325 -0.7512696 0.3636841 -0.5507522 -0.7509296 0.364063 -0.5509653 -0.7480857 0.312786 -0.585263 -0.7478282 0.3129789 -0.5854888 -0.7453199 0.2589374 -0.6143694 -0.7452012 0.2591435 -0.6144266 -0.7430786 0.2033537 -0.637559 -0.7427889 0.2035245 -0.6378421 -0.7411234 0.1465618 -0.6551762 -0.7410719 0.1464495 -0.6552594 -0.739928 0.08840757 -0.6668514 -0.7398228 0.08841246 -0.6669675 -0.7393013 0.0299012 -0.6727107 -0.7392964 0.0299707 -0.6727129 -0.7392745 -0.02894043 -0.6727821 -0.7393084 -0.02890241 -0.6727465 -0.7398712 -0.08757001 -0.6670249 -0.739991 -0.08756422 -0.6668928 -0.7411154 -0.1456753 -0.6553829 -0.7411732 -0.1456914 -0.655314 -0.7428603 -0.2026687 -0.6380314 -0.7429817 -0.2026757 -0.6378878 -0.7451388 -0.2580692 -0.6149542 -0.7452424 -0.2581859 -0.6147795 -0.7478016 -0.3119563 -0.5860685 -0.7480254 -0.311901 -0.5858122 -0.7508906 -0.3634651 -0.5514131 -0.7511885 -0.3630058 -0.5513099 -0.7541846 -0.4119355 -0.5113852 -0.7544974 -0.411519 -0.5112593 -0.7577587 -0.4566229 -0.4661515 -0.7578332 -0.456777 -0.4658796 -0.7610492 -0.4978395 -0.4158846 -0.761348 -0.4974818 -0.4157656 -0.7644296 -0.5342696 -0.3608371 -0.7645196 -0.5342032 -0.3607451 -0.7673033 -0.5658939 -0.3016784 -0.7674825 -0.5656841 -0.3016159 -0.7697149 -0.5920546 -0.2387683 -0.7701969 -0.5914304 -0.238761 -0.7719653 -0.6117156 -0.1728403 -0.772127 -0.6115248 -0.1727935 -0.7734731 -0.6250565 -0.1050887 -0.7734232 -0.6251183 -0.1050899 -0.7741346 -0.6320171 -0.03563827 -0.7742516 -0.6318739 -0.03563535 -0.6990349 0.7140681 -0.03817027 -0.6982907 0.7065569 -0.1147506 -0.6982921 0.7065576 -0.1147364 -0.6969065 0.6915225 -0.1900473 -0.6969186 0.6915181 -0.1900192 -0.6948435 0.6694152 -0.2628232 -0.6949831 0.6692929 -0.2627654 -0.6922744 0.6405169 -0.3324068 -0.6926889 0.6400616 -0.3324204 -0.6894795 0.6050165 -0.3982125 -0.6898128 0.6046566 -0.3981817 -0.6862993 0.5641899 -0.4590023 -0.6865041 0.564022 -0.4589025 -0.6830065 0.5177965 -0.5151593 -0.6831954 0.5177844 -0.514921 -0.6796572 0.4671135 -0.5655714 -0.6798716 0.4670742 -0.5653463 -0.6764328 0.4123883 -0.6102252 -0.6768084 0.4122631 -0.6098931 -0.6735941 0.3545286 -0.6485218 -0.6738252 0.354547 -0.6482716 -0.6709762 0.2935744 -0.6808854 -0.6710643 0.2938562 -0.6806771 -0.6686961 0.2308735 -0.7067837 -0.6688743 0.2305645 -0.7067158 -0.6670103 0.166298 -0.7262523 -0.6671983 0.1661101 -0.7261225 -0.6659107 0.1002359 -0.7392671 -0.6659504 0.1002831 -0.7392249 -0.6652787 0.03396475 -0.7458221 -0.6653146 0.03396111 -0.7457903 -0.6653176 -0.03282403 -0.7458386 -0.6653312 -0.0328077 -0.7458271 -0.6658951 -0.09932476 -0.7394042 -0.6658209 -0.09934812 -0.7394677 -0.6671137 -0.1652412 -0.7263985 -0.667056 -0.1651949 -0.726462 -0.6689856 -0.2298533 -0.7068422 -0.6686459 -0.2299673 -0.7071264 -0.6710515 -0.292702 -0.6811869 -0.6708877 -0.292739 -0.6813324 -0.6737983 -0.3533725 -0.6489406 -0.6734691 -0.3534718 -0.6492281 -0.6766585 -0.4116526 -0.6104716 -0.6764338 -0.4117069 -0.6106839 -0.6798697 -0.4663478 -0.5659479 -0.6795963 -0.4664933 -0.5661563 -0.6832419 -0.5170071 -0.5156397 -0.6829423 -0.517226 -0.5158169 -0.6864652 -0.5632483 -0.4599097 -0.6862736 -0.5632696 -0.4601695 -0.6896619 -0.6043362 -0.3989289 -0.6894981 -0.6044409 -0.3990535 -0.69269 -0.6395286 -0.3334424 -0.6923726 -0.6398271 -0.3335288 -0.6950718 -0.6687656 -0.2638711 -0.6947863 -0.6690446 -0.2639157 -0.6971058 -0.6910588 -0.1910008 -0.6968203 -0.691342 -0.1910179 -0.6983403 -0.7062823 -0.1161299 -0.6982504 -0.7063687 -0.1161453 -0.699011 -0.7140264 -0.03937071 -0.6989629 -0.714073 -0.03937876 -0.6153594 0.7871638 -0.04130387 -0.6146895 0.7789264 -0.1242193 -0.6149168 0.7787489 -0.1242082 -0.6133587 0.7625318 -0.2057579 -0.6136454 0.7623223 -0.2056798 -0.611562 0.7382115 -0.2846678 -0.6118997 0.7379962 -0.2845003 -0.6089816 0.7067242 -0.3601145 -0.6098114 0.7060577 -0.3600175 -0.6062019 0.6681094 -0.4314502 -0.6071181 0.6673326 -0.4313639 -0.6034564 0.622988 -0.4977212 -0.604269 0.6225295 -0.4973087 -0.6004432 0.5721395 -0.558681 -0.6012476 0.5716931 -0.5582727 -0.5972952 0.5164917 -0.6135754 -0.5982726 0.5157507 -0.6132465 -0.5943828 0.4560608 -0.6623577 -0.5951872 0.4555849 -0.6619628 -0.5916407 0.392361 -0.7042828 -0.5924625 0.3919292 -0.7038322 -0.5892944 0.3250533 -0.7396435 -0.5899712 0.3247436 -0.7392399 -0.5872994 0.2556701 -0.7679272 -0.5879731 0.2551964 -0.7675692 -0.5858982 0.1839172 -0.7892388 -0.5861908 0.1839664 -0.7890099 -0.5847672 0.111099 -0.8035574 -0.5850118 0.1109601 -0.8033984 -0.5842516 0.03764075 -0.8106992 -0.5843575 0.03759837 -0.8106248 -0.5843284 -0.03632885 -0.8107037 -0.5843906 -0.03633594 -0.8106585 -0.5850923 -0.1099843 -0.8034741 -0.5848183 -0.1099889 -0.8036729 -0.5861892 -0.182998 -0.7892363 -0.58565 -0.1829525 -0.7896472 -0.5877625 -0.2544117 -0.767991 -0.5873224 -0.2545631 -0.7682775 -0.5899828 -0.3237972 -0.7396456 -0.5892201 -0.3239293 -0.7401955 -0.5923684 -0.3909879 -0.7044347 -0.591668 -0.3912091 -0.7049004 -0.5953059 -0.4547418 -0.6624355 -0.5942899 -0.4553294 -0.6629441 -0.5981642 -0.5150909 -0.6139064 -0.5972782 -0.5155333 -0.6143975 -0.6011646 -0.5710491 -0.5590207 -0.6003581 -0.5713559 -0.5595736 -0.6042032 -0.6216192 -0.4985259 -0.6032757 -0.6222025 -0.4989214 -0.6070019 -0.6669127 -0.4321761 -0.606351 -0.6672559 -0.43256 -0.6096482 -0.7056611 -0.3610701 -0.6090686 -0.7060115 -0.3613631 -0.611981 -0.7374707 -0.2856856 -0.6112676 -0.7379837 -0.2858885 -0.6136412 -0.7620398 -0.2067367 -0.6131685 -0.7624059 -0.2067894 -0.6149402 -0.7784918 -0.1256945 -0.6145755 -0.778774 -0.1257299 -0.6153188 -0.7871263 -0.04260241 -0.6154591 -0.7870154 -0.04262667 -0.5252102 0.8498387 -0.04391551 -0.5245077 0.8410984 -0.1320803 -0.5247146 0.8409753 -0.132043 -0.5231294 0.8236839 -0.2188163 -0.5239238 0.8231866 -0.2187868 -0.5213872 0.7978151 -0.3027318 -0.5225456 0.7970578 -0.302729 -0.5192291 0.7639187 -0.3831834 -0.5204881 0.7631075 -0.3830915 -0.5168201 0.7223643 -0.4594421 -0.5182469 0.7214821 -0.4592208 -0.514261 0.6741944 -0.5300921 -0.5157195 0.673315 -0.5297928 -0.5114126 0.6197136 -0.5953255 -0.5131611 0.6185794 -0.5950002 -0.5088314 0.5594097 -0.6543329 -0.5104221 0.5585992 -0.6537861 -0.5062739 0.4943955 -0.7065833 -0.5077648 0.4936429 -0.7060394 -0.5039257 0.4255023 -0.7516695 -0.50535 0.4249016 -0.7510528 -0.5019258 0.3527471 -0.7897089 -0.5030883 0.3522866 -0.7891745 -0.5002077 0.2772798 -0.8203098 -0.5011898 0.27695 -0.8198218 -0.4989216 0.199814 -0.8432981 -0.4997045 0.1995737 -0.8428913 -0.4981367 0.1205744 -0.8586744 -0.4985824 0.1205174 -0.8584237 -0.4977881 0.04086476 -0.8663355 -0.4979507 0.04081368 -0.8662444 -0.4979208 -0.03946638 -0.8663241 -0.4977124 -0.03946387 -0.8664439 -0.4984676 -0.1194067 -0.8586455 -0.4981164 -0.119376 -0.8588536 -0.4996803 -0.1985562 -0.8431459 -0.4989846 -0.1985694 -0.8435547 -0.5012439 -0.2760736 -0.8200841 -0.5001854 -0.2762283 -0.8206781 -0.5030497 -0.3511355 -0.7897119 -0.5019065 -0.3513904 -0.7903258 -0.5052981 -0.4236529 -0.7517926 -0.5038228 -0.4241161 -0.7525213 -0.5077356 -0.4927852 -0.7066592 -0.5062319 -0.4934818 -0.7072518 -0.5104202 -0.5577744 -0.6544914 -0.508848 -0.5583912 -0.6551893 -0.5130755 -0.6180087 -0.5956666 -0.5113902 -0.6187767 -0.5963183 -0.5156818 -0.6724363 -0.5309443 -0.514252 -0.6730533 -0.5315489 -0.5181875 -0.7209923 -0.4600564 -0.516767 -0.7217013 -0.4605422 -0.520352 -0.7626549 -0.3841764 -0.519271 -0.7631444 -0.3846666 -0.5224266 -0.7966651 -0.303966 -0.5213728 -0.7972902 -0.3041361 -0.5238686 -0.8229445 -0.2198276 -0.5231179 -0.8233762 -0.2199985 -0.5248797 -0.840618 -0.133652 -0.524258 -0.8409991 -0.1336937 -0.525233 -0.8497521 -0.0452978 -0.5250647 -0.8498558 -0.04530382 -0.4300811 0.9016193 -0.04596775 -0.4291928 0.8925744 -0.1382194 -0.4300151 0.8921691 -0.1382803 -0.428234 0.874136 -0.229133 -0.4291704 0.8736963 -0.229058 -0.4265992 0.8470372 -0.3170824 -0.4281301 0.846247 -0.3171291 -0.4246503 0.8114537 -0.4015161 -0.4266999 0.8103681 -0.4015356 -0.4228372 0.7675624 -0.4817226 -0.424673 0.7667873 -0.4813419 -0.4205883 0.7168653 -0.5560662 -0.4227854 0.7157914 -0.5557835 -0.4182082 0.6592713 -0.6248706 -0.4206075 0.6580255 -0.6245733 -0.4160085 0.5956467 -0.6871258 -0.4183431 0.5945394 -0.6866673 -0.4140406 0.5264071 -0.7426076 -0.4161232 0.5257698 -0.7418947 -0.4120272 0.4534496 -0.7903271 -0.4140259 0.4528402 -0.7896319 -0.4103647 0.376132 -0.8307381 -0.4121091 0.3754869 -0.8301662 -0.4090587 0.2957834 -0.8632398 -0.4105255 0.2953929 -0.8626771 -0.408098 0.2131172 -0.8877146 -0.4091467 0.2129281 -0.8872771 -0.4074338 0.128679 -0.9041236 -0.4081138 0.1285519 -0.9038349 -0.4072756 0.04361331 -0.9122633 -0.4076109 0.04357755 -0.9121154 -0.4075905 -0.04209882 -0.912194 -0.4073324 -0.04210501 -0.912309 -0.4082469 -0.1274476 -0.9039313 -0.4074497 -0.127431 -0.9042932 -0.409114 -0.2118123 -0.8875592 -0.4080498 -0.2119323 -0.8880203 -0.4105087 -0.294403 -0.8630235 -0.4091064 -0.2945716 -0.8636316 -0.4121268 -0.3743648 -0.8306639 -0.4104108 -0.3746474 -0.8313857 -0.4140431 -0.4514788 -0.7904018 -0.4120064 -0.4520817 -0.7911213 -0.4161353 -0.5249624 -0.7424594 -0.4139065 -0.5255796 -0.7432681 -0.4183017 -0.5938531 -0.6872861 -0.4159611 -0.5945635 -0.6880921 -0.4205591 -0.657297 -0.6253725 -0.4181272 -0.6584044 -0.6258382 -0.4225779 -0.7151116 -0.5568154 -0.4204842 -0.7157175 -0.5576213 -0.4246832 -0.7662002 -0.482267 -0.4227274 -0.7668896 -0.4828891 -0.4264615 -0.8099859 -0.4025589 -0.4248123 -0.8106201 -0.4030253 -0.4280793 -0.8458434 -0.3182719 -0.4265843 -0.8464731 -0.318605 -0.4292475 -0.8733607 -0.2301909 -0.4280359 -0.8739365 -0.2302612 -0.4299754 -0.8919388 -0.1398798 -0.4293519 -0.8922254 -0.1399676 -0.4303052 -0.9014378 -0.04740601 -0.4299886 -0.9015871 -0.04744201 -0.3322489 0.9419968 -0.04746305 -0.3311934 0.9327148 -0.1426677 -0.3321444 0.9323638 -0.1427515 -0.3302575 0.9137689 -0.2365509 -0.3317672 0.9131987 -0.236641 -0.3288892 0.8857867 -0.3274356 -0.3310677 0.8848785 -0.3276956 -0.3275375 0.8488148 -0.4150092 -0.3298487 0.8479091 -0.4150303 -0.3259286 0.8034221 -0.4982805 -0.3284857 0.802584 -0.4979521 -0.3241326 0.7508556 -0.57546 -0.3269523 0.7499716 -0.5750173 -0.3223481 0.6910341 -0.6469649 -0.3253335 0.6898294 -0.6467562 -0.3206781 0.624578 -0.7120871 -0.323524 0.6238417 -0.7114449 -0.3190352 0.5527095 -0.7698889 -0.3219215 0.5517154 -0.7694004 -0.3176615 0.4760526 -0.8200398 -0.320277 0.4754591 -0.8193663 -0.316459 0.3952173 -0.8623556 -0.3187512 0.3946215 -0.861784 -0.3155634 0.3107872 -0.8965663 -0.3173288 0.3105376 -0.8960295 -0.3147523 0.2242171 -0.9223111 -0.316352 0.2238648 -0.9218493 -0.3145608 0.13532 -0.9395424 -0.3152642 0.1352663 -0.9393145 -0.3144534 0.04586356 -0.9481644 -0.3146791 0.04582875 -0.9480911 -0.3148491 -0.04429668 -0.9481076 -0.3143441 -0.04429507 -0.9482752 -0.3152728 -0.1340273 -0.9394891 -0.3145317 -0.1340162 -0.9397391 -0.3162931 -0.222665 -0.92216 -0.314769 -0.222805 -0.9226476 -0.317319 -0.3096176 -0.8963512 -0.315425 -0.3097019 -0.8969904 -0.3186414 -0.393423 -0.8623723 -0.3164051 -0.393657 -0.8630887 -0.3202365 -0.4742333 -0.8200923 -0.3176052 -0.4745255 -0.820946 -0.3219115 -0.550907 -0.7699834 -0.3190494 -0.5514149 -0.7708108 -0.3236113 -0.622703 -0.7124022 -0.3206334 -0.6236082 -0.7129566 -0.3254074 -0.6890279 -0.6475728 -0.3223191 -0.6898579 -0.6482334 -0.3269803 -0.7489216 -0.5763682 -0.3240819 -0.7496919 -0.5770036 -0.3285255 -0.8019419 -0.498959 -0.3258984 -0.8028023 -0.4992985 -0.3299445 -0.8472994 -0.4161977 -0.3274825 -0.8480772 -0.4165579 -0.33087 -0.884543 -0.3287991 -0.3290656 -0.8850959 -0.3291217 -0.3318053 -0.9129064 -0.2377125 -0.3304067 -0.913353 -0.2379449 -0.3321241 -0.9321179 -0.1443944 -0.3313163 -0.9323829 -0.1445401 -0.3321126 -0.9419703 -0.04892206 -0.3319724 -0.9420171 -0.04897123 -0.2332959 0.9712011 -0.04839026 -0.2324226 0.9616627 -0.1455495 -0.2334005 0.9614235 -0.1455644 -0.2315155 0.9424375 -0.2412722 -0.2332714 0.9419748 -0.2413873 -0.2305203 0.913859 -0.3342489 -0.2327588 0.9132663 -0.3343174 -0.2292741 0.8763028 -0.4237059 -0.2321487 0.8755041 -0.4237921 -0.2280803 0.830025 -0.5089578 -0.2313254 0.8291784 -0.508873 -0.2268816 0.7761652 -0.5882962 -0.2303088 0.7752202 -0.5882106 -0.2255695 0.714724 -0.6620333 -0.2292054 0.7136296 -0.6619651 -0.2244027 0.6465027 -0.7291623 -0.2280092 0.6456478 -0.7288009 -0.2232906 0.5724503 -0.78895 -0.2266957 0.5717022 -0.7885212 -0.2223722 0.4936199 -0.8407675 -0.225441 0.4929835 -0.8403236 -0.2215105 0.4098284 -0.8848581 -0.2243665 0.4094237 -0.8843258 -0.2210216 0.3225875 -0.9203733 -0.2232355 0.3223955 -0.919906 -0.2205503 0.2327265 -0.9472043 -0.2224255 0.232429 -0.9468388 -0.220587 0.1405763 -0.9651837 -0.2215462 0.140464 -0.9649804 -0.2206753 0.04765623 -0.9741824 -0.2210136 0.04758673 -0.9741092 -0.221041 -0.04600447 -0.9741789 -0.2205679 -0.04600036 -0.9742863 -0.2214388 -0.1392328 -0.9651835 -0.2205666 -0.1391937 -0.9653888 -0.2223615 -0.2313244 -0.9471244 -0.2206329 -0.2312991 -0.9475346 -0.223307 -0.3213232 -0.9202638 -0.2209839 -0.3213344 -0.9208205 -0.2244108 -0.4080716 -0.8849392 -0.221511 -0.4083583 -0.8855374 -0.2254329 -0.4918844 -0.8409696 -0.2222495 -0.4919425 -0.8417826 -0.2266384 -0.570948 -0.789084 -0.2232306 -0.5712956 -0.7898035 -0.2279026 -0.6448583 -0.729533 -0.2243894 -0.6454041 -0.730139 -0.2291772 -0.7129588 -0.6626972 -0.2255811 -0.7135026 -0.6633455 -0.2302294 -0.774436 -0.5892735 -0.2267985 -0.7749304 -0.5899537 -0.2312495 -0.8286648 -0.5097436 -0.228157 -0.8291717 -0.5103125 -0.2321783 -0.874915 -0.4249908 -0.2293624 -0.8754491 -0.4254195 -0.232829 -0.9127599 -0.3356486 -0.2304365 -0.9132856 -0.3358698 -0.2331913 -0.9417192 -0.2424601 -0.2315028 -0.9420693 -0.2427178 -0.2334241 -0.96115 -0.1473225 -0.2323201 -0.9614145 -0.1473412 -0.2333536 -0.9711109 -0.0498985 -0.2329405 -0.9712079 -0.04994088 -0.135039 0.9896377 -0.04880368 -0.134099 0.9800361 -0.1467882 -0.1352632 0.9798684 -0.1468392 -0.1333666 0.9607045 -0.2434342 -0.1354048 0.9603796 -0.2435911 -0.1326797 0.9319501 -0.3374393 -0.1353229 0.9314994 -0.337634 -0.1318341 0.8941006 -0.4280233 -0.135078 0.8935546 -0.4281522 -0.1309658 0.84754 -0.5143191 -0.1346958 0.8468713 -0.5144573 -0.1301499 0.7931417 -0.5949685 -0.13422 0.7923102 -0.5951718 -0.1293872 0.7309002 -0.6701074 -0.1335855 0.7299715 -0.6702958 -0.1286593 0.6618246 -0.7385357 -0.1328716 0.6609258 -0.7385948 -0.1280794 0.5863889 -0.7998399 -0.1320779 0.5856702 -0.7997161 -0.1276296 0.5059583 -0.8530634 -0.1313651 0.5051983 -0.8529466 -0.1272796 0.4203379 -0.8983964 -0.1305155 0.4199585 -0.8981094 -0.1270783 0.3310057 -0.9350329 -0.1297811 0.3307434 -0.9347544 -0.1270371 0.2389507 -0.9626859 -0.1290451 0.2385933 -0.9625075 -0.1271898 0.1443138 -0.9813238 -0.128379 0.1442639 -0.9811763 -0.1274744 0.04895007 -0.9906333 -0.1278614 0.04888188 -0.9905868 -0.127987 -0.04726451 -0.9906491 -0.1274368 -0.04723036 -0.9907217 -0.1283908 -0.1429631 -0.981365 -0.12721 -0.1429877 -0.9815152 -0.1290386 -0.2375042 -0.9627777 -0.1270759 -0.2374653 -0.9630483 -0.1297241 -0.3298835 -0.9350661 -0.1271334 -0.3297727 -0.935461 -0.1304638 -0.4186899 -0.8987091 -0.1273667 -0.4186786 -0.8991584 -0.131397 -0.5041067 -0.8535873 -0.127579 -0.504169 -0.8541295 -0.132107 -0.5849618 -0.8002297 -0.128062 -0.5850756 -0.8008039 -0.1328123 -0.6602386 -0.7392199 -0.1286697 -0.6605347 -0.7396878 -0.133524 -0.7295083 -0.6708122 -0.1294243 -0.729676 -0.671433 -0.1342082 -0.7914239 -0.5963528 -0.1301215 -0.7917926 -0.5967687 -0.1346986 -0.8463485 -0.5153162 -0.1309757 -0.8467087 -0.5156838 -0.1350908 -0.8929681 -0.42937 -0.131793 -0.8933773 -0.4295436 -0.1353585 -0.9310455 -0.3388694 -0.1326157 -0.9313483 -0.3391214 -0.135376 -0.9601042 -0.2446901 -0.1333925 -0.9603409 -0.2448505 -0.135283 -0.9796075 -0.148552 -0.1340872 -0.9797515 -0.148686 -0.1350325 -0.9895626 -0.05032205 -0.1346511 -0.9896121 -0.05037039 -0.04296565 -0.9990764 -5.85396e-4 -0.03486239 -0.998228 0.04822373 -0.04187428 -0.9692289 0.2425735 -0.04306113 -0.9818689 0.1846055 0.08534604 -0.9858832 0.1440501 -0.04255467 -0.9897655 0.1362114 -0.04338073 -0.9978677 0.04876631 -0.0408411 -0.9029262 0.4278511 -0.04338383 -0.9306736 0.3632693 0.1484266 -0.9331986 0.3272766 -0.04195582 -0.9475737 0.3167709 -0.0440756 -0.9691126 0.2426484 -0.04177349 -0.767871 0.6392412 -0.04447257 -0.8014265 0.5964376 -0.03992569 -0.8021278 0.5958163 -0.04371899 -0.8475917 0.528845 0.1337633 -0.8538138 0.5030999 -0.04174393 -0.8725772 0.4866895 -0.04448193 -0.9026962 0.427973 0.05804848 -0.7387786 0.6714437 -0.04432523 -0.7397056 0.6714693 -0.03963416 -0.6740291 0.7376407 0.02647125 -0.673602 0.7386202 -0.04190534 -0.636835 0.7698606 -0.03920102 -0.5950315 0.8027458 -0.04369556 -0.5943863 0.8029918 -0.03990215 -0.5266795 0.8491271 0.1366919 -0.5161266 0.8455346 -0.0419557 -0.4841963 0.8739529 -0.03921163 -0.4270479 0.9033784 -0.04282397 -0.4266309 0.9034114 -0.04035764 -0.3612638 0.9315899 0.1624443 -0.3393628 0.926523 -0.04173624 -0.3155157 0.9480021 -0.03958249 -0.2434762 0.9690989 -0.04184162 -0.243099 0.9690986 -0.04071211 -0.1841807 0.9820489 0.108596 -0.1488564 0.9828778 -0.0411784 -0.1360041 0.9898521 -0.04032111 -0.0500884 0.9979305 -0.04082351 -0.05004447 0.9979124 -0.04183131 0.2406444 0.9697116 -0.04072791 0.1828325 0.9823001 0.0996735 0.146214 0.9842188 -0.04116332 0.1343067 0.9900845 -0.0403043 0.04773235 0.9980468 -0.02773624 0.04854053 0.9984361 -0.04086124 -7.74303e-4 0.9991645 -0.04284906 0.42457 0.9043806 -0.0403946 0.3600935 0.9320414 0.1600169 0.3365005 0.9279882 -0.0417537 0.3141225 0.9484639 -0.03958731 0.2406123 0.9698137 -0.04195475 0.6356825 0.7708097 -0.03919839 0.5923016 0.8047624 -0.04368799 0.5924103 0.8044511 -0.03997772 0.5253125 0.8499699 0.1414058 0.5139894 0.8460611 -0.04201191 0.4831188 0.8745463 -0.03918778 0.4247239 0.9044744 0.05958813 0.6763094 0.7342037 -0.03934699 0.6686351 0.742549 -0.04405844 0.7341982 0.6775042 0.0307464 0.7409347 0.6708729 -0.04183989 0.7669303 0.6403651 -0.04448038 0.8002835 0.5979698 -0.03991973 0.8005313 0.5979599 -0.04379451 0.8467906 0.5301206 0.1267116 0.853039 0.50623 -0.04181879 0.8719801 0.487752 -0.04451316 0.9016314 0.4302085 -0.04080784 0.9017824 0.4302595 -0.0434392 0.9302009 0.3644716 0.1483387 0.932315 0.3298248 -0.0420323 0.9470949 0.3181896 -0.04411756 0.9684388 0.2453162 -0.04188078 0.9684849 0.2455259 -0.04310095 0.9816403 0.1858081 0.1001245 0.984226 0.1458573 -0.04258626 0.9896571 0.1369867 -0.0434274 0.9977635 0.05081349 -0.0428766 0.9977874 0.05081325 -0.9985773 0.05327385 0.00232625 -0.9990236 -0.04362618 0.006985008 -0.9895027 -0.1440351 0.01176458 -0.9692571 -0.2454926 0.01655507 -0.9376832 -0.346839 0.02128595 -0.8943871 -0.4465463 0.02585268 -0.8397964 -0.5420616 0.0301882 -0.7741852 -0.6320356 0.0341832 -0.6990767 -0.7140478 0.03778201 -0.6153543 -0.7871897 0.04088437 -0.5249511 -0.8500227 0.04344981 -0.4299473 -0.9017071 0.04549294 -0.3318291 -0.942171 0.04693913 -0.2329322 -0.9713134 0.04788345 -0.1346133 -0.9897214 0.04828011 -0.9986023 0.05280256 0.002316415 -0.9985584 0.05322867 0.006926953 -0.9986317 0.05182129 0.007029652 -0.9985457 0.05270606 0.01134574 -0.9986503 0.05059421 0.01174974 -0.9985487 0.0515576 0.01556873 -0.9986742 0.04879391 0.01640814 -0.9985517 0.05012679 0.01954382 -0.9987031 0.04642111 0.02091145 -0.9985908 0.04771196 0.0232408 -0.9987019 0.04428821 0.02516341 -0.9986152 0.04535156 0.02666687 -0.9987262 0.04120361 0.02912652 -0.998672 0.04203039 0.02979713 -0.998727 0.03836172 0.03275251 -0.9987428 0.03801298 0.03267616 -0.9987472 0.03491944 0.0358408 -0.9988045 0.03400015 0.03512293 -0.9987704 0.03119713 0.03853034 -0.9988234 0.03031295 0.03785485 -0.9987443 0.02583783 0.04292267 -0.9988142 0.02672636 0.04069411 -0.9989235 0.02441668 0.03944486 -0.9988277 0.02262955 0.04279232 -0.9989582 0.01928609 0.04136192 -0.9988703 0.01800298 0.0439791 -0.9989922 0.0138787 0.04268467 -0.9989009 0.01304197 0.04502326 -0.998995 0.008240938 0.04405891 -0.9989394 0.008001744 0.04534375 -0.998991 0.002829015 0.04482299 -0.9989819 0.002818942 0.04502511 -0.9989827 -0.0026986 0.04501694 -0.9989927 -0.00268501 0.04479438 -0.9989414 -0.00794202 0.04531049 -0.9990069 -0.008093476 0.04381448 -0.9989073 -0.01323676 0.04482215 -0.9989962 -0.01354461 0.04269957 -0.9988649 -0.01808375 0.04406625 -0.9989694 -0.01880931 0.04130762 -0.9988183 -0.02283716 0.04290103 -0.9989298 -0.02403366 0.03951728 -0.9988015 -0.02688884 0.04089748 -0.9987509 -0.02582597 0.04277706 -0.998824 -0.0302838 0.03786528 -0.998759 -0.03135526 0.03869444 -0.998821 -0.03356868 0.03506821 -0.9987325 -0.03503859 0.03613615 -0.9987531 -0.03802651 0.03234505 -0.9987118 -0.03864663 0.03288137 -0.9986947 -0.04162985 0.02959531 -0.9987094 -0.0414111 0.02940678 -0.9986269 -0.04521167 0.02646332 -0.9986961 -0.04425644 0.02544921 -0.9985965 -0.04771888 0.02297937 -0.9986791 -0.04683762 0.02113008 -0.9985625 -0.04995244 0.01943576 -0.9986792 -0.04859304 0.01669436 -0.9985358 -0.05183327 0.01548171 -0.9986501 -0.05052769 0.01203632 -0.9985452 -0.05272442 0.01129978 -0.9986323 -0.05178743 0.007205247 -0.998569 -0.05302673 0.006949245 -0.9986056 -0.05273199 0.002474963 -0.9985824 -0.05317324 0.002406775 -0.9990056 -0.04403597 0.006978869 -0.9988669 -0.04267603 0.02106225 -0.9987997 -0.04417437 0.02116298 -0.9985317 -0.04155188 0.0347563 -0.9984534 -0.04310572 0.03510934 -0.9980766 -0.03923147 0.04800122 -0.9979324 -0.04186803 0.04876619 -0.9974791 -0.03688538 0.06062257 -0.9972655 -0.04046612 0.0618394 -0.9967757 -0.03449875 0.07244443 -0.9965423 -0.03768384 0.07405042 -0.9960293 -0.03140461 0.08330339 -0.995725 -0.03498739 0.08548557 -0.9952284 -0.02856141 0.0932995 -0.9948668 -0.03216153 0.09594714 -0.9944122 -0.02562367 0.10241 -0.9940121 -0.02860826 0.1054594 -0.9936114 -0.02238309 0.1106143 -0.9932215 -0.02493107 0.1135325 -0.9928949 -0.01888537 0.1174868 -0.9924792 -0.0212596 0.1205535 -0.992225 -0.0156061 0.1234751 -0.9918316 -0.01728117 0.1263793 -0.9916414 -0.0122469 0.1284428 -0.9913082 -0.01336771 0.1308798 -0.991177 -0.008890748 0.1322474 -0.9909505 -0.00938481 0.1338999 -0.9908702 -0.005308687 0.1347145 -0.9906845 -0.005726337 0.1360567 -0.9906467 -0.001863062 0.13644 -0.99057 -0.001889824 0.1369952 -0.9905693 0.001782894 0.1370019 -0.9906489 0.001793205 0.1364243 -0.990685 0.00546509 0.1360647 -0.990831 0.00539422 0.1349995 -0.9909073 0.009215116 0.1342312 -0.991187 0.008943974 0.1321681 -0.9913104 0.01294505 0.1309054 -0.9916347 0.01231837 0.1284878 -0.9918117 0.01684987 0.126593 -0.9922167 0.01584631 0.1235111 -0.992456 0.02085274 0.1208155 -0.9928742 0.01922762 0.1176065 -0.9931792 0.02455574 0.1139841 -0.9936287 0.02231478 0.110472 -0.9939991 0.0281887 0.1056942 -0.9943831 0.02583718 0.102639 -0.9948186 0.03170925 0.09659487 -0.9952136 0.0287171 0.09340971 -0.9956852 0.03479909 0.08602422 -0.9960126 0.03169202 0.08339339 -0.9965113 0.03736662 0.07462674 -0.9967627 0.03451931 0.07261353 -0.9972339 0.04034209 0.06242746 -0.9974784 0.03682589 0.06067055 -0.9979127 0.0417965 0.04922854 -0.9980589 0.03948104 0.04816454 -0.9984287 0.0432409 0.03564578 -0.9985243 0.04145926 0.0350784 -0.9987846 0.04429709 0.0216183 -0.9988681 0.04252326 0.02131712 -0.999006 0.04396098 0.007377862 -0.9990191 0.04367393 0.007324814 -0.9895008 -0.1440483 0.01175647 -0.9892559 -0.1418054 0.03555548 -0.989117 -0.14275 0.03563737 -0.9886475 -0.1383012 0.05872839 -0.9883592 -0.1402239 0.05902093 -0.9877157 -0.1335071 0.08120185 -0.9874374 -0.1352043 0.08177548 -0.986631 -0.1266925 0.1025101 -0.9861617 -0.1294824 0.1035349 -0.9852464 -0.1194198 0.1225914 -0.9846912 -0.1223808 0.1241223 -0.9837418 -0.1107708 0.1413582 -0.9831254 -0.1139151 0.1431358 -0.9821816 -0.1013351 0.158274 -0.9815097 -0.1042016 0.1605638 -0.9805734 -0.09106832 0.1737306 -0.9799036 -0.09376317 0.1760612 -0.9790491 -0.08014738 0.1871878 -0.9783123 -0.08273285 0.1898959 -0.9775645 -0.06874918 0.1991015 -0.9768642 -0.07082349 0.2017927 -0.9762216 -0.05697309 0.2091542 -0.9756662 -0.05831372 0.2113645 -0.9751468 -0.04471665 0.2170007 -0.9746363 -0.04565834 0.2190882 -0.974242 -0.03227275 0.2231843 -0.9738024 -0.03285247 0.2250104 -0.9735427 -0.01955616 0.2276669 -0.9733409 -0.01974344 0.2285118 -0.9732114 -0.006615996 0.229817 -0.9731432 -0.006635606 0.2301051 -0.973141 0.006307125 0.2301234 -0.973176 0.006344079 0.2299745 -0.9733029 0.01930975 0.2287111 -0.9735798 0.01922798 0.227536 -0.9738336 0.03232574 0.2249515 -0.9741829 0.03205269 0.2234732 -0.9745621 0.04528385 0.2194952 -0.9751183 0.04463309 0.2171459 -0.9756343 0.05770415 0.2116791 -0.9762189 0.05691474 0.2091825 -0.976865 0.07008123 0.2020483 -0.9775355 0.06881105 0.1992219 -0.9782822 0.08196151 0.1903845 -0.9789605 0.08025485 0.1876046 -0.9797921 0.09351187 0.1768132 -0.9805895 0.0907067 0.1738297 -0.9814739 0.103731 0.1610869 -0.9821456 0.101307 0.1585147 -0.9830977 0.1133844 0.1437458 -0.9837055 0.1109465 0.1414723 -0.984625 0.1222384 0.1247861 -0.9852221 0.1191758 0.1230231 -0.9860489 0.1297155 0.104315 -0.98655 0.1269729 0.1029415 -0.9873131 0.1356412 0.08254921 -0.9877129 0.1332645 0.08163249 -0.988339 0.1400225 0.05983209 -0.9886017 0.1384044 0.05925261 -0.9890359 0.1431563 0.03625601 -0.9892551 0.1416904 0.03602927 -0.9894459 0.1443713 0.012398 -0.9895167 0.1438894 0.01235711 -0.9692263 -0.2456151 0.01654821 -0.9688177 -0.2426602 0.05008494 -0.9686651 -0.243256 0.05014443 -0.9680035 -0.2369013 0.08274757 -0.9676193 -0.2383764 0.08300304 -0.966684 -0.2289196 0.1145336 -0.9661943 -0.2307284 0.1150346 -0.9650439 -0.2184966 0.1447397 -0.9644958 -0.2204048 0.1454983 -0.9631719 -0.2058118 0.1730358 -0.9624794 -0.2080722 0.1741819 -0.9610711 -0.1912534 0.1994107 -0.9602408 -0.1937566 0.2009878 -0.958799 -0.1753466 0.2235133 -0.9579644 -0.1777054 0.2252223 -0.9565726 -0.1577209 0.2451387 -0.9556782 -0.1598867 0.2472154 -0.9543136 -0.1392343 0.2643853 -0.9534989 -0.1407912 0.2664915 -0.9522697 -0.1193363 0.2809653 -0.9514822 -0.1209078 0.2829543 -0.9504488 -0.09871238 0.2947933 -0.9496747 -0.1000562 0.2968277 -0.9488328 -0.07758569 0.3060997 -0.9481506 -0.07868182 0.3079278 -0.9475083 -0.05591171 0.3148046 -0.9470714 -0.0564301 0.3160247 -0.9466285 -0.03387749 0.3205417 -0.9463366 -0.03402578 0.3213867 -0.946112 -0.01150619 0.3236352 -0.9459974 -0.01150828 0.32397 -0.9459915 0.01096159 0.324006 -0.9461108 0.01096051 0.3236578 -0.9463273 0.03340363 0.3214793 -0.9466264 0.03331333 0.320607 -0.947065 0.05567526 0.3161774 -0.9475091 0.055453 0.3148832 -0.9481613 0.07762759 0.3081627 -0.9487277 0.07736182 0.3064817 -0.9495754 0.09937256 0.2973749 -0.9503906 0.09846931 0.2950623 -0.9514208 0.1202381 0.2834454 -0.9522247 0.1190285 0.281248 -0.9533835 0.1403735 0.267124 -0.9543374 0.1385254 0.2646712 -0.955624 0.1592793 0.2478166 -0.9564656 0.1575609 0.2456591 -0.9578636 0.1771056 0.2261216 -0.9587547 0.1750994 0.2238968 -0.9602736 0.192847 0.2017045 -0.9609805 0.1911764 0.1999198 -0.962381 0.2076488 0.1752277 -0.9631594 0.2053259 0.1736818 -0.9644073 0.2201784 0.146425 -0.9651024 0.2178427 0.1453338 -0.966219 0.2301668 0.1159499 -0.9667641 0.2282864 0.11512 -0.9676432 0.2379267 0.08400893 -0.9680676 0.2363484 0.08357369 -0.9686418 0.2431747 0.05098217 -0.9689132 0.2421269 0.05081117 -0.9692538 0.2454441 0.01744288 -0.9692734 0.2453692 0.01740986 -0.9375 -0.3473344 0.02127325 -0.9371066 -0.3430393 0.06446278 -0.9369357 -0.3434979 0.06450378 -0.936079 -0.3352777 0.1065126 -0.9357752 -0.3360767 0.1066647 -0.9344995 -0.3240247 0.1473727 -0.9339707 -0.3253661 0.147769 -0.9325093 -0.3093575 0.1863447 -0.9317198 -0.3113582 0.1869607 -0.9300667 -0.2920045 0.2229563 -0.929223 -0.294058 0.2237738 -0.9273951 -0.2718854 0.2569375 -0.9265549 -0.2736235 0.2581209 -0.9246591 -0.2491347 0.2879887 -0.9236913 -0.2511805 0.2893144 -0.9217764 -0.2247596 0.3159294 -0.9209433 -0.2260773 0.3174152 -0.9191383 -0.1979359 0.3405966 -0.9182078 -0.1994988 0.3421912 -0.9165701 -0.1699607 0.3619567 -0.9156329 -0.1712914 0.3636974 -0.9142106 -0.1407105 0.3800258 -0.9135006 -0.1415978 0.3814011 -0.9123069 -0.1106402 0.3942776 -0.9117333 -0.1111364 0.3954633 -0.9108014 -0.07965046 0.4050886 -0.9102805 -0.08008474 0.4061723 -0.9096603 -0.04811584 0.4125567 -0.9093703 -0.04838901 0.4131639 -0.9090569 -0.0163545 0.4163509 -0.9089368 -0.01637983 0.4166122 -0.9089305 0.01559251 0.4166563 -0.9090501 0.01561951 0.4163941 -0.9093591 0.04739737 0.4133034 -0.909593 0.04735583 0.4127932 -0.91021 0.0791344 0.4065166 -0.9107459 0.07885426 0.405369 -0.9116532 0.1101961 0.3959109 -0.9122971 0.1097866 0.3945388 -0.9134676 0.1407361 0.381799 -0.9141884 0.1400676 0.3803167 -0.9156218 0.1702712 0.3642039 -0.9164988 0.1694511 0.3623759 -0.9181278 0.1984708 0.3430026 -0.9189864 0.1974509 0.3412873 -0.9207943 0.2253119 0.3183906 -0.9218192 0.2237697 0.3165067 -0.9236879 0.2501475 0.2902189 -0.9245883 0.2485563 0.2887148 -0.9264313 0.2731508 0.2590631 -0.927365 0.2713509 0.2576101 -0.9291606 0.2933408 0.2249705 -0.9300264 0.291491 0.2237942 -0.9317048 0.3107406 0.1880596 -0.9324489 0.3090392 0.1871733 -0.9339008 0.3250568 0.1488877 -0.9343944 0.3238736 0.1483678 -0.9356277 0.3360599 0.1080026 -0.9359934 0.3351626 0.1076218 -0.9368557 0.3435171 0.06555634 -0.9370231 0.3430923 0.06538766 -0.9375385 0.3471584 0.02242249 -0.9376621 0.3468257 0.02239769 -0.8943817 -0.4465574 0.0258488 -0.8938524 -0.4414632 0.07834756 -0.8936128 -0.4419419 0.078381 -0.8925041 -0.4320449 0.1295137 -0.8922094 -0.4326148 0.1296413 -0.8906952 -0.4177506 0.1792945 -0.8902193 -0.4186573 0.1795433 -0.8883002 -0.3994249 0.2266778 -0.8878918 -0.400089 0.2271059 -0.8857737 -0.3765959 0.2712572 -0.8849672 -0.3780714 0.2718367 -0.8826338 -0.3509666 0.3126983 -0.8819939 -0.3519066 0.3134465 -0.8796169 -0.3216748 0.3504277 -0.878766 -0.3229361 0.3514011 -0.8764101 -0.289836 0.3845782 -0.8755417 -0.2910917 0.3856065 -0.8732704 -0.2558292 0.4146689 -0.8724189 -0.2569758 0.4157509 -0.8704092 -0.2194625 0.4407088 -0.8696535 -0.2205673 0.4416483 -0.8678454 -0.1818907 0.4623419 -0.8671081 -0.1825729 0.4634552 -0.8655885 -0.1430285 0.4798954 -0.8650012 -0.1433976 0.480843 -0.8638014 -0.1030415 0.4931831 -0.8634673 -0.1032645 0.4937212 -0.8626667 -0.06227892 0.5019238 -0.8623569 -0.06235289 0.5024468 -0.8619459 -0.0211544 0.5065588 -0.8619039 -0.0211094 0.5066321 -0.8618919 0.02013915 0.5066919 -0.8619343 0.02015048 0.5066196 -0.862333 0.06123727 0.5026249 -0.86265 0.06115525 0.5020906 -0.8634494 0.102074 0.4940001 -0.8637944 0.1018943 0.4934338 -0.8649502 0.142307 0.4812588 -0.8654966 0.141992 0.4803686 -0.8670088 0.1814643 0.4640759 -0.8677626 0.1809461 0.4628677 -0.8695798 0.2194274 0.4423603 -0.8703172 0.2189305 0.4411545 -0.8724237 0.2555008 0.4166491 -0.8732208 0.254854 0.4153732 -0.8754755 0.290028 0.3865571 -0.8761839 0.2894347 0.3853952 -0.8785392 0.3223278 0.3525248 -0.8794755 0.3209168 0.3514761 -0.8817973 0.3513764 0.3145921 -0.8826979 0.350044 0.3135502 -0.8848906 0.3772872 0.2731721 -0.8856493 0.3760393 0.2724332 -0.8875995 0.4000059 0.228391 -0.8884578 0.3984151 0.2278339 -0.8902263 0.41806 0.1808949 -0.8906585 0.4173173 0.1804816 -0.8920822 0.432423 0.1311484 -0.8925935 0.4314357 0.1309203 -0.8936017 0.4417372 0.07965105 -0.8937234 0.441511 0.07953917 -0.8942767 0.446684 0.02724897 -0.8945057 0.4462273 0.02721661 -0.8396865 -0.5422325 0.03017944 -0.8388798 -0.5365723 0.09149301 -0.8390477 -0.5363046 0.09152251 -0.8378017 -0.5246034 0.1512601 -0.8375235 -0.5250249 0.1513387 -0.8357495 -0.5075929 0.2094568 -0.8354185 -0.5080725 0.2096145 -0.8332883 -0.4852192 0.2649401 -0.832797 -0.4859628 0.2651213 -0.8303573 -0.4582408 0.3170523 -0.8298322 -0.458942 0.3174126 -0.8271429 -0.4267691 0.3656539 -0.8265043 -0.4276648 0.3660514 -0.8237408 -0.3917435 0.4098635 -0.8231843 -0.3924498 0.4103057 -0.820426 -0.353011 0.4497607 -0.8197851 -0.353776 0.4503277 -0.817104 -0.3115826 0.4850336 -0.8165603 -0.3120912 0.4856215 -0.8140578 -0.2675601 0.5154818 -0.8134788 -0.2680929 0.5161188 -0.8112592 -0.2217491 0.5410044 -0.8108063 -0.221908 0.5416179 -0.8089193 -0.1744502 0.5614417 -0.8086007 -0.1744204 0.5619097 -0.807157 -0.1254233 0.5768592 -0.8068072 -0.1256848 0.5772916 -0.8058272 -0.07593625 0.5872617 -0.8057289 -0.07589012 0.5874025 -0.8052266 -0.02575176 0.5924078 -0.805073 -0.02579557 0.5926147 -0.8050556 0.02455502 0.5926911 -0.8051447 0.02453583 0.5925707 -0.8056266 0.07455509 0.5877138 -0.8058042 0.07454615 0.5874713 -0.8067744 0.1243661 0.5776229 -0.8071225 0.1241888 0.5771745 -0.8085358 0.1730707 0.5624201 -0.8089711 0.1728726 0.5618549 -0.8107647 0.2208461 0.5421141 -0.8112371 0.2204297 0.5415767 -0.8134135 0.2669508 0.516813 -0.8139468 0.2664947 0.5162087 -0.8163901 0.3108553 0.4866993 -0.8169905 0.3104867 0.4859265 -0.8197834 0.352292 0.4514928 -0.8203704 0.3518466 0.4507732 -0.8231407 0.3912045 0.4115805 -0.8236547 0.390842 0.4108959 -0.8265177 0.4266802 0.3671684 -0.8270984 0.4259554 0.3667021 -0.8297018 0.4581226 0.3189339 -0.8303006 0.4573674 0.3184587 -0.832753 0.4852275 0.2666023 -0.8330759 0.484867 0.2662495 -0.8353831 0.5074898 0.2111617 -0.8357555 0.5069835 0.2109042 -0.8374889 0.5245705 0.1530955 -0.837692 0.524289 0.1529492 -0.8389278 0.5362413 0.09298074 -0.8391547 0.5358927 0.09294456 -0.8395687 0.5423221 0.031798 -0.8398065 0.5419552 0.03177464 -0.7742016 -0.6320154 0.03418534 -0.773513 -0.6252452 0.1036633 -0.7735162 -0.6252392 0.1036758 -0.7721596 -0.6118783 0.1713904 -0.7721487 -0.6118863 0.1714106 -0.7702472 -0.5919201 0.2373813 -0.7700404 -0.5921843 0.2373933 -0.7676495 -0.5661684 0.300279 -0.7674849 -0.5663187 0.3004168 -0.7646747 -0.5347657 0.3595809 -0.7644568 -0.5350816 0.3595741 -0.7613603 -0.4984123 0.4146274 -0.761132 -0.4986711 0.4147352 -0.7579597 -0.4575535 0.4649109 -0.7576925 -0.4577966 0.4651068 -0.7545017 -0.4125485 0.5104224 -0.7542278 -0.4130081 0.5104554 -0.7512114 -0.3642206 0.550477 -0.7509102 -0.3645064 0.5506986 -0.7480321 -0.3129986 0.5852178 -0.7478416 -0.3131561 0.585377 -0.745287 -0.2593392 0.6142398 -0.7451973 -0.2592315 0.6143941 -0.7430275 -0.2039023 0.6374433 -0.7428959 -0.2039377 0.6375855 -0.7412099 -0.1468738 0.6550083 -0.7410634 -0.1469336 0.6551607 -0.7399277 -0.08877867 0.6668024 -0.7398684 -0.08877766 0.6668683 -0.7392885 -0.03011012 0.6727154 -0.7393132 -0.03017866 0.6726851 -0.7392969 0.02873712 0.6727662 -0.7392675 0.02871519 0.6727995 -0.7398384 0.08717703 0.6671127 -0.7399641 0.08719563 0.6669708 -0.7411118 0.1452253 0.6554868 -0.7411792 0.1452515 0.6554048 -0.7428281 0.2023232 0.6381784 -0.7429722 0.2022414 0.6380367 -0.7450975 0.2579338 0.6150609 -0.7452223 0.2579138 0.6149181 -0.7477833 0.3117903 0.58618 -0.7479487 0.3117511 0.5859899 -0.750853 0.3628543 0.5518666 -0.7510415 0.3627991 0.5516463 -0.7540922 0.4116102 0.5117832 -0.7543736 0.4112922 0.5116242 -0.7576476 0.4564093 0.4665414 -0.7577722 0.4564512 0.4662978 -0.761107 0.4975398 0.4161374 -0.7611987 0.4975858 0.4159147 -0.764379 0.5339962 0.3613488 -0.7645635 0.5338646 0.3611528 -0.7674812 0.5654634 0.3020326 -0.7674285 0.5656109 0.3018906 -0.7698611 0.591724 0.2391164 -0.7700766 0.5914848 0.2390145 -0.7719874 0.6115462 0.1733398 -0.7721618 0.6113265 0.1733378 -0.7734479 0.625053 0.1052964 -0.7734627 0.6250379 0.1052767 -0.774311 0.6317802 0.03600472 -0.7741524 0.6319748 0.0360015 -0.6990575 -0.7140666 0.03778332 -0.6983136 -0.7065637 0.114569 -0.6983525 -0.7065243 0.1145743 -0.6966493 -0.6919552 0.1894147 -0.6971779 -0.6914001 0.1894964 -0.6948767 -0.669524 0.2624578 -0.6949823 -0.6694415 0.2623888 -0.6922776 -0.6406992 0.3320488 -0.6926057 -0.6403584 0.3320219 -0.6894397 -0.6054218 0.3976649 -0.6898702 -0.6049247 0.3976749 -0.6864882 -0.5639908 0.4589645 -0.6864174 -0.5643021 0.4586877 -0.6829565 -0.518329 0.5146897 -0.683313 -0.5180269 0.5145207 -0.6797574 -0.4674329 0.5651871 -0.67992 -0.467388 0.5650287 -0.6764977 -0.4128093 0.6098684 -0.6767671 -0.4127445 0.6096133 -0.6735575 -0.3547644 0.6484308 -0.6738051 -0.3547787 0.6481658 -0.6709578 -0.2940438 0.6807011 -0.6712138 -0.293882 0.6805185 -0.6688077 -0.2312007 0.7065709 -0.6688899 -0.2313286 0.7064514 -0.6670087 -0.1666443 0.7261742 -0.6672303 -0.1664953 0.7260049 -0.6659303 -0.1007211 0.7391834 -0.6659673 -0.100693 0.739154 -0.6653124 -0.03418523 0.7457821 -0.6653188 -0.03420901 0.7457752 -0.6653018 0.03258389 0.7458632 -0.6652881 0.03258162 0.7458754 -0.6659308 0.09890806 0.7394279 -0.6658116 0.0989111 0.7395347 -0.6671097 0.1647979 0.7265028 -0.6669506 0.1648643 0.7266338 -0.6688376 0.2293795 0.707136 -0.6686376 0.2294377 0.7073063 -0.6710629 0.2922912 0.681352 -0.6708695 0.29245 0.6814743 -0.6737766 0.3531548 0.6490815 -0.6735131 0.3533379 0.6492553 -0.676748 0.4109809 0.6108247 -0.6764919 0.4110946 0.611032 -0.6799625 0.465781 0.5663031 -0.6796237 0.4660617 0.5664787 -0.6832521 0.5166484 0.5159856 -0.6829195 0.5168466 0.5162274 -0.6864295 0.5631571 0.4600749 -0.6862586 0.5632214 0.4602509 -0.6897614 0.6038847 0.3994404 -0.6892969 0.6042994 0.399615 -0.6924579 0.6395751 0.3338351 -0.6924149 0.6395776 0.3339192 -0.6951323 0.6685425 0.2642767 -0.6947523 0.6689146 0.2643339 -0.6971159 0.6908742 0.1916308 -0.6968246 0.6911728 0.1916131 -0.6983225 0.7062638 0.116349 -0.6982163 0.7063675 0.1163576 -0.6990068 0.7140077 0.03978049 -0.6989907 0.7140228 0.03979355 -0.6154981 -0.7870767 0.04089409 -0.6147471 -0.7789121 0.1240239 -0.6147837 -0.7788907 0.1239767 -0.6131799 -0.7628641 0.2050583 -0.6137326 -0.7624159 0.2050718 -0.6114643 -0.738469 0.2842093 -0.6119418 -0.7381097 0.2841151 -0.6090621 -0.706839 0.3597528 -0.6097632 -0.7063145 0.3595951 -0.6062865 -0.6683673 0.4309314 -0.6071487 -0.6677066 0.4307417 -0.6035671 -0.6229982 0.4975743 -0.6042898 -0.6226075 0.4971858 -0.6003567 -0.5727084 0.5581907 -0.6011551 -0.5722475 0.5578041 -0.5973807 -0.5166868 0.613328 -0.5982013 -0.5163761 0.6127896 -0.5943924 -0.4567158 0.6618975 -0.5953444 -0.4560966 0.6614688 -0.5917755 -0.3925239 0.7040787 -0.5924313 -0.3923189 0.7036413 -0.5892877 -0.3254687 0.7394661 -0.5899736 -0.3252258 0.739026 -0.5873357 -0.2560067 0.7677874 -0.5879039 -0.2558504 0.7674046 -0.5857931 -0.1845194 0.7891763 -0.5862429 -0.1844508 0.7888582 -0.5848307 -0.1114575 0.8034616 -0.5850084 -0.1115514 0.8033191 -0.584286 -0.0378986 0.8106625 -0.5843872 -0.03784298 0.8105921 -0.5843568 0.03606402 0.8106951 -0.5843262 0.03608703 0.8107162 -0.5850427 0.109514 0.8035744 -0.5847044 0.1094923 0.8038235 -0.5861427 0.1824091 0.7894071 -0.5857515 0.1824779 0.7896816 -0.5878298 0.2538448 0.768127 -0.5873084 0.2539618 0.768487 -0.5899657 0.3234415 0.7398149 -0.5892064 0.3235638 0.7403663 -0.5923925 0.3905933 0.7046333 -0.5916098 0.3911074 0.7050056 -0.5951906 0.4544118 0.6627655 -0.5942792 0.4547589 0.663345 -0.5981688 0.5145781 0.6143318 -0.5971196 0.5152716 0.614771 -0.6010642 0.5707162 0.5594685 -0.6003382 0.5709264 0.5600332 -0.6042999 0.621343 0.4987531 -0.6033316 0.6219592 0.4991571 -0.606953 0.6665998 0.4327272 -0.6063773 0.6668873 0.4330912 -0.6095784 0.7055665 0.3613726 -0.6089977 0.7058845 0.3617305 -0.6120013 0.7372868 0.2861165 -0.6113827 0.7377279 0.286302 -0.6135777 0.7619323 0.2073196 -0.6133005 0.7621102 0.2074865 -0.6148746 0.7785072 0.1259202 -0.6146776 0.7786522 0.1259852 -0.6154783 0.7869768 0.04305958 -0.6152714 0.7871386 0.04305893 -0.5253502 -0.8497745 0.04347956 -0.5244622 -0.841162 0.1318558 -0.5248715 -0.8409059 0.1318605 -0.5232027 -0.8238117 0.2181589 -0.5236263 -0.8235747 0.2180371 -0.5214449 -0.7978959 0.3024196 -0.5223313 -0.7974082 0.3021759 -0.5193158 -0.7640414 0.3828209 -0.5205149 -0.7632944 0.3826826 -0.5169403 -0.7226024 0.4589322 -0.5181874 -0.7219244 0.4585924 -0.5142359 -0.6743307 0.5299431 -0.51573 -0.6735007 0.5295464 -0.5116533 -0.6198121 0.595016 -0.5130336 -0.6192618 0.5943999 -0.5089488 -0.5596895 0.6540023 -0.5103836 -0.5591288 0.6533634 -0.506338 -0.4947766 0.7062705 -0.5077428 -0.4943326 0.7055726 -0.5039478 -0.4256613 0.7515644 -0.5053501 -0.4250608 0.7509625 -0.5019108 -0.352984 0.7896126 -0.503082 -0.3525734 0.7890504 -0.5001984 -0.2777995 0.8201397 -0.5011879 -0.2776139 0.8195983 -0.4989218 -0.2002324 0.8431988 -0.4997045 -0.2000131 0.8427873 -0.4981544 -0.1210539 0.8585966 -0.4986207 -0.1210548 0.8583258 -0.4978222 -0.04113078 0.8663032 -0.4979532 -0.04108691 0.86623 -0.4979376 0.03918099 0.8663274 -0.4978008 0.03916329 0.8664067 -0.4985819 0.1188831 0.8586519 -0.4981648 0.1188639 0.8588965 -0.4997225 0.197964 0.8432603 -0.4989187 0.1981186 0.8436998 -0.5011836 0.2753714 0.820357 -0.5002183 0.2756546 0.8208509 -0.5031081 0.3508129 0.7898182 -0.5018543 0.351067 0.7905026 -0.5053054 0.4234639 0.7518943 -0.5038447 0.4238408 0.7526618 -0.5077072 0.4922008 0.7070868 -0.5062205 0.4928015 0.7077342 -0.5103486 0.5573801 0.6548831 -0.5087881 0.5579928 0.6555752 -0.5130672 0.6175471 0.5961524 -0.5114594 0.6182838 0.5967701 -0.5156698 0.6723664 0.5310444 -0.5140669 0.6731609 0.5315916 -0.5180975 0.7207152 0.4605917 -0.5167774 0.7212818 0.4611873 -0.5204765 0.7622939 0.3847237 -0.5191828 0.7630177 0.3850368 -0.5222096 0.7966877 0.3042795 -0.5213551 0.7971329 0.3045784 -0.523851 0.8227764 0.2204981 -0.5231798 0.8231431 0.2207224 -0.5247207 0.8406835 0.1338635 -0.5243666 0.8408885 0.1339639 -0.5251829 0.8497578 0.04576677 -0.5251305 0.8497893 0.04578459 -0.4302754 -0.9015493 0.04551911 -0.4291428 -0.8926362 0.1379746 -0.4298729 -0.8922768 0.1380264 -0.4281577 -0.8743637 0.2284055 -0.4293408 -0.8737831 0.2284068 -0.4267498 -0.8471031 0.3167036 -0.4280612 -0.8464726 0.3166196 -0.4248016 -0.8115334 0.4011946 -0.4265425 -0.8106999 0.4010326 -0.4226742 -0.7680712 0.4810544 -0.4247387 -0.7670699 0.4808334 -0.4205414 -0.7170092 0.5559161 -0.4227287 -0.7160174 0.5555354 -0.4183743 -0.6594886 0.62453 -0.4204989 -0.6587265 0.6239072 -0.416123 -0.5959284 0.6868123 -0.4183274 -0.5950853 0.6862038 -0.4139923 -0.5271292 0.7421222 -0.4161131 -0.5264211 0.7414383 -0.4120433 -0.4537361 0.7901543 -0.4140067 -0.4531669 0.7894544 -0.4103929 -0.3764835 0.8305649 -0.4122199 -0.3759094 0.8299199 -0.409152 -0.2963968 0.8629853 -0.410555 -0.2961397 0.8624072 -0.4081432 -0.2137716 0.8875365 -0.4090891 -0.213433 0.8871824 -0.407428 -0.1292213 0.9040489 -0.408096 -0.1291822 0.9037531 -0.4072467 -0.0438916 0.912263 -0.4076098 -0.04387599 0.9121016 -0.4075844 0.04182338 0.9122093 -0.407283 0.04180991 0.9123445 -0.408102 0.1268448 0.9040815 -0.4074546 0.1268598 0.9043713 -0.4091117 0.2112584 0.8876923 -0.4081398 0.2113398 0.8881202 -0.4105474 0.2938002 0.8632105 -0.4090086 0.2939265 0.8638976 -0.4120832 0.374015 0.830843 -0.410354 0.3742846 0.8315773 -0.4140149 0.4513023 0.7905176 -0.4120298 0.4517041 0.7913248 -0.4161153 0.524272 0.7429583 -0.4138987 0.5249606 0.7437099 -0.4182741 0.5933297 0.6877549 -0.416085 0.5939248 0.6885686 -0.4205399 0.657014 0.6256827 -0.4183053 0.657615 0.6265487 -0.4227638 0.7147157 0.5571825 -0.420533 0.7155871 0.5577519 -0.4247632 0.765729 0.4829444 -0.4226791 0.766552 0.4834672 -0.4265282 0.8097141 0.4030344 -0.4246737 0.8104887 0.4034355 -0.4280802 0.845647 0.3187924 -0.4265674 0.8463158 0.3190452 -0.4291028 0.8732606 0.2308394 -0.4280111 0.8737534 0.2310015 -0.429875 0.8919491 0.1401224 -0.4292602 0.8922292 0.1402244 -0.4300358 0.9015414 0.04788017 -0.4300178 0.901547 0.04793494 -0.3322694 -0.9420139 0.04697847 -0.3314315 -0.9326538 0.1425135 -0.3321944 -0.9323832 0.142508 -0.3302435 -0.9139826 0.2357441 -0.3318037 -0.913369 0.2359309 -0.3290411 -0.8858444 0.3271264 -0.3309219 -0.8851673 0.327062 -0.3275449 -0.8490277 0.4145676 -0.3298836 -0.8481469 0.4145163 -0.3259876 -0.8038508 0.49755 -0.3284559 -0.8030115 0.497282 -0.324101 -0.7510765 0.5751892 -0.326986 -0.7500044 0.5749554 -0.3224454 -0.6912438 0.6466923 -0.3253564 -0.6904382 0.6460947 -0.3207446 -0.6251226 0.711579 -0.3236005 -0.6241257 0.711161 -0.3190619 -0.5532573 0.7694843 -0.3218889 -0.5524381 0.7688952 -0.3176218 -0.4764942 0.8197987 -0.3202802 -0.4757348 0.8192052 -0.316455 -0.39556 0.8621999 -0.3187015 -0.3948966 0.8616763 -0.3154752 -0.3115571 0.8963301 -0.3173119 -0.3111773 0.8958135 -0.3147656 -0.2247061 0.9221876 -0.3162617 -0.2245141 0.9217222 -0.3145182 -0.1359649 0.9394636 -0.3153105 -0.1358457 0.9392153 -0.3144148 -0.0461778 0.9481619 -0.3147244 -0.0461415 0.948061 -0.3146946 0.04399514 0.9481729 -0.314394 0.04398339 0.9482732 -0.3152577 0.1334655 0.9395743 -0.3144361 0.1334438 0.9398525 -0.3161864 0.222171 0.9223158 -0.3147369 0.2222036 0.9228035 -0.3172575 0.3088164 0.8966494 -0.3154487 0.3090327 0.8972129 -0.3186782 0.392991 0.8625558 -0.3163822 0.3932974 0.8632611 -0.3202109 0.4739384 0.8202728 -0.3176441 0.47434 0.8210383 -0.3218704 0.5504386 0.7703356 -0.3190547 0.5508354 0.7712228 -0.3236203 0.6222839 0.7127641 -0.3205721 0.6230106 0.7135064 -0.3252621 0.6887093 0.6479846 -0.3223599 0.6892809 0.6488267 -0.3269736 0.7487468 0.5765991 -0.3240787 0.7495871 0.5771414 -0.328512 0.8016078 0.4995048 -0.3258848 0.8023547 0.5000263 -0.329896 0.8470945 0.4166527 -0.3275406 0.8477879 0.4171005 -0.330963 0.8842934 0.3293763 -0.3289697 0.8849751 0.3295424 -0.3318196 0.9126971 0.2384949 -0.330192 0.9132632 0.2385867 -0.332067 0.9320974 0.1446581 -0.3313808 0.9323228 0.1447798 -0.3322983 0.9418776 0.04944348 -0.3319978 0.9419813 0.04948681 -0.2333468 -0.9712124 0.04791438 -0.2324059 -0.9617013 0.1453212 -0.2333903 -0.961458 0.1453536 -0.2315224 -0.9426178 0.2405603 -0.2331818 -0.9422117 0.2405483 -0.2305169 -0.9140192 0.3338125 -0.2328105 -0.9134114 0.3338844 -0.2293885 -0.8764171 0.4234077 -0.2322125 -0.875701 0.42335 -0.228173 -0.8304037 0.508298 -0.2313316 -0.8295204 0.5083127 -0.2268009 -0.7763506 0.5880826 -0.2303064 -0.7753874 0.587991 -0.2256442 -0.7150025 0.661707 -0.2291361 -0.7142525 0.6613169 -0.2243595 -0.6471098 0.728637 -0.2279958 -0.6461371 0.7283714 -0.2232769 -0.5732532 0.7883707 -0.2267416 -0.5722644 0.7881001 -0.2223221 -0.4940024 0.8405562 -0.2255051 -0.4931285 0.8402214 -0.221562 -0.4101983 0.8846738 -0.2243188 -0.4098343 0.8841476 -0.2210033 -0.3233727 0.920102 -0.223298 -0.3229507 0.919696 -0.2206797 -0.2332966 0.9470339 -0.2223737 -0.2330425 0.9467001 -0.2205603 -0.1411585 0.9651049 -0.221605 -0.1410481 0.9648818 -0.2206811 -0.04794651 0.9741668 -0.2210314 -0.04792279 0.9740886 -0.2210222 0.04568916 0.974198 -0.2206413 0.04568403 0.9742845 -0.2215434 0.1385622 0.9652559 -0.2205779 0.1386047 0.965471 -0.2223758 0.2306791 0.9472783 -0.2206494 0.2306939 0.9476783 -0.2232655 0.3205864 0.9205309 -0.2209923 0.3205563 0.9210897 -0.224321 0.4076036 0.8851777 -0.2215131 0.4080725 0.8856686 -0.2255002 0.4913337 0.8412734 -0.2222717 0.4917951 0.8418627 -0.2266969 0.5701625 0.789635 -0.2231727 0.5706894 0.7902579 -0.2278782 0.644358 0.7299824 -0.2242674 0.6449792 0.7305518 -0.2291058 0.7125042 0.6632106 -0.225524 0.7132285 0.6636596 -0.2303708 0.7740336 0.5897468 -0.2267903 0.7747685 0.5901696 -0.2312561 0.8282811 0.5103636 -0.2280921 0.8288021 0.5109416 -0.2321456 0.8746947 0.4254618 -0.229277 0.8753336 0.4257032 -0.2328478 0.9125763 0.3361344 -0.2304908 0.9130922 0.3363579 -0.2333507 0.9414516 0.2433438 -0.2314798 0.9419068 0.2433701 -0.2334467 0.9611095 0.1475502 -0.2323769 0.9613507 0.1476678 -0.2332534 0.9711086 0.05040824 -0.232899 0.9711913 0.05045491 -0.1350892 -0.9896545 0.04832196 -0.1340761 -0.9800825 0.1464989 -0.1353027 -0.9798917 0.1466475 -0.133424 -0.9608621 0.2427799 -0.1353754 -0.9605809 0.2428126 -0.1326146 -0.9321569 0.3368932 -0.1353794 -0.9316668 0.337149 -0.1318548 -0.8943248 0.4275482 -0.1350474 -0.8938224 0.4276024 -0.1309868 -0.8479253 0.5136783 -0.1346663 -0.847341 0.5136909 -0.1301375 -0.7933058 0.5947521 -0.1341598 -0.7925433 0.594875 -0.1293907 -0.7313519 0.6696137 -0.1335931 -0.7304678 0.6697534 -0.1286866 -0.6623395 0.7380693 -0.1328862 -0.6613272 0.7382327 -0.1281041 -0.5869804 0.7994021 -0.1320877 -0.5862319 0.7993028 -0.1275777 -0.5063629 0.852831 -0.131361 -0.5055338 0.8527485 -0.127314 -0.4207959 0.8981771 -0.1305422 -0.4203533 0.8979209 -0.1271231 -0.3319054 0.9347078 -0.1298002 -0.3314787 0.9344912 -0.1270821 -0.2395384 0.9625339 -0.129069 -0.2392308 0.962346 -0.1272099 -0.1449976 0.9812204 -0.1284075 -0.1448698 0.9810833 -0.127444 -0.04927015 0.9906213 -0.1279353 -0.04921209 0.9905609 -0.1278985 0.0469408 0.9906759 -0.1274744 0.04690599 0.9907321 -0.1284025 0.1423639 0.9814506 -0.1271796 0.1422868 0.981621 -0.1290392 0.2369226 0.9629209 -0.1270635 0.2368182 0.9632092 -0.1297366 0.3290156 0.9353701 -0.1271191 0.3291646 0.9356769 -0.1305518 0.4181876 0.8989301 -0.1272342 0.4183363 0.8993365 -0.1313014 0.5037367 0.8538205 -0.1275807 0.5039496 0.8542588 -0.1320742 0.5841819 0.8008046 -0.1280769 0.5844644 0.8012477 -0.1329064 0.6595376 0.7398284 -0.1286714 0.6599448 0.7402139 -0.1335833 0.7288194 0.6715489 -0.1293265 0.7292696 0.6718933 -0.1341473 0.7913893 0.5964123 -0.1301558 0.7916265 0.5969816 -0.134684 0.8459671 0.5159457 -0.130917 0.8463264 0.516326 -0.1350796 0.8927174 0.4298945 -0.1317899 0.8930824 0.4301572 -0.1352981 0.9308806 0.3393462 -0.1326061 0.9312286 0.3394537 -0.1354133 0.9599078 0.2454393 -0.1333845 0.9601393 0.2456443 -0.1352793 0.9795681 0.1488152 -0.1340683 0.9797233 0.1488893 -0.1350991 0.9895259 0.05086183 -0.1346123 0.9895912 0.0508809 0.5796399 0.4053546 0.7068983 0.5796411 0.4053544 0.7068974 0.6127946 0.3537973 0.706619 0.612792 0.3537948 0.7066224 0.6464182 0.2878033 0.7066206 0.6464167 0.2878045 0.7066216 0.6729611 0.2186573 0.7066203 0.6729559 0.2186568 0.7066255 0.6921265 0.1471172 0.706624 0.6921293 0.1471153 0.7066216 0.7037169 0.07396328 0.7066201 0.7037123 0.07396453 0.7066246 0.7075901 0 0.7066232 0.7075893 0 0.7066239 0.7037142 -0.07396435 0.7066227 0.7037155 -0.07396334 0.7066215 0.6921304 -0.1471167 0.7066203 0.6921256 -0.1471158 0.7066251 0.6729575 -0.2186561 0.7066242 0.6729598 -0.2186579 0.7066215 0.6464174 -0.2878043 0.7066211 0.6464174 -0.2878035 0.7066214 0.6127916 -0.353795 0.7066227 0.6127936 -0.3537969 0.70662 0.5796388 -0.4053543 0.7068995 0.5796411 -0.4053548 0.7068973 0.4053521 -0.5796372 0.7069019 0.4053556 -0.5796428 0.7068955 0.353796 -0.6127921 0.7066217 0.3537975 -0.6127955 0.7066181 0.287806 -0.6464222 0.706616 0.2878018 -0.6464119 0.7066271 0.2186573 -0.6729597 0.7066217 0.2186577 -0.6729577 0.7066236 0.1471167 -0.6921288 0.7066219 0.1471163 -0.6921316 0.7066192 0.07396328 -0.7037152 0.7066219 0.07396322 -0.7037088 0.7066282 0 -0.7075859 0.7066274 0 -0.7075901 0.7066231 -0.07396328 -0.7037152 0.7066218 -0.0739634 -0.7037103 0.7066267 -0.1471167 -0.6921288 0.7066219 -0.1471156 -0.6921286 0.7066223 -0.2186573 -0.6729595 0.7066219 -0.2186574 -0.672957 0.7066243 -0.2878054 -0.6464221 0.7066162 -0.287803 -0.6464136 0.7066251 -0.3537947 -0.6127924 0.7066221 -0.3537987 -0.6127963 0.7066167 -0.4053542 -0.5796422 0.7068969 -0.4053541 -0.5796378 0.7069004 -0.865082 0.5016306 0 -0.8650897 0.5016172 0 -0.9377571 0.3472919 0 -0.9831357 0.1828781 0 -0.9999144 0.01309573 0 -0.9999141 0.01311361 0 -0.9875946 -0.1570258 0 -0.9465411 -0.3225834 0 -0.9465357 -0.3225994 0 -0.8779469 -0.4787581 0 -0.8779394 -0.4787719 0 -0.78381 -0.6210009 0 -0.7838011 -0.6210119 0 -0.6668473 -0.7451944 0 -0.6668384 -0.7452024 0 -0.8191525 0.5735759 0 -0.8191518 0.5735769 0 0.5735764 -0.8191521 0 -0.7451932 -0.6668487 0 -0.6210214 -0.7837936 0 -0.621004 -0.7838075 0 -0.4787706 -0.8779402 0 -0.3225847 -0.9465407 0 -0.1570288 -0.9875941 0 -0.1570177 -0.9875958 0 0.01310497 -0.9999142 0 0.01310449 -0.9999142 0 0.1828776 -0.9831357 0 0.1828712 -0.9831369 0 0.3472914 -0.9377573 0 0.5016301 -0.8650822 0 -0.5016301 -0.8650822 0 -0.3472914 -0.9377573 0 -0.1828712 -0.9831369 0 -0.1828776 -0.9831357 0 -0.01310449 -0.9999142 0 -0.01310497 -0.9999142 0 0.1570177 -0.9875958 0 0.1570288 -0.9875941 0 0.3225847 -0.9465407 0 0.4787706 -0.8779402 0 0.621004 -0.7838075 0 0.6210214 -0.7837936 0 0.7451932 -0.6668487 0 -0.5735764 -0.8191521 0 0.9447515 -0.3277869 6.21359e-4 0.958312 -0.2856839 0.00478214 0.9677347 -0.25178 0.009826123 0.9574961 -0.2884362 0.002427756 0.8881776 -0.4594938 0.002450704 0.9030072 -0.429594 0.005199015 0.8974338 -0.4411389 0.00300616 0.9239905 -0.3824155 6.75742e-6 0.933016 -0.3598349 -1.43238e-6 0.8255968 -0.5642295 0.00592643 0.8457749 -0.5334001 0.01221376 0.8132157 -0.5819607 0.001381397 0.8544393 -0.5195513 -3.20442e-6 0.8735932 -0.4866571 1.20005e-5 0.6790984 -0.7340472 2.12067e-4 0.7156418 -0.698449 0.005094408 0.7071011 -0.7071037 0.003547668 0.7445094 -0.667612 -7.45128e-6 0.7856692 -0.6186468 1.1601e-5 0.5819576 -0.8132176 0.001616358 0.5606524 -0.8280272 0.006332933 0.6201415 -0.78449 -1.8734e-4 0.473589 -0.8807453 0.001180112 0.4999128 -0.8660759 3.9445e-6 0.5208408 -0.8536539 0 0.2884408 -0.9574978 5.38752e-6 0.2217076 -0.9749847 0.01583403 0.2541185 -0.967128 0.009346365 0.2877892 -0.9576829 0.004591822 0.3280571 -0.9446578 5.63152e-4 0.3604733 -0.9327696 -1.0643e-6 0.4411371 -0.8974397 2.42695e-5 0.3862375 -0.9223033 0.01331627 0.431023 -0.9023275 0.004924774 -0.5044367 -0.8634486 0 -0.3564533 -0.9343131 0 -0.198866 -0.9800267 0 -0.03592276 -0.9993547 0 0.1279808 -0.9917767 0 0.1224318 -0.9924761 0.001287043 0.2035002 -0.9790749 0 0.8634501 0.5044343 0 0.8634479 0.5044382 0 0.9343118 0.3564569 0 0.9343154 0.3564476 0 0.9800268 0.1988656 0 0.9800258 0.1988707 0 0.9993547 0.03592276 0 0.9924772 -0.12243 0 0.9917751 -0.1279872 0.001197636 0.9790833 -0.2034597 -5.26897e-7 0.9752391 -0.2211535 1.3669e-6 0.8191518 0.5735769 0 0.8191525 0.5735759 0 0.6668384 -0.7452024 0 0.6668473 -0.7451944 0 0.7838011 -0.6210119 0 0.78381 -0.6210009 0 0.8779394 -0.4787719 0 0.8779469 -0.4787581 0 0.9465357 -0.3225994 0 0.9465411 -0.3225834 0 0.9875946 -0.1570258 0 0.9999141 0.01311361 0 0.9999144 0.01309573 0 0.9831357 0.1828781 0 0.9377571 0.3472919 0 0.8650897 0.5016172 0 0.865082 0.5016306 0 0.8191525 -0.5735759 0 0.8191518 -0.5735769 0 0.9692954 0.2458993 -7.3898e-7 0.3764359 0.9264419 0.001302897 0.2634646 0.9646691 0 0.3420199 0.9396921 0.001103281 0.2872608 0.9577459 0.01428836 0.329105 0.9442713 0.00643903 0.5310575 0.8473344 0.001602768 0.4946012 0.869108 0.004603028 0.4622637 0.8866756 0.01089251 0.4999926 0.8660233 0.0033378 0.4400132 0.8979914 1.08446e-5 0.4107963 0.9117272 -7.57911e-6 0.6977057 0.7163846 0 0.667809 0.7443317 0.001267015 0.6199358 0.7846177 0.007402241 0.6427876 0.7660422 0.001889884 0.581808 0.8133262 -2.34586e-6 0.5545812 0.8321297 0 0.7660439 0.6427859 0.001832962 0.7834722 0.6213873 0.007021248 0.7340808 0.6790622 0 0.8610421 0.5085226 0.00338155 0.8343812 0.5511881 1.76042e-6 0.8135221 0.581534 -6.07195e-7 0.9441812 0.3293653 0.006358683 0.9396919 0.3420222 8.70336e-6 0.963095 0.2685121 0.01869654 0.9571228 0.2893479 0.0139203 0.9261965 0.3770391 0.001283407 0.9117333 0.4107827 -8.48492e-6 0.8660278 0.4999958 5.49986e-5 0.89478 0.4462903 0.01392096 0.8794824 0.4758599 0.008254528 0.8660255 -0.5 0 0.9396923 -0.3420212 0 0.9848077 -0.1736491 0 1 0 0 0.9848076 0.1736496 0 0.9897252 0.1427798 0.007626593 0.9764944 0.2155398 0.001166462 -0.5000008 0.8660249 0 -0.4999987 0.8660262 0 -0.3420198 0.9396929 0 -0.3420214 0.9396922 0 -0.1736495 0.9848076 0 0 1 0 0.1427859 0.9897536 0 0.1736482 0.9847956 0.004899561 0.2156994 0.9764593 0.001148581 0.2460888 0.9692473 -1.96346e-6 -0.5735764 0.8191521 0 -0.6668384 0.7452024 0 -0.6668473 0.7451944 0 -0.7838011 0.6210119 0 -0.78381 0.6210009 0 -0.8779394 0.4787719 0 -0.8779469 0.4787581 0 -0.9465357 0.3225994 0 -0.9465411 0.3225834 0 -0.9875946 0.1570258 0 -0.9999141 -0.01311361 0 -0.9999144 -0.01309573 0 -0.9831357 -0.1828781 0 -0.9377571 -0.3472919 0 -0.8650897 -0.5016172 0 -0.865082 -0.5016306 0 0.5016301 0.8650822 0 0.3472914 0.9377573 0 0.1828712 0.9831369 0 0.1828776 0.9831357 0 0.01310449 0.9999142 0 0.01310497 0.9999142 0 -0.1570177 0.9875958 0 -0.1570288 0.9875941 0 -0.3225847 0.9465407 0 -0.4787706 0.8779402 0 -0.621004 0.7838075 0 -0.6210214 0.7837936 0 -0.7451932 0.6668487 0 0.5735764 0.8191521 0 -0.9447515 0.3277869 6.21359e-4 -0.958312 0.2856839 0.00478214 -0.9677347 0.25178 0.009826123 -0.9574961 0.2884362 0.002427756 -0.8881776 0.4594938 0.002450704 -0.9030072 0.429594 0.005199015 -0.8974338 0.4411389 0.00300616 -0.9239905 0.3824155 6.75742e-6 -0.933016 0.3598349 -1.43238e-6 -0.8255968 0.5642295 0.00592643 -0.8457749 0.5334001 0.01221376 -0.8132157 0.5819607 0.001381397 -0.8544393 0.5195513 -3.20442e-6 -0.8735932 0.4866571 1.20005e-5 -0.6790984 0.7340472 2.12067e-4 -0.7156418 0.698449 0.005094408 -0.7071011 0.7071037 0.003547668 -0.7445094 0.667612 -7.45128e-6 -0.7856692 0.6186468 1.1601e-5 -0.5819576 0.8132176 0.001616358 -0.5606524 0.8280272 0.006332933 -0.6201415 0.78449 -1.8734e-4 -0.473589 0.8807453 0.001180112 -0.4999128 0.8660759 3.9445e-6 -0.5208408 0.8536539 0 -0.2884408 0.9574978 5.38752e-6 -0.2217076 0.9749847 0.01583403 -0.2541185 0.967128 0.009346365 -0.2877892 0.9576829 0.004591822 -0.3280571 0.9446578 5.63152e-4 -0.3604733 0.9327696 -1.0643e-6 -0.4411371 0.8974397 2.42695e-5 -0.3862375 0.9223033 0.01331627 -0.431023 0.9023275 0.004924774 0.5044367 0.8634486 0 0.3564533 0.9343131 0 0.198866 0.9800267 0 0.03592276 0.9993547 0 -0.1279808 0.9917767 0 -0.1224318 0.9924761 0.001287043 -0.2035002 0.9790749 0 -0.8634501 -0.5044343 0 -0.8634479 -0.5044382 0 -0.9343118 -0.3564569 0 -0.9343154 -0.3564476 0 -0.9800268 -0.1988656 0 -0.9800258 -0.1988707 0 -0.9993547 -0.03592276 0 -0.9924772 0.12243 0 -0.9917751 0.1279872 0.001197636 -0.9790833 0.2034597 -5.26897e-7 -0.9752391 0.2211535 1.3669e-6 -0.8191518 -0.5735769 0 -0.8191525 -0.5735759 0 0 0 -1 0 0 -1 0 0 -1 0 0 -1 0 0 -1 0 0 -1 0 0 -1 0 0 -1 0 0 -1 0 0 -1 0 0 -1 0 0 -1 0 0 -1 0 0 -1 0 0 -1 0 0 -1 0 0 -1 0 0 -1 0 0 -1 0 0 -1 0 0 -1 0 0 -1 0 0 -1 0 0 -1 0 0 -1 0 0 -1 0 0 -1 0 0 -1 0 0 -1 0 0 -1 0 0 -1 0 0 -1 0 0 -1 0 0 -1 0 0 -1 0 0 -1 0 0 -1 0 0 -1 0 0 -1 0 0 -1 0 0 -1 0 0 -1 0 0 -1 0 0 -1 0 0 -1 0 0 -1 0 0 -1 0 0 -1 0 0 -1 0 0 -1 0 0 -1 0 0 -1 0 0 -1 0 0 -1 0 0 -1 0 0 -1 0 0 -1 0 0 -1 0 0 -1 0 0 -1 0 0 -1 0 0 -1 0 0 -1 0 0 -1 0 0 -1 0 0 -1 0 0 -1 0 0 -1 0 0 -1 0 0 -1 0 0 -1 0 0 -1 0 0 -1 0 0 -1 0 0 -1 0 0 -1 0 0 -1 0 0 -1 0 0 -1 0 0 -1 0 0 -1 0 0 -1 0 0 -1 0 0 -1 0 0 -1 0 0 -1 0 0 -1 0 0 -1 0 0 -1 0 0 -1 0 0 -1 0 0 -1 0 0 -1 0 0 -1 0 0 -1 0 0 -1 0 0 -1 0 0 -1 0 0 -1 0 0 -1 0 0 -1 0 0 -1 0 0 -1 0 0 -1 0 0 -1 0 0 -1 0 0 -1 0 0 -1 0 0 -1 0 0 -1 0 0 -1 0 0 -1 0 0 -1 0 0 -1 0 0 -1 0 0 -1 0 0 -1 0 0 -1 0 0 -1 0 0 -1 0 0 -1 0 0 -1 0 0 -1 0 0 -1 0 0 -1 0 0 -1 0 0 -1 0 0 -1 0 0 -1 0 0 -1 0 0 -1 0 0 -1 0 0 -1 0 0 -1 0 0 -1 0 0 -1 0 0 -1 0 0 -1 0 0 -1 0 0 -1 0 0 -1 0 0 -1 0 0 -1 0 0 -1 0 0 -1 0 0 -1 0 0 -1 0 0 -1 0 0 -1 0 0 -1 0 0 -1 0 0 -1 0 0 -1 0 0 -1 0 0 -1 0 0 -1 0 0 -1 0 0 -1 0 0 -1 0 0 -1 0 0 -1 0 0 -1 0 0 -1 0 0 -1 0 0 -1 0 0 -1 0 0 -1 0 0 -1 0 0 -1 0 0 -1 0 0 -1 0 0 -1 0 0 -1 0 0 -1 0 0 -1 0 0 -1 0 0 -1 0 0 -1 0 0 -1 0 0 -1 0 0 -1 0 0 -1 0 0 -1 0 0 -1 0 0 -1 0 0 -1 0 0 -1 0 0 -1 0 0 -1 0 0 -1 0 0 -1 0 0 -1 0 0 -1 0 0 -1 0 0 -1 0 0 -1 0 0 -1 0 0 -1 0 0 -1 0 0 -1 0 0 -1 0 0 -1 0 0 -1 0 0 -1 0 0 -1 0 0 -1 0 0 -1 0 0 -1 0 0 -1 0 0 -1 0 0 -1 0 0 -1 0 0 -1 0 0 -1 0 0 -1 0 0 -1 0 0 -1 0 0 -1 0 0 -1 0 0 -1 0 0 -1 0 0 -1 0 0 -1 0 0 -1 0 0 -1 0 0 -1 0 0 -1 0 0 -1 0 0 -1 0 0 -1 0 0 -1 0 0 -1 0 0 -1 0 0 -1 0 0 -1 0 0 -1 0 0 -1 0 0 -1 0 0 -1 0 0 -1 0 0 -1 0.6427879 0.7660442 0 0.6427875 0.7660446 0 0.4999997 0.8660256 0 0.5000001 0.8660253 0 0.3420205 0.9396926 0 0.3420203 0.9396926 0 0.1736476 0.9848079 0 -0.1736476 0.9848079 0 -0.3420203 0.9396926 0 -0.3420205 0.9396926 0 -0.5000001 0.8660253 0 -0.4999997 0.8660256 0 -0.6427875 0.7660446 0 -0.6427879 0.7660442 0 -0.7660444 0.6427878 0 -0.7660444 0.6427877 0 -0.8660254 0.5000001 0 -0.9396929 0.3420194 0 -0.9396923 0.3420211 0 -0.9848081 0.1736464 0 -0.9848078 0.1736481 0 -1 0 0 -0.9848078 -0.1736481 0 -0.9848081 -0.1736464 0 -0.9396923 -0.342021 0 -0.9396929 -0.3420196 0 -0.8660254 -0.5000001 0 -0.7660444 -0.6427878 0 -0.7660444 -0.6427877 0 -0.6427879 -0.7660442 0 -0.6427875 -0.7660446 0 -0.4999997 -0.8660256 0 -0.5000001 -0.8660253 0 -0.3420205 -0.9396926 0 -0.3420203 -0.9396926 0 -0.1736476 -0.9848079 0 0 -1 0 0.1736476 -0.9848079 0 0.3420203 -0.9396926 0 0.3420205 -0.9396926 0 0.5000001 -0.8660253 0 0.4999997 -0.8660256 0 0.6427875 -0.7660446 0 0.6427879 -0.7660442 0 0.7660444 -0.6427878 0 0.7660444 -0.6427877 0 0.8660254 -0.5000001 0 0.9396929 -0.3420194 0 0.9396923 -0.3420211 0 0.9848081 -0.1736464 0 0.9848078 -0.1736481 0 0.9848078 0.1736481 0 0.9848081 0.1736464 0 0.9396923 0.342021 0 0.9396929 0.3420196 0 0.8660254 0.5000001 0 0.7660444 0.6427878 0 0.7660444 0.6427877 0 -0.7868154 -0.6171885 0 0.7868154 0.6171885 0 0.7470252 0.6647958 0 0.760559 0.6490962 0.01496994 0.731915 0.681385 0.003863513 0.8139076 0.5809903 0.002180218 0.8191307 0.5735608 0.007277071 0.8442379 0.5359687 0 0.8656637 0.5006261 0 0.8801529 0.4745742 0.01050001 0.8933072 0.4494466 0 0.9111158 0.4121506 0 0.9293268 0.369198 0.006672024 0.9316101 0.3634463 0.003088355 0.9658786 0.2588056 0.009913325 0.9599487 0.2801758 0 0.9475463 0.3196188 0 0.9963932 0.08485728 0 0.9920358 0.125957 0 0.9893992 0.1449248 0.009280025 0.983033 0.1834295 0 0.9746155 0.2238856 0 0.9991452 0.04131948 0.001247763 0.9995461 0.02908194 0.007879495 0.9998943 -0.01454025 0 0.9984395 -0.05584543 0 0.9961405 -0.08715015 0.01044076 0.993503 -0.1138063 0 0.9879536 -0.1547504 0 0.9793232 -0.2022148 0.005951941 0.9787154 -0.2051807 0.004138827 0.9491934 -0.3145294 0.01015383 0.9564478 -0.2919035 0 0.967693 -0.2521314 0 0.9062721 -0.4226021 0.008859038 0.9227169 -0.3854782 0 0.9378557 -0.3470256 0 0.8510866 -0.5249578 0.008418679 0.8591002 -0.5118075 3.77867e-4 0.8984246 -0.4391279 -3.64854e-4 0.7414405 -0.6710187 0 0.7685347 -0.6398083 0 0.7843736 -0.620203 0.01031941 0.8044357 -0.5940399 0 0.8282958 -0.5602912 0 0.6812579 -0.7320421 0.001442313 0.7088686 -0.7048254 0.02695441 0.6933141 -0.7206229 0.004270434 0.7100902 -0.7040233 0.01110035 0.7070786 -0.7070773 0.009040057 0.7260658 -0.6876196 0.002792775 0.7335291 -0.679657 0.001219272 0.6202032 -0.7843734 0.01031905 0.6398084 -0.7685345 0 0.6710137 -0.741445 0 0.5249579 -0.8510867 0.008418202 0.5602917 -0.8282955 0 0.5940383 -0.8044368 0 0.4226018 -0.9062722 0.008859872 0.4391275 -0.8984247 -3.65019e-4 0.511808 -0.8590999 3.77537e-4 0.2521371 -0.9676916 0 0.2919054 -0.9564473 0 0.3145286 -0.9491937 0.01015383 0.3470245 -0.9378561 0 0.3854793 -0.9227165 0 0.2051795 -0.9787157 0.004139006 0.2022138 -0.9793234 0.005950689 0.1547573 -0.9879525 0 0.1138049 -0.9935032 0 0.08715111 -0.9961405 0.01044028 0.05584508 -0.9984394 0 -0.02908432 -0.9995757 0.00159651 -0.04131579 -0.9990952 0.01008951 0.01454365 -0.9998943 0 -0.1449259 -0.9893991 0.009280264 -0.125958 -0.9920356 0 -0.08485281 -0.9963936 0 -0.2588062 -0.9658785 0.009913206 -0.2238869 -0.9746152 0 -0.1834253 -0.9830337 0 -0.4121505 -0.9111158 0 -0.3634399 -0.9315871 0.007555782 -0.3692039 -0.929342 0.003497183 -0.3196013 -0.9475522 0 -0.2801755 -0.9599488 0 -0.4494464 -0.8933074 0 -0.4745739 -0.8801532 0.01049929 -0.5006263 -0.8656636 0 -0.5359697 -0.8442373 0 -0.5735617 -0.8191302 0.007277488 -0.5809887 -0.8139088 0.002179443 -0.6875353 -0.7261478 0.002135396 -0.679773 -0.7334092 0.004425108 -0.6647656 -0.7469899 0.009638905 -0.6491675 -0.7606455 0 -0.6171894 -0.7868146 0 -0.7470252 -0.6647958 0 -0.760559 -0.6490962 0.01496994 -0.731915 -0.681385 0.003863513 -0.7211579 -0.6927703 9.00822e-4 -0.710606 -0.7035902 0 -0.699817 -0.7143223 0 -0.8139076 -0.5809903 0.002180218 -0.8191307 -0.5735608 0.007277071 -0.8442379 -0.5359687 0 -0.8656637 -0.5006261 0 -0.8801529 -0.4745742 0.01050001 -0.8933072 -0.4494466 0 -0.9111158 -0.4121506 0 -0.9293268 -0.369198 0.006672024 -0.9316101 -0.3634463 0.003088355 -0.9658786 -0.2588056 0.009913325 -0.9599487 -0.2801758 0 -0.9475463 -0.3196188 0 -0.9963932 -0.08485728 0 -0.9920358 -0.125957 0 -0.9893992 -0.1449248 0.009280025 -0.983033 -0.1834295 0 -0.9746155 -0.2238856 0 -0.9991452 -0.04131948 0.001247763 -0.9995461 -0.02908194 0.007879495 -0.9998943 0.01454025 0 -0.9984395 0.05584543 0 -0.9961405 0.08715015 0.01044076 -0.993503 0.1138063 0 -0.979331 0.2022164 0.004398345 -0.9787042 0.2051783 0.006325125 -0.9879536 0.1547504 0 -0.9491934 0.3145294 0.01015383 -0.9564478 0.2919035 0 -0.967693 0.2521314 0 -0.9062721 0.4226021 0.008859038 -0.9227169 0.3854782 0 -0.9378557 0.3470256 0 -0.8510866 0.5249578 0.008418679 -0.8591002 0.5118075 3.77867e-4 -0.8984246 0.4391279 -3.64854e-4 -0.7414405 0.6710187 0 -0.7685347 0.6398083 0 -0.7843736 0.620203 0.01031941 -0.8044357 0.5940399 0 -0.8282958 0.5602912 0 -0.6812579 0.7320421 0.001442313 -0.7088686 0.7048254 0.02695441 -0.6933141 0.7206229 0.004270434 -0.7100902 0.7040233 0.01110035 -0.7070786 0.7070773 0.009040057 -0.7260658 0.6876196 0.002792775 -0.7335291 0.679657 0.001219272 -0.6202032 0.7843734 0.01031905 -0.6398084 0.7685345 0 -0.6710137 0.741445 0 -0.5249579 0.8510867 0.008418202 -0.5602917 0.8282955 0 -0.5940383 0.8044368 0 -0.4226018 0.9062722 0.008859872 -0.4391275 0.8984247 -3.65019e-4 -0.511808 0.8590999 3.77537e-4 -0.3145286 0.9491937 0.01015383 -0.3470245 0.9378561 0 -0.3854793 0.9227165 0 -0.1547573 0.9879525 0 -0.2051771 0.9787045 0.006323754 -0.2022154 0.9793312 0.004398465 -0.2521371 0.9676916 0 -0.2919054 0.9564473 0 -0.1138049 0.9935032 0 -0.08715111 0.9961405 0.01044028 -0.05584508 0.9984394 0 0.02908432 0.9995757 0.00159651 0.04131579 0.9990952 0.01008951 -0.01454365 0.9998943 0 0.1449259 0.9893991 0.009280264 0.125958 0.9920356 0 0.08485281 0.9963936 0 0.2588062 0.9658785 0.009913206 0.2238869 0.9746152 0 0.1834253 0.9830337 0 0.4121505 0.9111158 0 0.3634399 0.9315871 0.007555782 0.3692039 0.929342 0.003497183 0.3196013 0.9475522 0 0.2801755 0.9599488 0 0.4494464 0.8933074 0 0.4745739 0.8801532 0.01049929 0.5006263 0.8656636 0 0.5735745 0.8191493 0.002617239 0.5809686 0.8138793 0.008737683 0.5359697 0.8442373 0 0.7211579 0.6927703 9.00822e-4 0.710606 0.7035902 0 0.699817 0.7143223 0 0.6875353 0.7261478 0.002135396 0.679773 0.7334092 0.004425108 0.6647656 0.7469899 0.009638905 0.6491675 0.7606455 0 0.6171894 0.7868146 0 0 -0.1399361 0.9901606 -5.75089e-4 -0.9009066 -0.4340127 1.14279e-4 -0.9317869 -0.3630056 4.69228e-6 -0.9352345 -0.3540291 4.61515e-6 -0.9485088 -0.316751 -0.001003563 -0.960876 -0.2769773 2.79637e-4 -0.9698119 -0.2438545 -7.60556e-5 -0.9813423 -0.1922691 1.70446e-5 -0.7692531 -0.6389444 -2.23474e-4 -0.8025189 -0.5966268 -0.001269519 -0.8150801 -0.579347 1.6512e-4 -0.8489341 -0.5284988 3.90805e-7 -0.8624259 -0.5061834 3.47286e-7 -0.873774 -0.4863324 -9.23493e-4 -0.9034762 -0.4286373 1.69918e-5 -0.7651192 -0.6438887 1.19217e-4 -0.7092851 -0.7049218 -0.00288701 -0.7369896 -0.675898 0.001501321 -0.6463257 -0.7630601 6.43048e-4 -0.5092054 -0.8606448 -0.001404464 -0.5950688 -0.8036736 -3.70014e-4 -0.5820583 -0.8131471 -1.90243e-7 -0.6383794 -0.7697219 0 -0.6752722 -0.7375686 1.04508e-4 -0.3572273 -0.9340175 -2.64709e-4 -0.4267938 -0.904349 -8.23502e-4 -0.4370529 -0.8994355 5.20843e-6 -0.4853945 -0.8742952 5.14461e-6 -0.5278014 -0.8493678 -1.13059e-4 -0.195789 -0.9806461 4.07287e-4 -0.2424129 -0.9701732 -9.21742e-4 -0.2804872 -0.9598574 1.92173e-6 -0.316101 -0.9487256 1.84043e-6 -0.3621509 -0.9321195 3.07741e-6 0.1399377 -0.9901604 1.26265e-4 0.136001 -0.9907087 -1.40549e-4 0.05286026 -0.998602 -1.08988e-5 0.04996192 -0.9987512 6.04322e-6 -0.02821379 -0.9996019 5.24631e-4 -0.04827105 -0.9988341 -7.09872e-4 -0.1154243 -0.9933161 -2.27645e-7 -0.1356261 -0.9907601 -2.09691e-7 -0.1840468 -0.9829176 -3.7938e-4 0.3804724 -0.9247922 1.99034e-7 0.3628001 -0.931867 2.18243e-7 0.3039618 -0.9526842 -4.88693e-4 0.3167206 -0.9485188 7.28855e-4 0.2196686 -0.9755743 -6.21877e-4 0.2437468 -0.9698387 3.26076e-6 0.1847171 -0.9827917 -7.61455e-5 0.5307159 -0.8475498 4.10684e-6 0.5284459 -0.848967 4.00794e-6 0.4595686 -0.8881424 -0.001251876 0.4861554 -0.8738715 5.23971e-4 0.4282887 -0.9036418 3.60928e-6 0.8326951 -0.5537319 -0.00174421 0.8492376 -0.5280083 0.001515388 0.7813425 -0.6241008 -2.89497e-4 0.8036065 -0.5951611 0 0.7697831 -0.6383056 1.52284e-7 0.7276695 -0.6859279 -7.42493e-4 0.7373661 -0.6754931 5.67976e-4 0.6653066 -0.7465701 1.99902e-7 0.6759109 -0.7369834 1.70386e-7 0.60237 -0.798217 -0.002159595 0.6386932 -0.7694585 1.06103e-4 0.5961258 -0.8028911 -6.30069e-4 0.9689663 -0.2471921 -9.01893e-4 0.9701123 -0.242655 3.85388e-4 0.9436638 -0.3309056 -2.79265e-7 0.9487013 -0.3161741 0 0.9138457 -0.4060618 -0.002954483 0.9320383 -0.362348 0.00282967 0.8749773 -0.4841559 -9.70075e-4 0.9041419 -0.4272312 3.471e-6 0.8741308 -0.4856907 -8.54824e-4 0.993802 0.1111617 5.56477e-4 0.9987168 0.0506407 -1.09256e-5 0.9997137 0.02393329 0 0.9999999 5.43028e-4 0 0.9967095 -0.08105725 -0.002339541 0.9987905 -0.04911309 0.001134395 0.9858304 -0.1677418 2.11192e-6 0.9907897 -0.1354104 2.14094e-6 0.9828936 -0.1841743 -5.75469e-4 0.9009065 0.434013 1.12365e-4 0.9317033 0.3632203 2.0858e-7 0.9352352 0.3540273 2.27968e-7 0.948374 0.3171542 -0.001003384 0.9608762 0.2769764 2.61904e-4 0.9696175 0.2446264 -7.39991e-5 0.9813423 0.192269 3.54348e-6 0.9827055 0.1851754 3.49024e-6 0.9906479 0.136443 9.14672e-7 0.7691117 0.6391144 -2.31704e-4 0.8023435 0.5968626 -0.001281857 0.81508 0.579347 1.71341e-4 0.8487395 0.5288112 4.26062e-6 0.8624184 0.5061962 4.27688e-6 0.8736245 0.4866009 -8.92906e-4 0.9032499 0.4291142 8.99534e-7 0.7651394 0.6438647 1.03222e-4 0.7092838 0.704923 -0.002858519 0.7365858 0.6763381 0.001486778 0.6463211 0.7630641 6.27447e-4 0.5091992 0.8606485 -0.001373648 0.5943887 0.8041768 -4.00703e-4 0.5820566 0.8131483 -1.30786e-7 0.6379758 0.7700565 -1.28049e-7 0.6751286 0.7377001 9.36382e-5 0.3572299 0.9340165 -2.42865e-4 0.4263803 0.9045439 -8.23842e-4 0.4370523 0.8994356 3.74107e-6 0.4852997 0.874348 3.76041e-6 0.5275704 0.8495113 -1.13278e-4 0.1957876 0.9806463 4.0214e-4 0.2417929 0.9703279 -9.30956e-4 0.2804864 0.9598576 -1.77058e-7 0.3157647 0.9488375 0 0.3618335 0.9322428 1.03096e-4 -0.1366369 0.9906212 -1.57193e-4 -0.0503003 0.9987342 -3.63613e-5 -0.05286139 0.9986019 0 -7.92455e-4 0.9999998 0 0.02821588 0.9996019 5.25382e-4 0.0487135 0.9988127 -6.88544e-4 0.1154246 0.993316 2.40589e-6 0.1349895 0.990847 2.47346e-6 0.183732 0.9829764 -3.7802e-4 -0.3804733 0.9247919 2.51266e-6 -0.3631078 0.9317471 2.20971e-6 -0.303963 0.9526839 -4.9908e-4 -0.3170559 0.9484068 7.66179e-4 -0.2196689 0.9755742 -6.30498e-4 -0.2443717 0.9696815 0 -0.1850514 0.9827288 -6.65196e-5 -0.5307164 0.8475496 5.67158e-6 -0.5286937 0.8488128 5.43935e-6 -0.459567 0.8881431 -0.001255691 -0.4862611 0.8738126 5.12263e-4 -0.4286951 0.9034491 -1.38819e-7 -0.8326949 0.5537321 -0.001769483 -0.8494364 0.5276881 0.001554965 -0.7813441 0.6240986 -2.79775e-4 -0.8037627 0.59495 1.744e-5 -0.7699419 0.6381142 1.75126e-5 -0.7276701 0.6859273 -7.57234e-4 -0.7377816 0.6750391 5.76951e-4 -0.6653081 0.7465687 0 -0.6760371 0.7368676 0 -0.6023709 0.7982164 -0.002183198 -0.6390886 0.76913 9.31532e-5 -0.5968118 0.8023813 -6.05189e-4 -0.9689663 0.2471923 -9.2522e-4 -0.9703029 0.2418915 4.06062e-4 -0.9436658 0.3309 4.07074e-6 -0.9488371 0.3157665 4.19096e-6 -0.9138461 0.406061 -0.00296384 -0.9321171 0.3621452 0.002829253 -0.8749787 0.4841535 -0.001000285 -0.9043577 0.4267742 -2.93385e-7 -0.8742744 0.4854322 6.02937e-7 -0.9827505 -0.1849365 5.26058e-7 -0.9906094 -0.1367225 -8.70417e-4 -0.993802 -0.1111617 5.45756e-4 -0.9987431 -0.05011922 -1.07378e-5 -0.9997136 -0.02393335 0 -0.9999999 -5.52424e-4 0 -0.9967096 0.08105641 -0.002376437 -0.9988151 0.04860866 0.00112462 -0.9858306 0.1677408 -4.97947e-7 -0.9907478 0.135717 -4.49342e-7 -0.9829403 0.1839251 0.4507057 0.5453608 0.706715 0.5976064 -0.3786158 0.7067651 0.5923764 0.3884212 0.7058465 0.6492947 0.2832134 0.7058374 0.6492969 0.2831893 0.7058452 0.687703 0.1699375 0.7058228 0.687687 0.1698976 0.705848 0.706493 0.05177927 0.7058234 0.7064714 0.05174684 0.7058474 0.7051079 -0.06784498 0.705847 0.7051119 -0.06787657 0.7058399 0.6836469 -0.1855167 0.7058404 0.6836328 -0.185531 0.7058501 0.6426785 -0.2979453 0.7058278 0.6426677 -0.2979403 0.7058399 0.5976245 -0.3786565 0.7067279 0.4507318 0.5453161 0.7067329 0.4877299 0.5121332 0.7069932 0.5193414 0.48327 0.7047941 0.5296989 0.4693835 0.7064688 0.5923775 0.3884432 0.7058334 0.5453325 0.4506919 0.7067456 -0.3786413 0.5976527 0.7067121 0.4713512 0.531894 0.7035033 0.5120293 0.4877685 0.7070416 0.5453481 0.4507048 0.7067254 -0.3786553 0.5975933 0.7067549 -0.297929 0.642678 0.7058353 -0.2979459 0.6426625 0.7058423 -0.1855301 0.6836533 0.7058305 -0.1855419 0.6836353 0.7058449 -0.06787699 0.7051079 0.7058439 -0.06786042 0.7051181 0.7058354 0.05176293 0.7064728 0.7058448 0.05176317 0.7064758 0.7058417 0.1699052 0.6876857 0.7058475 0.1699068 0.6876919 0.705841 0.2831958 0.649307 0.7058333 0.2832056 0.6492977 0.705838 0.3884447 0.5923638 0.7058441 0.3884215 0.5923849 0.7058392 0.4825555 0.5185736 0.7058483 -0.9692954 -0.2458993 -7.3898e-7 -0.8610421 -0.5085226 0.00338155 -0.9441812 -0.3293653 0.006358683 -0.9396919 -0.3420222 8.70336e-6 -0.963095 -0.2685121 0.01869654 -0.9571228 -0.2893479 0.0139203 -0.9261965 -0.3770391 0.001283407 -0.9117333 -0.4107827 -8.48492e-6 -0.8660278 -0.4999958 5.49986e-5 -0.89478 -0.4462903 0.01392096 -0.8794824 -0.4758599 0.008254528 -0.8660255 0.5 0 -0.9396923 0.3420212 0 -0.9848077 0.1736491 0 -0.9848076 -0.1736496 0 -0.9897252 -0.1427798 0.007626593 -0.9764944 -0.2155398 0.001166462 0.5000008 -0.8660249 0 0.4999987 -0.8660262 0 0.3420198 -0.9396929 0 0.3420214 -0.9396922 0 0.1736495 -0.9848076 0 -0.1427859 -0.9897536 0 -0.1736482 -0.9847956 0.004899561 -0.2156994 -0.9764593 0.001148581 -0.3764359 -0.9264419 0.001302897 -0.3291049 -0.9442715 0.006440877 -0.2872589 -0.9577465 0.0142883 -0.3420199 -0.9396921 0.00110352 -0.2634628 -0.9646697 0 -0.2460867 -0.9692479 -2.05159e-6 -0.5310575 -0.8473344 0.001602768 -0.4946012 -0.869108 0.004603028 -0.4622637 -0.8866756 0.01089251 -0.4999926 -0.8660233 0.0033378 -0.4400132 -0.8979914 1.08446e-5 -0.4107963 -0.9117272 -7.57911e-6 -0.6977057 -0.7163846 0 -0.667809 -0.7443317 0.001267015 -0.6199358 -0.7846177 0.007402241 -0.6427876 -0.7660422 0.001889884 -0.581808 -0.8133262 -2.34586e-6 -0.5545812 -0.8321297 0 -0.8343841 -0.5511835 1.73378e-6 -0.8135221 -0.581534 -6.07195e-7 -0.7660439 -0.6427859 0.001832962 -0.7834722 -0.6213873 0.007021248 -0.7340808 -0.6790622 0 0.6291413 0.7772909 0 0.6370655 0.7708094 5.7411e-4 0.7320652 0.6812279 0.003049373 0.7731894 0.6341753 0 0.836265 0.5483255 0 0.8362568 0.5483381 0 0.916602 0.3998009 0 0.9708048 0.2398709 0 0.9708132 0.2398368 0 0.9973263 0.07307821 0 0.9953995 -0.09581166 0 0.9954012 -0.09579378 0 0.9650851 -0.261937 0 0.9650896 -0.2619202 0 0.9072398 -0.4206138 0 0.9072468 -0.4205989 0 0.8447424 -0.5351732 0 0.8447124 -0.5352204 0 0.7708069 0.637069 0 0.7708394 0.6370297 0 0.7895703 0.6136602 0 0.6812162 0.7320759 0.003050506 0.6341716 0.7731925 0 0.5483422 0.8362541 0 0.5483257 0.836265 0 0.3998004 0.9166022 0 0.239858 0.970808 0 0.2398496 0.9708101 0 0.07307374 0.9973266 0 -0.09579676 0.9954009 0 -0.09580022 0.9954006 0 -0.2619339 0.9650859 0 -0.2619248 0.9650883 0 -0.4206013 0.9072456 0 -0.4206151 0.9072392 0 -0.5351811 0.8447375 0 -0.535211 0.8447184 0 -0.7660488 -0.6427825 -8.58203e-7 -0.7660488 -0.6427825 0 -0.8660213 -0.500007 0 -0.866021 -0.5000078 0 -0.939695 -0.3420137 0 -0.9396952 -0.342013 0 -0.9848076 -0.1736496 0 -0.984808 0.1736472 0 -0.9396935 0.3420177 0 -0.9396933 0.3420184 0 -0.866021 0.5000078 0 -0.8660213 0.500007 0 -0.7660488 0.6427825 0 -0.6427837 0.7660477 0 -0.6427834 0.766048 0 -0.5000051 0.8660225 0 -0.5000053 0.8660225 0 -0.3420167 0.9396939 0 -0.3420166 0.9396939 0 -0.1736524 0.9848071 0 0.1736524 0.9848071 0 0.3420166 0.9396939 0 0.3420167 0.9396939 0 0.5000053 0.8660225 0 0.5000051 0.8660225 0 0.6427834 0.766048 0 0.6427837 0.7660477 0 0.7660488 0.6427825 0 0.8660213 0.500007 0 0.866021 0.5000078 0 0.9396933 0.3420184 0 0.9396935 0.3420177 0 0.984808 0.1736472 0 0.9848076 -0.1736496 0 0.9396952 -0.342013 0 0.939695 -0.3420137 0 0.866021 -0.5000078 0 0.8660213 -0.500007 0 0.7660488 -0.6427825 0 0.6427794 -0.7660514 0 0.6427792 -0.7660515 0 0.5000106 -0.8660194 0 0.5000108 -0.8660193 0 0.3420103 -0.9396963 0 0.3420102 -0.9396963 0 0.1736594 -0.9848058 0 -0.1736594 -0.9848058 0 -0.3420102 -0.9396963 0 -0.3420103 -0.9396963 0 -0.5000108 -0.8660193 0 -0.5000106 -0.8660194 0 -0.6427792 -0.7660515 0 -0.6427794 -0.7660514 8.58219e-7 -0.9396933 -0.3420184 0 -0.9396935 -0.3420177 0 -0.984808 -0.1736472 0 -0.9848076 0.1736496 0 -0.9396952 0.342013 0 -0.939695 0.3420137 0 -0.6427794 0.7660514 0 -0.6427792 0.7660515 0 -0.5000106 0.8660194 0 -0.5000108 0.8660193 0 -0.3420103 0.9396963 0 -0.3420102 0.9396963 0 -0.1736594 0.9848058 0 0.1736594 0.9848058 0 0.3420102 0.9396963 0 0.3420103 0.9396963 0 0.5000108 0.8660193 0 0.5000106 0.8660194 0 0.6427792 0.7660515 0 0.6427794 0.7660514 0 0.939695 0.3420137 0 0.9396952 0.342013 0 0.9848076 0.1736496 0 0.984808 -0.1736472 0 0.9396935 -0.3420177 0 0.9396933 -0.3420184 0 0.6427837 -0.7660477 0 0.6427834 -0.766048 0 0.5000051 -0.8660225 0 0.5000053 -0.8660225 0 0.3420167 -0.9396939 0 0.3420166 -0.9396939 0 0.1736524 -0.9848071 0 -0.1736524 -0.9848071 0 -0.3420166 -0.9396939 0 -0.3420167 -0.9396939 0 -0.5000053 -0.8660225 0 -0.5000051 -0.8660225 0 -0.6427834 -0.766048 0 -0.6427837 -0.7660477 0 0.8194929 0.5730894 0 0.5730886 -0.8194934 0 -0.8194929 -0.5730894 0 -0.5730886 0.8194934 0 0.6288336 0.7769067 -0.03137445 0.5877711 0.8089987 -0.006807506 -0.615024 0.7881609 -0.02341181 -0.7431448 0.6691307 0 -0.6691312 0.7431444 0 -0.6691305 0.7431449 0 -0.5877847 0.8090175 0 -0.8089902 0.5877668 -0.008075535 -0.7883799 0.6151887 0 -0.7431442 0.6691314 0 -0.78816 -0.615025 -0.02341222 -0.6691312 -0.7431443 0 -0.7431448 -0.6691307 0 -0.7431442 -0.6691314 0 -0.8090178 -0.5877842 0 -0.5877652 -0.8089914 -0.008074998 -0.6151936 -0.788376 0 -0.6691305 -0.743145 0 0.615024 -0.7881609 -0.02341181 0.7431448 -0.6691307 0 0.6691312 -0.7431444 0 0.6691305 -0.7431449 0 0.5877847 -0.8090175 0 0.8089902 -0.5877668 -0.008075535 0.7883799 -0.6151887 0 0.7431442 -0.6691314 0 0.7702937 0.6366765 -0.03592699 0.8089975 0.5877695 -0.007075846 0.613573 0.7896382 0 0.6691305 0.743145 0 0.6691312 0.7431443 0 0.7431448 0.6691307 0 0.7431442 0.6691314 0 0.7896404 0.61357 0 0.7895514 0.6136845 1.08766e-5 -0.9935799 0.1126536 -0.0104053 -0.994687 0.0974307 -0.03324347 -0.9945119 0.1016425 -0.02479773 -0.9942405 0.1055477 -0.01858854 -0.9939184 0.1092337 -0.01393461 -0.9932398 0.1158274 -0.00766915 -0.992885 0.1189541 -0.005423247 -0.9925007 0.122191 -0.003425478 -0.9913288 0.1313967 -0.001498758 -0.9920074 0.1261732 0.001303672 -0.9924733 0.1224113 0.003509938 -0.9928378 0.1193398 0.005583167 -0.9931759 0.1163565 0.007928609 -0.9935023 0.1132977 0.01081448 -0.9938197 0.1100473 0.01456177 -0.9941121 0.1065796 0.01954615 -0.9943419 0.1029369 0.02623534 -0.9990546 -0.04345488 -0.001267015 -0.9993336 -0.03595948 -0.00629127 -0.9994643 -0.02835768 -0.01633793 -0.999195 -0.01970815 -0.03494429 -0.9974873 -0.008181869 -0.07037365 -0.9947602 0 -0.1022361 -0.9975655 0.008516252 -0.0692141 -0.9992121 0.01997226 -0.03429806 -0.9994644 0.02856349 -0.01597243 -0.9993266 0.03618812 -0.006075739 -0.9990457 0.04366141 -0.001190721 -0.9987496 0.04999274 7.63059e-6 -0.994522 0.1045281 -1.11631e-4 -0.9944139 0.08952808 -0.05590856 -0.994666 0.09290271 -0.04482024 -0.9931714 -0.1163976 0.007897138 -0.9943378 -0.103003 0.02613264 -0.9944472 -0.09915143 0.03526902 -0.994106 -0.1066582 0.01942521 -0.9938153 -0.1100956 0.01449924 -0.9934988 -0.113332 0.01077532 -0.9928316 -0.1193935 0.005540609 -0.9924675 -0.1224593 0.003475487 -0.9919998 -0.1262333 0.001267015 -0.9925158 -0.122067 -0.003472685 -0.9928941 -0.1188749 -0.005476176 -0.9932474 -0.1157572 -0.007742702 -0.9935898 -0.1125581 -0.01049077 -0.9939303 -0.1091104 -0.01405072 -0.9942461 -0.1054741 -0.01870983 -0.9945183 -0.1015272 -0.02501136 -0.9946907 -0.09729486 -0.03352743 -0.9946607 -0.09276831 -0.04521203 -0.9945047 -0.1045277 -0.005873918 -0.9985376 -0.05406373 -1.76621e-6 -0.9987534 -0.04991686 7.23643e-6 -0.9990438 0.04368919 0.001663982 -0.999287 0.03681534 0.008378028 -0.9992917 0.02999615 0.02272266 -0.9944477 0.09908902 0.03543078 -0.9943075 0.09504461 0.04815745 -0.9944926 0.1045276 0.007647335 -0.9985359 0.05409324 -5.71279e-7 -0.9987553 0.04987996 -1.24563e-5 -0.9983908 0.02228605 0.05214595 -0.9926424 0.01062083 0.1206171 -0.9795182 0 0.2013558 -0.9928787 -0.01090109 0.1186299 -0.9984213 -0.0223909 0.05151492 -0.9992938 -0.0301311 0.02244967 -0.9992861 -0.036866 0.008268773 -0.9990385 -0.04381269 0.001582205 -0.9987507 -0.0499705 -1.17694e-5 -0.9945219 -0.1045289 1.42956e-4 -0.993918 -0.09216678 0.06027019 -0.9943117 -0.09509295 0.04797452 -0.5730884 0.8194935 0 -0.5 0.8660255 0 -0.4999996 0.8660258 0 -0.4067372 0.9135454 0 -0.4067373 0.9135453 0 -0.3090175 0.9510564 0 -0.3090177 0.9510563 0 -0.2079105 0.9781479 0 -0.1045291 0.9945219 0 0.1045291 0.9945219 0 0.2079105 0.9781479 0 0.3090177 0.9510563 0 0.3090175 0.9510564 0 0.4067373 0.9135453 0 0.4067372 0.9135454 0 0.4999997 0.8660258 0 0.5 0.8660255 0 0.5730884 0.8194935 0 0.573088 0.8194938 0 -0.9917266 0.1283677 0 -0.9781476 0.207912 0 -0.9781479 0.2079102 0 -0.9510568 0.3090163 0 -0.9510563 0.309018 0 -0.9135459 0.4067358 0 -0.9135444 0.406739 0 -0.8660251 0.5000007 0 -0.8660266 0.4999978 0 -0.8194931 0.5730891 0 -0.819494 0.5730878 0 -0.8194931 -0.5730891 0 -0.8660268 -0.4999978 0 -0.866025 -0.5000007 0 -0.9135445 -0.406739 0 -0.9135459 -0.4067359 0 -0.9510563 -0.309018 0 -0.9510567 -0.3090164 0 -0.978148 -0.2079102 0 -0.9781476 -0.207912 0 -0.9916961 -0.1286032 0 -0.9920273 -0.1260165 -0.001303613 0.5730884 -0.8194935 0 0.5 -0.8660255 0 0.4999996 -0.8660258 0 0.4067372 -0.9135454 0 0.4067373 -0.9135453 0 0.3090175 -0.9510564 0 0.3090177 -0.9510563 0 0.2079105 -0.9781479 0 0.1045291 -0.9945219 0 -0.1045291 -0.9945219 0 -0.2079105 -0.9781479 0 -0.3090177 -0.9510563 0 -0.3090175 -0.9510564 0 -0.4067373 -0.9135453 0 -0.4067372 -0.9135454 0 -0.4999997 -0.8660258 0 -0.5 -0.8660255 0 -0.5730884 -0.8194935 0 -0.573088 -0.8194938 0 0.8194931 0.5730891 0 0.8660268 0.4999978 0 0.866025 0.5000007 0 0.9135445 0.406739 0 0.9135459 0.4067359 0 0.9510563 0.309018 0 0.9510567 0.3090164 0 0.978148 0.2079102 0 0.9781476 0.207912 0 0.9945219 0.104529 0 0.9945219 0.104529 0 0.9945219 -0.104529 0 0.9945219 -0.104529 0 0.9781476 -0.207912 0 0.9781479 -0.2079102 0 0.9510568 -0.3090163 0 0.9510563 -0.309018 0 0.9135459 -0.4067358 0 0.9135444 -0.406739 0 0.8660251 -0.5000007 0 0.8660266 -0.4999978 0 0.8194931 -0.5730891 0 0.819494 -0.5730878 0 -0.6135344 -0.3542315 -0.7057589 -0.6135423 -0.3542307 -0.7057526 -0.6657288 -0.2422995 -0.7057593 -0.6657322 -0.242304 -0.7057546 -0.6976876 -0.123023 -0.7057601 -0.6976873 -0.1230222 -0.7057605 -0.7084596 0 -0.7057515 -0.7084566 0 -0.7057544 -0.6976879 0.1230205 -0.7057603 -0.697694 0.1230224 -0.7057539 -0.6657279 0.242303 -0.705759 -0.6657301 0.2423032 -0.7057568 -0.6135367 0.3542329 -0.7057563 -0.6135346 0.3542262 -0.7057614 -0.5427093 0.4553803 -0.7057588 -0.5427092 0.4553821 -0.7057576 -0.4553851 0.5427133 -0.7057526 -0.4553794 0.5427106 -0.7057584 -0.3542291 0.613534 -0.7057605 -0.3542304 0.6135354 -0.7057586 -0.2423049 0.6657351 -0.7057515 -0.2423043 0.665735 -0.7057518 -0.123024 0.6976863 -0.7057613 -0.1230251 0.6977055 -0.7057421 0 0.7084599 -0.7057511 0 0.708451 -0.7057601 0.1230257 0.6976965 -0.7057509 0.1230236 0.6976968 -0.705751 0.2423031 0.6657302 -0.7057567 0.2423042 0.6657351 -0.7057517 0.3542278 0.6135318 -0.7057631 0.3542304 0.6135354 -0.7057586 0.4553843 0.5427123 -0.7057539 0.4553794 0.5427106 -0.7057584 0.5427057 0.4553779 -0.7057631 0.5427094 0.4553817 -0.7057579 0.6135367 0.3542329 -0.7057563 0.6135384 0.3542284 -0.705757 0.6657279 0.242303 -0.705759 0.6657301 0.2423032 -0.7057568 0.6976981 0.123023 -0.7057499 0.6976853 0.1230202 -0.7057629 0.7084699 0 -0.7057411 0.7084478 0 -0.7057633 0.6976826 -0.1230214 -0.7057654 0.6976916 -0.1230235 -0.7057561 0.6657239 -0.2422978 -0.7057645 0.6657322 -0.242304 -0.7057546 0.6135367 -0.3542329 -0.7057563 0.6135384 -0.3542284 -0.705757 0.5427014 -0.4553737 -0.7057692 0.5427194 -0.4553906 -0.7057443 0.4553677 -0.5426988 -0.705775 0.4553779 -0.5426982 -0.7057689 0.3542284 -0.6135239 -0.7057696 0.3542276 -0.6135537 -0.7057442 0.2422965 -0.6657263 -0.7057628 0.2423084 -0.6657343 -0.705751 0.1230291 -0.6976858 -0.7057608 0.1230277 -0.6976698 -0.7057769 0 -0.7084392 -0.7057719 0 -0.7084599 -0.7057511 -0.1230273 -0.6976757 -0.7057712 -0.1230292 -0.6976785 -0.7057681 -0.2422965 -0.6657261 -0.7057628 -0.2423084 -0.6657344 -0.705751 -0.3542388 -0.6135418 -0.7057489 -0.3542187 -0.6135383 -0.7057619 -0.4553694 -0.5427008 -0.7057724 -0.4553779 -0.5426982 -0.7057689 -0.5427116 -0.4553829 -0.7057554 -0.5427094 -0.4553817 -0.7057579 -0.6135367 -0.3542329 -0.7057563 -0.6135384 -0.3542284 -0.705757 -0.6657279 -0.242303 -0.705759 -0.6657301 -0.2423032 -0.7057568 -0.6976981 -0.123023 -0.7057499 -0.6976853 -0.1230202 -0.7057629 -0.7084699 0 -0.7057411 -0.7084478 0 -0.7057633 -0.6976826 0.1230214 -0.7057654 -0.6976916 0.1230235 -0.7057561 -0.6657239 0.2422978 -0.7057645 -0.6657322 0.242304 -0.7057546 -0.6135384 0.3542284 -0.705757 -0.5427013 0.4553741 -0.705769 -0.5427162 0.4553874 -0.7057489 -0.4553744 0.5427067 -0.7057646 -0.4553779 0.5426982 -0.7057689 -0.3542284 0.6135239 -0.7057696 -0.3542276 0.6135537 -0.7057442 -0.2422965 0.6657263 -0.7057628 -0.2423084 0.6657343 -0.705751 -0.1230291 0.6976858 -0.7057608 -0.1230277 0.6976698 -0.7057769 0 0.7084392 -0.7057719 0 0.7084599 -0.7057511 0.1230273 0.6976757 -0.7057712 0.1230292 0.6976785 -0.7057681 0.2422965 0.6657261 -0.7057628 0.2423084 0.6657344 -0.705751 0.3542388 0.6135418 -0.7057489 0.3542187 0.6135383 -0.7057619 0.455372 0.5427033 -0.7057688 0.4553806 0.542702 -0.7057642 0.5427077 0.4553796 -0.7057605 0.6135344 0.3542315 -0.7057589 0.6135423 0.3542307 -0.7057526 0.6657288 0.2422995 -0.7057593 0.6657322 0.242304 -0.7057546 0.6976876 0.123023 -0.7057601 0.6976873 0.1230222 -0.7057605 0.7084596 0 -0.7057515 0.7084566 0 -0.7057544 0.6976879 -0.1230205 -0.7057603 0.697694 -0.1230224 -0.7057539 0.6657279 -0.242303 -0.705759 0.6657301 -0.2423032 -0.7057568 0.6135346 -0.3542262 -0.7057614 0.5427092 -0.4553808 -0.7057586 0.5427094 -0.4553817 -0.7057579 0.4553851 -0.5427133 -0.7057526 0.4553794 -0.5427106 -0.7057584 0.3542291 -0.613534 -0.7057605 0.3542304 -0.6135354 -0.7057586 0.2423049 -0.6657351 -0.7057515 0.2423043 -0.665735 -0.7057518 0.123024 -0.6976863 -0.7057613 0.1230251 -0.6977055 -0.7057421 0 -0.7084599 -0.7057511 0 -0.708451 -0.7057601 -0.1230257 -0.6976965 -0.7057509 -0.1230236 -0.6976968 -0.705751 -0.2423031 -0.6657302 -0.7057567 -0.2423042 -0.6657351 -0.7057517 -0.3542278 -0.6135318 -0.7057631 -0.3542304 -0.6135354 -0.7057586 -0.4553844 -0.5427119 -0.7057542 -0.4553793 -0.5427109 -0.7057582 -0.5427057 -0.4553779 -0.7057631 -0.6823207 -0.3822901 -0.6231315 -0.6464162 0.2878042 -0.7066222 -0.6729603 0.2186577 -0.7066211 -0.6729587 0.2186573 -0.7066227 -0.6921287 0.1471165 -0.706622 -0.6921349 0.1471176 -0.7066156 -0.7037214 0.07396322 -0.7066157 -0.7037109 0.07396274 -0.7066262 -0.7075871 0 -0.7066262 -0.7075871 0 -0.7066261 -0.7037109 -0.07396072 -0.7066263 -0.7037213 -0.07396525 -0.7066156 -0.6921351 -0.1471178 -0.7066155 -0.6921283 -0.1471163 -0.7066224 -0.672959 -0.2186573 -0.7066224 -0.6729598 -0.2186577 -0.7066215 -0.6464178 -0.2878035 -0.7066211 -0.6464222 -0.2878069 -0.7066156 -0.612796 -0.3537983 -0.7066173 -0.4159112 0.5724527 -0.7066228 -0.4734638 0.5258356 -0.7066321 -0.4734763 0.5258482 -0.7066143 -0.5258479 0.4734752 -0.7066153 -0.5258404 0.4734686 -0.7066254 -0.5724519 0.415911 -0.7066236 -0.572456 0.4159133 -0.7066189 -0.5979726 0.3774519 -0.7070777 -0.6608361 0.3815328 -0.6463192 -0.6171278 0.3457657 -0.7068235 -0.6464228 0.2878057 -0.7066155 -0.3822898 0.682319 -0.6231335 -0.3774504 0.5979702 -0.7070805 -0.4159091 0.5724497 -0.7066265 -0.2878026 -0.6464139 -0.7066249 -0.2186583 -0.6729604 -0.7066208 -0.2186577 -0.6729577 -0.7066236 -0.1471167 -0.6921297 -0.706621 -0.1471162 -0.6921315 -0.7066194 -0.07396262 -0.703716 -0.7066211 -0.07396262 -0.7037029 -0.7066341 0 -0.7075923 -0.706621 0 -0.707574 -0.7066394 0.07396149 -0.703705 -0.7066321 0.07396399 -0.7037159 -0.7066211 0.1471167 -0.6921297 -0.706621 0.1471167 -0.692134 -0.7066168 0.2186584 -0.6729602 -0.7066209 0.2186584 -0.6729601 -0.706621 0.2878013 -0.6464126 -0.7066267 0.2878054 -0.646421 -0.7066174 0.3537993 -0.6127973 -0.7066156 0.353796 -0.6127936 -0.7066204 0.4159091 -0.5724497 -0.7066265 0.4159112 -0.5724527 -0.7066228 0.4734638 -0.5258356 -0.7066321 0.4734763 -0.5258482 -0.7066143 0.5258479 -0.4734752 -0.7066153 0.5258404 -0.4734686 -0.7066254 0.5724519 -0.415911 -0.7066236 0.572456 -0.4159133 -0.7066189 0.6127953 -0.3537972 -0.7066183 0.6127969 -0.3537988 -0.7066163 0.6464228 -0.2878057 -0.7066155 0.6464162 -0.2878042 -0.7066222 0.6729603 -0.2186577 -0.7066211 0.6729587 -0.2186573 -0.7066227 0.6921287 -0.1471165 -0.706622 0.6921349 -0.1471176 -0.7066156 0.7037214 -0.07396322 -0.7066157 0.7037109 -0.07396274 -0.7066262 0.7075871 0 -0.7066262 0.7075871 0 -0.7066261 0.7037109 0.07396072 -0.7066263 0.7037213 0.07396525 -0.7066156 0.6921351 0.1471178 -0.7066155 0.6921283 0.1471163 -0.7066224 0.672959 0.2186573 -0.7066224 0.6729598 0.2186577 -0.7066215 0.6464178 0.2878035 -0.7066211 0.6464222 0.2878069 -0.7066156 0.6127976 0.3537992 -0.7066154 0.6127925 0.3537956 -0.7066216 0.5724543 0.415912 -0.7066211 0.5724544 0.4159128 -0.7066205 0.525844 0.473471 -0.7066211 0.5258438 0.4734724 -0.7066203 0.4734713 0.5258439 -0.706621 0.4734703 0.5258416 -0.7066233 0.4159123 0.5724542 -0.7066209 0.4159095 0.5724505 -0.7066256 0.3537992 0.6127978 -0.7066153 0.3537977 0.6127958 -0.7066176 0.2878056 0.6464232 -0.7066153 0.2878026 0.6464139 -0.7066249 0.2186583 0.6729604 -0.7066208 0.2186577 0.6729577 -0.7066236 0.1471167 0.6921297 -0.706621 0.1471162 0.6921315 -0.7066194 0.07396262 0.703716 -0.7066211 0.07396262 0.7037029 -0.7066341 0 0.7075923 -0.706621 0 0.707574 -0.7066394 -0.07396149 0.703705 -0.7066321 -0.07396399 0.7037159 -0.7066211 -0.1471167 0.6921297 -0.706621 -0.1471167 0.692134 -0.7066168 -0.2186584 0.6729602 -0.7066209 -0.2186584 0.6729601 -0.706621 -0.2878013 0.6464126 -0.7066267 -0.2878054 0.646421 -0.7066174 -0.3537964 0.6127935 -0.7066203 -0.5979726 -0.3774519 -0.7070777 -0.5724543 -0.415912 -0.7066211 -0.5724544 -0.4159128 -0.7066205 -0.525844 -0.473471 -0.7066211 -0.5258438 -0.4734724 -0.7066203 -0.4734713 -0.5258439 -0.706621 -0.4734703 -0.5258416 -0.7066233 -0.4159123 -0.5724542 -0.7066209 -0.4159095 -0.5724505 -0.7066256 -0.3774504 -0.5979702 -0.7070805 -0.3815333 -0.6608361 -0.6463188 -0.3457667 -0.6171309 -0.7068202 -0.2878056 -0.6464232 -0.7066153 -0.766047 -0.6427846 0 -0.7660403 -0.6427927 0 -0.8660262 -0.4999988 0 -0.939692 -0.342022 0 -0.984808 -0.1736471 0 -1 0 0 -0.984808 0.1736471 0 -0.939692 0.342022 0 -0.8660262 0.4999988 0 -0.7660424 0.6427901 0 -0.7660492 0.642782 0 -0.6427938 0.7660393 0 -0.6427871 0.766045 0 -0.4999938 0.8660291 0 -0.4999997 0.8660256 0 -0.3420193 0.9396929 0 -0.1736499 0.9848076 0 -0.1736475 0.984808 0 0.1736475 0.984808 0 0.1736499 0.9848076 0 0.3420193 0.9396929 0 0.3420238 0.9396914 0 0.4999938 0.8660291 0 0.4999997 0.8660256 0 0.6427871 0.766045 0 0.7660492 0.642782 0 0.7660424 0.6427901 0 0.8660262 0.4999988 0 0.939692 0.342022 0 0.984808 0.1736471 0 1 0 0 0.984808 -0.1736471 0 0.939692 -0.342022 0 0.8660262 -0.4999988 0 0.7660403 -0.6427927 0 0.766047 -0.6427846 0 0.6427871 -0.766045 0 0.5000036 -0.8660234 0 0.4999976 -0.8660268 0 0.3420238 -0.9396914 0 0.3420193 -0.9396929 0 0.1736449 -0.9848083 0 0.1736425 -0.9848088 0 -0.1736425 -0.9848088 0 -0.1736449 -0.9848083 0 -0.3420193 -0.9396929 0 -0.5000036 -0.8660234 0 -0.4999976 -0.8660268 0 -0.6427871 -0.766045 0 -0.6427938 -0.7660393 0 -1 0 0 -0.3420238 0.9396914 0 0.6427938 0.7660393 0 1 0 0 0.6427938 -0.7660393 0 -0.3420238 -0.9396914 0 -0.7660492 -0.642782 0 -0.7660424 -0.6427901 0 -0.7660403 0.6427927 0 -0.766047 0.6427846 0 -0.5000036 0.8660234 0 -0.4999976 0.8660268 0 -0.1736449 0.9848083 0 -0.1736425 0.9848088 0 0.1736425 0.9848088 0 0.1736449 0.9848083 0 0.5000036 0.8660234 0 0.4999976 0.8660268 0 0.766047 0.6427846 0 0.7660403 0.6427927 0 0.7660424 -0.6427901 0 0.7660492 -0.642782 0 0.4999938 -0.8660291 0 0.4999997 -0.8660256 0 0.1736499 -0.9848076 0 0.1736475 -0.984808 0 -0.1736475 -0.984808 0 -0.1736499 -0.9848076 0 -0.4999938 -0.8660291 0 -0.4999997 -0.8660256 0</float_array>
          <technique_common>
            <accessor source="#Base_001-mesh-normals-array" count="7245" stride="3">
              <param name="X" type="float"/>
              <param name="Y" type="float"/>
              <param name="Z" type="float"/>
            </accessor>
          </technique_common>
        </source>
        <vertices id="Base_001-mesh-vertices">
          <input semantic="POSITION" source="#Base_001-mesh-positions"/>
        </vertices>
        <triangles count="8344">
          <input semantic="VERTEX" source="#Base_001-mesh-vertices" offset="0"/>
          <input semantic="NORMAL" source="#Base_001-mesh-normals" offset="1"/>
          <p>0 0 1 0 2 0 2 1 1 1 3 1 1 1 4 1 3 1 3 2 4 2 5 2 3 3 5 3 6 3 6 1 7 1 3 1 3 1 7 1 8 1 3 4 8 4 9 4 0 5 10 5 1 5 1 6 10 6 11 6 1 1 11 1 12 1 12 7 13 7 1 7 1 8 13 8 14 8 1 9 14 9 15 9 15 1 16 1 1 1 1 10 16 10 17 10 1 11 17 11 18 11 9 1 19 1 3 1 3 12 19 12 20 12 3 1 20 1 21 1 18 13 22 13 1 13 1 1 22 1 23 1 1 14 23 14 24 14 24 15 25 15 1 15 1 16 25 16 26 16 1 1 26 1 27 1 28 17 29 17 30 17 21 1 31 1 3 1 3 18 31 18 32 18 3 19 32 19 33 19 33 1 34 1 3 1 3 20 34 20 28 20 3 21 28 21 35 21 35 22 28 22 30 22 36 23 37 23 38 23 38 1 37 1 39 1 38 1 39 1 40 1 41 24 42 24 43 24 43 1 42 1 44 1 43 1 44 1 45 1 46 1 47 1 48 1 48 25 47 25 49 25 48 26 49 26 50 26 39 1 51 1 40 1 40 27 51 27 52 27 40 28 52 28 53 28 53 29 52 29 54 29 53 1 54 1 46 1 46 30 54 30 55 30 46 31 55 31 47 31 56 1 57 1 58 1 58 32 57 32 59 32 58 33 59 33 36 33 36 1 59 1 60 1 36 34 60 34 37 34 61 1 62 1 63 1 63 35 62 35 64 35 63 1 64 1 65 1 66 36 67 36 68 36 68 37 67 37 69 37 68 1 69 1 61 1 61 38 69 38 70 38 61 39 70 39 62 39 71 1 72 1 73 1 73 1 72 1 74 1 73 1 74 1 56 1 56 40 74 40 75 40 56 1 75 1 57 1 76 1 77 1 78 1 78 41 77 41 79 41 78 42 79 42 71 42 71 1 79 1 80 1 71 43 80 43 72 43 81 1 82 1 83 1 83 44 82 44 84 44 83 1 84 1 76 1 76 45 84 45 85 45 76 46 85 46 77 46 86 1 87 1 88 1 88 47 87 47 89 47 88 48 89 48 41 48 41 1 89 1 90 1 41 49 90 49 42 49 49 1 91 1 50 1 50 50 91 50 92 50 50 51 92 51 93 51 93 52 92 52 94 52 93 53 94 53 66 53 66 54 94 54 95 54 66 55 95 55 67 55 96 56 97 56 98 56 98 57 97 57 99 57 98 1 99 1 81 1 81 58 99 58 100 58 81 59 100 59 82 59 44 1 101 1 45 1 45 60 101 60 102 60 45 61 102 61 103 61 64 1 104 1 65 1 65 62 104 62 105 62 65 1 105 1 106 1 102 1 107 1 103 1 103 63 107 63 108 63 103 1 108 1 109 1 109 64 108 64 110 64 109 1 110 1 111 1 111 65 110 65 112 65 111 42 112 42 113 42 105 1 114 1 106 1 106 1 114 1 115 1 106 66 115 66 116 66 116 55 115 55 117 55 116 1 117 1 118 1 118 1 117 1 119 1 118 1 119 1 86 1 86 67 119 67 120 67 86 1 120 1 87 1 112 1 121 1 113 1 113 68 121 68 122 68 113 66 122 66 123 66 123 69 122 69 124 69 123 70 124 70 96 70 96 71 124 71 125 71 96 43 125 43 97 43 126 72 127 72 128 72 127 73 129 73 128 73 128 74 129 74 130 74 128 75 130 75 131 75 132 76 133 76 134 76 134 77 133 77 135 77 134 78 135 78 136 78 136 79 135 79 137 79 136 80 137 80 138 80 131 81 139 81 128 81 128 82 139 82 132 82 128 83 132 83 140 83 140 84 132 84 134 84 126 85 128 85 141 85 141 86 128 86 142 86 141 87 142 87 143 87 143 88 144 88 141 88 141 89 144 89 145 89 141 90 145 90 146 90 146 91 147 91 141 91 141 92 147 92 148 92 141 93 148 93 149 93 150 94 151 94 152 94 152 95 151 95 141 95 152 96 141 96 153 96 153 97 141 97 149 97 150 98 152 98 154 98 154 99 152 99 155 99 154 100 155 100 156 100 156 101 155 101 157 101 156 102 157 102 158 102 158 103 159 103 156 103 156 104 159 104 160 104 156 105 160 105 161 105 162 106 163 106 164 106 164 107 163 107 165 107 164 108 165 108 166 108 161 109 167 109 156 109 156 110 167 110 164 110 156 111 164 111 168 111 168 112 164 112 166 112 169 113 170 113 171 113 171 114 170 114 172 114 171 115 172 115 164 115 164 116 172 116 173 116 164 117 173 117 162 117 174 118 175 118 176 118 175 119 177 119 176 119 176 120 177 120 178 120 176 121 178 121 179 121 180 122 181 122 182 122 182 123 181 123 183 123 182 124 183 124 184 124 184 125 183 125 185 125 184 126 185 126 186 126 179 127 187 127 176 127 176 128 187 128 180 128 176 129 180 129 188 129 188 130 180 130 182 130 174 131 176 131 189 131 189 132 176 132 190 132 189 133 190 133 191 133 191 134 192 134 189 134 189 135 192 135 193 135 189 136 193 136 194 136 194 137 195 137 189 137 189 138 195 138 196 138 189 139 196 139 197 139 169 140 198 140 170 140 170 141 198 141 189 141 170 142 189 142 199 142 199 143 189 143 197 143 200 144 201 144 202 144 202 145 201 145 203 145 204 146 205 146 206 146 207 147 208 147 209 147 210 148 211 148 212 148 213 149 214 149 203 149 215 150 216 150 217 150 216 151 215 151 218 151 218 152 215 152 219 152 218 153 219 153 220 153 221 154 222 154 220 154 223 155 224 155 222 155 225 156 226 156 224 156 226 157 225 157 227 157 227 158 225 158 210 158 227 159 210 159 228 159 228 160 210 160 212 160 228 161 212 161 229 161 230 162 231 162 232 162 233 163 208 163 234 163 234 164 208 164 207 164 234 165 207 165 235 165 235 166 207 166 236 166 235 167 237 167 234 167 234 168 237 168 238 168 234 169 238 169 233 169 233 170 238 170 239 170 233 171 239 171 208 171 208 172 239 172 240 172 208 173 240 173 209 173 241 174 242 174 243 174 224 175 223 175 225 175 225 176 223 176 244 176 225 177 244 177 210 177 210 178 244 178 241 178 210 179 241 179 211 179 211 180 241 180 243 180 211 181 243 181 212 181 212 182 243 182 229 182 245 183 246 183 247 183 247 184 246 184 248 184 247 185 248 185 249 185 249 186 248 186 250 186 231 187 230 187 251 187 251 188 230 188 252 188 251 189 252 189 253 189 253 190 252 190 254 190 253 191 254 191 255 191 245 192 213 192 246 192 246 193 213 193 203 193 246 194 203 194 248 194 248 195 203 195 201 195 248 196 201 196 250 196 250 197 201 197 200 197 250 198 200 198 256 198 240 199 257 199 209 199 209 200 257 200 258 200 209 201 258 201 256 201 256 202 258 202 259 202 256 203 259 203 250 203 250 204 259 204 219 204 250 205 219 205 249 205 249 206 219 206 215 206 249 207 215 207 247 207 247 208 215 208 217 208 247 209 217 209 245 209 202 210 255 210 200 210 200 211 255 211 254 211 200 212 254 212 256 212 256 213 254 213 252 213 256 214 252 214 209 214 209 215 252 215 230 215 209 216 230 216 207 216 207 217 230 217 232 217 207 218 232 218 236 218 222 219 221 219 223 219 223 220 221 220 260 220 223 221 260 221 244 221 244 222 260 222 261 222 244 223 261 223 241 223 241 224 261 224 262 224 241 225 262 225 242 225 242 226 263 226 243 226 243 227 263 227 229 227 220 228 219 228 221 228 221 229 219 229 259 229 221 230 259 230 260 230 260 231 259 231 258 231 260 232 258 232 261 232 261 233 258 233 257 233 261 234 257 234 262 234 262 235 257 235 240 235 262 236 240 236 242 236 242 237 240 237 239 237 242 238 239 238 263 238 263 239 239 239 238 239 263 240 238 240 206 240 206 241 238 241 237 241 206 242 237 242 204 242 264 243 229 243 265 243 266 244 267 244 268 244 229 245 264 245 269 245 270 246 271 246 272 246 273 247 274 247 275 247 276 248 277 248 278 248 279 249 280 249 269 249 269 250 280 250 229 250 281 251 282 251 283 251 283 252 282 252 284 252 283 253 284 253 285 253 285 254 284 254 286 254 285 255 286 255 287 255 288 256 289 256 290 256 290 257 289 257 291 257 292 258 293 258 278 258 294 259 271 259 295 259 295 260 271 260 270 260 295 261 270 261 292 261 292 262 270 262 275 262 292 263 278 263 295 263 295 264 278 264 277 264 295 265 277 265 294 265 296 266 297 266 298 266 296 267 298 267 299 267 299 268 298 268 300 268 299 269 300 269 301 269 302 270 291 270 303 270 303 271 291 271 289 271 303 272 289 272 304 272 304 273 289 273 288 273 304 274 288 274 305 274 306 275 307 275 308 275 309 276 302 276 310 276 310 277 302 277 303 277 310 278 303 278 311 278 311 279 303 279 304 279 311 280 304 280 297 280 297 281 304 281 305 281 297 282 305 282 298 282 298 283 305 283 306 283 298 284 306 284 300 284 300 285 306 285 308 285 300 286 308 286 301 286 290 287 287 287 288 287 288 288 287 288 286 288 288 289 286 289 305 289 305 290 286 290 284 290 305 291 284 291 306 291 306 292 284 292 282 292 306 293 282 293 307 293 312 294 279 294 313 294 313 295 279 295 269 295 313 296 269 296 314 296 314 297 269 297 264 297 315 298 316 298 317 298 317 299 316 299 318 299 317 300 319 300 315 300 315 301 319 301 320 301 315 302 320 302 321 302 321 303 320 303 322 303 321 304 322 304 273 304 273 305 322 305 323 305 273 306 323 306 274 306 275 307 270 307 273 307 273 308 270 308 272 308 273 309 272 309 321 309 321 310 272 310 324 310 321 311 324 311 315 311 315 312 324 312 325 312 315 313 325 313 316 313 316 314 325 314 264 314 316 315 264 315 318 315 318 316 264 316 265 316 318 317 265 317 317 317 317 318 265 318 266 318 317 319 266 319 319 319 319 320 266 320 268 320 319 321 268 321 320 321 281 322 312 322 282 322 282 323 312 323 313 323 282 324 313 324 307 324 307 325 313 325 314 325 307 326 314 326 308 326 308 327 314 327 264 327 308 328 264 328 301 328 301 329 264 329 325 329 301 330 325 330 299 330 299 331 325 331 324 331 299 332 324 332 296 332 296 333 324 333 272 333 296 334 272 334 297 334 297 335 272 335 271 335 297 336 271 336 311 336 311 337 271 337 294 337 311 338 294 338 310 338 310 339 294 339 277 339 310 340 277 340 309 340 309 341 277 341 276 341 326 342 327 342 328 342 329 343 330 343 331 343 327 344 326 344 332 344 333 345 334 345 335 345 336 346 337 346 338 346 339 347 340 347 341 347 342 348 343 348 332 348 332 349 343 349 327 349 344 350 345 350 346 350 346 351 345 351 347 351 346 352 347 352 348 352 348 353 347 353 349 353 348 354 349 354 350 354 351 355 352 355 353 355 353 356 352 356 354 356 355 357 356 357 341 357 357 358 334 358 358 358 358 359 334 359 333 359 358 360 333 360 355 360 355 361 333 361 338 361 355 362 341 362 358 362 358 363 341 363 340 363 358 364 340 364 357 364 359 365 360 365 361 365 359 366 361 366 362 366 362 367 361 367 363 367 362 368 363 368 364 368 365 369 354 369 366 369 366 370 354 370 352 370 366 371 352 371 367 371 367 372 352 372 351 372 367 373 351 373 368 373 369 374 370 374 371 374 372 375 365 375 373 375 373 376 365 376 366 376 373 377 366 377 374 377 374 378 366 378 367 378 374 379 367 379 360 379 360 380 367 380 368 380 360 381 368 381 361 381 361 382 368 382 369 382 361 383 369 383 363 383 363 384 369 384 371 384 363 385 371 385 364 385 353 386 350 386 351 386 351 387 350 387 349 387 351 388 349 388 368 388 368 389 349 389 347 389 368 390 347 390 369 390 369 391 347 391 345 391 369 392 345 392 370 392 375 393 342 393 376 393 376 394 342 394 332 394 376 395 332 395 377 395 377 396 332 396 326 396 378 397 379 397 380 397 380 398 379 398 381 398 380 399 382 399 378 399 378 400 382 400 383 400 378 401 383 401 384 401 384 402 383 402 385 402 384 403 385 403 336 403 336 404 385 404 386 404 336 405 386 405 337 405 338 406 333 406 336 406 336 407 333 407 335 407 336 408 335 408 384 408 384 409 335 409 387 409 384 410 387 410 378 410 378 411 387 411 388 411 378 412 388 412 379 412 379 413 388 413 326 413 379 414 326 414 381 414 381 415 326 415 328 415 381 416 328 416 380 416 380 417 328 417 329 417 380 418 329 418 382 418 382 419 329 419 331 419 382 420 331 420 383 420 344 421 375 421 345 421 345 422 375 422 376 422 345 423 376 423 370 423 370 424 376 424 377 424 370 425 377 425 371 425 371 426 377 426 326 426 371 427 326 427 364 427 364 428 326 428 388 428 364 429 388 429 362 429 362 430 388 430 387 430 362 431 387 431 359 431 359 432 387 432 335 432 359 433 335 433 360 433 360 434 335 434 334 434 360 435 334 435 374 435 374 436 334 436 357 436 374 437 357 437 373 437 373 438 357 438 340 438 373 439 340 439 372 439 372 440 340 440 339 440 389 441 390 441 391 441 391 442 390 442 392 442 393 443 394 443 395 443 396 444 397 444 398 444 399 445 400 445 401 445 402 446 403 446 392 446 404 447 405 447 406 447 405 448 404 448 407 448 407 449 404 449 408 449 407 450 408 450 409 450 410 451 411 451 409 451 412 452 413 452 411 452 414 453 415 453 413 453 415 454 414 454 416 454 416 455 414 455 399 455 416 456 399 456 417 456 417 457 399 457 401 457 417 458 401 458 327 458 418 459 419 459 420 459 421 460 397 460 422 460 422 461 397 461 396 461 422 462 396 462 423 462 423 463 396 463 424 463 423 464 425 464 422 464 422 465 425 465 426 465 422 466 426 466 421 466 421 467 426 467 427 467 421 468 427 468 397 468 397 469 427 469 428 469 397 470 428 470 398 470 429 471 430 471 431 471 413 472 412 472 414 472 414 473 412 473 432 473 414 474 432 474 399 474 399 475 432 475 429 475 399 476 429 476 400 476 400 477 429 477 431 477 400 478 431 478 401 478 401 479 431 479 327 479 433 480 434 480 435 480 435 481 434 481 436 481 435 482 436 482 437 482 437 483 436 483 438 483 419 484 418 484 439 484 439 485 418 485 440 485 439 486 440 486 441 486 441 487 440 487 442 487 441 488 442 488 443 488 433 489 402 489 434 489 434 490 402 490 392 490 434 491 392 491 436 491 436 492 392 492 390 492 436 493 390 493 438 493 438 494 390 494 389 494 438 495 389 495 444 495 428 496 445 496 398 496 398 497 445 497 446 497 398 498 446 498 444 498 444 499 446 499 447 499 444 500 447 500 438 500 438 501 447 501 408 501 438 502 408 502 437 502 437 503 408 503 404 503 437 504 404 504 435 504 435 505 404 505 406 505 435 506 406 506 433 506 391 507 443 507 389 507 389 508 443 508 442 508 389 509 442 509 444 509 444 510 442 510 440 510 444 511 440 511 398 511 398 512 440 512 418 512 398 513 418 513 396 513 396 514 418 514 420 514 396 515 420 515 424 515 411 516 410 516 412 516 412 517 410 517 448 517 412 518 448 518 432 518 432 519 448 519 449 519 432 520 449 520 429 520 429 521 449 521 450 521 429 522 450 522 430 522 430 523 451 523 431 523 431 524 451 524 327 524 409 525 408 525 410 525 410 526 408 526 447 526 410 527 447 527 448 527 448 528 447 528 446 528 448 529 446 529 449 529 449 530 446 530 445 530 449 531 445 531 450 531 450 532 445 532 428 532 450 533 428 533 430 533 430 534 428 534 427 534 430 535 427 535 451 535 451 536 427 536 426 536 451 537 426 537 395 537 395 538 426 538 425 538 395 539 425 539 393 539 385 540 383 540 452 540 231 541 251 541 453 541 454 542 455 542 456 542 457 543 458 543 459 543 460 544 461 544 462 544 463 545 356 545 355 545 464 546 465 546 466 546 467 1 464 1 468 1 469 1 467 1 470 1 471 1 469 1 472 1 473 1 471 1 474 1 475 1 473 1 476 1 477 1 478 1 479 1 480 1 477 1 481 1 482 1 480 1 483 1 484 1 482 1 485 1 486 1 484 1 487 1 488 1 489 1 490 1 491 1 488 1 492 1 486 547 493 547 494 547 494 548 493 548 495 548 494 549 495 549 489 549 475 550 496 550 497 550 497 551 496 551 498 551 497 552 498 552 478 552 499 553 500 553 501 553 502 554 503 554 504 554 505 555 506 555 507 555 507 556 506 556 508 556 461 557 509 557 510 557 460 558 462 558 458 558 457 559 459 559 455 559 454 560 456 560 511 560 512 561 465 561 513 561 513 562 465 562 464 562 513 563 464 563 514 563 514 564 464 564 467 564 514 565 467 565 515 565 515 566 467 566 469 566 515 567 469 567 516 567 516 568 469 568 471 568 516 569 471 569 517 569 517 570 471 570 473 570 517 571 473 571 518 571 518 572 473 572 475 572 518 573 475 573 519 573 519 574 475 574 497 574 519 575 497 575 520 575 520 576 497 576 478 576 520 577 478 577 521 577 521 578 478 578 477 578 521 579 477 579 522 579 522 580 477 580 480 580 522 581 480 581 523 581 523 582 480 582 482 582 523 583 482 583 524 583 524 584 482 584 484 584 524 585 484 585 525 585 525 586 484 586 486 586 525 587 486 587 526 587 526 588 486 588 494 588 526 589 494 589 527 589 527 590 494 590 489 590 527 591 489 591 528 591 528 592 489 592 488 592 528 593 488 593 456 593 456 594 488 594 491 594 456 595 491 595 511 595 511 596 491 596 529 596 455 597 459 597 456 597 456 598 459 598 530 598 456 599 530 599 528 599 528 600 530 600 531 600 528 601 531 601 527 601 527 602 531 602 532 602 527 603 532 603 526 603 526 604 532 604 533 604 526 605 533 605 525 605 525 606 533 606 534 606 525 607 534 607 524 607 524 608 534 608 535 608 524 609 535 609 523 609 523 610 535 610 536 610 523 611 536 611 522 611 522 612 536 612 537 612 522 613 537 613 521 613 521 614 537 614 538 614 521 615 538 615 520 615 520 616 538 616 539 616 520 617 539 617 519 617 519 618 539 618 540 618 519 619 540 619 518 619 518 620 540 620 541 620 518 621 541 621 517 621 517 622 541 622 542 622 517 623 542 623 516 623 516 624 542 624 543 624 516 625 543 625 515 625 515 626 543 626 544 626 515 627 544 627 514 627 514 628 544 628 499 628 514 629 499 629 513 629 513 630 499 630 501 630 513 631 501 631 512 631 458 632 462 632 459 632 459 633 462 633 545 633 459 634 545 634 530 634 530 635 545 635 546 635 530 636 546 636 531 636 531 637 546 637 547 637 531 638 547 638 532 638 532 639 547 639 548 639 532 640 548 640 533 640 533 641 548 641 549 641 533 642 549 642 534 642 534 643 549 643 550 643 534 644 550 644 535 644 535 645 550 645 551 645 535 646 551 646 536 646 536 647 551 647 552 647 536 648 552 648 537 648 537 649 552 649 553 649 537 650 553 650 538 650 538 651 553 651 554 651 538 652 554 652 539 652 539 653 554 653 555 653 539 654 555 654 540 654 540 655 555 655 556 655 540 656 556 656 541 656 541 657 556 657 557 657 541 658 557 658 542 658 542 659 557 659 558 659 542 660 558 660 543 660 543 661 558 661 559 661 543 662 559 662 544 662 544 663 559 663 502 663 544 664 502 664 499 664 499 665 502 665 504 665 499 666 504 666 500 666 461 667 510 667 462 667 462 668 510 668 560 668 462 669 560 669 545 669 545 670 560 670 561 670 545 671 561 671 546 671 546 672 561 672 562 672 546 673 562 673 547 673 547 674 562 674 563 674 547 675 563 675 548 675 548 676 563 676 564 676 548 677 564 677 549 677 549 678 564 678 565 678 549 679 565 679 550 679 550 680 565 680 566 680 550 681 566 681 551 681 551 682 566 682 567 682 551 683 567 683 552 683 552 684 567 684 568 684 552 685 568 685 553 685 553 686 568 686 569 686 553 687 569 687 554 687 554 688 569 688 570 688 554 689 570 689 555 689 555 690 570 690 571 690 555 691 571 691 556 691 556 692 571 692 572 692 556 693 572 693 557 693 557 694 572 694 573 694 557 695 573 695 558 695 558 696 573 696 574 696 558 697 574 697 559 697 559 698 574 698 507 698 559 699 507 699 502 699 502 700 507 700 508 700 502 701 508 701 503 701 510 702 575 702 576 702 510 703 576 703 560 703 560 704 576 704 577 704 560 705 577 705 561 705 561 706 577 706 578 706 561 707 578 707 562 707 562 708 578 708 579 708 562 709 579 709 563 709 563 710 579 710 580 710 563 711 580 711 564 711 564 712 580 712 581 712 564 713 581 713 565 713 565 714 581 714 582 714 565 715 582 715 566 715 566 716 582 716 583 716 566 717 583 717 567 717 567 718 583 718 584 718 567 719 584 719 568 719 568 720 584 720 585 720 568 721 585 721 569 721 569 722 585 722 586 722 569 723 586 723 570 723 570 724 586 724 587 724 570 725 587 725 571 725 571 726 587 726 588 726 571 727 588 727 572 727 572 728 588 728 589 728 572 729 589 729 573 729 573 730 589 730 590 730 573 731 590 731 574 731 574 732 590 732 591 732 574 733 591 733 507 733 575 734 592 734 593 734 214 735 505 735 203 735 203 736 505 736 507 736 203 737 507 737 202 737 202 738 507 738 591 738 202 739 591 739 255 739 255 740 591 740 253 740 575 741 593 741 576 741 576 742 593 742 594 742 576 743 594 743 577 743 577 744 594 744 595 744 577 745 595 745 578 745 578 746 595 746 596 746 578 747 596 747 579 747 579 748 596 748 597 748 579 749 597 749 580 749 580 750 597 750 598 750 580 751 598 751 581 751 581 752 598 752 599 752 581 753 599 753 582 753 582 754 599 754 600 754 582 755 600 755 583 755 583 756 600 756 601 756 583 757 601 757 584 757 584 758 601 758 602 758 584 759 602 759 585 759 585 760 602 760 603 760 585 761 603 761 586 761 586 762 603 762 604 762 586 763 604 763 587 763 587 764 604 764 605 764 587 765 605 765 588 765 588 766 605 766 606 766 588 767 606 767 589 767 589 768 606 768 607 768 589 769 607 769 590 769 590 770 607 770 453 770 590 771 453 771 591 771 591 772 453 772 251 772 591 773 251 773 253 773 592 774 608 774 609 774 592 775 609 775 593 775 593 776 609 776 610 776 593 777 610 777 594 777 594 778 610 778 611 778 594 779 611 779 595 779 595 780 611 780 612 780 595 781 612 781 596 781 596 782 612 782 613 782 596 783 613 783 597 783 597 784 613 784 614 784 597 785 614 785 598 785 598 786 614 786 615 786 598 787 615 787 599 787 599 788 615 788 616 788 599 789 616 789 600 789 600 790 616 790 617 790 600 791 617 791 601 791 601 792 617 792 618 792 601 793 618 793 602 793 602 794 618 794 619 794 602 795 619 795 603 795 603 796 619 796 620 796 603 797 620 797 604 797 604 798 620 798 621 798 604 799 621 799 605 799 605 800 621 800 622 800 605 801 622 801 606 801 606 802 622 802 623 802 606 803 623 803 607 803 607 804 623 804 624 804 607 805 624 805 453 805 453 806 624 806 232 806 453 807 232 807 231 807 509 808 463 808 510 808 510 809 463 809 355 809 510 810 355 810 575 810 575 811 355 811 338 811 575 812 338 812 592 812 592 813 338 813 337 813 592 814 337 814 608 814 608 815 337 815 386 815 608 816 386 816 385 816 385 817 452 817 608 817 608 818 452 818 625 818 608 819 625 819 609 819 609 820 625 820 626 820 609 821 626 821 610 821 610 822 626 822 627 822 610 823 627 823 611 823 611 824 627 824 628 824 611 825 628 825 612 825 612 826 628 826 629 826 612 827 629 827 613 827 613 828 629 828 630 828 613 829 630 829 614 829 614 830 630 830 631 830 614 831 631 831 615 831 615 832 631 832 632 832 615 833 632 833 616 833 616 834 632 834 633 834 616 835 633 835 617 835 617 836 633 836 634 836 617 837 634 837 618 837 618 838 634 838 635 838 618 839 635 839 619 839 619 840 635 840 636 840 619 841 636 841 620 841 620 842 636 842 637 842 620 843 637 843 621 843 621 844 637 844 638 844 621 845 638 845 622 845 622 846 638 846 639 846 622 847 639 847 623 847 623 848 639 848 640 848 623 849 640 849 624 849 204 850 237 850 640 850 640 851 237 851 235 851 640 852 235 852 624 852 624 853 235 853 236 853 624 854 236 854 232 854 331 855 330 855 641 855 331 856 641 856 642 856 641 857 643 857 642 857 642 858 643 858 644 858 642 859 644 859 645 859 645 860 644 860 646 860 645 861 646 861 647 861 647 862 646 862 648 862 647 863 648 863 649 863 648 864 650 864 649 864 649 865 650 865 651 865 649 866 651 866 652 866 651 867 653 867 652 867 652 868 653 868 654 868 652 869 654 869 655 869 655 870 654 870 656 870 655 871 656 871 657 871 656 872 658 872 657 872 657 873 658 873 659 873 657 874 659 874 660 874 659 875 661 875 660 875 660 876 661 876 662 876 660 877 662 877 663 877 663 878 662 878 664 878 663 879 664 879 665 879 664 880 666 880 665 880 665 881 666 881 667 881 665 882 667 882 668 882 667 883 669 883 668 883 668 884 669 884 670 884 668 885 670 885 671 885 670 886 672 886 671 886 671 887 672 887 673 887 671 888 673 888 674 888 674 889 673 889 675 889 674 890 675 890 676 890 675 891 677 891 676 891 676 892 677 892 678 892 676 893 678 893 679 893 678 894 680 894 679 894 679 895 680 895 681 895 679 896 681 896 682 896 682 897 681 897 683 897 682 898 683 898 684 898 684 899 683 899 685 899 684 900 685 900 686 900 383 901 331 901 452 901 452 902 331 902 642 902 452 903 642 903 625 903 625 904 642 904 645 904 625 905 645 905 626 905 626 906 645 906 647 906 626 907 647 907 627 907 627 908 647 908 649 908 627 909 649 909 628 909 628 910 649 910 652 910 628 911 652 911 629 911 629 912 652 912 655 912 629 913 655 913 630 913 630 914 655 914 657 914 630 915 657 915 631 915 631 916 657 916 660 916 631 917 660 917 632 917 632 918 660 918 663 918 632 919 663 919 633 919 633 920 663 920 665 920 633 921 665 921 634 921 634 922 665 922 668 922 634 923 668 923 635 923 635 924 668 924 671 924 635 925 671 925 636 925 636 926 671 926 674 926 636 927 674 927 637 927 637 928 674 928 676 928 637 929 676 929 638 929 638 930 676 930 679 930 638 931 679 931 639 931 639 932 679 932 682 932 639 933 682 933 640 933 640 934 682 934 684 934 640 935 684 935 204 935 204 936 684 936 686 936 204 937 686 937 205 937 687 938 688 938 689 938 690 939 691 939 692 939 688 940 687 940 693 940 694 941 695 941 696 941 697 942 698 942 699 942 700 943 701 943 702 943 703 944 704 944 693 944 693 945 704 945 688 945 705 946 706 946 707 946 707 947 706 947 708 947 707 948 708 948 709 948 709 949 708 949 710 949 709 950 710 950 711 950 712 951 713 951 714 951 714 952 713 952 715 952 716 953 717 953 702 953 718 954 695 954 719 954 719 955 695 955 694 955 719 956 694 956 716 956 716 957 694 957 699 957 716 958 702 958 719 958 719 959 702 959 701 959 719 960 701 960 718 960 720 961 721 961 722 961 720 962 722 962 723 962 723 963 722 963 724 963 723 964 724 964 725 964 726 965 715 965 727 965 727 966 715 966 713 966 727 967 713 967 728 967 728 968 713 968 712 968 728 969 712 969 729 969 730 970 731 970 732 970 733 971 726 971 734 971 734 972 726 972 727 972 734 973 727 973 735 973 735 974 727 974 728 974 735 975 728 975 721 975 721 976 728 976 729 976 721 977 729 977 722 977 722 978 729 978 730 978 722 979 730 979 724 979 724 980 730 980 732 980 724 981 732 981 725 981 714 982 711 982 712 982 712 983 711 983 710 983 712 984 710 984 729 984 729 985 710 985 708 985 729 986 708 986 730 986 730 987 708 987 706 987 730 988 706 988 731 988 736 989 703 989 737 989 737 990 703 990 693 990 737 991 693 991 738 991 738 992 693 992 687 992 739 993 740 993 741 993 741 994 740 994 742 994 741 995 743 995 739 995 739 996 743 996 744 996 739 997 744 997 745 997 745 998 744 998 746 998 745 999 746 999 697 999 697 1000 746 1000 747 1000 697 1001 747 1001 698 1001 699 1002 694 1002 697 1002 697 1003 694 1003 696 1003 697 1004 696 1004 745 1004 745 1005 696 1005 748 1005 745 1006 748 1006 739 1006 739 1007 748 1007 749 1007 739 1008 749 1008 740 1008 740 1009 749 1009 687 1009 740 1010 687 1010 742 1010 742 1011 687 1011 689 1011 742 1012 689 1012 741 1012 741 1013 689 1013 690 1013 741 1014 690 1014 743 1014 743 1015 690 1015 692 1015 743 1016 692 1016 744 1016 705 1017 736 1017 706 1017 706 1018 736 1018 737 1018 706 1019 737 1019 731 1019 731 1020 737 1020 738 1020 731 1021 738 1021 732 1021 732 1022 738 1022 687 1022 732 1023 687 1023 725 1023 725 1024 687 1024 749 1024 725 1025 749 1025 723 1025 723 1026 749 1026 748 1026 723 1027 748 1027 720 1027 720 1028 748 1028 696 1028 720 1029 696 1029 721 1029 721 1030 696 1030 695 1030 721 1031 695 1031 735 1031 735 1032 695 1032 718 1032 735 1033 718 1033 734 1033 734 1034 718 1034 701 1034 734 1035 701 1035 733 1035 733 1036 701 1036 700 1036 750 1037 751 1037 752 1037 752 1038 751 1038 753 1038 754 1039 755 1039 756 1039 757 1040 758 1040 759 1040 760 1041 761 1041 762 1041 763 1042 764 1042 753 1042 765 1043 766 1043 767 1043 766 1044 765 1044 768 1044 768 1045 765 1045 769 1045 768 1046 769 1046 770 1046 771 1047 772 1047 770 1047 773 1048 774 1048 772 1048 775 1049 776 1049 774 1049 776 1050 775 1050 777 1050 777 1051 775 1051 760 1051 777 1052 760 1052 778 1052 778 1053 760 1053 762 1053 778 1054 762 1054 688 1054 779 1055 780 1055 781 1055 782 1056 758 1056 783 1056 783 1057 758 1057 757 1057 783 1058 757 1058 784 1058 784 1059 757 1059 785 1059 784 1060 786 1060 783 1060 783 1061 786 1061 787 1061 783 1062 787 1062 782 1062 782 1063 787 1063 788 1063 782 1064 788 1064 758 1064 758 1065 788 1065 789 1065 758 1066 789 1066 759 1066 790 1067 791 1067 792 1067 774 1068 773 1068 775 1068 775 1069 773 1069 793 1069 775 1070 793 1070 760 1070 760 1071 793 1071 790 1071 760 1072 790 1072 761 1072 761 1073 790 1073 792 1073 761 1074 792 1074 762 1074 762 1075 792 1075 688 1075 794 1076 795 1076 796 1076 796 1077 795 1077 797 1077 796 1078 797 1078 798 1078 798 1079 797 1079 799 1079 780 1080 779 1080 800 1080 800 1081 779 1081 801 1081 800 1082 801 1082 802 1082 802 1083 801 1083 803 1083 802 1084 803 1084 804 1084 794 1085 763 1085 795 1085 795 1086 763 1086 753 1086 795 1087 753 1087 797 1087 797 1088 753 1088 751 1088 797 1089 751 1089 799 1089 799 1090 751 1090 750 1090 799 1091 750 1091 805 1091 789 1092 806 1092 759 1092 759 1093 806 1093 807 1093 759 1094 807 1094 805 1094 805 1095 807 1095 808 1095 805 1096 808 1096 799 1096 799 1097 808 1097 769 1097 799 1098 769 1098 798 1098 798 1099 769 1099 765 1099 798 1100 765 1100 796 1100 796 1101 765 1101 767 1101 796 1102 767 1102 794 1102 752 1103 804 1103 750 1103 750 1104 804 1104 803 1104 750 1105 803 1105 805 1105 805 1106 803 1106 801 1106 805 1107 801 1107 759 1107 759 1108 801 1108 779 1108 759 1109 779 1109 757 1109 757 1110 779 1110 781 1110 757 1111 781 1111 785 1111 772 1112 771 1112 773 1112 773 1113 771 1113 809 1113 773 1114 809 1114 793 1114 793 1115 809 1115 810 1115 793 1116 810 1116 790 1116 790 1117 810 1117 811 1117 790 1118 811 1118 791 1118 791 1119 812 1119 792 1119 792 1120 812 1120 688 1120 770 1121 769 1121 771 1121 771 1122 769 1122 808 1122 771 1123 808 1123 809 1123 809 1124 808 1124 807 1124 809 1125 807 1125 810 1125 810 1126 807 1126 806 1126 810 1127 806 1127 811 1127 811 1128 806 1128 789 1128 811 1129 789 1129 791 1129 791 1130 789 1130 788 1130 791 1131 788 1131 812 1131 812 1132 788 1132 787 1132 812 1133 787 1133 756 1133 756 1134 787 1134 786 1134 756 1135 786 1135 754 1135 813 1136 814 1136 815 1136 698 1137 747 1137 816 1137 817 1138 818 1138 819 1138 820 1139 821 1139 822 1139 821 1140 717 1140 716 1140 823 1141 824 1141 825 1141 826 1 827 1 828 1 829 1142 826 1142 830 1142 831 1143 829 1143 832 1143 833 1144 834 1144 835 1144 836 1145 837 1145 838 1145 823 1146 839 1146 824 1146 824 1147 839 1147 840 1147 824 1148 840 1148 841 1148 841 1149 840 1149 842 1149 841 1150 842 1150 843 1150 844 1151 845 1151 846 1151 846 1152 845 1152 847 1152 846 1153 847 1153 825 1153 825 1154 847 1154 848 1154 825 1155 848 1155 823 1155 820 1156 822 1156 849 1156 850 1157 851 1157 852 1157 853 1158 854 1158 855 1158 856 1159 857 1159 858 1159 858 1160 857 1160 859 1160 858 1161 859 1161 860 1161 861 1 862 1 863 1 863 1162 862 1162 819 1162 819 1163 818 1163 863 1163 863 1164 818 1164 831 1164 863 1165 831 1165 864 1165 829 1166 831 1166 865 1166 865 1167 831 1167 818 1167 865 1168 818 1168 866 1168 866 1169 818 1169 817 1169 866 1170 817 1170 867 1170 826 1171 829 1171 868 1171 868 1172 829 1172 865 1172 868 1173 865 1173 869 1173 869 1174 865 1174 866 1174 869 1175 866 1175 870 1175 870 1176 866 1176 867 1176 870 1177 867 1177 871 1177 827 1178 826 1178 872 1178 872 1179 826 1179 868 1179 872 1180 868 1180 873 1180 873 1181 868 1181 869 1181 873 1182 869 1182 874 1182 874 1183 869 1183 870 1183 874 1184 870 1184 875 1184 875 1185 870 1185 871 1185 875 1186 871 1186 876 1186 833 1187 835 1187 862 1187 862 1188 835 1188 877 1188 862 1189 877 1189 819 1189 819 1190 877 1190 878 1190 819 1191 878 1191 817 1191 817 1192 878 1192 879 1192 817 1193 879 1193 867 1193 867 1194 879 1194 880 1194 867 1195 880 1195 871 1195 871 1196 880 1196 881 1196 871 1197 881 1197 876 1197 876 1198 882 1198 875 1198 875 1199 882 1199 846 1199 875 1200 846 1200 874 1200 874 1201 846 1201 825 1201 874 1202 825 1202 873 1202 873 1203 825 1203 824 1203 873 1204 824 1204 872 1204 872 1205 824 1205 841 1205 872 1206 841 1206 827 1206 827 1207 841 1207 843 1207 827 1208 843 1208 883 1208 884 1209 885 1209 886 1209 886 1210 885 1210 887 1210 886 1211 887 1211 888 1211 888 1212 887 1212 889 1212 888 1213 889 1213 890 1213 890 1214 889 1214 891 1214 890 1215 891 1215 892 1215 892 1216 891 1216 893 1216 892 1217 893 1217 894 1217 894 1218 893 1218 895 1218 894 1219 895 1219 857 1219 857 1220 895 1220 896 1220 857 1221 896 1221 859 1221 859 1 896 1 897 1 403 1222 844 1222 392 1222 392 1223 844 1223 846 1223 392 1224 846 1224 391 1224 391 1225 846 1225 882 1225 391 1226 882 1226 443 1226 443 1227 882 1227 441 1227 881 1228 815 1228 876 1228 876 1229 815 1229 814 1229 876 1230 814 1230 882 1230 882 1231 814 1231 439 1231 882 1232 439 1232 441 1232 898 1233 884 1233 899 1233 899 1234 884 1234 886 1234 899 1235 886 1235 900 1235 900 1236 886 1236 888 1236 900 1237 888 1237 901 1237 901 1238 888 1238 890 1238 901 1239 890 1239 902 1239 902 1240 890 1240 892 1240 902 1241 892 1241 903 1241 903 1242 892 1242 894 1242 903 1243 894 1243 855 1243 855 1244 894 1244 857 1244 855 1245 857 1245 853 1245 853 1246 857 1246 856 1246 904 1247 905 1247 906 1247 834 1248 907 1248 835 1248 835 1249 907 1249 908 1249 835 1250 908 1250 877 1250 877 1251 908 1251 909 1251 877 1252 909 1252 878 1252 878 1253 909 1253 910 1253 878 1254 910 1254 879 1254 879 1255 910 1255 911 1255 879 1256 911 1256 880 1256 880 1257 911 1257 912 1257 880 1258 912 1258 881 1258 881 1259 912 1259 913 1259 881 1260 913 1260 815 1260 815 1261 913 1261 914 1261 815 1262 914 1262 813 1262 813 1263 914 1263 915 1263 813 1264 915 1264 423 1264 423 1265 424 1265 813 1265 813 1266 424 1266 420 1266 813 1267 420 1267 814 1267 814 1268 420 1268 419 1268 814 1269 419 1269 439 1269 746 1270 744 1270 916 1270 916 1271 744 1271 692 1271 916 1272 692 1272 917 1272 747 1273 746 1273 816 1273 816 1274 746 1274 916 1274 816 1275 916 1275 918 1275 918 1276 916 1276 917 1276 918 1277 917 1277 919 1277 716 1278 699 1278 920 1278 920 1279 699 1279 921 1279 920 1280 921 1280 922 1280 922 1281 921 1281 923 1281 922 1282 923 1282 924 1282 924 1283 923 1283 925 1283 924 1284 925 1284 926 1284 926 1285 925 1285 927 1285 926 1286 927 1286 928 1286 821 1287 716 1287 822 1287 822 1288 716 1288 920 1288 822 1289 920 1289 929 1289 929 1290 920 1290 922 1290 929 1291 922 1291 930 1291 930 1292 922 1292 924 1292 930 1293 924 1293 931 1293 931 1294 924 1294 926 1294 931 1295 926 1295 932 1295 932 1296 926 1296 928 1296 932 1297 928 1297 933 1297 854 1298 850 1298 855 1298 855 1299 850 1299 852 1299 855 1300 852 1300 903 1300 903 1301 852 1301 934 1301 903 1302 934 1302 902 1302 902 1303 934 1303 935 1303 902 1304 935 1304 901 1304 901 1305 935 1305 936 1305 901 1306 936 1306 900 1306 900 1307 936 1307 937 1307 900 1308 937 1308 899 1308 899 1309 937 1309 938 1309 899 1310 938 1310 898 1310 898 1311 938 1311 939 1311 940 1312 906 1312 941 1312 941 1313 906 1313 905 1313 941 1314 905 1314 942 1314 838 1315 943 1315 836 1315 836 1316 943 1316 944 1316 836 1317 944 1317 945 1317 945 1318 944 1318 946 1318 945 1319 946 1319 947 1319 947 1320 946 1320 948 1320 947 1321 948 1321 949 1321 949 1322 948 1322 950 1322 949 1323 950 1323 951 1323 951 1324 950 1324 952 1324 951 1325 952 1325 953 1325 953 1326 952 1326 954 1326 953 1327 954 1327 955 1327 955 1328 954 1328 956 1328 955 1329 956 1329 957 1329 957 1330 956 1330 958 1330 957 1331 958 1331 959 1331 959 1332 958 1332 960 1332 959 1333 960 1333 961 1333 837 1334 836 1334 962 1334 962 1335 836 1335 945 1335 962 1336 945 1336 963 1336 963 1337 945 1337 947 1337 963 1338 947 1338 964 1338 964 1339 947 1339 949 1339 964 1340 949 1340 965 1340 965 1341 949 1341 951 1341 965 1342 951 1342 966 1342 966 1343 951 1343 953 1343 966 1344 953 1344 967 1344 967 1345 953 1345 955 1345 967 1346 955 1346 968 1346 968 1347 955 1347 957 1347 968 1348 957 1348 969 1348 969 1349 957 1349 959 1349 969 1350 959 1350 970 1350 970 1351 959 1351 961 1351 970 1352 961 1352 971 1352 972 1 973 1 974 1 974 1353 973 1353 975 1353 974 1354 975 1354 976 1354 976 1355 975 1355 977 1355 976 1356 977 1356 978 1356 978 1357 977 1357 979 1357 978 1358 979 1358 980 1358 980 1359 979 1359 981 1359 980 1360 981 1360 982 1360 982 1361 981 1361 983 1361 982 1362 983 1362 984 1362 984 1363 983 1363 985 1363 984 1364 985 1364 986 1364 986 1365 985 1365 987 1365 986 1366 987 1366 988 1366 988 1367 987 1367 989 1367 988 1368 989 1368 990 1368 990 1369 989 1369 991 1369 990 1370 991 1370 992 1370 993 1 974 1 994 1 994 1371 974 1371 976 1371 994 1372 976 1372 995 1372 995 1373 976 1373 978 1373 995 1374 978 1374 996 1374 996 1375 978 1375 980 1375 996 1376 980 1376 997 1376 997 1377 980 1377 982 1377 997 1378 982 1378 998 1378 998 1379 982 1379 984 1379 998 1380 984 1380 999 1380 999 1381 984 1381 986 1381 999 1382 986 1382 1000 1382 1000 1383 986 1383 988 1383 1000 1384 988 1384 1001 1384 1001 1385 988 1385 990 1385 1001 1386 990 1386 1002 1386 1002 1387 990 1387 992 1387 1002 1388 992 1388 1003 1388 1004 1 994 1 1005 1 1005 1389 994 1389 995 1389 1005 1390 995 1390 1006 1390 1006 1391 995 1391 996 1391 1006 1392 996 1392 1007 1392 1007 1393 996 1393 997 1393 1007 1394 997 1394 1008 1394 1008 1395 997 1395 998 1395 1008 1396 998 1396 1009 1396 1009 1397 998 1397 999 1397 1009 1398 999 1398 1010 1398 1010 1399 999 1399 1000 1399 1010 1400 1000 1400 1011 1400 1011 1401 1000 1401 1001 1401 1011 1402 1001 1402 1012 1402 1012 1403 1001 1403 1002 1403 1012 1404 1002 1404 1013 1404 1013 1405 1002 1405 1003 1405 1013 1406 1003 1406 1014 1406 692 1407 691 1407 1015 1407 692 1408 1015 1408 917 1408 917 1409 1015 1409 1016 1409 917 1410 1016 1410 919 1410 919 1411 1016 1411 1017 1411 919 1412 1017 1412 1018 1412 699 1413 698 1413 921 1413 921 1414 698 1414 816 1414 921 1415 816 1415 923 1415 923 1416 816 1416 918 1416 923 1417 918 1417 925 1417 925 1418 918 1418 919 1418 925 1419 919 1419 927 1419 927 1420 919 1420 1018 1420 1018 1421 1019 1421 927 1421 927 1422 1019 1422 1020 1422 927 1423 1020 1423 928 1423 928 1424 1020 1424 1021 1424 928 1425 1021 1425 933 1425 933 1426 1021 1426 1022 1426 933 1427 1022 1427 1023 1427 851 1428 849 1428 852 1428 852 1429 849 1429 822 1429 852 1430 822 1430 934 1430 934 1431 822 1431 929 1431 934 1432 929 1432 935 1432 935 1433 929 1433 930 1433 935 1434 930 1434 936 1434 936 1435 930 1435 931 1435 936 1436 931 1436 937 1436 937 1437 931 1437 932 1437 937 1438 932 1438 938 1438 938 1439 932 1439 933 1439 938 1440 933 1440 939 1440 939 1441 933 1441 1023 1441 939 1442 1023 1442 1024 1442 1024 1443 1025 1443 939 1443 939 1444 1025 1444 942 1444 939 1445 942 1445 898 1445 898 1446 942 1446 905 1446 898 1447 905 1447 884 1447 884 1448 905 1448 904 1448 884 1449 904 1449 885 1449 1025 1450 1026 1450 942 1450 942 1451 1026 1451 1027 1451 942 1452 1027 1452 941 1452 941 1453 1027 1453 1028 1453 941 1454 1028 1454 940 1454 940 1455 1028 1455 1029 1455 940 1456 1029 1456 1030 1456 1031 1 896 1 943 1 943 1457 896 1457 895 1457 943 1458 895 1458 944 1458 944 1459 895 1459 893 1459 944 1460 893 1460 946 1460 946 1461 893 1461 891 1461 946 1462 891 1462 948 1462 948 1463 891 1463 889 1463 948 1464 889 1464 950 1464 950 1465 889 1465 887 1465 950 1466 887 1466 952 1466 952 1467 887 1467 885 1467 952 1468 885 1468 954 1468 954 1469 885 1469 904 1469 954 1470 904 1470 956 1470 956 1471 904 1471 906 1471 956 1472 906 1472 958 1472 958 1473 906 1473 940 1473 958 1474 940 1474 960 1474 960 1475 940 1475 1030 1475 1030 1476 1032 1476 960 1476 960 1477 1032 1477 1033 1477 960 1478 1033 1478 961 1478 961 1479 1033 1479 1034 1479 961 1480 1034 1480 971 1480 971 1481 1034 1481 1035 1481 971 1482 1035 1482 1036 1482 1037 1 962 1 973 1 973 1483 962 1483 963 1483 973 1484 963 1484 975 1484 975 1485 963 1485 964 1485 975 1486 964 1486 977 1486 977 1487 964 1487 965 1487 977 1488 965 1488 979 1488 979 1489 965 1489 966 1489 979 1490 966 1490 981 1490 981 1491 966 1491 967 1491 981 1492 967 1492 983 1492 983 1493 967 1493 968 1493 983 1494 968 1494 985 1494 985 1495 968 1495 969 1495 985 1496 969 1496 987 1496 987 1497 969 1497 970 1497 987 1498 970 1498 989 1498 989 1499 970 1499 971 1499 989 1500 971 1500 991 1500 991 1501 971 1501 1036 1501 1036 1502 1038 1502 991 1502 991 1503 1038 1503 1039 1503 991 1504 1039 1504 992 1504 992 1505 1039 1505 1040 1505 992 1506 1040 1506 1003 1506 1003 1507 1040 1507 1041 1507 1003 1508 1041 1508 1014 1508 1014 1509 1041 1509 1042 1509 1014 1510 1042 1510 1043 1510 1044 1 1005 1 907 1 907 1511 1005 1511 1006 1511 907 1512 1006 1512 908 1512 908 1513 1006 1513 1007 1513 908 1514 1007 1514 909 1514 909 1515 1007 1515 1008 1515 909 1516 1008 1516 910 1516 910 1517 1008 1517 1009 1517 910 1518 1009 1518 911 1518 911 1519 1009 1519 1010 1519 911 1520 1010 1520 912 1520 912 1521 1010 1521 1011 1521 912 1522 1011 1522 913 1522 913 1523 1011 1523 1012 1523 913 1524 1012 1524 914 1524 914 1525 1012 1525 1013 1525 914 1526 1013 1526 915 1526 915 1527 1013 1527 1014 1527 915 1528 1014 1528 1045 1528 1045 1529 1014 1529 1043 1529 1045 1530 1043 1530 1046 1530 1047 1531 394 1531 393 1531 1046 1532 1047 1532 1045 1532 1045 1533 1047 1533 393 1533 1045 1534 393 1534 915 1534 915 1535 393 1535 425 1535 915 1536 425 1536 423 1536 1048 1537 1049 1537 1050 1537 1051 1538 1052 1538 1053 1538 1049 1539 1048 1539 1054 1539 1055 1540 1056 1540 1057 1540 1058 1541 1059 1541 1060 1541 1061 1542 1062 1542 1063 1542 1064 1543 1065 1543 1054 1543 1054 1544 1065 1544 1049 1544 1066 1545 1067 1545 1068 1545 1068 1546 1067 1546 1069 1546 1068 1547 1069 1547 1070 1547 1070 1548 1069 1548 1071 1548 1070 1549 1071 1549 1072 1549 1073 1550 1074 1550 1075 1550 1075 1551 1074 1551 1076 1551 1077 1552 1078 1552 1063 1552 1079 1553 1056 1553 1080 1553 1080 1554 1056 1554 1055 1554 1080 1555 1055 1555 1077 1555 1077 1556 1055 1556 1060 1556 1077 1557 1063 1557 1080 1557 1080 1558 1063 1558 1062 1558 1080 1559 1062 1559 1079 1559 1081 1560 1082 1560 1083 1560 1081 1561 1083 1561 1084 1561 1084 1562 1083 1562 1085 1562 1084 1563 1085 1563 1086 1563 1087 1564 1076 1564 1088 1564 1088 1565 1076 1565 1074 1565 1088 1566 1074 1566 1089 1566 1089 1567 1074 1567 1073 1567 1089 1568 1073 1568 1090 1568 1091 1569 1092 1569 1093 1569 1094 1570 1087 1570 1095 1570 1095 1571 1087 1571 1088 1571 1095 1572 1088 1572 1096 1572 1096 1573 1088 1573 1089 1573 1096 1574 1089 1574 1082 1574 1082 1575 1089 1575 1090 1575 1082 1576 1090 1576 1083 1576 1083 1577 1090 1577 1091 1577 1083 1578 1091 1578 1085 1578 1085 1579 1091 1579 1093 1579 1085 1580 1093 1580 1086 1580 1075 1581 1072 1581 1073 1581 1073 1582 1072 1582 1071 1582 1073 1583 1071 1583 1090 1583 1090 1584 1071 1584 1069 1584 1090 1585 1069 1585 1091 1585 1091 1586 1069 1586 1067 1586 1091 1587 1067 1587 1092 1587 1097 1588 1064 1588 1098 1588 1098 1589 1064 1589 1054 1589 1098 1590 1054 1590 1099 1590 1099 1591 1054 1591 1048 1591 1100 1592 1101 1592 1102 1592 1102 1593 1101 1593 1103 1593 1102 1594 1104 1594 1100 1594 1100 1595 1104 1595 1105 1595 1100 1596 1105 1596 1106 1596 1106 1597 1105 1597 1107 1597 1106 1598 1107 1598 1058 1598 1058 1599 1107 1599 1108 1599 1058 1600 1108 1600 1059 1600 1060 1601 1055 1601 1058 1601 1058 1602 1055 1602 1057 1602 1058 1603 1057 1603 1106 1603 1106 1604 1057 1604 1109 1604 1106 1605 1109 1605 1100 1605 1100 1606 1109 1606 1110 1606 1100 1607 1110 1607 1101 1607 1101 1608 1110 1608 1048 1608 1101 1609 1048 1609 1103 1609 1103 1610 1048 1610 1050 1610 1103 1611 1050 1611 1102 1611 1102 1612 1050 1612 1051 1612 1102 1613 1051 1613 1104 1613 1104 1614 1051 1614 1053 1614 1104 1615 1053 1615 1105 1615 1066 1616 1097 1616 1067 1616 1067 1617 1097 1617 1098 1617 1067 1618 1098 1618 1092 1618 1092 1619 1098 1619 1099 1619 1092 1620 1099 1620 1093 1620 1093 1621 1099 1621 1048 1621 1093 1622 1048 1622 1086 1622 1086 1623 1048 1623 1110 1623 1086 1624 1110 1624 1084 1624 1084 1625 1110 1625 1109 1625 1084 1626 1109 1626 1081 1626 1081 1627 1109 1627 1057 1627 1081 1628 1057 1628 1082 1628 1082 1629 1057 1629 1056 1629 1082 1630 1056 1630 1096 1630 1096 1631 1056 1631 1079 1631 1096 1632 1079 1632 1095 1632 1095 1633 1079 1633 1062 1633 1095 1634 1062 1634 1094 1634 1094 1635 1062 1635 1061 1635 1111 1636 1112 1636 1113 1636 1113 1637 1112 1637 1114 1637 1115 1638 1116 1638 1117 1638 1118 1639 1119 1639 1120 1639 1121 1640 1122 1640 1123 1640 1124 1641 1125 1641 1114 1641 1126 1642 1127 1642 1128 1642 1127 1643 1126 1643 1129 1643 1129 1644 1126 1644 1130 1644 1129 1645 1130 1645 1131 1645 1132 1646 1133 1646 1131 1646 1134 1647 1135 1647 1133 1647 1136 1648 1137 1648 1135 1648 1137 1649 1136 1649 1138 1649 1138 1650 1136 1650 1121 1650 1138 1651 1121 1651 1139 1651 1139 1652 1121 1652 1123 1652 1139 1653 1123 1653 1049 1653 1140 1654 1141 1654 1142 1654 1143 1655 1119 1655 1144 1655 1144 1656 1119 1656 1118 1656 1144 1657 1118 1657 1145 1657 1145 1658 1118 1658 1146 1658 1145 1659 1147 1659 1144 1659 1144 1660 1147 1660 1148 1660 1144 1661 1148 1661 1143 1661 1143 1662 1148 1662 1149 1662 1143 1663 1149 1663 1119 1663 1119 1664 1149 1664 1150 1664 1119 1665 1150 1665 1120 1665 1151 1666 1152 1666 1153 1666 1135 1667 1134 1667 1136 1667 1136 1668 1134 1668 1154 1668 1136 1669 1154 1669 1121 1669 1121 1670 1154 1670 1151 1670 1121 1671 1151 1671 1122 1671 1122 1672 1151 1672 1153 1672 1122 1673 1153 1673 1123 1673 1123 1674 1153 1674 1049 1674 1155 1675 1156 1675 1157 1675 1157 1676 1156 1676 1158 1676 1157 1677 1158 1677 1159 1677 1159 1678 1158 1678 1160 1678 1141 1679 1140 1679 1161 1679 1161 1680 1140 1680 1162 1680 1161 1681 1162 1681 1163 1681 1163 1682 1162 1682 1164 1682 1163 1683 1164 1683 1165 1683 1155 1684 1124 1684 1156 1684 1156 1685 1124 1685 1114 1685 1156 1686 1114 1686 1158 1686 1158 1687 1114 1687 1112 1687 1158 1688 1112 1688 1160 1688 1160 1689 1112 1689 1111 1689 1160 1690 1111 1690 1166 1690 1150 1691 1167 1691 1120 1691 1120 1692 1167 1692 1168 1692 1120 1693 1168 1693 1166 1693 1166 1694 1168 1694 1169 1694 1166 1695 1169 1695 1160 1695 1160 1696 1169 1696 1130 1696 1160 1697 1130 1697 1159 1697 1159 1698 1130 1698 1126 1698 1159 1699 1126 1699 1157 1699 1157 1700 1126 1700 1128 1700 1157 1701 1128 1701 1155 1701 1113 1702 1165 1702 1111 1702 1111 1703 1165 1703 1164 1703 1111 1704 1164 1704 1166 1704 1166 1705 1164 1705 1162 1705 1166 1706 1162 1706 1120 1706 1120 1707 1162 1707 1140 1707 1120 1708 1140 1708 1118 1708 1118 1709 1140 1709 1142 1709 1118 1710 1142 1710 1146 1710 1133 1711 1132 1711 1134 1711 1134 1712 1132 1712 1170 1712 1134 1713 1170 1713 1154 1713 1154 1714 1170 1714 1171 1714 1154 1715 1171 1715 1151 1715 1151 1716 1171 1716 1172 1716 1151 1717 1172 1717 1152 1717 1152 1718 1173 1718 1153 1718 1153 1719 1173 1719 1049 1719 1131 1720 1130 1720 1132 1720 1132 1721 1130 1721 1169 1721 1132 1722 1169 1722 1170 1722 1170 1723 1169 1723 1168 1723 1170 1724 1168 1724 1171 1724 1171 1725 1168 1725 1167 1725 1171 1726 1167 1726 1172 1726 1172 1727 1167 1727 1150 1727 1172 1728 1150 1728 1152 1728 1152 1729 1150 1729 1149 1729 1152 1730 1149 1730 1173 1730 1173 1731 1149 1731 1148 1731 1173 1732 1148 1732 1117 1732 1117 1733 1148 1733 1147 1733 1117 1734 1147 1734 1115 1734 1174 1735 1175 1735 1176 1735 274 1736 323 1736 1177 1736 1178 1737 1179 1737 1180 1737 1181 1738 1182 1738 1183 1738 1182 1739 293 1739 292 1739 1184 1740 1185 1740 1186 1740 1187 1 1188 1 1189 1 1190 1741 1187 1741 1191 1741 1192 1742 1190 1742 1193 1742 1194 1743 1195 1743 1196 1743 1197 1744 1198 1744 1199 1744 1184 1745 1200 1745 1185 1745 1185 1746 1200 1746 1201 1746 1185 1747 1201 1747 1202 1747 1202 1748 1201 1748 1203 1748 1202 1749 1203 1749 1204 1749 1205 1750 1206 1750 1207 1750 1207 1751 1206 1751 1208 1751 1207 1752 1208 1752 1186 1752 1186 1753 1208 1753 1209 1753 1186 1754 1209 1754 1184 1754 1181 1755 1183 1755 1210 1755 1211 1756 1212 1756 1213 1756 1214 1757 1215 1757 1216 1757 1217 1758 1218 1758 1219 1758 1219 1759 1218 1759 1220 1759 1219 1760 1220 1760 1221 1760 1222 1 1223 1 1224 1 1224 1761 1223 1761 1180 1761 1180 1762 1179 1762 1224 1762 1224 1763 1179 1763 1192 1763 1224 1764 1192 1764 1225 1764 1190 1765 1192 1765 1226 1765 1226 1766 1192 1766 1179 1766 1226 1767 1179 1767 1227 1767 1227 1768 1179 1768 1178 1768 1227 1769 1178 1769 1228 1769 1187 1770 1190 1770 1229 1770 1229 1771 1190 1771 1226 1771 1229 1772 1226 1772 1230 1772 1230 1773 1226 1773 1227 1773 1230 1774 1227 1774 1231 1774 1231 1775 1227 1775 1228 1775 1231 1776 1228 1776 1232 1776 1188 1777 1187 1777 1233 1777 1233 1778 1187 1778 1229 1778 1233 1779 1229 1779 1234 1779 1234 1780 1229 1780 1230 1780 1234 1781 1230 1781 1235 1781 1235 1782 1230 1782 1231 1782 1235 1783 1231 1783 1236 1783 1236 1784 1231 1784 1232 1784 1236 1785 1232 1785 1237 1785 1194 1786 1196 1786 1223 1786 1223 1787 1196 1787 1238 1787 1223 1788 1238 1788 1180 1788 1180 1789 1238 1789 1239 1789 1180 1790 1239 1790 1178 1790 1178 1791 1239 1791 1240 1791 1178 1792 1240 1792 1228 1792 1228 1793 1240 1793 1241 1793 1228 1794 1241 1794 1232 1794 1232 1795 1241 1795 1242 1795 1232 1796 1242 1796 1237 1796 1237 1797 1243 1797 1236 1797 1236 1798 1243 1798 1207 1798 1236 1799 1207 1799 1235 1799 1235 1800 1207 1800 1186 1800 1235 1801 1186 1801 1234 1801 1234 1802 1186 1802 1185 1802 1234 1803 1185 1803 1233 1803 1233 1804 1185 1804 1202 1804 1233 1805 1202 1805 1188 1805 1188 1806 1202 1806 1204 1806 1188 1807 1204 1807 1244 1807 1245 1808 1246 1808 1247 1808 1247 1809 1246 1809 1248 1809 1247 1810 1248 1810 1249 1810 1249 1811 1248 1811 1250 1811 1249 1812 1250 1812 1251 1812 1251 1813 1250 1813 1252 1813 1251 1814 1252 1814 1253 1814 1253 1815 1252 1815 1254 1815 1253 1816 1254 1816 1255 1816 1255 1817 1254 1817 1256 1817 1255 1818 1256 1818 1218 1818 1218 1819 1256 1819 1257 1819 1218 1820 1257 1820 1220 1820 1220 1 1257 1 1258 1 1125 1821 1205 1821 1114 1821 1114 1822 1205 1822 1207 1822 1114 1823 1207 1823 1113 1823 1113 1824 1207 1824 1243 1824 1113 1825 1243 1825 1165 1825 1165 1826 1243 1826 1163 1826 1242 1827 1176 1827 1237 1827 1237 1828 1176 1828 1175 1828 1237 1829 1175 1829 1243 1829 1243 1830 1175 1830 1161 1830 1243 1831 1161 1831 1163 1831 1259 1832 1245 1832 1260 1832 1260 1833 1245 1833 1247 1833 1260 1834 1247 1834 1261 1834 1261 1835 1247 1835 1249 1835 1261 1836 1249 1836 1262 1836 1262 1837 1249 1837 1251 1837 1262 1838 1251 1838 1263 1838 1263 1839 1251 1839 1253 1839 1263 1840 1253 1840 1264 1840 1264 1841 1253 1841 1255 1841 1264 1842 1255 1842 1216 1842 1216 1843 1255 1843 1218 1843 1216 1844 1218 1844 1214 1844 1214 1845 1218 1845 1217 1845 1265 1846 1266 1846 1267 1846 1195 1847 1268 1847 1196 1847 1196 1848 1268 1848 1269 1848 1196 1849 1269 1849 1238 1849 1238 1850 1269 1850 1270 1850 1238 1851 1270 1851 1239 1851 1239 1852 1270 1852 1271 1852 1239 1853 1271 1853 1240 1853 1240 1854 1271 1854 1272 1854 1240 1855 1272 1855 1241 1855 1241 1856 1272 1856 1273 1856 1241 1857 1273 1857 1242 1857 1242 1858 1273 1858 1274 1858 1242 1859 1274 1859 1176 1859 1176 1860 1274 1860 1275 1860 1176 1861 1275 1861 1174 1861 1174 1862 1275 1862 1276 1862 1174 1863 1276 1863 1145 1863 1145 1864 1146 1864 1174 1864 1174 1865 1146 1865 1142 1865 1174 1866 1142 1866 1175 1866 1175 1867 1142 1867 1141 1867 1175 1868 1141 1868 1161 1868 322 1869 320 1869 1277 1869 1277 1870 320 1870 268 1870 1277 1871 268 1871 1278 1871 323 1872 322 1872 1177 1872 1177 1873 322 1873 1277 1873 1177 1874 1277 1874 1279 1874 1279 1875 1277 1875 1278 1875 1279 1876 1278 1876 1280 1876 292 1877 275 1877 1281 1877 1281 1878 275 1878 1282 1878 1281 1879 1282 1879 1283 1879 1283 1880 1282 1880 1284 1880 1283 1881 1284 1881 1285 1881 1285 1882 1284 1882 1286 1882 1285 1883 1286 1883 1287 1883 1287 1884 1286 1884 1288 1884 1287 1885 1288 1885 1289 1885 1182 1886 292 1886 1183 1886 1183 1887 292 1887 1281 1887 1183 1888 1281 1888 1290 1888 1290 1889 1281 1889 1283 1889 1290 1890 1283 1890 1291 1890 1291 1891 1283 1891 1285 1891 1291 1892 1285 1892 1292 1892 1292 1893 1285 1893 1287 1893 1292 1894 1287 1894 1293 1894 1293 1895 1287 1895 1289 1895 1293 1896 1289 1896 1294 1896 1215 1897 1211 1897 1216 1897 1216 1898 1211 1898 1213 1898 1216 1899 1213 1899 1264 1899 1264 1900 1213 1900 1295 1900 1264 1901 1295 1901 1263 1901 1263 1902 1295 1902 1296 1902 1263 1903 1296 1903 1262 1903 1262 1904 1296 1904 1297 1904 1262 1905 1297 1905 1261 1905 1261 1906 1297 1906 1298 1906 1261 1907 1298 1907 1260 1907 1260 1908 1298 1908 1299 1908 1260 1909 1299 1909 1259 1909 1259 1910 1299 1910 1300 1910 1301 1911 1267 1911 1302 1911 1302 1912 1267 1912 1266 1912 1302 1913 1266 1913 1303 1913 1199 1914 1304 1914 1197 1914 1197 1915 1304 1915 1305 1915 1197 1916 1305 1916 1306 1916 1306 1917 1305 1917 1307 1917 1306 1918 1307 1918 1308 1918 1308 1919 1307 1919 1309 1919 1308 1920 1309 1920 1310 1920 1310 1921 1309 1921 1311 1921 1310 1922 1311 1922 1312 1922 1312 1923 1311 1923 1313 1923 1312 1924 1313 1924 1314 1924 1314 1925 1313 1925 1315 1925 1314 1926 1315 1926 1316 1926 1316 1927 1315 1927 1317 1927 1316 1928 1317 1928 1318 1928 1318 1929 1317 1929 1319 1929 1318 1930 1319 1930 1320 1930 1320 1931 1319 1931 1321 1931 1320 1932 1321 1932 1322 1932 1198 1933 1197 1933 1323 1933 1323 1934 1197 1934 1306 1934 1323 1935 1306 1935 1324 1935 1324 1936 1306 1936 1308 1936 1324 1937 1308 1937 1325 1937 1325 1938 1308 1938 1310 1938 1325 1939 1310 1939 1326 1939 1326 1940 1310 1940 1312 1940 1326 1941 1312 1941 1327 1941 1327 1942 1312 1942 1314 1942 1327 1943 1314 1943 1328 1943 1328 1944 1314 1944 1316 1944 1328 1945 1316 1945 1329 1945 1329 1946 1316 1946 1318 1946 1329 1947 1318 1947 1330 1947 1330 1948 1318 1948 1320 1948 1330 1949 1320 1949 1331 1949 1331 1950 1320 1950 1322 1950 1331 1951 1322 1951 1332 1951 1333 1 1334 1 1335 1 1335 1952 1334 1952 1336 1952 1335 1953 1336 1953 1337 1953 1337 1954 1336 1954 1338 1954 1337 1955 1338 1955 1339 1955 1339 1956 1338 1956 1340 1956 1339 1957 1340 1957 1341 1957 1341 1958 1340 1958 1342 1958 1341 1959 1342 1959 1343 1959 1343 1960 1342 1960 1344 1960 1343 1961 1344 1961 1345 1961 1345 1962 1344 1962 1346 1962 1345 1963 1346 1963 1347 1963 1347 1964 1346 1964 1348 1964 1347 1965 1348 1965 1349 1965 1349 1966 1348 1966 1350 1966 1349 1967 1350 1967 1351 1967 1351 1968 1350 1968 1352 1968 1351 1969 1352 1969 1353 1969 1354 1 1335 1 1355 1 1355 1970 1335 1970 1337 1970 1355 1971 1337 1971 1356 1971 1356 1972 1337 1972 1339 1972 1356 1973 1339 1973 1357 1973 1357 1974 1339 1974 1341 1974 1357 1975 1341 1975 1358 1975 1358 1976 1341 1976 1343 1976 1358 1977 1343 1977 1359 1977 1359 1978 1343 1978 1345 1978 1359 1979 1345 1979 1360 1979 1360 1980 1345 1980 1347 1980 1360 1981 1347 1981 1361 1981 1361 1982 1347 1982 1349 1982 1361 1983 1349 1983 1362 1983 1362 1984 1349 1984 1351 1984 1362 1985 1351 1985 1363 1985 1363 1986 1351 1986 1353 1986 1363 1987 1353 1987 1364 1987 1365 1 1355 1 1366 1 1366 1988 1355 1988 1356 1988 1366 1989 1356 1989 1367 1989 1367 1990 1356 1990 1357 1990 1367 1991 1357 1991 1368 1991 1368 1992 1357 1992 1358 1992 1368 1993 1358 1993 1369 1993 1369 1994 1358 1994 1359 1994 1369 1995 1359 1995 1370 1995 1370 1996 1359 1996 1360 1996 1370 1997 1360 1997 1371 1997 1371 1998 1360 1998 1361 1998 1371 1999 1361 1999 1372 1999 1372 2000 1361 2000 1362 2000 1372 2001 1362 2001 1373 2001 1373 2002 1362 2002 1363 2002 1373 2003 1363 2003 1374 2003 1374 2004 1363 2004 1364 2004 1374 2005 1364 2005 1375 2005 268 2006 267 2006 1376 2006 268 2007 1376 2007 1278 2007 1278 2008 1376 2008 1377 2008 1278 2009 1377 2009 1280 2009 1280 2010 1377 2010 1378 2010 1280 2011 1378 2011 1379 2011 275 2012 274 2012 1282 2012 1282 2013 274 2013 1177 2013 1282 2014 1177 2014 1284 2014 1284 2015 1177 2015 1279 2015 1284 2016 1279 2016 1286 2016 1286 2017 1279 2017 1280 2017 1286 2018 1280 2018 1288 2018 1288 2019 1280 2019 1379 2019 1379 2020 1380 2020 1288 2020 1288 2021 1380 2021 1381 2021 1288 2022 1381 2022 1289 2022 1289 2023 1381 2023 1382 2023 1289 2024 1382 2024 1294 2024 1294 2025 1382 2025 1383 2025 1294 2026 1383 2026 1384 2026 1212 2027 1210 2027 1213 2027 1213 2028 1210 2028 1183 2028 1213 2029 1183 2029 1295 2029 1295 2030 1183 2030 1290 2030 1295 2031 1290 2031 1296 2031 1296 2032 1290 2032 1291 2032 1296 2033 1291 2033 1297 2033 1297 2034 1291 2034 1292 2034 1297 2035 1292 2035 1298 2035 1298 2036 1292 2036 1293 2036 1298 2037 1293 2037 1299 2037 1299 2038 1293 2038 1294 2038 1299 2039 1294 2039 1300 2039 1300 2040 1294 2040 1384 2040 1300 2041 1384 2041 1385 2041 1385 2042 1386 2042 1300 2042 1300 2043 1386 2043 1303 2043 1300 2044 1303 2044 1259 2044 1259 2045 1303 2045 1266 2045 1259 2046 1266 2046 1245 2046 1245 2047 1266 2047 1265 2047 1245 2048 1265 2048 1246 2048 1386 2049 1387 2049 1303 2049 1303 2050 1387 2050 1388 2050 1303 2051 1388 2051 1302 2051 1302 2052 1388 2052 1389 2052 1302 2053 1389 2053 1301 2053 1301 2054 1389 2054 1390 2054 1301 2055 1390 2055 1391 2055 1392 1 1257 1 1304 1 1304 2056 1257 2056 1256 2056 1304 2057 1256 2057 1305 2057 1305 2058 1256 2058 1254 2058 1305 2059 1254 2059 1307 2059 1307 2060 1254 2060 1252 2060 1307 2061 1252 2061 1309 2061 1309 2062 1252 2062 1250 2062 1309 2063 1250 2063 1311 2063 1311 2064 1250 2064 1248 2064 1311 2065 1248 2065 1313 2065 1313 2066 1248 2066 1246 2066 1313 2067 1246 2067 1315 2067 1315 2068 1246 2068 1265 2068 1315 2069 1265 2069 1317 2069 1317 2070 1265 2070 1267 2070 1317 2071 1267 2071 1319 2071 1319 2072 1267 2072 1301 2072 1319 2073 1301 2073 1321 2073 1321 2074 1301 2074 1391 2074 1391 2075 1393 2075 1321 2075 1321 2076 1393 2076 1394 2076 1321 2077 1394 2077 1322 2077 1322 2078 1394 2078 1395 2078 1322 2079 1395 2079 1332 2079 1332 2080 1395 2080 1396 2080 1332 2081 1396 2081 1397 2081 1398 1 1323 1 1334 1 1334 2082 1323 2082 1324 2082 1334 2083 1324 2083 1336 2083 1336 2084 1324 2084 1325 2084 1336 2085 1325 2085 1338 2085 1338 2086 1325 2086 1326 2086 1338 2087 1326 2087 1340 2087 1340 2088 1326 2088 1327 2088 1340 2089 1327 2089 1342 2089 1342 2090 1327 2090 1328 2090 1342 2091 1328 2091 1344 2091 1344 2092 1328 2092 1329 2092 1344 2093 1329 2093 1346 2093 1346 2094 1329 2094 1330 2094 1346 2095 1330 2095 1348 2095 1348 2096 1330 2096 1331 2096 1348 2097 1331 2097 1350 2097 1350 2098 1331 2098 1332 2098 1350 2099 1332 2099 1352 2099 1352 2100 1332 2100 1397 2100 1397 2101 1399 2101 1352 2101 1352 2102 1399 2102 1400 2102 1352 2103 1400 2103 1353 2103 1353 2104 1400 2104 1401 2104 1353 2105 1401 2105 1364 2105 1364 2106 1401 2106 1402 2106 1364 2107 1402 2107 1375 2107 1375 2108 1402 2108 1403 2108 1375 2109 1403 2109 1404 2109 1405 1 1366 1 1268 1 1268 2110 1366 2110 1367 2110 1268 2111 1367 2111 1269 2111 1269 2112 1367 2112 1368 2112 1269 2113 1368 2113 1270 2113 1270 2114 1368 2114 1369 2114 1270 2115 1369 2115 1271 2115 1271 2116 1369 2116 1370 2116 1271 2117 1370 2117 1272 2117 1272 2118 1370 2118 1371 2118 1272 2119 1371 2119 1273 2119 1273 2120 1371 2120 1372 2120 1273 2121 1372 2121 1274 2121 1274 2122 1372 2122 1373 2122 1274 2123 1373 2123 1275 2123 1275 2124 1373 2124 1374 2124 1275 2125 1374 2125 1276 2125 1276 2126 1374 2126 1375 2126 1276 2127 1375 2127 1406 2127 1406 2128 1375 2128 1404 2128 1406 2129 1404 2129 1407 2129 1408 2130 1116 2130 1115 2130 1407 2131 1408 2131 1406 2131 1406 2132 1408 2132 1115 2132 1406 2133 1115 2133 1276 2133 1276 2134 1115 2134 1147 2134 1276 2135 1147 2135 1145 2135 1107 2136 1105 2136 1409 2136 780 2137 800 2137 1410 2137 1411 2138 1412 2138 1413 2138 1414 2139 1415 2139 1416 2139 1417 2140 1418 2140 1419 2140 1420 2141 1078 2141 1077 2141 1421 2142 1422 2142 1423 2142 1424 1 1421 1 1425 1 1426 1 1424 1 1427 1 1428 1 1426 1 1429 1 1430 1 1428 1 1431 1 1432 1 1430 1 1433 1 1434 1 1435 1 1436 1 1437 1 1434 1 1438 1 1439 1 1437 1 1440 1 1441 1 1439 1 1442 1 1443 1 1441 1 1444 1 1445 1 1446 1 1447 1 1448 1 1445 1 1449 1 1443 2143 1450 2143 1451 2143 1451 2144 1450 2144 1452 2144 1451 2145 1452 2145 1446 2145 1432 2146 1453 2146 1454 2146 1454 2147 1453 2147 1455 2147 1454 2148 1455 2148 1435 2148 1456 2149 1457 2149 1458 2149 1459 2150 1460 2150 1461 2150 1462 2151 1463 2151 1464 2151 1464 2152 1463 2152 1465 2152 1418 2153 1466 2153 1467 2153 1417 2154 1419 2154 1415 2154 1414 2155 1416 2155 1412 2155 1411 2156 1413 2156 1468 2156 1469 2157 1422 2157 1470 2157 1470 2158 1422 2158 1421 2158 1470 2159 1421 2159 1471 2159 1471 2160 1421 2160 1424 2160 1471 2161 1424 2161 1472 2161 1472 2162 1424 2162 1426 2162 1472 2163 1426 2163 1473 2163 1473 2164 1426 2164 1428 2164 1473 2165 1428 2165 1474 2165 1474 2166 1428 2166 1430 2166 1474 2167 1430 2167 1475 2167 1475 2168 1430 2168 1432 2168 1475 2169 1432 2169 1476 2169 1476 2170 1432 2170 1454 2170 1476 2171 1454 2171 1477 2171 1477 2172 1454 2172 1435 2172 1477 2173 1435 2173 1478 2173 1478 2174 1435 2174 1434 2174 1478 2175 1434 2175 1479 2175 1479 2176 1434 2176 1437 2176 1479 2177 1437 2177 1480 2177 1480 2178 1437 2178 1439 2178 1480 2179 1439 2179 1481 2179 1481 2180 1439 2180 1441 2180 1481 2181 1441 2181 1482 2181 1482 2182 1441 2182 1443 2182 1482 2183 1443 2183 1483 2183 1483 2184 1443 2184 1451 2184 1483 2185 1451 2185 1484 2185 1484 2186 1451 2186 1446 2186 1484 2187 1446 2187 1485 2187 1485 2188 1446 2188 1445 2188 1485 2189 1445 2189 1413 2189 1413 2190 1445 2190 1448 2190 1413 2191 1448 2191 1468 2191 1468 2192 1448 2192 1486 2192 1412 2193 1416 2193 1413 2193 1413 2194 1416 2194 1487 2194 1413 2195 1487 2195 1485 2195 1485 2196 1487 2196 1488 2196 1485 2197 1488 2197 1484 2197 1484 2198 1488 2198 1489 2198 1484 2199 1489 2199 1483 2199 1483 2200 1489 2200 1490 2200 1483 2201 1490 2201 1482 2201 1482 2202 1490 2202 1491 2202 1482 2203 1491 2203 1481 2203 1481 2204 1491 2204 1492 2204 1481 2205 1492 2205 1480 2205 1480 2206 1492 2206 1493 2206 1480 2207 1493 2207 1479 2207 1479 2208 1493 2208 1494 2208 1479 2209 1494 2209 1478 2209 1478 2210 1494 2210 1495 2210 1478 2211 1495 2211 1477 2211 1477 2212 1495 2212 1496 2212 1477 2213 1496 2213 1476 2213 1476 2214 1496 2214 1497 2214 1476 2215 1497 2215 1475 2215 1475 2216 1497 2216 1498 2216 1475 2217 1498 2217 1474 2217 1474 2218 1498 2218 1499 2218 1474 2219 1499 2219 1473 2219 1473 2220 1499 2220 1500 2220 1473 2221 1500 2221 1472 2221 1472 2222 1500 2222 1501 2222 1472 2223 1501 2223 1471 2223 1471 2224 1501 2224 1456 2224 1471 2225 1456 2225 1470 2225 1470 2226 1456 2226 1458 2226 1470 2227 1458 2227 1469 2227 1415 2228 1419 2228 1416 2228 1416 2229 1419 2229 1502 2229 1416 2230 1502 2230 1487 2230 1487 2231 1502 2231 1503 2231 1487 2232 1503 2232 1488 2232 1488 2233 1503 2233 1504 2233 1488 2234 1504 2234 1489 2234 1489 2235 1504 2235 1505 2235 1489 2236 1505 2236 1490 2236 1490 2237 1505 2237 1506 2237 1490 2238 1506 2238 1491 2238 1491 2239 1506 2239 1507 2239 1491 2240 1507 2240 1492 2240 1492 2241 1507 2241 1508 2241 1492 2242 1508 2242 1493 2242 1493 2243 1508 2243 1509 2243 1493 2244 1509 2244 1494 2244 1494 2245 1509 2245 1510 2245 1494 2246 1510 2246 1495 2246 1495 2247 1510 2247 1511 2247 1495 2248 1511 2248 1496 2248 1496 2249 1511 2249 1512 2249 1496 2250 1512 2250 1497 2250 1497 2251 1512 2251 1513 2251 1497 2252 1513 2252 1498 2252 1498 2253 1513 2253 1514 2253 1498 2254 1514 2254 1499 2254 1499 2255 1514 2255 1515 2255 1499 2256 1515 2256 1500 2256 1500 2257 1515 2257 1516 2257 1500 2258 1516 2258 1501 2258 1501 2259 1516 2259 1459 2259 1501 2260 1459 2260 1456 2260 1456 2261 1459 2261 1461 2261 1456 2262 1461 2262 1457 2262 1418 2263 1467 2263 1419 2263 1419 2264 1467 2264 1517 2264 1419 2265 1517 2265 1502 2265 1502 2266 1517 2266 1518 2266 1502 2267 1518 2267 1503 2267 1503 2268 1518 2268 1519 2268 1503 2269 1519 2269 1504 2269 1504 2270 1519 2270 1520 2270 1504 2271 1520 2271 1505 2271 1505 2272 1520 2272 1521 2272 1505 2273 1521 2273 1506 2273 1506 2274 1521 2274 1522 2274 1506 2275 1522 2275 1507 2275 1507 2276 1522 2276 1523 2276 1507 2277 1523 2277 1508 2277 1508 2278 1523 2278 1524 2278 1508 2279 1524 2279 1509 2279 1509 2280 1524 2280 1525 2280 1509 2281 1525 2281 1510 2281 1510 2282 1525 2282 1526 2282 1510 2283 1526 2283 1511 2283 1511 2284 1526 2284 1527 2284 1511 2285 1527 2285 1512 2285 1512 2286 1527 2286 1528 2286 1512 2287 1528 2287 1513 2287 1513 2288 1528 2288 1529 2288 1513 2289 1529 2289 1514 2289 1514 2290 1529 2290 1530 2290 1514 2291 1530 2291 1515 2291 1515 2292 1530 2292 1531 2292 1515 2293 1531 2293 1516 2293 1516 2294 1531 2294 1464 2294 1516 2295 1464 2295 1459 2295 1459 2296 1464 2296 1465 2296 1459 2297 1465 2297 1460 2297 1467 2298 1532 2298 1533 2298 1467 2299 1533 2299 1517 2299 1517 2300 1533 2300 1534 2300 1517 2301 1534 2301 1518 2301 1518 2302 1534 2302 1535 2302 1518 2303 1535 2303 1519 2303 1519 2304 1535 2304 1536 2304 1519 2305 1536 2305 1520 2305 1520 2306 1536 2306 1537 2306 1520 2307 1537 2307 1521 2307 1521 2308 1537 2308 1538 2308 1521 2309 1538 2309 1522 2309 1522 2310 1538 2310 1539 2310 1522 2311 1539 2311 1523 2311 1523 2312 1539 2312 1540 2312 1523 2313 1540 2313 1524 2313 1524 2314 1540 2314 1541 2314 1524 2315 1541 2315 1525 2315 1525 2316 1541 2316 1542 2316 1525 2317 1542 2317 1526 2317 1526 2318 1542 2318 1543 2318 1526 2319 1543 2319 1527 2319 1527 2320 1543 2320 1544 2320 1527 2321 1544 2321 1528 2321 1528 2322 1544 2322 1545 2322 1528 2323 1545 2323 1529 2323 1529 2324 1545 2324 1546 2324 1529 2325 1546 2325 1530 2325 1530 2326 1546 2326 1547 2326 1530 2327 1547 2327 1531 2327 1531 2328 1547 2328 1548 2328 1531 2329 1548 2329 1464 2329 1532 2330 1549 2330 1550 2330 764 2331 1462 2331 753 2331 753 2332 1462 2332 1464 2332 753 2333 1464 2333 752 2333 752 2334 1464 2334 1548 2334 752 2335 1548 2335 804 2335 804 2336 1548 2336 802 2336 1532 2337 1550 2337 1533 2337 1533 2338 1550 2338 1551 2338 1533 2339 1551 2339 1534 2339 1534 2340 1551 2340 1552 2340 1534 2341 1552 2341 1535 2341 1535 2342 1552 2342 1553 2342 1535 2343 1553 2343 1536 2343 1536 2344 1553 2344 1554 2344 1536 2345 1554 2345 1537 2345 1537 2346 1554 2346 1555 2346 1537 2347 1555 2347 1538 2347 1538 2348 1555 2348 1556 2348 1538 2349 1556 2349 1539 2349 1539 2350 1556 2350 1557 2350 1539 2351 1557 2351 1540 2351 1540 2352 1557 2352 1558 2352 1540 2353 1558 2353 1541 2353 1541 2354 1558 2354 1559 2354 1541 2355 1559 2355 1542 2355 1542 2356 1559 2356 1560 2356 1542 2357 1560 2357 1543 2357 1543 2358 1560 2358 1561 2358 1543 2359 1561 2359 1544 2359 1544 2360 1561 2360 1562 2360 1544 2361 1562 2361 1545 2361 1545 2362 1562 2362 1563 2362 1545 2363 1563 2363 1546 2363 1546 2364 1563 2364 1564 2364 1546 2365 1564 2365 1547 2365 1547 2366 1564 2366 1410 2366 1547 2367 1410 2367 1548 2367 1548 2368 1410 2368 800 2368 1548 2369 800 2369 802 2369 1549 2370 1565 2370 1566 2370 1549 2371 1566 2371 1550 2371 1550 2372 1566 2372 1567 2372 1550 2373 1567 2373 1551 2373 1551 2374 1567 2374 1568 2374 1551 2375 1568 2375 1552 2375 1552 2376 1568 2376 1569 2376 1552 2377 1569 2377 1553 2377 1553 2378 1569 2378 1570 2378 1553 2379 1570 2379 1554 2379 1554 2380 1570 2380 1571 2380 1554 2381 1571 2381 1555 2381 1555 2382 1571 2382 1572 2382 1555 2383 1572 2383 1556 2383 1556 2384 1572 2384 1573 2384 1556 2385 1573 2385 1557 2385 1557 2386 1573 2386 1574 2386 1557 2387 1574 2387 1558 2387 1558 2388 1574 2388 1575 2388 1558 2389 1575 2389 1559 2389 1559 2390 1575 2390 1576 2390 1559 2391 1576 2391 1560 2391 1560 2392 1576 2392 1577 2392 1560 2393 1577 2393 1561 2393 1561 2394 1577 2394 1578 2394 1561 2395 1578 2395 1562 2395 1562 2396 1578 2396 1579 2396 1562 2397 1579 2397 1563 2397 1563 2398 1579 2398 1580 2398 1563 2399 1580 2399 1564 2399 1564 2400 1580 2400 1581 2400 1564 2401 1581 2401 1410 2401 1410 2402 1581 2402 781 2402 1410 2403 781 2403 780 2403 1466 2404 1420 2404 1467 2404 1467 2405 1420 2405 1077 2405 1467 2406 1077 2406 1532 2406 1532 2407 1077 2407 1060 2407 1532 2408 1060 2408 1549 2408 1549 2409 1060 2409 1059 2409 1549 2410 1059 2410 1565 2410 1565 2411 1059 2411 1108 2411 1565 2412 1108 2412 1107 2412 1107 2413 1409 2413 1565 2413 1565 2414 1409 2414 1582 2414 1565 2415 1582 2415 1566 2415 1566 2416 1582 2416 1583 2416 1566 2417 1583 2417 1567 2417 1567 2418 1583 2418 1584 2418 1567 2419 1584 2419 1568 2419 1568 2420 1584 2420 1585 2420 1568 2421 1585 2421 1569 2421 1569 2422 1585 2422 1586 2422 1569 2423 1586 2423 1570 2423 1570 2424 1586 2424 1587 2424 1570 2425 1587 2425 1571 2425 1571 2426 1587 2426 1588 2426 1571 2427 1588 2427 1572 2427 1572 2428 1588 2428 1589 2428 1572 2429 1589 2429 1573 2429 1573 2430 1589 2430 1590 2430 1573 2431 1590 2431 1574 2431 1574 2432 1590 2432 1591 2432 1574 2433 1591 2433 1575 2433 1575 2434 1591 2434 1592 2434 1575 2435 1592 2435 1576 2435 1576 2436 1592 2436 1593 2436 1576 2437 1593 2437 1577 2437 1577 2438 1593 2438 1594 2438 1577 2439 1594 2439 1578 2439 1578 2440 1594 2440 1595 2440 1578 2441 1595 2441 1579 2441 1579 2442 1595 2442 1596 2442 1579 2443 1596 2443 1580 2443 1580 2444 1596 2444 1597 2444 1580 2445 1597 2445 1581 2445 754 2446 786 2446 1597 2446 1597 2447 786 2447 784 2447 1597 2448 784 2448 1581 2448 1581 2449 784 2449 785 2449 1581 2450 785 2450 781 2450 1053 2451 1052 2451 1598 2451 1053 2452 1598 2452 1599 2452 1598 2453 1600 2453 1599 2453 1599 2454 1600 2454 1601 2454 1599 2455 1601 2455 1602 2455 1602 2456 1601 2456 1603 2456 1602 2457 1603 2457 1604 2457 1604 2458 1603 2458 1605 2458 1604 2459 1605 2459 1606 2459 1605 2460 1607 2460 1606 2460 1606 2461 1607 2461 1608 2461 1606 2462 1608 2462 1609 2462 1608 2463 1610 2463 1609 2463 1609 2464 1610 2464 1611 2464 1609 2465 1611 2465 1612 2465 1612 2466 1611 2466 1613 2466 1612 2467 1613 2467 1614 2467 1613 2468 1615 2468 1614 2468 1614 2469 1615 2469 1616 2469 1614 2470 1616 2470 1617 2470 1616 2471 1618 2471 1617 2471 1617 2472 1618 2472 1619 2472 1617 2473 1619 2473 1620 2473 1620 2474 1619 2474 1621 2474 1620 2475 1621 2475 1622 2475 1621 2476 1623 2476 1622 2476 1622 2477 1623 2477 1624 2477 1622 2478 1624 2478 1625 2478 1624 2479 1626 2479 1625 2479 1625 2480 1626 2480 1627 2480 1625 2481 1627 2481 1628 2481 1627 2482 1629 2482 1628 2482 1628 2483 1629 2483 1630 2483 1628 2484 1630 2484 1631 2484 1631 2485 1630 2485 1632 2485 1631 2486 1632 2486 1633 2486 1632 2487 1634 2487 1633 2487 1633 2488 1634 2488 1635 2488 1633 2489 1635 2489 1636 2489 1635 2490 1637 2490 1636 2490 1636 2491 1637 2491 1638 2491 1636 2492 1638 2492 1639 2492 1639 2493 1638 2493 1640 2493 1639 2494 1640 2494 1641 2494 1641 2495 1640 2495 1642 2495 1641 2496 1642 2496 1643 2496 1105 2497 1053 2497 1409 2497 1409 2498 1053 2498 1599 2498 1409 2499 1599 2499 1582 2499 1582 2500 1599 2500 1602 2500 1582 2501 1602 2501 1583 2501 1583 2502 1602 2502 1604 2502 1583 2503 1604 2503 1584 2503 1584 2504 1604 2504 1606 2504 1584 2505 1606 2505 1585 2505 1585 2506 1606 2506 1609 2506 1585 2507 1609 2507 1586 2507 1586 2508 1609 2508 1612 2508 1586 2509 1612 2509 1587 2509 1587 2510 1612 2510 1614 2510 1587 2511 1614 2511 1588 2511 1588 2512 1614 2512 1617 2512 1588 2513 1617 2513 1589 2513 1589 2514 1617 2514 1620 2514 1589 2515 1620 2515 1590 2515 1590 2516 1620 2516 1622 2516 1590 2517 1622 2517 1591 2517 1591 2518 1622 2518 1625 2518 1591 2519 1625 2519 1592 2519 1592 2520 1625 2520 1628 2520 1592 2521 1628 2521 1593 2521 1593 2522 1628 2522 1631 2522 1593 2523 1631 2523 1594 2523 1594 2524 1631 2524 1633 2524 1594 2525 1633 2525 1595 2525 1595 2526 1633 2526 1636 2526 1595 2527 1636 2527 1596 2527 1596 2528 1636 2528 1639 2528 1596 2529 1639 2529 1597 2529 1597 2530 1639 2530 1641 2530 1597 2531 1641 2531 754 2531 754 2532 1641 2532 1643 2532 754 2533 1643 2533 755 2533 1258 1 1644 1 1645 1 1646 2534 1647 2534 1648 2534 1648 1 1649 1 1646 1 1646 1 1649 1 1650 1 1646 1 1650 1 1651 1 1651 1 1650 1 1652 1 1651 1 1652 1 1653 1 1258 1 1645 1 1220 1 1220 1 1645 1 1654 1 1220 1 1654 1 1221 1 1655 1 1187 1 1656 1 1656 1 1187 1 1189 1 1656 1 1189 1 1657 1 1657 1 1189 1 1188 1 1657 1 1188 1 1244 1 1644 1 1258 1 1658 1 1658 1 1258 1 1257 1 1658 1 1257 1 1392 1 1659 1 1660 1 1661 1 1661 1 1660 1 1662 1 1661 1 1662 1 1663 1 1192 2535 1193 2535 1664 2535 1664 2536 1193 2536 1190 2536 1664 1 1190 1 1655 1 1655 2537 1190 2537 1665 2537 1655 2538 1665 2538 1187 2538 1323 1 1398 1 1666 1 1666 2539 1398 2539 1334 2539 1666 2540 1334 2540 1333 2540 1653 1 1667 1 1651 1 1651 1 1667 1 1668 1 1651 1 1668 1 1669 1 1669 1 1668 1 1670 1 1671 1 1672 1 1673 1 1392 1 1304 1 1658 1 1658 2541 1304 2541 1199 2541 1658 2542 1199 2542 1198 2542 1647 2543 1646 2543 1674 2543 1674 2544 1646 2544 1658 2544 1674 1 1658 1 1666 1 1666 2545 1658 2545 1198 2545 1666 2546 1198 2546 1323 2546 1333 1 1335 1 1666 1 1666 2547 1335 2547 1354 2547 1666 2548 1354 2548 1355 2548 1670 1 1675 1 1669 1 1669 1 1675 1 1671 1 1669 1 1671 1 1676 1 1676 1 1671 1 1673 1 1355 2549 1365 2549 1666 2549 1666 2550 1365 2550 1366 2550 1666 2551 1366 2551 1405 2551 1677 1 1678 1 1679 1 1679 1 1678 1 1680 1 1679 1 1680 1 1662 1 1662 1 1680 1 1681 1 1662 1 1681 1 1663 1 1677 1 1682 1 1678 1 1678 1 1682 1 1683 1 1678 1 1683 1 1684 1 1684 1 1683 1 1685 1 1684 1 1685 1 1686 1 1405 1 1268 1 1666 1 1666 2552 1268 2552 1195 2552 1666 1 1195 1 1194 1 1194 2553 1223 2553 1666 2553 1666 2554 1223 2554 1222 2554 1666 1 1222 1 1224 1 1659 1 1666 1 1660 1 1660 2555 1666 2555 1224 2555 1660 2556 1224 2556 1664 2556 1664 2557 1224 2557 1687 2557 1664 2558 1687 2558 1192 2558 1688 1 1486 1 1448 1 1429 1 1689 1 1690 1 1691 1 1692 1 1693 1 1693 2559 1692 2559 1694 2559 1693 2560 1694 2560 1695 2560 1429 1 1426 1 1689 1 1689 1 1426 1 1696 1 1689 1 1696 1 1424 1 1697 2561 1698 2561 1699 2561 1699 1 1698 1 1700 1 1699 1 1700 1 1701 1 1702 1 1703 1 1704 1 1704 1 1703 1 1705 1 1424 1 1425 1 1689 1 1689 1 1425 1 1421 1 1689 1 1421 1 1706 1 1706 1 1421 1 1423 1 1705 1 1707 1 1704 1 1704 1 1707 1 1708 1 1704 1 1708 1 1694 1 1694 1 1708 1 1709 1 1694 2562 1709 2562 1695 2562 1688 1 1448 1 1701 1 1710 1 1711 1 1712 1 1448 1 1449 1 1701 1 1701 1 1449 1 1445 1 1701 1 1445 1 1699 1 1699 2563 1445 2563 1447 2563 1699 2564 1447 2564 1446 2564 1441 2565 1699 2565 1444 2565 1444 1 1699 1 1443 1 1713 1 1714 1 1715 1 1699 2566 1716 2566 1697 2566 1697 1 1716 1 1717 1 1697 2567 1717 2567 1713 2567 1713 1 1717 1 1718 1 1713 1 1718 1 1714 1 1446 1 1452 1 1699 1 1699 2568 1452 2568 1450 2568 1699 2569 1450 2569 1443 2569 1441 1 1442 1 1699 1 1699 2570 1442 2570 1439 2570 1699 2571 1439 2571 1440 2571 1702 1 1704 1 1719 1 1719 1 1704 1 1720 1 1719 1 1720 1 1712 1 1712 1 1720 1 1721 1 1712 1 1721 1 1710 1 1711 1 1722 1 1712 1 1712 1 1722 1 1723 1 1712 1 1723 1 1724 1 1440 1 1437 1 1699 1 1699 1 1437 1 1438 1 1699 2572 1438 2572 1434 2572 1725 1 1726 1 1715 1 1433 2573 1430 2573 1699 2573 1699 2574 1430 2574 1727 2574 1726 1 1728 1 1715 1 1715 1 1728 1 1729 1 1715 1 1729 1 1713 1 1691 1 1699 1 1692 1 1692 1 1699 1 1727 1 1692 1 1727 1 1690 1 1690 1 1727 1 1428 1 1690 1 1428 1 1429 1 1715 1 1730 1 1731 1 1434 1 1436 1 1699 1 1699 2575 1436 2575 1435 2575 1699 2576 1435 2576 1455 2576 1731 1 1732 1 1715 1 1715 1 1732 1 1733 1 1715 1 1733 1 1725 1 1455 2577 1453 2577 1699 2577 1699 2578 1453 2578 1432 2578 1699 2579 1432 2579 1433 2579 1734 1 1735 1 897 1 897 1 1735 1 859 1 859 1 1735 1 1736 1 859 1 1736 1 860 1 1737 2580 1738 2580 1739 2580 1740 1 1741 1 1742 1 1743 1 826 1 1744 1 1744 1 826 1 828 1 1744 1 828 1 1745 1 1745 1 828 1 827 1 1745 1 827 1 883 1 831 2581 832 2581 1746 2581 1746 2582 832 2582 829 2582 1746 1 829 1 1743 1 1743 2583 829 2583 1747 2583 1743 2584 1747 2584 826 2584 1734 1 897 1 1748 1 1748 1 897 1 896 1 1748 1 896 1 1031 1 1749 1 1750 1 1751 1 1751 1 1750 1 1752 1 1751 1 1752 1 1753 1 1753 1 1752 1 1754 1 1739 1 1755 1 1737 1 1737 1 1755 1 1756 1 1737 1 1756 1 1742 1 1742 1 1756 1 1757 1 1742 1 1757 1 1740 1 1741 1 1758 1 1742 1 1742 1 1758 1 1759 1 1742 1 1759 1 1760 1 1760 1 1759 1 1761 1 962 1 1037 1 1762 1 1762 2585 1037 2585 973 2585 1762 2586 973 2586 972 2586 1754 1 1752 1 1763 1 1763 1 1752 1 1764 1 1763 1 1764 1 1765 1 1031 1 943 1 1748 1 1748 2587 943 2587 838 2587 1748 2588 838 2588 837 2588 1738 2589 1737 2589 1766 2589 1766 2590 1737 2590 1748 2590 1766 1 1748 1 1762 1 1762 2591 1748 2591 837 2591 1762 2592 837 2592 962 2592 972 1 974 1 1762 1 1762 2593 974 2593 993 2593 1762 2594 993 2594 994 2594 1761 1 1767 1 1760 1 1760 1 1767 1 1768 1 1760 1 1768 1 1769 1 1769 1 1770 1 1760 1 1760 1 1770 1 1771 1 1760 1 1771 1 1772 1 994 2595 1004 2595 1762 2595 1762 2596 1004 2596 1005 2596 1762 2597 1005 2597 1044 2597 1044 1 907 1 1762 1 1762 2598 907 2598 834 2598 1762 1 834 1 833 1 833 2599 862 2599 1762 2599 1762 2600 862 2600 861 2600 1762 1 861 1 863 1 1773 1 1774 1 1764 1 1764 1 1774 1 1775 1 1764 1 1775 1 1765 1 1773 1 1776 1 1774 1 1774 1 1776 1 1777 1 1774 1 1777 1 1778 1 1749 1 1762 1 1750 1 1750 2601 1762 2601 863 2601 1750 2602 863 2602 1746 2602 1746 2603 863 2603 1779 2603 1746 2604 1779 2604 831 2604 1780 1 464 1 1781 1 1781 1 464 1 466 1 1782 1 1783 1 1784 1 1784 2605 1783 2605 1785 2605 1784 2606 1785 2606 1786 2606 1786 2566 1785 2566 1787 2566 472 1 469 1 1788 1 1789 1 1790 1 492 1 469 1 1791 1 1788 1 1788 1 1791 1 467 1 1788 1 467 1 1780 1 1780 1 467 1 468 1 1780 1 468 1 464 1 487 2607 484 2607 1792 2607 493 1 486 1 1793 1 492 1 1790 1 491 1 491 1 1790 1 1794 1 491 1 1794 1 529 1 1787 1 1785 1 1795 1 1795 2608 1785 2608 1796 2608 1795 1 1796 1 1797 1 1798 1 1799 1 1796 1 1796 1 1799 1 1800 1 1796 1 1800 1 1797 1 493 1 1793 1 495 1 1801 2609 1802 2609 1803 2609 1803 1 1802 1 1804 1 1803 1 1804 1 1805 1 486 1 487 1 1793 1 1793 2610 487 2610 1792 2610 1793 2611 1792 2611 1801 2611 1801 2562 1792 2562 1806 2562 1801 1 1806 1 1802 1 492 1 488 1 1789 1 1789 1 488 1 490 1 1789 1 490 1 1793 1 1793 1 490 1 489 1 1793 1 489 1 495 1 484 1 485 1 1792 1 1792 2612 485 2612 482 2612 1792 2613 482 2613 483 2613 1807 1 1798 1 1808 1 1807 1 1809 1 1798 1 1798 1 1809 1 1810 1 1798 1 1810 1 1799 1 1811 1 1812 1 1813 1 483 1 480 1 1792 1 1792 1 480 1 481 1 1792 2614 481 2614 477 2614 476 2615 473 2615 1792 2615 1792 2616 473 2616 1814 2616 1808 1 1815 1 1807 1 1807 1 1815 1 1816 1 1807 1 1816 1 1817 1 1811 1 1813 1 1818 1 1805 1 1819 1 1803 1 1803 1 1819 1 1820 1 1803 1 1820 1 1821 1 1821 1 1820 1 1822 1 1782 1 1792 1 1783 1 1783 1 1792 1 1814 1 1783 1 1814 1 1788 1 1788 1 1814 1 471 1 1788 1 471 1 472 1 1822 1 1820 1 1813 1 1813 1 1820 1 1823 1 1813 1 1823 1 1818 1 477 1 479 1 1792 1 1792 2617 479 2617 478 2617 1792 2618 478 2618 498 2618 498 2619 496 2619 1792 2619 1792 2620 496 2620 475 2620 1792 2621 475 2621 476 2621 1796 2622 1824 2622 1825 2622 1796 2623 1825 2623 1798 2623 1798 2624 1825 2624 1826 2624 1798 2625 1826 2625 1808 2625 1808 2626 1826 2626 1827 2626 1808 2627 1827 2627 1815 2627 1815 2628 1827 2628 1828 2628 1815 2629 1828 2629 1816 2629 1816 2630 1828 2630 1829 2630 1816 2631 1829 2631 1817 2631 1817 2632 1829 2632 1830 2632 1817 2633 1830 2633 1807 2633 1807 2634 1830 2634 1831 2634 1807 2635 1831 2635 1809 2635 1809 2636 1831 2636 1832 2636 1809 2637 1832 2637 1810 2637 1810 2638 1832 2638 1833 2638 1810 2639 1833 2639 1799 2639 1824 2640 1796 2640 1834 2640 1834 2641 1796 2641 1785 2641 1835 2642 1836 2642 1837 2642 465 2643 512 2643 1838 2643 501 2644 500 2644 1839 2644 214 2645 1840 2645 505 2645 505 2646 1840 2646 1841 2646 1842 2647 503 2647 508 2647 1839 2648 500 2648 1842 2648 1842 2649 500 2649 504 2649 1842 2650 504 2650 503 2650 1843 2651 1844 2651 1845 2651 466 2652 465 2652 1837 2652 1837 2653 465 2653 1838 2653 1837 2654 1838 2654 1835 2654 1835 2655 1838 2655 1846 2655 512 2656 501 2656 1838 2656 1838 2657 501 2657 1839 2657 1838 2658 1839 2658 1846 2658 1846 2659 1839 2659 1842 2659 1846 2660 1842 2660 1847 2660 1847 2661 1842 2661 508 2661 1847 2662 508 2662 1841 2662 1841 2663 508 2663 506 2663 1841 2664 506 2664 505 2664 1848 2665 1849 2665 1850 2665 1850 2666 1849 2666 1851 2666 1850 2667 1851 2667 1852 2667 1852 2668 1851 2668 1853 2668 1844 2669 1843 2669 1854 2669 1854 2670 1843 2670 1855 2670 1854 2671 1855 2671 1853 2671 1853 2672 1855 2672 1856 2672 1853 2673 1856 2673 1852 2673 1857 2674 1858 2674 1845 2674 1845 2675 1858 2675 1859 2675 1845 2676 1859 2676 1843 2676 1849 2677 1836 2677 1851 2677 1851 2678 1836 2678 1835 2678 1851 2679 1835 2679 1853 2679 1853 2680 1835 2680 1846 2680 1853 2681 1846 2681 1854 2681 1854 2682 1846 2682 1847 2682 1854 2683 1847 2683 1844 2683 1844 2684 1847 2684 1841 2684 1844 2685 1841 2685 1845 2685 1845 2686 1841 2686 1840 2686 1845 2687 1840 2687 1857 2687 1849 2688 1848 2688 1860 2688 1781 2689 466 2689 1837 2689 1849 2690 1860 2690 1836 2690 1834 2691 1785 2691 1861 2691 1861 2692 1785 2692 1783 2692 1861 2693 1783 2693 1862 2693 1862 2694 1783 2694 1788 2694 1862 2695 1788 2695 1863 2695 1863 2696 1788 2696 1780 2696 1863 2697 1780 2697 1860 2697 1860 2698 1780 2698 1781 2698 1860 2699 1781 2699 1836 2699 1836 2700 1781 2700 1837 2700 228 2701 229 2701 1864 2701 218 2702 1865 2702 216 2702 216 2703 1865 2703 1866 2703 216 2704 1866 2704 217 2704 1840 2705 214 2705 213 2705 1866 2706 1857 2706 217 2706 217 2707 1857 2707 1840 2707 217 2708 1840 2708 245 2708 245 2709 1840 2709 213 2709 218 2710 220 2710 1865 2710 1865 2711 220 2711 1867 2711 1865 2712 1867 2712 1868 2712 1868 2713 1867 2713 224 2713 1868 2714 224 2714 1869 2714 1869 2715 224 2715 226 2715 1869 2716 226 2716 1864 2716 1864 2717 226 2717 227 2717 1864 2718 227 2718 228 2718 1870 2719 1871 2719 1654 2719 1654 2720 1871 2720 1872 2720 1654 2721 1872 2721 1221 2721 1873 2722 1870 2722 1874 2722 1874 2723 1870 2723 1654 2723 1874 2724 1654 2724 1875 2724 1875 2724 1654 2724 1645 2724 1875 2725 1645 2725 1876 2725 1876 2726 1645 2726 1644 2726 1876 2727 1644 2727 1877 2727 1877 2728 1644 2728 1658 2728 1877 2729 1658 2729 1878 2729 1878 2730 1658 2730 1646 2730 1219 2731 1221 2731 1872 2731 1214 2732 1217 2732 1879 2732 1880 2733 1881 2733 1882 2733 1881 2734 1880 2734 1873 2734 1882 2735 1883 2735 1884 2735 1884 2736 1883 2736 1885 2736 1884 2737 1885 2737 1886 2737 1887 2738 1888 2738 1886 2738 1886 2739 1888 2739 1889 2739 1886 2740 1889 2740 1884 2740 1882 2741 1884 2741 1880 2741 1880 2742 1884 2742 1889 2742 1880 2743 1889 2743 1890 2743 1890 2744 1889 2744 1888 2744 1890 2745 1888 2745 1879 2745 1879 2746 1888 2746 1215 2746 1879 2747 1215 2747 1214 2747 1891 2748 1892 2748 1893 2748 1893 2749 1892 2749 1894 2749 1893 2750 1894 2750 1895 2750 1895 2751 1894 2751 1896 2751 1895 2752 1896 2752 1897 2752 1897 2753 1896 2753 1898 2753 1897 2754 1898 2754 1899 2754 1873 2755 1880 2755 1870 2755 1870 2756 1880 2756 1890 2756 1870 2757 1890 2757 1871 2757 1871 2758 1890 2758 1879 2758 1871 2759 1879 2759 1872 2759 1872 2760 1879 2760 1217 2760 1872 2761 1217 2761 1219 2761 293 2762 1182 2762 1900 2762 1900 2763 1182 2763 1181 2763 1900 2764 1181 2764 1886 2764 1886 2765 1181 2765 1210 2765 1886 2766 1210 2766 1887 2766 1887 2767 1210 2767 1212 2767 1887 2768 1212 2768 1888 2768 1888 2769 1212 2769 1211 2769 1888 2770 1211 2770 1215 2770 1883 2771 1891 2771 1885 2771 1885 2772 1891 2772 1893 2772 1885 2773 1893 2773 1886 2773 1886 2774 1893 2774 1895 2774 1886 2775 1895 2775 1900 2775 1900 2776 1895 2776 1897 2776 1900 2777 1897 2777 293 2777 279 2778 1901 2778 280 2778 280 2779 1901 2779 1902 2779 280 2780 1902 2780 229 2780 278 2781 293 2781 1897 2781 290 2782 291 2782 1897 2782 1897 2783 291 2783 302 2783 302 2784 309 2784 1897 2784 1897 2785 309 2785 276 2785 1897 2786 276 2786 278 2786 1903 2787 287 2787 1904 2787 1904 2788 287 2788 290 2788 1904 2789 290 2789 1905 2789 1905 2790 290 2790 1897 2790 1905 2791 1897 2791 1899 2791 279 2792 312 2792 1901 2792 1901 2793 312 2793 281 2793 1901 2794 281 2794 1906 2794 1906 2795 281 2795 283 2795 1906 2796 283 2796 1903 2796 1903 2797 283 2797 285 2797 1903 2798 285 2798 287 2798 1646 2799 1651 2799 1878 2799 1878 2800 1651 2800 1907 2800 1667 2801 1908 2801 1909 2801 1667 2802 1909 2802 1668 2802 1668 2803 1909 2803 1910 2803 1668 2804 1910 2804 1670 2804 1670 2805 1910 2805 1911 2805 1670 2806 1911 2806 1675 2806 1675 2807 1911 2807 1912 2807 1675 2808 1912 2808 1671 2808 1671 2809 1912 2809 1913 2809 1671 2810 1913 2810 1672 2810 1672 2811 1913 2811 1914 2811 1672 2812 1914 2812 1673 2812 1673 2813 1914 2813 1915 2813 1673 2814 1915 2814 1676 2814 1676 2815 1915 2815 1916 2815 1676 2816 1916 2816 1669 2816 1669 2817 1916 2817 1907 2817 1669 2818 1907 2818 1651 2818 1752 2819 1917 2819 1918 2819 1752 2819 1918 2819 1764 2819 1764 2820 1918 2820 1919 2820 1764 2821 1919 2821 1773 2821 1773 2822 1919 2822 1920 2822 1773 2823 1920 2823 1776 2823 1776 2824 1920 2824 1921 2824 1776 2825 1921 2825 1777 2825 1777 2826 1921 2826 1922 2826 1777 2827 1922 2827 1778 2827 1778 2828 1922 2828 1923 2828 1778 2829 1923 2829 1774 2829 1774 2830 1923 2830 1924 2830 1774 2831 1924 2831 1775 2831 1775 2832 1924 2832 1925 2832 1775 2833 1925 2833 1765 2833 1765 2834 1925 2834 1926 2834 1765 2835 1926 2835 1763 2835 1917 2836 1752 2836 1927 2836 1927 2837 1752 2837 1750 2837 350 2838 353 2838 1928 2838 1928 2839 353 2839 1929 2839 342 2840 1930 2840 343 2840 343 2841 1930 2841 1931 2841 343 2842 1931 2842 327 2842 1932 2843 1933 2843 1934 2843 372 2844 339 2844 1932 2844 1932 2845 339 2845 341 2845 1932 2846 341 2846 356 2846 1929 2847 353 2847 1934 2847 1934 2848 353 2848 354 2848 1934 2849 354 2849 1932 2849 1932 2850 354 2850 365 2850 1932 2851 365 2851 372 2851 342 2852 375 2852 1930 2852 1930 2853 375 2853 344 2853 1930 2854 344 2854 1935 2854 1935 2855 344 2855 346 2855 1935 2856 346 2856 1928 2856 1928 2857 346 2857 348 2857 1928 2858 348 2858 350 2858 417 2859 327 2859 1936 2859 1937 2860 415 2860 1936 2860 1936 2861 415 2861 416 2861 1936 2862 416 2862 417 2862 1938 2863 406 2863 1939 2863 1939 2864 406 2864 405 2864 1939 2865 405 2865 1940 2865 1940 2866 405 2866 407 2866 1941 2867 403 2867 402 2867 1938 2868 1942 2868 406 2868 406 2869 1942 2869 1941 2869 406 2870 1941 2870 433 2870 433 2871 1941 2871 402 2871 407 2872 409 2872 1940 2872 1940 2873 409 2873 411 2873 1940 2874 411 2874 1937 2874 1937 2875 411 2875 413 2875 1937 2876 413 2876 415 2876 1943 2877 1944 2877 1945 2877 1946 2878 1947 2878 1948 2878 843 2879 842 2879 1949 2879 840 2880 839 2880 1950 2880 403 2881 1941 2881 844 2881 844 2882 1941 2882 1951 2882 1952 2883 848 2883 847 2883 1950 2884 839 2884 1952 2884 1952 2885 839 2885 823 2885 1952 2886 823 2886 848 2886 883 2887 843 2887 1945 2887 1945 2888 843 2888 1949 2888 1945 2889 1949 2889 1943 2889 1943 2890 1949 2890 1953 2890 842 2891 840 2891 1949 2891 1949 2892 840 2892 1950 2892 1949 2893 1950 2893 1953 2893 1953 2894 1950 2894 1952 2894 1953 2895 1952 2895 1954 2895 1954 2896 1952 2896 847 2896 1954 2897 847 2897 1951 2897 1951 2898 847 2898 845 2898 1951 2899 845 2899 844 2899 1955 2900 1956 2900 1957 2900 1957 2901 1956 2901 1958 2901 1948 2902 1947 2902 1959 2902 1959 2903 1947 2903 1960 2903 1959 2904 1960 2904 1961 2904 1961 2905 1960 2905 1962 2905 1961 2906 1962 2906 1958 2906 1958 2907 1962 2907 1963 2907 1958 2908 1963 2908 1957 2908 1946 2909 1948 2909 1964 2909 1964 2910 1948 2910 1965 2910 1964 2911 1965 2911 1942 2911 1956 2912 1944 2912 1958 2912 1958 2913 1944 2913 1943 2913 1958 2914 1943 2914 1961 2914 1961 2915 1943 2915 1953 2915 1961 2916 1953 2916 1959 2916 1959 2917 1953 2917 1954 2917 1959 2918 1954 2918 1948 2918 1948 2919 1954 2919 1951 2919 1948 2920 1951 2920 1965 2920 1965 2921 1951 2921 1941 2921 1965 2922 1941 2922 1942 2922 1956 2923 1955 2923 1966 2923 1944 2924 1745 2924 1945 2924 1945 2925 1745 2925 883 2925 1927 2926 1750 2926 1967 2926 1967 2927 1750 2927 1746 2927 1967 2928 1746 2928 1968 2928 1968 2929 1746 2929 1743 2929 1968 2930 1743 2930 1969 2930 1969 2931 1743 2931 1744 2931 1969 2932 1744 2932 1966 2932 1966 2933 1744 2933 1745 2933 1966 2934 1745 2934 1956 2934 1956 2935 1745 2935 1944 2935 1970 2936 1971 2936 1794 2936 1794 2937 1971 2937 1972 2937 1794 2938 1972 2938 529 2938 1973 2939 1970 2939 1974 2939 1974 2940 1970 2940 1794 2940 1974 2941 1794 2941 1975 2941 1975 2942 1794 2942 1790 2942 1975 2943 1790 2943 1976 2943 1976 2944 1790 2944 1789 2944 1976 2945 1789 2945 1977 2945 1977 2946 1789 2946 1793 2946 1977 2947 1793 2947 1978 2947 1978 2948 1793 2948 1801 2948 511 2949 529 2949 1972 2949 455 2950 454 2950 1979 2950 1980 2951 1981 2951 1982 2951 1970 2952 1973 2952 1980 2952 1981 2953 1983 2953 1984 2953 1984 2954 1983 2954 1985 2954 1984 2955 1985 2955 1986 2955 1987 2956 1988 2956 1986 2956 1986 2957 1988 2957 1989 2957 1986 2958 1989 2958 1984 2958 1981 2959 1984 2959 1982 2959 1982 2960 1984 2960 1989 2960 1982 2961 1989 2961 1990 2961 1990 2962 1989 2962 1988 2962 1990 2963 1988 2963 1979 2963 1979 2964 1988 2964 457 2964 1979 2965 457 2965 455 2965 1991 2966 1992 2966 1993 2966 1993 2967 1992 2967 1994 2967 1993 2968 1994 2968 1995 2968 1933 2969 1932 2969 1996 2969 1996 2970 1932 2970 1995 2970 1996 2971 1995 2971 1997 2971 1997 2972 1995 2972 1994 2972 1980 2973 1982 2973 1970 2973 1970 2974 1982 2974 1990 2974 1970 2975 1990 2975 1971 2975 1971 2976 1990 2976 1979 2976 1971 2977 1979 2977 1972 2977 1972 2978 1979 2978 454 2978 1972 2979 454 2979 511 2979 356 2980 463 2980 1998 2980 1998 2981 463 2981 509 2981 1998 2982 509 2982 1986 2982 1986 2983 509 2983 461 2983 1986 2984 461 2984 1987 2984 1987 2985 461 2985 460 2985 1987 2986 460 2986 1988 2986 1988 2987 460 2987 458 2987 1988 2988 458 2988 457 2988 1983 2989 1991 2989 1985 2989 1985 2990 1991 2990 1993 2990 1985 2991 1993 2991 1986 2991 1986 2992 1993 2992 1995 2992 1986 2993 1995 2993 1998 2993 1998 2994 1995 2994 1932 2994 1998 2995 1932 2995 356 2995 1801 2996 1803 2996 1978 2996 1978 2997 1803 2997 1999 2997 1819 2998 2000 2998 2001 2998 1819 2999 2001 2999 1820 2999 1820 3000 2001 3000 2002 3000 1820 3001 2002 3001 1823 3001 1823 3002 2002 3002 2003 3002 1823 3003 2003 3003 1818 3003 1818 3004 2003 3004 2004 3004 1818 3005 2004 3005 1811 3005 1811 3006 2004 3006 2005 3006 1811 3007 2005 3007 1812 3007 1812 3008 2005 3008 2006 3008 1812 3009 2006 3009 1813 3009 1813 3010 2006 3010 2007 3010 1813 3011 2007 3011 1822 3011 1822 3012 2007 3012 2008 3012 1822 3013 2008 3013 1821 3013 1821 3014 2008 3014 1999 3014 1821 3015 1999 3015 1803 3015 2009 3016 1704 3016 2010 3016 2010 3017 1704 3017 1694 3017 703 3018 2011 3018 704 3018 704 3019 2011 3019 2012 3019 704 3020 2012 3020 688 3020 702 3021 717 3021 2013 3021 714 3022 715 3022 2013 3022 2013 3023 715 3023 726 3023 726 3024 733 3024 2013 3024 2013 3025 733 3025 700 3025 2013 3026 700 3026 702 3026 2014 3027 711 3027 2015 3027 2015 3028 711 3028 714 3028 2015 3029 714 3029 2016 3029 2016 3030 714 3030 2013 3030 2016 3031 2013 3031 2017 3031 703 3032 736 3032 2011 3032 2011 3033 736 3033 705 3033 2011 3034 705 3034 2018 3034 2018 3035 705 3035 707 3035 2018 3036 707 3036 2014 3036 2014 3037 707 3037 709 3037 2014 3038 709 3038 711 3038 778 3039 688 3039 2019 3039 768 3040 2020 3040 766 3040 766 3041 2020 3041 2021 3041 766 3042 2021 3042 767 3042 2022 3043 764 3043 763 3043 2021 3044 2023 3044 767 3044 767 3045 2023 3045 2022 3045 767 3046 2022 3046 794 3046 794 3047 2022 3047 763 3047 768 3048 770 3048 2020 3048 2020 3049 770 3049 772 3049 2020 3050 772 3050 2024 3050 2024 3051 772 3051 774 3051 2024 3052 774 3052 2025 3052 2025 3053 774 3053 776 3053 2025 3054 776 3054 2019 3054 2019 3055 776 3055 777 3055 2019 3056 777 3056 778 3056 2026 3057 2027 3057 2028 3057 1422 3058 1469 3058 2029 3058 1458 3059 1457 3059 2030 3059 764 3060 2022 3060 1462 3060 1462 3061 2022 3061 2031 3061 2032 3062 1460 3062 1465 3062 2030 3063 1457 3063 2032 3063 2032 3064 1457 3064 1461 3064 2032 3065 1461 3065 1460 3065 2033 3066 2034 3066 2035 3066 1423 3067 1422 3067 2028 3067 2028 3068 1422 3068 2029 3068 2028 3069 2029 3069 2026 3069 2026 3070 2029 3070 2036 3070 1469 3071 1458 3071 2029 3071 2029 3072 1458 3072 2030 3072 2029 3073 2030 3073 2036 3073 2036 3074 2030 3074 2032 3074 2036 3075 2032 3075 2037 3075 2037 3076 2032 3076 1465 3076 2037 3077 1465 3077 2031 3077 2031 3078 1465 3078 1463 3078 2031 3079 1463 3079 1462 3079 2038 3080 2039 3080 2040 3080 2040 3081 2039 3081 2041 3081 2040 3082 2041 3082 2042 3082 2042 3083 2041 3083 2043 3083 2034 3084 2033 3084 2044 3084 2044 3085 2033 3085 2045 3085 2044 3086 2045 3086 2043 3086 2043 3087 2045 3087 2046 3087 2043 3088 2046 3088 2042 3088 2023 3089 2047 3089 2035 3089 2035 3090 2047 3090 2048 3090 2035 3091 2048 3091 2033 3091 2039 3092 2027 3092 2041 3092 2041 3093 2027 3093 2026 3093 2041 3094 2026 3094 2043 3094 2043 3095 2026 3095 2036 3095 2043 3096 2036 3096 2044 3096 2044 3097 2036 3097 2037 3097 2044 3098 2037 3098 2034 3098 2034 3099 2037 3099 2031 3099 2034 3100 2031 3100 2035 3100 2035 3101 2031 3101 2022 3101 2035 3102 2022 3102 2023 3102 2039 3103 2038 3103 2049 3103 1706 3104 1423 3104 2028 3104 2039 3105 2049 3105 2027 3105 2010 3106 1694 3106 2050 3106 2050 3107 1694 3107 1692 3107 2050 3108 1692 3108 2051 3108 2051 3109 1692 3109 1690 3109 2051 3110 1690 3110 2052 3110 2052 3111 1690 3111 1689 3111 2052 3112 1689 3112 2049 3112 2049 3113 1689 3113 1706 3113 2049 3114 1706 3114 2027 3114 2027 3115 1706 3115 2028 3115 2053 3116 2054 3116 1736 3116 1736 3117 2054 3117 2055 3117 1736 3118 2055 3118 860 3118 2056 3119 2053 3119 2057 3119 2057 3120 2053 3120 1736 3120 2057 3121 1736 3121 2058 3121 2058 3121 1736 3121 1735 3121 2058 3122 1735 3122 2059 3122 2059 3123 1735 3123 1734 3123 2059 3124 1734 3124 2060 3124 2060 3125 1734 3125 1748 3125 2060 3126 1748 3126 2061 3126 2061 3127 1748 3127 1737 3127 858 3128 860 3128 2055 3128 853 3129 856 3129 2062 3129 2063 3130 2064 3130 2065 3130 2064 3131 2063 3131 2056 3131 2065 3132 2066 3132 2067 3132 2067 3133 2066 3133 2068 3133 2067 3134 2068 3134 2069 3134 2070 3135 2071 3135 2069 3135 2069 3136 2071 3136 2072 3136 2069 3137 2072 3137 2067 3137 2065 3138 2067 3138 2063 3138 2063 3139 2067 3139 2072 3139 2063 3140 2072 3140 2073 3140 2073 3141 2072 3141 2071 3141 2073 3142 2071 3142 2062 3142 2062 3143 2071 3143 854 3143 2062 3144 854 3144 853 3144 2074 3145 2075 3145 2076 3145 2076 3146 2075 3146 2077 3146 2076 3147 2077 3147 2078 3147 2078 3148 2077 3148 2079 3148 2078 3149 2079 3149 2013 3149 2013 3150 2079 3150 2080 3150 2013 3151 2080 3151 2017 3151 2056 3152 2063 3152 2053 3152 2053 3153 2063 3153 2073 3153 2053 3154 2073 3154 2054 3154 2054 3155 2073 3155 2062 3155 2054 3156 2062 3156 2055 3156 2055 3157 2062 3157 856 3157 2055 3158 856 3158 858 3158 717 3159 821 3159 2081 3159 2081 3160 821 3160 820 3160 2081 3161 820 3161 2069 3161 2069 3162 820 3162 849 3162 2069 3163 849 3163 2070 3163 2070 3164 849 3164 851 3164 2070 3165 851 3165 2071 3165 2071 3166 851 3166 850 3166 2071 3167 850 3167 854 3167 2066 3168 2074 3168 2068 3168 2068 3169 2074 3169 2076 3169 2068 3170 2076 3170 2069 3170 2069 3171 2076 3171 2078 3171 2069 3172 2078 3172 2081 3172 2081 3173 2078 3173 2013 3173 2081 3174 2013 3174 717 3174 1737 3175 1742 3175 2061 3175 2061 3176 1742 3176 2082 3176 1715 3177 2083 3177 2084 3177 1715 3178 2084 3178 1730 3178 1730 3179 2084 3179 2085 3179 1730 3180 2085 3180 1731 3180 1731 3181 2085 3181 2086 3181 1731 3182 2086 3182 1732 3182 1732 3183 2086 3183 2087 3183 1732 3184 2087 3184 1733 3184 1733 3185 2087 3185 2088 3185 1733 3186 2088 3186 1725 3186 1725 3187 2088 3187 2089 3187 1725 3188 2089 3188 1726 3188 1726 3189 2089 3189 2090 3189 1726 3190 2090 3190 1728 3190 1728 3191 2090 3191 2091 3191 1728 3192 2091 3192 1729 3192 1729 3193 2091 3193 2092 3193 1729 3194 2092 3194 1713 3194 1662 3195 2093 3195 2094 3195 1662 3195 2094 3195 1679 3195 1679 3196 2094 3196 2095 3196 1679 3197 2095 3197 1677 3197 1677 3198 2095 3198 2096 3198 1677 3199 2096 3199 1682 3199 1682 3200 2096 3200 2097 3200 1682 3201 2097 3201 1683 3201 1683 3202 2097 3202 2098 3202 1683 3203 2098 3203 1685 3203 1685 3204 2098 3204 2099 3204 1685 3205 2099 3205 1686 3205 1686 3206 2099 3206 2100 3206 1686 3207 2100 3207 1684 3207 1684 3208 2100 3208 2101 3208 1684 3209 2101 3209 1678 3209 1678 3210 2101 3210 2102 3210 1678 3211 2102 3211 1680 3211 2093 3212 1662 3212 2103 3212 2103 3213 1662 3213 1660 3213 1072 3214 1075 3214 2104 3214 2104 3215 1075 3215 2105 3215 1064 3216 2106 3216 1065 3216 1065 3217 2106 3217 2107 3217 1065 3218 2107 3218 1049 3218 2108 3219 2109 3219 2110 3219 1094 3220 1061 3220 2108 3220 2108 3221 1061 3221 1063 3221 2108 3222 1063 3222 1078 3222 2105 3223 1075 3223 2110 3223 2110 3224 1075 3224 1076 3224 2110 3225 1076 3225 2108 3225 2108 3226 1076 3226 1087 3226 2108 3227 1087 3227 1094 3227 1064 3228 1097 3228 2106 3228 2106 3229 1097 3229 1066 3229 2106 3230 1066 3230 2111 3230 2111 3231 1066 3231 1068 3231 2111 3232 1068 3232 2104 3232 2104 3233 1068 3233 1070 3233 2104 3234 1070 3234 1072 3234 1139 3235 1049 3235 2112 3235 2113 3236 1137 3236 2112 3236 2112 3237 1137 3237 1138 3237 2112 3238 1138 3238 1139 3238 2114 3239 1128 3239 2115 3239 2115 3240 1128 3240 1127 3240 2115 3241 1127 3241 2116 3241 2116 3242 1127 3242 1129 3242 2117 3243 1125 3243 1124 3243 2114 3244 2118 3244 1128 3244 1128 3245 2118 3245 2117 3245 1128 3246 2117 3246 1155 3246 1155 3247 2117 3247 1124 3247 1129 3248 1131 3248 2116 3248 2116 3249 1131 3249 1133 3249 2116 3250 1133 3250 2113 3250 2113 3251 1133 3251 1135 3251 2113 3252 1135 3252 1137 3252 2119 3253 2120 3253 2121 3253 2122 3254 2123 3254 2124 3254 1204 3255 1203 3255 2125 3255 1201 3256 1200 3256 2126 3256 1125 3257 2117 3257 1205 3257 1205 3258 2117 3258 2127 3258 2128 3259 1209 3259 1208 3259 2126 3260 1200 3260 2128 3260 2128 3261 1200 3261 1184 3261 2128 3262 1184 3262 1209 3262 1244 3263 1204 3263 2121 3263 2121 3264 1204 3264 2125 3264 2121 3265 2125 3265 2119 3265 2119 3266 2125 3266 2129 3266 1203 3267 1201 3267 2125 3267 2125 3268 1201 3268 2126 3268 2125 3269 2126 3269 2129 3269 2129 3270 2126 3270 2128 3270 2129 3271 2128 3271 2130 3271 2130 3272 2128 3272 1208 3272 2130 3273 1208 3273 2127 3273 2127 3274 1208 3274 1206 3274 2127 3275 1206 3275 1205 3275 2131 3276 2132 3276 2133 3276 2133 3277 2132 3277 2134 3277 2124 3278 2123 3278 2135 3278 2135 3279 2123 3279 2136 3279 2135 3280 2136 3280 2137 3280 2137 3281 2136 3281 2138 3281 2137 3282 2138 3282 2134 3282 2134 3283 2138 3283 2139 3283 2134 3284 2139 3284 2133 3284 2122 3285 2124 3285 2140 3285 2140 3286 2124 3286 2141 3286 2140 3287 2141 3287 2118 3287 2132 3288 2120 3288 2134 3288 2134 3289 2120 3289 2119 3289 2134 3290 2119 3290 2137 3290 2137 3291 2119 3291 2129 3291 2137 3292 2129 3292 2135 3292 2135 3293 2129 3293 2130 3293 2135 3294 2130 3294 2124 3294 2124 3295 2130 3295 2127 3295 2124 3296 2127 3296 2141 3296 2141 3297 2127 3297 2117 3297 2141 3298 2117 3298 2118 3298 2132 3299 2131 3299 2142 3299 2120 3300 1657 3300 2121 3300 2121 3301 1657 3301 1244 3301 2103 3302 1660 3302 2143 3302 2143 3303 1660 3303 1664 3303 2143 3304 1664 3304 2144 3304 2144 3305 1664 3305 1655 3305 2144 3306 1655 3306 2145 3306 2145 3307 1655 3307 1656 3307 2145 3308 1656 3308 2142 3308 2142 3309 1656 3309 1657 3309 2142 3310 1657 3310 2132 3310 2132 3311 1657 3311 2120 3311 2146 3312 2147 3312 1688 3312 1688 3313 2147 3313 2148 3313 1688 3314 2148 3314 1486 3314 2149 3315 2146 3315 2150 3315 2150 3316 2146 3316 1688 3316 2150 3317 1688 3317 2151 3317 2151 3318 1688 3318 1701 3318 2151 3319 1701 3319 2152 3319 2152 3320 1701 3320 1700 3320 2152 3321 1700 3321 2153 3321 2153 3322 1700 3322 1698 3322 2153 3323 1698 3323 2154 3323 2154 3324 1698 3324 1697 3324 1468 3325 1486 3325 2148 3325 1412 3326 1411 3326 2155 3326 2156 3327 2157 3327 2158 3327 2146 3328 2149 3328 2156 3328 2157 3329 2159 3329 2160 3329 2160 3330 2159 3330 2161 3330 2160 3331 2161 3331 2162 3331 2163 3332 2164 3332 2162 3332 2162 3333 2164 3333 2165 3333 2162 3334 2165 3334 2160 3334 2157 3335 2160 3335 2158 3335 2158 3336 2160 3336 2165 3336 2158 3337 2165 3337 2166 3337 2166 3338 2165 3338 2164 3338 2166 3339 2164 3339 2155 3339 2155 3340 2164 3340 1414 3340 2155 3341 1414 3341 1412 3341 2167 3342 2168 3342 2169 3342 2169 3343 2168 3343 2170 3343 2169 3344 2170 3344 2171 3344 2109 3345 2108 3345 2172 3345 2172 3346 2108 3346 2171 3346 2172 3347 2171 3347 2173 3347 2173 3348 2171 3348 2170 3348 2156 3349 2158 3349 2146 3349 2146 3350 2158 3350 2166 3350 2146 3351 2166 3351 2147 3351 2147 3352 2166 3352 2155 3352 2147 3353 2155 3353 2148 3353 2148 3354 2155 3354 1411 3354 2148 3355 1411 3355 1468 3355 1078 3356 1420 3356 2174 3356 2174 3357 1420 3357 1466 3357 2174 3358 1466 3358 2162 3358 2162 3359 1466 3359 1418 3359 2162 3360 1418 3360 2163 3360 2163 3361 1418 3361 1417 3361 2163 3362 1417 3362 2164 3362 2164 3363 1417 3363 1415 3363 2164 3364 1415 3364 1414 3364 2159 3365 2167 3365 2161 3365 2161 3366 2167 3366 2169 3366 2161 3367 2169 3367 2162 3367 2162 3368 2169 3368 2171 3368 2162 3369 2171 3369 2174 3369 2174 3370 2171 3370 2108 3370 2174 3371 2108 3371 1078 3371 1697 3372 1713 3372 2154 3372 2154 3373 1713 3373 2092 3373 2175 3374 2176 3374 2177 3374 2175 3374 2177 3374 2178 3374 2176 3374 2179 3374 2177 3374 2177 3374 2179 3374 2180 3374 2177 3374 2180 3374 2181 3374 2182 3374 2183 3374 2184 3374 2184 3374 2183 3374 2185 3374 2184 3374 2185 3374 2186 3374 2186 3374 2185 3374 2177 3374 2177 3374 2185 3374 2187 3374 2177 3374 2187 3374 2178 3374 2188 3374 2180 3374 2189 3374 2189 3374 2180 3374 2190 3374 2191 3374 2192 3374 2184 3374 2188 3374 2193 3374 2180 3374 2180 3374 2193 3374 2194 3374 2180 3374 2194 3374 2181 3374 2192 3374 2195 3374 2184 3374 2184 3374 2195 3374 2196 3374 2184 3374 2196 3374 2182 3374 2197 3374 2198 3374 2180 3374 2180 3374 2198 3374 2199 3374 2180 3374 2199 3374 2190 3374 2200 3374 2201 3374 2202 3374 2202 3374 2201 3374 2203 3374 2180 3374 2204 3374 2197 3374 2197 3374 2204 3374 2201 3374 2197 3374 2201 3374 2205 3374 2205 3374 2201 3374 2200 3374 2206 3374 2207 3374 2208 3374 2184 3374 2209 3374 2191 3374 2191 3374 2209 3374 2206 3374 2191 3374 2206 3374 2210 3374 2210 3374 2206 3374 2208 3374 2211 3374 2212 3374 2213 3374 2214 3374 2215 3374 2216 3374 2216 3374 2215 3374 2213 3374 2216 3374 2213 3374 2217 3374 2217 3374 2213 3374 2212 3374 2218 3374 2219 3374 2220 3374 2220 3374 2219 3374 2221 3374 2220 3374 2221 3374 2213 3374 2213 3374 2221 3374 2222 3374 2213 3374 2222 3374 2211 3374 2223 3374 2224 3374 2216 3374 2224 3374 2225 3374 2216 3374 2216 3374 2225 3374 2226 3374 2216 3374 2226 3374 2227 3374 2227 3374 2228 3374 2216 3374 2216 3374 2228 3374 2229 3374 2216 3374 2229 3374 2214 3374 2230 3374 2231 3374 2220 3374 2220 3374 2231 3374 2232 3374 2220 3374 2232 3374 2218 3374 2233 3374 2234 3374 2235 3374 2235 3374 2234 3374 2236 3374 2220 3374 2237 3374 2230 3374 2230 3374 2237 3374 2234 3374 2230 3374 2234 3374 2238 3374 2238 3374 2234 3374 2233 3374 2239 3374 2240 3374 2216 3374 2216 3374 2240 3374 2241 3374 2216 3374 2241 3374 2223 3374 2242 3374 2243 3374 2244 3374 2239 3374 2245 3374 2240 3374 2240 3374 2245 3374 2242 3374 2240 3374 2242 3374 2246 3374 2246 3374 2242 3374 2244 3374 1908 3375 1667 3375 1653 3375 1908 3376 1653 3376 2247 3376 2247 3377 1653 3377 1652 3377 2247 3378 1652 3378 2248 3378 2248 3379 1652 3379 1650 3379 2248 3380 1650 3380 2249 3380 2249 3381 1650 3381 1649 3381 2249 3382 1649 3382 2250 3382 2250 3383 1649 3383 1648 3383 2250 3384 1648 3384 2251 3384 2251 3385 1648 3385 1647 3385 2251 3386 1647 3386 2252 3386 2252 3387 1647 3387 1674 3387 2252 3388 1674 3388 2253 3388 2253 3389 1674 3389 1666 3389 2253 3390 1666 3390 2254 3390 2254 3391 1666 3391 1659 3391 2254 3392 1659 3392 2255 3392 2255 3393 1659 3393 1661 3393 2255 3394 1661 3394 2256 3394 2256 3395 1661 3395 1663 3395 2256 3396 1663 3396 2257 3396 2257 3397 1663 3397 1681 3397 2257 3398 1681 3398 2258 3398 2258 3399 1681 3399 1680 3399 2258 3400 1680 3400 2102 3400 2083 3401 1715 3401 1714 3401 2083 3402 1714 3402 2259 3402 2259 3403 1714 3403 1718 3403 2259 3404 1718 3404 2260 3404 2260 3405 1718 3405 1717 3405 2260 3406 1717 3406 2261 3406 2261 3407 1717 3407 1716 3407 2261 3408 1716 3408 2262 3408 2262 3409 1716 3409 1699 3409 2262 3410 1699 3410 2263 3410 2263 3411 1699 3411 1691 3411 2263 3412 1691 3412 2264 3412 2264 3413 1691 3413 1693 3413 2264 3414 1693 3414 2265 3414 2265 3415 1693 3415 1695 3415 2265 3416 1695 3416 2266 3416 2266 3417 1695 3417 1709 3417 2266 3418 1709 3418 2267 3418 2267 3419 1709 3419 1708 3419 2267 3420 1708 3420 2268 3420 2268 3421 1708 3421 1707 3421 2268 3422 1707 3422 2269 3422 2269 3423 1707 3423 1705 3423 2269 3424 1705 3424 2270 3424 2270 3425 1705 3425 1703 3425 2270 3426 1703 3426 2271 3426 2272 3427 2273 3427 2274 3427 2274 3428 2273 3428 2275 3428 2274 3429 2275 3429 2276 3429 2276 3430 2275 3430 2277 3430 2277 3431 2275 3431 2278 3431 2277 3432 2278 3432 2279 3432 2279 3433 2278 3433 2280 3433 2279 3434 2280 3434 2281 3434 2281 3435 2280 3435 2282 3435 2282 3436 2280 3436 2283 3436 2282 3437 2283 3437 2284 3437 2284 3438 2283 3438 2285 3438 2284 3439 2285 3439 2286 3439 2286 3440 2285 3440 2287 3440 2287 3441 2285 3441 2288 3441 2287 3442 2288 3442 2289 3442 2289 3443 2288 3443 2290 3443 2289 3444 2290 3444 2291 3444 2292 3445 2293 3445 2294 3445 2294 3446 2293 3446 2295 3446 2294 3447 2295 3447 2296 3447 2296 3448 2295 3448 2297 3448 2296 3449 2297 3449 2290 3449 2290 3450 2297 3450 2298 3450 2290 3451 2298 3451 2291 3451 2299 3452 2300 3452 2301 3452 2301 3453 2300 3453 2302 3453 2301 3454 2302 3454 2292 3454 2292 3455 2302 3455 2303 3455 2292 3456 2303 3456 2293 3456 2304 3457 2305 3457 2306 3457 2306 3458 2305 3458 2307 3458 2306 3459 2307 3459 2299 3459 2299 3460 2307 3460 2308 3460 2299 3461 2308 3461 2300 3461 2309 3462 2310 3462 2311 3462 2311 3463 2310 3463 2312 3463 2311 3464 2312 3464 2313 3464 2313 3465 2312 3465 2314 3465 2313 3466 2314 3466 2304 3466 2304 3467 2314 3467 2315 3467 2304 3468 2315 3468 2305 3468 2316 3469 2317 3469 2318 3469 2318 3470 2317 3470 2319 3470 2318 3471 2319 3471 2309 3471 2309 3472 2319 3472 2320 3472 2309 3473 2320 3473 2310 3473 2321 3474 2322 3474 2323 3474 2323 3475 2322 3475 2324 3475 2323 3476 2324 3476 2316 3476 2316 3477 2324 3477 2325 3477 2316 3478 2325 3478 2317 3478 2326 3479 2327 3479 2328 3479 2328 3480 2327 3480 2329 3480 2328 3481 2329 3481 2330 3481 2330 3482 2329 3482 2331 3482 2330 3483 2331 3483 2321 3483 2321 3484 2331 3484 2332 3484 2321 3485 2332 3485 2322 3485 2326 3486 2328 3486 2333 3486 2333 3487 2328 3487 2334 3487 2333 3488 2334 3488 2335 3488 2335 3489 2334 3489 2336 3489 2335 3490 2336 3490 2337 3490 2337 3491 2336 3491 2338 3491 2337 3492 2338 3492 2339 3492 2339 3493 2338 3493 2340 3493 2340 3494 2338 3494 2341 3494 2340 3495 2341 3495 2342 3495 2342 3496 2341 3496 2343 3496 2342 3497 2343 3497 2344 3497 2344 3498 2343 3498 2345 3498 2345 3499 2343 3499 2346 3499 2345 3500 2346 3500 2347 3500 2347 3501 2346 3501 2348 3501 2347 3502 2348 3502 2349 3502 2349 3503 2348 3503 2350 3503 2350 3504 2348 3504 2351 3504 2350 3505 2351 3505 2352 3505 2352 3506 2351 3506 2353 3506 2352 3507 2353 3507 2354 3507 2355 3508 2356 3508 2357 3508 2358 3509 2355 3509 2359 3509 2360 3510 2358 3510 2361 3510 2362 3511 2360 3511 2363 3511 2364 3512 2362 3512 2365 3512 2366 3513 2364 3513 2367 3513 2368 3514 2366 3514 2369 3514 2370 3515 2368 3515 2371 3515 2372 3516 2370 3516 2373 3516 2374 3517 2372 3517 2375 3517 2376 3518 2374 3518 2377 3518 2378 3519 2376 3519 2379 3519 2380 3520 2378 3520 2381 3520 2382 3521 2380 3521 2383 3521 2273 3522 2382 3522 2384 3522 2355 3523 2357 3523 2359 3523 2359 3524 2357 3524 2385 3524 2359 3525 2385 3525 2386 3525 2386 3526 2385 3526 2387 3526 2386 3527 2387 3527 2388 3527 2388 3528 2387 3528 2389 3528 2388 3529 2389 3529 2390 3529 2390 3530 2389 3530 2391 3530 2390 3531 2391 3531 2392 3531 2392 3532 2391 3532 2393 3532 2392 3533 2393 3533 2394 3533 2394 3534 2393 3534 2395 3534 2394 3535 2395 3535 2396 3535 2396 3536 2395 3536 2397 3536 2396 3537 2397 3537 2398 3537 2398 3538 2397 3538 2399 3538 2398 3539 2399 3539 2400 3539 2400 3540 2399 3540 2401 3540 2400 3541 2401 3541 2402 3541 2402 3542 2401 3542 2403 3542 2402 3543 2403 3543 2404 3543 2403 3544 2405 3544 2404 3544 2404 3545 2405 3545 2406 3545 2404 3546 2406 3546 2407 3546 2407 3547 2406 3547 2408 3547 2407 3548 2408 3548 2409 3548 2409 3549 2408 3549 2410 3549 2409 3550 2410 3550 2411 3550 2411 3551 2410 3551 2412 3551 2411 3552 2412 3552 2413 3552 2413 3553 2412 3553 2414 3553 2413 3554 2414 3554 2415 3554 2415 3555 2414 3555 2416 3555 2415 3556 2416 3556 2417 3556 2417 3557 2416 3557 2418 3557 2417 3558 2418 3558 2419 3558 2419 3559 2418 3559 2420 3559 2419 3560 2420 3560 2421 3560 2421 3561 2420 3561 2422 3561 2421 3562 2422 3562 2423 3562 2423 3563 2422 3563 2424 3563 2423 3564 2424 3564 2425 3564 2425 3565 2424 3565 2426 3565 2425 3566 2426 3566 2427 3566 2426 3567 2428 3567 2427 3567 2427 3568 2428 3568 2429 3568 2427 3569 2429 3569 2430 3569 2430 3570 2429 3570 2431 3570 2430 3571 2431 3571 2432 3571 2432 3572 2431 3572 2433 3572 2432 3573 2433 3573 2434 3573 2434 3574 2433 3574 2435 3574 2434 3575 2435 3575 2436 3575 2436 3576 2435 3576 2437 3576 2436 3577 2437 3577 2438 3577 2438 3578 2437 3578 2439 3578 2438 3579 2439 3579 2440 3579 2440 3580 2439 3580 2441 3580 2440 3581 2441 3581 2442 3581 2442 3582 2441 3582 2443 3582 2442 3583 2443 3583 2444 3583 2444 3584 2443 3584 2445 3584 2444 3585 2445 3585 2446 3585 2446 3586 2445 3586 2447 3586 2446 3587 2447 3587 2448 3587 2358 3588 2359 3588 2361 3588 2361 3589 2359 3589 2386 3589 2361 3590 2386 3590 2449 3590 2449 3591 2386 3591 2388 3591 2449 3592 2388 3592 2450 3592 2450 3593 2388 3593 2390 3593 2450 3594 2390 3594 2451 3594 2451 3595 2390 3595 2392 3595 2451 3596 2392 3596 2452 3596 2452 3597 2392 3597 2394 3597 2452 3598 2394 3598 2453 3598 2453 3599 2394 3599 2396 3599 2453 3600 2396 3600 2454 3600 2454 3601 2396 3601 2398 3601 2454 3602 2398 3602 2455 3602 2455 3603 2398 3603 2400 3603 2455 3604 2400 3604 2456 3604 2456 3605 2400 3605 2402 3605 2456 3606 2402 3606 2457 3606 2457 3607 2402 3607 2404 3607 2457 3608 2404 3608 2458 3608 2458 3609 2404 3609 2407 3609 2458 3610 2407 3610 2459 3610 2459 3611 2407 3611 2409 3611 2459 3612 2409 3612 2460 3612 2460 3613 2409 3613 2411 3613 2460 3614 2411 3614 2461 3614 2461 3615 2411 3615 2413 3615 2461 3616 2413 3616 2462 3616 2462 3617 2413 3617 2415 3617 2462 3618 2415 3618 2463 3618 2463 3619 2415 3619 2417 3619 2463 3620 2417 3620 2464 3620 2464 3621 2417 3621 2419 3621 2464 3622 2419 3622 2465 3622 2465 3623 2419 3623 2421 3623 2465 3624 2421 3624 2466 3624 2466 3625 2421 3625 2423 3625 2466 3626 2423 3626 2467 3626 2467 3627 2423 3627 2425 3627 2467 3628 2425 3628 2468 3628 2468 3629 2425 3629 2427 3629 2468 3630 2427 3630 2469 3630 2469 3631 2427 3631 2430 3631 2469 3632 2430 3632 2470 3632 2470 3633 2430 3633 2432 3633 2470 3634 2432 3634 2471 3634 2471 3635 2432 3635 2434 3635 2471 3636 2434 3636 2472 3636 2472 3637 2434 3637 2436 3637 2472 3638 2436 3638 2473 3638 2473 3639 2436 3639 2438 3639 2473 3640 2438 3640 2474 3640 2474 3641 2438 3641 2440 3641 2474 3642 2440 3642 2475 3642 2475 3643 2440 3643 2442 3643 2475 3644 2442 3644 2476 3644 2476 3645 2442 3645 2444 3645 2476 3646 2444 3646 2477 3646 2477 3647 2444 3647 2446 3647 2477 3648 2446 3648 2478 3648 2478 3649 2446 3649 2448 3649 2478 3650 2448 3650 2479 3650 2360 3651 2361 3651 2363 3651 2363 3652 2361 3652 2449 3652 2363 3653 2449 3653 2480 3653 2480 3654 2449 3654 2450 3654 2480 3655 2450 3655 2481 3655 2481 3656 2450 3656 2451 3656 2481 3657 2451 3657 2482 3657 2482 3658 2451 3658 2452 3658 2482 3659 2452 3659 2483 3659 2483 3660 2452 3660 2453 3660 2483 3661 2453 3661 2484 3661 2484 3662 2453 3662 2454 3662 2484 3663 2454 3663 2485 3663 2485 3664 2454 3664 2455 3664 2485 3665 2455 3665 2486 3665 2486 3666 2455 3666 2456 3666 2486 3667 2456 3667 2487 3667 2487 3668 2456 3668 2457 3668 2487 3669 2457 3669 2488 3669 2488 3670 2457 3670 2458 3670 2488 3671 2458 3671 2489 3671 2489 3672 2458 3672 2459 3672 2489 3673 2459 3673 2490 3673 2490 3674 2459 3674 2460 3674 2490 3675 2460 3675 2491 3675 2491 3676 2460 3676 2461 3676 2491 3677 2461 3677 2492 3677 2492 3678 2461 3678 2462 3678 2492 3679 2462 3679 2493 3679 2493 3680 2462 3680 2463 3680 2493 3681 2463 3681 2494 3681 2494 3682 2463 3682 2464 3682 2494 3683 2464 3683 2495 3683 2495 3684 2464 3684 2465 3684 2495 3685 2465 3685 2496 3685 2496 3686 2465 3686 2466 3686 2496 3687 2466 3687 2497 3687 2497 3688 2466 3688 2467 3688 2497 3689 2467 3689 2498 3689 2498 3690 2467 3690 2468 3690 2498 3691 2468 3691 2499 3691 2499 3692 2468 3692 2469 3692 2499 3693 2469 3693 2500 3693 2500 3694 2469 3694 2470 3694 2500 3695 2470 3695 2501 3695 2501 3696 2470 3696 2471 3696 2501 3697 2471 3697 2502 3697 2502 3698 2471 3698 2472 3698 2502 3699 2472 3699 2503 3699 2503 3700 2472 3700 2473 3700 2503 3701 2473 3701 2504 3701 2504 3702 2473 3702 2474 3702 2504 3703 2474 3703 2505 3703 2505 3704 2474 3704 2475 3704 2505 3705 2475 3705 2506 3705 2506 3706 2475 3706 2476 3706 2506 3707 2476 3707 2507 3707 2507 3708 2476 3708 2477 3708 2507 3709 2477 3709 2508 3709 2508 3710 2477 3710 2478 3710 2508 3711 2478 3711 2509 3711 2509 3712 2478 3712 2479 3712 2509 3713 2479 3713 2510 3713 2362 3714 2363 3714 2365 3714 2365 3715 2363 3715 2480 3715 2365 3716 2480 3716 2511 3716 2511 3717 2480 3717 2481 3717 2511 3718 2481 3718 2512 3718 2512 3719 2481 3719 2482 3719 2512 3720 2482 3720 2513 3720 2513 3721 2482 3721 2483 3721 2513 3722 2483 3722 2514 3722 2514 3723 2483 3723 2484 3723 2514 3724 2484 3724 2515 3724 2515 3725 2484 3725 2485 3725 2515 3726 2485 3726 2516 3726 2516 3727 2485 3727 2486 3727 2516 3728 2486 3728 2517 3728 2517 3729 2486 3729 2487 3729 2517 3730 2487 3730 2518 3730 2518 3731 2487 3731 2488 3731 2518 3732 2488 3732 2519 3732 2519 3733 2488 3733 2489 3733 2519 3734 2489 3734 2520 3734 2520 3735 2489 3735 2490 3735 2520 3736 2490 3736 2521 3736 2521 3737 2490 3737 2491 3737 2521 3738 2491 3738 2522 3738 2522 3739 2491 3739 2492 3739 2522 3740 2492 3740 2523 3740 2523 3741 2492 3741 2493 3741 2523 3742 2493 3742 2524 3742 2524 3743 2493 3743 2494 3743 2524 3744 2494 3744 2525 3744 2525 3745 2494 3745 2495 3745 2525 3746 2495 3746 2526 3746 2526 3747 2495 3747 2496 3747 2526 3748 2496 3748 2527 3748 2527 3749 2496 3749 2497 3749 2527 3750 2497 3750 2528 3750 2528 3751 2497 3751 2498 3751 2528 3752 2498 3752 2529 3752 2529 3753 2498 3753 2499 3753 2529 3754 2499 3754 2530 3754 2530 3755 2499 3755 2500 3755 2530 3756 2500 3756 2531 3756 2531 3757 2500 3757 2501 3757 2531 3758 2501 3758 2532 3758 2532 3759 2501 3759 2502 3759 2532 3760 2502 3760 2533 3760 2533 3761 2502 3761 2503 3761 2533 3762 2503 3762 2534 3762 2534 3763 2503 3763 2504 3763 2534 3764 2504 3764 2535 3764 2535 3765 2504 3765 2505 3765 2535 3766 2505 3766 2536 3766 2536 3767 2505 3767 2506 3767 2536 3768 2506 3768 2537 3768 2537 3769 2506 3769 2507 3769 2537 3770 2507 3770 2538 3770 2538 3771 2507 3771 2508 3771 2538 3772 2508 3772 2539 3772 2539 3773 2508 3773 2509 3773 2539 3774 2509 3774 2540 3774 2540 3775 2509 3775 2510 3775 2540 3776 2510 3776 2541 3776 2364 3777 2365 3777 2367 3777 2367 3778 2365 3778 2511 3778 2367 3779 2511 3779 2542 3779 2542 3780 2511 3780 2512 3780 2542 3781 2512 3781 2543 3781 2543 3782 2512 3782 2513 3782 2543 3783 2513 3783 2544 3783 2544 3784 2513 3784 2514 3784 2544 3785 2514 3785 2545 3785 2545 3786 2514 3786 2515 3786 2545 3787 2515 3787 2546 3787 2546 3788 2515 3788 2516 3788 2546 3789 2516 3789 2547 3789 2547 3790 2516 3790 2517 3790 2547 3791 2517 3791 2548 3791 2548 3792 2517 3792 2518 3792 2548 3793 2518 3793 2549 3793 2549 3794 2518 3794 2519 3794 2549 3795 2519 3795 2550 3795 2550 3796 2519 3796 2520 3796 2550 3797 2520 3797 2551 3797 2551 3798 2520 3798 2521 3798 2551 3799 2521 3799 2552 3799 2552 3800 2521 3800 2522 3800 2552 3801 2522 3801 2553 3801 2553 3802 2522 3802 2523 3802 2553 3803 2523 3803 2554 3803 2554 3804 2523 3804 2524 3804 2554 3805 2524 3805 2555 3805 2555 3806 2524 3806 2525 3806 2555 3807 2525 3807 2556 3807 2556 3808 2525 3808 2526 3808 2556 3809 2526 3809 2557 3809 2557 3810 2526 3810 2527 3810 2557 3811 2527 3811 2558 3811 2558 3812 2527 3812 2528 3812 2558 3813 2528 3813 2559 3813 2559 3814 2528 3814 2529 3814 2559 3815 2529 3815 2560 3815 2560 3816 2529 3816 2530 3816 2560 3817 2530 3817 2561 3817 2561 3818 2530 3818 2531 3818 2561 3819 2531 3819 2562 3819 2562 3820 2531 3820 2532 3820 2562 3821 2532 3821 2563 3821 2563 3822 2532 3822 2533 3822 2563 3823 2533 3823 2564 3823 2564 3824 2533 3824 2534 3824 2564 3825 2534 3825 2565 3825 2565 3826 2534 3826 2535 3826 2565 3827 2535 3827 2566 3827 2566 3828 2535 3828 2536 3828 2566 3829 2536 3829 2567 3829 2567 3830 2536 3830 2537 3830 2567 3831 2537 3831 2568 3831 2568 3832 2537 3832 2538 3832 2568 3833 2538 3833 2569 3833 2569 3834 2538 3834 2539 3834 2569 3835 2539 3835 2570 3835 2570 3836 2539 3836 2540 3836 2570 3837 2540 3837 2571 3837 2571 3838 2540 3838 2541 3838 2571 3839 2541 3839 2572 3839 2366 3840 2367 3840 2369 3840 2369 3841 2367 3841 2542 3841 2369 3842 2542 3842 2573 3842 2573 3843 2542 3843 2543 3843 2573 3844 2543 3844 2574 3844 2574 3845 2543 3845 2544 3845 2574 3846 2544 3846 2575 3846 2575 3847 2544 3847 2545 3847 2575 3848 2545 3848 2576 3848 2576 3849 2545 3849 2546 3849 2576 3850 2546 3850 2577 3850 2577 3851 2546 3851 2547 3851 2577 3852 2547 3852 2578 3852 2578 3853 2547 3853 2548 3853 2578 3854 2548 3854 2579 3854 2579 3855 2548 3855 2549 3855 2579 3856 2549 3856 2580 3856 2580 3857 2549 3857 2550 3857 2580 3858 2550 3858 2581 3858 2581 3859 2550 3859 2551 3859 2581 3860 2551 3860 2582 3860 2582 3861 2551 3861 2552 3861 2582 3862 2552 3862 2583 3862 2583 3863 2552 3863 2553 3863 2583 3864 2553 3864 2584 3864 2584 3865 2553 3865 2554 3865 2584 3866 2554 3866 2585 3866 2585 3867 2554 3867 2555 3867 2585 3868 2555 3868 2586 3868 2586 3869 2555 3869 2556 3869 2586 3870 2556 3870 2587 3870 2587 3871 2556 3871 2557 3871 2587 3872 2557 3872 2588 3872 2588 3873 2557 3873 2558 3873 2588 3874 2558 3874 2589 3874 2589 3875 2558 3875 2559 3875 2589 3876 2559 3876 2590 3876 2590 3877 2559 3877 2560 3877 2590 3878 2560 3878 2591 3878 2591 3879 2560 3879 2561 3879 2591 3880 2561 3880 2592 3880 2592 3881 2561 3881 2562 3881 2592 3882 2562 3882 2593 3882 2593 3883 2562 3883 2563 3883 2593 3884 2563 3884 2594 3884 2594 3885 2563 3885 2564 3885 2594 3886 2564 3886 2595 3886 2595 3887 2564 3887 2565 3887 2595 3888 2565 3888 2596 3888 2596 3889 2565 3889 2566 3889 2596 3890 2566 3890 2597 3890 2597 3891 2566 3891 2567 3891 2597 3892 2567 3892 2598 3892 2598 3893 2567 3893 2568 3893 2598 3894 2568 3894 2599 3894 2599 3895 2568 3895 2569 3895 2599 3896 2569 3896 2600 3896 2600 3897 2569 3897 2570 3897 2600 3898 2570 3898 2601 3898 2601 3899 2570 3899 2571 3899 2601 3900 2571 3900 2602 3900 2602 3901 2571 3901 2572 3901 2602 3902 2572 3902 2603 3902 2368 3903 2369 3903 2371 3903 2371 3904 2369 3904 2573 3904 2371 3905 2573 3905 2604 3905 2604 3906 2573 3906 2574 3906 2604 3907 2574 3907 2605 3907 2605 3908 2574 3908 2575 3908 2605 3909 2575 3909 2606 3909 2606 3910 2575 3910 2576 3910 2606 3911 2576 3911 2607 3911 2607 3912 2576 3912 2577 3912 2607 3913 2577 3913 2608 3913 2608 3914 2577 3914 2578 3914 2608 3915 2578 3915 2609 3915 2609 3916 2578 3916 2579 3916 2609 3917 2579 3917 2610 3917 2610 3918 2579 3918 2580 3918 2610 3919 2580 3919 2611 3919 2611 3920 2580 3920 2581 3920 2611 3921 2581 3921 2612 3921 2612 3922 2581 3922 2582 3922 2612 3923 2582 3923 2613 3923 2613 3924 2582 3924 2583 3924 2613 3925 2583 3925 2614 3925 2614 3926 2583 3926 2584 3926 2614 3927 2584 3927 2615 3927 2615 3928 2584 3928 2585 3928 2615 3929 2585 3929 2616 3929 2616 3930 2585 3930 2586 3930 2616 3931 2586 3931 2617 3931 2617 3932 2586 3932 2587 3932 2617 3933 2587 3933 2618 3933 2618 3934 2587 3934 2588 3934 2618 3935 2588 3935 2619 3935 2619 3936 2588 3936 2589 3936 2619 3937 2589 3937 2620 3937 2620 3938 2589 3938 2590 3938 2620 3939 2590 3939 2621 3939 2621 3940 2590 3940 2591 3940 2621 3941 2591 3941 2622 3941 2622 3942 2591 3942 2592 3942 2622 3943 2592 3943 2623 3943 2623 3944 2592 3944 2593 3944 2623 3945 2593 3945 2624 3945 2624 3946 2593 3946 2594 3946 2624 3947 2594 3947 2625 3947 2625 3948 2594 3948 2595 3948 2625 3949 2595 3949 2626 3949 2626 3950 2595 3950 2596 3950 2626 3951 2596 3951 2627 3951 2627 3952 2596 3952 2597 3952 2627 3953 2597 3953 2628 3953 2628 3954 2597 3954 2598 3954 2628 3955 2598 3955 2629 3955 2629 3956 2598 3956 2599 3956 2629 3957 2599 3957 2630 3957 2630 3958 2599 3958 2600 3958 2630 3959 2600 3959 2631 3959 2631 3960 2600 3960 2601 3960 2631 3961 2601 3961 2632 3961 2632 3962 2601 3962 2602 3962 2632 3963 2602 3963 2633 3963 2633 3964 2602 3964 2603 3964 2633 3965 2603 3965 2634 3965 2370 3966 2371 3966 2373 3966 2373 3967 2371 3967 2604 3967 2373 3968 2604 3968 2635 3968 2635 3969 2604 3969 2605 3969 2635 3970 2605 3970 2636 3970 2636 3971 2605 3971 2606 3971 2636 3972 2606 3972 2637 3972 2637 3973 2606 3973 2607 3973 2637 3974 2607 3974 2638 3974 2638 3975 2607 3975 2608 3975 2638 3976 2608 3976 2639 3976 2639 3977 2608 3977 2609 3977 2639 3978 2609 3978 2640 3978 2640 3979 2609 3979 2610 3979 2640 3980 2610 3980 2641 3980 2641 3981 2610 3981 2611 3981 2641 3982 2611 3982 2642 3982 2642 3983 2611 3983 2612 3983 2642 3984 2612 3984 2643 3984 2643 3985 2612 3985 2613 3985 2643 3986 2613 3986 2644 3986 2644 3987 2613 3987 2614 3987 2644 3988 2614 3988 2645 3988 2645 3989 2614 3989 2615 3989 2645 3990 2615 3990 2646 3990 2646 3991 2615 3991 2616 3991 2646 3992 2616 3992 2647 3992 2647 3993 2616 3993 2617 3993 2647 3994 2617 3994 2648 3994 2648 3995 2617 3995 2618 3995 2648 3996 2618 3996 2649 3996 2649 3997 2618 3997 2619 3997 2649 3998 2619 3998 2650 3998 2650 3999 2619 3999 2620 3999 2650 4000 2620 4000 2651 4000 2651 4001 2620 4001 2621 4001 2651 4002 2621 4002 2652 4002 2652 4003 2621 4003 2622 4003 2652 4004 2622 4004 2653 4004 2653 4005 2622 4005 2623 4005 2653 4006 2623 4006 2654 4006 2654 4007 2623 4007 2624 4007 2654 4008 2624 4008 2655 4008 2655 4009 2624 4009 2625 4009 2655 4010 2625 4010 2656 4010 2656 4011 2625 4011 2626 4011 2656 4012 2626 4012 2657 4012 2657 4013 2626 4013 2627 4013 2657 4014 2627 4014 2658 4014 2658 4015 2627 4015 2628 4015 2658 4016 2628 4016 2659 4016 2659 4017 2628 4017 2629 4017 2659 4018 2629 4018 2660 4018 2660 4019 2629 4019 2630 4019 2660 4020 2630 4020 2661 4020 2661 4021 2630 4021 2631 4021 2661 4022 2631 4022 2662 4022 2662 4023 2631 4023 2632 4023 2662 4024 2632 4024 2663 4024 2663 4025 2632 4025 2633 4025 2663 4026 2633 4026 2664 4026 2664 4027 2633 4027 2634 4027 2664 4028 2634 4028 2665 4028 2372 4029 2373 4029 2375 4029 2375 4030 2373 4030 2635 4030 2375 4031 2635 4031 2666 4031 2666 4032 2635 4032 2636 4032 2666 4033 2636 4033 2667 4033 2667 4034 2636 4034 2637 4034 2667 4035 2637 4035 2668 4035 2668 4036 2637 4036 2638 4036 2668 4037 2638 4037 2669 4037 2669 4038 2638 4038 2639 4038 2669 4039 2639 4039 2670 4039 2670 4040 2639 4040 2640 4040 2670 4041 2640 4041 2671 4041 2671 4042 2640 4042 2641 4042 2671 4043 2641 4043 2672 4043 2672 4044 2641 4044 2642 4044 2672 4045 2642 4045 2673 4045 2673 4046 2642 4046 2643 4046 2673 4047 2643 4047 2674 4047 2674 4048 2643 4048 2644 4048 2674 4049 2644 4049 2675 4049 2675 4050 2644 4050 2645 4050 2675 4051 2645 4051 2676 4051 2676 4052 2645 4052 2646 4052 2676 4053 2646 4053 2677 4053 2677 4054 2646 4054 2647 4054 2677 4055 2647 4055 2678 4055 2678 4056 2647 4056 2648 4056 2678 4057 2648 4057 2679 4057 2679 4058 2648 4058 2649 4058 2679 4059 2649 4059 2680 4059 2680 4060 2649 4060 2650 4060 2680 4061 2650 4061 2681 4061 2681 4062 2650 4062 2651 4062 2681 4063 2651 4063 2682 4063 2682 4064 2651 4064 2652 4064 2682 4065 2652 4065 2683 4065 2683 4066 2652 4066 2653 4066 2683 4067 2653 4067 2684 4067 2684 4068 2653 4068 2654 4068 2684 4069 2654 4069 2685 4069 2685 4070 2654 4070 2655 4070 2685 4071 2655 4071 2686 4071 2686 4072 2655 4072 2656 4072 2686 4073 2656 4073 2687 4073 2687 4074 2656 4074 2657 4074 2687 4075 2657 4075 2688 4075 2688 4076 2657 4076 2658 4076 2688 4077 2658 4077 2689 4077 2689 4078 2658 4078 2659 4078 2689 4079 2659 4079 2690 4079 2690 4080 2659 4080 2660 4080 2690 4081 2660 4081 2691 4081 2691 4082 2660 4082 2661 4082 2691 4083 2661 4083 2692 4083 2692 4084 2661 4084 2662 4084 2692 4085 2662 4085 2693 4085 2693 4086 2662 4086 2663 4086 2693 4087 2663 4087 2694 4087 2694 4088 2663 4088 2664 4088 2694 4089 2664 4089 2695 4089 2695 4090 2664 4090 2665 4090 2695 4091 2665 4091 2696 4091 2374 4092 2375 4092 2377 4092 2377 4093 2375 4093 2666 4093 2377 4094 2666 4094 2697 4094 2697 4095 2666 4095 2667 4095 2697 4096 2667 4096 2698 4096 2698 4097 2667 4097 2668 4097 2698 4098 2668 4098 2699 4098 2699 4099 2668 4099 2669 4099 2699 4100 2669 4100 2700 4100 2700 4101 2669 4101 2670 4101 2700 4102 2670 4102 2701 4102 2701 4103 2670 4103 2671 4103 2701 4104 2671 4104 2702 4104 2702 4105 2671 4105 2672 4105 2702 4106 2672 4106 2703 4106 2703 4107 2672 4107 2673 4107 2703 4108 2673 4108 2704 4108 2704 4109 2673 4109 2674 4109 2704 4110 2674 4110 2705 4110 2705 4111 2674 4111 2675 4111 2705 4112 2675 4112 2706 4112 2706 4113 2675 4113 2676 4113 2706 4114 2676 4114 2707 4114 2707 4115 2676 4115 2677 4115 2707 4116 2677 4116 2708 4116 2708 4117 2677 4117 2678 4117 2708 4118 2678 4118 2709 4118 2709 4119 2678 4119 2679 4119 2709 4120 2679 4120 2710 4120 2710 4121 2679 4121 2680 4121 2710 4122 2680 4122 2711 4122 2711 4123 2680 4123 2681 4123 2711 4124 2681 4124 2712 4124 2712 4125 2681 4125 2682 4125 2712 4126 2682 4126 2713 4126 2713 4127 2682 4127 2683 4127 2713 4128 2683 4128 2714 4128 2714 4129 2683 4129 2684 4129 2714 4130 2684 4130 2715 4130 2715 4131 2684 4131 2685 4131 2715 4132 2685 4132 2716 4132 2716 4133 2685 4133 2686 4133 2716 4134 2686 4134 2717 4134 2717 4135 2686 4135 2687 4135 2717 4136 2687 4136 2718 4136 2718 4137 2687 4137 2688 4137 2718 4138 2688 4138 2719 4138 2719 4139 2688 4139 2689 4139 2719 4140 2689 4140 2720 4140 2720 4141 2689 4141 2690 4141 2720 4142 2690 4142 2721 4142 2721 4143 2690 4143 2691 4143 2721 4144 2691 4144 2722 4144 2722 4145 2691 4145 2692 4145 2722 4146 2692 4146 2723 4146 2723 4147 2692 4147 2693 4147 2723 4148 2693 4148 2724 4148 2724 4149 2693 4149 2694 4149 2724 4150 2694 4150 2725 4150 2725 4151 2694 4151 2695 4151 2725 4152 2695 4152 2726 4152 2726 4153 2695 4153 2696 4153 2726 4154 2696 4154 2727 4154 2376 4155 2377 4155 2379 4155 2379 4156 2377 4156 2697 4156 2379 4157 2697 4157 2728 4157 2728 4158 2697 4158 2698 4158 2728 4159 2698 4159 2729 4159 2729 4160 2698 4160 2699 4160 2729 4161 2699 4161 2730 4161 2730 4162 2699 4162 2700 4162 2730 4163 2700 4163 2731 4163 2731 4164 2700 4164 2701 4164 2731 4165 2701 4165 2732 4165 2732 4166 2701 4166 2702 4166 2732 4167 2702 4167 2733 4167 2733 4168 2702 4168 2703 4168 2733 4169 2703 4169 2734 4169 2734 4170 2703 4170 2704 4170 2734 4171 2704 4171 2735 4171 2735 4172 2704 4172 2705 4172 2735 4173 2705 4173 2736 4173 2736 4174 2705 4174 2706 4174 2736 4175 2706 4175 2737 4175 2737 4176 2706 4176 2707 4176 2737 4177 2707 4177 2738 4177 2738 4178 2707 4178 2708 4178 2738 4179 2708 4179 2739 4179 2739 4180 2708 4180 2709 4180 2739 4181 2709 4181 2740 4181 2740 4182 2709 4182 2710 4182 2740 4183 2710 4183 2741 4183 2741 4184 2710 4184 2711 4184 2741 4185 2711 4185 2742 4185 2742 4186 2711 4186 2712 4186 2742 4187 2712 4187 2743 4187 2743 4188 2712 4188 2713 4188 2743 4189 2713 4189 2744 4189 2744 4190 2713 4190 2714 4190 2744 4191 2714 4191 2745 4191 2745 4192 2714 4192 2715 4192 2745 4193 2715 4193 2746 4193 2746 4194 2715 4194 2716 4194 2746 4195 2716 4195 2747 4195 2747 4196 2716 4196 2717 4196 2747 4197 2717 4197 2748 4197 2748 4198 2717 4198 2718 4198 2748 4199 2718 4199 2749 4199 2749 4200 2718 4200 2719 4200 2749 4201 2719 4201 2750 4201 2750 4202 2719 4202 2720 4202 2750 4203 2720 4203 2751 4203 2751 4204 2720 4204 2721 4204 2751 4205 2721 4205 2752 4205 2752 4206 2721 4206 2722 4206 2752 4207 2722 4207 2753 4207 2753 4208 2722 4208 2723 4208 2753 4209 2723 4209 2754 4209 2754 4210 2723 4210 2724 4210 2754 4211 2724 4211 2755 4211 2755 4212 2724 4212 2725 4212 2755 4213 2725 4213 2756 4213 2756 4214 2725 4214 2726 4214 2756 4215 2726 4215 2757 4215 2757 4216 2726 4216 2727 4216 2757 4217 2727 4217 2758 4217 2378 4218 2379 4218 2381 4218 2381 4219 2379 4219 2728 4219 2381 4220 2728 4220 2759 4220 2759 4221 2728 4221 2729 4221 2759 4222 2729 4222 2760 4222 2760 4223 2729 4223 2730 4223 2760 4224 2730 4224 2761 4224 2761 4225 2730 4225 2731 4225 2761 4226 2731 4226 2762 4226 2762 4227 2731 4227 2732 4227 2762 4228 2732 4228 2763 4228 2763 4229 2732 4229 2733 4229 2763 4230 2733 4230 2764 4230 2764 4231 2733 4231 2734 4231 2764 4232 2734 4232 2765 4232 2765 4233 2734 4233 2735 4233 2765 4234 2735 4234 2766 4234 2766 4235 2735 4235 2736 4235 2766 4236 2736 4236 2767 4236 2767 4237 2736 4237 2737 4237 2767 4238 2737 4238 2768 4238 2768 4239 2737 4239 2738 4239 2768 4240 2738 4240 2769 4240 2769 4241 2738 4241 2739 4241 2769 4242 2739 4242 2770 4242 2770 4243 2739 4243 2740 4243 2770 4244 2740 4244 2771 4244 2771 4245 2740 4245 2741 4245 2771 4246 2741 4246 2772 4246 2772 4247 2741 4247 2742 4247 2772 4248 2742 4248 2773 4248 2773 4249 2742 4249 2743 4249 2773 4250 2743 4250 2774 4250 2774 4251 2743 4251 2744 4251 2774 4252 2744 4252 2775 4252 2775 4253 2744 4253 2745 4253 2775 4254 2745 4254 2776 4254 2776 4255 2745 4255 2746 4255 2776 4256 2746 4256 2777 4256 2777 4257 2746 4257 2747 4257 2777 4258 2747 4258 2778 4258 2778 4259 2747 4259 2748 4259 2778 4260 2748 4260 2779 4260 2779 4261 2748 4261 2749 4261 2779 4262 2749 4262 2780 4262 2780 4263 2749 4263 2750 4263 2780 4264 2750 4264 2781 4264 2781 4265 2750 4265 2751 4265 2781 4266 2751 4266 2782 4266 2782 4267 2751 4267 2752 4267 2782 4268 2752 4268 2783 4268 2783 4269 2752 4269 2753 4269 2783 4270 2753 4270 2784 4270 2784 4271 2753 4271 2754 4271 2784 4272 2754 4272 2785 4272 2785 4273 2754 4273 2755 4273 2785 4274 2755 4274 2786 4274 2786 4275 2755 4275 2756 4275 2786 4276 2756 4276 2787 4276 2787 4277 2756 4277 2757 4277 2787 4278 2757 4278 2788 4278 2788 4279 2757 4279 2758 4279 2788 4280 2758 4280 2789 4280 2380 4281 2381 4281 2383 4281 2383 4282 2381 4282 2759 4282 2383 4283 2759 4283 2790 4283 2790 4284 2759 4284 2760 4284 2790 4285 2760 4285 2791 4285 2791 4286 2760 4286 2761 4286 2791 4287 2761 4287 2792 4287 2792 4288 2761 4288 2762 4288 2792 4289 2762 4289 2793 4289 2793 4290 2762 4290 2763 4290 2793 4291 2763 4291 2794 4291 2794 4292 2763 4292 2764 4292 2794 4293 2764 4293 2795 4293 2795 4294 2764 4294 2765 4294 2795 4295 2765 4295 2796 4295 2796 4296 2765 4296 2766 4296 2796 4297 2766 4297 2797 4297 2797 4298 2766 4298 2767 4298 2797 4299 2767 4299 2798 4299 2798 4300 2767 4300 2768 4300 2798 4301 2768 4301 2799 4301 2799 4302 2768 4302 2769 4302 2799 4303 2769 4303 2800 4303 2800 4304 2769 4304 2770 4304 2800 4305 2770 4305 2801 4305 2801 4306 2770 4306 2771 4306 2801 4307 2771 4307 2802 4307 2802 4308 2771 4308 2772 4308 2802 4309 2772 4309 2803 4309 2803 4310 2772 4310 2773 4310 2803 4311 2773 4311 2804 4311 2804 4312 2773 4312 2774 4312 2804 4313 2774 4313 2805 4313 2805 4314 2774 4314 2775 4314 2805 4315 2775 4315 2806 4315 2806 4316 2775 4316 2776 4316 2806 4317 2776 4317 2807 4317 2807 4318 2776 4318 2777 4318 2807 4319 2777 4319 2808 4319 2808 4320 2777 4320 2778 4320 2808 4321 2778 4321 2809 4321 2809 4322 2778 4322 2779 4322 2809 4323 2779 4323 2810 4323 2810 4324 2779 4324 2780 4324 2810 4325 2780 4325 2811 4325 2811 4326 2780 4326 2781 4326 2811 4327 2781 4327 2812 4327 2812 4328 2781 4328 2782 4328 2812 4329 2782 4329 2813 4329 2813 4330 2782 4330 2783 4330 2813 4331 2783 4331 2814 4331 2814 4332 2783 4332 2784 4332 2814 4333 2784 4333 2815 4333 2815 4334 2784 4334 2785 4334 2815 4335 2785 4335 2816 4335 2816 4336 2785 4336 2786 4336 2816 4337 2786 4337 2817 4337 2817 4338 2786 4338 2787 4338 2817 4339 2787 4339 2818 4339 2818 4340 2787 4340 2788 4340 2818 4341 2788 4341 2819 4341 2819 4342 2788 4342 2789 4342 2819 4343 2789 4343 2820 4343 2382 4344 2383 4344 2384 4344 2384 4345 2383 4345 2790 4345 2384 4346 2790 4346 2821 4346 2821 4347 2790 4347 2791 4347 2821 4348 2791 4348 2822 4348 2822 4349 2791 4349 2792 4349 2822 4350 2792 4350 2823 4350 2823 4351 2792 4351 2793 4351 2823 4352 2793 4352 2824 4352 2824 4353 2793 4353 2794 4353 2824 4354 2794 4354 2825 4354 2825 4355 2794 4355 2795 4355 2825 4356 2795 4356 2826 4356 2826 4357 2795 4357 2796 4357 2826 4358 2796 4358 2827 4358 2827 4359 2796 4359 2797 4359 2827 4360 2797 4360 2828 4360 2828 4361 2797 4361 2798 4361 2828 4362 2798 4362 2829 4362 2829 4363 2798 4363 2799 4363 2829 4364 2799 4364 2830 4364 2830 4365 2799 4365 2800 4365 2830 4366 2800 4366 2831 4366 2831 4367 2800 4367 2801 4367 2831 4368 2801 4368 2832 4368 2832 4369 2801 4369 2802 4369 2832 4370 2802 4370 2833 4370 2833 4371 2802 4371 2803 4371 2833 4372 2803 4372 2834 4372 2834 4373 2803 4373 2804 4373 2834 4374 2804 4374 2835 4374 2835 4375 2804 4375 2805 4375 2835 4376 2805 4376 2836 4376 2836 4377 2805 4377 2806 4377 2836 4378 2806 4378 2837 4378 2837 4379 2806 4379 2807 4379 2837 4380 2807 4380 2838 4380 2838 4381 2807 4381 2808 4381 2838 4382 2808 4382 2839 4382 2839 4383 2808 4383 2809 4383 2839 4384 2809 4384 2840 4384 2840 4385 2809 4385 2810 4385 2840 4386 2810 4386 2841 4386 2841 4387 2810 4387 2811 4387 2841 4388 2811 4388 2842 4388 2842 4389 2811 4389 2812 4389 2842 4390 2812 4390 2843 4390 2843 4391 2812 4391 2813 4391 2843 4392 2813 4392 2844 4392 2844 4393 2813 4393 2814 4393 2844 4394 2814 4394 2845 4394 2845 4395 2814 4395 2815 4395 2845 4396 2815 4396 2846 4396 2846 4397 2815 4397 2816 4397 2846 4398 2816 4398 2847 4398 2847 4399 2816 4399 2817 4399 2847 4400 2817 4400 2848 4400 2848 4401 2817 4401 2818 4401 2848 4402 2818 4402 2849 4402 2849 4403 2818 4403 2819 4403 2849 4404 2819 4404 2850 4404 2850 4405 2819 4405 2820 4405 2850 4406 2820 4406 2851 4406 2273 4407 2384 4407 2275 4407 2275 4408 2384 4408 2821 4408 2275 4409 2821 4409 2278 4409 2278 4410 2821 4410 2822 4410 2278 4411 2822 4411 2280 4411 2280 4412 2822 4412 2823 4412 2280 4413 2823 4413 2283 4413 2283 4414 2823 4414 2824 4414 2283 4415 2824 4415 2285 4415 2285 4416 2824 4416 2825 4416 2285 4417 2825 4417 2288 4417 2288 4418 2825 4418 2826 4418 2288 4419 2826 4419 2290 4419 2290 4420 2826 4420 2827 4420 2290 4421 2827 4421 2296 4421 2296 4422 2827 4422 2828 4422 2296 4423 2828 4423 2294 4423 2294 4424 2828 4424 2829 4424 2294 4425 2829 4425 2292 4425 2292 4426 2829 4426 2830 4426 2292 4427 2830 4427 2301 4427 2301 4428 2830 4428 2831 4428 2301 4429 2831 4429 2299 4429 2299 4430 2831 4430 2832 4430 2299 4431 2832 4431 2306 4431 2306 4432 2832 4432 2833 4432 2306 4433 2833 4433 2304 4433 2304 4434 2833 4434 2834 4434 2304 4435 2834 4435 2313 4435 2313 4436 2834 4436 2835 4436 2313 4437 2835 4437 2311 4437 2311 4438 2835 4438 2836 4438 2311 4439 2836 4439 2309 4439 2309 4440 2836 4440 2837 4440 2309 4441 2837 4441 2318 4441 2318 4442 2837 4442 2838 4442 2318 4443 2838 4443 2316 4443 2316 4444 2838 4444 2839 4444 2316 4445 2839 4445 2323 4445 2323 4446 2839 4446 2840 4446 2323 4447 2840 4447 2321 4447 2321 4448 2840 4448 2841 4448 2321 4449 2841 4449 2330 4449 2330 4450 2841 4450 2842 4450 2330 4451 2842 4451 2328 4451 2328 4452 2842 4452 2843 4452 2328 4453 2843 4453 2334 4453 2334 4454 2843 4454 2844 4454 2334 4455 2844 4455 2336 4455 2336 4456 2844 4456 2845 4456 2336 4457 2845 4457 2338 4457 2338 4458 2845 4458 2846 4458 2338 4459 2846 4459 2341 4459 2341 4460 2846 4460 2847 4460 2341 4461 2847 4461 2343 4461 2343 4462 2847 4462 2848 4462 2343 4463 2848 4463 2346 4463 2346 4464 2848 4464 2849 4464 2346 4465 2849 4465 2348 4465 2348 4466 2849 4466 2850 4466 2348 4467 2850 4467 2351 4467 2351 4468 2850 4468 2851 4468 2351 4469 2851 4469 2353 4469 2354 4470 2353 4470 2852 4470 2852 4471 2353 4471 2853 4471 2854 4472 2855 4472 2856 4472 2856 4473 2855 4473 2857 4473 2856 4474 2857 4474 2853 4474 2853 4475 2857 4475 2858 4475 2853 4476 2858 4476 2852 4476 2859 4477 2860 4477 2861 4477 2861 4478 2860 4478 2862 4478 2861 4479 2862 4479 2854 4479 2854 4480 2862 4480 2863 4480 2854 4481 2863 4481 2855 4481 2864 4482 2865 4482 2866 4482 2866 4483 2865 4483 2867 4483 2866 4484 2867 4484 2868 4484 2868 4485 2867 4485 2869 4485 2868 4486 2869 4486 2859 4486 2859 4487 2869 4487 2870 4487 2859 4488 2870 4488 2860 4488 2864 4489 2866 4489 2871 4489 2871 4490 2866 4490 2872 4490 2871 4491 2872 4491 2873 4491 2873 4492 2872 4492 2874 4492 2873 4493 2874 4493 2875 4493 2875 4494 2874 4494 2876 4494 2875 4495 2876 4495 2877 4495 2877 4496 2876 4496 2878 4496 2878 4497 2876 4497 2879 4497 2878 4498 2879 4498 2880 4498 2880 4499 2879 4499 2881 4499 2880 4500 2881 4500 2882 4500 2882 4501 2881 4501 2883 4501 2883 4502 2881 4502 2884 4502 2883 4503 2884 4503 2885 4503 2885 4504 2884 4504 2886 4504 2885 4505 2886 4505 2887 4505 2887 4506 2886 4506 2888 4506 2888 4507 2886 4507 2889 4507 2888 4508 2889 4508 2890 4508 2890 4509 2889 4509 2891 4509 2890 4510 2891 4510 2892 4510 2893 4511 2894 4511 2895 4511 2895 4512 2894 4512 2896 4512 2895 4513 2896 4513 2897 4513 2897 4514 2896 4514 2898 4514 2897 4515 2898 4515 2891 4515 2891 4516 2898 4516 2899 4516 2891 4517 2899 4517 2892 4517 2900 4518 2901 4518 2902 4518 2902 4519 2901 4519 2903 4519 2902 4520 2903 4520 2893 4520 2893 4521 2903 4521 2904 4521 2893 4522 2904 4522 2894 4522 2905 4523 2906 4523 2907 4523 2907 4524 2906 4524 2908 4524 2907 4525 2908 4525 2909 4525 2909 4526 2908 4526 2910 4526 2909 4527 2910 4527 2900 4527 2900 4528 2910 4528 2911 4528 2900 4529 2911 4529 2901 4529 2905 4530 2907 4530 2912 4530 2912 4531 2907 4531 2913 4531 2912 4532 2913 4532 2914 4532 2914 4533 2913 4533 2915 4533 2914 4534 2915 4534 2916 4534 2916 4535 2915 4535 2917 4535 2916 4536 2917 4536 2918 4536 2918 4537 2917 4537 2919 4537 2919 4538 2917 4538 2920 4538 2919 4539 2920 4539 2921 4539 2921 4540 2920 4540 2922 4540 2921 4541 2922 4541 2923 4541 2923 4542 2922 4542 2924 4542 2924 4543 2922 4543 2925 4543 2924 4544 2925 4544 2926 4544 2926 4545 2925 4545 2927 4545 2926 4546 2927 4546 2928 4546 2928 4547 2927 4547 2929 4547 2929 4548 2927 4548 2930 4548 2929 4549 2930 4549 2931 4549 2931 4550 2930 4550 2273 4550 2931 4551 2273 4551 2272 4551 2448 4552 2447 4552 2932 4552 2479 4553 2448 4553 2933 4553 2510 4554 2479 4554 2934 4554 2541 4555 2510 4555 2935 4555 2572 4556 2541 4556 2936 4556 2603 4557 2572 4557 2937 4557 2634 4558 2603 4558 2938 4558 2665 4559 2634 4559 2939 4559 2696 4560 2665 4560 2940 4560 2727 4561 2696 4561 2941 4561 2758 4562 2727 4562 2942 4562 2789 4563 2758 4563 2943 4563 2820 4564 2789 4564 2944 4564 2851 4565 2820 4565 2945 4565 2353 4566 2851 4566 2946 4566 2448 4567 2932 4567 2933 4567 2933 4568 2932 4568 2947 4568 2933 4569 2947 4569 2948 4569 2948 4570 2947 4570 2949 4570 2948 4571 2949 4571 2950 4571 2950 4572 2949 4572 2951 4572 2950 4573 2951 4573 2952 4573 2952 4574 2951 4574 2953 4574 2952 4575 2953 4575 2954 4575 2954 4576 2953 4576 2955 4576 2954 4577 2955 4577 2956 4577 2956 4578 2955 4578 2957 4578 2956 4579 2957 4579 2958 4579 2958 4580 2957 4580 2959 4580 2958 4581 2959 4581 2960 4581 2960 4582 2959 4582 2961 4582 2960 4583 2961 4583 2962 4583 2962 4584 2961 4584 2963 4584 2962 4585 2963 4585 2964 4585 2964 4586 2963 4586 2965 4586 2964 4587 2965 4587 2966 4587 2965 4588 2967 4588 2966 4588 2966 4589 2967 4589 2968 4589 2966 4590 2968 4590 2969 4590 2969 4591 2968 4591 2970 4591 2969 4592 2970 4592 2971 4592 2971 4593 2970 4593 2972 4593 2971 4594 2972 4594 2973 4594 2973 4595 2972 4595 2974 4595 2973 4596 2974 4596 2975 4596 2975 4597 2974 4597 2976 4597 2975 4598 2976 4598 2977 4598 2977 4599 2976 4599 2978 4599 2977 4600 2978 4600 2979 4600 2979 4601 2978 4601 2980 4601 2979 4602 2980 4602 2981 4602 2981 4603 2980 4603 2982 4603 2981 4604 2982 4604 2983 4604 2983 4605 2982 4605 2984 4605 2983 4606 2984 4606 2985 4606 2985 4607 2984 4607 2986 4607 2985 4608 2986 4608 2987 4608 2987 4609 2986 4609 2988 4609 2987 4610 2988 4610 2989 4610 2988 4611 2990 4611 2989 4611 2989 4612 2990 4612 2991 4612 2989 4613 2991 4613 2992 4613 2992 4614 2991 4614 2993 4614 2992 4615 2993 4615 2994 4615 2994 4616 2993 4616 2995 4616 2994 4617 2995 4617 2996 4617 2996 4618 2995 4618 2997 4618 2996 4619 2997 4619 2998 4619 2998 4620 2997 4620 2999 4620 2998 4621 2999 4621 3000 4621 3000 4622 2999 4622 3001 4622 3000 4623 3001 4623 3002 4623 3002 4624 3001 4624 3003 4624 3002 4625 3003 4625 3004 4625 3004 4626 3003 4626 3005 4626 3004 4627 3005 4627 3006 4627 3006 4628 3005 4628 3007 4628 3006 4629 3007 4629 3008 4629 3008 4630 3007 4630 2356 4630 3008 4631 2356 4631 2355 4631 2479 4632 2933 4632 2934 4632 2934 4633 2933 4633 2948 4633 2934 4634 2948 4634 3009 4634 3009 4635 2948 4635 2950 4635 3009 4636 2950 4636 3010 4636 3010 4637 2950 4637 2952 4637 3010 4638 2952 4638 3011 4638 3011 4639 2952 4639 2954 4639 3011 4640 2954 4640 3012 4640 3012 4641 2954 4641 2956 4641 3012 4642 2956 4642 3013 4642 3013 4643 2956 4643 2958 4643 3013 4644 2958 4644 3014 4644 3014 4645 2958 4645 2960 4645 3014 4646 2960 4646 3015 4646 3015 4647 2960 4647 2962 4647 3015 4648 2962 4648 3016 4648 3016 4649 2962 4649 2964 4649 3016 4650 2964 4650 3017 4650 3017 4651 2964 4651 2966 4651 3017 4652 2966 4652 3018 4652 3018 4653 2966 4653 2969 4653 3018 4654 2969 4654 3019 4654 3019 4655 2969 4655 2971 4655 3019 4656 2971 4656 3020 4656 3020 4657 2971 4657 2973 4657 3020 4658 2973 4658 3021 4658 3021 4659 2973 4659 2975 4659 3021 4660 2975 4660 3022 4660 3022 4661 2975 4661 2977 4661 3022 4662 2977 4662 3023 4662 3023 4663 2977 4663 2979 4663 3023 4664 2979 4664 3024 4664 3024 4665 2979 4665 2981 4665 3024 4666 2981 4666 3025 4666 3025 4667 2981 4667 2983 4667 3025 4668 2983 4668 3026 4668 3026 4669 2983 4669 2985 4669 3026 4670 2985 4670 3027 4670 3027 4671 2985 4671 2987 4671 3027 4672 2987 4672 3028 4672 3028 4673 2987 4673 2989 4673 3028 4674 2989 4674 3029 4674 3029 4675 2989 4675 2992 4675 3029 4676 2992 4676 3030 4676 3030 4677 2992 4677 2994 4677 3030 4678 2994 4678 3031 4678 3031 4679 2994 4679 2996 4679 3031 4680 2996 4680 3032 4680 3032 4681 2996 4681 2998 4681 3032 4682 2998 4682 3033 4682 3033 4683 2998 4683 3000 4683 3033 4684 3000 4684 3034 4684 3034 4685 3000 4685 3002 4685 3034 4686 3002 4686 3035 4686 3035 4687 3002 4687 3004 4687 3035 4688 3004 4688 3036 4688 3036 4689 3004 4689 3006 4689 3036 4690 3006 4690 3037 4690 3037 4691 3006 4691 3008 4691 3037 4692 3008 4692 3038 4692 3038 4693 3008 4693 2355 4693 3038 4694 2355 4694 2358 4694 2510 4695 2934 4695 2935 4695 2935 4696 2934 4696 3009 4696 2935 4697 3009 4697 3039 4697 3039 4698 3009 4698 3010 4698 3039 4699 3010 4699 3040 4699 3040 4700 3010 4700 3011 4700 3040 4701 3011 4701 3041 4701 3041 4702 3011 4702 3012 4702 3041 4703 3012 4703 3042 4703 3042 4704 3012 4704 3013 4704 3042 4705 3013 4705 3043 4705 3043 4706 3013 4706 3014 4706 3043 4707 3014 4707 3044 4707 3044 4708 3014 4708 3015 4708 3044 4709 3015 4709 3045 4709 3045 4710 3015 4710 3016 4710 3045 4711 3016 4711 3046 4711 3046 4712 3016 4712 3017 4712 3046 4713 3017 4713 3047 4713 3047 4714 3017 4714 3018 4714 3047 4715 3018 4715 3048 4715 3048 4716 3018 4716 3019 4716 3048 4717 3019 4717 3049 4717 3049 4718 3019 4718 3020 4718 3049 4719 3020 4719 3050 4719 3050 4720 3020 4720 3021 4720 3050 4721 3021 4721 3051 4721 3051 4722 3021 4722 3022 4722 3051 4723 3022 4723 3052 4723 3052 4724 3022 4724 3023 4724 3052 4725 3023 4725 3053 4725 3053 4726 3023 4726 3024 4726 3053 4727 3024 4727 3054 4727 3054 4728 3024 4728 3025 4728 3054 4729 3025 4729 3055 4729 3055 4730 3025 4730 3026 4730 3055 4731 3026 4731 3056 4731 3056 4732 3026 4732 3027 4732 3056 4733 3027 4733 3057 4733 3057 4734 3027 4734 3028 4734 3057 4735 3028 4735 3058 4735 3058 4736 3028 4736 3029 4736 3058 4737 3029 4737 3059 4737 3059 4738 3029 4738 3030 4738 3059 4739 3030 4739 3060 4739 3060 4740 3030 4740 3031 4740 3060 4741 3031 4741 3061 4741 3061 4742 3031 4742 3032 4742 3061 4743 3032 4743 3062 4743 3062 4744 3032 4744 3033 4744 3062 4745 3033 4745 3063 4745 3063 4746 3033 4746 3034 4746 3063 4747 3034 4747 3064 4747 3064 4748 3034 4748 3035 4748 3064 4749 3035 4749 3065 4749 3065 4750 3035 4750 3036 4750 3065 4751 3036 4751 3066 4751 3066 4752 3036 4752 3037 4752 3066 4753 3037 4753 3067 4753 3067 4754 3037 4754 3038 4754 3067 4755 3038 4755 3068 4755 3068 4756 3038 4756 2358 4756 3068 4757 2358 4757 2360 4757 2541 4758 2935 4758 2936 4758 2936 4759 2935 4759 3039 4759 2936 4760 3039 4760 3069 4760 3069 4761 3039 4761 3040 4761 3069 4762 3040 4762 3070 4762 3070 4763 3040 4763 3041 4763 3070 4764 3041 4764 3071 4764 3071 4765 3041 4765 3042 4765 3071 4766 3042 4766 3072 4766 3072 4767 3042 4767 3043 4767 3072 4768 3043 4768 3073 4768 3073 4769 3043 4769 3044 4769 3073 4770 3044 4770 3074 4770 3074 4771 3044 4771 3045 4771 3074 4772 3045 4772 3075 4772 3075 4773 3045 4773 3046 4773 3075 4774 3046 4774 3076 4774 3076 4775 3046 4775 3047 4775 3076 4776 3047 4776 3077 4776 3077 4777 3047 4777 3048 4777 3077 4778 3048 4778 3078 4778 3078 4779 3048 4779 3049 4779 3078 4780 3049 4780 3079 4780 3079 4781 3049 4781 3050 4781 3079 4782 3050 4782 3080 4782 3080 4783 3050 4783 3051 4783 3080 4784 3051 4784 3081 4784 3081 4785 3051 4785 3052 4785 3081 4786 3052 4786 3082 4786 3082 4787 3052 4787 3053 4787 3082 4788 3053 4788 3083 4788 3083 4789 3053 4789 3054 4789 3083 4790 3054 4790 3084 4790 3084 4791 3054 4791 3055 4791 3084 4792 3055 4792 3085 4792 3085 4793 3055 4793 3056 4793 3085 4794 3056 4794 3086 4794 3086 4795 3056 4795 3057 4795 3086 4796 3057 4796 3087 4796 3087 4797 3057 4797 3058 4797 3087 4798 3058 4798 3088 4798 3088 4799 3058 4799 3059 4799 3088 4800 3059 4800 3089 4800 3089 4801 3059 4801 3060 4801 3089 4802 3060 4802 3090 4802 3090 4803 3060 4803 3061 4803 3090 4804 3061 4804 3091 4804 3091 4805 3061 4805 3062 4805 3091 4806 3062 4806 3092 4806 3092 4807 3062 4807 3063 4807 3092 4808 3063 4808 3093 4808 3093 4809 3063 4809 3064 4809 3093 4810 3064 4810 3094 4810 3094 4811 3064 4811 3065 4811 3094 4812 3065 4812 3095 4812 3095 4813 3065 4813 3066 4813 3095 4814 3066 4814 3096 4814 3096 4815 3066 4815 3067 4815 3096 4816 3067 4816 3097 4816 3097 4817 3067 4817 3068 4817 3097 4818 3068 4818 3098 4818 3098 4819 3068 4819 2360 4819 3098 4820 2360 4820 2362 4820 2572 4821 2936 4821 2937 4821 2937 4822 2936 4822 3069 4822 2937 4823 3069 4823 3099 4823 3099 4824 3069 4824 3070 4824 3099 4825 3070 4825 3100 4825 3100 4826 3070 4826 3071 4826 3100 4827 3071 4827 3101 4827 3101 4828 3071 4828 3072 4828 3101 4829 3072 4829 3102 4829 3102 4830 3072 4830 3073 4830 3102 4831 3073 4831 3103 4831 3103 4832 3073 4832 3074 4832 3103 4833 3074 4833 3104 4833 3104 4834 3074 4834 3075 4834 3104 4835 3075 4835 3105 4835 3105 4836 3075 4836 3076 4836 3105 4837 3076 4837 3106 4837 3106 4838 3076 4838 3077 4838 3106 4839 3077 4839 3107 4839 3107 4840 3077 4840 3078 4840 3107 4841 3078 4841 3108 4841 3108 4842 3078 4842 3079 4842 3108 4843 3079 4843 3109 4843 3109 4844 3079 4844 3080 4844 3109 4845 3080 4845 3110 4845 3110 4846 3080 4846 3081 4846 3110 4847 3081 4847 3111 4847 3111 4848 3081 4848 3082 4848 3111 4849 3082 4849 3112 4849 3112 4850 3082 4850 3083 4850 3112 4851 3083 4851 3113 4851 3113 4852 3083 4852 3084 4852 3113 4853 3084 4853 3114 4853 3114 4854 3084 4854 3085 4854 3114 4855 3085 4855 3115 4855 3115 4856 3085 4856 3086 4856 3115 4857 3086 4857 3116 4857 3116 4858 3086 4858 3087 4858 3116 4859 3087 4859 3117 4859 3117 4860 3087 4860 3088 4860 3117 4861 3088 4861 3118 4861 3118 4862 3088 4862 3089 4862 3118 4863 3089 4863 3119 4863 3119 4864 3089 4864 3090 4864 3119 4865 3090 4865 3120 4865 3120 4866 3090 4866 3091 4866 3120 4867 3091 4867 3121 4867 3121 4868 3091 4868 3092 4868 3121 4869 3092 4869 3122 4869 3122 4870 3092 4870 3093 4870 3122 4871 3093 4871 3123 4871 3123 4872 3093 4872 3094 4872 3123 4873 3094 4873 3124 4873 3124 4874 3094 4874 3095 4874 3124 4875 3095 4875 3125 4875 3125 4876 3095 4876 3096 4876 3125 4877 3096 4877 3126 4877 3126 4878 3096 4878 3097 4878 3126 4879 3097 4879 3127 4879 3127 4880 3097 4880 3098 4880 3127 4881 3098 4881 3128 4881 3128 4882 3098 4882 2362 4882 3128 4883 2362 4883 2364 4883 2603 4884 2937 4884 2938 4884 2938 4885 2937 4885 3099 4885 2938 4886 3099 4886 3129 4886 3129 4887 3099 4887 3100 4887 3129 4888 3100 4888 3130 4888 3130 4889 3100 4889 3101 4889 3130 4890 3101 4890 3131 4890 3131 4891 3101 4891 3102 4891 3131 4892 3102 4892 3132 4892 3132 4893 3102 4893 3103 4893 3132 4894 3103 4894 3133 4894 3133 4895 3103 4895 3104 4895 3133 4896 3104 4896 3134 4896 3134 4897 3104 4897 3105 4897 3134 4898 3105 4898 3135 4898 3135 4899 3105 4899 3106 4899 3135 4900 3106 4900 3136 4900 3136 4901 3106 4901 3107 4901 3136 4902 3107 4902 3137 4902 3137 4903 3107 4903 3108 4903 3137 4904 3108 4904 3138 4904 3138 4905 3108 4905 3109 4905 3138 4906 3109 4906 3139 4906 3139 4907 3109 4907 3110 4907 3139 4908 3110 4908 3140 4908 3140 4909 3110 4909 3111 4909 3140 4910 3111 4910 3141 4910 3141 4911 3111 4911 3112 4911 3141 4912 3112 4912 3142 4912 3142 4913 3112 4913 3113 4913 3142 4914 3113 4914 3143 4914 3143 4915 3113 4915 3114 4915 3143 4916 3114 4916 3144 4916 3144 4917 3114 4917 3115 4917 3144 4918 3115 4918 3145 4918 3145 4919 3115 4919 3116 4919 3145 4920 3116 4920 3146 4920 3146 4921 3116 4921 3117 4921 3146 4922 3117 4922 3147 4922 3147 4923 3117 4923 3118 4923 3147 4924 3118 4924 3148 4924 3148 4925 3118 4925 3119 4925 3148 4926 3119 4926 3149 4926 3149 4927 3119 4927 3120 4927 3149 4928 3120 4928 3150 4928 3150 4929 3120 4929 3121 4929 3150 4930 3121 4930 3151 4930 3151 4931 3121 4931 3122 4931 3151 4932 3122 4932 3152 4932 3152 4933 3122 4933 3123 4933 3152 4934 3123 4934 3153 4934 3153 4935 3123 4935 3124 4935 3153 4936 3124 4936 3154 4936 3154 4937 3124 4937 3125 4937 3154 4938 3125 4938 3155 4938 3155 4939 3125 4939 3126 4939 3155 4940 3126 4940 3156 4940 3156 4941 3126 4941 3127 4941 3156 4942 3127 4942 3157 4942 3157 4943 3127 4943 3128 4943 3157 4944 3128 4944 3158 4944 3158 4945 3128 4945 2364 4945 3158 4946 2364 4946 3159 4946 2634 4947 2938 4947 2939 4947 2939 4948 2938 4948 3129 4948 2939 4949 3129 4949 3160 4949 3160 4950 3129 4950 3130 4950 3160 4951 3130 4951 3161 4951 3161 4952 3130 4952 3131 4952 3161 4953 3131 4953 3162 4953 3162 4954 3131 4954 3132 4954 3162 4955 3132 4955 3163 4955 3163 4956 3132 4956 3133 4956 3163 4957 3133 4957 3164 4957 3164 4958 3133 4958 3134 4958 3164 4959 3134 4959 3165 4959 3165 4960 3134 4960 3135 4960 3165 4961 3135 4961 3166 4961 3166 4962 3135 4962 3136 4962 3166 4963 3136 4963 3167 4963 3167 4964 3136 4964 3137 4964 3167 4965 3137 4965 3168 4965 3168 4966 3137 4966 3138 4966 3168 4967 3138 4967 3169 4967 3169 4968 3138 4968 3139 4968 3169 4969 3139 4969 3170 4969 3170 4970 3139 4970 3140 4970 3170 4971 3140 4971 3171 4971 3171 4972 3140 4972 3141 4972 3171 4973 3141 4973 3172 4973 3172 4974 3141 4974 3142 4974 3172 4975 3142 4975 3173 4975 3173 4976 3142 4976 3143 4976 3173 4977 3143 4977 3174 4977 3174 4978 3143 4978 3144 4978 3174 4979 3144 4979 3175 4979 3175 4980 3144 4980 3145 4980 3175 4981 3145 4981 3176 4981 3176 4982 3145 4982 3146 4982 3176 4983 3146 4983 3177 4983 3177 4984 3146 4984 3147 4984 3177 4985 3147 4985 3178 4985 3178 4986 3147 4986 3148 4986 3178 4987 3148 4987 3179 4987 3179 4988 3148 4988 3149 4988 3179 4989 3149 4989 3180 4989 3180 4990 3149 4990 3150 4990 3180 4991 3150 4991 3181 4991 3181 4992 3150 4992 3151 4992 3181 4993 3151 4993 3182 4993 3182 4994 3151 4994 3152 4994 3182 4995 3152 4995 3183 4995 3183 4996 3152 4996 3153 4996 3183 4997 3153 4997 3184 4997 3184 4998 3153 4998 3154 4998 3184 4999 3154 4999 3185 4999 3185 5000 3154 5000 3155 5000 3185 5001 3155 5001 3186 5001 3186 5002 3155 5002 3156 5002 3186 5003 3156 5003 3187 5003 3187 5004 3156 5004 3157 5004 3187 5005 3157 5005 3188 5005 3188 5006 3157 5006 3158 5006 3188 5007 3158 5007 3189 5007 3189 5008 3158 5008 3159 5008 3189 5009 3159 5009 2368 5009 2665 5010 2939 5010 2940 5010 2940 5011 2939 5011 3160 5011 2940 5012 3160 5012 3190 5012 3190 5013 3160 5013 3161 5013 3190 5014 3161 5014 3191 5014 3191 5015 3161 5015 3162 5015 3191 5016 3162 5016 3192 5016 3192 5017 3162 5017 3163 5017 3192 5018 3163 5018 3193 5018 3193 5019 3163 5019 3164 5019 3193 5020 3164 5020 3194 5020 3194 5021 3164 5021 3165 5021 3194 5022 3165 5022 3195 5022 3195 5023 3165 5023 3166 5023 3195 5024 3166 5024 3196 5024 3196 5025 3166 5025 3167 5025 3196 5026 3167 5026 3197 5026 3197 5027 3167 5027 3168 5027 3197 5028 3168 5028 3198 5028 3198 5029 3168 5029 3169 5029 3198 5030 3169 5030 3199 5030 3199 5031 3169 5031 3170 5031 3199 5032 3170 5032 3200 5032 3200 5033 3170 5033 3171 5033 3200 5034 3171 5034 3201 5034 3201 5035 3171 5035 3172 5035 3201 5036 3172 5036 3202 5036 3202 5037 3172 5037 3173 5037 3202 5038 3173 5038 3203 5038 3203 5039 3173 5039 3174 5039 3203 5040 3174 5040 3204 5040 3204 5041 3174 5041 3175 5041 3204 5042 3175 5042 3205 5042 3205 5043 3175 5043 3176 5043 3205 5044 3176 5044 3206 5044 3206 5045 3176 5045 3177 5045 3206 5046 3177 5046 3207 5046 3207 5047 3177 5047 3178 5047 3207 5048 3178 5048 3208 5048 3208 5049 3178 5049 3179 5049 3208 5050 3179 5050 3209 5050 3209 5051 3179 5051 3180 5051 3209 5052 3180 5052 3210 5052 3210 5053 3180 5053 3181 5053 3210 5054 3181 5054 3211 5054 3211 5055 3181 5055 3182 5055 3211 5056 3182 5056 3212 5056 3212 5057 3182 5057 3183 5057 3212 5058 3183 5058 3213 5058 3213 5059 3183 5059 3184 5059 3213 5060 3184 5060 3214 5060 3214 5061 3184 5061 3185 5061 3214 5062 3185 5062 3215 5062 3215 5063 3185 5063 3186 5063 3215 5064 3186 5064 3216 5064 3216 5065 3186 5065 3187 5065 3216 5066 3187 5066 3217 5066 3217 5067 3187 5067 3188 5067 3217 5068 3188 5068 3218 5068 3218 5069 3188 5069 3189 5069 3218 5070 3189 5070 3219 5070 3219 5071 3189 5071 2368 5071 3219 5072 2368 5072 2370 5072 2696 5073 2940 5073 2941 5073 2941 5074 2940 5074 3190 5074 2941 5075 3190 5075 3220 5075 3220 5076 3190 5076 3191 5076 3220 5077 3191 5077 3221 5077 3221 5078 3191 5078 3192 5078 3221 5079 3192 5079 3222 5079 3222 5080 3192 5080 3193 5080 3222 5081 3193 5081 3223 5081 3223 5082 3193 5082 3194 5082 3223 5083 3194 5083 3224 5083 3224 5084 3194 5084 3195 5084 3224 5085 3195 5085 3225 5085 3225 5086 3195 5086 3196 5086 3225 5087 3196 5087 3226 5087 3226 5088 3196 5088 3197 5088 3226 5089 3197 5089 3227 5089 3227 5090 3197 5090 3198 5090 3227 5091 3198 5091 3228 5091 3228 5092 3198 5092 3199 5092 3228 5093 3199 5093 3229 5093 3229 5094 3199 5094 3200 5094 3229 5095 3200 5095 3230 5095 3230 5096 3200 5096 3201 5096 3230 5097 3201 5097 3231 5097 3231 5098 3201 5098 3202 5098 3231 5099 3202 5099 3232 5099 3232 5100 3202 5100 3203 5100 3232 5101 3203 5101 3233 5101 3233 5102 3203 5102 3204 5102 3233 5103 3204 5103 3234 5103 3234 5104 3204 5104 3205 5104 3234 5105 3205 5105 3235 5105 3235 5106 3205 5106 3206 5106 3235 5107 3206 5107 3236 5107 3236 5108 3206 5108 3207 5108 3236 5109 3207 5109 3237 5109 3237 5110 3207 5110 3208 5110 3237 5111 3208 5111 3238 5111 3238 5112 3208 5112 3209 5112 3238 5113 3209 5113 3239 5113 3239 5114 3209 5114 3210 5114 3239 5115 3210 5115 3240 5115 3240 5116 3210 5116 3211 5116 3240 5117 3211 5117 3241 5117 3241 5118 3211 5118 3212 5118 3241 5119 3212 5119 3242 5119 3242 5120 3212 5120 3213 5120 3242 5121 3213 5121 3243 5121 3243 5122 3213 5122 3214 5122 3243 5123 3214 5123 3244 5123 3244 5124 3214 5124 3215 5124 3244 5125 3215 5125 3245 5125 3245 5126 3215 5126 3216 5126 3245 5127 3216 5127 3246 5127 3246 5128 3216 5128 3217 5128 3246 5129 3217 5129 3247 5129 3247 5130 3217 5130 3218 5130 3247 5131 3218 5131 3248 5131 3248 5132 3218 5132 3219 5132 3248 5133 3219 5133 3249 5133 3249 5134 3219 5134 2370 5134 3249 5135 2370 5135 2372 5135 2727 5136 2941 5136 2942 5136 2942 5137 2941 5137 3220 5137 2942 5138 3220 5138 3250 5138 3250 5139 3220 5139 3221 5139 3250 5140 3221 5140 3251 5140 3251 5141 3221 5141 3222 5141 3251 5142 3222 5142 3252 5142 3252 5143 3222 5143 3223 5143 3252 5144 3223 5144 3253 5144 3253 5145 3223 5145 3224 5145 3253 5146 3224 5146 3254 5146 3254 5147 3224 5147 3225 5147 3254 5148 3225 5148 3255 5148 3255 5149 3225 5149 3226 5149 3255 5150 3226 5150 3256 5150 3256 5151 3226 5151 3227 5151 3256 5152 3227 5152 3257 5152 3257 5153 3227 5153 3228 5153 3257 5154 3228 5154 3258 5154 3258 5155 3228 5155 3229 5155 3258 5156 3229 5156 3259 5156 3259 5157 3229 5157 3230 5157 3259 5158 3230 5158 3260 5158 3260 5159 3230 5159 3231 5159 3260 5160 3231 5160 3261 5160 3261 5161 3231 5161 3232 5161 3261 5162 3232 5162 3262 5162 3262 5163 3232 5163 3233 5163 3262 5164 3233 5164 3263 5164 3263 5165 3233 5165 3234 5165 3263 5166 3234 5166 3264 5166 3264 5167 3234 5167 3235 5167 3264 5168 3235 5168 3265 5168 3265 5169 3235 5169 3236 5169 3265 5170 3236 5170 3266 5170 3266 5171 3236 5171 3237 5171 3266 5172 3237 5172 3267 5172 3267 5173 3237 5173 3238 5173 3267 5174 3238 5174 3268 5174 3268 5175 3238 5175 3239 5175 3268 5176 3239 5176 3269 5176 3269 5177 3239 5177 3240 5177 3269 5178 3240 5178 3270 5178 3270 5179 3240 5179 3241 5179 3270 5180 3241 5180 3271 5180 3271 5181 3241 5181 3242 5181 3271 5182 3242 5182 3272 5182 3272 5183 3242 5183 3243 5183 3272 5184 3243 5184 3273 5184 3273 5185 3243 5185 3244 5185 3273 5186 3244 5186 3274 5186 3274 5187 3244 5187 3245 5187 3274 5188 3245 5188 3275 5188 3275 5189 3245 5189 3246 5189 3275 5190 3246 5190 3276 5190 3276 5191 3246 5191 3247 5191 3276 5192 3247 5192 3277 5192 3277 5193 3247 5193 3248 5193 3277 5194 3248 5194 3278 5194 3278 5195 3248 5195 3249 5195 3278 5196 3249 5196 3279 5196 3279 5197 3249 5197 2372 5197 3279 5198 2372 5198 2374 5198 2758 5199 2942 5199 2943 5199 2943 5200 2942 5200 3250 5200 2943 5201 3250 5201 3280 5201 3280 5202 3250 5202 3251 5202 3280 5203 3251 5203 3281 5203 3281 5204 3251 5204 3252 5204 3281 5205 3252 5205 3282 5205 3282 5206 3252 5206 3253 5206 3282 5207 3253 5207 3283 5207 3283 5208 3253 5208 3254 5208 3283 5209 3254 5209 3284 5209 3284 5210 3254 5210 3255 5210 3284 5211 3255 5211 3285 5211 3285 5212 3255 5212 3256 5212 3285 5213 3256 5213 3286 5213 3286 5214 3256 5214 3257 5214 3286 5215 3257 5215 3287 5215 3287 5216 3257 5216 3258 5216 3287 5217 3258 5217 3288 5217 3288 5218 3258 5218 3259 5218 3288 5219 3259 5219 3289 5219 3289 5220 3259 5220 3260 5220 3289 5221 3260 5221 3290 5221 3290 5222 3260 5222 3261 5222 3290 5223 3261 5223 3291 5223 3291 5224 3261 5224 3262 5224 3291 5225 3262 5225 3292 5225 3292 5226 3262 5226 3263 5226 3292 5227 3263 5227 3293 5227 3293 5228 3263 5228 3264 5228 3293 5229 3264 5229 3294 5229 3294 5230 3264 5230 3265 5230 3294 5231 3265 5231 3295 5231 3295 5232 3265 5232 3266 5232 3295 5233 3266 5233 3296 5233 3296 5234 3266 5234 3267 5234 3296 5235 3267 5235 3297 5235 3297 5236 3267 5236 3268 5236 3297 5237 3268 5237 3298 5237 3298 5238 3268 5238 3269 5238 3298 5239 3269 5239 3299 5239 3299 5240 3269 5240 3270 5240 3299 5241 3270 5241 3300 5241 3300 5242 3270 5242 3271 5242 3300 5243 3271 5243 3301 5243 3301 5244 3271 5244 3272 5244 3301 5245 3272 5245 3302 5245 3302 5246 3272 5246 3273 5246 3302 5247 3273 5247 3303 5247 3303 5248 3273 5248 3274 5248 3303 5249 3274 5249 3304 5249 3304 5250 3274 5250 3275 5250 3304 5251 3275 5251 3305 5251 3305 5252 3275 5252 3276 5252 3305 5253 3276 5253 3306 5253 3306 5254 3276 5254 3277 5254 3306 5255 3277 5255 3307 5255 3307 5256 3277 5256 3278 5256 3307 5257 3278 5257 3308 5257 3308 5258 3278 5258 3279 5258 3308 5259 3279 5259 3309 5259 3309 5260 3279 5260 2374 5260 3309 5261 2374 5261 2376 5261 2789 5262 2943 5262 2944 5262 2944 5263 2943 5263 3280 5263 2944 5264 3280 5264 3310 5264 3310 5265 3280 5265 3281 5265 3310 5266 3281 5266 3311 5266 3311 5267 3281 5267 3282 5267 3311 5268 3282 5268 3312 5268 3312 5269 3282 5269 3283 5269 3312 5270 3283 5270 3313 5270 3313 5271 3283 5271 3284 5271 3313 5272 3284 5272 3314 5272 3314 5273 3284 5273 3285 5273 3314 5274 3285 5274 3315 5274 3315 5275 3285 5275 3286 5275 3315 5276 3286 5276 3316 5276 3316 5277 3286 5277 3287 5277 3316 5278 3287 5278 3317 5278 3317 5279 3287 5279 3288 5279 3317 5280 3288 5280 3318 5280 3318 5281 3288 5281 3289 5281 3318 5282 3289 5282 3319 5282 3319 5283 3289 5283 3290 5283 3319 5284 3290 5284 3320 5284 3320 5285 3290 5285 3291 5285 3320 5286 3291 5286 3321 5286 3321 5287 3291 5287 3292 5287 3321 5288 3292 5288 3322 5288 3322 5289 3292 5289 3293 5289 3322 5290 3293 5290 3323 5290 3323 5291 3293 5291 3294 5291 3323 5292 3294 5292 3324 5292 3324 5293 3294 5293 3295 5293 3324 5294 3295 5294 3325 5294 3325 5295 3295 5295 3296 5295 3325 5296 3296 5296 3326 5296 3326 5297 3296 5297 3297 5297 3326 5298 3297 5298 3327 5298 3327 5299 3297 5299 3298 5299 3327 5300 3298 5300 3328 5300 3328 5301 3298 5301 3299 5301 3328 5302 3299 5302 3329 5302 3329 5303 3299 5303 3300 5303 3329 5304 3300 5304 3330 5304 3330 5305 3300 5305 3301 5305 3330 5306 3301 5306 3331 5306 3331 5307 3301 5307 3302 5307 3331 5308 3302 5308 3332 5308 3332 5309 3302 5309 3303 5309 3332 5310 3303 5310 3333 5310 3333 5311 3303 5311 3304 5311 3333 5312 3304 5312 3334 5312 3334 5313 3304 5313 3305 5313 3334 5314 3305 5314 3335 5314 3335 5315 3305 5315 3306 5315 3335 5316 3306 5316 3336 5316 3336 5317 3306 5317 3307 5317 3336 5318 3307 5318 3337 5318 3337 5319 3307 5319 3308 5319 3337 5320 3308 5320 3338 5320 3338 5321 3308 5321 3309 5321 3338 5322 3309 5322 3339 5322 3339 5323 3309 5323 2376 5323 3339 5324 2376 5324 2378 5324 2820 5325 2944 5325 2945 5325 2945 5326 2944 5326 3310 5326 2945 5327 3310 5327 3340 5327 3340 5328 3310 5328 3311 5328 3340 5329 3311 5329 3341 5329 3341 5330 3311 5330 3312 5330 3341 5331 3312 5331 3342 5331 3342 5332 3312 5332 3313 5332 3342 5333 3313 5333 3343 5333 3343 5334 3313 5334 3314 5334 3343 5335 3314 5335 3344 5335 3344 5336 3314 5336 3315 5336 3344 5337 3315 5337 3345 5337 3345 5338 3315 5338 3316 5338 3345 5339 3316 5339 3346 5339 3346 5340 3316 5340 3317 5340 3346 5341 3317 5341 3347 5341 3347 5342 3317 5342 3318 5342 3347 5343 3318 5343 3348 5343 3348 5344 3318 5344 3319 5344 3348 5345 3319 5345 3349 5345 3349 5346 3319 5346 3320 5346 3349 5347 3320 5347 3350 5347 3350 5348 3320 5348 3321 5348 3350 5349 3321 5349 3351 5349 3351 5350 3321 5350 3322 5350 3351 5351 3322 5351 3352 5351 3352 5352 3322 5352 3323 5352 3352 5353 3323 5353 3353 5353 3353 5354 3323 5354 3324 5354 3353 5355 3324 5355 3354 5355 3354 5356 3324 5356 3325 5356 3354 5357 3325 5357 3355 5357 3355 5358 3325 5358 3326 5358 3355 5359 3326 5359 3356 5359 3356 5360 3326 5360 3327 5360 3356 5361 3327 5361 3357 5361 3357 5362 3327 5362 3328 5362 3357 5363 3328 5363 3358 5363 3358 5364 3328 5364 3329 5364 3358 5365 3329 5365 3359 5365 3359 5366 3329 5366 3330 5366 3359 5367 3330 5367 3360 5367 3360 5368 3330 5368 3331 5368 3360 5369 3331 5369 3361 5369 3361 5370 3331 5370 3332 5370 3361 5371 3332 5371 3362 5371 3362 5372 3332 5372 3333 5372 3362 5373 3333 5373 3363 5373 3363 5374 3333 5374 3334 5374 3363 5375 3334 5375 3364 5375 3364 5376 3334 5376 3335 5376 3364 5377 3335 5377 3365 5377 3365 5378 3335 5378 3336 5378 3365 5379 3336 5379 3366 5379 3366 5380 3336 5380 3337 5380 3366 5381 3337 5381 3367 5381 3367 5382 3337 5382 3338 5382 3367 5383 3338 5383 3368 5383 3368 5384 3338 5384 3339 5384 3368 5385 3339 5385 3369 5385 3369 5386 3339 5386 2378 5386 3369 5387 2378 5387 2380 5387 2851 5388 2945 5388 2946 5388 2946 5389 2945 5389 3340 5389 2946 5390 3340 5390 3370 5390 3370 5391 3340 5391 3341 5391 3370 5392 3341 5392 3371 5392 3371 5393 3341 5393 3342 5393 3371 5394 3342 5394 3372 5394 3372 5395 3342 5395 3343 5395 3372 5396 3343 5396 3373 5396 3373 5397 3343 5397 3344 5397 3373 5398 3344 5398 3374 5398 3374 5399 3344 5399 3345 5399 3374 5400 3345 5400 3375 5400 3375 5401 3345 5401 3346 5401 3375 5402 3346 5402 3376 5402 3376 5403 3346 5403 3347 5403 3376 5404 3347 5404 3377 5404 3377 5405 3347 5405 3348 5405 3377 5406 3348 5406 3378 5406 3378 5407 3348 5407 3349 5407 3378 5408 3349 5408 3379 5408 3379 5409 3349 5409 3350 5409 3379 5410 3350 5410 3380 5410 3380 5411 3350 5411 3351 5411 3380 5412 3351 5412 3381 5412 3381 5413 3351 5413 3352 5413 3381 5414 3352 5414 3382 5414 3382 5415 3352 5415 3353 5415 3382 5416 3353 5416 3383 5416 3383 5417 3353 5417 3354 5417 3383 5418 3354 5418 3384 5418 3384 5419 3354 5419 3355 5419 3384 5420 3355 5420 3385 5420 3385 5421 3355 5421 3356 5421 3385 5422 3356 5422 3386 5422 3386 5423 3356 5423 3357 5423 3386 5424 3357 5424 3387 5424 3387 5425 3357 5425 3358 5425 3387 5426 3358 5426 3388 5426 3388 5427 3358 5427 3359 5427 3388 5428 3359 5428 3389 5428 3389 5429 3359 5429 3360 5429 3389 5430 3360 5430 3390 5430 3390 5431 3360 5431 3361 5431 3390 5432 3361 5432 3391 5432 3391 5433 3361 5433 3362 5433 3391 5434 3362 5434 3392 5434 3392 5435 3362 5435 3363 5435 3392 5436 3363 5436 3393 5436 3393 5437 3363 5437 3364 5437 3393 5438 3364 5438 3394 5438 3394 5439 3364 5439 3365 5439 3394 5440 3365 5440 3395 5440 3395 5441 3365 5441 3366 5441 3395 5442 3366 5442 3396 5442 3396 5443 3366 5443 3367 5443 3396 5444 3367 5444 3397 5444 3397 5445 3367 5445 3368 5445 3397 5446 3368 5446 3398 5446 3398 5447 3368 5447 3369 5447 3398 5448 3369 5448 3399 5448 3399 5449 3369 5449 2380 5449 3399 5450 2380 5450 2382 5450 2353 5451 2946 5451 2853 5451 2853 5452 2946 5452 3370 5452 2853 5453 3370 5453 2856 5453 2856 5454 3370 5454 3371 5454 2856 5455 3371 5455 2854 5455 2854 5456 3371 5456 3372 5456 2854 5457 3372 5457 2861 5457 2861 5458 3372 5458 3373 5458 2861 5459 3373 5459 2859 5459 2859 5460 3373 5460 3374 5460 2859 5461 3374 5461 2868 5461 2868 5462 3374 5462 3375 5462 2868 5463 3375 5463 2866 5463 2866 5464 3375 5464 3376 5464 2866 5465 3376 5465 2872 5465 2872 5466 3376 5466 3377 5466 2872 5467 3377 5467 2874 5467 2874 5468 3377 5468 3378 5468 2874 5469 3378 5469 2876 5469 2876 5470 3378 5470 3379 5470 2876 5471 3379 5471 2879 5471 2879 5472 3379 5472 3380 5472 2879 5473 3380 5473 2881 5473 2881 5474 3380 5474 3381 5474 2881 5475 3381 5475 2884 5475 2884 5476 3381 5476 3382 5476 2884 5477 3382 5477 2886 5477 2886 5478 3382 5478 3383 5478 2886 5479 3383 5479 2889 5479 2889 5480 3383 5480 3384 5480 2889 5481 3384 5481 2891 5481 2891 5482 3384 5482 3385 5482 2891 5483 3385 5483 2897 5483 2897 5484 3385 5484 3386 5484 2897 5485 3386 5485 2895 5485 2895 5486 3386 5486 3387 5486 2895 5487 3387 5487 2893 5487 2893 5488 3387 5488 3388 5488 2893 5489 3388 5489 2902 5489 2902 5490 3388 5490 3389 5490 2902 5491 3389 5491 2900 5491 2900 5492 3389 5492 3390 5492 2900 5493 3390 5493 2909 5493 2909 5494 3390 5494 3391 5494 2909 5495 3391 5495 2907 5495 2907 5496 3391 5496 3392 5496 2907 5497 3392 5497 2913 5497 2913 5498 3392 5498 3393 5498 2913 5499 3393 5499 2915 5499 2915 5500 3393 5500 3394 5500 2915 5501 3394 5501 2917 5501 2917 5502 3394 5502 3395 5502 2917 5503 3395 5503 2920 5503 2920 5504 3395 5504 3396 5504 2920 5505 3396 5505 2922 5505 2922 5506 3396 5506 3397 5506 2922 5507 3397 5507 2925 5507 2925 5508 3397 5508 3398 5508 2925 5509 3398 5509 2927 5509 2927 5510 3398 5510 3399 5510 2927 5511 3399 5511 2930 5511 2930 5512 3399 5512 2382 5512 2930 5513 2382 5513 2273 5513 3400 5514 1741 5514 1740 5514 3400 5515 1740 5515 3401 5515 3401 5516 1740 5516 1757 5516 3401 5517 1757 5517 3402 5517 3402 5518 1757 5518 1756 5518 3402 5519 1756 5519 3403 5519 3403 5520 1756 5520 1755 5520 3403 5521 1755 5521 3404 5521 3404 5522 1755 5522 1739 5522 3404 5523 1739 5523 3405 5523 3405 5524 1739 5524 1738 5524 3405 5525 1738 5525 3406 5525 3406 5526 1738 5526 1766 5526 3406 5527 1766 5527 3407 5527 3407 5528 1766 5528 1762 5528 3407 5529 1762 5529 3408 5529 3408 5530 1762 5530 1749 5530 3408 5531 1749 5531 3409 5531 3409 5532 1749 5532 1751 5532 3409 5533 1751 5533 3410 5533 3410 5534 1751 5534 1753 5534 3410 5535 1753 5535 3411 5535 3411 5536 1753 5536 1754 5536 3411 5537 1754 5537 3412 5537 3412 5538 1754 5538 1763 5538 3412 5539 1763 5539 1926 5539 2000 5540 1819 5540 1805 5540 2000 5541 1805 5541 3413 5541 3413 5542 1805 5542 1804 5542 3413 5543 1804 5543 3414 5543 3414 5544 1804 5544 1802 5544 3414 5545 1802 5545 3415 5545 3415 5546 1802 5546 1806 5546 3415 5547 1806 5547 3416 5547 3416 5548 1806 5548 1792 5548 3416 5549 1792 5549 3417 5549 3417 5550 1792 5550 1782 5550 3417 5551 1782 5551 3418 5551 3418 5552 1782 5552 1784 5552 3418 5553 1784 5553 3419 5553 3419 5554 1784 5554 1786 5554 3419 5555 1786 5555 3420 5555 3420 5556 1786 5556 1787 5556 3420 5557 1787 5557 3421 5557 3421 5558 1787 5558 1795 5558 3421 5559 1795 5559 3422 5559 3422 5560 1795 5560 1797 5560 3422 5561 1797 5561 3423 5561 3423 5562 1797 5562 1800 5562 3423 5563 1800 5563 3424 5563 3424 5564 1800 5564 1799 5564 3424 5565 1799 5565 1833 5565 1824 5566 3425 5566 3426 5566 1824 5567 3426 5567 1825 5567 1825 5568 3426 5568 3427 5568 1825 5568 3427 5568 1826 5568 1826 5569 3427 5569 3428 5569 1826 5569 3428 5569 1827 5569 1827 5570 3428 5570 3429 5570 1827 5571 3429 5571 1828 5571 1828 5572 3429 5572 3430 5572 1828 5572 3430 5572 1829 5572 1829 5573 3430 5573 3431 5573 1829 5574 3431 5574 1830 5574 1830 5575 3431 5575 3432 5575 1830 5576 3432 5576 1831 5576 1831 5577 3432 5577 3433 5577 1831 5578 3433 5578 1832 5578 1832 5579 3433 5579 3434 5579 1832 5580 3434 5580 1833 5580 1824 5581 1834 5581 3425 5581 3425 5582 1834 5582 3435 5582 3436 5583 1878 5583 3437 5583 3437 5583 1878 5583 1907 5583 1908 5584 3438 5584 3439 5584 1908 5584 3439 5584 1909 5584 1909 5585 3439 5585 3440 5585 1909 5586 3440 5586 1910 5586 1910 5587 3440 5587 3441 5587 1910 5587 3441 5587 1911 5587 1911 5588 3441 5588 3442 5588 1911 5588 3442 5588 1912 5588 1912 5589 3442 5589 3443 5589 1912 5590 3443 5590 1913 5590 1913 5591 3443 5591 3444 5591 1913 5592 3444 5592 1914 5592 1914 5593 3444 5593 3445 5593 1914 5594 3445 5594 1915 5594 1915 5595 3445 5595 3446 5595 1915 5595 3446 5595 1916 5595 1916 5596 3446 5596 3437 5596 1916 5596 3437 5596 1907 5596 1917 5597 3447 5597 3448 5597 1917 5597 3448 5597 1918 5597 1918 5598 3448 5598 3449 5598 1918 5598 3449 5598 1919 5598 1919 5599 3449 5599 3450 5599 1919 5600 3450 5600 1920 5600 1920 5601 3450 5601 3451 5601 1920 5602 3451 5602 1921 5602 1921 5603 3451 5603 3452 5603 1921 5604 3452 5604 1922 5604 1922 5605 3452 5605 3453 5605 1922 5605 3453 5605 1923 5605 1923 5606 3453 5606 3454 5606 1923 5606 3454 5606 1924 5606 1924 5607 3454 5607 3455 5607 1924 5608 3455 5608 1925 5608 1925 5609 3455 5609 3456 5609 1925 5609 3456 5609 1926 5609 1917 5610 1927 5610 3447 5610 3447 5610 1927 5610 3457 5610 3458 5611 1991 5611 3459 5611 1991 5612 1983 5612 3459 5612 3459 5613 1983 5613 1981 5613 3459 5614 1981 5614 3460 5614 1933 5615 1996 5615 3461 5615 3461 5616 1996 5616 1997 5616 3461 5617 1997 5617 3459 5617 3459 5618 1997 5618 1994 5618 3459 5619 1994 5619 3458 5619 1935 5620 1928 5620 3462 5620 3462 5621 1928 5621 1929 5621 3462 5622 1929 5622 3461 5622 3461 5623 1929 5623 1934 5623 3461 5624 1934 5624 1933 5624 1936 5625 327 5625 3463 5625 3463 5626 327 5626 1931 5626 3463 5627 1931 5627 3462 5627 3462 5628 1931 5628 1930 5628 3462 5629 1930 5629 1935 5629 3464 5630 1940 5630 3463 5630 3463 5631 1940 5631 1937 5631 3463 5632 1937 5632 1936 5632 1942 5633 1938 5633 3464 5633 3464 5634 1938 5634 1939 5634 3464 5635 1939 5635 1940 5635 3465 5636 3466 5636 1957 5636 1957 5637 1963 5637 3465 5637 3465 5638 1963 5638 1962 5638 3465 5639 1962 5639 1960 5639 1960 5640 1947 5640 3465 5640 3465 5641 1947 5641 1946 5641 3465 5642 1946 5642 3464 5642 3464 5643 1946 5643 1964 5643 3464 5644 1964 5644 1942 5644 3457 5645 1927 5645 3467 5645 3467 5645 1927 5645 1967 5645 3467 5646 1967 5646 3468 5646 3468 5646 1967 5646 1968 5646 3468 5647 1968 5647 3469 5647 3469 5647 1968 5647 1969 5647 3469 5648 1969 5648 3470 5648 3470 5648 1969 5648 1966 5648 3470 5649 1966 5649 3466 5649 3466 5650 1966 5650 1955 5650 3466 5651 1955 5651 1957 5651 1978 5652 3471 5652 1977 5652 1977 5653 3471 5653 3472 5653 1977 5654 3472 5654 1976 5654 1976 5655 3472 5655 3473 5655 1976 5656 3473 5656 1975 5656 1975 5657 3473 5657 3474 5657 1975 5658 3474 5658 1974 5658 1974 5658 3474 5658 3475 5658 1974 5659 3475 5659 1973 5659 1973 5660 3475 5660 3460 5660 1973 5661 3460 5661 1980 5661 1980 5662 3460 5662 1981 5662 3471 5663 1978 5663 3476 5663 3476 5664 1978 5664 1999 5664 2000 5665 3477 5665 3478 5665 2000 5666 3478 5666 2001 5666 2001 5667 3478 5667 3479 5667 2001 5668 3479 5668 2002 5668 2002 5669 3479 5669 3480 5669 2002 5670 3480 5670 2003 5670 2003 5671 3480 5671 3481 5671 2003 5672 3481 5672 2004 5672 2004 5673 3481 5673 3482 5673 2004 5673 3482 5673 2005 5673 2005 5674 3482 5674 3483 5674 2005 5675 3483 5675 2006 5675 2006 5676 3483 5676 3484 5676 2006 5676 3484 5676 2007 5676 2007 5677 3484 5677 3485 5677 2007 5677 3485 5677 2008 5677 2008 5678 3485 5678 3476 5678 2008 5679 3476 5679 1999 5679 2009 5680 2010 5680 3486 5680 3486 5681 2010 5681 3487 5681 2040 5682 2042 5682 3488 5682 2077 5683 3489 5683 3490 5683 2065 5684 3491 5684 2066 5684 2066 5685 3491 5685 3490 5685 2066 5686 3490 5686 2074 5686 2074 5687 3490 5687 3489 5687 3492 5688 2015 5688 2016 5688 2016 5689 2017 5689 3492 5689 3492 5690 2017 5690 2080 5690 3492 5691 2080 5691 3490 5691 3490 5692 2080 5692 2079 5692 3490 5693 2079 5693 2077 5693 3493 5694 688 5694 2012 5694 2012 5695 2011 5695 3493 5695 3493 5696 2011 5696 2018 5696 3493 5697 2018 5697 3492 5697 3492 5698 2018 5698 2014 5698 3492 5699 2014 5699 2015 5699 3494 5700 2025 5700 3493 5700 3493 5701 2025 5701 2019 5701 3493 5702 2019 5702 688 5702 2021 5703 2020 5703 3494 5703 3494 5704 2020 5704 2024 5704 3494 5705 2024 5705 2025 5705 2045 5706 2033 5706 3495 5706 3488 5707 2042 5707 3495 5707 3495 5708 2042 5708 2046 5708 3495 5709 2046 5709 2045 5709 2033 5710 2048 5710 3495 5710 3495 5711 2048 5711 2047 5711 3495 5712 2047 5712 3494 5712 3494 5713 2047 5713 2023 5713 3494 5714 2023 5714 2021 5714 3487 5715 2010 5715 3496 5715 3496 5715 2010 5715 2050 5715 3496 5716 2050 5716 3497 5716 3497 5716 2050 5716 2051 5716 3497 5717 2051 5717 3498 5717 3498 5717 2051 5717 2052 5717 3498 5718 2052 5718 3499 5718 3499 5718 2052 5718 2049 5718 3499 5719 2049 5719 3488 5719 3488 5720 2049 5720 2038 5720 3488 5721 2038 5721 2040 5721 2061 5722 3500 5722 2060 5722 2060 5723 3500 5723 3501 5723 2060 5724 3501 5724 2059 5724 2059 5725 3501 5725 3502 5725 2059 5726 3502 5726 2058 5726 2058 5726 3502 5726 3503 5726 2058 5727 3503 5727 2057 5727 2057 5727 3503 5727 3504 5727 2057 5728 3504 5728 2056 5728 2056 5729 3504 5729 3491 5729 2056 5730 3491 5730 2064 5730 2064 5731 3491 5731 2065 5731 3500 5732 2061 5732 3505 5732 3505 5732 2061 5732 2082 5732 2083 5733 3506 5733 3507 5733 2083 5734 3507 5734 2084 5734 2084 5735 3507 5735 3508 5735 2084 5736 3508 5736 2085 5736 2085 5737 3508 5737 3509 5737 2085 5738 3509 5738 2086 5738 2086 5739 3509 5739 3510 5739 2086 5740 3510 5740 2087 5740 2087 5741 3510 5741 3511 5741 2087 5741 3511 5741 2088 5741 2088 5742 3511 5742 3512 5742 2088 5743 3512 5743 2089 5743 2089 5744 3512 5744 3513 5744 2089 5744 3513 5744 2090 5744 2090 5745 3513 5745 3514 5745 2090 5745 3514 5745 2091 5745 2091 5746 3514 5746 3515 5746 2091 5747 3515 5747 2092 5747 2093 5748 3516 5748 3517 5748 2093 5748 3517 5748 2094 5748 2094 5749 3517 5749 3518 5749 2094 5749 3518 5749 2095 5749 2095 5750 3518 5750 3519 5750 2095 5751 3519 5751 2096 5751 2096 5752 3519 5752 3520 5752 2096 5753 3520 5753 2097 5753 2097 5754 3520 5754 3521 5754 2097 5755 3521 5755 2098 5755 2098 5756 3521 5756 3522 5756 2098 5756 3522 5756 2099 5756 2099 5757 3522 5757 3523 5757 2099 5757 3523 5757 2100 5757 2100 5758 3523 5758 3524 5758 2100 5759 3524 5759 2101 5759 2101 5760 3524 5760 3525 5760 2101 5760 3525 5760 2102 5760 2093 5761 2103 5761 3516 5761 3516 5761 2103 5761 3526 5761 3527 5762 2167 5762 3528 5762 2167 5763 2159 5763 3528 5763 3528 5764 2159 5764 2157 5764 3528 5765 2157 5765 3529 5765 2109 5766 2172 5766 3530 5766 3530 5767 2172 5767 2173 5767 3530 5768 2173 5768 3528 5768 3528 5769 2173 5769 2170 5769 3528 5770 2170 5770 3527 5770 2111 5771 2104 5771 3531 5771 3531 5772 2104 5772 2105 5772 3531 5773 2105 5773 3530 5773 3530 5774 2105 5774 2110 5774 3530 5775 2110 5775 2109 5775 2112 5776 1049 5776 3532 5776 3532 5777 1049 5777 2107 5777 3532 5778 2107 5778 3531 5778 3531 5779 2107 5779 2106 5779 3531 5780 2106 5780 2111 5780 3533 5781 2116 5781 3532 5781 3532 5782 2116 5782 2113 5782 3532 5783 2113 5783 2112 5783 2118 5784 2114 5784 3533 5784 3533 5785 2114 5785 2115 5785 3533 5786 2115 5786 2116 5786 3534 5787 3535 5787 2133 5787 2133 5788 2139 5788 3534 5788 3534 5789 2139 5789 2138 5789 3534 5790 2138 5790 2136 5790 2136 5791 2123 5791 3534 5791 3534 5792 2123 5792 2122 5792 3534 5793 2122 5793 3533 5793 3533 5794 2122 5794 2140 5794 3533 5795 2140 5795 2118 5795 3526 5796 2103 5796 3536 5796 3536 5796 2103 5796 2143 5796 3536 5797 2143 5797 3537 5797 3537 5797 2143 5797 2144 5797 3537 5798 2144 5798 3538 5798 3538 5798 2144 5798 2145 5798 3538 5799 2145 5799 3539 5799 3539 5799 2145 5799 2142 5799 3539 5800 2142 5800 3535 5800 3535 5801 2142 5801 2131 5801 3535 5802 2131 5802 2133 5802 2154 5803 3540 5803 2153 5803 2153 5804 3540 5804 3541 5804 2153 5805 3541 5805 2152 5805 2152 5806 3541 5806 3542 5806 2152 5807 3542 5807 2151 5807 2151 5808 3542 5808 3543 5808 2151 5809 3543 5809 2150 5809 2150 5809 3543 5809 3544 5809 2150 5810 3544 5810 2149 5810 2149 5811 3544 5811 3529 5811 2149 5812 3529 5812 2156 5812 2156 5813 3529 5813 2157 5813 3540 5814 2154 5814 3515 5814 3515 5815 2154 5815 2092 5815 3545 1 3546 1 3547 1 3547 1 3546 1 3548 1 3435 1 3549 1 3550 1 3439 1 3438 1 3547 1 3550 1 3549 1 3551 1 3551 1 3549 1 3552 1 3551 1 3552 1 3553 1 3553 1 3552 1 3554 1 3553 1 3554 1 3555 1 3555 1 3554 1 3556 1 3555 1 3556 1 3557 1 3557 1 3556 1 3558 1 3557 1 3558 1 3559 1 3559 1 3558 1 3560 1 3559 1 3560 1 3561 1 3561 1 3560 1 3562 1 3561 1 3562 1 3563 1 3563 1 3562 1 3564 1 3563 1 3564 1 3565 1 3565 1 3564 1 3566 1 3565 1 3566 1 3567 1 3567 1 3566 1 3568 1 3567 1 3568 1 3569 1 3569 1 3568 1 3570 1 3569 1 3570 1 3571 1 3571 1 3570 1 3572 1 3571 1 3572 1 3573 1 3573 1 3572 1 3574 1 3573 1 3574 1 3575 1 3575 1 3574 1 3576 1 3575 1 3576 1 3577 1 3577 1 3576 1 3578 1 3577 1 3578 1 3579 1 3579 1 3578 1 3436 1 3579 1 3436 1 3580 1 3428 1 3427 1 3581 1 3581 1 3427 1 3426 1 3581 1 3426 1 3582 1 3582 1 3426 1 3425 1 3582 1 3425 1 3583 1 3583 1 3425 1 3435 1 3583 1 3435 1 3584 1 3584 1 3435 1 3550 1 3432 1 3585 1 3433 1 3433 1 3585 1 3434 1 3432 1 3431 1 3585 1 3585 1 3431 1 3430 1 3585 1 3430 1 3429 1 3548 1 3586 1 3547 1 3547 1 3586 1 3587 1 3547 1 3587 1 3588 1 3581 1 3589 1 3428 1 3428 1 3589 1 3590 1 3428 1 3590 1 3429 1 3429 1 3590 1 3591 1 3429 1 3591 1 3585 1 3591 1 3592 1 3585 1 3585 1 3592 1 3593 1 3585 1 3593 1 3594 1 3594 1 3593 1 3595 1 3595 1 3596 1 3594 1 3594 1 3596 1 3597 1 3594 1 3597 1 3547 1 3547 1 3597 1 3598 1 3547 1 3598 1 3545 1 3445 1 3444 1 3547 1 3547 1 3444 1 3443 1 3547 1 3443 1 3442 1 3442 1 3441 1 3547 1 3547 1 3441 1 3440 1 3547 1 3440 1 3439 1 3580 1 3436 1 3588 1 3588 1 3436 1 3437 1 3588 1 3437 1 3547 1 3547 1 3437 1 3446 1 3547 1 3446 1 3445 1 3599 1 3600 1 3601 1 3601 1 3600 1 3602 1 3456 1 3455 1 3602 1 3602 1 3455 1 3454 1 3603 1 3604 1 3605 1 3605 1 3604 1 3600 1 3605 1 3600 1 3606 1 3606 1 3600 1 3599 1 3603 1 3607 1 3604 1 3604 1 3607 1 3608 1 3604 1 3608 1 3609 1 3610 1 3463 1 3462 1 3454 1 3453 1 3602 1 3602 1 3453 1 3452 1 3602 1 3452 1 3451 1 3609 1 3611 1 3604 1 3604 1 3611 1 3612 1 3604 1 3612 1 3613 1 3450 1 3614 1 3451 1 3451 1 3614 1 3615 1 3451 1 3615 1 3602 1 3602 1 3615 1 3616 1 3602 1 3616 1 3601 1 3450 1 3449 1 3614 1 3614 1 3449 1 3448 1 3614 1 3448 1 3617 1 3617 1 3448 1 3447 1 3617 1 3447 1 3618 1 3610 1 3462 1 3619 1 3619 1 3462 1 3461 1 3619 1 3461 1 3620 1 3620 1 3461 1 3459 1 3620 1 3459 1 3621 1 3621 1 3459 1 3460 1 3621 1 3460 1 3622 1 3622 1 3460 1 3475 1 3622 1 3475 1 3623 1 3623 1 3475 1 3474 1 3623 1 3474 1 3624 1 3624 1 3474 1 3473 1 3624 1 3473 1 3625 1 3625 1 3473 1 3472 1 3625 1 3472 1 3626 1 3626 1 3472 1 3471 1 3626 1 3471 1 3627 1 3463 1 3610 1 3464 1 3464 1 3610 1 3628 1 3464 1 3628 1 3465 1 3465 1 3628 1 3629 1 3465 1 3629 1 3466 1 3466 1 3629 1 3630 1 3466 1 3630 1 3470 1 3470 1 3630 1 3631 1 3470 1 3631 1 3469 1 3469 1 3631 1 3632 1 3469 1 3632 1 3468 1 3468 1 3632 1 3633 1 3468 1 3633 1 3467 1 3467 1 3633 1 3634 1 3467 1 3634 1 3457 1 3634 1 3635 1 3457 1 3457 1 3635 1 3636 1 3457 1 3636 1 3447 1 3447 1 3636 1 3637 1 3447 1 3637 1 3618 1 3604 1 3484 1 3483 1 3480 1 3479 1 3604 1 3604 1 3479 1 3478 1 3604 1 3478 1 3477 1 3483 1 3482 1 3604 1 3604 1 3482 1 3481 1 3604 1 3481 1 3480 1 3627 1 3471 1 3613 1 3613 1 3471 1 3476 1 3613 1 3476 1 3604 1 3604 1 3476 1 3485 1 3604 1 3485 1 3484 1 3638 1 3639 1 3640 1 3640 1 3639 1 3641 1 3640 1 3641 1 3642 1 3643 1 3644 1 3487 1 3638 1 3645 1 3639 1 3639 1 3645 1 3646 1 3639 1 3646 1 3647 1 3487 1 3644 1 3486 1 3647 1 3648 1 3639 1 3639 1 3648 1 3649 1 3639 1 3649 1 3650 1 3651 1 3652 1 3653 1 3653 1 3652 1 3654 1 3655 1 3656 1 3639 1 3651 1 3653 1 3657 1 3657 1 3653 1 3658 1 3657 1 3658 1 3644 1 3644 1 3658 1 3659 1 3644 1 3659 1 3486 1 3660 1 3661 1 3641 1 3641 1 3661 1 3662 1 3641 1 3662 1 3642 1 3643 1 3487 1 3663 1 3663 1 3487 1 3496 1 3663 1 3496 1 3664 1 3664 1 3496 1 3497 1 3664 1 3497 1 3665 1 3665 1 3497 1 3498 1 3665 1 3498 1 3666 1 3666 1 3498 1 3499 1 3666 1 3499 1 3667 1 3667 1 3499 1 3488 1 3667 1 3488 1 3668 1 3668 1 3488 1 3495 1 3668 1 3495 1 3669 1 3669 1 3495 1 3494 1 3669 1 3494 1 3670 1 3670 1 3494 1 3493 1 3670 1 3493 1 3671 1 3671 1 3493 1 3492 1 3671 1 3492 1 3672 1 3672 1 3492 1 3490 1 3672 1 3490 1 3673 1 3673 1 3490 1 3491 1 3673 1 3491 1 3674 1 3674 1 3491 1 3504 1 3674 1 3504 1 3675 1 3675 1 3504 1 3503 1 3675 1 3503 1 3676 1 3676 1 3503 1 3502 1 3676 1 3502 1 3677 1 3677 1 3502 1 3501 1 3677 1 3501 1 3678 1 3678 1 3501 1 3500 1 3678 1 3500 1 3679 1 3680 1 3660 1 3681 1 3681 1 3660 1 3682 1 3680 1 3683 1 3660 1 3660 1 3683 1 3684 1 3660 1 3684 1 3654 1 3656 1 3685 1 3639 1 3639 1 3685 1 3686 1 3639 1 3686 1 3687 1 3652 1 3688 1 3654 1 3654 1 3688 1 3689 1 3654 1 3689 1 3660 1 3660 1 3689 1 3690 1 3660 1 3690 1 3661 1 3687 1 3691 1 3639 1 3639 1 3691 1 3692 1 3639 1 3692 1 3693 1 3679 1 3500 1 3650 1 3650 1 3500 1 3505 1 3650 1 3505 1 3639 1 3639 1 3505 1 3694 1 3639 1 3694 1 3655 1 3695 1 3696 1 3697 1 3507 1 3506 1 3697 1 3695 1 3697 1 3698 1 3514 1 3513 1 3697 1 3510 1 3509 1 3697 1 3697 1 3509 1 3508 1 3697 1 3508 1 3507 1 3699 1 3700 1 3701 1 3701 1 3700 1 3702 1 3701 1 3702 1 3703 1 3513 1 3512 1 3697 1 3697 1 3512 1 3511 1 3697 1 3511 1 3510 1 3704 1 3705 1 3533 1 3706 1 3516 1 3707 1 3707 1 3516 1 3526 1 3522 1 3521 1 3702 1 3702 1 3521 1 3520 1 3708 1 3709 1 3697 1 3697 1 3709 1 3710 1 3697 1 3710 1 3698 1 3533 1 3705 1 3534 1 3534 1 3705 1 3711 1 3534 1 3711 1 3535 1 3535 1 3711 1 3712 1 3535 1 3712 1 3539 1 3539 1 3712 1 3713 1 3539 1 3713 1 3538 1 3538 1 3713 1 3714 1 3538 1 3714 1 3537 1 3537 1 3714 1 3715 1 3537 1 3715 1 3536 1 3536 1 3715 1 3716 1 3536 1 3716 1 3526 1 3526 1 3716 1 3717 1 3526 1 3717 1 3707 1 3706 1 3718 1 3516 1 3516 1 3718 1 3719 1 3516 1 3719 1 3517 1 3517 1 3719 1 3720 1 3517 1 3720 1 3518 1 3699 1 3721 1 3700 1 3700 1 3721 1 3722 1 3700 1 3722 1 3697 1 3697 1 3722 1 3723 1 3697 1 3723 1 3708 1 3514 1 3697 1 3515 1 3515 1 3697 1 3696 1 3515 1 3696 1 3540 1 3696 1 3724 1 3540 1 3540 1 3724 1 3725 1 3540 1 3725 1 3541 1 3541 1 3725 1 3726 1 3541 1 3726 1 3542 1 3542 1 3726 1 3727 1 3542 1 3727 1 3543 1 3543 1 3727 1 3728 1 3543 1 3728 1 3544 1 3544 1 3728 1 3729 1 3544 1 3729 1 3529 1 3529 1 3729 1 3730 1 3529 1 3730 1 3528 1 3528 1 3730 1 3731 1 3528 1 3731 1 3530 1 3530 1 3731 1 3732 1 3530 1 3732 1 3531 1 3531 1 3732 1 3704 1 3531 1 3704 1 3532 1 3532 1 3704 1 3533 1 3703 1 3702 1 3733 1 3733 1 3702 1 3520 1 3733 1 3520 1 3720 1 3720 1 3520 1 3519 1 3720 1 3519 1 3518 1 3525 1 3524 1 3702 1 3702 1 3524 1 3523 1 3702 1 3523 1 3522 1 3734 5816 3735 5816 3736 5816 3737 5817 3738 5817 3739 5817 3740 5818 3741 5818 3742 5818 3741 5819 3743 5819 3742 5819 3742 5820 3743 5820 3744 5820 3742 5821 3744 5821 3745 5821 3746 5822 3747 5822 3748 5822 3748 5823 3747 5823 3749 5823 3749 5824 3750 5824 3748 5824 3748 5825 3750 5825 3751 5825 3748 5826 3751 5826 3752 5826 3737 5827 3739 5827 3753 5827 3753 5828 3739 5828 3754 5828 3753 5829 3754 5829 3755 5829 3756 5830 3757 5830 3742 5830 3742 5831 3757 5831 3758 5831 3758 5832 3759 5832 3742 5832 3742 5833 3759 5833 3760 5833 3742 5834 3760 5834 3740 5834 3745 5835 3761 5835 3748 5835 3748 5836 3761 5836 3762 5836 3748 5837 3762 5837 3746 5837 3752 5838 3763 5838 3764 5838 3765 5839 3766 5839 3767 5839 3767 5840 3766 5840 3768 5840 3767 5841 3768 5841 3769 5841 3764 5842 3763 5842 3770 5842 3770 5843 3763 5843 3771 5843 3770 5844 3771 5844 3772 5844 3755 5845 3773 5845 3753 5845 3753 5846 3773 5846 3774 5846 3753 5847 3774 5847 3765 5847 3765 5848 3774 5848 3775 5848 3765 5849 3775 5849 3766 5849 3776 5850 3777 5850 3778 5850 3778 5851 3777 5851 3779 5851 3778 5852 3779 5852 3737 5852 3737 5853 3779 5853 3780 5853 3737 5854 3780 5854 3738 5854 3771 5855 3781 5855 3772 5855 3772 5856 3781 5856 3782 5856 3772 5857 3782 5857 3778 5857 3778 5858 3782 5858 3783 5858 3778 5859 3783 5859 3776 5859 3768 5860 3756 5860 3769 5860 3769 5861 3756 5861 3742 5861 3769 5862 3742 5862 3784 5862 3784 5863 3742 5863 3785 5863 3786 5864 3787 5864 3785 5864 3785 5865 3787 5865 3788 5865 3785 5866 3788 5866 3789 5866 3789 5867 3788 5867 3790 5867 3789 5868 3790 5868 3791 5868 3792 5869 3793 5869 3794 5869 3735 5870 3795 5870 3736 5870 3736 5871 3795 5871 3796 5871 3736 5872 3796 5872 3797 5872 3798 5873 3799 5873 3742 5873 3742 5874 3799 5874 3800 5874 3742 5875 3800 5875 3801 5875 3791 5876 3802 5876 3789 5876 3789 5877 3802 5877 3803 5877 3789 5878 3803 5878 3804 5878 3804 5879 3803 5879 3805 5879 3804 5880 3805 5880 3806 5880 3797 5881 3807 5881 3736 5881 3736 5882 3807 5882 3808 5882 3736 5883 3808 5883 3809 5883 3810 5884 3811 5884 3798 5884 3798 5885 3811 5885 3812 5885 3798 5886 3812 5886 3799 5886 3809 5887 3813 5887 3798 5887 3798 5888 3813 5888 3814 5888 3798 5889 3814 5889 3810 5889 3801 5890 3815 5890 3742 5890 3742 5891 3815 5891 3816 5891 3742 5892 3816 5892 3817 5892 3806 5893 3818 5893 3804 5893 3804 5894 3818 5894 3819 5894 3804 5895 3819 5895 3794 5895 3794 5896 3819 5896 3820 5896 3794 5897 3820 5897 3792 5897 3817 5898 3821 5898 3742 5898 3742 5899 3821 5899 3822 5899 3742 5900 3822 5900 3785 5900 3785 5901 3822 5901 3823 5901 3785 5902 3823 5902 3786 5902 3793 5903 3734 5903 3794 5903 3794 5904 3734 5904 3736 5904 3794 5905 3736 5905 3824 5905 3824 5906 3736 5906 3825 5906 3826 5907 3827 5907 3736 5907 3828 5908 3829 5908 3830 5908 3829 5909 3831 5909 3830 5909 3830 5910 3831 5910 3832 5910 3830 5911 3832 5911 3833 5911 3834 5912 3835 5912 3836 5912 3836 5822 3835 5822 3837 5822 3827 5913 3838 5913 3736 5913 3736 5914 3838 5914 3839 5914 3736 5915 3839 5915 3825 5915 3825 5916 3839 5916 3840 5916 3825 5917 3840 5917 3841 5917 3841 5918 3840 5918 3842 5918 3841 5919 3842 5919 3843 5919 3843 5920 3842 5920 3844 5920 3843 5921 3844 5921 3845 5921 3846 5922 3847 5922 3835 5922 3835 5923 3847 5923 3848 5923 3835 5924 3848 5924 3837 5924 3849 5925 3850 5925 3736 5925 3736 5926 3850 5926 3851 5926 3736 5927 3851 5927 3826 5927 3833 5928 3852 5928 3830 5928 3830 5929 3852 5929 3853 5929 3830 5930 3853 5930 3854 5930 3854 5931 3853 5931 3855 5931 3854 5932 3855 5932 3856 5932 3856 5933 3855 5933 3857 5933 3856 5934 3857 5934 3835 5934 3835 5935 3857 5935 3858 5935 3835 5936 3858 5936 3846 5936 3834 5937 3859 5937 3835 5937 3835 5938 3859 5938 3860 5938 3835 5939 3860 5939 3736 5939 3736 5940 3860 5940 3861 5940 3736 5941 3861 5941 3849 5941 3845 5942 3862 5942 3843 5942 3843 5943 3862 5943 3863 5943 3843 5944 3863 5944 3864 5944 3864 5945 3865 5945 3843 5945 3843 5946 3865 5946 3866 5946 3843 5947 3866 5947 3867 5947 3868 5948 3843 5948 3830 5948 3830 5949 3843 5949 3867 5949 3830 5950 3867 5950 3828 5950 3868 5951 3869 5951 3870 5951 3870 5952 3871 5952 3868 5952 3868 5953 3871 5953 3872 5953 3868 5954 3872 5954 3843 5954 3873 5955 3874 5955 3835 5955 3835 5956 3874 5956 3875 5956 3835 5957 3875 5957 3856 5957 3876 5958 3877 5958 3878 5958 3878 5959 3879 5959 3876 5959 3876 5960 3879 5960 3880 5960 3876 5961 3880 5961 3881 5961 3882 5962 3883 5962 3884 5962 3884 5963 3883 5963 3885 5963 3886 5964 3887 5964 3888 5964 3888 5834 3887 5834 3889 5834 3888 5965 3889 5965 3890 5965 3891 5966 3892 5966 3876 5966 3876 5837 3892 5837 3893 5837 3893 5822 3894 5822 3876 5822 3876 5823 3894 5823 3895 5823 3876 5967 3895 5967 3896 5967 3890 5819 3897 5819 3888 5819 3888 5820 3897 5820 3898 5820 3888 5821 3898 5821 3899 5821 3900 5968 3901 5968 3902 5968 3902 5969 3901 5969 3903 5969 3904 5830 3905 5830 3888 5830 3888 5831 3905 5831 3906 5831 3888 5970 3906 5970 3886 5970 3900 5971 3907 5971 3901 5971 3901 5972 3907 5972 3908 5972 3901 5973 3908 5973 3909 5973 3909 5840 3908 5840 3910 5840 3909 5841 3910 5841 3911 5841 3896 5974 3912 5974 3876 5974 3876 5826 3912 5826 3913 5826 3876 5975 3913 5975 3877 5975 3877 5976 3913 5976 3914 5976 3877 5842 3914 5842 3915 5842 3915 5843 3914 5843 3916 5843 3915 5977 3916 5977 3884 5977 3884 5978 3916 5978 3917 5978 3884 5979 3917 5979 3882 5979 3885 5980 3918 5980 3884 5980 3884 5981 3918 5981 3919 5981 3884 5982 3919 5982 3920 5982 3921 5983 3922 5983 3901 5983 3901 5984 3922 5984 3923 5984 3901 5985 3923 5985 3903 5985 3920 5986 3921 5986 3884 5986 3884 5987 3921 5987 3901 5987 3884 5988 3901 5988 3924 5988 3924 5989 3901 5989 3925 5989 3924 5990 3925 5990 3926 5990 3926 5991 3925 5991 3927 5991 3926 5992 3927 5992 3928 5992 3910 5860 3904 5860 3911 5860 3911 5861 3904 5861 3888 5861 3911 5862 3888 5862 3929 5862 3929 5863 3888 5863 3930 5863 3931 5872 3932 5872 3933 5872 3934 5993 3935 5993 3936 5993 3936 5889 3935 5889 3937 5889 3936 5994 3937 5994 3938 5994 3939 5890 3940 5890 3888 5890 3888 5891 3940 5891 3941 5891 3888 5892 3941 5892 3942 5892 3942 5898 3943 5898 3888 5898 3888 5899 3943 5899 3944 5899 3888 5900 3944 5900 3930 5900 3930 5901 3944 5901 3945 5901 3930 5902 3945 5902 3946 5902 3933 5881 3947 5881 3931 5881 3931 5995 3947 5995 3948 5995 3931 5996 3948 5996 3949 5996 3950 5997 3951 5997 3952 5997 3953 5816 3954 5816 3931 5816 3931 5998 3954 5998 3955 5998 3931 5871 3955 5871 3932 5871 3938 5999 3956 5999 3936 5999 3936 5886 3956 5886 3957 5886 3936 5873 3957 5873 3888 5873 3888 5874 3957 5874 3958 5874 3888 5875 3958 5875 3939 5875 3946 5864 3959 5864 3930 5864 3930 6000 3959 6000 3960 6000 3930 6001 3960 6001 3961 6001 3961 6002 3960 6002 3962 6002 3961 5868 3962 5868 3963 5868 3963 5876 3964 5876 3961 5876 3961 5877 3964 5877 3965 5877 3961 5878 3965 5878 3966 5878 3966 5879 3965 5879 3967 5879 3966 5880 3967 5880 3968 5880 3968 5893 3969 5893 3966 5893 3966 5894 3969 5894 3970 5894 3966 5895 3970 5895 3950 5895 3950 5896 3970 5896 3971 5896 3950 5897 3971 5897 3951 5897 3952 5903 3953 5903 3950 5903 3950 5904 3953 5904 3931 5904 3950 5905 3931 5905 3972 5905 3972 5906 3931 5906 3973 5906 3974 5912 3975 5912 3976 5912 3931 6003 3977 6003 3978 6003 3979 6004 3980 6004 3981 6004 3981 6005 3980 6005 3982 6005 3981 6006 3982 6006 3983 6006 3983 6007 3984 6007 3981 6007 3981 6008 3984 6008 3985 6008 3981 6009 3985 6009 3986 6009 3986 6010 3985 6010 3987 6010 3975 5937 3988 5937 3976 5937 3976 5938 3988 5938 3989 5938 3976 5939 3989 5939 3931 5939 3931 5940 3989 5940 3990 5940 3931 5941 3990 5941 3977 5941 3978 6011 3991 6011 3931 6011 3931 5927 3991 5927 3992 5927 3931 6012 3992 6012 3993 6012 3987 6013 3994 6013 3986 6013 3986 6014 3994 6014 3995 6014 3986 6015 3995 6015 3996 6015 3996 6016 3995 6016 3997 6016 3996 6017 3997 6017 3998 6017 3993 5913 3999 5913 3931 5913 3931 5914 3999 5914 4000 5914 3931 5915 4000 5915 3973 5915 3973 5916 4000 5916 4001 5916 3973 5917 4001 5917 4002 5917 4002 5918 4001 5918 4003 5918 4002 6018 4003 6018 3979 6018 3979 6019 4003 6019 4004 6019 3979 6020 4004 6020 3980 6020 3998 6021 4005 6021 3996 6021 3996 6022 4005 6022 4006 6022 3996 6023 4006 6023 4007 6023 4006 6024 4008 6024 4007 6024 4007 6025 4008 6025 4009 6025 4007 6026 4009 6026 4010 6026 4010 5931 4009 5931 4011 5931 4010 5932 4011 5932 4012 5932 4013 6027 4014 6027 3976 6027 3976 5936 4014 5936 4015 5936 3976 6028 4015 6028 4016 6028 4016 6029 4017 6029 3976 6029 3976 5924 4017 5924 4018 5924 3976 6030 4018 6030 3974 6030 3976 6031 4019 6031 4020 6031 4011 6032 4013 6032 4012 6032 4012 5934 4013 5934 3976 5934 4012 6033 3976 6033 4021 6033 4021 6034 3976 6034 4020 6034 4019 6035 4022 6035 4023 6035 4023 6036 4022 6036 3748 6036 4023 6037 3748 6037 4024 6037 3752 6038 3764 6038 3748 6038 3748 5958 3764 5958 4025 5958 3748 6039 4025 6039 4024 6039 4019 6040 3976 6040 4022 6040 4022 6041 3976 6041 3931 6041 4022 6042 3931 6042 3936 6042 3936 6043 3931 6043 3949 6043 3936 6044 3949 6044 3934 6044 3809 6043 3798 6043 3736 6043 3736 6045 3798 6045 3881 6045 3736 6046 3881 6046 3835 6046 3835 6047 3881 6047 3880 6047 3835 6048 3880 6048 3873 6048 3745 6049 3748 6049 3742 6049 3742 6050 3748 6050 4022 6050 3742 6051 4022 6051 3798 6051 3798 6052 4022 6052 3936 6052 3798 6052 3936 6052 3881 6052 3881 6053 3936 6053 3888 6053 3881 6054 3888 6054 3876 6054 3876 6055 3888 6055 3899 6055 3876 6056 3899 6056 3891 6056 7 6057 48 6057 8 6057 8 6058 48 6058 50 6058 8 6059 50 6059 9 6059 9 6060 50 6060 93 6060 9 6061 93 6061 19 6061 19 6062 93 6062 66 6062 19 6063 66 6063 20 6063 20 6063 66 6063 68 6063 20 5727 68 5727 21 5727 21 5727 68 5727 61 5727 21 6064 61 6064 31 6064 31 6064 61 6064 63 6064 31 6065 63 6065 32 6065 32 6066 63 6066 65 6066 32 6067 65 6067 33 6067 33 6068 65 6068 106 6068 33 6069 106 6069 34 6069 34 6070 106 6070 116 6070 34 6071 116 6071 28 6071 28 6072 116 6072 118 6072 28 6073 118 6073 29 6073 29 6073 118 6073 86 6073 29 6074 86 6074 30 6074 30 6075 86 6075 88 6075 30 6076 88 6076 35 6076 35 6077 88 6077 41 6077 35 6078 41 6078 3 6078 3 6078 41 6078 43 6078 3 6079 43 6079 2 6079 2 6080 43 6080 45 6080 2 6081 45 6081 0 6081 0 6082 45 6082 103 6082 0 6083 103 6083 10 6083 10 6083 103 6083 109 6083 10 6084 109 6084 11 6084 11 6085 109 6085 111 6085 11 6086 111 6086 12 6086 12 6087 111 6087 113 6087 12 6088 113 6088 13 6088 13 6089 113 6089 123 6089 13 6090 123 6090 14 6090 14 6091 123 6091 96 6091 14 6092 96 6092 15 6092 15 6092 96 6092 98 6092 15 6093 98 6093 16 6093 16 6093 98 6093 81 6093 16 6094 81 6094 17 6094 17 6094 81 6094 83 6094 17 6095 83 6095 18 6095 18 6096 83 6096 76 6096 18 6097 76 6097 22 6097 22 6098 76 6098 78 6098 22 6099 78 6099 23 6099 23 6100 78 6100 71 6100 23 6101 71 6101 24 6101 24 6102 71 6102 73 6102 24 6103 73 6103 25 6103 25 6103 73 6103 56 6103 25 6104 56 6104 26 6104 26 6105 56 6105 58 6105 26 6106 58 6106 27 6106 27 6107 58 6107 36 6107 27 5718 36 5718 1 5718 1 5718 36 5718 38 5718 1 6108 38 6108 4 6108 4 6109 38 6109 40 6109 4 6110 40 6110 5 6110 5 6111 40 6111 53 6111 5 6112 53 6112 6 6112 6 6112 53 6112 46 6112 6 6113 46 6113 7 6113 7 6114 46 6114 48 6114 1377 6115 1376 6115 47 6115 1016 6116 1015 6116 110 6116 110 6117 1015 6117 112 6117 112 6118 1015 6118 691 6118 112 6119 691 6119 690 6119 1016 6120 110 6120 1017 6120 1017 6121 110 6121 108 6121 1017 6122 108 6122 1018 6122 1018 6123 108 6123 1019 6123 1019 6124 108 6124 107 6124 1019 6125 107 6125 1020 6125 1020 6126 107 6126 1021 6126 1021 6127 107 6127 102 6127 1021 6128 102 6128 1022 6128 101 6129 1024 6129 102 6129 102 6130 1024 6130 1023 6130 102 6131 1023 6131 1022 6131 1028 6132 1027 6132 44 6132 44 6133 1027 6133 1026 6133 44 6134 1026 6134 101 6134 101 6135 1026 6135 1025 6135 101 6136 1025 6136 1024 6136 1028 6137 44 6137 4026 6137 4026 6138 44 6138 42 6138 4026 6139 42 6139 1030 6139 1030 6140 42 6140 1032 6140 1032 6141 42 6141 90 6141 1032 6142 90 6142 1033 6142 1033 6143 90 6143 1034 6143 1034 6144 90 6144 89 6144 1034 6145 89 6145 1035 6145 87 6146 1038 6146 89 6146 89 6147 1038 6147 1036 6147 89 6148 1036 6148 1035 6148 120 6149 1040 6149 87 6149 87 6150 1040 6150 1039 6150 87 6151 1039 6151 1038 6151 119 6152 1042 6152 120 6152 120 6153 1042 6153 1041 6153 120 6154 1041 6154 1040 6154 394 6155 1047 6155 117 6155 117 6156 1047 6156 1046 6156 117 6157 1046 6157 119 6157 119 6158 1046 6158 1043 6158 119 6159 1043 6159 1042 6159 330 6160 329 6160 115 6160 328 6161 327 6161 451 6161 329 6162 328 6162 115 6162 115 6163 328 6163 451 6163 115 6164 451 6164 117 6164 117 6165 451 6165 395 6165 117 6166 395 6166 394 6166 114 6167 643 6167 115 6167 115 6168 643 6168 641 6168 115 6169 641 6169 330 6169 105 6170 646 6170 114 6170 114 6171 646 6171 644 6171 114 6172 644 6172 643 6172 104 6173 650 6173 105 6173 105 6174 650 6174 648 6174 105 6175 648 6175 646 6175 656 6176 654 6176 64 6176 64 6177 654 6177 653 6177 64 6178 653 6178 104 6178 104 6179 653 6179 651 6179 104 6180 651 6180 650 6180 656 6181 64 6181 658 6181 658 6182 64 6182 62 6182 658 6183 62 6183 659 6183 659 6184 62 6184 661 6184 661 6185 62 6185 70 6185 661 6186 70 6186 662 6186 69 6187 666 6187 70 6187 70 6188 666 6188 4027 6188 70 6189 4027 6189 662 6189 67 6190 669 6190 69 6190 69 6191 669 6191 667 6191 69 6192 667 6192 666 6192 95 6193 672 6193 67 6193 67 6194 672 6194 670 6194 67 6195 670 6195 669 6195 678 6196 677 6196 94 6196 94 6197 677 6197 675 6197 94 6198 675 6198 95 6198 95 6199 675 6199 673 6199 95 6200 673 6200 672 6200 678 6201 94 6201 680 6201 680 6202 94 6202 92 6202 680 6203 92 6203 681 6203 681 6204 92 6204 683 6204 683 6205 92 6205 91 6205 683 6206 91 6206 685 6206 263 6207 206 6207 49 6207 49 6208 206 6208 205 6208 49 6209 205 6209 91 6209 91 6210 205 6210 686 6210 91 6211 686 6211 685 6211 47 6212 1376 6212 49 6212 49 6213 1376 6213 267 6213 49 6214 267 6214 266 6214 266 6215 265 6215 49 6215 49 6216 265 6216 229 6216 49 6217 229 6217 263 6217 1377 6218 47 6218 1378 6218 1378 6219 47 6219 55 6219 1378 6220 55 6220 1379 6220 1379 6221 55 6221 1380 6221 1380 6222 55 6222 54 6222 1380 6223 54 6223 1381 6223 1381 6224 54 6224 1382 6224 1382 6225 54 6225 52 6225 1382 6226 52 6226 1383 6226 51 6227 1385 6227 52 6227 52 6228 1385 6228 1384 6228 52 6229 1384 6229 1383 6229 1389 6230 1388 6230 39 6230 39 6231 1388 6231 1387 6231 39 6232 1387 6232 51 6232 51 6233 1387 6233 1386 6233 51 6234 1386 6234 1385 6234 1389 6235 39 6235 4028 6235 4028 6236 39 6236 37 6236 4028 6237 37 6237 1391 6237 1391 6238 37 6238 1393 6238 1393 6239 37 6239 60 6239 1393 6240 60 6240 1394 6240 59 6241 1396 6241 60 6241 60 6242 1396 6242 1395 6242 60 6243 1395 6243 1394 6243 57 6244 1399 6244 59 6244 59 6245 1399 6245 1397 6245 59 6246 1397 6246 1396 6246 75 6247 1401 6247 57 6247 57 6248 1401 6248 1400 6248 57 6249 1400 6249 1399 6249 74 6250 1403 6250 75 6250 75 6251 1403 6251 1402 6251 75 6252 1402 6252 1401 6252 1116 6253 1408 6253 72 6253 72 6254 1408 6254 1407 6254 72 6255 1407 6255 74 6255 74 6256 1407 6256 1404 6256 74 6257 1404 6257 1403 6257 1052 6258 1051 6258 80 6258 1050 6259 1049 6259 1173 6259 1051 6260 1050 6260 80 6260 80 6261 1050 6261 1173 6261 80 6262 1173 6262 72 6262 72 6263 1173 6263 1117 6263 72 6264 1117 6264 1116 6264 79 6265 1600 6265 80 6265 80 6266 1600 6266 1598 6266 80 6267 1598 6267 1052 6267 77 6268 1603 6268 79 6268 79 6269 1603 6269 1601 6269 79 6270 1601 6270 1600 6270 85 6271 1607 6271 77 6271 77 6272 1607 6272 1605 6272 77 6273 1605 6273 1603 6273 84 6274 1610 6274 85 6274 85 6275 1610 6275 1608 6275 85 6276 1608 6276 1607 6276 1616 6277 1615 6277 82 6277 82 6278 1615 6278 1613 6278 82 6279 1613 6279 84 6279 84 6280 1613 6280 1611 6280 84 6281 1611 6281 1610 6281 1616 6282 82 6282 1618 6282 1618 6283 82 6283 100 6283 1618 6284 100 6284 1619 6284 99 6285 1623 6285 100 6285 100 6286 1623 6286 4029 6286 100 6287 4029 6287 1619 6287 97 6288 1626 6288 99 6288 99 6289 1626 6289 1624 6289 99 6290 1624 6290 1623 6290 125 6291 1629 6291 97 6291 97 6292 1629 6292 1627 6292 97 6293 1627 6293 1626 6293 1635 6294 1634 6294 124 6294 124 6295 1634 6295 1632 6295 124 6296 1632 6296 125 6296 125 6297 1632 6297 1630 6297 125 6298 1630 6298 1629 6298 1635 6299 124 6299 1637 6299 1637 6300 124 6300 122 6300 1637 6301 122 6301 1638 6301 121 6302 1642 6302 122 6302 122 6303 1642 6303 1640 6303 122 6304 1640 6304 1638 6304 690 6305 689 6305 112 6305 112 6306 689 6306 688 6306 112 6307 688 6307 812 6307 812 6308 756 6308 112 6308 112 6309 756 6309 755 6309 112 6310 755 6310 121 6310 121 6311 755 6311 1643 6311 121 6312 1643 6312 1642 6312 158 6313 157 6313 2888 6313 131 6314 2344 6314 139 6314 139 6315 2344 6315 2345 6315 139 6316 2345 6316 132 6316 132 6317 2345 6317 2347 6317 132 6318 2347 6318 133 6318 133 6319 2347 6319 2349 6319 133 6320 2349 6320 135 6320 2335 6321 2337 6321 129 6321 129 6322 2337 6322 2339 6322 129 6323 2339 6323 130 6323 130 6324 2339 6324 2340 6324 130 6325 2340 6325 131 6325 131 6326 2340 6326 2342 6326 131 6327 2342 6327 2344 6327 129 6328 127 6328 2335 6328 2335 6329 127 6329 126 6329 2335 6330 126 6330 2333 6330 2333 6331 126 6331 141 6331 150 6332 2329 6332 151 6332 151 6333 2329 6333 2327 6333 151 6334 2327 6334 141 6334 141 6335 2327 6335 2326 6335 141 6336 2326 6336 2333 6336 156 6337 2322 6337 154 6337 154 6338 2322 6338 2332 6338 154 6339 2332 6339 150 6339 150 6340 2332 6340 2331 6340 150 6341 2331 6341 2329 6341 166 6342 2317 6342 168 6342 168 6343 2317 6343 2325 6343 168 6344 2325 6344 156 6344 156 6345 2325 6345 2324 6345 156 6346 2324 6346 2322 6346 173 6347 2314 6347 162 6347 162 6348 2314 6348 2312 6348 162 6349 2312 6349 163 6349 163 6350 2312 6350 2310 6350 163 6351 2310 6351 165 6351 165 6352 2310 6352 2320 6352 165 6353 2320 6353 166 6353 166 6354 2320 6354 2319 6354 166 6355 2319 6355 2317 6355 199 6356 2308 6356 170 6356 170 6357 2308 6357 2307 6357 170 6358 2307 6358 172 6358 172 6359 2307 6359 2305 6359 172 6360 2305 6360 173 6360 173 6361 2305 6361 2315 6361 173 6362 2315 6362 2314 6362 196 6363 2303 6363 197 6363 197 6364 2303 6364 2302 6364 197 6365 2302 6365 199 6365 199 6366 2302 6366 2300 6366 199 6367 2300 6367 2308 6367 191 6368 2287 6368 192 6368 192 6369 2287 6369 2289 6369 192 6370 2289 6370 193 6370 2289 6371 2291 6371 193 6371 193 6372 2291 6372 2298 6372 193 6373 2298 6373 194 6373 194 6374 2298 6374 2297 6374 194 6375 2297 6375 195 6375 195 6376 2297 6376 2295 6376 195 6377 2295 6377 196 6377 196 6378 2295 6378 2293 6378 196 6379 2293 6379 2303 6379 182 6380 2279 6380 188 6380 188 6381 2279 6381 2281 6381 188 6382 2281 6382 176 6382 176 6383 2281 6383 2282 6383 176 6384 2282 6384 190 6384 190 6385 2282 6385 2284 6385 190 6386 2284 6386 191 6386 191 6387 2284 6387 2286 6387 191 6388 2286 6388 2287 6388 183 6389 2931 6389 185 6389 185 6390 2931 6390 2272 6390 185 6391 2272 6391 186 6391 186 6392 2272 6392 2274 6392 186 6393 2274 6393 184 6393 184 6394 2274 6394 2276 6394 184 6395 2276 6395 182 6395 182 6396 2276 6396 2277 6396 182 6397 2277 6397 2279 6397 179 6398 2923 6398 187 6398 187 6399 2923 6399 2924 6399 187 6400 2924 6400 180 6400 180 6401 2924 6401 2926 6401 180 6402 2926 6402 181 6402 181 6403 2926 6403 2928 6403 181 6404 2928 6404 183 6404 183 6405 2928 6405 2929 6405 183 6406 2929 6406 2931 6406 2914 6407 2916 6407 177 6407 177 6408 2916 6408 2918 6408 177 6409 2918 6409 178 6409 178 6410 2918 6410 2919 6410 178 6411 2919 6411 179 6411 179 6412 2919 6412 2921 6412 179 6413 2921 6413 2923 6413 177 6414 175 6414 2914 6414 2914 6415 175 6415 174 6415 2914 6416 174 6416 2912 6416 2912 6417 174 6417 189 6417 169 6418 2908 6418 198 6418 198 6419 2908 6419 2906 6419 198 6420 2906 6420 189 6420 189 6421 2906 6421 2905 6421 189 6422 2905 6422 2912 6422 164 6423 2901 6423 171 6423 171 6424 2901 6424 2911 6424 171 6425 2911 6425 169 6425 169 6426 2911 6426 2910 6426 169 6427 2910 6427 2908 6427 161 6428 2894 6428 167 6428 167 6429 2894 6429 2904 6429 167 6430 2904 6430 164 6430 164 6431 2904 6431 2903 6431 164 6432 2903 6432 2901 6432 2888 6433 2890 6433 158 6433 158 6434 2890 6434 2892 6434 158 6435 2892 6435 159 6435 159 6436 2892 6436 2899 6436 159 6437 2899 6437 160 6437 160 6438 2899 6438 2898 6438 160 6439 2898 6439 161 6439 161 6440 2898 6440 2896 6440 161 6441 2896 6441 2894 6441 153 6442 2882 6442 152 6442 152 6443 2882 6443 2883 6443 152 6444 2883 6444 155 6444 155 6445 2883 6445 2885 6445 155 6446 2885 6446 157 6446 157 6447 2885 6447 2887 6447 157 6448 2887 6448 2888 6448 148 6449 2877 6449 149 6449 149 6450 2877 6450 2878 6450 149 6451 2878 6451 153 6451 153 6452 2878 6452 2880 6452 153 6453 2880 6453 2882 6453 143 6454 2869 6454 144 6454 144 6455 2869 6455 2867 6455 144 6456 2867 6456 145 6456 2867 6457 2865 6457 145 6457 145 6458 2865 6458 2864 6458 145 6459 2864 6459 146 6459 146 6460 2864 6460 2871 6460 146 6461 2871 6461 147 6461 147 6462 2871 6462 2873 6462 147 6463 2873 6463 148 6463 148 6464 2873 6464 2875 6464 148 6465 2875 6465 2877 6465 134 6466 2855 6466 140 6466 140 6467 2855 6467 2863 6467 140 6468 2863 6468 128 6468 128 6469 2863 6469 2862 6469 128 6470 2862 6470 142 6470 142 6471 2862 6471 2860 6471 142 6472 2860 6472 143 6472 143 6473 2860 6473 2870 6473 143 6474 2870 6474 2869 6474 2349 6475 2350 6475 135 6475 135 6476 2350 6476 2352 6476 135 6477 2352 6477 137 6477 137 6478 2352 6478 2354 6478 137 6479 2354 6479 138 6479 138 6480 2354 6480 2852 6480 138 6481 2852 6481 136 6481 136 6482 2852 6482 2858 6482 136 6483 2858 6483 134 6483 134 6484 2858 6484 2857 6484 134 6485 2857 6485 2855 6485 4030 6486 2271 6486 1703 6486 1720 6487 1704 6487 2009 6487 4031 6488 1724 6488 4032 6488 4032 6489 1724 6489 1723 6489 4032 6490 1723 6490 4033 6490 4033 6491 1723 6491 1722 6491 4033 6492 1722 6492 4034 6492 4034 6493 1722 6493 1711 6493 4034 6494 1711 6494 4035 6494 4035 6495 1711 6495 1710 6495 4035 6496 1710 6496 4036 6496 4036 6497 1710 6497 1721 6497 4036 6498 1721 6498 4037 6498 4037 6499 1721 6499 1720 6499 4037 6500 1720 6500 4038 6500 4038 6501 1720 6501 2009 6501 1703 6502 4039 6502 4030 6502 4030 6503 4039 6503 1719 6503 4030 6504 1719 6504 4031 6504 4031 6505 1719 6505 1712 6505 4031 6506 1712 6506 1724 6506 1741 6507 3400 6507 4040 6507 4041 6508 2082 6508 1742 6508 1761 6509 1759 6509 4040 6509 4040 6510 1759 6510 1758 6510 4040 6511 1758 6511 1741 6511 1742 6512 1760 6512 4041 6512 4041 6513 1760 6513 1772 6513 4041 6514 1772 6514 4042 6514 4042 6515 1772 6515 1771 6515 4042 6516 1771 6516 4043 6516 4043 6517 1771 6517 1770 6517 4043 6518 1770 6518 4044 6518 4044 6519 1770 6519 1769 6519 4044 6520 1769 6520 4045 6520 4045 6521 1769 6521 1768 6521 4045 6522 1768 6522 4046 6522 4046 6523 1768 6523 1767 6523 4046 6524 1767 6524 4047 6524 4047 6525 1767 6525 1761 6525 4047 6526 1761 6526 4048 6526 4048 6527 1761 6527 4040 6527 1850 6528 1852 6528 3558 6528 1866 6529 1865 6529 3562 6529 1855 6530 1843 6530 3560 6530 3558 6531 1852 6531 3560 6531 3560 6532 1852 6532 1856 6532 3560 6533 1856 6533 1855 6533 1843 6534 1859 6534 3560 6534 3560 6535 1859 6535 1858 6535 3560 6536 1858 6536 3562 6536 3562 6537 1858 6537 1857 6537 3562 6538 1857 6538 1866 6538 3435 6539 1834 6539 3549 6539 3549 6539 1834 6539 1861 6539 3549 6540 1861 6540 3552 6540 3552 6540 1861 6540 1862 6540 3552 6541 1862 6541 3554 6541 3554 6541 1862 6541 1863 6541 3554 6078 1863 6078 3556 6078 3556 6078 1863 6078 1860 6078 3556 6542 1860 6542 3558 6542 3558 6543 1860 6543 1848 6543 3558 6544 1848 6544 1850 6544 1878 6545 3436 6545 1877 6545 1877 6546 3436 6546 3578 6546 1877 6547 3578 6547 1876 6547 1876 6548 3578 6548 3576 6548 1876 6549 3576 6549 1875 6549 1875 6549 3576 6549 3574 6549 1875 6093 3574 6093 1874 6093 1874 6093 3574 6093 3572 6093 1874 6550 3572 6550 1873 6550 1873 6551 3572 6551 3570 6551 1873 6552 3570 6552 1881 6552 1894 6553 4049 6553 3568 6553 4049 6554 1891 6554 3568 6554 3568 6555 1891 6555 1883 6555 3568 6556 1883 6556 3570 6556 3570 6557 1883 6557 1882 6557 3570 6558 1882 6558 1881 6558 3566 6559 1904 6559 1905 6559 1905 6560 1899 6560 3566 6560 3566 6561 1899 6561 1898 6561 3566 6562 1898 6562 3568 6562 3568 6563 1898 6563 1896 6563 3568 6564 1896 6564 1894 6564 3564 6565 229 6565 1902 6565 1902 6566 1901 6566 3564 6566 3564 6567 1901 6567 1906 6567 3564 6568 1906 6568 3566 6568 3566 6569 1906 6569 1903 6569 3566 6570 1903 6570 1904 6570 1865 6571 1868 6571 3562 6571 3562 6572 1868 6572 1869 6572 3562 6573 1869 6573 3564 6573 3564 6574 1869 6574 1864 6574 3564 6575 1864 6575 229 6575 3682 6576 4050 6576 2271 6576 2271 6577 4030 6577 3682 6577 3682 6578 4030 6578 4031 6578 3682 6579 4031 6579 3681 6579 3681 6580 4031 6580 4032 6580 3681 6581 4032 6581 3680 6581 3680 6582 4032 6582 4033 6582 3680 6582 4033 6582 3683 6582 3683 6583 4033 6583 4034 6583 3683 6584 4034 6584 3684 6584 3684 6585 4034 6585 4035 6585 3684 6585 4035 6585 3654 6585 3654 6586 4035 6586 4036 6586 3654 6587 4036 6587 3653 6587 3653 6588 4036 6588 4037 6588 3653 6589 4037 6589 3658 6589 3658 6590 4037 6590 4038 6590 3658 6591 4038 6591 3659 6591 3659 6592 4038 6592 2009 6592 3659 6593 2009 6593 3486 6593 3400 6594 4051 6594 4052 6594 3400 6595 4052 6595 4040 6595 4040 6596 4052 6596 3693 6596 4040 6597 3693 6597 4048 6597 3693 6598 3692 6598 4048 6598 4048 6599 3692 6599 3691 6599 4048 6600 3691 6600 4047 6600 4047 6601 3691 6601 3687 6601 4047 6601 3687 6601 4046 6601 4046 6602 3687 6602 3686 6602 4046 6603 3686 6603 4045 6603 4045 6604 3686 6604 3685 6604 4045 6604 3685 6604 4044 6604 4044 6605 3685 6605 3656 6605 4044 6606 3656 6606 4043 6606 4043 6607 3656 6607 3655 6607 4043 6608 3655 6608 4042 6608 4042 6609 3655 6609 3694 6609 4042 6610 3694 6610 4041 6610 4041 6611 3694 6611 3505 6611 4041 6612 3505 6612 2082 6612 2186 6613 4053 6613 2184 6613 2184 6614 4053 6614 4054 6614 2184 6615 4054 6615 2209 6615 2209 6616 4054 6616 4055 6616 2209 6617 4055 6617 2206 6617 2206 6618 4055 6618 4056 6618 2206 6619 4056 6619 2207 6619 2207 6619 4056 6619 4057 6619 2207 6078 4057 6078 2208 6078 2208 6078 4057 6078 4058 6078 2208 6620 4058 6620 2210 6620 2210 6620 4058 6620 4059 6620 2210 6621 4059 6621 2191 6621 2191 6622 4059 6622 4060 6622 2191 6623 4060 6623 2192 6623 2192 6624 4060 6624 4061 6624 2192 6625 4061 6625 2195 6625 2195 6625 4061 6625 4062 6625 2195 6626 4062 6626 2196 6626 2196 6627 4062 6627 4063 6627 2196 6628 4063 6628 2182 6628 2182 6629 4063 6629 4064 6629 2182 6630 4064 6630 2183 6630 2183 6631 4064 6631 4065 6631 2183 6632 4065 6632 2185 6632 2185 6632 4065 6632 4066 6632 2185 5727 4066 5727 2187 5727 2187 5727 4066 5727 4067 5727 2187 6633 4067 6633 2178 6633 2178 6633 4067 6633 4068 6633 2178 6634 4068 6634 2175 6634 2175 6635 4068 6635 4069 6635 2175 6636 4069 6636 2176 6636 2176 6637 4069 6637 4070 6637 2176 6638 4070 6638 2179 6638 2179 6639 4070 6639 4071 6639 2179 6640 4071 6640 2180 6640 2180 6640 4071 6640 4072 6640 2180 6641 4072 6641 2204 6641 2204 6642 4072 6642 4073 6642 2204 6643 4073 6643 2201 6643 2201 6644 4073 6644 4074 6644 2201 6645 4074 6645 2203 6645 2203 6645 4074 6645 4075 6645 2203 5718 4075 5718 2202 5718 2202 5718 4075 5718 4076 5718 2202 6646 4076 6646 2200 6646 2200 6646 4076 6646 4077 6646 2200 6647 4077 6647 2205 6647 2205 6648 4077 6648 4078 6648 2205 6649 4078 6649 2197 6649 2197 6650 4078 6650 4079 6650 2197 6651 4079 6651 2198 6651 2198 6651 4079 6651 4080 6651 2198 6652 4080 6652 2199 6652 2199 6653 4080 6653 4081 6653 2199 6654 4081 6654 2190 6654 2190 6655 4081 6655 4082 6655 2190 6656 4082 6656 2189 6656 2189 6657 4082 6657 4083 6657 2189 6658 4083 6658 2188 6658 2188 6658 4083 6658 4084 6658 2188 6093 4084 6093 2193 6093 2193 6093 4084 6093 4085 6093 2193 6659 4085 6659 2194 6659 2194 6659 4085 6659 4086 6659 2194 6660 4086 6660 2181 6660 2181 6661 4086 6661 4087 6661 2181 6662 4087 6662 2177 6662 2177 6663 4087 6663 4088 6663 2177 6664 4088 6664 2186 6664 2186 6665 4088 6665 4053 6665 2216 6614 4089 6614 2239 6614 2239 6614 4089 6614 4090 6614 2239 6615 4090 6615 2245 6615 2245 6616 4090 6616 4091 6616 2245 6666 4091 6666 2242 6666 2242 6667 4091 6667 4092 6667 2242 6668 4092 6668 2243 6668 2243 6668 4092 6668 4093 6668 2243 6078 4093 6078 2244 6078 2244 6078 4093 6078 4094 6078 2244 6669 4094 6669 2246 6669 2246 6669 4094 6669 4095 6669 2246 6670 4095 6670 2240 6670 2240 6671 4095 6671 4096 6671 2240 6623 4096 6623 2241 6623 2241 6624 4096 6624 4097 6624 2241 6625 4097 6625 2223 6625 2223 6625 4097 6625 4098 6625 2223 6672 4098 6672 2224 6672 2224 6673 4098 6673 4099 6673 2224 6674 4099 6674 2225 6674 2225 6675 4099 6675 4100 6675 2225 6676 4100 6676 2226 6676 2226 6677 4100 6677 4101 6677 2226 6678 4101 6678 2227 6678 2227 6678 4101 6678 4102 6678 2227 5727 4102 5727 2228 5727 2228 5727 4102 5727 4103 5727 2228 6679 4103 6679 2229 6679 2229 6679 4103 6679 4104 6679 2229 6680 4104 6680 2214 6680 2214 6681 4104 6681 4105 6681 2214 6682 4105 6682 2215 6682 2215 6683 4105 6683 4106 6683 2215 6684 4106 6684 2213 6684 2213 6685 4106 6685 4107 6685 2213 6640 4107 6640 2220 6640 2220 6640 4107 6640 4108 6640 2220 6641 4108 6641 2237 6641 2237 6642 4108 6642 4109 6642 2237 6686 4109 6686 2234 6686 2234 6687 4109 6687 4110 6687 2234 6688 4110 6688 2236 6688 2236 6688 4110 6688 4111 6688 2236 5718 4111 5718 2235 5718 2235 5718 4111 5718 4112 5718 2235 6689 4112 6689 2233 6689 2233 6689 4112 6689 4113 6689 2233 6690 4113 6690 2238 6690 2238 6691 4113 6691 4114 6691 2238 6649 4114 6649 2230 6649 2230 6650 4114 6650 4115 6650 2230 6651 4115 6651 2231 6651 2231 6651 4115 6651 4116 6651 2231 6692 4116 6692 2232 6692 2232 6693 4116 6693 4117 6693 2232 6694 4117 6694 2218 6694 2218 6695 4117 6695 4118 6695 2218 6696 4118 6696 2219 6696 2219 6697 4118 6697 4119 6697 2219 6698 4119 6698 2221 6698 2221 6698 4119 6698 4120 6698 2221 6093 4120 6093 2222 6093 2222 6093 4120 6093 4121 6093 2222 6699 4121 6699 2211 6699 2211 6699 4121 6699 4122 6699 2211 6700 4122 6700 2212 6700 2212 6701 4122 6701 4123 6701 2212 6702 4123 6702 2217 6702 2217 6703 4123 6703 4124 6703 2217 6704 4124 6704 2216 6704 2216 6705 4124 6705 4089 6705 4051 6706 3400 6706 3401 6706 3477 6707 2000 6707 3413 6707 3438 6708 1908 6708 2247 6708 3506 6709 2083 6709 2259 6709 4050 6710 3682 6710 4125 6710 4125 6711 3682 6711 4126 6711 3697 6712 3506 6712 4127 6712 4128 6713 3700 6713 4129 6713 4129 6714 3700 6714 3697 6714 4129 6715 3697 6715 4130 6715 4130 6716 3697 6716 4127 6716 4131 6717 3525 6717 4128 6717 4128 6718 3525 6718 3702 6718 4128 6719 3702 6719 3700 6719 3547 6720 3438 6720 4132 6720 4133 6721 3594 6721 4134 6721 4134 6722 3594 6722 3547 6722 4134 6723 3547 6723 4135 6723 4135 6724 3547 6724 4132 6724 4136 6725 3434 6725 4133 6725 4133 6726 3434 6726 3585 6726 4133 6727 3585 6727 3594 6727 3604 6728 3477 6728 4137 6728 4138 6729 3600 6729 4139 6729 4139 6730 3600 6730 3604 6730 4139 6731 3604 6731 4140 6731 4140 6732 3604 6732 4137 6732 4141 6733 3456 6733 4138 6733 4138 6734 3456 6734 3602 6734 4138 6735 3602 6735 3600 6735 4051 6736 4142 6736 4052 6736 4052 6737 4142 6737 4143 6737 3682 6738 3660 6738 4126 6738 4126 6739 3660 6739 3641 6739 4126 6740 3641 6740 4144 6740 4144 6741 3641 6741 3639 6741 4144 6742 3639 6742 4143 6742 4143 6743 3639 6743 3693 6743 4143 6744 3693 6744 4052 6744 2953 6745 2951 6745 4145 6745 2961 6746 2959 6746 4145 6746 2959 6747 2957 6747 4145 6747 4145 6748 2957 6748 2955 6748 4145 6749 2955 6749 2953 6749 2951 6750 2949 6750 4145 6750 4145 6751 2949 6751 2947 6751 4145 6752 2947 6752 2932 6752 2932 6753 2447 6753 2254 6753 2254 6754 2447 6754 2445 6754 2254 6755 2445 6755 2443 6755 2443 6756 2441 6756 2254 6756 2254 6757 2441 6757 2439 6757 2254 6758 2439 6758 2437 6758 2437 6759 2435 6759 2254 6759 2254 6760 2435 6760 2433 6760 2254 6761 2433 6761 2431 6761 2986 6762 2984 6762 4146 6762 4146 6763 2984 6763 2982 6763 4146 6764 2982 6764 2980 6764 2980 6765 2978 6765 4146 6765 4146 6766 2978 6766 2976 6766 4146 6767 2976 6767 4147 6767 4147 6768 2976 6768 2974 6768 2974 6769 2972 6769 4147 6769 4147 6770 2972 6770 2970 6770 4147 6771 2970 6771 2968 6771 2968 6772 2967 6772 4147 6772 4147 6773 2967 6773 2965 6773 4147 6774 2965 6774 4145 6774 4145 6775 2965 6775 2963 6775 4145 6776 2963 6776 2961 6776 2389 6777 2387 6777 2251 6777 2397 6778 2395 6778 2251 6778 2397 6779 2251 6779 2399 6779 2395 6780 2393 6780 2251 6780 2251 6781 2393 6781 2391 6781 2251 6782 2391 6782 2389 6782 2387 6783 2385 6783 2251 6783 2251 6784 2385 6784 2357 6784 2251 6785 2357 6785 2356 6785 3007 6786 3005 6786 4148 6786 3005 6787 3003 6787 4148 6787 4148 6788 3003 6788 3001 6788 4148 6789 3001 6789 2999 6789 2999 6790 2997 6790 4148 6790 4148 6791 2997 6791 2995 6791 4148 6792 2995 6792 2993 6792 2993 6793 2991 6793 4148 6793 4148 6794 2991 6794 2990 6794 4148 6795 2990 6795 4146 6795 4146 6796 2990 6796 2988 6796 4146 6797 2988 6797 2986 6797 2424 6798 2422 6798 2253 6798 2253 6799 2422 6799 2420 6799 2253 6800 2420 6800 2418 6800 2431 6801 2429 6801 2254 6801 2254 6802 2429 6802 2428 6802 2254 6803 2428 6803 2253 6803 2253 6804 2428 6804 2426 6804 2253 6805 2426 6805 2424 6805 2418 6806 2416 6806 2253 6806 2253 6807 2416 6807 2414 6807 2253 6808 2414 6808 2252 6808 2252 6809 2414 6809 2412 6809 2412 6810 2410 6810 2252 6810 2252 6811 2410 6811 2408 6811 2252 6812 2408 6812 2406 6812 2406 6813 2405 6813 2252 6813 2252 6814 2405 6814 2403 6814 2252 6815 2403 6815 2251 6815 2251 6816 2403 6816 2401 6816 2251 6817 2401 6817 2399 6817 3506 6818 2259 6818 4127 6818 4127 6819 2259 6819 2260 6819 4127 6820 2260 6820 4149 6820 4149 6821 2260 6821 2261 6821 4149 6822 2261 6822 4150 6822 4150 6823 2261 6823 2262 6823 4150 6824 2262 6824 4151 6824 4151 6825 2262 6825 2263 6825 4151 6825 2263 6825 4152 6825 4152 6826 2263 6826 2264 6826 4152 6826 2264 6826 4153 6826 4153 5727 2264 5727 2265 5727 4153 5727 2265 5727 4154 5727 4154 6827 2265 6827 2266 6827 4154 6827 2266 6827 4155 6827 4155 6828 2266 6828 2267 6828 4155 6828 2267 6828 4156 6828 4156 6829 2267 6829 2268 6829 4156 6830 2268 6830 4157 6830 4157 6831 2268 6831 2269 6831 4157 6832 2269 6832 4158 6832 4158 6833 2269 6833 2270 6833 4158 6834 2270 6834 4125 6834 4125 6835 2270 6835 2271 6835 4125 6836 2271 6836 4050 6836 2932 6837 2254 6837 4145 6837 4145 6838 2254 6838 2255 6838 4145 6839 2255 6839 4159 6839 4159 6840 2255 6840 2256 6840 4159 6841 2256 6841 4160 6841 4160 6842 2256 6842 2257 6842 4160 6843 2257 6843 4161 6843 4161 6844 2257 6844 2258 6844 4161 6845 2258 6845 4131 6845 4131 6846 2258 6846 2102 6846 4131 6847 2102 6847 3525 6847 3438 6848 2247 6848 4132 6848 4132 6849 2247 6849 2248 6849 4132 6850 2248 6850 4162 6850 4162 6851 2248 6851 2249 6851 4162 6852 2249 6852 4163 6852 4163 6853 2249 6853 2250 6853 4163 6854 2250 6854 4164 6854 4164 6855 2250 6855 2251 6855 4164 6856 2251 6856 4148 6856 4148 6857 2251 6857 2356 6857 4148 6858 2356 6858 3007 6858 3477 6859 3413 6859 4137 6859 4137 6860 3413 6860 3414 6860 4137 6861 3414 6861 4165 6861 4165 6862 3414 6862 3415 6862 4165 6863 3415 6863 4166 6863 4166 6864 3415 6864 3416 6864 4166 6865 3416 6865 4167 6865 4167 6866 3416 6866 3417 6866 4167 6866 3417 6866 4168 6866 4168 6867 3417 6867 3418 6867 4168 6867 3418 6867 4169 6867 4169 6093 3418 6093 3419 6093 4169 6093 3419 6093 4170 6093 4170 6868 3419 6868 3420 6868 4170 6868 3420 6868 4171 6868 4171 6869 3420 6869 3421 6869 4171 6869 3421 6869 4172 6869 4172 6870 3421 6870 3422 6870 4172 6871 3422 6871 4173 6871 4173 6872 3422 6872 3423 6872 4173 6873 3423 6873 4174 6873 4174 6874 3423 6874 3424 6874 4174 6875 3424 6875 4136 6875 4136 6876 3424 6876 1833 6876 4136 6877 1833 6877 3434 6877 4051 6878 3401 6878 4142 6878 4142 6879 3401 6879 3402 6879 4142 6880 3402 6880 4175 6880 4175 6881 3402 6881 3403 6881 4175 6882 3403 6882 4176 6882 4176 6883 3403 6883 3404 6883 4176 6884 3404 6884 4177 6884 4177 6885 3404 6885 3405 6885 4177 6886 3405 6886 4178 6886 4178 6887 3405 6887 3406 6887 4178 6888 3406 6888 4179 6888 4179 5718 3406 5718 3407 5718 4179 5718 3407 5718 4180 5718 4180 6889 3407 6889 3408 6889 4180 6890 3408 6890 4181 6890 4181 6891 3408 6891 3409 6891 4181 6892 3409 6892 4182 6892 4182 6893 3409 6893 3410 6893 4182 6894 3410 6894 4183 6894 4183 6895 3410 6895 3411 6895 4183 6896 3411 6896 4184 6896 4184 6897 3411 6897 3412 6897 4184 6898 3412 6898 4141 6898 4141 6899 3412 6899 1926 6899 4141 6900 1926 6900 3456 6900 4054 6901 4185 6901 4055 6901 4055 6902 4185 6902 4186 6902 4055 6903 4186 6903 4056 6903 4056 6904 4186 6904 4187 6904 4056 6905 4187 6905 4057 6905 4057 6906 4187 6906 4188 6906 4057 6907 4188 6907 4058 6907 4058 6908 4188 6908 4189 6908 4058 6909 4189 6909 4059 6909 4059 6910 4189 6910 4190 6910 4059 6911 4190 6911 4060 6911 4060 6912 4190 6912 4191 6912 4060 6913 4191 6913 4061 6913 4061 6914 4191 6914 4192 6914 4061 6915 4192 6915 4193 6915 4193 6916 4192 6916 4194 6916 4193 6917 4194 6917 4063 6917 4063 6918 4194 6918 4195 6918 4063 6919 4195 6919 4064 6919 4064 6920 4195 6920 4196 6920 4064 6921 4196 6921 4065 6921 4065 6922 4196 6922 4197 6922 4065 6923 4197 6923 4066 6923 4066 6924 4197 6924 4198 6924 4066 6925 4198 6925 4067 6925 4067 6926 4198 6926 4199 6926 4067 6927 4199 6927 4068 6927 4068 6928 4199 6928 4200 6928 4068 6929 4200 6929 4069 6929 4069 6930 4200 6930 4201 6930 4069 6931 4201 6931 4070 6931 4070 6932 4201 6932 4202 6932 4070 6933 4202 6933 4203 6933 4203 6934 4202 6934 4204 6934 4203 6935 4204 6935 4072 6935 4072 6936 4204 6936 4205 6936 4072 6937 4205 6937 4073 6937 4073 6938 4205 6938 4206 6938 4073 6939 4206 6939 4074 6939 4074 6940 4206 6940 4207 6940 4074 6941 4207 6941 4075 6941 4075 6942 4207 6942 4208 6942 4075 6943 4208 6943 4076 6943 4076 6944 4208 6944 4209 6944 4076 6945 4209 6945 4077 6945 4077 6946 4209 6946 4210 6946 4077 6947 4210 6947 4078 6947 4078 6948 4210 6948 4211 6948 4078 6949 4211 6949 4079 6949 4079 6950 4211 6950 4212 6950 4079 6951 4212 6951 4213 6951 4213 6952 4212 6952 4214 6952 4213 6953 4214 6953 4081 6953 4081 6954 4214 6954 4215 6954 4081 6955 4215 6955 4082 6955 4082 6956 4215 6956 4216 6956 4082 6957 4216 6957 4083 6957 4083 6958 4216 6958 4217 6958 4083 6959 4217 6959 4084 6959 4084 6960 4217 6960 4218 6960 4084 6961 4218 6961 4085 6961 4085 6962 4218 6962 4219 6962 4085 6963 4219 6963 4086 6963 4086 6964 4219 6964 4220 6964 4086 6965 4220 6965 4087 6965 4087 6966 4220 6966 4221 6966 4087 6967 4221 6967 4088 6967 4088 6968 4221 6968 4222 6968 4088 6969 4222 6969 4053 6969 4053 6970 4222 6970 3788 6970 4053 6971 3788 6971 4054 6971 4054 6972 3788 6972 4185 6972 4090 6973 4223 6973 4091 6973 4091 6974 4223 6974 4224 6974 4091 6975 4224 6975 4092 6975 4092 6976 4224 6976 4225 6976 4092 6977 4225 6977 4093 6977 4093 6978 4225 6978 4226 6978 4093 6979 4226 6979 4094 6979 4094 6980 4226 6980 4227 6980 4094 6981 4227 6981 4095 6981 4095 6982 4227 6982 4228 6982 4095 6983 4228 6983 4096 6983 4096 6984 4228 6984 4229 6984 4096 6913 4229 6913 4097 6913 4097 6985 4229 6985 4230 6985 4097 6986 4230 6986 4098 6986 4098 6987 4230 6987 4231 6987 4098 6988 4231 6988 4099 6988 4099 6989 4231 6989 4232 6989 4099 6990 4232 6990 4100 6990 4100 6991 4232 6991 4233 6991 4100 6992 4233 6992 4101 6992 4101 6993 4233 6993 4234 6993 4101 6994 4234 6994 4102 6994 4102 6995 4234 6995 4235 6995 4102 6996 4235 6996 4103 6996 4103 6997 4235 6997 4236 6997 4103 6998 4236 6998 4104 6998 4104 6999 4236 6999 4237 6999 4104 7000 4237 7000 4105 7000 4105 7001 4237 7001 4238 7001 4105 7002 4238 7002 4106 7002 4106 7003 4238 7003 4239 7003 4106 7004 4239 7004 4107 7004 4107 7005 4239 7005 4240 7005 4107 7006 4240 7006 4108 7006 4108 6936 4240 6936 4241 6936 4108 7007 4241 7007 4109 7007 4109 7008 4241 7008 4242 7008 4109 7009 4242 7009 4110 7009 4110 7010 4242 7010 4243 7010 4110 7011 4243 7011 4111 7011 4111 7012 4243 7012 4244 7012 4111 7013 4244 7013 4112 7013 4112 7014 4244 7014 4245 7014 4112 7015 4245 7015 4113 7015 4113 7016 4245 7016 4246 7016 4113 7017 4246 7017 4114 7017 4114 7018 4246 7018 4247 7018 4114 6949 4247 6949 4115 6949 4115 7019 4247 7019 4248 7019 4115 7020 4248 7020 4116 7020 4116 7021 4248 7021 4249 7021 4116 7022 4249 7022 4117 7022 4117 7023 4249 7023 4250 7023 4117 7024 4250 7024 4118 7024 4118 7025 4250 7025 4251 7025 4118 7026 4251 7026 4119 7026 4119 7027 4251 7027 4252 7027 4119 7028 4252 7028 4120 7028 4120 7029 4252 7029 4253 7029 4120 7030 4253 7030 4121 7030 4121 7031 4253 7031 4254 7031 4121 7032 4254 7032 4122 7032 4122 7033 4254 7033 4255 7033 4122 7034 4255 7034 4123 7034 4123 7035 4255 7035 4256 7035 4123 7036 4256 7036 4124 7036 4124 7037 4256 7037 4257 7037 4124 7038 4257 7038 4089 7038 4089 7039 4257 7039 3948 7039 4089 7040 3948 7040 4090 7040 4090 6972 3948 6972 4223 6972 3915 7041 3884 7041 4132 7041 4161 7042 3856 7042 4160 7042 4160 7043 3856 7043 3875 7043 4160 7044 3875 7044 4159 7044 4159 7045 3875 7045 3874 7045 4159 7046 3874 7046 4145 7046 4145 7047 3874 7047 3873 7047 4145 7048 3873 7048 4147 7048 4147 7049 3873 7049 3880 7049 4147 7050 3880 7050 4146 7050 4146 7051 3880 7051 3879 7051 4146 7052 3879 7052 4148 7052 4148 7053 3879 7053 3878 7053 4148 7054 3878 7054 4164 7054 4164 7055 3878 7055 3877 7055 4164 7056 3877 7056 4163 7056 4163 7057 3877 7057 3915 7057 4163 7058 3915 7058 4162 7058 4162 7059 3915 7059 4132 7059 4127 7060 3871 7060 4130 7060 4130 7061 3871 7061 3870 7061 4130 7062 3870 7062 4129 7062 4129 7063 3870 7063 3869 7063 4129 7064 3869 7064 4128 7064 4128 7065 3869 7065 3868 7065 4128 7066 3868 7066 4131 7066 4131 7067 3868 7067 3830 7067 4131 7068 3830 7068 4161 7068 4161 7069 3830 7069 3854 7069 4161 7070 3854 7070 3856 7070 3841 7071 3843 7071 4127 7071 4127 7072 3843 7072 3872 7072 4127 7073 3872 7073 3871 7073 4174 7074 3911 7074 4173 7074 4173 7075 3911 7075 3929 7075 4173 7076 3929 7076 4172 7076 4172 7077 3929 7077 3930 7077 4172 7078 3930 7078 4171 7078 4171 7079 3930 7079 3961 7079 4171 7080 3961 7080 4170 7080 4170 7081 3961 7081 3966 7081 4170 7082 3966 7082 4169 7082 4169 7083 3966 7083 3950 7083 4169 7084 3950 7084 4168 7084 4168 7085 3950 7085 3972 7085 4168 7086 3972 7086 4167 7086 4167 7087 3972 7087 3973 7087 4167 7088 3973 7088 4166 7088 4166 7089 3973 7089 4002 7089 4166 7090 4002 7090 4165 7090 4165 7091 4002 7091 3979 7091 4165 7092 3979 7092 4137 7092 4137 7093 3979 7093 3981 7093 4137 7094 3981 7094 4140 7094 4140 7095 3981 7095 3986 7095 4140 7096 3986 7096 4139 7096 4139 7097 3986 7097 3996 7097 4139 7098 3996 7098 4138 7098 4138 7099 3996 7099 4007 7099 4138 7100 4007 7100 4141 7100 4141 7101 4007 7101 4010 7101 4141 7102 4010 7102 4184 7102 4184 7103 4010 7103 4012 7103 4184 7104 4012 7104 4183 7104 4183 7105 4012 7105 4021 7105 4183 7106 4021 7106 4182 7106 4182 7107 4021 7107 4020 7107 4182 7108 4020 7108 4181 7108 4181 7109 4020 7109 4019 7109 4181 7110 4019 7110 4180 7110 4180 7111 4019 7111 4023 7111 4180 7112 4023 7112 4179 7112 4179 7113 4023 7113 4024 7113 4179 7114 4024 7114 4178 7114 4178 7115 4024 7115 4025 7115 4178 7116 4025 7116 4177 7116 4177 7117 4025 7117 3764 7117 4177 7118 3764 7118 4176 7118 4176 7119 3764 7119 3770 7119 4176 7120 3770 7120 4175 7120 4175 7121 3770 7121 3772 7121 4175 7122 3772 7122 4142 7122 4142 7123 3772 7123 3778 7123 4142 7124 3778 7124 4143 7124 4143 7125 3778 7125 3737 7125 4143 7126 3737 7126 4144 7126 4144 7127 3737 7127 3753 7127 4144 7128 3753 7128 4126 7128 4126 7129 3753 7129 3765 7129 4126 7130 3765 7130 4125 7130 4125 7131 3765 7131 3767 7131 4125 7132 3767 7132 4158 7132 4158 7133 3767 7133 3769 7133 4158 7134 3769 7134 4157 7134 4157 7135 3769 7135 3784 7135 4157 7136 3784 7136 4156 7136 4156 7137 3784 7137 3785 7137 4156 7138 3785 7138 4155 7138 4155 7139 3785 7139 3789 7139 4155 7140 3789 7140 4154 7140 4154 7141 3789 7141 3804 7141 4154 7142 3804 7142 4153 7142 4153 7143 3804 7143 3794 7143 4153 7144 3794 7144 4152 7144 4152 7145 3794 7145 3824 7145 4152 7146 3824 7146 4151 7146 4151 7147 3824 7147 3825 7147 4151 7148 3825 7148 4150 7148 4150 7149 3825 7149 3841 7149 4150 7150 3841 7150 4149 7150 4149 7151 3841 7151 4127 7151 3884 7152 3924 7152 4132 7152 4132 7153 3924 7153 3926 7153 4132 7154 3926 7154 4135 7154 4135 7155 3926 7155 4258 7155 4135 7156 4258 7156 4134 7156 4134 7157 4258 7157 3927 7157 4134 7158 3927 7158 4133 7158 4133 7159 3927 7159 3925 7159 4133 7160 3925 7160 4136 7160 4136 7161 3925 7161 3901 7161 4136 7162 3901 7162 4174 7162 4174 7163 3901 7163 3909 7163 4174 7164 3909 7164 3911 7164 3563 7165 3899 7165 3561 7165 3561 7166 3899 7166 4259 7166 3561 7167 4259 7167 3559 7167 3559 7167 4259 7167 4260 7167 3559 7168 4260 7168 3557 7168 3557 7168 4260 7168 4261 7168 3557 7169 4261 7169 3555 7169 3555 7169 4261 7169 4262 7169 3555 6078 4262 6078 3553 6078 3553 7170 4262 7170 4263 7170 3553 7171 4263 7171 3551 7171 3551 7171 4263 7171 4264 7171 3551 7172 4264 7172 3550 7172 3550 7172 4264 7172 4265 7172 3550 7173 4265 7173 3584 7173 3584 7173 4265 7173 4266 7173 3584 7174 4266 7174 3583 7174 3583 7175 4266 7175 4267 7175 3583 7176 4267 7176 3582 7176 3582 7177 4267 7177 4268 7177 3582 7178 4268 7178 3581 7178 3581 7179 4268 7179 4269 7179 3581 7180 4269 7180 3589 7180 3589 7180 4269 7180 4270 7180 3589 7181 4270 7181 3590 7181 3590 7182 4270 7182 4271 7182 3590 5727 4271 5727 3591 5727 3591 5727 4271 5727 4272 5727 3591 7183 4272 7183 3592 7183 3592 7184 4272 7184 4273 7184 3592 7185 4273 7185 3593 7185 3593 7186 4273 7186 4274 7186 3593 7187 4274 7187 3595 7187 3595 7188 4274 7188 4275 7188 3595 7189 4275 7189 3596 7189 3596 7189 4275 7189 4276 7189 3596 7190 4276 7190 3597 7190 3597 7191 4276 7191 4277 7191 3597 7192 4277 7192 3598 7192 3598 7192 4277 7192 4278 7192 3598 7193 4278 7193 3545 7193 3545 7193 4278 7193 4279 7193 3545 7194 4279 7194 3546 7194 3546 7194 4279 7194 4280 7194 3546 5718 4280 5718 3548 5718 3548 7195 4280 7195 4281 7195 3548 7196 4281 7196 3586 7196 3586 7196 4281 7196 4282 7196 3586 7197 4282 7197 3587 7197 3587 7197 4282 7197 4283 7197 3587 7198 4283 7198 3588 7198 3588 7198 4283 7198 4284 7198 3588 7199 4284 7199 3580 7199 3580 7200 4284 7200 4285 7200 3580 7201 4285 7201 3579 7201 3579 7201 4285 7201 4286 7201 3579 7202 4286 7202 3577 7202 3577 7203 4286 7203 4287 7203 3577 7204 4287 7204 3575 7204 3575 7205 4287 7205 4288 7205 3575 7206 4288 7206 3573 7206 3573 7207 4288 7207 4289 7207 3573 6093 4289 6093 3571 6093 3571 6093 4289 6093 4290 6093 3571 7208 4290 7208 3569 7208 3569 7209 4290 7209 4291 7209 3569 7210 4291 7210 3567 7210 3567 7210 4291 7210 4292 7210 3567 7211 4292 7211 3565 7211 3565 7212 4292 7212 4293 7212 3565 7213 4293 7213 3563 7213 3563 7214 4293 7214 3899 7214 3636 7165 4013 7165 3637 7165 3637 7166 4013 7166 4294 7166 3637 7167 4294 7167 3618 7167 3618 7167 4294 7167 4295 7167 3618 7168 4295 7168 3617 7168 3617 7168 4295 7168 4296 7168 3617 7169 4296 7169 3614 7169 3614 7169 4296 7169 4297 7169 3614 6078 4297 6078 3615 6078 3615 7215 4297 7215 4298 7215 3615 7171 4298 7171 3616 7171 3616 7171 4298 7171 4299 7171 3616 7172 4299 7172 3601 7172 3601 7172 4299 7172 4300 7172 3601 7173 4300 7173 3599 7173 3599 7173 4300 7173 4301 7173 3599 7174 4301 7174 3606 7174 3606 7175 4301 7175 4302 7175 3606 7177 4302 7177 3605 7177 3605 7177 4302 7177 4303 7177 3605 7179 4303 7179 3603 7179 3603 7178 4303 7178 4304 7178 3603 7216 4304 7216 3607 7216 3607 7180 4304 7180 4305 7180 3607 7181 4305 7181 3608 7181 3608 7182 4305 7182 4306 7182 3608 5727 4306 5727 3609 5727 3609 5727 4306 5727 4307 5727 3609 7183 4307 7183 3611 7183 3611 7184 4307 7184 4308 7184 3611 7185 4308 7185 3612 7185 3612 7185 4308 7185 4309 7185 3612 7188 4309 7188 3613 7188 3613 7187 4309 7187 4310 7187 3613 7189 4310 7189 3627 7189 3627 7217 4310 7217 4311 7217 3627 7190 4311 7190 3626 7190 3626 7191 4311 7191 4312 7191 3626 7192 4312 7192 3625 7192 3625 7192 4312 7192 4313 7192 3625 7193 4313 7193 3624 7193 3624 7193 4313 7193 4314 7193 3624 7194 4314 7194 3623 7194 3623 7194 4314 7194 4315 7194 3623 5718 4315 5718 3622 5718 3622 7218 4315 7218 4316 7218 3622 7196 4316 7196 3621 7196 3621 7196 4316 7196 4317 7196 3621 7197 4317 7197 3620 7197 3620 7197 4317 7197 4318 7197 3620 7198 4318 7198 3619 7198 3619 7198 4318 7198 4319 7198 3619 7199 4319 7199 3610 7199 3610 7200 4319 7200 4320 7200 3610 7219 4320 7219 3628 7219 3628 7201 4320 7201 4321 7201 3628 7203 4321 7203 3629 7203 3629 7202 4321 7202 4322 7202 3629 7205 4322 7205 3630 7205 3630 7205 4322 7205 4323 7205 3630 7206 4323 7206 3631 7206 3631 7207 4323 7207 4324 7207 3631 6093 4324 6093 3632 6093 3632 6093 4324 6093 4325 6093 3632 7208 4325 7208 3633 7208 3633 7209 4325 7209 4326 7209 3633 7210 4326 7210 3634 7210 3634 7220 4326 7220 4327 7220 3634 7212 4327 7212 3635 7212 3635 7211 4327 7211 4328 7211 3635 7213 4328 7213 3636 7213 3636 7213 4328 7213 4013 7213 3642 7221 3738 7221 3640 7221 3640 7222 3738 7222 4329 7222 3640 7167 4329 7167 3638 7167 3638 7167 4329 7167 4330 7167 3638 7168 4330 7168 3645 7168 3645 7168 4330 7168 4331 7168 3645 7169 4331 7169 3646 7169 3646 7169 4331 7169 4332 7169 3646 6078 4332 6078 3647 6078 3647 7215 4332 7215 4333 7215 3647 7171 4333 7171 3648 7171 3648 7171 4333 7171 4334 7171 3648 7172 4334 7172 3649 7172 3649 7172 4334 7172 4335 7172 3649 7173 4335 7173 3650 7173 3650 7173 4335 7173 4336 7173 3650 7223 4336 7223 3679 7223 3679 7224 4336 7224 4337 7224 3679 7177 4337 7177 3678 7177 3678 7177 4337 7177 4338 7177 3678 7225 4338 7225 3677 7225 3677 7226 4338 7226 4339 7226 3677 7216 4339 7216 3676 7216 3676 7180 4339 7180 4340 7180 3676 7227 4340 7227 3675 7227 3675 7228 4340 7228 4341 7228 3675 5727 4341 5727 3674 5727 3674 5727 4341 5727 4342 5727 3674 7229 4342 7229 3673 7229 3673 7230 4342 7230 4343 7230 3673 7185 4343 7185 3672 7185 3672 7185 4343 7185 4344 7185 3672 7231 4344 7231 3671 7231 3671 7232 4344 7232 4345 7232 3671 7189 4345 7189 3670 7189 3670 7217 4345 7217 4346 7217 3670 7233 4346 7233 3669 7233 3669 7234 4346 7234 4347 7234 3669 7192 4347 7192 3668 7192 3668 7192 4347 7192 4348 7192 3668 7193 4348 7193 3667 7193 3667 7193 4348 7193 4349 7193 3667 7194 4349 7194 3666 7194 3666 7194 4349 7194 4350 7194 3666 5718 4350 5718 3665 5718 3665 7218 4350 7218 4351 7218 3665 7196 4351 7196 3664 7196 3664 7196 4351 7196 4352 7196 3664 7197 4352 7197 3663 7197 3663 7197 4352 7197 4353 7197 3663 7198 4353 7198 3643 7198 3643 7198 4353 7198 4354 7198 3643 7235 4354 7235 3644 7235 3644 7236 4354 7236 4355 7236 3644 7219 4355 7219 3657 7219 3657 7201 4355 7201 4356 7201 3657 7237 4356 7237 3651 7237 3651 7238 4356 7238 4357 7238 3651 7205 4357 7205 3652 7205 3652 7205 4357 7205 4358 7205 3652 7239 4358 7239 3688 7239 3688 7240 4358 7240 4359 7240 3688 6093 4359 6093 3689 6093 3689 6093 4359 6093 4360 6093 3689 7241 4360 7241 3690 7241 3690 7242 4360 7242 4361 7242 3690 7210 4361 7210 3661 7210 3661 7220 4361 7220 4362 7220 3661 7243 4362 7243 3662 7243 3662 7244 4362 7244 4363 7244 3662 7213 4363 7213 3642 7213 3642 7213 4363 7213 3738 7213 3724 7221 3840 7221 3725 7221 3725 7222 3840 7222 4364 7222 3725 7167 4364 7167 3726 7167 3726 7167 4364 7167 4365 7167 3726 7168 4365 7168 3727 7168 3727 7168 4365 7168 4366 7168 3727 7169 4366 7169 3728 7169 3728 7169 4366 7169 4367 7169 3728 6078 4367 6078 3729 6078 3729 7170 4367 7170 4368 7170 3729 7171 4368 7171 3730 7171 3730 7171 4368 7171 4369 7171 3730 7172 4369 7172 3731 7172 3731 7172 4369 7172 4370 7172 3731 7173 4370 7173 3732 7173 3732 7173 4370 7173 4371 7173 3732 7223 4371 7223 3704 7223 3704 7224 4371 7224 4372 7224 3704 7176 4372 7176 3705 7176 3705 7177 4372 7177 4373 7177 3705 7226 4373 7226 3711 7226 3711 7225 4373 7225 4374 7225 3711 7180 4374 7180 3712 7180 3712 7180 4374 7180 4375 7180 3712 7227 4375 7227 3713 7227 3713 7228 4375 7228 4376 7228 3713 5727 4376 5727 3714 5727 3714 5727 4376 5727 4377 5727 3714 7229 4377 7229 3715 7229 3715 7230 4377 7230 4378 7230 3715 7185 4378 7185 3716 7185 3716 7186 4378 7186 4379 7186 3716 7232 4379 7232 3717 7232 3717 7231 4379 7231 4380 7231 3717 7189 4380 7189 3707 7189 3707 7189 4380 7189 4381 7189 3707 7233 4381 7233 3706 7233 3706 7234 4381 7234 4382 7234 3706 7192 4382 7192 3718 7192 3718 7192 4382 7192 4383 7192 3718 7193 4383 7193 3719 7193 3719 7193 4383 7193 4384 7193 3719 7194 4384 7194 3720 7194 3720 7194 4384 7194 4385 7194 3720 5718 4385 5718 3733 5718 3733 7195 4385 7195 4386 7195 3733 7196 4386 7196 3703 7196 3703 7196 4386 7196 4387 7196 3703 7197 4387 7197 3701 7197 3701 7197 4387 7197 4388 7197 3701 7198 4388 7198 3699 7198 3699 7198 4388 7198 4389 7198 3699 7235 4389 7235 3721 7235 3721 7236 4389 7236 4390 7236 3721 7201 4390 7201 3722 7201 3722 7201 4390 7201 4391 7201 3722 7238 4391 7238 3723 7238 3723 7237 4391 7237 4392 7237 3723 7204 4392 7204 3708 7204 3708 7205 4392 7205 4393 7205 3708 7239 4393 7239 3709 7239 3709 7240 4393 7240 4394 7240 3709 6093 4394 6093 3710 6093 3710 6093 4394 6093 4395 6093 3710 7241 4395 7241 3698 7241 3698 7242 4395 7242 4396 7242 3698 7210 4396 7210 3695 7210 3695 7210 4396 7210 4397 7210 3695 7244 4397 7244 3696 7244 3696 7243 4397 7243 4398 7243 3696 7213 4398 7213 3724 7213 3724 7214 4398 7214 3840 7214</p>
        </triangles>
      </mesh>
    </geometry>
  </library_geometries>
  <library_visual_scenes>
    <visual_scene id="Scene" name="Scene">
      <node id="Base" name="Base" type="NODE">
        <matrix sid="transform">0.001 0 0 0 0 0.001 0 0 0 0 0.001 0 0 0 0 1</matrix>
        <instance_geometry url="#Base_001-mesh" name="Base"/>
      </node>
    </visual_scene>
  </library_visual_scenes>
  <scene>
    <instance_visual_scene url="#Scene"/>
  </scene>
</COLLADA>