<?xml version="1.0" encoding="UTF-8"?>
<COLLADA xmlns="http://www.collada.org/2005/11/COLLADASchema" version="1.4.1">
<!--
# File generated by ImageToStl.com - Free Image and 3D model conversion tools
-->
  <asset>
    <contributor>
      <author>ImageToStl.com</author>
      <authoring_tool>ImageToStl.com</authoring_tool>
    </contributor>
    <created>2026-10-01T05:18:29</created>
    <modified>2026-10-01T05:18:29</modified>
    <up_axis>Z_UP</up_axis>
  </asset>
  <library_effects>
    <effect id="effect_0">
        <profile_COMMON>
          <technique sid="common">
            <phong>
              <diffuse>
                <color>0.9 0.9 0.9 1</color>
              </diffuse>
              <specular>
                <color>0.05 0.05 0.05 1</color>
              </specular>
              <shininess>
                <float>64</float>
              </shininess>
            </phong>
          </technique>
        </profile_COMMON>
    </effect>
  </library_effects>
  <library_materials>
    <material id="mat_0">
      <instance_effect url="#effect_0"/>
    </material>
  </library_materials>
  <library_geometries>
    <geometry id="geometry_5f94c789_f3b3_40dc_bdb1_a9a2b8cafccd">
      <mesh>
        <source id="pos_0">
          <float_array id="pos_0-array" count="7680">0.00118904 0.11710489 0.96150005 0.00446084 0.08419286 0.96150005 0.01157298 0.08577102 0.96150005 0 0.11700001 0.96150005 -7E-08 0.08399973 0.96150005 -0.00029307 0.11702377 0.96150005 -0.00281549 0.11775741 0.96150005 -0.01367426 0.08645116 0.96150005 0.00409676 0.1250238 0.96150005 0.00508195 0.12168303 0.96150005 0.03674286 0.1318659 0.96150005 -0.00595787 0.08443817 0.96150005 -0.02094935 0.09025855 0.96150005 -0.02714074 0.09527803 0.96150005 0.01763393 0.0883024 0.96150005 0.00368926 0.11849058 0.96150005 0.02456046 0.09288591 0.96150005 -0.00470449 0.12016929 0.96150005 -0.03218872 0.10174485 0.96150005 -0.03575353 0.1088708 0.96150005 0.0380157 0.12389459 0.96150005 0.00129424 0.12689079 0.96150005 0.00350925 0.15988219 0.96150005 0 0.12700003 0.96150005 -0.00418834 0.15981314 0.96150005 -0.0015152 0.12686451 0.96150005 0.03009437 0.09874502 0.96150005 -0.01531612 0.15682516 0.96150005 -0.02201287 0.15302914 0.96150005 -0.00424261 0.1248155 0.96150005 0.0336478 0.10427107 0.96150005 -0.03118901 0.14370823 0.96150005 -0.03430532 0.13844746 0.96150005 -0.03691395 0.13120511 0.96150005 -0.00500426 0.12235953 0.96150005 -0.02780826 0.14796296 0.96150005 -0.0095248 0.15878695 0.96150005 0.01106288 0.15840039 0.96150005 0.02733798 0.14845768 0.96150005 0.02326003 0.15204951 0.96150005 0.03118901 0.14370823 0.96150005 0.03619711 0.11032761 0.96150005 -0.03800298 0.12370096 0.96150005 0.01816375 0.15542832 0.96150005 0.03400472 0.13906029 0.96150005 0.03766 0.11669405 0.96150005 -0.03768166 0.11685184 0.96150005 0.038 0.12200002 0.95450008 0.03780504 0.1258444 0.95450008 0.03691395 0.13120511 0.95450008 0.03430532 0.13844746 0.95450008 0.03118901 0.14370823 0.95450008 0.02780826 0.14796296 0.95450008 0.02201287 0.15302914 0.95450008 0.01531612 0.15682516 0.95450008 0.0095248 0.15878695 0.95450008 0.00418834 0.15981314 0.95450008 -0.00350925 0.15988219 0.95450008 -0.01106288 0.15840039 0.95450008 -0.01816375 0.15542832 0.95450008 -0.02326003 0.15204951 0.95450008 -0.02733798 0.14845768 0.95450008 -0.03118901 0.14370823 0.95450008 -0.03400472 0.13906029 0.95450008 -0.0362573 0.13337581 0.95450008 -0.03755245 0.12809813 0.95450008 -0.038 0.12200002 0.95450008 0 0.08400001 0.96150005 1.3E-07 0.08398417 0.95450008 0.00420401 0.08418151 0.95450008 0.01102082 0.08559924 0.95450008 0.01711855 0.08803771 0.95450008 0.0239278 0.09236357 0.95450008 0.02973787 0.09829073 0.95450008 0.03337455 0.10376187 0.95450008 0.03652938 0.11120623 0.95450008 0.03788735 0.11884324 0.95450008 -0.03775491 0.11742016 0.95450008 -0.03602574 0.10963739 0.95450008 -0.03249 0.1022317 0.95450008 -0.02770423 0.09586261 0.95450008 -0.02142537 0.09057792 0.95450008 -0.01443044 0.08675137 0.95450008 -0.00652338 0.08453225 0.95450008 -1.5E-07 0.08399945 0.95450008 -0.00086824 0.12692407 0.95450008 0 0.12700003 0.95450008 0.00086824 0.12692407 0.95450008 -0.0017101 0.12669848 0.95450008 -0.0025 0.12633014 0.95450008 -0.00383022 0.12521395 0.95450008 -0.00321394 0.12583023 0.95450008 -0.00433013 0.12450002 0.95450008 0.00433013 0.11950002 0.95450008 0.00383022 0.11878607 0.95450008 0.00469846 0.12028992 0.95450008 0.00492404 0.12113177 0.95450008 0.00433013 0.12450002 0.95450008 0.00469846 0.12371013 0.95450008 0.00492404 0.12286825 0.95450008 0.00383022 0.12521395 0.95450008 0.0017101 0.12669848 0.95450008 0.0025 0.12633014 0.95450008 0.00321394 0.12583023 0.95450008 -0.00433013 0.11950002 0.95450008 -0.00383022 0.11878607 0.95450008 -0.00321394 0.1181698 0.95450008 -0.0017101 0.11730155 0.95450008 -0.00086824 0.11707598 0.95450008 0.00086824 0.11707598 0.95450008 0.0017101 0.11730155 0.95450008 0.0025 0.1176699 0.95450008 -0.00469846 0.12371013 0.95450008 -0.0025 0.1176699 0.95450008 0 0.11700001 0.95450008 0.00321394 0.1181698 0.95450008 0.005 0.12200002 0.95450008 -0.005 0.12200002 0.95450008 -0.00492404 0.12286825 0.95450008 -0.00492404 0.12113177 0.95450008 -0.00469846 0.12028992 0.95450008 0.0015839 0.09011772 0.86650008 0.00078559 0.09194794 0.86650008 0.00150543 0.09108587 0.86650008 -0.00074646 0.09199287 0.86650008 -0.0015298 0.09101892 0.86650008 -0.00156284 0.09003912 0.86650008 -0.00090094 0.08914237 0.86650008 0.0001825 0.08888088 0.86650008 0.00106538 0.08928573 0.86650008 -0.02613229 0.13896206 0.87850004 -0.02566479 0.13778564 0.87850004 -0.02889394 0.13742113 0.87850004 -0.02760875 0.13936415 0.87850004 -0.02863745 0.13865095 0.87850004 -0.02681886 0.1361872 0.87850004 -0.02806536 0.13630208 0.87850004 -0.02592215 0.13684909 0.87850004 0.02890603 0.13764858 0.87850004 0.02752283 0.13937931 0.87850004 0.02859079 0.13871759 0.87850004 0.02606777 0.13889754 0.87850004 0.02566566 0.13742112 0.87850004 0.02649425 0.13630208 0.87850004 0.02774074 0.1361872 0.87850004 0.0285399 0.13673922 0.87850004 0.0015298 0.09101892 0.86450005 0.00283256 0.08961435 0.86447054 0.00156284 0.09003912 0.86450005 0.00246379 0.08886234 0.86446738 0.00090094 0.08914237 0.86450005 0.00115121 0.0877637 0.86447227 -0.0001825 0.08888088 0.86450005 -0.00078559 0.09194794 0.86450005 0.00038475 0.09337971 0.86449599 0.00074646 0.09199287 0.86450005 0.00163926 0.0929817 0.86445695 0.00250586 0.0919884 0.86449432 0.00018294 0.08753499 0.8644712 -0.00204676 0.08835231 0.86447167 -0.00106538 0.08928573 0.86450005 -0.0015839 0.09011772 0.86450005 -0.00267496 0.08920488 0.86445862 -0.00296603 0.09028798 0.86446536 -0.00150543 0.09108587 0.86450005 -0.00259684 0.09190444 0.86447424 -0.00210821 0.09259336 0.86445916 -0.00125099 0.09319653 0.86445814 0.01694805 0.1004049 0.85787952 0.01484994 0.09891237 0.85768551 0.01269131 0.09766246 0.85751063 -0.01149945 0.13181911 0.85976934 -0.02076891 0.13187161 0.86048746 -0.01363634 0.13876095 0.86089242 -0.02516764 0.12417005 0.86011016 -0.01590809 0.11908668 0.85868406 -0.02492009 0.1156067 0.85932046 -0.02246984 0.10629921 0.85855883 -0.01908443 0.10229544 0.85809612 -0.02086634 0.10417154 0.8583352 -0.01192579 0.10577889 0.85766399 -0.01695135 0.10040708 0.85788041 -0.00390728 0.10411766 0.85730249 -0.01016486 0.09649061 0.85736626 -0.01254749 0.09757696 0.85751319 -0.01487463 0.09893318 0.85768265 0.00411496 0.10392829 0.85729796 -0.00260559 0.09465975 0.8571142 -0.00530318 0.09504251 0.8571775 -0.00775089 0.09566177 0.85724616 0.01024856 0.09653394 0.85735947 0.00522126 0.09504119 0.85716337 0.00268542 0.09466655 0.85711533 0.00013834 0.09452652 0.85710436 0.00789713 0.09569071 0.85726428 0.01390116 0.11289573 0.8581143 0.02250252 0.10635125 0.85856837 0.02088028 0.10419168 0.85833263 0.02486944 0.11501446 0.85926694 0.02139188 0.13052735 0.86038488 0.02459476 0.12565926 0.86018455 0.01514794 0.12375866 0.85909289 0.01013127 0.1320454 0.85971344 0.01376643 0.13860911 0.86086661 0.00401963 0.14238802 0.8611052 -0.00355514 0.14221366 0.861054 -0.00371015 0.12810412 0.85901612 0.00442382 0.12382989 0.85860312 -0.00168204 0.11519629 0.85782784 0.01910152 0.10230868 0.85810131 0.0236737 0.10816911 0.85881573 0.02486851 0.11047508 0.85908157 0.0258832 0.11293899 0.85942435 0.02657153 0.11533484 0.85969377 0.02725387 0.11960683 0.86019844 0.02705273 0.11771715 0.86000472 0.02736249 0.12223144 0.8605606 0.02721399 0.12498596 0.8609252 0.02674628 0.12769189 0.86123639 0.02618879 0.12986571 0.86152065 0.02514553 0.1327379 0.86185008 0.01711666 0.14178777 0.86229175 0.01923308 0.14140716 0.86285722 0.02190314 0.1383355 0.86252159 0.01587624 0.14422429 0.86317068 0.01144443 0.14535737 0.86262381 0.00987672 0.14743628 0.86350244 0.01267475 0.14618129 0.86338037 0.00767882 0.14817642 0.86356354 0.00619961 0.1469357 0.86265302 0.00171015 0.14771551 0.86276066 0.00541421 0.148733 0.86362356 0.00283214 0.14913294 0.86366159 -0.00051679 0.1492766 0.86367071 0.02187493 0.13660318 0.86180878 0.02360586 0.13574615 0.86220896 0.00124106 0.1451894 0.86175412 0.00834245 0.14397663 0.86170119 0.01518826 0.14050853 0.8614797 0.02160596 0.13371564 0.86093146 -0.02737155 0.12125114 0.86043578 -0.02708306 0.11796189 0.86002016 -0.00364999 0.14743276 0.86270291 -0.00369151 0.14902008 0.86364484 -0.00800718 0.14666328 0.86271584 -0.00674348 0.14844197 0.86359668 -0.00938207 0.14761536 0.86351299 -0.01264854 0.14463378 0.86252791 -0.01218931 0.14643133 0.86340058 -0.01483081 0.14491776 0.86324257 -0.01693962 0.14340776 0.86308044 -0.01778187 0.14125425 0.86226243 -0.02063396 0.13990858 0.86270815 -0.01869053 0.14189978 0.86292118 -0.02228617 0.13779148 0.86244887 -0.02412753 0.13485941 0.86210817 -0.02274482 0.13375629 0.86122423 -0.02586829 0.13088438 0.86163604 -0.02653918 0.12856588 0.86134088 -0.02717717 0.12533668 0.8609615 -0.02611995 0.11373514 0.85949492 -0.02657887 0.11538118 0.85969383 -0.02461876 0.10994205 0.85902804 -0.02543338 0.11179554 0.85925484 -0.02350039 0.10789436 0.85876232 -0.01837109 0.13787198 0.86130738 -0.01215006 0.14235604 0.86159807 -0.00502392 0.14488687 0.86176866 -0.02752283 0.13937931 0.87650007 -0.02797368 0.14061567 0.87648863 -0.0253628 0.13992405 0.87649918 -0.02606777 0.13889754 0.87650007 -0.02441765 0.13823363 0.87649953 -0.02566566 0.13742112 0.87650007 -0.02444304 0.13686362 0.87646496 -0.02649425 0.13630208 0.87650007 -0.02488784 0.13597056 0.87646639 -0.02567144 0.13524382 0.87646639 -0.02890603 0.13764858 0.87650007 -0.03022542 0.13774636 0.87649107 -0.02859079 0.13871759 0.87650007 -0.0297522 0.13940203 0.87645733 -0.02826506 0.13501501 0.87649971 -0.02774074 0.1361872 0.87650007 -0.0285399 0.13673922 0.87650007 -0.02940698 0.13567081 0.87645727 0.02566479 0.13778564 0.87650007 0.02464124 0.13641654 0.87648427 0.02498186 0.13955233 0.87649715 0.02613229 0.13896206 0.87650007 0.02718646 0.14064825 0.87650025 0.02760875 0.13936415 0.87650007 0.02819938 0.1363571 0.87650007 0.02757454 0.13479841 0.87647253 0.02681886 0.1361872 0.87650007 0.02586477 0.13515469 0.87646937 0.02592215 0.13684909 0.87650007 0.0252098 0.13561693 0.87645853 0.02889894 0.13756754 0.87650007 0.03022644 0.13812879 0.87646943 0.03004334 0.13669099 0.87646413 0.02966175 0.13596708 0.87645596 0.02905663 0.13538396 0.87646651 0.02891487 0.14021771 0.87647867 0.02863745 0.13865095 0.87650007 0.02963917 0.13955697 0.87645799 -0.00076848 0.0875965 0.86436898 -0.00137679 0.08787055 0.86444563 -0.00290355 0.09126849 0.86437094 -0.00027769 0.0934841 0.86439693 -0.0258972 0.14041208 0.87639475 -0.02508124 0.13980156 0.87635702 -0.02454377 0.13897359 0.87639832 -0.02428735 0.13802031 0.87636632 -0.0301788 0.13852915 0.87638587 -0.02701467 0.14074095 0.87641907 -0.0289115 0.14027515 0.87641799 0.02650926 0.14064454 0.87640339 0.02754609 0.14074311 0.8763603 0.02515324 0.13986516 0.87639207 0.02580088 0.14033109 0.87643123 0.02438457 0.13697775 0.87640089 0.02430719 0.13802046 0.87643218 0.0245657 0.13902062 0.87640047 0.02652404 0.13486373 0.8764323 -0.00186516 0.09290649 0.85829479 -0.00028505 0.09370593 0.85825849 -0.00122257 0.09326687 0.85834581 -0.00043126 0.09350652 0.8583442 0.00162705 0.09312294 0.85828072 0.00064088 0.09346302 0.85834199 0.00170718 0.0930035 0.8584215 -0.0015678 0.08779804 0.86000997 -0.00226308 0.08840291 0.85963047 -0.0018199 0.08809265 0.86002845 -0.0009136 0.08760574 0.86028594 -0.00085801 0.08739496 0.8602224 -0.00226304 0.09249165 0.85837591 -0.00293988 0.09179034 0.8583011 -0.00261319 0.08894159 0.85935599 -0.00264391 0.08846964 0.85947055 -0.00316427 0.09041101 0.85860264 -0.00288778 0.08955996 0.85906315 -0.00273403 0.09177949 0.8584004 -0.00301236 0.09076148 0.85861737 -0.02929632 0.1401287 0.87407887 -0.02934985 0.14022475 0.87405074 -0.02893624 0.14046437 0.87361586 -0.02805013 0.14067987 0.87256485 -0.02815106 0.14089857 0.87247884 -0.02663277 0.14093576 0.87006932 -0.03029733 0.13742733 0.87268287 -0.03017761 0.13660365 0.87120217 -0.03041844 0.13672559 0.8715179 -0.03042738 0.13834369 0.87371606 -0.03043109 0.13787875 0.8731913 -0.03054646 0.13830414 0.87372029 -0.02955341 0.13558112 0.86907941 -0.02746271 0.13473335 0.86602122 -0.02665928 0.13479012 0.86524862 -0.02839642 0.13478889 0.86692482 -0.0282898 0.13490555 0.86704034 -0.0287955 0.13514929 0.86792034 -0.02678612 0.14073256 0.87044257 -0.02600061 0.14048898 0.86904287 -0.02531268 0.14016658 0.86774194 -0.02937387 0.14036331 0.87408978 -0.02450634 0.13893653 0.86609399 -0.02463033 0.13926589 0.86636722 -0.02424504 0.13785677 0.8651129 -0.02866394 0.14044134 0.87354952 -0.02527793 0.14000472 0.86776209 -0.02739991 0.1407643 0.87155277 -0.0292738 0.14001845 0.87421817 -0.02999338 0.13641635 0.87096214 -0.03027667 0.13831899 0.8737902 -0.03027259 0.1380896 0.87367874 -0.02942501 0.13563952 0.86927539 0.0025304 0.09212701 0.85843581 0.00295891 0.09151238 0.85835063 0.0029629 0.09111629 0.85852826 0.00237277 0.092489 0.85827529 0.00092087 0.0875726 0.86025804 0.0011406 0.08769596 0.86025316 0.00106507 0.08745929 0.86018461 0.00189105 0.08814507 0.85990506 0.00316756 0.08995616 0.85875684 0.00243318 0.08869225 0.85951668 0.00280416 0.08937128 0.85915101 0.00223433 0.08811903 0.85969895 0.00298958 0.0901217 0.85885549 0.01376948 0.09820785 0.85875285 0.00780888 0.09251672 0.85841417 0.01167849 0.09711357 0.85860205 -0.01841634 0.09921832 0.85917646 -0.01791408 0.10116304 0.85912371 -0.01579788 0.09951348 0.85891783 -0.01163849 0.0970948 0.85859966 -0.01370547 0.09571025 0.8587352 -0.01380231 0.09822975 0.85875344 -0.00944837 0.0961784 0.85847813 -0.00736668 0.09330051 0.85837376 -0.00479607 0.09492262 0.85830259 -0.00715297 0.09545228 0.85837406 -0.0024358 0.09460895 0.85825813 1.961E-05 0.09449904 0.85824293 0.00239156 0.094602 0.85825992 0.00476605 0.09491784 0.85830331 0.0071354 0.09544554 0.85837466 0.00942781 0.09617455 0.85847324 0.02891044 0.14042616 0.87362009 0.02939919 0.14026332 0.87406284 0.02930343 0.14011498 0.87408137 0.02892355 0.1406365 0.87355721 0.02832211 0.14068386 0.87280065 0.02740061 0.14097309 0.87129742 0.02472933 0.13956442 0.86664248 0.02587498 0.14064986 0.8687771 0.02558324 0.1402477 0.8683129 0.0268376 0.13468096 0.86527574 0.02611254 0.13497435 0.86489069 0.02695894 0.1347523 0.86555326 0.0280969 0.13480687 0.8666507 0.02841293 0.13495506 0.86725569 0.02931338 0.13551223 0.86893737 0.0297539 0.13573948 0.86947173 0.03044607 0.13694397 0.87181103 0.03020156 0.13697091 0.87195897 0.0304687 0.13771889 0.87297553 0.03061514 0.13831443 0.87378258 0.03030237 0.13773543 0.87315822 0.02990831 0.13627806 0.87067842 0.02876986 0.14038208 0.87365574 0.02774142 0.14074236 0.87208724 0.02929169 0.14000212 0.87421846 0.02637861 0.14063865 0.86970556 0.02501604 0.13974267 0.8672111 0.03045199 0.138322 0.87368286 0.03025527 0.13833219 0.8738246 0.02455561 0.13905288 0.86624235 0.02426895 0.1380785 0.86527002 0.0269368 0.14073607 0.87082499 -0.03023208 0.13864824 0.87388778 -0.02995153 0.13917094 0.87407833 -0.02965877 0.13975805 0.87408757 -0.02957795 0.14008692 0.87410074 -0.03032156 0.13889867 0.87390596 2.636E-05 0.08746776 0.86037356 -0.01282053 0.09251267 0.85927707 -0.01703087 0.09617981 0.85934454 -0.02315137 0.10724254 0.85987324 -0.0214097 0.10477824 0.85957032 -0.024967 0.1072956 0.86034006 -0.03104284 0.13336788 0.86950701 -0.03194793 0.13553105 0.87326145 -0.03337269 0.13150103 0.87242991 -0.03224843 0.12962614 0.8689388 -0.03371603 0.1197883 0.86797512 -0.03467807 0.12309583 0.87050319 -0.03249723 0.1261932 0.86765373 -0.03426892 0.12735173 0.87151027 -0.03455659 0.11894878 0.86947948 -0.03269619 0.11335377 0.86644691 -0.03412661 0.11577778 0.86862808 -0.0154366 0.09090494 0.86138225 -0.01915983 0.09304786 0.86204916 -0.01768371 0.0935779 0.8606931 -0.02244029 0.0955258 0.86281323 -0.00385499 0.08751378 0.86030185 -0.01982767 0.10296542 0.85935324 -0.02517283 0.11107379 0.86036491 -0.02413153 0.10893746 0.86007863 -0.02716779 0.11830755 0.861323 -0.02659387 0.11535487 0.86091733 -0.0288863 0.11886466 0.86225873 -0.02740134 0.12250997 0.86189455 -0.02659714 0.12849367 0.86269659 -0.02623209 0.13216227 0.86363542 -0.02574755 0.13127583 0.86307168 -0.02878594 0.12398826 0.8629415 -0.02713121 0.12567018 0.86232495 -0.02442378 0.13678241 0.86461955 -0.02459491 0.13397343 0.86339039 -0.02275692 0.13918462 0.86484861 -0.02243374 0.13763484 0.86384249 -0.01887943 0.14174014 0.8643102 -0.02045168 0.14010729 0.86413181 -0.01601986 0.14599231 0.86588895 -0.01636252 0.143868 0.86455667 -0.01371382 0.14560339 0.86473453 -0.01083595 0.14706007 0.86489242 -0.01166532 0.14818992 0.86599374 -0.00796738 0.14811167 0.8650071 -0.00702298 0.14948064 0.8658874 -0.00573358 0.14867651 0.86505228 -0.00282383 0.14913939 0.86509627 0.00014476 0.14928518 0.86511463 0.00149651 0.15117803 0.8667466 -0.00031096 0.15588178 0.87396103 -0.00424481 0.15557921 0.87383044 -0.00267792 0.15664312 0.87618899 -0.00630661 0.15616602 0.87615246 -0.00976712 0.15440562 0.87368608 -0.01019651 0.15522921 0.87608731 -0.01436276 0.15362763 0.87595528 -0.01495989 0.15233654 0.8735497 -0.02765772 0.14296588 0.87459725 -0.02558185 0.13524756 0.86464202 -0.02479401 0.13604498 0.86449671 -0.02828959 0.13059537 0.86451715 -0.02989936 0.13123421 0.86650658 -0.02329432 0.14146259 0.86689377 -0.019654 0.14393526 0.86621368 -0.01220259 0.14989771 0.86789185 -0.00598547 0.1520755 0.86831534 -0.00387994 0.1512523 0.86705726 -0.02040011 0.14571562 0.86848408 -0.01659119 0.14855379 0.8688764 0.00072465 0.15315077 0.86907101 -0.02413293 0.14303781 0.8692643 -0.01260777 0.15170324 0.87051165 -0.00808128 0.1532754 0.87075388 -0.00422635 0.15406813 0.87086678 -0.00039383 0.1542865 0.87081373 -0.02105002 0.14724112 0.87109429 -0.01795175 0.1500034 0.87213838 -0.03058366 0.12475467 0.86474663 -0.03093254 0.11805271 0.86399525 -0.0322777 0.12244944 0.86623478 -0.02547704 0.1436041 0.87170935 -0.02281685 0.14820269 0.8753615 -0.02534756 0.14571331 0.87501335 -0.02039649 0.15009974 0.87558538 -0.01743934 0.15202956 0.87579864 -0.02190569 0.09998573 0.86017257 -0.02263147 0.09788732 0.86142075 -0.02642942 0.10365221 0.8619467 -0.03208801 0.11577665 0.86537468 -0.01845361 0.09543376 0.86013222 -0.00831121 0.09018723 0.85925567 -0.00762953 0.088162 0.86049646 -0.01161581 0.08928652 0.86086094 -0.02595913 0.1009571 0.86264235 -0.0300945 0.11011915 0.86362749 -0.03112061 0.10663477 0.86610007 -0.02842275 0.10626897 0.86289424 -0.02666197 0.10704021 0.86126786 -0.02922744 0.10328981 0.86513305 -0.03221389 0.10911348 0.86680442 -0.03331594 0.11235344 0.86770272 -0.02729813 0.1005777 0.86433417 -0.02501628 0.09793417 0.86355227 -0.02604716 0.11342139 0.86066008 -0.02201131 0.10247844 0.85976887 -0.02424544 0.10327158 0.86057299 -0.02792919 0.11119886 0.86160415 -0.02881512 0.11520088 0.8620497 -0.00763766 0.09196657 0.85852528 0.00125089 0.15673052 0.87619227 0.02962851 0.13975683 0.87410057 0.02999887 0.13910113 0.87404788 0.03033788 0.13856447 0.87381339 0.03029322 0.13888058 0.87389761 0.0296806 0.13995358 0.87408638 0.00059676 0.08737361 0.86023736 0.02739754 0.12236364 0.86186832 0.02718019 0.1253145 0.86227298 0.02910838 0.12426382 0.86326414 0.01956121 0.10270652 0.85931534 0.02129678 0.10464347 0.85955024 0.01946238 0.10034308 0.85929704 0.02526657 0.1354892 0.86453831 0.02478596 0.13354221 0.86332023 0.0278869 0.14268574 0.87455118 0.02606379 0.14398216 0.87320983 0.02508855 0.14599565 0.87505805 0.02234987 0.14766835 0.87355715 0.02242031 0.14851815 0.87539697 0.00960078 0.15541524 0.87610495 0.00427056 0.15559533 0.87385368 0.00539235 0.15633272 0.87617385 0.00687442 0.15024737 0.86652517 0.00737415 0.14828633 0.86502194 0.00367384 0.14905536 0.86509091 0.01425805 0.14666408 0.86567616 0.01467934 0.14504226 0.86468476 0.01100891 0.14699687 0.86488301 0.01749891 0.14296331 0.86444342 0.0212749 0.13916641 0.86402047 0.01918286 0.14143714 0.86428201 0.02213075 0.1405755 0.86529905 0.02363049 0.13577262 0.86361575 0.02432114 0.13716286 0.86475116 0.02460898 0.1363456 0.86450684 0.02658475 0.11529996 0.8609221 0.0279869 0.11485815 0.86153018 0.02590819 0.11298961 0.86060965 0.02276221 0.10662638 0.85980415 0.02404576 0.1087689 0.86006749 0.02424535 0.10665412 0.86014742 0.01793072 0.10117178 0.85912842 0.01579205 0.0995098 0.85892117 0.01283929 0.09439142 0.85874456 0.00441668 0.08758165 0.86032814 0.00661514 0.08966745 0.85922867 0.0023602 0.08739218 0.86026222 0.01442668 0.09043308 0.86123049 0.01195594 0.08942044 0.86090976 0.01429333 0.09172598 0.86021906 0.01805034 0.09234522 0.86183244 0.01746636 0.09356247 0.86062837 0.02169331 0.09615891 0.86171615 0.02138711 0.09467508 0.86255074 0.03236342 0.10953312 0.86691195 0.03158972 0.10759359 0.866373 0.03208879 0.11355247 0.86556298 0.03365418 0.11355135 0.8680284 0.01091665 0.09109676 0.85943359 0.00914116 0.08852905 0.86062276 0.00678987 0.08797858 0.86044776 0.01562542 0.09451479 0.85939145 0.01990095 0.09824593 0.85976118 0.02080625 0.09680343 0.86077511 0.02336094 0.10236443 0.86027634 0.02461659 0.10031105 0.86179399 0.02589746 0.10673635 0.86083573 0.02739234 0.10531624 0.86224067 0.02771777 0.11013848 0.86153942 0.0297713 0.11105701 0.86316133 0.02775601 0.10374619 0.86313897 0.03049269 0.10959964 0.86422914 0.02412373 0.09702122 0.86328793 0.0262663 0.09932645 0.86396074 0.02754791 0.10086703 0.86443895 0.02953202 0.10376131 0.86526936 0.03023869 0.11580924 0.86324233 0.03270398 0.11744142 0.86622149 0.03350519 0.12069848 0.86779267 0.03445151 0.11788623 0.8692019 0.03470476 0.12284757 0.87043995 0.02938994 0.13083683 0.86574149 0.03052911 0.12702201 0.8653993 0.02764813 0.12961109 0.86366987 0.03043267 0.13171789 0.8674528 0.01040551 0.14948823 0.86678731 0.01470484 0.14806348 0.86715734 0.01952149 0.14402163 0.86619753 0.0040612 0.15369691 0.8701781 0.00933149 0.15198836 0.86927235 0.0136954 0.15017587 0.86905295 0.01778621 0.14775547 0.86872262 0.0225831 0.14357859 0.86816776 0.00963176 0.15365076 0.87207788 0.01413488 0.15179694 0.87180704 0.01779893 0.15011671 0.87216908 0.02095282 0.14730513 0.87107021 0.02493372 0.14328259 0.87051237 0.0320699 0.13142776 0.86978585 0.03216564 0.1275389 0.86779076 0.03299223 0.1249675 0.86800754 0.03125587 0.12301496 0.86504644 0.03406086 0.12867625 0.87181389 0.0144971 0.15280589 0.87405688 0.01371265 0.15391797 0.87598175 0.0167109 0.15244706 0.87584203 0.01958732 0.15067706 0.87565511 0.02715188 0.11815471 0.86130786 0.02855326 0.1183994 0.86202812 0.02672477 0.1279525 0.86262554 0.02598194 0.13059863 0.86296266 0.02495492 0.11059137 0.86030495 0.03058464 0.12007923 0.86385423 0.03269229 0.13365835 0.87288731 0.0006223 0.08695121 0.86025602 0.00601606 0.08656523 0.86001682 0.00286653 0.0861597 0.85989153 0.00179087 0.08643173 0.86012763 0.00554187 0.08736545 0.86035889 0.00846219 0.08769887 0.86046761 0.01424411 0.08967113 0.86106807 0.01315563 0.08850294 0.86062801 0.01028474 0.08816909 0.86061037 -0.02245125 0.09383432 0.86231226 -0.01981581 0.09280825 0.86203325 -0.01928307 0.09161098 0.86161256 -0.03544298 0.11567805 0.86862266 -0.03474507 0.13144302 0.87244707 -0.03374302 0.13463271 0.87311989 -0.01382203 0.15528274 0.87612742 -0.01074049 0.15637921 0.87620068 -0.00379652 0.15781459 0.87628287 -0.00747286 0.15724522 0.87624991 0.01896743 0.09140868 0.8615526 0.01592549 0.08973574 0.86102259 0.01596981 0.09045357 0.86130852 0.03011417 0.10227404 0.86485809 0.02805887 0.09942579 0.86401105 0.03420386 0.11074401 0.86728007 0.03153802 0.1046045 0.86553931 0.03511005 0.11401124 0.86817789 0.03570364 0.1172061 0.86903644 0.03600362 0.12164876 0.87017053 0.03586939 0.12510303 0.87100518 0.03245427 0.13766019 0.87369484 0.02609144 0.14683533 0.87519628 0.02352251 0.14927526 0.87550986 0.02001911 0.15196612 0.87581575 0.0162115 0.15416804 0.87602431 0.01219015 0.15591879 0.87616754 0.00271779 0.15792179 0.87629914 0.00921138 0.15685949 0.87623936 0.00616191 0.1574927 0.87626332 -0.00069852 0.15801677 0.87628692 -0.01716076 0.15367103 0.8759895 -0.02395691 0.14893125 0.87548882 -0.01975891 0.1521619 0.87586409 -0.02632296 0.14658546 0.87517226 -0.02831299 0.14428127 0.87484097 -0.03192516 0.13869721 0.87389642 -0.03554021 0.1279549 0.87168789 -0.03465923 0.11222063 0.86768949 -0.03316082 0.10793269 0.86648637 -0.02527271 0.09638388 0.86308587 -0.0158458 0.09038082 0.86129117 -0.0158886 0.08968686 0.86100942 -0.01283169 0.08835673 0.8605901 -0.00590128 0.08706131 0.86030096 -0.00866109 0.08704901 0.86017007 -0.00524006 0.08640353 0.85995704 0.02822161 0.14439136 0.87484288 0.03028466 0.14150387 0.8743785 0.03409341 0.13359994 0.87289089 0.03525243 0.1294353 0.87200242 -0.0275738 0.09885126 0.86383438 -0.02975674 0.10174213 0.86469024 -0.03124776 0.10409967 0.86538881 -0.03600668 0.12298794 0.87050641 0.02532652 0.09641498 0.86310053 0.02210054 0.09359044 0.8622331 0.02074254 0.09342881 0.86222166 0.01813545 0.09165679 0.86167991 0.01002786 0.08744675 0.86028963 0.00225893 0.08675627 0.86024255 -0.00151706 0.08654726 0.86014295 -0.00187831 0.08606848 0.85985285 0.00118034 0.08600827 0.8598578 0.00441446 0.08622293 0.85995609 0.00742883 0.08675107 0.8600986 0.03304139 0.1076355 0.86643374 -0.03031763 0.14148091 0.87441939 -0.03588866 0.11859226 0.86943698 0.03620368 0.1291267 0.87412101 0.03681577 0.12496582 0.8732596 0.03712788 0.1206876 0.87266457 0.03634278 0.11578014 0.87045634 0.03368707 0.10637943 0.86829984 0.02383399 0.09406163 0.8635906 0.02627582 0.09584849 0.86482513 0.02904451 0.09951165 0.86534214 0.01721206 0.08929572 0.86238968 0.00620131 0.08530632 0.86147672 0.00979672 0.08656363 0.86114836 0.0132297 0.0874759 0.86181086 0.00208773 0.08517211 0.86085516 0.03765669 0.11695608 0.87527335 0.03777951 0.11917669 0.87532735 0.03802217 0.12229156 0.87763089 0.0026127 0.15934059 0.88192087 -0.00065729 0.15980977 0.88478214 0.00312026 0.15985972 0.88725722 0.00620707 0.15890419 0.88183457 0.00721563 0.15926981 0.88654786 0.00972787 0.15810934 0.88163674 0.0127311 0.15777376 0.88652635 0.01412434 0.15701494 0.88391531 0.02508496 0.14920682 0.87866408 0.02358016 0.15125233 0.88181877 0.02846233 0.14687164 0.88214529 0.02801964 0.14667 0.87963796 0.03002313 0.14371479 0.87798899 0.03176513 0.1423707 0.88106853 0.03196635 0.14064094 0.87720072 0.03358131 0.13917297 0.88012481 0.03360798 0.1373876 0.87636352 0.0350777 0.13582188 0.87913024 0.03492757 0.13399681 0.87548709 0.03649781 0.13146737 0.87782556 0.03735017 0.12696579 0.87647986 0.03766016 0.12322666 0.87536228 0.03708835 0.11522859 0.87293875 0.03624566 0.11157799 0.87181854 0.03521018 0.11069621 0.86932099 0.03507725 0.10808982 0.87074435 0.03269478 0.10307989 0.86919206 0.03148513 0.10237387 0.86703444 0.02953692 0.09861504 0.86729234 0.02801348 0.09632456 0.8679837 0.02516211 0.09354853 0.86692435 0.02270785 0.09184443 0.86527646 0.00948986 0.08545672 0.86289334 0.00506714 0.08434883 0.86381853 0.00284018 0.08424328 0.86296713 0.00142928 0.08445321 0.86202788 -0.00221424 0.08407862 0.86349338 -0.00197133 0.1599675 0.88862252 0.01560249 0.15662852 0.88738 0.02089217 0.15343107 0.88322425 0.01852586 0.15517664 0.88720387 0.02219964 0.15285173 0.8875854 0.02531366 0.15032826 0.88576454 0.02859859 0.14704683 0.88566583 0.03192725 0.142634 0.88406134 0.0344958 0.13794017 0.88241494 0.03615231 0.13368869 0.88111359 0.03748285 0.12840474 0.87924576 0.03698285 0.11322923 0.87439024 0.03592348 0.10955721 0.8732599 0.03462325 0.10622865 0.87225097 0.03246994 0.10221518 0.87061882 0.03040251 0.09915907 0.86957473 0.0220506 0.09103569 0.86685896 0.0195201 0.08939758 0.86607426 0.01237431 0.08607657 0.8646915 0.00861011 0.08498356 0.86438209 0.00107651 0.08399097 0.86647594 0.01021032 0.1586051 0.88817406 0.01751334 0.15532559 0.88292313 0.02069819 0.09088604 0.86378896 0.01719195 0.08846574 0.86391675 0.01655923 0.08779747 0.86523944 0.01378752 0.0868879 0.86345136 0.00431147 0.15850502 0.87864113 -0.00134537 0.1589298 0.87945145 0.01281114 0.15663718 0.8792789 0.01608187 0.15519822 0.8789897 0.0192165 0.15343091 0.87862659 0.02216001 0.15136461 0.87819451 -0.00256592 0.08528672 0.86076617 -0.01288057 0.08730724 0.86180586 -0.00971971 0.08603568 0.86180943 -0.00617942 0.08544851 0.86127949 -0.01541115 0.08868819 0.8617397 -0.03117962 0.10223589 0.8665579 -0.03703727 0.1228068 0.87295109 -0.03563054 0.13140728 0.87458158 -0.03671533 0.12781857 0.87464297 -0.02305341 0.15058944 0.87786031 -0.01720913 0.15459363 0.87878978 -0.01149918 0.15699953 0.87883973 -0.00279649 0.08456039 0.86203647 -0.00671554 0.08463731 0.86345601 -0.0106395 0.08553899 0.86411846 -0.01378321 0.08688971 0.86343849 -0.0169283 0.08863257 0.86320406 -0.01853173 0.0888537 0.86521971 -0.02111198 0.09070668 0.86485499 -0.02984235 0.09927702 0.8670947 -0.03222057 0.10245079 0.86867934 -0.03321174 0.10558268 0.86791456 -0.03396202 0.10555272 0.86993814 -0.03464625 0.10851626 0.86906815 -0.03615542 0.11420813 0.87027121 -0.03646408 0.11244968 0.87206203 -0.03720736 0.11604772 0.87316042 -0.03679675 0.11968654 0.8716554 -0.03759662 0.11969557 0.87426347 -0.03745509 0.1260913 0.87616313 -0.03597306 0.13325986 0.87830955 -0.0336462 0.13738194 0.8763333 -0.03472091 0.13670668 0.87933481 -0.03314033 0.1400215 0.88031596 -0.03129991 0.14222325 0.87846982 -0.02895615 0.14514461 0.87832886 -0.02905326 0.14612575 0.88210994 -0.02681893 0.147993 0.87995952 -0.01185562 0.15773454 0.88331139 -0.00910256 0.15884954 0.88642538 -0.00803269 0.15852936 0.88169855 -0.0045482 0.15944639 0.88398206 -0.02349072 0.09211987 0.8667984 -0.03144592 0.10063944 0.86975384 -0.03371746 0.10435168 0.8717916 -0.03558009 0.10860896 0.87244844 -0.03701109 0.11337177 0.87446129 -0.03769466 0.11723495 0.87559515 -0.03799221 0.12124893 0.87713778 -0.03790618 0.12362042 0.87695259 -0.03756027 0.12775984 0.87900299 -0.03676505 0.13142867 0.87950671 -0.03559811 0.13531893 0.88178742 -0.03414388 0.13866293 0.88271868 -0.03236303 0.14191571 0.88383842 -0.03078631 0.14419429 0.88347423 -0.02854638 0.14711036 0.8855269 -0.02612166 0.14955877 0.88524723 -0.01506077 0.08711015 0.8649658 -0.02484148 0.09379999 0.86547834 -0.02756598 0.09580979 0.86807889 -0.02747644 0.09641476 0.8662501 -0.0295272 0.09806204 0.8687802 -0.02429086 0.15062866 0.88161039 -0.02342974 0.15190279 0.88616329 -0.02131366 0.15277888 0.88117921 -0.01980978 0.15442038 0.88684475 -0.01832948 0.15485376 0.88275158 -0.01608005 0.15643355 0.88723135 -0.01499569 0.15639329 0.88209057 -0.01186589 0.15808204 0.88760412 -0.00589429 0.15955164 0.88888574 -0.01973583 0.09072177 0.86297941 -0.02404254 0.09396172 0.86388081 -0.02831748 0.0986287 0.8649891 -0.00536751 0.1585924 0.87956351 0.03799993 0.12269301 0.88672477 0.03787854 0.11980648 0.88530117 0.00507492 0.08434342 0.86667252 0.0095081 0.08519412 0.86710775 0.02757576 0.09577754 0.87259555 0.02611803 0.09436031 0.87194455 0.02343013 0.09202915 0.87070078 0.03679122 0.1132803 0.88182873 0.0373744 0.11616307 0.88339877 0.02118425 0.09042701 0.86986971 0.01808251 0.08853475 0.86886233 0.01395723 0.08665447 0.86787814 0.03331894 0.10387316 0.87677968 0.03513589 0.10792184 0.87894237 0.03605689 0.11060828 0.88038826 0.03025916 0.09900757 0.87436682 0.0319112 0.10144874 0.87558931 -0.0364636 0.11193272 0.88107163 -0.03704131 0.11451028 0.88253939 -0.03750703 0.11671177 0.8835035 -0.01034657 0.08544628 0.86724389 -0.00557622 0.08439314 0.86668432 -0.00121791 0.08401906 0.8665002 -0.03789407 0.11963873 0.88511497 -0.01494795 0.08703192 0.86806715 -0.01925535 0.08920582 0.86922514 -0.02218872 0.09107733 0.87011063 -0.02498174 0.09329958 0.87138361 -0.03181737 0.1013127 0.87556523 -0.03350073 0.10427999 0.87707782 -0.03473737 0.10694551 0.87841517 -0.03561629 0.10924762 0.87965977 -0.02764801 0.09586733 0.87268978 -0.0300153 0.0986959 0.87420166 -0.03794502 0.12147071 0.88620096 0.00092919 0.15998779 0.90625948 0.00373734 0.15980259 0.90616995 0.00657853 0.15941989 0.90597636 0.01022831 0.15859833 0.90552437 0.01282044 0.15775874 0.90509874 0.01789705 0.15548307 0.90397513 0.01548697 0.1566925 0.90455151 0.02037297 0.15408066 0.90315932 0.02525526 0.15029287 0.90133244 0.0234393 0.15190428 0.90203458 0.02756313 0.14816415 0.90006006 0.03549288 0.13556972 0.89348 0.03001084 0.14530391 0.89857751 0.03207049 0.14238599 0.89704394 0.03323765 0.14034267 0.89605749 0.03433572 0.13826278 0.89488077 0.03742868 0.12859803 0.88981265 0.03663652 0.13207275 0.89165235 0.0377452 0.1261445 0.88860404 -0.00280892 0.15988943 0.906223 -0.00557003 0.15958034 0.90603745 -0.01448014 0.15712048 0.90476435 -0.0119076 0.1580776 0.90528029 -0.00829707 0.15907976 0.90579337 -0.02254722 0.15254885 0.90243512 -0.02032994 0.15409638 0.90319413 -0.01710612 0.1559267 0.90414864 -0.02482715 0.150765 0.90143883 -0.02752776 0.14818838 0.90009791 -0.02932741 0.14614752 0.89901823 -0.03111461 0.14377709 0.89784056 -0.03308751 0.14067523 0.8961646 -0.03467801 0.13751051 0.89453661 -0.03612113 0.13381636 0.89254111 -0.03675785 0.13140953 0.89141202 -0.03739912 0.12853307 0.8898868 -0.03786334 0.12480349 0.88792813 0.03787167 0.12296579 0.88700634 0.03388599 0.10518211 0.87764221 0.03556048 0.10932989 0.87982661 -0.03446837 0.10650089 0.878344 0.00864699 0.15883404 0.90586191 -0.03547366 0.13529165 0.89347881 0.03675728 0.13117439 0.89132518 0.03490302 0.1366836 0.89422578 0.03041376 0.14454091 0.89835817 0.02741144 0.14809102 0.90021658 0.02087728 0.15356439 0.90310335 0.01516918 0.15664375 0.90471762 0.01169373 0.15796305 0.90541154 0.0047401 0.15951511 0.90622783 -2.596E-05 0.15984283 0.90639395 -0.00464452 0.15951946 0.90623736 -0.00849907 0.15884694 0.90587652 -0.02490177 0.15048136 0.90147603 -0.01193408 0.15787625 0.90536839 -0.01539951 0.15653405 0.90466237 -0.01969854 0.15429616 0.90349209 -0.02824273 0.14719117 0.89975399 -0.03298916 0.14052986 0.89625192 0.01652868 0.15453568 0.90366518 0.02230618 0.15083832 0.90171874 0.00491819 0.08609463 0.86761308 0.02796916 0.14536595 0.89883763 0.00170291 0.08600308 0.8676061 0.00091217 0.08613701 0.86762983 -0.0289195 0.14420938 0.8982234 -0.03407891 0.13480005 0.89327449 -0.00448688 0.15821385 0.90560973 -0.01172298 0.15657133 0.90473878 0.01052198 0.15695208 0.90494603 0.00412789 0.15842944 0.9056865 -0.00090762 0.15858929 0.90577286 0.02364419 0.09453087 0.87206054 0.01777261 0.09044787 0.86991221 0.01157358 0.08768129 0.86845297 -0.02446153 0.14904958 0.90077889 -0.01786437 0.1538009 0.90327895 0.0362928 0.12036251 0.88564873 0.02678745 0.09752493 0.87363327 -1.657E-05 0.08572736 0.86742866 -0.00875746 0.08701527 0.86815 -0.01472864 0.08888654 0.86908907 -0.02055567 0.09210764 0.87079108 -0.0355135 0.12972151 0.89060575 -0.03629669 0.1231925 0.88716167 -0.03606857 0.11867099 0.88477814 0.03165322 0.14039677 0.89618677 0.03388061 0.13522337 0.893498 0.0352788 0.1309181 0.89122587 0.03628182 0.12320745 0.88718057 -0.0329021 0.10736708 0.87884897 -0.03128433 0.10385036 0.87696886 -0.02871443 0.09998632 0.87495226 -0.02572276 0.09648342 0.87310058 -0.03463439 0.11196355 0.88125443 0.03591039 0.11678503 0.88375896 0.03608477 0.11768958 0.88423461 0.02958324 0.10111943 0.87552464 0.03550949 0.11508681 0.8828705 0.03359646 0.10885254 0.87959898 -0.00355395 0.15784898 0.9059689 -0.00089579 0.15825301 0.90583134 -0.00599949 0.15753382 0.90580028 -0.00862354 0.15699686 0.90550882 -0.00792457 0.1575343 0.9053148 -0.01129828 0.15624306 0.90505087 -0.01388987 0.15523848 0.90457654 -0.01465352 0.1553033 0.9041481 -0.01613734 0.15422235 0.90402693 -0.01856043 0.15287739 0.90331006 -0.02147401 0.15129367 0.90207046 -0.0228211 0.149884 0.90170205 -0.0248401 0.14810725 0.90075552 -0.02663423 0.14626026 0.89978087 -0.02739036 0.14581928 0.89918256 -0.02841973 0.14416212 0.89865673 -0.03052455 0.14115509 0.89707494 -0.03141988 0.14015388 0.89615864 -0.0335674 0.13508864 0.89385164 -0.03301565 0.13678093 0.89448613 -0.03452022 0.13227744 0.89235497 -0.03514037 0.12994799 0.89110786 -0.03572324 0.12692213 0.88935643 -0.03592805 0.12471637 0.88832057 -0.00090191 0.15802342 0.9060896 -0.02076564 0.15143767 0.90261412 -0.03601976 0.12209623 0.88690227 -0.03215878 0.13822177 0.895603 0.00535015 0.15798262 0.90559489 0.00270961 0.15808758 0.9058249 0.01299837 0.15595633 0.90451831 0.00532571 0.15763757 0.90583915 0.00272043 0.15792567 0.90607589 0.00783649 0.15717658 0.90560031 0.01936381 0.15280399 0.90281868 0.01127617 0.1562326 0.90508831 0.01772077 0.15353051 0.90341771 0.0145914 0.15495558 0.90440965 0.02496807 0.14843804 0.90051538 0.01863318 0.15285456 0.90334284 0.02215327 0.15042852 0.90199447 0.03060709 0.14158046 0.89689785 0.02417352 0.148716 0.90108728 0.03236625 0.13848208 0.89526361 0.0294289 0.14282243 0.89789432 0.02780173 0.14491306 0.89906257 0.02606092 0.14689249 0.90011626 0.03132371 0.13981494 0.89635015 0.03293087 0.13661732 0.89465708 0.03582163 0.12741613 0.88948047 0.0354908 0.1282181 0.89016765 0.03592846 0.12474719 0.88833696 0.03600482 0.12065224 0.88613123 0.03471885 0.13165927 0.89198488 0.03386898 0.13425562 0.89340067 -0.03591245 0.1198299 0.88574159 -0.02226556 0.09361704 0.87177253 -0.00415147 0.08618655 0.86777991 -0.02967682 0.10166182 0.87603879 -0.03106754 0.10395088 0.87730235 -0.03281138 0.10756385 0.87932247 -0.03543945 0.11654248 0.88404393 -0.03389766 0.11045247 0.88079774 -0.03477897 0.11347006 0.88242096 -0.02555847 0.0965398 0.873375 -0.02819533 0.09959197 0.87503028 5.82E-06 0.08595943 0.86780125 -0.01145537 0.08784917 0.86873972 -0.01558495 0.0894834 0.86956793 -0.01938289 0.0915897 0.87069589 0.03547036 0.11661887 0.8839829 0.03605661 0.1175456 0.88415885 0.0360581 0.11754684 0.88415951 0.00437831 0.08622746 0.86781007 0.01479885 0.08913593 0.86936671 0.02095381 0.09260912 0.8711468 0.03269838 0.10731431 0.8791281 0.03372477 0.10993487 0.88059163 0.03161891 0.10502368 0.87794107 0.03480326 0.1135027 0.88231814 0.01796545 0.09074093 0.87026089 0.02422409 0.09524491 0.87265348 0.02711635 0.09823266 0.87418675 0.00808669 0.08689324 0.86819398 0.01147312 0.08785387 0.86873484 0.02966039 0.10161273 0.87609589 0.03118873 0.10386558 0.87702394 0.03599869 0.12261096 0.88951522 0.03571945 0.12618729 0.89149392 0.03525823 0.1289854 0.892968 0.03470587 0.1315552 0.89420187 0.03393215 0.13386348 0.89552265 0.03292157 0.13657105 0.89681566 0.03134699 0.13969859 0.89846027 0.02978842 0.14209725 0.89985305 0.02839504 0.14413014 0.90077657 0.02609892 0.14679216 0.90217584 0.02354913 0.14922902 0.90344638 0.02147918 0.1508792 0.90430361 0.01928191 0.15239634 0.90511096 0.01622004 0.15413907 0.90601552 0.01380832 0.1552316 0.90659922 0.01130286 0.15617487 0.90708947 0.00792555 0.15711626 0.90757471 0.00528325 0.15760204 0.90781939 0.00258965 0.1578992 0.90800148 2.776E-05 0.15798253 0.90804714 -0.00255187 0.15790293 0.90800142 -0.00525374 0.15760638 0.90782154 -0.0078949 0.15712141 0.90758079 -0.01121767 0.15620047 0.90711141 -0.01376053 0.15525289 0.90660793 -0.01622591 0.15413254 0.90602309 -0.0192735 0.15239871 0.90512145 -0.02143124 0.15089172 0.90437466 -0.02360843 0.14915825 0.90345824 -0.02607113 0.14682063 0.90219182 -0.02836425 0.14416701 0.90080678 -0.03036623 0.14130639 0.89935231 -0.03212278 0.13825208 0.89769971 -0.03361137 0.13489226 0.89595354 -0.03470758 0.13154811 0.89420134 -0.03543061 0.12816758 0.89252216 -0.03599493 0.12198025 0.88915908 -0.03586981 0.12463607 0.89066499 -0.0358747 0.12003963 0.8882699 0.00080246 0.08600491 0.87036097 -0.00356548 0.08615738 0.87043947 -0.00828578 0.08697581 0.87088227 -0.01161671 0.08792257 0.87135059 -0.01555688 0.0895084 0.87220877 -0.01933485 0.09159521 0.87329715 -0.02284774 0.09410121 0.87461853 -0.02533798 0.09637484 0.87576926 -0.02713008 0.09832396 0.87684619 -0.02910175 0.10085251 0.87813216 -0.03047264 0.10299356 0.87929058 -0.03158163 0.10492297 0.88021123 -0.03342916 0.10907046 0.88236016 -0.03463547 0.1129041 0.88441586 -0.03524463 0.11562741 0.88592911 0.03586641 0.11994381 0.88821977 0.0353708 0.11620508 0.88616282 0.03487816 0.11402467 0.88510525 0.03400142 0.11077034 0.88330871 0.03311428 0.10829417 0.88195997 0.03171628 0.1051807 0.88032871 0.02986132 0.10195525 0.87862211 0.02808513 0.09949136 0.87745023 0.02548979 0.09651331 0.87588471 0.02224862 0.09364593 0.87438089 0.01941494 0.09164957 0.87333179 0.01636392 0.08992034 0.87242311 0.00452323 0.08628801 0.87051225 0.00812337 0.0869363 0.87085432 0.01240441 0.08818822 0.87151301 0.00101835 0.15778123 0.90814996 0.00524191 0.15745425 0.90796375 0.0127314 0.15547581 0.90692908 0.0160963 0.15400529 0.90615326 0.00952732 0.15652886 0.90748066 0.01916725 0.15227598 0.90524042 0.0220428 0.1502521 0.90417862 0.02471388 0.14795452 0.90297025 0.02714567 0.14540645 0.9016304 0.0312034 0.13965952 0.89860833 0.03279344 0.13651386 0.89695257 -0.03211976 0.13800633 0.89774197 -0.02779255 0.14464998 0.90123999 -0.02397148 0.14867675 0.90335476 -0.01911966 0.15229368 0.90525508 -0.03440358 0.13214587 0.89466035 -0.01605051 0.15402201 0.90616375 -0.01282503 0.15544024 0.90691042 -0.00864268 0.15677541 0.90761018 -0.0038602 0.15761156 0.90805954 -0.03373557 0.11020958 0.88311416 -0.03245416 0.10689136 0.88135684 0.03048036 0.10304786 0.87933892 0.03271833 0.10751255 0.88169342 -0.00085372 0.15704727 0.90771508 -0.00483055 0.15674545 0.9075824 -0.01139199 0.15517735 0.90675288 -0.01475545 0.15382048 0.90603614 0.00258849 0.15697335 0.90769774 0.01181817 0.08890247 0.87187743 0.00584528 0.08733955 0.87106144 -8.249E-05 0.08682324 0.87079185 -0.00381529 0.08701682 0.87090409 0.02424468 0.14732048 0.9026044 0.02659646 0.14487964 0.90134662 0.02866228 0.14218181 0.89989185 0.00600411 0.15655312 0.90748316 0.01576413 0.15332453 0.90577817 0.02018637 0.15079196 0.90447426 -0.00862699 0.08788251 0.87135726 -0.01801198 0.09182493 0.87341696 0.01263207 0.15471578 0.90651172 -0.01434842 0.08994518 0.87242424 -0.02337274 0.14848663 0.90326715 -0.02077409 0.15026669 0.90415394 0.00935044 0.15580121 0.90708303 0.03071229 0.13893184 0.89819324 0.0313086 0.10610522 0.88093746 -0.03056941 0.13925722 0.89839572 -0.03226574 0.13572603 0.89650369 -0.02766187 0.14355248 0.90063322 0.01576487 0.09058517 0.87277329 0.0325166 0.13508359 0.8961609 0.03384256 0.13137551 0.89424813 0.03505249 0.12454766 0.89065039 -0.03496844 0.11864777 0.88754463 0.02965291 0.10314198 0.87938863 0.02664556 0.09893718 0.8771835 0.02090344 0.09370461 0.87442136 -0.0222707 0.09482025 0.87498933 -0.02541097 0.09774607 0.87653762 -0.02842181 0.10133094 0.87841958 -0.03506556 0.1228678 0.88974917 -0.03179199 0.10697915 0.88141191 0.03274595 0.10927825 0.88261467 0.03406831 0.1133099 0.88474357 0.02331337 0.09575906 0.87548095 -0.0348659 0.12553686 0.89113611 -0.03393178 0.13100228 0.89405102 0.03500853 0.11928355 0.88787776 -0.03359029 0.1116892 0.88387924 0.01349566 0.08974807 0.87210095 0.01106985 0.08882049 0.87161815 0.02112961 0.09410251 0.87443507 0.01577023 0.09075832 0.87268645 0.00341623 0.0871663 0.87083894 0.00096527 0.08705045 0.87060654 0.0007853 0.08698101 0.87074983 0.01728598 0.0915985 0.87301564 0.0060137 0.08754317 0.87094903 0.01870958 0.09236541 0.87362832 0.00848674 0.08798088 0.87134284 0.00914061 0.08825041 0.87124318 0.02412463 0.09665981 0.87577319 0.0349987 0.12115334 0.8887018 0.03475781 0.11772513 0.88695121 0.03322383 0.11098629 0.88334948 0.03166063 0.1070464 0.88126546 0.02817867 0.10127933 0.87820494 0.02958959 0.10331797 0.87929022 0.0187015 0.15163463 0.90480924 0.02182834 0.14941165 0.90361398 0.02649293 0.14492507 0.90123576 0.03454542 0.12787153 0.89232975 0.03491295 0.12458404 0.89049792 0.03132783 0.13766679 0.8974297 0.02653276 0.0991692 0.87714446 0.03415709 0.1143302 0.88512617 0.03325079 0.13299133 0.89496017 0.03414744 0.12976219 0.89325327 -0.03128298 0.13775238 0.89745086 -0.02956066 0.14081448 0.89913714 -0.03455251 0.12785856 0.89233816 -0.03416513 0.12966712 0.89317149 -0.03323683 0.13305318 0.89501613 -0.02656861 0.14484519 0.90125757 -0.03499537 0.12302038 0.88964981 -0.03453838 0.11612492 0.88613266 -0.03414001 0.11429431 0.88506085 -0.03199482 0.10782755 0.88165939 -0.03044777 0.10475017 0.88005936 -0.02648316 0.09914668 0.87705016 -0.02414229 0.09668341 0.87576616 -0.01092041 0.08877877 0.87156957 -0.01181739 0.08899248 0.87187368 -0.00763354 0.08785972 0.8711378 -0.03323177 0.11103801 0.88333607 -0.02162414 0.09450531 0.87461686 -0.01640623 0.09112061 0.87283623 -0.0186837 0.09243111 0.87351561 -0.02859408 0.10183227 0.87849993 -0.00423567 0.08727069 0.87083614 -0.00177629 0.08709005 0.87066954 -0.01405497 0.08996215 0.87224793 -0.03490896 0.11943799 0.88777018 -0.02358538 0.14793608 0.90288079 -0.01720256 0.15253299 0.9052971 -0.00759817 0.15621614 0.90724254 0.00074289 0.09341191 0.86436361 0.00202621 0.08828874 0.8643899 0.00298289 0.09051074 0.8644278 0.00285355 0.09143111 0.86438531 0.00238979 0.09231368 0.86438799 -0.03017184 0.13697447 0.87640464 -0.02986627 0.13628095 0.87643147 -0.028556 0.13502792 0.87635559 -0.02755666 0.1347647 0.87639904 -0.02653423 0.13485497 0.87642497 0.03001225 0.13892904 0.87642956 0.02853289 0.140486 0.87635839 0.02848432 0.13500349 0.87639201 0.03024375 0.13726392 0.87635529 -0.00146259 0.09032124 0.85856354 -0.00107766 0.08949009 0.85888398 0.00013921 0.08898318 0.85911715 0.00121734 0.09134959 0.85832155 -0.00116645 0.09144792 0.85830522 0.00011925 0.09200376 0.85825688 0.00143994 0.08998971 0.85867709 0.02593848 0.1383841 0.8668825 0.02584662 0.13745202 0.86612761 0.02709262 0.13628536 0.86652547 0.02622019 0.13672379 0.86598277 0.02830047 0.13663223 0.86816186 0.02875861 0.13787341 0.86993253 0.02815528 0.13898519 0.870143 0.02678671 0.13915372 0.86843735 -0.02777582 0.13916093 0.86978447 -0.0287407 0.13816115 0.87020147 -0.02853441 0.13699311 0.86880118 -0.02770523 0.13631487 0.86718345 -0.02597663 0.13848796 0.86700529 -0.02674504 0.1391113 0.86835963 -0.02590031 0.13717064 0.865991 -0.02665874 0.136417 0.86619925 -0.00147024 0.09020203 0.86050016 -0.00291263 0.0912409 0.86050004 -0.00277513 0.08941798 0.86050004 -0.00079472 0.08925872 0.86050004 -0.00188733 0.08819746 0.8605001 -6.848E-05 0.08746529 0.86049819 0.00054344 0.089071 0.86050004 0.00184419 0.0881705 0.86049974 0.00142788 0.09011652 0.86050004 0.00287506 0.08962195 0.86049998 0.00117129 0.0914885 0.86050004 0.00272891 0.09174937 0.86049998 0.00172525 0.09290784 0.8605001 0.00023209 0.09350075 0.8605001 -0.00025745 0.09197381 0.8605001 -0.00174755 0.09294489 0.86050004 -0.0012118 0.09134331 0.86050004 -0.02759233 0.14072448 0.87168741 -0.02802332 0.14062223 0.87249994 -0.02672684 0.14067882 0.87250006 -0.02668509 0.14067286 0.87020653 -0.02497023 0.13971117 0.87250006 -0.02563561 0.14021999 0.86840051 -0.02492609 0.13954586 0.86698765 -0.02449824 0.13878885 0.86599886 -0.02430161 0.13780497 0.87250006 -0.02435543 0.13851115 0.86559176 -0.02434471 0.13729829 0.86485642 -0.02470509 0.13623312 0.87250012 -0.02466171 0.13634115 0.86453587 -0.02528091 0.13555333 0.86456805 -0.02627675 0.13488686 0.87250006 -0.02624187 0.13495502 0.86498296 -0.02731688 0.13477099 0.86584502 -0.02827415 0.13494828 0.87250006 -0.02897223 0.13530633 0.86825603 -0.02813876 0.13492146 0.86694169 -0.02967315 0.13595246 0.87250006 -0.02957853 0.13585322 0.8696062 -0.03001025 0.13658738 0.8711704 -0.03022874 0.13735172 0.8724972 0.00112359 0.09324896 0.85836446 0.00184153 0.09283236 0.85836661 0.00162297 0.09319895 0.85825884 0.00029487 0.09345847 0.85836828 -7.08E-06 0.09361286 0.85826218 -0.00061114 0.09340674 0.85837561 -0.00167382 0.09314739 0.85826534 -0.00148409 0.09307685 0.85837084 0.02820891 0.1388813 0.87250006 0.02868762 0.13817814 0.87250006 0.03048271 0.13746025 0.87250012 0.02599429 0.13850844 0.87250006 0.02432565 0.13737643 0.87250006 0.02587936 0.1372298 0.87250006 0.02480437 0.13612255 0.87250006 0.02657363 0.13646814 0.87250006 0.02598505 0.13504416 0.87250006 0.0275832 0.13628843 0.87250006 0.02772418 0.13480885 0.87250006 0.02910538 0.13539878 0.8725 0.02860657 0.13706288 0.87250006 0.02996565 0.13648614 0.8725 0.02821847 0.1408391 0.87249994 0.02807673 0.14063758 0.87249583 0.02714887 0.13925585 0.87250006 0.0302281 0.13735422 0.87249762 0.02654909 0.14065745 0.87250006 0.02508284 0.13975681 0.87250006 0.02445235 0.13862133 0.87250006 0.02999149 0.13656771 0.87118691 0.03006619 0.13647304 0.87084901 0.0295419 0.13583183 0.86964524 0.02929017 0.13553818 0.86883843 0.02427257 0.13789316 0.86513269 0.02432553 0.13744608 0.8649599 0.02446442 0.13872701 0.86589015 0.02687784 0.14089863 0.87038279 0.02581926 0.14033043 0.8686738 0.02648996 0.14060453 0.86992943 0.02474384 0.13952807 0.8666206 0.02557005 0.14041606 0.86820942 0.02724349 0.14073598 0.87110871 0.02505605 0.13972265 0.86725342 0.02993447 0.13585535 0.8697986 0.02854746 0.13489871 0.86717498 0.02797283 0.13487117 0.86668831 0.02720238 0.13476905 0.86571085 0.02851506 0.13506389 0.86750221 0.02464866 0.13637012 0.86454922 0.00066851 0.08742104 0.86021864 0.00170055 0.08783092 0.85989678 0.00124971 0.08770695 0.86009002 0.00266472 0.0888162 0.85929894 0.00229903 0.08863967 0.85963279 0.00174775 0.08809669 0.85994977 0.00136998 0.08787753 0.86016721 0.00271463 0.0893141 0.85923094 0.00080069 0.08763146 0.86028194 0.00296093 0.09024805 0.85882664 0.00307394 0.09010449 0.85871816 0.00257345 0.09217076 0.85828114 0.00247659 0.09211926 0.85842776 0.00285825 0.09129936 0.85848659 0.00306374 0.09116077 0.85839802 -0.02874957 0.13791764 0.87250006 -0.02849944 0.13691673 0.87250006 -0.02727917 0.13621557 0.87250006 -0.02597394 0.13701235 0.87250006 -0.02587123 0.13817987 0.87250006 -0.02659648 0.13908103 0.87250012 -0.02807329 0.13905048 0.87250006 -0.02823018 0.14083076 0.87250161 -0.0304718 0.13745263 0.87249905 -0.03025444 0.1365547 0.87105292 -0.02699057 0.140957 0.87061054 -0.02876491 0.1349839 0.86748552 -0.02534815 0.1401915 0.86776245 -0.00144594 0.08763966 0.8600269 -0.0006198 0.08750885 0.86025238 -0.00127378 0.08774335 0.86009908 -0.00061374 0.08737497 0.86023116 -0.00300677 0.0895711 0.858926 -0.00272201 0.08929342 0.85920531 -0.00291455 0.08994178 0.85893703 -0.00226626 0.08830349 0.85959667 -0.00220076 0.08849611 0.85968357 -0.00137215 0.08787084 0.86019063 -0.00067412 0.0876049 0.86031854 -0.00220107 0.09248803 0.85837591 -0.00292866 0.09091195 0.8586061 -0.00303309 0.0913916 0.85833615 -0.002692 0.09173055 0.8584342 -0.0015962 0.09453702 0.8582707 0.00453624 0.0948206 0.85830849 -0.00754799 0.09338548 0.85837936 -0.00682196 0.0953258 0.85838103 -0.01316402 0.09780087 0.8587119 -0.0120269 0.09467897 0.85862195 0.00845036 0.09327159 0.85841292 0.00979806 0.0963168 0.85851568 0.01478351 0.09876889 0.85884076 0.02200703 0.14090064 0.8654446 0.02649517 0.14332575 0.87297982 -0.00048198 0.15575546 0.87367433 0.00304919 0.15574069 0.87391096 0.00101977 0.15674099 0.87620693 0.00747427 0.15597922 0.87615436 0.00857102 0.15477921 0.8737905 0.01350772 0.15399693 0.8760016 0.01478763 0.15236562 0.87337202 0.0259699 0.14512062 0.87494779 0.02974439 0.13988586 0.8740899 0.03257469 0.13411123 0.87299472 0.03133797 0.13355024 0.8700881 0.03293928 0.12863319 0.86956483 0.03447298 0.1262749 0.87128073 0.03461631 0.11875773 0.86944097 0.03354805 0.12043525 0.86782396 0.0330001 0.11461365 0.8667587 0.03288138 0.11086549 0.8673048 0.03170352 0.1078205 0.86643356 0.02931404 0.10565633 0.86410254 0.02842298 0.10208058 0.8647815 0.01820571 0.09398913 0.8607415 0.01857091 0.0926668 0.86193597 0.02243498 0.09756454 0.86143011 0.02215631 0.09529683 0.86274773 0.01409156 0.0902639 0.8611775 0.01000985 0.08967914 0.85998785 0.00998776 0.08878295 0.86071312 0.00775847 0.08818559 0.86051548 0.00418973 0.08755204 0.86031276 0.01956888 0.10268912 0.8593275 0.01392849 0.09567742 0.85876948 0.02272024 0.10436246 0.8597967 0.02287932 0.10680676 0.85984111 0.02529478 0.11128566 0.86041445 0.02736968 0.12317821 0.86200124 0.02857773 0.12146632 0.86237675 0.02687562 0.12719071 0.86251521 0.0230335 0.13683099 0.8637448 0.01878961 0.14185563 0.86432493 0.02609694 0.13346368 0.86407059 0.02525274 0.13558093 0.86455292 0.02613037 0.13499905 0.86492735 0.02808732 0.13183309 0.8649261 0.03221624 0.11892062 0.8656283 0.03082713 0.12107185 0.86422145 0.03088494 0.11479869 0.86392581 0.02969841 0.1093574 0.86336005 0.02666175 0.10331903 0.862252 0.02481122 0.09947877 0.86235958 0.0255682 0.09850698 0.86372048 0.00536601 0.08940716 0.85921204 0.01297248 0.09139484 0.85990351 0.02919369 0.12384453 0.86323071 0.0294666 0.1174697 0.8626278 0.02863433 0.11280669 0.86199683 0.010324 0.09192237 0.85891908 0.01526598 0.09440158 0.85929984 0.01947093 0.09691634 0.86002743 0.02272694 0.10135388 0.86020333 0.02690268 0.10738431 0.86134458 0.03015877 0.12725517 0.86505884 0.02832248 0.12815344 0.86370921 0.02945264 0.13244928 0.86668867 0.031395 0.12829617 0.86696488 0.03261428 0.12390447 0.8670764 -0.00167634 0.15241307 0.86814618 -0.00176097 0.15054438 0.86617661 0.00347938 0.15123099 0.86699593 0.00817088 0.15135658 0.86805433 0.00795013 0.14981237 0.86638331 0.0132208 0.1493974 0.86783373 0.01285714 0.1479034 0.86620146 0.01786998 0.14659257 0.86749405 0.01737171 0.14516434 0.86591709 0.02236762 0.14269254 0.8671363 0.00329738 0.15381913 0.87025082 -0.00179003 0.15421367 0.87071711 0.00845148 0.15319948 0.87072253 0.01415893 0.15086392 0.87025803 0.01780985 0.14877222 0.87009788 0.02036798 0.1468136 0.86981046 0.02272757 0.14460388 0.86948442 0.02471394 0.14414677 0.87130529 0.02038125 0.14872561 0.87268293 0.01802132 0.15172984 0.87578124 0.02206519 0.1488001 0.87543857 0.00105831 0.14932299 0.86511546 0.00606509 0.14860758 0.86504793 0.01007412 0.14737634 0.86491889 0.0147712 0.14500636 0.86467206 0.00660905 0.09118904 0.85863519 0.01899563 0.09870695 0.85937613 0.02528359 0.10658033 0.86054701 0.02675753 0.11167234 0.86090916 0.02789357 0.11645987 0.86154151 0.02714485 0.11789508 0.86126393 0.02567773 0.13149333 0.8630929 0.00026937 0.08752663 0.86033052 -0.02893486 0.10971578 0.86256647 -0.03079989 0.1087213 0.86488044 -0.0286984 0.10487087 0.86367631 -0.00425001 0.08752035 0.86033601 -0.01603876 0.0925521 0.860502 -0.01705656 0.09177785 0.86165321 -0.01341106 0.08997364 0.86108643 -0.0201325 0.09369562 0.86228263 -0.01860429 0.09424448 0.8608399 -0.0216702 0.09700981 0.86120325 -0.02839179 0.10202752 0.86477369 -0.03087414 0.10616656 0.86596942 -0.03261937 0.11020374 0.86711562 -0.03183027 0.11185666 0.86547977 -0.03371703 0.11375134 0.86809546 -0.03287401 0.11738445 0.86650634 -0.03475372 0.12080311 0.8699677 -0.03276454 0.12140319 0.86671013 -0.03179825 0.13602789 0.87337989 -0.0282975 0.1421176 0.87447333 -0.02590815 0.1430237 0.87152624 -0.02358379 0.14754072 0.87528437 -0.01190942 0.15462667 0.87605202 -0.01149548 0.15377101 0.87351823 -0.00617559 0.15627325 0.87617475 -0.00524118 0.15545356 0.87380117 -0.00519793 0.14880368 0.86507106 -0.01060057 0.14721239 0.86490834 -0.01448451 0.14676607 0.86586589 -0.01722151 0.14328529 0.86451262 -0.01774968 0.14416325 0.86534941 -0.02145041 0.14094123 0.86512554 -0.0221273 0.13813172 0.86391824 -0.02479661 0.13354598 0.86335826 -0.01806214 0.10128244 0.85916173 -0.01642836 0.09748144 0.85897934 -0.02137965 0.10474475 0.85957295 -0.02735821 0.13179575 0.86427987 -0.03402247 0.12889276 0.87187296 -0.03224437 0.12999563 0.8691569 -0.03203897 0.13296942 0.87097722 -0.02220096 0.14246532 0.86681217 -0.01828821 0.14628418 0.86745822 -0.01296636 0.14954311 0.8678413 -0.00976639 0.14922164 0.86633658 -0.00676241 0.15074626 0.86702961 -0.00789512 0.15195051 0.86872661 -0.02332515 0.14341226 0.86874533 -0.01952625 0.14753169 0.86991572 -0.01408533 0.15100902 0.87041956 -0.00808437 0.15330556 0.87074012 -0.02264605 0.14675641 0.87235349 -0.01739185 0.15085609 0.87307245 -0.01916935 0.15095469 0.87569755 -0.01562147 0.1530323 0.8759104 -0.03287806 0.12458669 0.8677153 -0.03255382 0.12752625 0.86839342 -0.03021261 0.13326935 0.8681851 -0.02799576 0.10689354 0.86235613 -0.02707306 0.10878461 0.86127317 -0.03107873 0.12053344 0.86443841 -0.02996127 0.11710148 0.86304039 -0.02899568 0.11975594 0.86244738 -0.02983735 0.12466062 0.86399293 -0.03024798 0.12880832 0.86577189 -0.02826936 0.12842208 0.86375785 -0.02859038 0.13245822 0.86574495 -0.031349 0.11584394 0.86445445 -0.02982554 0.11272383 0.86299932 -0.03125377 0.12484483 0.86557102 -0.00643655 0.08964002 0.85921526 -0.01166116 0.09082079 0.85979015 -0.01220408 0.09267877 0.85907221 -0.01720526 0.09579017 0.85948026 -0.02162685 0.09904877 0.86033356 -0.02558449 0.10231239 0.86173916 -0.02515121 0.10369687 0.8610028 -0.00891402 0.08840738 0.86059695 -0.02488149 0.09958661 0.86236 -0.02269167 0.09573735 0.8628909 -0.02565983 0.09859776 0.86376077 -0.02379589 0.10832481 0.86002731 -0.0259898 0.11308245 0.86063373 -0.02644092 0.11168814 0.86078823 -0.02802818 0.11473016 0.8615371 -0.0273508 0.11982144 0.8615427 -0.02355244 0.10543439 0.85998797 -0.02098821 0.10055102 0.85966903 -0.00674142 0.09154772 0.85854053 -0.0246975 0.10562503 0.86037737 -0.02838443 0.12437427 0.8627606 -0.02715668 0.12561965 0.86231136 -0.02613433 0.13011855 0.86291063 0.01614168 0.09975883 0.85779065 0.01794587 0.1012005 0.85798389 0.01955926 0.10269563 0.85813802 0.00436208 0.09484321 0.85714328 0.00712049 0.09545757 0.85726804 0.00934052 0.09614 0.85732341 -0.00010888 0.09450489 0.85709912 0.00245183 0.09462787 0.85715413 0.01184191 0.09721136 0.85750937 0.01350783 0.0980503 0.85757357 -0.00799237 0.14819255 0.86362535 -0.00448096 0.14904341 0.86371499 -0.00476968 0.14887771 0.86376554 -0.02738865 0.11879183 0.86016512 -0.02740365 0.1222346 0.86064494 -0.02717151 0.11828265 0.8601405 -0.02714754 0.12557432 0.86106747 -0.02718173 0.12631053 0.86112434 -0.01919567 0.14157575 0.86293954 -0.01590778 0.14420933 0.86326331 -0.01792592 0.14261827 0.86313027 -0.010996 0.14699548 0.86357331 -0.01245018 0.14649752 0.86346549 -0.0217512 0.13871771 0.86261517 -0.02093333 0.13957787 0.86279404 -0.02285173 0.13707566 0.8624422 -0.00782003 0.14813724 0.86370385 -0.00049314 0.14941138 0.8637504 -0.00109243 0.14928126 0.86378956 -0.01358435 0.14569995 0.86341697 -0.01735099 0.14328498 0.86313242 -0.02446084 0.13434902 0.86211169 -0.02528506 0.132459 0.86193967 -0.02599404 0.13089092 0.86169732 -0.02656201 0.12867491 0.8614676 -0.02537093 0.11110254 0.8591764 -0.02649489 0.11494012 0.85971892 -0.02554187 0.11196202 0.8593263 -0.0238554 0.10838696 0.8588798 -0.02205957 0.10561373 0.85851377 -0.00050137 0.15799332 0.87616801 -0.00319765 0.15783049 0.87625515 0.00437366 0.15783714 0.87630087 -0.03584748 0.12408604 0.87076139 -0.03590519 0.12416808 0.87066656 -0.03591217 0.12064096 0.86988413 -0.03508729 0.12989123 0.87197661 -0.03543107 0.12811092 0.8716802 -0.03451102 0.13207462 0.87252504 -0.031742 0.13887331 0.87390095 -0.02944732 0.14262572 0.8745423 -0.0305787 0.14099061 0.87415224 -0.02333956 0.14936987 0.87549412 -0.02480312 0.14805913 0.87527567 -0.02649636 0.14631706 0.87508225 -0.01277499 0.15562189 0.87610757 -0.01501233 0.1546962 0.87601095 -0.01728701 0.1535487 0.87593073 -0.02086599 0.15129018 0.87572646 -0.01922706 0.15241146 0.87579125 -0.01099495 0.08779467 0.86039788 -0.00566138 0.08699012 0.86026621 -0.01546219 0.09023959 0.86124778 0.00977154 0.08822767 0.86061418 0.00613289 0.08743615 0.86038536 0.00693356 0.08706796 0.86026025 0.0094025 0.08724079 0.86020792 0.01161631 0.08857881 0.86073643 0.01680511 0.09086384 0.86143714 0.01906031 0.09146202 0.86155689 0.02111976 0.09360787 0.86227578 -0.01059187 0.15637732 0.87615263 -0.00830205 0.15699989 0.87619591 -0.02805729 0.14450824 0.87481439 -0.00479447 0.08640552 0.85997188 -0.00290816 0.08652539 0.86011308 0.01307673 0.08846819 0.86061138 0.02148927 0.09312236 0.86207426 0.01864687 0.15284622 0.87589258 0.01182416 0.15610999 0.87617242 0.02341596 0.14943899 0.87552106 0.02835418 0.14432108 0.87482971 0.03461163 0.13197574 0.87254238 0.03248744 0.13771403 0.87369519 0.03568476 0.12707022 0.87146324 0.03607181 0.12179395 0.87020785 0.03517889 0.11406718 0.86818933 0.03304697 0.1076069 0.86637521 0.03046219 0.10279607 0.86500889 0.02550299 0.09749136 0.86345494 0.0239828 0.09512903 0.86271256 0.02741151 0.09861456 0.86375403 0.01577934 0.08964293 0.86097836 0.00170692 0.08606496 0.85984397 -0.00055178 0.08644882 0.86010057 -0.00137489 0.08610608 0.85987908 -0.00846805 0.08706105 0.8601287 -0.02720865 0.09851781 0.86369199 -0.02878227 0.10049155 0.86429113 -0.0327062 0.1071246 0.86623716 -0.03038768 0.10287765 0.8650161 -0.03490517 0.11343256 0.86799449 -0.03440425 0.11158054 0.86747396 -0.03371682 0.10956736 0.86692363 -0.03533423 0.11541595 0.8685227 -0.03287387 0.13658813 0.8734293 -0.03377231 0.13433626 0.87299007 -0.0059821 0.1574699 0.87622899 -0.0357522 0.11830068 0.86927634 -0.02535903 0.09657592 0.8631289 -0.02263497 0.09411307 0.86238605 -0.0014594 0.08695326 0.86023337 0.01382 0.08949123 0.86101532 0.0048563 0.08633137 0.85991657 0.00415921 0.08718511 0.86031675 0.00459435 0.08668295 0.86016953 0.00246809 0.08646017 0.86012638 0.00215531 0.08707049 0.86027926 0.00173659 0.08658328 0.86020046 -0.01386861 0.08884644 0.86069781 -0.01610122 0.08986349 0.86102802 -0.01861278 0.09126062 0.86147147 -0.00044147 0.08608123 0.85975748 -0.00306674 0.08620024 0.85981292 -0.00591819 0.08656227 0.85991669 -0.01106532 0.08783168 0.86027783 -0.0229346 0.09436737 0.8623206 -0.02059632 0.09257068 0.86179107 -0.03163627 0.10495007 0.86554152 -0.03021488 0.10257167 0.86478043 -0.02522186 0.09643928 0.86295259 -0.00346296 0.09233683 0.85706347 -0.00248193 0.09461442 0.85710984 0.00396875 0.09189107 0.85708743 0.00913481 0.09317395 0.85726166 0.01351031 0.09531026 0.85751188 -0.00788319 0.09276692 0.85720009 -0.00732442 0.09549972 0.85723561 -0.00490435 0.09494569 0.85715598 -0.00962098 0.09624687 0.85733598 -0.0118168 0.09718153 0.85745937 -0.0140662 0.09837908 0.85760504 -0.01724531 0.09804016 0.85783851 -0.0184879 0.10165763 0.85803461 -0.01601397 0.09967136 0.85778964 0.0027058 0.14916971 0.86377817 0.00381684 0.14917848 0.8637262 0.00590168 0.14864364 0.86371952 0.00866109 0.14801842 0.86361229 0.01305762 0.14618561 0.86344254 0.01274145 0.14616701 0.86346745 0.01645553 0.14395368 0.86319697 0.0201553 0.14044181 0.86286104 0.01902241 0.14167328 0.86294305 0.02237352 0.1378911 0.86252415 0.02609354 0.13055824 0.86165088 0.0270921 0.12694496 0.86121321 0.02700515 0.12657458 0.86119694 0.02752063 0.12303308 0.86070716 0.02740248 0.12247254 0.86067599 0.02364461 0.13608858 0.86231768 0.02432931 0.13450724 0.86218572 0.02722928 0.11818851 0.86007911 0.00892878 0.14780366 0.8636623 0.01623349 0.14396483 0.86327541 0.0252386 0.11127806 0.85926068 0.0258741 0.11283552 0.85940623 0.02423098 0.10908925 0.85893786 0.02717363 0.11839521 0.86017829 0.02214785 0.13801461 0.86263537 0.02597138 0.13064158 0.86173356 0.02659006 0.11526641 0.85972083 -0.00133806 0.15684307 0.87311351 -0.00749509 0.15636052 0.87377059 -0.01403676 0.15417573 0.87347102 -0.03037968 0.13830367 0.87029862 -0.03305742 0.13269791 0.86984879 -0.03487632 0.12041864 0.86769432 -0.03388662 0.11530278 0.86586946 -0.0324473 0.11056352 0.86449641 -0.03018226 0.10504597 0.86341733 -0.02793279 0.10130429 0.86266053 -0.01512333 0.09043053 0.85991329 -0.00637668 0.08784001 0.85887206 -0.00015727 0.08711919 0.85880029 -0.02035974 0.10354435 0.85826021 -0.02740121 0.11371943 0.85989052 -0.02870352 0.12109181 0.86100376 -0.02565202 0.13481763 0.86284381 -0.02810827 0.12744121 0.86184251 -0.00578863 0.15507898 0.87060934 -0.01056367 0.15385211 0.87040728 -0.01661077 0.15103748 0.87000263 -0.01911401 0.15134767 0.87312108 -0.02186463 0.14865404 0.87164974 -0.03121213 0.13318375 0.86726868 -0.03330601 0.12782529 0.8673526 -0.03375322 0.12443244 0.86675465 -0.033021 0.12044901 0.86485595 -0.02646066 0.145032 0.87250167 -0.00097588 0.15291992 0.86687195 -0.00405911 0.15172878 0.86584991 -0.00561011 0.15311778 0.86766726 -0.01020559 0.1519282 0.86751306 -0.00990964 0.15028484 0.86567044 -0.01603841 0.14918679 0.86719471 -0.01556426 0.14761403 0.86540759 -0.01955556 0.14537482 0.86565733 -0.02938758 0.13341896 0.86524427 -0.02666971 0.13698292 0.86471045 -0.02803625 0.13196208 0.86330396 -0.03089241 0.12882727 0.86462092 -0.02944266 0.12759525 0.86282247 -0.031811 0.12245692 0.86374331 -0.03027617 0.1215376 0.86213386 -0.03145676 0.11595424 0.86274725 -0.00242039 0.15458326 0.86916983 -0.02035004 0.14728756 0.8681944 -0.02782573 0.13856271 0.86697787 -0.03014341 0.11176942 0.86175764 -0.03072005 0.10816132 0.86300749 0.00322066 0.08951963 0.85759974 -0.00388868 0.08969153 0.85759085 -0.00952484 0.09102593 0.85780084 -0.01281665 0.09045264 0.85894018 -0.0147519 0.09270981 0.858464 -0.0182642 0.09356925 0.85950428 -0.01919287 0.09658182 0.85862917 -0.02371162 0.09771025 0.86068428 -0.02430004 0.10108577 0.85973328 -0.02695155 0.1026895 0.86110181 -0.02838005 0.10696502 0.86102915 -0.0229644 0.1421057 0.86528748 -0.02392319 0.14389205 0.86771584 0.00118853 0.15474942 0.86929637 -0.0205585 0.09390442 0.86067402 -0.02691914 0.14276674 0.87003428 -0.02355886 0.14661139 0.8707028 -0.02542864 0.10706277 0.85924459 -0.02329743 0.10535073 0.85867512 -0.02191526 0.10099058 0.85863793 -0.01347046 0.09401151 0.85769707 -0.00052982 0.09054054 0.85722065 -0.02894487 0.11637519 0.86073452 -0.02595566 0.10551713 0.85968065 -0.02219632 0.14064422 0.86381149 -0.01773218 0.1447815 0.86419743 -0.01251996 0.14793733 0.8644821 -0.00680751 0.14995423 0.86465961 -0.00082045 0.15088618 0.86485571 -0.02817154 0.1108923 0.8603403 0.0043406 0.1523167 0.86647713 0.02353512 0.10311238 0.85892957 0.02031765 0.09878679 0.85849565 0.0225284 0.10373224 0.85854292 0.00397523 0.08745272 0.85879874 0.00810332 0.08763903 0.85945547 0.01279999 0.08923716 0.85978222 0.01558579 0.09116481 0.85961246 0.02880793 0.10252653 0.86300451 0.03291042 0.11171527 0.86493647 0.03477215 0.11694168 0.86723346 0.03437074 0.12586027 0.86825919 0.03416025 0.13042653 0.87033224 0.03207441 0.13496666 0.86996502 0.03109652 0.13867018 0.87203985 0.01405792 0.15419582 0.87353879 0.00924188 0.15595761 0.8739062 0.02266277 0.1403535 0.86388254 0.0267838 0.132807 0.86272746 0.02716027 0.11246345 0.85977918 0.02560741 0.10821304 0.8592627 0.02277029 0.10662552 0.85864013 0.02091425 0.10418758 0.85833204 0.02110752 0.09768685 0.85912049 0.02188355 0.09573559 0.86047506 0.01938563 0.09365475 0.86008763 0.01708023 0.09344421 0.85901535 0.01355704 0.09201977 0.85838586 0.0100072 0.08930293 0.85876983 0.00886406 0.09073725 0.85778242 0.02866054 0.10569607 0.86160237 0.03041743 0.10547365 0.86357039 0.02623484 0.10058189 0.86136645 0.02416842 0.09804527 0.86090279 0.03098955 0.10918322 0.86306226 0.00967388 0.1498659 0.865197 0.010109 0.1520925 0.86768019 0.01525981 0.14726561 0.86494827 0.01451682 0.1501506 0.86746168 0.01864214 0.14759028 0.86714059 0.02022837 0.14356652 0.86458689 0.02344047 0.14322191 0.86660367 0.02521641 0.13764298 0.86399293 0.02758822 0.13827865 0.86647213 0.0281659 0.13435343 0.86450988 0.03019881 0.12386503 0.86248112 0.03004628 0.12912065 0.86388737 0.03183594 0.12680469 0.86493081 0.03235676 0.12222284 0.86432487 0.03104754 0.11867008 0.86245453 0.02734553 0.10742399 0.86018378 0.02965051 0.11095278 0.86142021 0.02480166 0.10245984 0.85964495 0.00549394 0.15430605 0.86927414 0.01048073 0.15399292 0.87060261 0.01505403 0.15199372 0.87032712 0.01933548 0.14935797 0.86991602 0.02433493 0.14485204 0.86923474 0.02861301 0.13969678 0.86899424 0.03328267 0.11817844 0.86503446 0.03236917 0.11430945 0.86385065 0.03027791 0.11532246 0.86167896 0.03067768 0.13271794 0.86626863 0.00420945 0.15629071 0.87241173 0.01995844 0.1507906 0.87301105 0.02391024 0.14741534 0.8724407 0.02626629 0.14485976 0.8719722 0.02836747 0.142077 0.87145835 0.03400161 0.12200575 0.86656177 0.03286769 0.13057046 0.86808878 0.01753057 0.09773235 0.85793966 0.01586947 0.09467758 0.85810536 0.0287252 0.11719531 0.86063999 0.02833494 0.12857196 0.86231965 0.02892343 0.12387662 0.86157447 0.02863636 0.11236616 0.86057001 0.00424113 0.1505439 0.86479515 -0.00431512 0.08350001 0.91461992 -0.00499066 0.08350001 0.91251504 0.00332948 0.08350001 0.91579455 -0.00478063 0.08350001 0.91037852 -0.00203575 0.08350001 0.91666722 0.00098624 0.08350001 0.91695094 0.00431512 0.08350001 0.9093802 0.00499066 0.08350001 0.91148508 0.00478064 0.08350001 0.9136216 0.0024272 0.08350001 0.90757376 -0.00011137 0.08350001 0.9069531 -0.00302392 0.08350001 0.90790343 -0.00409676 0.1250238 0.94450009 -0.00508195 0.12168303 0.94450009 0.00470449 0.12016928 0.94450009 -0.00162156 0.12678064 0.94450009 0.00144025 0.12688391 0.94450009 0.00424262 0.1248155 0.94450009 0.00500426 0.12235953 0.94450009 0.00119463 0.11705032 0.94450009 0.00349208 0.11839762 0.94450009 -0.00226645 0.11744042 0.94450009 -0.00415405 0.11918654 0.94450009 -0.0024272 0.07350001 0.90757376 -0.00718221 0.07350022 0.87462533 -0.00086824 0.07350001 0.907076 0 0.07350001 0.90700006 0.00232759 0.0734996 0.8739664 0.00057587 0.07350001 0.90704852 0.00111937 0.07350001 0.91690153 0.00737876 0.07350021 0.94934106 0 0.07350001 0.91700006 -0.00183455 0.07349997 0.95003396 -0.00107989 0.07350001 0.91690773 0.00281364 0.07350001 0.91615397 0.02354507 0.07350006 0.94190878 0.01581951 0.07350031 0.94661051 0.011414 0.07350021 0.87570173 0.00302392 0.07350001 0.90790343 -0.01994904 0.07350022 0.8795892 -0.01347499 0.07350001 0.87646943 -0.01139928 0.07349958 0.94835728 -0.00332948 0.07350001 0.91579455 0.00478064 0.07350001 0.91037852 0.0363156 0.07350024 0.90061837 0.03782094 0.07350236 0.90789402 0.00499066 0.07350001 0.91251504 0.03806385 0.07350412 0.91170037 0.01765948 0.07350001 0.8783527 0.02353863 0.07350021 0.88210469 0.03743726 0.07350001 0.91892493 0.00431512 0.07350001 0.91461992 0.03479771 0.0735003 0.92740625 0.02844341 0.07350001 0.88680148 0.03260649 0.07350021 0.89238948 -0.02001635 0.07349999 0.94438517 -0.02519866 0.07350001 0.94044346 0.03013086 0.07349998 0.93528301 -0.00478063 0.07350001 0.9136216 -0.03634586 0.0735003 0.92325485 -0.03798656 0.07350007 0.91442811 -0.00499066 0.07350001 0.91148508 -0.03781002 0.07350209 0.9079358 -0.03680236 0.07350171 0.9026773 -0.00431512 0.07350001 0.9093802 -0.0347115 0.07349994 0.89636427 -0.03008263 0.07350031 0.93530536 -0.03364733 0.07350001 0.92965955 -0.03127339 0.07350001 0.89041358 -0.02693433 0.07349993 0.88509464 -0.01311188 0.08627005 0.95340914 -0.00958018 0.08517481 0.9544993 -0.01521935 0.08720951 0.95447356 -0.00604419 0.08441348 0.95352864 -0.00363214 0.0841502 0.95449984 -0.0262635 0.08725823 0.94082707 -0.02952702 0.09076864 0.93827838 -0.02858846 0.08687776 0.93786138 -0.03411721 0.10514112 0.94894624 -0.03582856 0.1092093 0.9468894 -0.03481774 0.10560091 0.94077355 -0.03328482 0.10247456 0.94288921 -0.03791076 0.119755 0.93351895 -0.03789087 0.11897242 0.95450014 -0.03800422 0.12163672 0.93804485 -0.03715209 0.11379708 0.95450002 -0.03756906 0.11611246 0.93994576 -0.036969 0.11290468 0.9369539 -0.03465017 0.10372526 0.93596184 -0.03746768 0.11595488 0.92700082 -0.03592728 0.10794277 0.93251228 -0.03568939 0.10516366 0.92986411 -0.03464663 0.10107227 0.93197173 -0.03345775 0.09849133 0.93450409 -0.03279537 0.09920971 0.93771666 -0.02517292 0.09080311 0.94511175 -0.02766442 0.09234463 0.94257563 -0.02568624 0.08932455 0.94285357 -0.02968971 0.09399968 0.94031143 -0.03174779 0.09446537 0.93620867 -0.0324393 0.0918998 0.93342513 -0.02623808 0.0845625 0.93985277 -0.02753121 0.08246113 0.93823624 -0.02434375 0.08211717 0.9412334 -0.02930764 0.08351521 0.93627506 -0.03062809 0.0870114 0.93505746 -0.03223088 0.08545467 0.9323023 -0.03099912 0.09653438 0.94004703 -0.03360377 0.09363494 0.93136352 -0.03647293 0.10755459 0.92521417 -0.03715894 0.11242794 0.92308599 -0.037396 0.10888345 0.91801232 -0.03526864 0.09045764 0.92632377 -0.03417156 0.08663565 0.9287557 -0.03561308 0.1012354 0.92742336 -0.03461368 0.09632644 0.9295339 -0.03661142 0.09878663 0.92167944 -0.03604775 0.09413408 0.92406535 -0.03670096 0.08294135 0.92193437 -0.03719504 0.10127033 0.9182964 -0.03767459 0.08424239 0.91700482 -0.01304214 0.085144 0.95067388 -0.01399527 0.08430916 0.94896001 -0.00965584 0.08426747 0.9512701 -0.00975663 0.08320604 0.94968992 -0.02260881 0.08805662 0.94548124 -1.8E-07 0.08295694 0.95094621 -0.00511312 0.08277009 0.95044798 -0.00285323 0.08219316 0.95015782 -0.00624451 0.08219573 0.94973624 -0.00354749 0.08154409 0.94988161 5E-08 0.08201519 0.95014423 -0.00515267 0.08357315 0.9517293 -0.01381524 0.08285554 0.94782561 -0.0097754 0.08239492 0.94902831 -0.01470926 0.08369895 0.94795322 0 0.0816452 0.95004588 -0.00799944 0.08161666 0.94918275 0 0.08125938 0.95000362 -0.01174752 0.08177251 0.94818783 -0.01479168 0.08191852 0.9470551 -0.01719034 0.0857995 0.94836026 -0.01945818 0.08705836 0.94780272 -0.02091127 0.0859994 0.94542921 -0.0236924 0.08614601 0.94296432 -0.02090609 0.08429822 0.94438964 -0.02366656 0.08394565 0.94206756 -0.02077614 0.08237165 0.94387656 -0.01795728 0.0839097 0.94618392 -0.01781308 0.0821038 0.94561994 -0.00277521 0.0840084 0.95338333 -0.00874192 0.08491249 0.95336056 -1.9E-07 0.08384497 0.95296967 -0.03632617 0.1104355 0.94146317 -0.03455227 0.10604404 0.95450008 -0.03258534 0.10238065 0.95075381 -0.03068405 0.09948705 0.95450008 -0.03105384 0.09988111 0.94914842 -0.02811947 0.09636603 0.9518677 -0.02564532 0.09388371 0.95450008 -0.02550106 0.09375428 0.95232338 -0.02266483 0.09142867 0.95271254 -0.01965729 0.08941691 0.95450002 -0.01964014 0.08940239 0.95304102 -0.01205831 0.08565586 0.95260304 -0.02922407 0.0972034 0.948452 -0.02673825 0.09450588 0.94942683 -0.02398331 0.09193841 0.94981557 -0.0210638 0.08982278 0.9506225 -0.01723688 0.08773611 0.95184159 -0.03134486 0.09894811 0.94362116 -0.02862816 0.09554074 0.94576722 -0.02532471 0.09228873 0.94734567 -0.01733824 0.08716951 0.95034134 -0.0217543 0.08911471 0.94799 -0.02900877 0.09511948 0.94360179 0.02237725 0.08824835 0.94597286 0.02170912 0.08883322 0.94761479 0.01945098 0.08616921 0.94685787 0.00958034 0.08377784 0.95043474 0.00539262 0.083667 0.95184106 0.00626651 0.08285081 0.95028871 0.03737951 0.10027553 0.91697186 0.03724708 0.11004147 0.91979492 0.03662086 0.09905799 0.92163092 0.03727178 0.11449513 0.9259423 0.03590686 0.10463042 0.92779982 0.03590388 0.10796812 0.93223751 0.03465251 0.10195895 0.93282849 0.03218455 0.09132212 0.93377584 0.02971197 0.0900796 0.93754292 0.03069212 0.08793868 0.93524009 0.030432 0.09391516 0.93874705 0.03099771 0.09679465 0.94048548 0.02846968 0.09337607 0.94233495 0.03752703 0.11619253 0.93506372 0.037989 0.12085526 0.93422925 0.03789505 0.11900745 0.95450008 0.03642924 0.11107205 0.94663948 0.03713394 0.11375685 0.95449978 0.03489218 0.10661685 0.94581264 0.03447522 0.10588557 0.95450014 0.03407262 0.10504305 0.94889164 0.03722202 0.1140672 0.9412148 0.03565036 0.10740143 0.93552536 0.0345667 0.10440417 0.93837827 0.03780196 0.11849623 0.92783678 0.03301512 0.10089806 0.94000006 0.03186301 0.10001987 0.94406742 0.0290603 0.09524556 0.94368184 0.02900411 0.09641962 0.94683278 0.0322356 0.10173853 0.94971013 0.03212658 0.09501802 0.93574333 0.02503859 0.08947895 0.94379628 0.02754659 0.09065107 0.94123811 0.03407182 0.09580719 0.93094426 0.02748376 0.08786855 0.93964916 0.02497415 0.08600439 0.94159424 0.02642623 0.08338782 0.93940306 0.02895859 0.08402321 0.93672717 0.032499 0.08783816 0.93221104 0.03075559 0.08385879 0.93439561 0.03300418 0.08464219 0.9309479 0.03588134 0.09788027 0.92515087 0.03511941 0.09838466 0.92845356 0.03223118 0.097646 0.93772495 0.03341695 0.09925858 0.93541276 0.0349949 0.08883168 0.92697918 0.03406705 0.08906127 0.92928225 0.03605309 0.09022375 0.92405766 0.03690578 0.08359679 0.92106569 0.03767036 0.084242 0.91705674 0.00974597 0.08239204 0.94901657 0.01390302 0.08320206 0.94799608 0.01319054 0.08425289 0.94931114 0.01285893 0.08510199 0.95072705 0.01699751 0.0857906 0.9485631 0.00284334 0.08253936 0.95039576 -1E-08 0.08299258 0.95095217 0.00268655 0.08166572 0.94995326 0.00583497 0.08185103 0.94961888 0.0079965 0.0815938 0.94918126 0.01236008 0.08176535 0.94799149 0.01695719 0.08408839 0.94689554 0.01940108 0.08429469 0.94545329 0.01712225 0.08211123 0.94598943 0.01477539 0.08263156 0.94727069 0.02234519 0.08657362 0.94453144 0.02233405 0.08463682 0.94342387 0.0207755 0.08233722 0.94387364 0.02363041 0.08264231 0.94182128 0.00293795 0.0839892 0.95323867 0.00644139 0.08449031 0.95450085 3.9E-07 0.08391732 0.95360345 0.01346234 0.0863419 0.95300663 0.01359104 0.08646803 0.9545005 0.00965592 0.08515369 0.95332837 0.0061365 0.08442429 0.95351022 0.01964651 0.0894234 0.95450068 0.01614045 0.08737974 0.95238948 0.01951575 0.08924283 0.9522599 0.02262984 0.09140424 0.95272839 0.02545174 0.09369998 0.95449984 0.02545719 0.09370687 0.9522543 0.02767978 0.09582421 0.95114315 0.03061423 0.09939792 0.95450014 0.03008809 0.09864619 0.95045364 0.02278554 0.09087828 0.94970888 0.01952596 0.08832525 0.94973648 0.01642463 0.08654049 0.95015115 0.02536238 0.09283419 0.94860291 0.02603432 0.09223543 0.94575 -0.00588279 0.08437545 0.86686647 3.4E-07 0.0840097 0.8666749 -0.00266565 0.08396624 0.86934626 -0.03284463 0.103216 0.87986308 -0.03358602 0.10438921 0.87737727 -0.03119469 0.10039516 0.87528211 -0.03355771 0.10450704 0.88211471 -0.03587906 0.11004639 0.88034874 -0.0379018 0.11962603 0.88537413 -0.03678818 0.1125848 0.89180583 -0.03750965 0.11539036 0.89589381 -0.0369585 0.10903674 0.89806634 -0.03689487 0.09953369 0.90184581 -0.03732041 0.09754956 0.90459406 -0.03735548 0.10786101 0.90263611 -0.0032093 0.08178461 0.87407124 -0.00872046 0.08193523 0.87495327 -0.00652866 0.08251594 0.87428099 -0 0.08160191 0.87397295 0 0.08122803 0.87399888 -0.00272399 0.08242968 0.87375551 5E-08 0.08246149 0.87359953 -1E-08 0.08223172 0.8737638 -0.00274287 0.08303575 0.87309086 -3E-08 0.08271467 0.87333632 0 0.08257311 0.87349224 -0.00625746 0.08315593 0.87375712 1E-08 0.08201778 0.87387216 -0.01630014 0.08443016 0.87723076 -0.01921988 0.0859754 0.8784039 -0.01517013 0.08511403 0.87619823 -0.02271055 0.08656423 0.88091117 -0.02299195 0.08888614 0.87982547 -0.00978958 0.08378304 0.87442076 -0.00987766 0.0833045 0.87482226 -0.01303883 0.0838775 0.8758353 -0.00631845 0.08369377 0.87292755 -0.01086928 0.08433567 0.87430602 -3E-07 0.08370066 0.870601 -0 0.08333728 0.87210345 -0.00265785 0.08357533 0.87167752 0 0.08328212 0.87225789 0 0.08318091 0.87251943 -1E-08 0.0829583 0.87297946 -0.01894937 0.08901212 0.86930126 -0.01869779 0.08872841 0.87329793 -0.02291536 0.09157605 0.87064832 -0.02188664 0.09078811 0.87386358 -0.01411564 0.08666629 0.86806923 -0.01472627 0.08676769 0.87212026 -0.01501915 0.08609441 0.87486953 -0.01854707 0.08785348 0.87571836 -0.01840382 0.08667181 0.87724984 -0.0111233 0.08480883 0.87368643 -0.01105808 0.08544005 0.87150282 -0.00712654 0.08427726 0.87163621 -0.00649919 0.0844624 0.86945981 -0.03371817 0.10246265 0.88790691 -0.03267772 0.09925909 0.88778704 -0.03382989 0.09922752 0.89104795 -0.02237764 0.08983333 0.87790465 -0.02565553 0.09241877 0.87970084 -0.02564749 0.09050662 0.88174492 -0.02862575 0.0951671 0.88207883 -0.02810021 0.0922791 0.88391256 -0.03068515 0.09946122 0.88030362 -0.0270661 0.09469093 0.8785395 -0.02231651 0.09060974 0.87615228 -0.0370552 0.11436713 0.88261753 -0.03585117 0.11015397 0.88568914 -0.0282732 0.0965585 0.8774085 -0.02532388 0.09350224 0.87558711 -0.02656945 0.09475278 0.87231606 -0.02915504 0.09758355 0.87380248 -0.03624628 0.09679756 0.89945197 -0.03601749 0.08632684 0.89975256 -0.03599924 0.10384883 0.89592332 -0.03455091 0.08495525 0.89604044 -0.03550875 0.0943937 0.89735425 -0.03504123 0.10718279 0.88735121 -0.03594692 0.10823187 0.89183557 -0.03497835 0.10372035 0.89166552 -0.03472344 0.09841834 0.89389569 -0.03433875 0.09314754 0.89457351 -0.03301271 0.08461377 0.89303625 -0.02345515 0.08229618 0.88206053 -0.02540978 0.08753446 0.88303316 -0.02573873 0.08222854 0.88402188 -0.0276808 0.08690988 0.88542765 -0.01359426 0.08180279 0.87646735 -0.01752441 0.08200784 0.87824792 -0.01939809 0.08464687 0.87893683 -0.02053507 0.0821337 0.87998623 -0.02816513 0.0824267 0.8864482 -0.02990226 0.08758729 0.8879894 -0.03050072 0.08277044 0.88928014 -0.03179645 0.08925384 0.89050668 -0.03288952 0.09244217 0.8917172 -0.03242987 0.0966398 0.88906938 -0.03324682 0.10305908 0.88476247 -0.03011238 0.09452505 0.88573313 -0.03102189 0.09844331 0.88396543 -0.03071926 0.09209219 0.8880263 -0.0280125 0.08961474 0.88516134 0.03085575 0.09134011 0.88848448 0.02741967 0.08936922 0.88452566 0.02925797 0.09181011 0.88592076 0 0.0838308 0.8695153 0.00255246 0.08394195 0.86948061 0.00261257 0.08345903 0.87209696 0 0.08351839 0.87145114 0.03748252 0.09771453 0.90578598 0.03718947 0.09352935 0.90397996 0.03690487 0.1138269 0.88619018 0.03772592 0.11799286 0.89069289 0.03645787 0.11089866 0.891343 0.03756148 0.11503816 0.89764684 0.03671226 0.10802633 0.89724398 0.03733382 0.1090447 0.90198767 0.03783064 0.1189505 0.88501662 0.0368917 0.11368978 0.88225949 0.03232306 0.10229166 0.88038582 0.03471202 0.10682297 0.8786552 0.03388249 0.10528116 0.88200462 0.02055954 0.08990079 0.87325597 0.0207304 0.09004556 0.86984301 0.0233035 0.09184884 0.87441343 0.02619322 0.09437554 0.87212139 0.00408289 0.08418629 0.86676902 0.00645212 0.08445132 0.86949539 0.01078966 0.08549148 0.86745286 0.01125878 0.08556854 0.87059617 0.01617743 0.08759163 0.86856097 0 0.08124793 0.87399787 0.00307164 0.08180319 0.87406129 0.01143484 0.08339901 0.87535483 0.01187589 0.08198076 0.87584573 0.00767522 0.08309153 0.87423611 0.01473332 0.08406707 0.87654293 0.007886 0.08200698 0.87477052 0.00536481 0.08300822 0.87368959 0.00365788 0.0823018 0.87392157 0.00270841 0.0828782 0.8733024 0 0.08167025 0.87396091 0.01670331 0.08197759 0.87781662 0.01873824 0.08580818 0.87815887 0.0151083 0.08495501 0.87627172 0.0184675 0.08688253 0.8770808 0.01681261 0.08655836 0.87590539 0.01159471 0.08407741 0.87500709 0.00637833 0.08350944 0.87331706 0.00899092 0.083605 0.87427568 0 0.08302414 0.87285572 0.00646052 0.08406839 0.87203419 0.01298402 0.0852202 0.87447536 0.00992164 0.08434168 0.87374103 0 0.08278489 0.87324315 0.01920505 0.08898892 0.87356716 0.01558921 0.08721348 0.87169993 0.0288836 0.0941192 0.88378727 0.02704557 0.09154892 0.88286978 0.02569064 0.09247863 0.8796792 0.02438458 0.08973441 0.88075626 0.02304281 0.09047124 0.87800026 0.02137208 0.0877213 0.87911803 0.02013564 0.08868687 0.876445 0.01003074 0.08494405 0.87221545 0.03394806 0.10443356 0.88601172 0.031743 0.10019872 0.8835696 0.02886662 0.09661856 0.88017213 0.02895731 0.09548844 0.88243419 0.02455514 0.09238357 0.87700415 0.01699895 0.08749449 0.87412447 0.01363068 0.08611774 0.87293005 0.02605838 0.0942236 0.87591451 0.02865739 0.09701235 0.87764037 0.02952267 0.0980328 0.87403482 0.03615687 0.09747133 0.89902782 0.03688227 0.10145323 0.90120614 0.03559199 0.0926341 0.89789641 0.03504057 0.0972511 0.89530778 0.0354272 0.10905252 0.88413143 0.03504547 0.10656709 0.88860828 0.03503931 0.1028684 0.89257187 0.0360074 0.10518135 0.8951264 0.03284513 0.08940458 0.89223635 0.03433343 0.09311174 0.89461946 0.0352803 0.08516965 0.8977589 0.03656064 0.08708967 0.90148431 0.01776151 0.08472007 0.8779698 0.02189123 0.08213705 0.88085729 0.02099807 0.08513193 0.87990266 0.02368001 0.08629657 0.88173932 0.02595885 0.08236932 0.88420141 0.02651203 0.0866189 0.88425195 0.02965532 0.08242138 0.88813913 0.02885825 0.0872725 0.88672596 0.0309366 0.08791376 0.88937181 0.03335884 0.08268689 0.89367813 0.03332254 0.09758832 0.89058644 0.03287772 0.09328149 0.89142936 0.0311832 0.09497394 0.88747656 0.03328896 0.10044368 0.88844746 0.02495716 0.08805571 0.88235313 0.03086776 0.09983186 0.8798694 0.03152744 0.10090002 0.87555158 0.03108153 0.09792179 0.88479155 -0.03790832 0.1185525 0.90288496 -0.03800706 0.12282813 0.88705158 -0.03762044 0.10122143 0.91437757 -0.03802392 0.08325797 0.91286725 -0.03765741 0.10386336 0.90826875 -0.03767558 0.11587733 0.91987538 -0.03774503 0.11328825 0.90938765 -0.00683646 0.15937999 0.95450008 8.063E-05 0.16004503 0.95450002 0 0.12700003 0.95450008 0.00879309 0.15903658 0.95450008 0.01748713 0.15580817 0.95450008 0.0249416 0.15074983 0.95450002 0.03110847 0.14393997 0.95450008 0.0354891 0.13575897 0.95450008 0.03776923 0.1268632 0.95450002 -0.03792374 0.12440625 0.95450008 -0.03530831 0.13618544 0.95450002 -0.03735884 0.1289511 0.95450008 -0.02682882 0.14891124 0.95450008 -0.02987146 0.14548823 0.95450008 -0.0324802 0.14172402 0.95450008 -0.01128372 0.15828606 0.95450008 -0.01711428 0.1559837 0.95450002 -0.02339649 0.15194339 0.95450008 0.03802193 0.12178279 0.88650316 0.03761372 0.110689 0.90545225 0.03794264 0.08425803 0.91401011 0.03766392 0.1083134 0.91081691 0.03760786 0.11346383 0.91598952 0.03795073 0.1194067 0.90809292 0.03772634 0.12681463 0.8891421 0.03595093 0.13462335 0.89324272 -0.03767407 0.12735002 0.88942325 0.00026659 0.1600737 0.90659881 0.00695618 0.15938541 0.9062376 0.0141426 0.15735571 0.90517253 0.02040253 0.15409464 0.90346122 0.02574865 0.15002401 0.90132481 0.02954269 0.1459299 0.89917576 0.03247815 0.14179315 0.89700431 -0.03572851 0.13515496 0.89351952 -0.03234279 0.14200529 0.89711565 -0.02828966 0.14748712 0.89999354 -0.0217661 0.15323748 0.90301144 -0.01518059 0.1568691 0.90491724 -0.0106702 0.15849382 0.90576971 -0.0057781 0.15959601 0.90634811</float_array>
          <technique_common>
            <accessor source="#pos_0-array" count="7680" stride="3">
              <param name="X" type="float"/>
              <param name="Y" type="float"/>
              <param name="Z" type="float"/>
            </accessor>
          </technique_common>
        </source>
        <source id="norm_0">
          <float_array id="norm_0-array" count="14907">0 0 1 0.99859 0.05064 -0.01595 0.98634 0.16395 0.01599 0.98745 0.15767 0.00925 0.94079 0.33887 -0.00899 0.93456 0.35569 0.00899 0.86035 0.50964 -0.00767 0.8553 0.51814 0 0.78293 0.62211 -0 0.77672 0.6298 0.00767 0.65813 0.75285 -0.00899 0.66091 0.75036 -0.01274 0.55249 0.83332 0.01819 0.49295 0.86964 -0.027 0.38595 0.92212 0.027 0.32079 0.94698 -0.01819 0.18882 0.98193 0.01274 0.19249 0.98126 0.00899 0.00897 0.99992 -0.00899 -0.00897 0.99992 0.00899 -0.19249 0.98126 -0.00899 -0.18882 0.98193 -0.01274 -0.32079 0.94698 0.01819 -0.38595 0.92212 -0.027 -0.49295 0.86964 0.027 -0.55249 0.83332 -0.01819 -0.66091 0.75036 0.01274 -0.65813 0.75285 0.00899 -0.77672 0.6298 -0.00767 -0.78293 0.62211 0 -0.8553 0.51814 0 -0.86035 0.50964 0.00767 -0.92964 0.36839 -0.00767 -0.9407 0.33883 0.01683 -0.97104 0.2383 -0.0172 -0.98929 0.14357 0.02651 -0.99715 0.07318 -0.01821 0.04689 -0.9989 0.00226 0.04319 -0.99907 4E-05 0.20362 -0.97903 -0.00588 0.21662 -0.97623 0.00687 0.3713 -0.92849 -0.0065 0.38538 -0.92273 0.00652 0.53622 -0.84405 -0.00756 0.55181 -0.83388 0.01235 0.71407 -0.69996 -0.01231 0.72697 -0.68662 0.00754 0.83279 -0.55356 -0.00649 0.84109 -0.54085 0.00651 0.92071 -0.39018 -0.00756 0.92167 -0.38795 -0.00494 0.97444 -0.22391 0.01815 0.98432 -0.17503 -0.02177 0.99863 -0.04933 0.01729 0.99934 -0.03566 0.00741 -0.99849 -0.05343 0.01256 -0.99888 -0.04686 0.00665 -0.97617 -0.21688 -0.00739 -0.97196 -0.23482 0.01208 -0.90236 -0.43082 -0.01209 -0.89431 -0.44739 0.00737 -0.79944 -0.6007 -0.00737 -0.78822 -0.61528 0.01207 -0.64389 -0.76502 -0.01206 -0.62974 -0.77677 0.00738 -0.47992 -0.87728 -0.00739 -0.46365 -0.88594 0.01209 -0.27019 -0.96273 -0.0121 -0.25242 -0.96759 0.00739 -0.0814 -0.99666 -0.00682 -0.07339 -0.9973 4E-05 -0 -0 -1 -0.99607 0.08714 0.01561 -0.96592 0.25882 0.00141 -0.91618 0.39968 -0.02935 -0.90609 0.42251 -0.02203 -0.81913 0.57356 0.00772 -0.70702 0.70703 0.01561 -0.57358 0.81915 0.00141 -0.48466 0.87447 -0.02018 -0.42262 0.90629 -0.006 -0.25881 0.9659 0.00787 -0.05465 0.9985 -0.00162 -0.08716 0.99617 -0.00703 0.08716 0.99619 0.00027 0.27924 0.96009 -0.01578 0.25875 0.96569 -0.02203 0.42261 0.90628 0.00772 0.57351 0.81905 0.01561 0.7071 0.70711 0.00141 0.78706 0.61643 -0.02351 0.8191 0.57354 -0.01103 0.90628 0.4226 0.00806 0.96591 0.25882 0.00529 0.99069 0.13559 -0.01243 0.99619 0.08715 -0.00387 0.99618 -0.08716 0.00508 0.95507 -0.29619 -0.01058 0.96569 -0.25875 -0.02203 0.90628 -0.42261 0.00772 0.81905 -0.57351 0.01561 0.7071 -0.70711 0.00141 0.60042 -0.79921 -0.02762 0.57348 -0.81902 -0.01816 0.4226 -0.90626 0.00973 0.2588 -0.9658 0.0157 0.00936 -0.99993 -0.00764 0.08712 -0.9957 -0.03165 -0.08716 -0.99619 0.00057 -0.25882 -0.96586 0.01116 -0.42262 -0.90631 -0.00021 -0.55419 -0.83189 -0.02883 -0.57344 -0.81895 -0.02203 -0.70708 -0.70709 0.00772 -0.81905 -0.57351 0.01561 -0.90631 -0.42262 0.00141 -0.95875 -0.28273 -0.02935 -0.96569 -0.25875 -0.02203 -0.99616 -0.08715 0.00772 -0.0235 -0.00079 -0.99972 -0.01875 0.01339 -0.99973 -0.01845 0.01362 -0.99974 -0.01787 0.0169 -0.9997 -0.00466 0.0193 -0.9998 9E-05 -0.0029 -1 -0.03492 -0.01203 -0.99932 -0.00335 -0.04052 -0.99917 -0.00326 -0.00262 -0.99999 -0.01391 0.0081 -0.99987 -0.00372 0.02042 -0.99978 0.00849 0.02373 -0.99968 0.0094 0.0205 -0.99975 0.01815 0.01131 -0.99977 0.0314 0.00783 -0.99948 0.02674 0.0134 -0.99955 0.02484 -0.00201 -0.99969 0.0237 8E-05 -0.99972 0.01454 -0.01214 -0.99982 0.01502 -0.03253 -0.99936 0.01776 -0.02692 -0.99948 0.0258 -0.02392 -0.99938 0.03076 0.0862 -0.9958 -0.07575 0.13648 -0.98774 -0.09581 0.10322 -0.99003 -0.10407 0.08835 -0.99064 -0.09224 0.05707 -0.9941 -0.11305 0.01921 -0.9934 -0.08225 0.04551 -0.99557 -0.07458 0.02962 -0.99678 -0.03997 0.02444 -0.9989 -0.05142 0.02225 -0.99843 -0.05935 0.02285 -0.99798 -0.0001 0.01989 -0.9998 -0.02104 0.017 -0.99963 -0.02364 0.0174 -0.99957 -0.04101 0.02529 -0.99884 0.03326 0.01927 -0.99926 0.0164 0.01718 -0.99972 0.00325 0.01921 -0.99981 -0.00253 0.02166 -0.99976 0.03188 0.02389 -0.99921 0.08604 0.04402 -0.99532 0.09394 0.05449 -0.99409 0.09382 0.10248 -0.9903 0.07662 0.13121 -0.98839 0.03547 0.15384 -0.98746 0.00358 0.13544 -0.99078 0.00919 0.14284 -0.9897 -0.02737 0.14319 -0.98932 -0.0352 0.14904 -0.9882 0.07516 0.11963 -0.98997 0.04606 0.1023 -0.99369 0.01471 0.12387 -0.99219 -0.0478 0.10125 -0.99371 -0.07614 0.11083 -0.99092 0.09687 0.08796 -0.9914 0.08904 0.07922 -0.99287 0.04602 0.08439 -0.99537 0.02857 0.06934 -0.99718 -0.0026 0.09126 -0.99582 -0.03642 0.08593 -0.99563 0.02735 0.06099 -0.99776 0.00055 0.04726 -0.99888 -0.03378 0.05411 -0.99796 -0.0426 0.06368 -0.99706 -0.08191 0.05178 -0.99529 0.08433 0.04264 -0.99553 0.07083 0.03601 -0.99684 0.06425 0.03442 -0.99734 0.0507 0.03553 -0.99808 0.04744 0.03104 -0.99839 -0.07418 0.02924 -0.99682 0.14765 0.03935 -0.98826 0.14216 0.04036 -0.98902 0.23207 0.03964 -0.97189 0.23568 0.04147 -0.97095 0.28071 0.06826 -0.95736 0.2781 0.11999 -0.95303 0.3028 0.14108 -0.94256 0.30664 0.16089 -0.93813 0.14675 0.16517 -0.97529 0.30057 0.35787 -0.88408 0.30538 0.45685 -0.83548 0.21754 0.42731 -0.87755 0.18668 0.49855 -0.84652 0.22314 0.45729 -0.86087 0.13395 0.46979 -0.87256 0.13779 0.47397 -0.8697 0.06541 0.49611 -0.86579 0.10186 0.50677 -0.85604 0.06447 0.49846 -0.86451 0.0202 0.52487 -0.85094 0.30112 0.35866 -0.88357 0.37137 0.34813 -0.86075 0.3474 0.2844 -0.89355 0.04079 0.3633 -0.93078 0.0509 0.33903 -0.9394 0.10745 0.37411 -0.92114 0.13408 0.32446 -0.93635 0.16187 0.34328 -0.92518 0.21185 0.27582 -0.93757 0.19654 0.26823 -0.94309 0.30741 0.2503 -0.91807 0.29686 0.19676 -0.93443 0.27091 0.20045 -0.9415 0.10854 0.16088 -0.98099 0.03729 0.26047 -0.96476 0.05746 0.20983 -0.97605 0.09184 0.24296 -0.96568 0.13839 0.20888 -0.9681 0.17471 0.15496 -0.97235 0.20842 0.08934 -0.97395 0.22864 0.07812 -0.97037 -0.2704 0.09731 -0.95782 -0.01623 0.48618 -0.87371 -0.03415 0.50937 -0.85987 -0.07844 0.48661 -0.87009 -0.09197 0.50638 -0.85739 -0.13442 0.5148 -0.8467 -0.16811 0.46494 -0.86923 -0.16764 0.47925 -0.86152 -0.21864 0.47081 -0.85472 -0.23682 0.42457 -0.87388 -0.2322 0.42156 -0.87656 -0.32644 0.40974 -0.85179 -0.3014 0.43933 -0.84626 -0.30131 0.34406 -0.88929 -0.36091 0.26428 -0.89437 -0.31408 0.20879 -0.92615 -0.31855 0.13587 -0.93812 -0.2263 0.05442 -0.97254 -0.17997 0.04116 -0.98281 -0.21284 0.04547 -0.97603 -0.15642 0.04262 -0.98677 0.00136 0.22694 -0.97391 -0.32549 0.30828 -0.89388 -0.27425 0.30768 -0.91111 -0.2994 0.16947 -0.93896 -0.27399 0.17906 -0.94491 -0.26953 0.30488 -0.91345 -0.16865 0.29495 -0.94051 -0.17535 0.33895 -0.92432 -0.11691 0.35332 -0.92817 -0.09706 0.33644 -0.93669 -0.06921 0.37638 -0.92388 -0.01925 0.35357 -0.93521 -0.0096 0.37168 -0.92831 -0.11849 0.04996 -0.9917 -0.229 0.07796 -0.9703 -0.22367 0.08309 -0.97112 -0.20379 0.16368 -0.96523 -0.16948 0.1996 -0.96511 -0.11957 0.18117 -0.97616 -0.12977 0.24237 -0.96147 -0.05814 0.21537 -0.9748 -0.05775 0.22811 -0.97192 -0.01436 0.25087 -0.96791 0.00176 -0.00861 -0.99996 -0.00023 -0.00071 -1 -0.00053 -0.00051 -1 -0.00037 -0.0001 -1 -0.01706 0.02554 -0.99953 -0.02146 0.01589 -0.99964 -0.01931 0.00801 -0.99978 -0.01714 0.01848 -0.99968 0.00668 -0.00197 -0.99998 0.0212 -0.02642 -0.99943 0.02788 -0.01509 -0.9995 0.00468 -0.00755 -0.99996 -0.01464 0.02043 -0.99968 -3E-05 0.00032 -1 0.00016 0.00023 -1 0.041 0.00674 -0.99914 0.0197 0.02405 -0.99952 0.00703 0.00283 -0.99997 0.01163 0.00284 -0.99993 0.00211 -0.00084 -1 0.00196 -0.00112 -1 -3E-05 0.00013 -1 -0.00229 0.01858 -0.99982 0.00674 0.02349 -0.9997 0.01304 0.01767 -0.99976 0.02865 0.01714 -0.99944 0.00117 0.03302 -0.99945 0.01128 0.0031 -0.99993 -0.02603 0.007 -0.99964 -0.02176 0.01258 -0.99968 -0.02379 0.02382 -0.99943 -0.02739 0.01034 -0.99957 -0.01312 0.02292 -0.99965 -0.01356 -0.00432 -0.9999 -0.00843 -0.01216 -0.99989 -0.03529 -0.0074 -0.99935 -0.02533 -0.01842 -0.99951 -0.02094 -0.00505 -0.99977 0.12441 0.51361 -0.84896 0.52229 -0.11464 -0.84503 0.06833 -0.42354 -0.9033 0.03972 0.10894 -0.99325 -0.54143 -0.69432 -0.47409 -0.54464 -0.39058 -0.74217 -0.84607 -0.21115 -0.48946 0.44523 -0.14526 -0.88355 -0.11716 -0.32881 -0.9371 -0.32592 -0.18243 -0.92763 -0.04633 -0.18986 -0.98072 0.13739 -0.17621 -0.97472 0.06723 -0.8976 -0.43565 0.39183 -0.4786 -0.78575 0.42176 0.05845 -0.90482 0.37424 -0.12586 -0.91875 0.76786 -0.53766 -0.3483 0.13292 -0.38162 -0.91471 0.08932 -0.17691 -0.98017 0.11468 -0.00838 -0.99337 0.05213 0.24159 -0.96898 0.41545 -0.80163 0.42987 0.14281 -0.47738 -0.86701 -0.26393 -0.84812 0.45939 -0.30901 -0.80476 -0.50682 -0.01748 -0.38399 -0.92317 0.71432 0.63031 -0.30406 0.45085 0.36451 -0.81478 0.72024 -0.69358 -0.01423 0.50828 -0.23425 -0.82872 0.42301 0.87294 0.24296 0.41708 0.53361 0.73573 0.33913 -0.2427 -0.90889 0.3568 -0.16659 -0.91921 0.70144 0.09605 -0.70622 0.40234 -0.29588 -0.86636 0.80087 -0.32602 -0.50231 0.40873 -0.25788 -0.87546 0.45567 0.4385 -0.77465 0.59395 -0.22499 -0.7724 -0.4854 -0.4838 -0.72824 -0.72162 -0.51499 -0.46266 -0.21118 0.84683 -0.48814 -0.26285 0.72308 -0.6388 0.41103 0.7521 -0.51517 -0.17632 0.86554 -0.46878 0.69398 -0.03398 0.71919 -0.38924 0.80286 -0.45156 -0.39295 0.80293 -0.44821 -0.87065 -0.18218 -0.45691 -0.84913 -0.39447 -0.35125 0.03938 0.9445 -0.32615 -0.47724 -0.65909 -0.58125 -0.37557 -0.67139 0.63889 -0.15787 -0.93267 -0.32434 -0.92312 -0.23598 -0.30359 -0.88151 -0.23988 -0.40669 -0.24173 -0.94174 -0.23386 -0.59928 -0.51696 -0.61125 -0.22475 -0.69749 -0.68044 -0.11669 -0.78784 -0.60472 -0.85772 -0.21254 -0.46813 0.27707 0.84902 -0.44989 0.90271 0.20092 -0.38044 0.41005 0.68122 -0.60647 0.54038 0.69475 -0.47467 0.15014 0.91626 -0.37139 0.51752 0.82043 -0.24302 0.05395 0.94674 -0.31745 0.53832 0.69551 -0.4759 -0.73972 0.06059 -0.67018 -0.61357 -0.32824 -0.71819 -0.78927 -0.50107 -0.35494 -0.62544 -0.73345 -0.26622 -0.54966 -0.52683 -0.64833 -0.20717 0.33258 -0.92004 -0.56944 0.39113 -0.72301 -0.8549 0.21209 -0.47346 -0.51768 -0.09093 -0.85073 -0.80795 -0.24786 -0.53459 -0.7691 0.06462 -0.63585 -0.48575 0.24277 -0.83971 -0.63961 -0.25567 -0.72493 -0.59104 -0.16491 -0.78961 0.09025 -0.03529 -0.99529 -0.09811 -0.00166 -0.99517 -0.06849 0.00459 -0.99764 -0.09586 -0.02158 -0.99516 -0.05926 -0.00925 -0.9982 -0.05952 -0.00686 -0.9982 -0.02962 0.00308 -0.99956 -0.04387 0.0045 -0.99903 -0.0227 -0.02912 -0.99932 -0.01571 -0.01897 -0.9997 0.00505 -0.02155 -0.99975 0.00795 -0.01817 -0.9998 -0.00695 -0.01694 -0.99983 -0.01032 -0.02498 -0.99963 0.02162 -0.02523 -0.99945 0.03149 -0.00625 -0.99948 0.06181 -0.01124 -0.99802 0.04403 -0.00335 -0.99902 0.52334 -0.42979 -0.7358 0.59792 -0.26357 -0.75699 0.75459 -0.23068 -0.61431 0.51683 -0.72441 -0.4562 0.90136 -0.23121 -0.36619 0.52298 0.74201 -0.41942 -0.89143 0.13488 0.43262 -0.36946 0.925 -0.08878 -0.23452 0.81139 -0.53539 -0.35018 0.78293 -0.5142 0.30489 0.88173 -0.35998 -0.42789 0.77801 -0.46001 -0.16835 0.88259 -0.43897 -0.35508 0.86973 -0.34276 0.02757 0.91151 -0.41036 0.58107 -0.62269 -0.52403 0.09041 -0.78448 -0.61353 0.1771 -0.89532 -0.40871 0.81621 -0.36588 -0.44715 0.43683 -0.79507 -0.42076 0.89911 -0.06564 -0.43277 0.87534 -0.08576 -0.47584 0.39386 0.704 -0.59097 -0.39701 0.69375 -0.60091 -0.56813 0.59268 -0.57092 0.87755 -0.44248 0.1847 0.88286 0.0641 -0.46524 0.63054 -0.73463 -0.25048 0.72885 -0.50521 -0.46209 0.1223 -0.77135 -0.62455 0.16182 0.26017 -0.95191 0.43496 -0.20309 -0.87725 0.58627 -0.58642 -0.55893 -0.32553 0.20373 -0.92332 -0.03017 -0.29641 -0.95459 -0.08629 0.06104 -0.9944 -0.22135 0.58281 -0.78188 0.89128 -0.4429 -0.09728 0.45852 0.19485 -0.86706 0.30967 -0.03805 -0.95008 0.12121 0.11488 -0.98596 0.30494 0.17689 -0.9358 0.1342 0.31828 -0.93845 -0.20565 -0.21857 -0.95391 -0.25019 -0.05802 -0.96646 -0.0905 0.00373 -0.99589 -0.80659 0.40682 -0.42884 -0.82639 0.37824 -0.41715 -0.82936 0.33511 -0.44706 -0.85288 0.13701 -0.50382 -0.86877 0.19158 -0.45666 -0.85443 0.23532 -0.46322 -0.85951 0.28037 -0.42736 -0.88924 0.08491 -0.44948 -0.86806 -0.01977 -0.49606 -0.81068 0.04677 -0.58362 -0.4455 -0.55553 -0.70208 -0.51084 -0.45052 -0.73217 -0.04539 -0.6222 -0.78154 -0.11624 0.00308 -0.99322 -0.28234 -0.00907 -0.95927 -0.24967 -0.02708 -0.96795 -0.47056 0.0297 -0.88187 -0.45196 0.09551 -0.88691 -0.48935 0.26159 -0.83193 -0.51962 0.20738 -0.82885 -0.4822 0.15856 -0.86159 -0.52254 0.36832 -0.76895 -0.47804 0.40597 -0.77889 -0.4726 0.3773 -0.79643 -0.43313 0.49905 -0.75056 -0.42066 0.43066 -0.79849 -0.3782 0.53487 -0.75557 -0.30175 0.54101 -0.78502 -0.26903 0.6121 -0.74361 -0.19244 0.60887 -0.76957 -0.18991 0.62035 -0.76098 -0.1359 0.60047 -0.78801 -0.09088 0.64355 -0.75999 -0.028 0.66412 -0.7471 -0.05852 0.92399 -0.37792 -0.11915 0.93233 -0.34141 -0.1817 0.90292 -0.38952 -0.21369 0.9117 -0.35091 -0.32508 0.87518 -0.3583 -0.33373 0.86262 -0.38014 -0.73879 0.56021 -0.37465 -0.51033 0.36205 -0.78005 -0.36539 0.32853 -0.87095 -0.64587 0.36769 -0.66908 -0.58303 0.35411 -0.73122 -0.56917 0.36098 -0.73874 -0.74148 0.39407 -0.54306 -0.74247 0.37892 -0.55241 -0.77034 0.4269 -0.47363 -0.79838 0.46649 -0.38076 -0.54327 0.47044 -0.69537 -0.53578 0.49058 -0.68722 -0.48396 0.51863 -0.70484 -0.31617 0.65902 -0.68244 -0.20942 0.6967 -0.68612 -0.20323 0.71107 -0.67311 -0.1392 0.70568 -0.69472 -0.51432 0.58462 -0.62745 -0.42053 0.64169 -0.64139 -0.41784 0.64868 -0.6361 -0.35223 0.67615 -0.64711 -0.05744 0.78864 -0.61216 -0.59018 0.50911 -0.6265 -0.59865 0.55315 -0.57935 -0.54884 0.59358 -0.58859 -0.35484 0.74327 -0.56713 -0.23503 0.78296 -0.57596 -0.2378 0.77489 -0.58566 -0.15436 0.8275 -0.53984 -0.06327 0.80724 -0.58682 -0.05462 0.82014 -0.56954 -0.63616 0.54889 -0.54223 -0.56786 0.6412 -0.51613 -0.47109 0.70543 -0.52957 -0.46753 0.71885 -0.51446 -0.39751 0.76549 -0.50598 -0.64166 0.2232 -0.73379 -0.6683 0.11111 -0.73555 -0.67852 0.11663 -0.72526 -0.71063 0.25333 -0.65637 -0.74917 0.24615 -0.61494 -0.77732 0.18259 -0.60202 -0.73809 0.113 -0.66517 -0.64785 0.5824 -0.49103 -0.59645 0.64529 -0.47734 -0.39425 0.7898 -0.46988 -0.32493 0.84364 -0.42743 -0.26572 0.83838 -0.47593 -0.16881 0.88323 -0.4375 -0.17461 0.87676 -0.44812 -0.05695 0.88929 -0.45378 -0.0536 0.89125 -0.45034 -0.69982 0.56874 -0.43219 -0.61304 0.67746 -0.40649 -0.53581 0.74859 -0.39054 -0.70546 0.58234 -0.404 -0.68077 0.62922 -0.375 -0.61074 0.67807 -0.40893 -0.5408 0.73768 -0.40417 -0.48914 0.79031 -0.369 -0.44829 0.80718 -0.38406 -0.41841 0.83949 -0.3467 -0.54071 -0.28398 -0.79183 -0.77861 0.33175 -0.53265 -0.77558 0.26983 -0.57067 -0.80678 0.05292 -0.58848 -0.45191 -0.33539 -0.82662 -0.33572 -0.39738 -0.85404 -0.13465 -0.54761 -0.82583 -0.13702 -0.55061 -0.82344 -0.34104 -0.49306 -0.80036 -0.32529 -0.51183 -0.79512 -0.48756 -0.43163 -0.75893 -0.55856 -0.29733 -0.77434 -0.77714 -0.08111 -0.62408 -0.85675 0.1381 -0.49691 -0.80783 0.05271 -0.58705 -0.85659 -0.01326 -0.51582 -0.75944 -0.21265 -0.61484 -0.61803 -0.19501 -0.76158 -0.69471 -0.29101 -0.65779 -0.70352 -0.29564 -0.64627 -0.64013 -0.13387 -0.75651 -0.81048 -0.16098 -0.56321 -0.7403 -0.13965 -0.65762 -0.83924 -0.13976 -0.5255 -0.67399 -0.39763 -0.6226 -0.61598 -0.39694 -0.68045 -0.60294 -0.44087 -0.6649 -0.51241 -0.46658 -0.72093 -0.14475 -0.00784 -0.98944 -0.35088 -0.01296 -0.93633 -0.37372 -0.12025 -0.91971 -0.46033 -0.13335 -0.87767 -0.64014 -0.13389 -0.7565 -0.86965 -0.07398 -0.4881 -0.3041 -0.16484 -0.93827 -0.38496 -0.16342 -0.90835 -0.72787 -0.04517 -0.68422 -0.70594 -0.0418 -0.70704 -0.6641 -0.06408 -0.74489 -0.4705 -0.07226 -0.87943 -0.19267 -0.03426 -0.98067 -0.16186 -0.20826 -0.96459 -0.09221 -0.09387 -0.99131 -0.19799 -0.14391 -0.96958 -0.30822 -0.19208 -0.93172 -0.54641 -0.20044 -0.81318 -0.75444 -0.25175 -0.60617 -0.16888 -0.3189 -0.93262 -0.09547 -0.42748 -0.89897 -0.10346 -0.34393 -0.93328 -0.05432 -0.20481 -0.97729 -0.05125 -0.10243 -0.99342 -0.01381 0.00763 -0.99988 -0.23151 -0.56369 -0.79287 -0.26307 -0.50256 -0.82355 -0.31174 -0.3416 -0.88664 -0.35784 -0.26343 -0.89586 -0.54515 -0.29244 -0.78568 -0.70764 -0.31745 -0.63125 -0.54018 0.25868 -0.8008 -0.56482 0.23134 -0.79213 -0.66604 0.35857 -0.65408 -0.44905 0.29165 -0.84457 -0.51138 0.12335 -0.85046 -0.45608 0.04186 -0.88895 -0.45362 -0.0097 -0.89114 -0.44857 0.0002 -0.89375 -0.42241 -0.02715 -0.906 -0.2279 -0.02442 -0.97338 -0.51337 0.42719 -0.74429 -0.43286 0.49854 -0.75106 -0.36885 0.53123 -0.76272 -0.26651 0.5653 -0.78065 -0.08853 0.65346 -0.75176 -0.03354 0.67082 -0.74086 -0.02721 0.75767 -0.65207 -0.02061 0.93917 -0.34283 -0.65374 0.03044 -0.75611 -0.61199 -0.58405 -0.53325 -0.43686 -0.17587 -0.88217 0.445 0.57778 -0.68422 -0.32168 0.20107 -0.92525 -0.57102 0.16427 -0.80434 0.14081 0.27341 -0.95154 -0.0457 -0.09477 -0.99445 -0.28451 0.00621 -0.95865 0.00333 -0.07279 -0.99734 -0.43821 0.11283 -0.89176 -0.59193 -0.27342 -0.7582 -0.171 0.37328 -0.91182 -0.15122 0.23129 -0.96106 -0.1607 0.35735 -0.92004 0.51666 0.15356 -0.84231 0.13175 0.00217 -0.99128 0.53366 0.34994 -0.7699 0.69586 0.63862 -0.32855 0.62712 0.66937 -0.39832 0.6202 0.70284 -0.34838 0.19108 0.90503 -0.38002 0.08841 0.93616 -0.34027 0.04862 0.92177 -0.38467 0.11497 0.62263 -0.77403 0.25071 0.55148 -0.79562 0.19377 0.62747 -0.75415 0.34289 0.55318 -0.75923 0.40718 0.46564 -0.78573 0.41091 0.53172 -0.74056 0.47682 0.40167 -0.78186 0.46022 0.41314 -0.78582 0.4649 0.42325 -0.77764 0.50165 0.36387 -0.78482 0.3997 0.00691 -0.91662 0.22573 -0.01551 -0.97407 0.21601 -0.03469 -0.97577 0.11106 0.00305 -0.99381 0.1041 -0.00995 -0.99452 0.10372 -0.02312 -0.99434 0.11203 -0.0457 -0.99265 0.00138 0.01018 -0.99995 0.10447 -0.54769 -0.83013 0.0784 -0.48616 -0.87035 0.08091 -0.60174 -0.79458 0.01579 -0.61076 -0.79166 0.32848 -0.56072 -0.76007 0.40608 -0.53672 -0.73962 0.40607 -0.53676 -0.73959 0.48551 -0.48594 -0.72673 0.50137 -0.50045 -0.70582 0.78686 -0.14737 -0.59928 0.83795 -0.12133 -0.5321 0.21483 -0.52882 -0.82109 0.19135 -0.56138 -0.80513 0.27715 -0.39263 -0.87694 0.38493 -0.35674 -0.85121 0.38554 -0.35882 -0.85007 0.34905 -0.41593 -0.83974 0.48688 -0.30673 -0.81784 0.48117 -0.28155 -0.83018 0.55128 -0.21676 -0.80567 0.56204 -0.24108 -0.7912 0.65357 -0.15193 -0.74146 0.59447 -0.15486 -0.78906 0.47275 -0.45296 -0.75586 0.5393 -0.36547 -0.75867 0.61849 -0.27739 -0.73521 0.71843 -0.21254 -0.66233 0.69008 -0.17327 -0.70269 0.58971 -0.48493 -0.64582 0.59269 -0.33741 -0.73135 0.61812 -0.42276 -0.66273 0.66379 -0.34646 -0.66283 0.66369 -0.34713 -0.66258 0.72745 -0.32535 -0.60413 0.74954 -0.22296 -0.62328 0.7551 -0.23936 -0.61036 0.8198 -0.144 -0.55424 0.63248 -0.04903 -0.77303 0.74987 -0.06253 -0.65863 0.77446 -0.01542 -0.63243 0.85991 0.03415 -0.5093 0.88645 0.06896 -0.45766 0.65787 0.25986 -0.70688 0.66932 0.36606 -0.64654 0.69773 0.36801 -0.61461 0.72476 0.40291 -0.55891 0.27758 0.65512 -0.70268 0.37689 0.61385 -0.69364 0.54282 0.47289 -0.69407 0.08212 0.77314 -0.6289 0.10563 0.76232 -0.63852 0.14414 0.77248 -0.61847 0.20571 0.73292 -0.64847 0.29592 0.73433 -0.61089 0.26247 0.71092 -0.65246 0.37327 0.71204 -0.5947 0.39977 0.63368 -0.66229 0.48149 0.63343 -0.60576 0.50548 0.55498 -0.66068 0.54282 0.53593 -0.64663 0.59313 0.543 -0.59444 0.03674 0.84785 -0.52897 0.18277 0.83712 -0.51559 0.30817 0.80361 -0.50916 0.2985 0.80092 -0.51906 0.40687 0.75738 -0.51072 0.39805 0.7561 -0.51949 0.47324 0.72592 -0.49909 0.5072 0.65664 -0.55819 0.57983 0.64318 -0.50012 0.61256 0.57587 -0.54143 0.8001 0.28929 -0.5255 0.76622 0.2706 -0.58283 0.78125 0.20132 -0.59087 0.80488 0.08531 -0.58728 0.81705 0.12649 -0.56252 0.87478 0.2006 -0.44105 0.8393 0.25238 -0.48154 0.86871 0.24286 -0.4317 0.05323 0.89013 -0.45258 0.04464 0.88656 -0.46045 0.16412 0.8726 -0.46004 0.67592 0.55855 -0.48079 0.19604 0.89872 -0.39227 0.30616 0.87282 -0.38007 0.32143 0.84363 -0.43008 0.41141 0.80509 -0.42729 0.5259 0.7481 -0.40469 0.6078 0.66227 -0.43816 0.61569 0.66077 -0.4293 0.68474 0.58253 -0.43794 0.30651 0.87297 -0.37944 0.40356 0.85382 -0.32883 0.44111 0.81116 -0.38398 0.4694 0.80186 -0.3697 0.5257 0.75542 -0.39112 0.5417 0.75502 -0.36948 0.71728 0.57176 -0.39824 0.71062 0.5637 -0.42103 0.77232 0.54719 -0.32265 0.44225 0.09297 -0.89206 0.40864 0.04202 -0.91173 0.44905 0.05359 -0.8919 0.54085 0.12414 -0.83191 0.64511 0.23142 -0.7282 0.53448 0.20811 -0.81916 0.55061 0.20326 -0.80964 0.50944 0.3625 -0.78042 0.52064 0.30825 -0.79619 0.62015 0.32526 -0.71387 0.54833 0.33092 -0.768 0.54441 0.33771 -0.76783 0.49855 0.24586 -0.83127 0.51057 0.44575 -0.73527 0.4008 0.50309 -0.76568 0.35547 0.56046 -0.74802 0.2449 0.62553 -0.74077 0.19055 0.62487 -0.75712 0.0846 0.66534 -0.74174 0.03634 0.63754 -0.76956 0.37171 -0.02987 -0.92787 0.2726 -0.01063 -0.96207 0.22601 -0.04014 -0.9733 0.02561 -0.0137 -0.99958 0.0258 -0.06149 -0.99777 0.06323 -0.24411 -0.96768 0.103 -0.31305 -0.94414 0.13625 -0.57052 -0.8099 0.28452 -0.52814 -0.80007 0.22753 -0.32477 -0.91802 0.2542 -0.54561 -0.79856 0.15426 -0.33077 -0.93102 0.17237 -0.29701 -0.93919 0.78194 0.07264 -0.61911 0.76163 0.03105 -0.64727 0.6146 -0.03659 -0.78799 0.38691 -0.1073 -0.91585 0.61454 0.10657 -0.78166 0.67876 0.13774 -0.72132 0.79959 0.39987 -0.44805 0.81816 0.43688 -0.37384 0.68943 0.18667 -0.69989 0.75012 0.27783 -0.60011 0.77823 0.38169 -0.49866 0.80286 0.39898 -0.44298 0.86007 0.1282 -0.4938 0.23001 -0.16859 -0.95848 0.76252 -0.09179 -0.64042 0.84343 -0.04274 -0.53554 0.8639 -0.02269 -0.50315 0.07116 -0.01518 -0.99735 0.22805 -0.16469 -0.95962 0.31028 -0.14311 -0.93981 0.28512 -0.08747 -0.95449 0.3858 -0.03399 -0.92195 0.41437 -0.03359 -0.90949 0.42419 -0.02596 -0.9052 0.60081 0.01629 -0.79923 0.64054 0.05784 -0.76575 0.78942 0.19445 -0.58224 0.85635 0.32219 -0.40357 0.01788 0.85591 -0.51682 -0.78112 0.56634 -0.26291 -0.67886 0.44031 -0.5876 0.60426 0.50198 -0.61878 0.01759 -0.59215 -0.80564 -0.0334 -0.18582 -0.98202 -0.03942 0.56148 -0.82655 0.02682 0.08971 -0.99561 -0.03897 0.38385 -0.92257 0.04955 0.16933 -0.98431 0.01454 -0.04324 -0.99896 0.03509 0.34516 -0.93789 -0.01551 0.25732 -0.9662 -0.02121 0.21272 -0.97688 -0.00963 0.09359 -0.99556 -0.00299 0.07704 -0.99702 -0.04303 0.37199 -0.92724 0.00044 0.28476 -0.9586 0.02755 0.26251 -0.96454 0.04799 0.25312 -0.96624 0.01679 0.2606 -0.9653 0.01213 0.2574 -0.96623 0.00609 0.24695 -0.96901 0.01572 0.23542 -0.97177 0.02122 0.24104 -0.97028 0.0241 0.19912 -0.97968 0.01589 0.1439 -0.98946 0.00581 0.13919 -0.99025 0.00963 0.12047 -0.99267 0.00663 0.12147 -0.99257 0.00773 0.10754 -0.99417 0.00568 0.0945 -0.99551 0.00627 0.09434 -0.99552 0.00574 0.0942 -0.99554 -0.01421 -0.03061 -0.99943 0.00128 0.08075 -0.99673 0.00603 0.08868 -0.99604 -0.00157 0.08825 -0.9961 -0.00687 0.08257 -0.99656 -0.00625 0.09518 -0.99544 -0.00943 0.10649 -0.99427 -0.0105 0.10683 -0.99422 -0.07629 0.2123 -0.97422 -0.01032 0.11721 -0.99305 -0.0042 0.11619 -0.99322 -0.01414 0.12507 -0.99205 -0.01977 0.14201 -0.98967 -0.01529 0.14885 -0.98874 -0.01958 0.15798 -0.98725 -0.02088 0.17986 -0.98347 -0.01566 0.17129 -0.9851 -0.01889 0.19673 -0.98028 -0.02115 0.19674 -0.98023 -0.02139 0.21727 -0.97588 -0.01551 0.25727 -0.96622 -0.01667 0.26471 -0.96418 0.02048 0.31098 -0.9502 0.04696 0.37328 -0.92653 0.02814 0.35879 -0.93299 0.04108 0.42191 -0.90571 0.03901 0.4935 -0.86887 0.00306 0.078 -0.99695 -0.00317 0.06861 -0.99764 -0.00093 0.079 -0.99687 0.00621 0.1071 -0.99423 0.00686 0.10072 -0.99489 0.01058 0.13239 -0.99114 0.01693 0.16533 -0.98609 0.00958 0.15127 -0.98845 0.00801 0.17769 -0.98405 0.01089 0.18106 -0.98341 0.01722 0.17866 -0.98376 0.01104 0.16646 -0.98599 0.03007 0.21542 -0.97606 0.01077 0.19841 -0.98006 0.01743 0.21516 -0.97642 0.01132 0.21164 -0.97728 0.02309 0.23179 -0.97249 0.01035 0.22571 -0.97414 0.0176 0.25825 -0.96592 0.01188 0.27082 -0.96256 -0.05435 0.2874 -0.95627 -0.38122 0.35915 -0.85187 0.00929 0.26989 -0.96285 0.04637 0.21894 -0.97464 0.03746 0.15389 -0.98738 0.03956 0.06402 -0.99716 -0.07385 0.06085 -0.99541 -0.05796 0.2233 -0.97302 -0.00219 0.28843 -0.9575 -0.0059 0.27894 -0.96029 -0.00689 0.27908 -0.96024 -0.00771 0.2775 -0.9607 -0.01006 0.27823 -0.96046 -0.01333 0.27073 -0.96256 -0.01147 0.26863 -0.96317 -0.01013 0.27059 -0.96264 -0.00667 0.26506 -0.96421 -0.01592 0.25733 -0.96619 -0.02176 0.239 -0.97078 0.01187 0.25039 -0.96807 -0.02896 0.21181 -0.97688 -0.03055 0.22257 -0.97444 -0.02499 0.23356 -0.97202 -0.02121 0.23215 -0.97245 -0.01548 0.16244 -0.9866 -0.03004 0.16762 -0.98539 -0.01083 0.17695 -0.98416 -0.00567 0.28503 -0.9585 0.02822 0.27485 -0.96107 0.00419 0.28598 -0.95823 -0.00061 0.29421 -0.95574 0.07518 0.21805 -0.97304 -0.02879 0.30923 -0.95055 -0.03253 0.33988 -0.93991 0.04698 0.23223 -0.97153 0.05138 0.22208 -0.97367 -0.0403 0.34588 -0.93741 0.04412 0.2213 -0.97421 -0.03706 0.35504 -0.93411 0.04689 0.1975 -0.97918 -0.03937 0.37185 -0.92746 -0.03972 0.38444 -0.9223 0.04609 0.19769 -0.97918 -0.04305 0.41819 -0.90734 0.04464 0.17568 -0.98343 0.03768 0.15372 -0.9874 -0.03624 0.41628 -0.90851 -0.03323 0.4304 -0.90203 -0.03739 0.43788 -0.89826 -0.02093 0.36041 -0.93256 0.04004 -0.02502 -0.99888 0.03144 0.02145 -0.99928 0.04751 -0.17342 -0.9837 0.00313 0.09505 -0.99547 0.00963 -0.04354 -0.99901 0.0042 0.24883 -0.96854 -0.00608 0.64162 -0.767 0.02764 0.298 -0.95416 0.01468 0.19668 -0.98036 0.01385 0.5105 -0.85977 0.02059 0.47941 -0.87735 0.02779 0.50259 -0.86408 -0.02857 0.13115 -0.99095 -0.04615 0.20589 -0.97749 -0.02326 0.10715 -0.99397 0.03265 0.37425 -0.92675 -0.10838 -0.02825 -0.99371 0.03597 0.3455 -0.93773 -0.05329 0.2112 -0.97599 -0.05339 0.21099 -0.97603 -0.00466 0.2888 -0.95738 -0.01268 0.26452 -0.9643 0.00486 0.16563 -0.98618 0.04255 -0.02184 -0.99886 0.08697 -0.23514 -0.96806 0.05459 -0.40454 -0.91289 0.04248 0.11388 -0.99259 0.18038 0.19502 -0.96407 -0.24718 0.3149 -0.91637 -0.26873 0.22088 -0.93755 0.90231 0.21456 -0.37389 0.90609 0.2094 -0.36762 0.91734 0.12683 -0.37737 0.92155 0.11865 -0.36969 0.92142 0.02702 -0.38763 0.91658 0.03968 -0.39788 0.83633 -0.27484 -0.47436 0.65802 -0.52893 -0.53595 0.6984 -0.47078 -0.53907 0.72181 -0.47444 -0.50388 0.75338 -0.38512 -0.53301 0.45541 -0.62824 -0.6308 0.39566 -0.6979 -0.59698 0.2108 -0.76253 -0.61164 0.23844 -0.70839 -0.66433 0.30692 -0.70356 -0.64093 0.31055 -0.70804 -0.63422 0.39992 -0.67953 -0.61506 0.16168 -0.7496 -0.64184 0.1178 -0.78319 -0.61052 0.06921 -0.73259 -0.67714 0.99802 -0.05443 -0.03153 0.05352 0.99337 -0.10173 0.11729 0.98729 -0.1072 0.12429 0.98687 -0.10315 0.21216 0.96976 -0.12062 0.26029 0.96095 -0.09392 0.29665 0.94777 -0.11716 0.66544 0.72999 -0.15591 0.67659 0.71478 -0.17694 0.76262 0.61997 -0.1845 0.77413 0.60921 -0.17201 0.80154 0.56028 -0.20887 0.82777 0.52698 -0.19261 0.84572 0.48437 -0.22392 0.86892 0.4495 -0.2072 0.88232 0.40524 -0.23937 0.90664 0.36107 -0.21824 0.90983 0.31438 -0.27088 0.94104 0.24721 -0.23092 0.94049 0.19584 -0.27771 0.95443 0.15529 -0.25484 0.95044 0.10979 -0.29087 0.95618 -0.02159 -0.29197 0.94272 -0.12239 -0.31033 0.9313 -0.13163 -0.33964 0.92663 -0.21551 -0.30809 0.90641 -0.23712 -0.34956 0.8597 -0.35726 -0.36508 0.83252 -0.45334 -0.31841 0.74182 -0.58975 -0.31922 0.72023 -0.6245 -0.30211 0.68071 -0.64559 -0.34619 0.17222 -0.9382 -0.30019 0.1613 -0.93841 -0.30557 0.00783 -0.97332 -0.22931 0.01117 0.99924 -0.03722 0.38556 0.92061 -0.06182 0.53776 0.84165 -0.04941 0.60117 0.79564 -0.07454 0.70441 0.70704 -0.06245 0.78606 0.61513 -0.06104 0.79141 0.6037 -0.09598 0.8541 0.51204 -0.09131 0.86323 0.49905 -0.07606 0.89223 0.43471 -0.12228 0.91934 0.38419 -0.0849 0.92954 0.34339 -0.13431 0.95922 0.27051 -0.08196 0.95859 0.23121 -0.16627 0.98778 0.11374 -0.10656 0.98717 0.11606 -0.10968 0.98892 0.03039 -0.14528 0.98059 -0.1464 -0.13039 0.97065 -0.17271 -0.16735 0.96302 -0.24036 -0.12172 0.94955 -0.2678 -0.16321 0.93644 -0.32838 -0.12347 0.9083 -0.37371 -0.18795 0.89434 -0.43093 -0.12024 0.8376 -0.51561 -0.1805 0.8419 -0.50128 -0.1998 0.79775 -0.58018 -0.16425 0.62433 -0.76958 -0.134 0.57236 -0.80176 -0.17203 0.28641 -0.94892 -0.13234 0.06264 -0.99723 -0.04022 0.02642 -0.99794 -0.05848 0.26049 0.96158 -0.08665 0.42555 0.9013 -0.08103 0.44009 0.89498 -0.07295 0.49309 0.86567 -0.08651 0.60256 0.79418 -0.07873 0.6674 0.73478 -0.12113 0.97476 0.03063 -0.22116 0.96855 -0.01947 -0.24807 0.9782 -0.04919 -0.20174 0.89917 -0.34366 -0.2709 0.55433 -0.79861 -0.23439 0.54526 -0.80267 -0.24171 0.50686 -0.84235 -0.18313 0.43495 -0.87017 -0.23158 0.39257 -0.90796 -0.14665 0.33378 -0.91676 -0.2194 0.20189 -0.96153 -0.18629 0.04057 0.97307 -0.22689 0.11386 0.97526 -0.18949 0.20202 0.94986 -0.23865 0.20102 0.94993 -0.23921 0.26157 0.9345 -0.24143 0.6794 0.68248 -0.26953 0.70301 0.65336 -0.28087 0.71826 0.63968 -0.27372 0.75127 0.58569 -0.30424 0.774 0.56341 -0.28894 0.79924 0.50821 -0.32086 0.81711 0.49033 -0.30317 0.8522 0.40872 -0.32667 0.84549 0.41568 -0.3352 0.88735 0.31815 -0.33374 0.87884 0.32758 -0.34688 0.02772 0.96193 -0.27187 0.03462 0.964 -0.26363 0.11423 0.943 -0.31257 0.19485 0.94793 -0.25193 0.28412 0.92023 -0.26918 0.3661 0.88804 -0.27811 0.37335 0.88126 -0.28983 0.4476 0.8506 -0.27593 0.46497 0.83255 -0.30109 0.52638 0.80628 -0.26987 0.56155 0.76654 -0.31157 0.5986 0.75043 -0.28023 0.63735 0.70964 -0.30031 0.6113 -0.51316 -0.60248 0.58448 -0.61054 -0.53443 0.54971 -0.6121 -0.56847 0.51923 -0.65081 -0.55393 0.89299 -0.04559 -0.44775 0.91356 -0.14944 -0.37825 0.89148 -0.09992 -0.4419 0.87525 -0.20849 -0.43644 0.87437 -0.2044 -0.44011 0.83629 -0.31881 -0.44606 0.8008 -0.34646 -0.48856 0.7875 -0.38874 -0.47824 0.31028 -0.8265 -0.46972 0.24824 -0.83716 -0.48739 0.10073 -0.87242 -0.47826 -0.00085 0.98666 -0.16277 0.31847 0.93324 -0.16624 0.38243 0.90586 -0.18212 0.39804 0.90071 -0.17402 0.46411 0.86362 -0.19687 0.49324 0.85111 -0.1798 0.54352 0.81568 -0.19812 0.5552 0.80914 -0.19249 0.60197 0.76985 -0.21203 0.79995 -0.44243 -0.40539 0.75062 -0.50765 -0.42292 0.66411 -0.63606 -0.39292 0.62821 -0.6473 -0.43168 0.50914 -0.75901 -0.40582 0.42639 -0.79708 -0.42761 0.42734 -0.79512 -0.4303 0.33546 -0.8448 -0.41687 0.11934 -0.91562 -0.38393 -0.01379 -0.75448 -0.65618 -0.09312 -0.72069 -0.68698 -0.28881 -0.7197 -0.63136 -0.21769 -0.76109 -0.61102 -0.17914 -0.7328 -0.65644 -0.12461 -0.76027 -0.63754 -0.28908 -0.71888 -0.63218 -0.36455 -0.69758 -0.61683 -0.37563 -0.65733 -0.65332 -0.47591 -0.65595 -0.58587 -0.78787 -0.34766 -0.50833 -0.92111 0.0685 -0.38323 -0.91196 0.17403 -0.37155 -0.88797 0.28156 -0.36364 -0.89987 0.2661 -0.34557 -0.91699 0.17921 -0.35638 -0.55936 0.76416 -0.32121 -0.47143 0.83516 -0.2833 -0.40592 0.8659 -0.2923 -0.37462 0.89418 -0.24516 -0.02477 -0.95206 -0.30492 -0.11641 -0.95592 -0.26957 -0.26158 -0.9169 -0.30143 -0.31539 -0.89411 -0.31796 -0.45197 -0.85141 -0.26613 -0.52022 -0.78883 -0.32729 -0.82394 -0.43768 -0.35995 -0.87409 -0.35706 -0.32937 -0.8917 -0.30426 -0.33512 -0.92677 -0.17553 -0.3321 -0.95461 -0.11308 -0.27557 -0.94493 -0.02823 -0.32606 -0.95597 -0.01337 -0.29315 -0.95489 0.04807 -0.29303 -0.94632 0.1563 -0.28292 -0.93391 0.27847 -0.22419 -0.88837 0.37338 -0.26717 -0.89053 0.39212 -0.23064 -0.85944 0.46961 -0.20208 -0.83268 0.5044 -0.22853 -0.77169 0.61051 -0.17824 -0.73043 0.6563 -0.18906 -0.25106 0.96027 -0.12187 -0.18606 0.97656 -0.10826 -0.57018 -0.81472 -0.10545 -0.87708 -0.45903 -0.14148 -0.88708 -0.43193 -0.16284 -0.91583 -0.38122 -0.12619 -0.9634 -0.23476 -0.12942 -0.97478 -0.15127 -0.1641 -0.98215 -0.13548 -0.13051 -0.98384 -0.0533 -0.17092 -0.99215 -0.02659 -0.12217 -0.98852 0.02421 -0.14913 -0.98275 0.14126 -0.1194 -0.95774 0.2311 -0.17126 -0.93539 0.33919 -0.09997 -0.92114 0.3703 -0.11993 -0.90444 0.4176 -0.08719 -0.88366 0.45452 -0.11208 -0.8629 0.49931 -0.07809 -0.82537 0.55274 -0.1151 -0.76661 0.63827 -0.0702 -0.71273 0.69504 -0.09455 -0.35844 -0.91845 -0.16727 -0.44905 -0.85726 -0.25189 -0.64174 -0.7211 -0.26112 -0.69084 -0.6994 -0.18325 -0.71792 -0.64966 -0.25006 -0.7681 -0.59577 -0.23469 -0.78031 -0.56736 -0.26308 -0.82035 -0.52554 -0.22544 -0.8306 -0.50029 -0.24456 -0.9255 -0.28643 -0.24782 -0.93714 -0.24108 -0.25228 -0.97074 0.07885 -0.22682 -0.96751 0.10282 -0.231 -0.95186 0.24141 -0.18891 -0.93992 0.26947 -0.20962 -0.81396 0.56413 -0.13865 -0.78711 0.59717 -0.15442 -0.70037 0.70426 -0.11618 -0.67526 0.72671 -0.12614 -0.63531 0.76647 -0.09434 -0.5924 0.79793 -0.11126 -0.55693 0.82552 -0.09135 -0.53073 0.84127 -0.10287 -0.46752 0.88072 -0.07583 -0.43323 0.8959 -0.0984 -0.36363 0.92775 -0.08397 -0.35738 0.93084 -0.07621 -0.29745 0.95157 -0.07774 -0.16453 0.98414 -0.06629 -0.10867 0.99276 -0.05114 -0.07893 0.99457 -0.06786 -0.00673 -0.76931 -0.63884 -0.47636 -0.6565 -0.58488 -0.5511 -0.60415 -0.57558 -0.57661 -0.61767 -0.5348 -0.62385 -0.51094 -0.5914 -0.6942 -0.51695 -0.50085 -0.69158 -0.48168 -0.53824 -0.7366 -0.39332 -0.5502 -0.01085 -0.84978 -0.52702 -0.02298 -0.86608 -0.49938 -0.11045 -0.85403 -0.50837 -0.41586 -0.78414 -0.46064 -0.48076 -0.70249 -0.52477 -0.77573 -0.40505 -0.48391 -0.82983 -0.31798 -0.45856 -0.83054 -0.276 -0.48376 -0.86276 -0.2488 -0.44015 -0.87 -0.17465 -0.46108 -0.90164 -0.15362 -0.40427 -0.88762 -0.07873 -0.4538 -0.90992 -0.02344 -0.41413 -0.92785 -0.01446 -0.37268 -0.90105 0.10526 -0.42076 -0.31323 0.90047 -0.30171 -0.24134 0.92695 -0.28726 -0.21629 0.94466 -0.24664 -0.14377 0.94525 -0.29296 -0.08795 0.95898 -0.26948 -0.06198 0.95552 -0.28835 -0.21694 0.94548 -0.24289 -0.37549 0.89607 -0.23676 -0.50757 0.82623 -0.24438 -0.53643 0.80592 -0.25047 -0.64212 0.72128 -0.25969 -0.6583 0.701 -0.27431 -0.69012 0.67183 -0.26903 -0.70318 0.64904 -0.29032 -0.75422 0.59133 -0.28545 -0.75673 0.58548 -0.29082 -0.80469 0.518 -0.29008 -0.80476 0.5189 -0.28829 -0.82871 0.43736 -0.34922 -0.87665 0.37831 -0.29725 -0.86817 0.34748 -0.35433 -0.15494 -0.91262 -0.3783 -0.20689 -0.89899 -0.38602 -0.34078 -0.84827 -0.40535 -0.41204 -0.80178 -0.43286 -0.5283 -0.75228 -0.39368 -0.59634 -0.66946 -0.44294 -0.62694 -0.67884 -0.38226 -0.70026 -0.58483 -0.40941 -0.70426 -0.534 -0.46783 -0.76219 -0.51382 -0.39377 -0.78756 -0.43511 -0.43638 -0.85077 -0.36223 -0.38076 -0.63317 0.74306 -0.2167 -0.59244 0.77945 -0.20364 -0.489 0.85041 -0.19412 -0.44181 0.87832 -0.18261 -0.32695 0.92801 -0.1786 -0.27141 0.94602 -0.17713 -0.15157 0.97534 -0.1604 -0.08712 0.98098 -0.17344 -0.06022 0.98608 -0.15501 0.99901 -0.04418 0.00439 0.08791 -0.99613 -0.00213 0.18868 -0.98204 -0.00238 0.1734 -0.98467 0.01894 0.28018 -0.95978 -0.01817 0.70114 -0.71279 -0.01825 0.65594 -0.75481 -0.00285 0.97688 -0.21212 0.02662 0.7009 -0.71303 -0.01805 0.62841 -0.77749 -0.0246 0.58018 -0.81448 0.00229 0.52558 -0.85049 -0.02071 0.53947 -0.84182 0.01765 0.48044 -0.87671 -0.02359 0.41234 -0.91095 0.01201 0.38275 -0.92357 -0.02264 0.30883 -0.95093 0.01904 0.90379 -0.42622 0.03861 0.93996 -0.33974 0.0325 0.9608 -0.27632 0.02276 0.98889 -0.14727 0.01998 0.76989 -0.63817 -0.00262 0.92891 -0.36964 0.02237 0.95826 -0.28466 0.02664 0.98322 -0.18167 0.01643 0.99775 -0.06701 -0.00303 0.76395 -0.64527 0.00245 0.82654 -0.56283 0.00693 0.82725 -0.5618 0.00636 0.86071 -0.50876 0.0183 0.88006 -0.47482 0.0065 -0.98156 -0.16651 -0.09394 -0.22519 -0.97428 -0.0078 -0.21534 -0.97654 0.00213 -0.12285 -0.99192 -0.03167 -0.01241 -0.9998 -0.0157 -0.08516 -0.99633 0.00848 -0.99218 -0.12412 -0.01285 -0.99655 -0.0809 0.01829 -0.32541 -0.94557 0.00245 -0.33678 -0.94151 -0.0115 -0.44923 -0.89339 -0.00619 -0.45121 -0.89241 -0.00306 -0.5429 -0.83945 -0.02428 -0.55868 -0.82836 -0.04112 -0.62299 -0.78223 -0.00132 -0.67612 -0.73616 -0.03046 -0.97312 -0.2282 0.03092 -0.98405 -0.17753 0.0116 -0.86311 -0.5042 0.02855 -0.90065 -0.43343 0.03105 -0.92871 -0.36975 0.02808 -0.94989 -0.31176 0.02284 -0.75495 -0.65576 -0.00525 -0.76517 -0.6438 0.00638 -0.91506 -0.40296 0.0169 -0.69453 -0.71946 -0.00338 -0.80259 -0.59653 -0.00251 -0.82013 -0.572 0.01385 -0.85141 -0.52446 0.00634 -0.9558 -0.29362 0.01524 -0.99949 -0.03134 0.00597 0.06584 0.99783 0.00087 0.1334 0.99106 -0.00136 0.14206 0.98985 -0.00299 0.21691 0.97619 -0.00043 0.21962 0.97559 0.00015 0.30815 0.95134 5E-05 0.31277 0.94983 -0.00074 0.44482 0.89562 0.00031 0.44846 0.8938 -0.00031 0.37071 0.92875 -0.00097 0.3711 0.92859 -0.00103 0.4935 0.86974 0.00261 0.53504 0.84482 -0.00391 0.66205 0.74942 -0.00766 0.57969 0.81483 0.00369 0.70666 0.70754 -0.00409 0.67925 0.73389 0.00422 0.63104 0.77574 0.00413 0.93115 0.36458 -0.0058 0.76088 0.64888 0.00437 0.81427 0.58039 -0.01072 0.79881 0.60158 0.00268 0.8683 0.49603 -0.0001 0.88274 0.46982 -0.00669 0.87707 0.48036 -0.00117 0.91908 0.39408 0.0016 0.96977 0.24402 0.00051 0.97379 0.22724 -0.0099 0.95103 0.30909 0.0037 0.99195 0.1266 0.00277 0.99688 0.07847 -0.00899 0.9961 0.08826 -0.00146 0.01997 0.99979 -0.00444 -0.02634 0.99965 0.00318 -0.10546 0.99442 -0.00061 -0.11128 0.99379 0.00044 -0.3486 0.93727 -0.00059 -0.26777 0.96348 -0.00039 -0.26741 0.96358 -0.00033 -0.21172 0.97733 -0.00281 -0.1807 0.98354 0.00177 -0.36404 0.93138 -0.00327 -0.57188 0.82033 -0.00194 -0.49406 0.86942 0.00151 -0.47479 0.88009 -0.00243 -0.41426 0.91016 0.00214 -0.57076 0.82112 -0.00165 -0.61681 0.78711 0.0022 -0.65596 0.75479 -0.00379 -0.69065 0.72319 0.00134 -0.74751 0.66418 -0.00949 -0.70998 0.70416 0.00915 -0.7929 0.60935 -0.00042 -0.79772 0.60301 -0.00315 -0.82249 0.56878 -0.00228 -0.8448 0.53506 0.00419 -0.89205 0.45189 -0.00695 -0.87813 0.47837 0.00696 -0.91807 0.39626 0.01072 -0.93028 0.3668 -0.00628 -0.96545 0.26037 -0.01058 -0.958 0.28676 0.00104 -0.97614 0.21712 0.00094 -0.97729 0.21191 -0.00058 -0.99271 0.12033 0.00615 -0.99629 0.08591 -0.00537 -0.99972 0.02381 0.00134 -0.99932 0.03659 0.00431 0.67979 -0.3472 0.64602 0.59826 -0.60522 0.52516 0.88346 -0.45535 0.11022 0.8006 -0.47268 0.36826 0.28284 -0.50226 0.81715 0.58826 -0.54979 0.59302 0.56949 -0.50581 0.64795 0.25967 -0.56714 0.78161 0.31411 -0.64366 0.69788 -0.75243 -0.39123 0.52989 -0.78546 -0.52713 0.32433 -0.73871 -0.51629 0.4333 -0.36296 -0.52119 0.77241 -0.35494 -0.52039 0.77667 -0.48743 -0.45525 0.74509 -0.10722 -0.53698 0.83675 -0.34157 -0.57338 0.74469 -0.22386 -0.68084 0.69738 0.24414 0.73942 0.62742 -0.88761 0.10442 0.4486 0.74608 -0.27509 0.60637 0.62346 -0.1922 0.75787 0.82941 0.06797 0.55449 0.77713 0.24356 0.5803 0.57454 0.06895 0.81557 0.66292 0.18024 0.72667 0.63418 0.25029 0.73155 0.44414 0.11326 0.88877 0.59103 0.50954 0.62534 0.47617 0.37912 0.79343 0.35278 0.46573 0.81157 0.31351 0.5912 0.7431 0.24884 0.41892 0.87326 0.13708 0.63177 0.76294 0.05792 0.4466 0.89286 -0.02645 0.76795 0.63996 -0.12246 0.63715 0.76095 -0.16075 0.44657 0.88019 -0.25933 0.51646 0.8161 -0.61674 0.2597 0.74309 0.55467 -0.30901 0.77257 0.86854 -0.06231 0.49169 0.58122 -0.21726 0.78421 0.6653 -0.06932 0.74335 0.53844 -0.09657 0.83711 0.38629 0.36635 0.8465 0.30885 0.34805 0.88514 0.14468 0.32851 0.93335 0.05886 0.3903 0.9188 -0.05341 0.30196 0.95182 -0.16112 0.45295 0.87686 -0.24692 0.41551 0.87544 -0.32475 0.41464 0.85006 -0.30958 0.33027 0.89167 -0.40925 0.51002 0.75656 -0.33692 0.16223 0.92745 -0.49392 0.49841 0.71248 -0.48097 0.28197 0.83016 -0.54439 0.24829 0.80124 -0.51196 0.07184 0.856 -0.71284 0.29102 0.6381 -0.58881 0.04294 0.80713 -0.65602 0.00949 0.75469 -0.68683 -0.02842 0.72627 -0.68234 -0.15467 0.71449 0.2146 -0.4318 0.87607 0.1983 -0.36509 0.90961 0.22559 -0.09034 0.97002 -0.27343 -0.13068 0.95297 -0.24801 -0.30644 0.91901 -0.39834 -0.27441 0.87523 0.01597 -0.44613 0.89483 0.03687 -0.43711 0.89865 -0.00159 -0.47327 0.88091 0.02203 -0.44781 0.89386 0.04127 -0.41922 0.90695 0.01214 -0.49255 0.8702 -0.05431 -0.47609 0.87772 0.02434 -0.44741 0.894 -0.0228 -0.45244 0.8915 -0.03055 -0.4563 0.8893 -0.01568 -0.45869 0.88846 -0.00986 -0.43421 0.90076 -0.00762 -0.43852 0.89869 0.01858 -0.43698 0.89928 0.01504 -0.43884 0.89844 0.01556 -0.43303 0.90125 0.01098 -0.4287 0.90338 0.00393 -0.43442 0.9007 0.00548 -0.44869 0.89367 0.00049 -0.44644 0.89481 0.00125 -0.44466 0.8957 0.00074 -0.44437 0.89584 0.00431 -0.43283 0.90146 0.00822 -0.47808 0.87828 0.00944 -0.4799 0.87727 0.00623 -0.47741 0.87866 -0.01683 -0.44719 0.89428 -0.00997 -0.43583 0.89997 0.01128 -0.47826 0.87814 0.00799 -0.48008 0.87719 0.00423 -0.47287 0.88112 -0.01138 -0.45459 0.89063 -0.02992 -0.44499 0.89503 -0.0223 -0.44319 0.89615 0.02635 -0.47476 0.87972 0.00877 -0.47221 0.88144 -0.01477 -0.44093 0.89742 -0.01681 -0.43669 0.89945 -0.01058 -0.44397 0.89598 0.00813 -0.4694 0.88295 0.00352 -0.47335 0.88086 0.02916 -0.49308 0.8695 -0.00365 -0.47554 0.87969 0.00017 -0.48775 0.87298 -0.00724 -0.49458 0.8691 -0.01571 -0.48806 0.87267 -0.00923 -0.48174 0.87626 -0.00765 -0.48189 0.8762 -0.00726 -0.47741 0.87865 -0.01143 -0.47883 0.87783 -0.03268 -0.46124 0.88667 -0.04173 -0.45551 0.88925 -0.04859 -0.45943 0.88688 -0.04678 -0.46166 0.88582 -0.03994 -0.46068 0.88667 -0.03781 -0.45906 0.8876 -0.02702 -0.46722 0.88373 0.01905 -0.45956 0.88794 0.00638 -0.46261 0.88654 0.01679 -0.4554 0.89013 0.02407 -0.45938 0.88791 0.02042 -0.46145 0.88693 0.02081 -0.46331 0.88595 0.02699 -0.46166 0.88665 0.02443 -0.47387 0.88025 0.00528 -0.47912 0.87773 0.00301 -0.47767 0.87854 -0.01872 -0.47807 0.87812 -0.00507 -0.46531 0.88513 -0.03509 -0.48572 0.87341 -0.03133 -0.47877 0.87738 -0.02493 -0.48375 0.87485 -0.02722 -0.47068 0.88188 -0.02408 -0.47065 0.88199 0.01902 -0.46716 0.88397 0.01848 -0.46813 0.88347 -0.0214 -0.4784 0.87788 -0.01065 -0.47655 0.87908 0.01157 -0.47266 0.88117 -0.0251 -0.46913 0.88277 -0.02918 -0.46833 0.88307 0.01962 -0.47581 0.87933 0.01722 -0.47642 0.87905 0.03044 -0.46594 0.88429 0.0177 -0.46864 0.88321 0.02008 -0.46719 0.88393 0.01112 -0.46732 0.88402 0.01184 -0.46968 0.88276 0.00922 -0.46985 0.8827 -0.05484 0.62574 0.7781 -0.12487 0.51534 0.84784 -0.21684 0.67889 0.70149 -0.17571 0.52837 0.83063 -0.30207 0.64595 0.70107 -0.31487 0.40756 0.85718 -0.38124 0.52737 0.7593 -0.40292 0.4647 0.78848 -0.44281 0.52648 0.72577 -0.44345 0.36186 0.82001 -0.54176 0.43261 0.72066 -0.69769 0.54528 0.46465 -0.64248 0.24007 0.72773 -0.69433 0.30814 0.65035 -0.67586 0.19422 0.71098 -0.63838 0.15747 0.75344 -0.65091 0.05742 0.75698 -0.80589 0.21626 0.55115 -0.74695 -0.00574 0.66486 -0.70942 -0.12849 0.69298 -0.88187 -0.01747 0.47116 -0.77353 -0.10952 0.62422 -0.72701 -0.23367 0.64565 -0.88235 -0.13042 0.45217 -0.07916 0.74596 0.66127 -0.56536 0.58474 0.58176 -0.60758 0.4015 0.68531 -0.68719 -0.32708 0.64868 -0.82869 0.06161 0.5563 -0.76993 0.11388 0.62788 -0.89239 0.22954 0.38852 -0.09486 0.75927 -0.64383 -0.28211 0.85485 -0.43548 -0.39729 0.79387 -0.46037 -0.20159 0.54025 -0.817 -0.77477 0.53982 0.32913 -0.86313 0.17313 0.47437 -0.8648 -0.14918 0.47945 -0.06254 0.16884 0.98366 -0.24899 0.47844 0.84208 -0.50137 0.18044 0.84621 0.08819 0.03714 0.99541 0.02542 0.28273 0.95886 0.00963 0.17163 0.98511 0.1752 0.28609 0.94205 0.03544 0.74648 0.66446 0.37244 0.92805 -0.00422 0.09375 0.5708 0.81572 0.02473 0.84055 0.54117 0.22429 0.69646 0.68164 0.17973 0.55986 0.80886 0.29199 0.76114 -0.57914 0.34268 0.51463 0.78595 0.24745 0.43098 0.86777 0.14069 0.83472 0.53241 0.4477 0.32595 0.83266 0.40027 0.55826 0.72673 0.34463 0.45974 0.81846 0.24696 0.63907 -0.72842 0.39401 0.24948 0.8846 0.54893 0.41598 0.72501 0.49437 0.59738 0.63146 0.52735 0.33002 0.78293 0.42142 -0.16342 0.89202 0.59549 0.28355 0.75166 0.47114 0.56053 0.68106 0.62444 0.37317 0.68616 0.53203 -0.19871 0.82308 0.74171 0.18676 0.6442 0.67236 0.11466 0.73129 0.62894 0.1467 0.76349 0.7941 0.13875 0.59174 0.67108 0.04278 0.74015 0.79995 0.04765 0.59817 0.7147 -0.01107 0.69934 0.65968 0.41466 -0.6268 0.73194 -0.24338 0.63642 0.66638 -0.34392 0.66156 0.84825 -0.17952 0.49823 0.86589 -0.0675 0.49565 0.63543 -0.26329 0.72588 0.74014 -0.11866 0.6619 0.72331 -0.0777 0.68613 0.78328 -0.07153 0.61754 0.62157 0.24759 0.74321 0.69097 0.32137 0.64752 0.21079 -0.35974 0.90893 -0.83317 -0.28283 0.47522 -0.77656 -0.32402 0.54034 -0.56981 -0.79081 0.22349 -0.09177 -0.06635 -0.99357 -0.62106 -0.64525 0.4449 -0.73496 -0.56467 0.37548 -0.68304 -0.41031 0.60423 -0.6692 -0.49403 0.55507 -0.84716 -0.37889 0.37251 -0.83394 -0.38567 0.39472 -0.59647 -0.57421 0.56081 -0.53616 -0.70406 0.46565 -0.57029 -0.65178 0.49995 -0.59734 -0.71406 0.36511 -0.80143 -0.48213 0.35391 -0.77646 -0.49603 0.38867 -0.04897 -0.84647 0.53018 -0.30788 -0.9491 -0.06643 -0.17144 -0.75436 0.63368 -0.32836 -0.83114 0.44877 -0.33342 -0.8353 0.43715 -0.2651 -0.71845 0.64308 -0.46811 -0.76751 0.43794 -0.54695 -0.63405 0.54665 0.64182 -0.42503 0.63829 0.02552 -0.46906 0.8828 -0.00345 -0.46512 0.88524 0.0215 -0.46884 0.88302 -0.10901 -0.4461 0.88832 0.0215 -0.80062 0.59879 0.25662 -0.82723 0.49983 0.38806 -0.91719 0.09037 0.61408 -0.6403 -0.46143 0.37421 -0.55956 0.7395 0.54745 -0.48248 0.68375 0.68509 -0.41646 0.59767 0.83408 -0.4233 0.35373 0.66707 -0.54496 0.50797 0.68316 -0.49256 0.53915 0.73744 -0.55039 0.39147 0.36096 -0.8026 0.47491 0.34243 -0.74906 0.56714 0.51739 -0.75489 0.40306 0.34871 -0.67255 0.65275 0.14425 -0.82019 0.55361 0.20206 -0.80153 0.56278 0.25716 -0.80513 0.53445 0.44675 -0.67069 0.59211 0.52377 -0.67845 0.51514 0.6423 -0.62087 0.44941 0.78054 -0.53971 0.3154 0.61142 -0.61825 0.4939 -0.09472 -0.39757 -0.91267 0.0346 -0.46969 0.88215 0.06314 -0.73866 0.67112 0.19854 -0.95329 0.22765 0.26261 0.33957 -0.90318 0.70851 -0.33244 0.6225 0.99959 0.02567 -0.01304 0.99763 0.05531 0.04082 0.99281 0.1192 0.01136 0.98919 0.13998 0.0438 0.97816 0.20639 0.02468 0.97904 0.20311 0.01527 0.95136 0.30745 0.02 0.95425 0.29784 0.02663 0.93535 0.35177 0.03716 0.93858 0.34486 0.01144 0.89623 0.44338 0.01337 0.89615 0.44351 0.01457 0.8437 0.53644 0.02027 0.8537 0.51955 0.03566 0.83428 0.54905 0.05015 0.79073 0.61214 0.0059 0.76452 0.64393 0.02949 0.75552 0.65488 0.01796 0.70045 0.71337 0.02183 0.6982 0.71531 0.02924 0.64816 0.76148 0.00596 0.63137 0.77478 0.03309 0.56963 0.82188 0.00588 0.56865 0.82257 0.00454 0.503 0.86339 0.0392 0.45846 0.88862 -0.01314 0.41953 0.90704 0.0357 0.35381 0.93528 0.00864 0.36329 0.93142 0.02202 0.27164 0.9621 0.02413 0.26702 0.96353 0.01739 0.18254 0.98296 0.0218 0.1827 0.98293 0.02155 0.11171 0.99354 0.02022 0.11105 0.99359 0.0212 0.03279 0.99933 0.01596 0.02701 0.9996 0.00805 -0.03146 0.99886 0.0358 -0.0659 0.99781 0.00601 -0.11092 0.99343 0.02832 -0.12861 0.99162 0.01186 -0.18336 0.98251 0.03238 -0.20175 0.97936 0.01208 -0.27186 0.9616 0.0378 -0.27599 0.96067 0.03065 -0.35476 0.93437 0.03319 -0.36401 0.93125 0.01657 -0.41759 0.90841 0.02014 -0.41641 0.9089 0.02241 -0.4982 0.8669 0.0169 -0.49304 0.86928 0.03563 -0.54786 0.83655 0.0054 -0.57996 0.81397 0.03315 -0.62444 0.78105 0.00613 -0.61596 0.78626 0.04878 -0.66364 0.74796 0.01157 -0.69882 0.71413 0.04076 -0.71896 0.69502 0.00638 -0.76362 0.64504 0.02843 -0.76626 0.64227 0.01831 -0.82387 0.56642 0.01997 -0.82391 0.56637 0.01965 -0.87307 0.48677 0.02836 -0.87526 0.48359 0.00804 -0.9157 0.40143 0.01835 -0.91614 0.40074 0.00994 -0.9486 0.31634 0.00971 -0.95339 0.30093 0.02212 -0.97636 0.21571 -0.01387 -0.99952 0.02825 0.01245 -0.99914 0.03237 0.02593 -0.99645 0.07962 0.02748 -0.99399 0.09494 0.05453 -0.98394 0.17725 0.02122 -0.97289 0.21858 0.07551 -0.99864 -0.05156 0.00834 -0.99724 -0.07132 0.02081 -0.0547 -0.9979 0.03475 -0.03495 -0.99938 -0.00326 -0.17485 -0.9842 0.02773 -0.16945 -0.98542 0.01502 -0.28795 -0.95697 0.03589 -0.27206 -0.96223 0.01024 -0.36737 -0.93007 0.00344 -0.37095 -0.92856 0.01273 -0.4819 -0.87612 0.01342 -0.4811 -0.8766 0.01074 -0.57214 -0.82006 0.0123 -0.57526 -0.81769 0.02143 -0.66637 -0.74556 -0.00948 -0.6715 -0.74093 0.01079 -0.73039 -0.68273 0.02023 -0.75914 -0.65087 -0.00917 -0.78233 -0.62239 0.02432 -0.81348 -0.58159 -0.00137 -0.83736 -0.54633 0.01882 -0.85352 -0.52104 0.0045 -0.86361 -0.50391 0.01577 -0.90418 -0.42681 -0.01716 -0.90907 -0.41609 0.02149 -0.93931 -0.3424 -0.02121 -0.95164 -0.3069 0.01389 -0.96117 -0.27582 -0.00911 -0.9766 -0.21485 0.0093 -0.97635 -0.21616 -0.00402 -0.98742 -0.15568 0.02766 -0.98744 -0.15574 0.02645 0.98985 -0.14099 0.01777 0.98984 -0.14099 0.01844 0.97734 -0.21161 0.00447 0.97353 -0.22797 0.01653 0.96167 -0.27304 0.02529 0.9585 -0.28491 -0.00999 0.93972 -0.34181 0.00942 0.92571 -0.37631 -0.03821 0.91428 -0.40495 -0.01065 0.86784 -0.49683 -0.00272 0.8672 -0.49795 -0.00146 0.80753 -0.58961 0.01571 0.80078 -0.59892 -0.00672 0.74376 -0.66744 0.03664 0.72116 -0.69269 -0.01058 0.65083 -0.75803 0.04262 0.62809 -0.77814 -0.002 0.56628 -0.82337 0.03724 0.52992 -0.84804 0.0008 0.48636 -0.87328 0.02882 0.45277 -0.89162 -0.00302 0.0268 -0.9996 0.00942 0.07483 -0.99688 0.02512 0.08221 -0.99645 0.01792 0.17605 -0.9843 0.01261 0.17534 -0.98442 0.01352 0.279 -0.96022 0.0117 0.26901 -0.96279 0.02569 0.36114 -0.93247 -0.00884 0.39399 -0.91849 0.03398 0.99665 -0.06998 0.04231 0.03337 0.57996 0.81396 0.06601 0.31315 0.94741 0.34289 0.31834 0.88379 0.12366 0.67548 0.72693 0.18855 0.65873 0.72837 0.17615 0.33195 0.92671 0.28469 0.6659 0.68959 0.26611 0.33654 0.90329 0.35612 0.5553 0.75155 0.39824 0.45294 0.79765 0.45896 0.39493 0.79585 0.4636 0.40565 0.78773 0.52611 0.33812 0.78031 0.49687 0.28305 0.82037 0.60942 0.41281 0.67689 0.51594 0.15692 0.84213 0.68384 0.39603 0.6128 0.55119 0.08985 0.82953 0.73546 0.3206 0.59692 0.59002 0.03804 0.80649 0.70976 0.05332 0.70242 0.71827 -0.00316 0.69576 0.7287 0.00677 0.6848 0.73877 -0.04538 0.67243 0.58958 -0.24311 0.77025 0.42617 -0.41225 0.80525 -0.66286 -0.34544 0.66429 -0.29285 -0.28913 0.9114 -0.31574 -0.07349 0.946 -0.4599 -0.26622 0.84712 -0.66124 -0.2155 0.71856 -0.8025 -0.04852 0.59467 -0.76802 0.09938 0.63267 -0.62555 0.04167 0.77907 -0.49576 0.30731 0.81227 -0.44174 0.35017 0.82598 -0.35 0.33554 0.87459 -0.23885 0.25746 0.9363 -0.7251 0.3041 0.61787 -0.486 0.00219 0.87396 -0.68199 0.37992 0.62494 -0.51793 0.21245 0.82862 -0.45132 0.37133 0.81143 -0.38745 0.42576 0.81769 -0.35464 0.5499 0.7562 -0.28254 0.66903 0.68744 -0.15675 0.41491 0.89626 -0.15575 0.39986 0.90325 -0.83232 0.08401 0.5479 -0.12347 0.69558 0.70776 -0.02727 0.345 0.93821 -0.02861 0.31752 0.94782 -0.03765 -0.54634 0.83672 -0.63046 -0.53919 0.55839 -0.84765 -0.43193 0.30809 -0.90695 -0.42009 0.03103 -0.50314 -0.59035 0.63113 -0.18821 -0.55785 0.80832 -0.474 -0.50632 0.72039 -0.20231 -0.60953 0.76651 0.57704 -0.65072 0.49354 0.82315 -0.50531 0.259 0.85206 -0.52031 0.05725 0.35088 -0.52325 0.77659 0.69005 -0.52091 0.50248 0.50618 -0.46626 0.72552 0.50923 -0.58711 0.62927 0.00195 -0.51343 0.85813 0.00805 -0.48941 0.87202 0.00624 -0.48786 0.8729 -0.00021 -0.47245 0.88136 0.00767 -0.48293 0.87563 0.00785 -0.4822 0.87603 0.01073 -0.48483 0.87454 -0.00632 -0.49776 0.86729 0.00077 -0.4873 0.87323 -0.00334 -0.45665 0.88964 -0.00079 -0.46043 0.88769 -0.00111 -0.46184 0.88696 -0.0009 -0.46205 0.88685 0.00031 -0.46564 0.88498 0.00259 -0.4637 0.88599 -0.0008 -0.47574 0.87958 7E-05 -0.47555 0.87969 -0.0103 -0.46587 0.88479 -0.00075 -0.47363 0.88072 -0.00563 -0.47796 0.87837 -0.00362 -0.45642 0.88976 -0.00275 -0.47239 0.88139 -0.00263 -0.47231 0.88143 -0.00896 -0.47921 0.87766 -0.00119 -0.45939 0.88824 0.01016 -0.4532 0.89135 0.00848 -0.45773 0.88905 -0.01752 -0.48995 0.87158 -0.02641 -0.48488 0.87418 -6E-05 -0.46406 0.8858 0 -0.46243 0.88665 -0.00781 -0.48053 0.87694 -0.0076 -0.47972 0.87739 0.00656 -0.45695 0.88947 -0.00483 -0.45861 0.88862 0.14393 -0.60157 0.78575 0.01117 -0.48272 0.8757 -0.00267 -0.47902 0.8778 -0.00605 -0.47838 0.87813 -0.00633 -0.48068 0.87687 -0.0321 -0.47879 0.87734 -0.03276 -0.47844 0.87751 -0.0174 -0.45956 0.88797 -3E-05 -0.46405 0.88581 0.00386 -0.45098 0.89253 0.01526 -0.47791 0.87827 0.00586 -0.46886 0.88325 0.03517 -0.48034 0.87638 0.01689 -0.48224 0.87588 -0.01398 -0.45448 0.89065 -0.00623 -0.45852 0.88866 0.00036 -0.46577 0.88491 -0.01282 -0.45154 0.89216 -0.03362 -0.47901 0.87716 -0.01968 -0.48126 0.87636 0.00806 -0.45615 0.88987 0.033 -0.45662 0.88905 0.01851 -0.46352 0.8859 0.01915 -0.46353 0.88587 -0.01639 -0.47042 0.88229 0.00052 -0.46345 0.88612 -0.00027 -0.46888 0.88326 0.02014 -0.47561 0.87943 0.02254 -0.48051 0.8767 0.004 -0.47068 0.88229 -0.00056 -0.46642 0.88456 0.00071 -0.46564 0.88498 0.00369 -0.46067 0.88756 0.00579 -0.46199 0.88687 0.00223 -0.46586 0.88486 0.00374 -0.46235 0.88669 0.00069 -0.46338 0.88616 -0.00186 -0.46306 0.88633 -0.00613 -0.46209 0.88681 0.01528 -0.4779 0.87828 -0.00758 -0.47136 0.88191 -0.01055 -0.47303 0.88098 -0.01386 -0.46236 0.88659 -0.01787 -0.46228 0.88655 0.01973 -0.46912 0.88291 -0.02476 -0.45177 0.89179 -0.00477 -0.45986 0.88798 0.02814 -0.48408 0.87457 0.02215 -0.46229 0.88645 -0.01217 -0.46423 0.88563 -0.01482 -0.46857 0.8833 -0.0061 -0.47219 0.88148 0.04631 -0.47899 0.8766 0.01574 -0.46512 0.88511 0.02048 -0.46395 0.88563 0.00597 -0.46605 0.88474 0.00639 -0.46648 0.88451 0.01691 -0.46662 0.88429 -0.01087 -0.47126 0.88193 0.0125 -0.46025 0.8877 0.00586 -0.45976 0.88802 -0.02479 -0.46974 0.88246 -0.33613 0.44781 0.82854 -0.59195 0.31086 0.74361 -0.39701 0.42128 0.81542 -0.07763 0.93197 0.35413 -0.36669 0.31912 0.8739 -0.11501 0.55132 0.82633 -0.49433 0.86696 0.0634 -0.2308 0.77663 0.58616 -0.32365 0.89675 0.30182 -0.53606 0.40209 0.74227 -0.57145 0.2624 0.77756 -0.64579 -0.31075 0.69741 -0.63809 -0.14665 0.75587 -0.71414 0.12786 0.68823 -0.70668 0.01782 0.70731 -0.48132 -0.87411 0.06537 -0.68406 -0.7103 -0.16596 -0.61769 -0.73681 0.2749 -0.72241 -0.39644 0.56653 -0.65391 -0.6798 0.33209 -0.73441 -0.32912 0.59357 -0.38873 -0.60732 0.69285 -0.25728 -0.71274 0.65253 -0.63613 0.26844 -0.72338 -0.50082 0.86262 -0.07123 -0.14743 0.83784 -0.52564 -0.89537 0.06072 0.44117 -0.44222 -0.06448 0.89459 -0.71733 0.48319 0.50196 -0.45031 0.22621 0.86374 -0.06893 0.59285 0.80235 -0.87026 -0.10476 0.48132 -0.99029 0.12997 0.04936 -0.09668 0.94174 0.32214 -0.61191 -0.49569 0.61633 -0.22871 0.60861 0.75979 -0.29874 0.70997 0.63772 -0.42765 0.69585 0.57698 -0.47284 0.40671 0.78167 -0.4667 -0.07868 0.88091 -0.79116 0.28094 0.54327 -0.75937 0.08728 0.64477 -0.8976 0.19859 0.39354 -0.61439 -0.2296 0.75485 -0.98501 -0.07386 0.15585 -0.94755 -0.27718 0.15912 -0.91784 -0.38266 0.10557 -0.9229 -0.31831 -0.21663 0.51779 -0.61738 0.59223 0.93937 -0.28739 0.18705 0.65629 -0.49169 0.57229 0.30459 -0.61065 0.73098 0.92502 -0.22736 0.30437 0.49231 -0.55297 0.6722 0.98154 0.18484 0.04913 0.65318 -0.06392 0.7545 0.79759 0.47411 0.37292 0.7186 0.53828 0.4403 0.35605 0.79458 0.49181 0.21126 0.32198 0.92287 0.87956 0.09546 0.46611 0.57141 0.2478 0.78236 0.45609 0.37399 0.80753 0.62937 0.20778 0.74881 0.64779 0.10159 0.75502 0.09738 0.85313 0.51252 -0.01527 0.33493 0.94212 0.42958 0.48511 0.76166 0.72312 -0.23936 0.64793 0.90927 -0.17608 0.37712 0.91046 -0.17474 0.37488 0.38086 0.61099 0.694 0.60189 0.54175 0.58672 0.02339 0.88781 0.45962 0.22959 0.86631 -0.44362 0.14822 -0.6058 0.78169 0.36685 0.38819 -0.84542 0.68835 0.44007 -0.57664 0.80652 -0.2727 -0.52455 0.79019 -0.49138 -0.36625 0.22962 -0.61695 0.75276 0.20682 0.16086 -0.96506 0.10735 0.07523 -0.99137 0.04537 0.32771 0.94369 0.17103 0.50899 0.84361 0.17821 0.64942 0.73925 0.38108 0.61185 0.69312 0.8729 0.48251 0.07236 0.94365 -0.19338 -0.26857 0.88691 -0.45807 0.05974 0.52241 -0.4466 0.72639 0.7385 -0.14302 0.6589 0.49421 0.67185 0.5517 0.61023 0.59022 0.52845 0.77722 0.16997 0.60583 0.85079 0.05084 0.52305 -0.00138 -0.49707 0.86771 0.00107 -0.46575 0.88492 -0.01918 -0.45363 0.89099 -0.0004 -0.43514 0.90036 -0.00612 -0.46393 0.88585 0.02345 -0.48461 0.87441 0.01927 -0.50919 0.86044 -0.00133 -0.46464 0.8855 -0.01211 -0.44415 0.89587 0.02261 -0.50146 0.86488 0.00315 -0.46978 0.88278 0.00522 -0.47184 0.88167 -0.00087 -0.46902 0.88319 0.00451 -0.47411 0.88045 -0.03784 -0.44501 0.89473 -0.00137 -0.46762 0.88393 0.00146 -0.48077 0.87685 0.00385 -0.4792 0.8777 -0.00843 -0.44087 0.89753 0.00063 -0.46793 0.88376 -0.00246 -0.46367 0.88601 -0.00033 -0.47392 0.88057 -0.00331 -0.46261 0.88655 -0.00297 -0.46445 0.8856 -0.00012 -0.46679 0.88437 -0.00319 -0.46658 0.88447 0.03625 -0.48783 0.87219 -0.03258 -0.45267 0.89108 -0.0021 -0.49482 0.86899 0.0022 -0.45313 0.89144 -0.00111 -0.45967 0.88809 0.01139 -0.47354 0.8807 -0.02838 -0.45777 0.88862 -0.01664 -0.51895 0.85464 -0.00278 -0.47129 0.88197 0.00111 -0.4677 0.88388 -0.00329 -0.46474 0.88544 -0.02501 -0.43326 0.90092 -0.0012 -0.46927 0.88305 -0.00296 -0.46685 0.88433 0.00107 -0.4662 0.88468 0.00269 -0.48354 0.87532 0.00694 -0.44699 0.89451 0.00173 -0.47043 0.88244 -0.00326 -0.47346 0.88081 -0.00627 -0.46287 0.8864 0.01192 -0.47334 0.8808 0.0053 -0.48343 0.87537 -0.00581 -0.48979 0.87182 -0.00624 -0.49453 0.86914 0.00536 -0.46076 0.88751 -0.00984 -0.50333 0.86404 -0.01225 -0.46074 0.88745 -0.00213 -0.46552 0.88503 0.01555 -0.51104 0.85941 -0.01036 -0.45404 0.89092 0.02454 -0.47647 0.87885 0.01343 -0.47234 0.88131 0.02919 -0.61639 0.7869 -0.01488 -0.43075 0.90235 -0.02097 -0.40819 0.91266 -0.10531 0.46981 0.87646 -0.04691 -0.19966 0.97874 -0.84861 0.52888 -0.01185 -0.80435 0.59369 0.02358 -0.41662 0.90856 -0.03087 -0.2344 0.9712 0.04278 0.2344 0.9712 -0.04278 0.41662 0.90856 0.03087 0.80435 0.59369 -0.02358 0.84861 0.52888 0.01185 0.99936 -0.0337 -0.01185 0.99669 -0.08078 0.00944 0.77919 -0.62669 -0.01148 0.76759 -0.64095 -0.00062 0.02931 -0.99933 0.02188 -0.02931 -0.99933 -0.02188 -0.76759 -0.64095 0.00062 -0.77919 -0.62669 0.01148 -0.99669 -0.08078 -0.00944 -0.99936 -0.0337 0.01185 -0.96315 0.26467 -0.04782 -0.80187 0.59374 0.06698 -0.59313 0.80355 -0.05011 -0.0917 0.99489 0.04227 0.0917 0.99489 -0.04227 0.56778 0.82196 0.04494 0.8022 0.59398 -0.06051 0.927 0.37324 0.03685 0.97852 -0.20408 -0.02912 0.95908 -0.28283 0.01295 0.56971 -0.82173 -0.01409 0.52663 -0.84994 0.01618 -0.26272 -0.96469 -0.0186 -0.31425 -0.94912 0.02048 -0.92916 -0.36924 -0.01806 -0.96373 -0.26247 0.04826 -0.92757 0.37346 -0.01184 -0.86465 0.49971 0.05174 -0.56732 0.82129 -0.06033 -0.12196 0.99094 0.05622 0.0917 0.99489 -0.04227 0.59313 0.80355 0.05011 0.80187 0.59374 -0.06698 0.96315 0.26467 0.04782 0.96373 -0.26247 -0.04826 0.92916 -0.36924 0.01806 0.31425 -0.94912 -0.02048 0.26272 -0.96469 0.0186 -0.52663 -0.84994 -0.01618 -0.56971 -0.82173 0.01409 -0.95908 -0.28283 -0.01295 -0.97201 -0.2346 0.01295 0.47399 0.88052 -0.00327 0.96485 -0.26275 0.00491 -0.39569 -0.91838 -0.00109 -0.43199 -0.90184 -0.00812 -0.0708 -0.99746 -0.00727 -0.04055 -0.99917 -0.00267 0.28982 -0.95703 -0.00967 0.28272 -0.95914 -0.01073 0.48961 -0.87191 -0.00776 0.72102 -0.69288 -0.00677 0.57534 -0.8177 -0.01885 0.8155 -0.57865 -0.01108 0.83395 -0.55179 -0.00749 0.90138 -0.43288 -0.01145 0.99781 -0.06484 -0.01316 0.99465 0.10331 0.00048 0.96549 0.25959 -0.021 0.91559 0.40199 -0.00966 0.73162 0.6817 -0.00248 0.80504 0.59286 -0.02085 0.58326 0.81209 -0.01768 0.40942 0.91226 -0.01249 0.14551 0.98935 -0.00293 0.06652 0.99761 -0.01891 -0.20219 0.97923 -0.01521 -0.22986 0.9732 -0.00718 -0.51752 0.85559 -0.01181 -0.51535 0.85689 -0.01246 -0.79392 0.60781 -0.01597 -0.71077 0.70343 -0.00111 -0.89773 0.44029 -0.01533 -0.87997 0.4749 -0.01088 -0.98625 0.1648 -0.01269 -0.97131 0.23776 -0.00568 -0.99014 -0.13966 -0.01098 -0.99965 -0.02661 0.00066 -0.88522 -0.46513 -0.00633 -0.91949 -0.3931 0.00396 -0.66534 -0.74647 -0.01018 -0.72894 -0.68456 0.00425 0.31902 0.94774 -0.00478 0.04278 0.99876 -0.02553 0.06508 0.99775 0.01583 0.15244 0.98765 -0.03617 0.23985 0.96815 0.07179 0.20282 0.97871 -0.03139 0.40727 0.91226 -0.04365 0.33508 0.94186 0.02497 0.47144 0.88077 0.04459 0.51842 0.85359 -0.05133 0.59509 0.80282 0.0367 0.63891 0.76736 -0.05431 0.67194 0.74056 0.0081 0.73607 0.6768 0.0117 0.75105 0.65834 -0.05016 0.82282 0.5675 0.03028 0.83389 0.55137 -0.02497 0.88875 0.45776 -0.02417 0.8853 0.46354 -0.03707 0.92716 0.37402 0.02215 0.93761 0.34527 -0.04099 0.96281 0.27018 0.00078 0.96712 0.25225 -0.03235 0.98491 0.1722 -0.01706 0.98489 0.17234 -0.0173 0.99734 0.07245 0.00736 0.99778 0.05811 -0.03262 0.99901 -0.03818 -0.02292 0.99811 -0.06002 0.01321 0.99396 -0.10154 -0.04153 0.98038 -0.19692 -0.00847 0.98112 -0.19274 -0.01604 0.9615 -0.2742 -0.01814 0.95997 -0.28 -0.00828 0.92944 -0.36895 -0.00384 0.9257 -0.37711 -0.02953 0.89573 -0.4441 -0.02105 0.88911 -0.45537 -0.04608 0.83996 -0.54256 0.01031 0.85952 -0.50658 -0.06784 0.80089 -0.59777 -0.03522 0.68802 -0.71876 -0.10001 0.66264 -0.74892 -0.00548 0.7471 -0.66141 -0.06614 0.72653 -0.6871 0.00643 0.80639 -0.58859 -0.05744 0.61348 -0.78971 0.00221 0.33898 -0.93928 -0.05328 0.38567 -0.92254 -0.01348 0.42178 -0.90447 -0.06347 0.46444 -0.88549 -0.01434 0.50379 -0.86182 -0.05889 0.54164 -0.84059 -0.00655 0.58205 -0.81153 -0.05141 0.30315 -0.95294 -0.00245 0.2374 -0.97005 -0.05133 0.21789 -0.9758 -0.01858 0.14687 -0.98798 -0.04825 0.13221 -0.99098 -0.02194 0.05502 -0.9976 -0.04213 0.0435 -0.99886 -0.01957 -0.04487 -0.99858 -0.02878 -0.04859 -0.99813 -0.03711 -0.13245 -0.99013 -0.04581 -0.14098 -0.98975 -0.02303 -0.2194 -0.97562 -0.00507 -0.38645 -0.92226 -0.00994 -0.30377 -0.95009 -0.07103 -0.32489 -0.94574 -0.00343 -0.24627 -0.96795 -0.04923 -0.417 -0.90731 -0.05376 -0.50584 -0.86062 -0.0588 -0.46472 -0.88545 -0.00413 -0.57576 -0.81663 0.04013 -0.54412 -0.83159 -0.11132 -0.61455 -0.78887 0.00379 -0.66509 -0.74414 -0.06255 -0.68671 -0.7267 -0.0187 -0.72769 -0.68269 -0.06639 -0.75394 -0.65688 -0.00902 -0.81717 -0.5763 -0.0101 -0.80018 -0.59687 -0.05884 -0.84181 -0.53737 -0.05082 -0.86656 -0.49866 -0.02033 -0.8792 -0.47425 -0.04574 -0.98189 -0.18897 -0.01372 -0.899 -0.43795 -0.00184 -0.91656 -0.39753 -0.04334 -0.93736 -0.3483 -0.00644 -0.94342 -0.33024 -0.02998 -0.96356 -0.26722 -0.01176 -0.96273 -0.26988 -0.01761 -0.9817 -0.18976 -0.01612 -0.99571 -0.08189 -0.04303 -0.99773 -0.05968 0.03113 -0.99604 0.05625 -0.06888 -0.99643 0.08338 0.01319 -0.98219 0.18746 -0.01274 -0.97985 0.19728 -0.03138 -0.95938 0.28092 -0.02605 -0.84843 0.52649 0.05453 -0.95643 0.29195 0.00083 -0.91782 0.3958 -0.03073 -0.91247 0.40579 -0.05221 -0.85887 0.51109 -0.0335 -0.78743 0.61625 -0.01412 -0.7809 0.62452 0.01282 -0.71531 0.69878 -0.00595 -0.54911 0.83531 0.02724 -0.58062 0.81374 -0.02672 -0.64639 0.76286 0.01486 -0.6525 0.75779 -0.00165 -0.71925 0.69452 -0.018 -0.49572 0.86804 -0.02777 -0.45287 0.89087 0.03537 -0.38709 0.92129 -0.03712 -0.30021 0.95154 0.06663 -0.34052 0.93716 -0.07602 -0.24539 0.96932 0.01406 -0.18558 0.98219 -0.02951 -0.15728 0.98747 0.01285 -0.08022 0.9962 -0.03394 -0.04915 0.99865 0.01658 -0.55769 -0.83005 -0.00084 0.57111 -0.82087 0.00173 0.71901 -0.69399 -0.03743 0.89901 -0.43668 -0.03291 0.78137 -0.62405 -0.00485 0.93499 -0.35461 -0.00654 0.99773 -0.0627 -0.02439 0.99847 0.03753 -0.04069 0.99709 0.072 -0.02486 0.99979 -0.01025 -0.01802 0.95872 0.28436 0.00227 0.91521 0.40281 -0.0113 0.80224 0.59698 -0.00462 0.79901 0.60131 -0.00368 0.60771 0.79414 -0.00499 0.60236 0.7982 -0.00562 0.2025 0.97928 -0.00113 0.25492 0.96695 -0.00542 0.43503 0.90042 0.0006 -0.08785 0.99613 -0.0038 -0.07522 0.99715 -0.00494 -0.39208 0.91993 -0.00268 -0.41086 0.9117 -0.00069 -0.71147 0.70271 -0.00121 -0.68 0.73319 -0.00492 -0.89511 0.44582 -0.00451 -0.8934 0.44924 -0.00421 -0.99111 0.13292 -0.00566 -0.98623 0.16533 -0.00274 -0.972 -0.235 -0.00024 -0.96569 -0.25967 -0.00257 -0.93646 -0.35076 -0.00214 -0.83854 -0.54477 -0.00864 -0.75055 -0.66082 0.00156 -0.59924 -0.80056 -0.00521 -0.2825 -0.95922 -0.00946 -0.30536 -0.95222 -0.00567 0.1083 -0.99403 -0.01334 0.12817 -0.99158 -0.01872 -0.05275 -0.99861 -0.00062 0.34284 -0.93906 -0.02482 0.33142 -0.94323 -0.02189 0.79324 0.60888 -0.00574 -0.95 -0.31178 -0.01719 -0.96517 -0.25985 -0.0305 -0.674 -0.73753 -0.04202 -0.78669 -0.61735 -0.00065 -0.8599 -0.50945 -0.03198 -0.57112 -0.82069 -0.01693 -0.57508 -0.81788 -0.01897 -0.25213 -0.96763 -0.01136 -0.33931 -0.94065 0.00642 0.00704 -0.99998 0.0005 0.09426 -0.99551 -0.00911 0.17697 -0.98421 -0.00259 0.44497 -0.89554 -0.00273 0.4044 -0.91456 -0.00708 0.58428 -0.81152 -0.00733 0.66496 -0.74688 3E-05 0.8334 -0.55266 -0.00258 0.82086 -0.57111 -0.00465 0.9606 -0.27788 -0.00474 0.96817 -0.2503 -0.00176 0.99725 0.0741 -0.00303 0.99822 0.05944 -0.00449 0.90967 0.41531 -0.00491 0.94323 0.33215 0.00014 0.81494 0.57954 -0.00233 0.52053 0.85384 -0.00216 0.57666 0.81696 -0.00601 0.25358 0.96731 0.00023 0.4035 0.91496 -0.00562 0.06236 0.99802 -0.00773 -0.04635 0.99892 -0.0016 -0.39268 0.91945 -0.02009 -0.22019 0.97545 -0.00345 -0.69395 0.71993 -0.0114 -0.55319 0.83304 -0.00467 -0.52564 0.85071 -0.0004 -0.78904 0.61434 -0.0006 -0.88461 0.46632 -0.00209 -0.9095 0.41537 -0.01646 -0.99799 -0.06135 -0.01559 -0.99963 -0.01724 -0.02087 -0.9916 0.12935 0.00089 -0.9446 0.32798 -0.0128 -0.07767 -0.89995 -0.42903 -0.22114 -0.62348 -0.74992 -0.44457 -0.41768 -0.7924 -0.80695 -0.42277 -0.41243 -0.44498 -0.10361 -0.88953 -0.28899 0.34129 -0.89443 -0.18565 -0.01571 -0.98249 -0.68924 0.03104 -0.72387 0.24798 0.87175 -0.42255 0.37437 0.60648 -0.70145 -0.00759 0.35456 -0.935 0.37292 0.12877 -0.91888 0.16079 0.07942 -0.98379 -0.02727 0.16553 -0.98583 -0.65419 0.08608 -0.75142 -0.15446 -0.58695 -0.79475 -0.1541 -0.5785 -0.801 -0.17685 0.43857 -0.88112 -0.2776 -0.12179 -0.95295 -0.03605 0.34491 0.93794 0.00251 0.22285 0.97485 -0.00297 0.09345 0.99562 0.00868 0.39115 0.92029 -0.00913 0.25154 0.9678 -0.62633 -0.45243 0.63484 -0.62361 -0.4474 0.64105 -0.70563 -0.48136 0.51998 -0.70645 -0.48086 0.51933 -0.66084 -0.46379 0.59008 -0.6636 -0.46262 0.58788 0.71637 -0.48026 0.50614 0.65512 -0.4728 0.5893 0.63086 -0.46278 0.62277 0.63091 -0.45005 0.63198 0.70129 -0.48316 0.52417 0.69075 -0.46875 0.55058 -9E-05 -1E-05 1 -1E-05 -0.00013 1 0 5E-05 1 0.00076 -0.00072 1 -0.00015 -0.00109 1 -0.00045 -0.00098 1 0.00014 -0.00012 1 -1E-05 -0.00016 1 4E-05 1E-05 1 4E-05 0 1 5E-05 -6E-05 1 -1E-05 -4E-05 1 4E-05 -1E-05 1 -3E-05 1E-05 1 -5E-05 -2E-05 1 -1E-05 0.00011 1 -0.04339 0.99383 0.10205 0.05419 0.99853 -0.00161 0.48227 0.87549 0.03038 0.4034 0.91501 0.00497 0.67084 0.74141 -0.01686 0.866 0.49997 -0.00806 0.94342 0.33091 0.02155 0.90889 0.41552 0.03539 0.9999 0.01278 -0.00648 0.96854 -0.24861 0.01102 0.9492 -0.31467 0.0009 0.78613 -0.61804 -0.0041 0.65044 -0.75935 0.01786 0.5269 -0.84991 -0.00526 0.16234 -0.9867 -0.00819 -0.03073 -0.99928 0.0222 -0.42705 -0.90421 -0.00604 -0.17961 -0.98374 0.00037 -0.66503 -0.74681 0.00387 -0.5829 -0.81208 0.02737 -0.87273 -0.48807 -0.0118 -0.92782 -0.36828 0.05937 0.2278 0.39716 0.88903 0.20296 0.79232 0.57536 0.20166 0.78949 0.57968 -0.25557 0.91719 0.30568 -0.22239 0.57713 0.78579 -0.02367 0.53434 0.84494 -5E-05 -3E-05 1 4E-05 0 1 2E-05 -3E-05 1 3E-05 -3E-05 1 -0.55052 0.37197 0.74737 1E-05 6E-05 1 2E-05 6E-05 1 -0.00483 -0.012 0.99992 0.00279 0.00119 1 0.00107 0.00242 1 0.00153 -0.00011 1 0.58683 -0.73666 0.33611 0.34615 -0.84111 0.41558 0.33974 -0.88346 0.32262 0.80627 -0.59041 -0.03667 -0.79359 -0.29885 0.53 -0.768 0.57353 0.28503 0.02179 0.66947 -0.74252 -0.8196 -0.19883 0.53733 0.44514 0.7301 -0.51847 -0.73287 0.48448 0.47769 -0.7258 0.50089 0.47152 -0.88437 0.32297 0.337 -0.36861 -0.78037 0.50512 -0.3734 -0.79041 0.48561 0.06706 -0.86371 0.4995 -0.11878 -0.97352 0.19533 0.74651 0.33284 -0.57614 -0.23427 -0.86535 0.44305 0.02463 0.36293 -0.93149 -0.81233 0.32752 0.48255 -0.87451 -0.12281 0.4692 0.44711 -0.61791 0.64675 0.71836 -0.33204 0.61131 0.65983 -0.25789 0.70578 0.6267 -0.64182 0.44194 0.66443 0.03536 0.74651 0.39821 -0.5962 0.69712 0.74619 0.08883 0.65978 0.82236 -0.00472 0.56895 0.4387 -0.25 0.86316 0.41102 -0.48953 0.76904 0.54582 0.51884 0.65794 0.58113 0.56755 0.58325 0.7086 0.37284 0.59907 0.5214 0.25211 0.81522 0.56315 0.35949 0.74406 0.81624 0.24842 0.52157 -0.00177 -0.00044 1 -0.00127 0.00154 1 -4E-05 1E-05 1 -2E-05 4E-05 1 5E-05 -3E-05 1 2E-05 4E-05 1 -4E-05 3E-05 1 0.00789 -0.00018 0.99997 0.00264 -0.01195 0.99993 0.00127 -0.00076 1 -0.00047 -0.00045 1 -0.0001 8E-05 1 -0.3376 -0.82158 0.45939 0.85004 0.32878 0.41151 0.6452 0.63666 0.42236 -0.667 -0.74345 0.04886 -0.11539 -0.86882 0.4815 0.06809 -0.91369 0.40067 -0.07393 -0.91046 0.40692 0.05478 -0.98288 0.17591 0.90817 0.1085 0.4043 0.69596 0.68298 -0.22175 0.52331 0.77285 -0.35895 0.84147 0.18064 0.50922 0.8171 0.45993 0.34758 0.29301 -0.85137 0.43511 0.72383 0.46928 0.50581 -0.28553 -0.18104 0.94111 -0.28368 -0.16262 0.94503 -0.62511 0.13264 0.76918 -0.42005 0.06745 0.90499 -0.72517 -0.06277 0.6857 -0.59697 -0.15237 0.78766 -0.591 -0.71885 0.36604 -0.37992 -0.71477 0.58716 -0.38768 -0.66147 0.642 -0.73211 -0.06914 0.67766 -0.32543 0.40362 0.85509 -0.80165 0.18251 0.56926 -0.74685 0.19517 0.63571 -0.54132 0.31979 0.77763 -0.784 0.60062 -0.15685 -0.63501 0.45935 0.6211 0.00302 -0.00403 0.99999 -0.00531 -0.01836 0.99982 -0.00393 -0.02355 0.99972 0.01921 -0.00493 0.9998 0.01986 -0.00829 0.99977 0.05116 -0.01014 0.99864 0.04518 -0.01776 0.99882 -0.02267 0.01012 0.99969 -0.03404 -0.01865 0.99925 -0.06201 -0.00623 0.99806 -0.53795 -0.4773 0.69484 -0.70185 -0.56908 0.42843 -0.02917 -0.92556 0.37747 -0.10872 -0.94294 0.31471 -0.14955 -0.90793 0.39152 -0.28789 -0.90122 0.32393 -0.31094 -0.86801 0.38714 -0.74483 -0.57989 0.33008 -0.82224 -0.46519 0.3279 -0.79549 -0.43453 0.42234 -0.87731 -0.29527 0.37834 -0.84758 -0.321 0.42258 -0.84315 -0.01896 0.53734 -0.9077 0.08851 0.41019 -0.76711 0.11622 0.6309 -0.79114 0.29851 0.53384 -0.5248 0.48621 0.6987 -0.51204 0.47771 0.71387 -0.41527 0.54396 0.72915 -0.30153 0.60429 0.73751 -0.2317 0.61541 0.75338 -0.04491 0.68448 0.72764 -0.07319 0.56872 0.81926 -0.10647 0.00652 0.99429 -0.14275 -0.00869 0.98972 -0.22565 -0.00301 0.9742 -0.50473 -0.17055 0.84626 -0.40862 -0.43761 0.80095 -0.73123 -0.5848 0.35117 -0.49685 -0.37635 0.78198 -0.49613 -0.37609 0.78257 -0.56832 -0.39147 0.72371 -0.66645 -0.37337 0.64532 -0.7537 -0.50505 0.42055 -0.73984 -0.03847 0.67168 -0.84983 -0.01641 0.52679 -0.80088 0.01138 0.59872 -0.7929 0.11059 0.59924 -0.80123 0.12492 0.58517 -0.7713 0.20124 0.60381 -0.70876 0.29803 0.63941 -0.68171 0.34655 0.64433 -0.68398 0.35762 0.63583 -0.6075 0.44664 0.65685 -0.61596 0.45099 0.64591 -0.09396 0.55141 0.82892 -0.1474 0.57216 0.80679 -0.16911 0.54502 0.82119 -0.30454 0.56362 0.76785 -0.37483 0.50496 0.77751 -0.53755 0.2813 0.79493 -0.6778 0.21165 0.70413 -0.63421 -0.09966 0.76671 -0.71408 -0.03952 0.69895 -0.6587 0.01578 0.75224 -0.06441 0.42707 0.90192 -0.1729 0.44327 0.87955 -0.2329 0.44468 0.86488 -0.25656 0.37459 0.89099 -0.34748 0.43213 0.83218 -0.36749 0.36727 0.85444 -0.46214 0.3936 0.79467 -0.46106 0.30527 0.83321 -0.553 0.29489 0.77925 -0.53314 0.21428 0.81844 -0.66206 0.20043 0.72215 -0.63079 0.10903 0.76825 -0.6861 0.07436 0.7237 -0.60618 -0.37078 0.70361 -0.65311 -0.27507 0.70554 -0.64395 -0.21184 0.73516 -0.66526 -0.37413 0.64611 -0.70118 -0.2985 0.6475 -0.72004 -0.29498 0.62811 -0.76939 -0.19819 0.60726 -0.75226 -0.16761 0.63719 -0.74863 -0.38833 0.53737 -0.74909 -0.384 0.53981 -0.77719 -0.32775 0.53718 -0.01264 -0.72511 0.68852 -0.13463 -0.71881 0.68205 -0.2408 -0.69675 0.67569 -0.24237 -0.68817 0.68387 -0.34465 -0.65296 0.67443 -0.34444 -0.63911 0.68767 -0.45344 -0.58463 0.67276 -0.44836 -0.56426 0.69325 -0.04114 -0.78317 0.62044 -0.11763 -0.78048 0.61402 -0.54333 -0.51592 0.66229 -0.01099 -0.81927 0.5733 -0.14932 -0.80618 0.57252 -0.27233 -0.77808 0.56605 -0.27448 -0.77204 0.57324 -0.38833 -0.71421 0.58232 -0.38259 -0.71279 0.58784 -0.46155 -0.68546 0.56313 -0.49794 -0.629 0.597 -0.50727 -0.62865 0.58947 -0.59649 -0.57527 0.5597 -0.58579 -0.53857 0.60563 -0.64039 -0.57215 0.51239 -0.61861 -0.58094 0.529 -0.79768 -0.31453 0.51456 -0.82684 -0.21637 0.51916 -0.81917 -0.09874 0.56499 -0.70522 -0.16946 0.68844 -0.78794 -0.11295 0.6053 -0.88807 -0.14503 0.43624 -0.87781 -0.1296 0.46114 -0.85027 -0.19817 0.48762 -0.79788 -0.43315 0.41924 -0.03546 -0.87965 0.4743 -0.02624 -0.88583 0.46328 -0.1434 -0.88022 0.45239 -0.14729 -0.87702 0.45732 -0.29764 -0.844 0.44618 -0.30318 -0.83295 0.4629 -0.42573 -0.77841 0.46134 -0.45248 -0.77788 0.43607 -0.49779 -0.72092 0.48217 -0.57418 -0.68032 0.4555 -0.57414 -0.68033 0.45554 -0.68343 -0.58088 0.44217 -0.41127 -0.85064 0.32753 -0.46103 -0.78632 0.41129 -0.53119 -0.7736 0.34551 -0.6055 -0.69442 0.38878 -0.60563 -0.69153 0.39371 -0.66541 -0.63138 0.39824 -0.02373 -0.68632 0.72692 -0.0961 -0.63417 0.76719 -0.08668 -0.67575 0.73202 -0.16178 -0.60822 0.77711 -0.22018 -0.63639 0.73927 -0.24968 -0.57592 0.77845 -0.31632 -0.59784 0.73657 -0.34217 -0.52245 0.781 -0.41483 -0.53272 0.73765 -0.4772 -0.43846 0.76159 -0.49773 -0.41473 0.76175 -0.06714 0.1644 0.98411 -0.02257 0.00081 0.99974 -0.04021 0.09559 0.99461 -0.13922 0.17249 0.97512 -0.21752 0.17141 0.96089 -0.06244 -0.00575 0.99803 -0.17983 0.2109 0.96083 -0.11479 0.20523 0.97196 -0.13759 0.0319 0.98997 -0.37556 0.12331 0.91856 -0.1658 0.0359 0.98551 -0.29978 0.12712 0.9455 -0.3292 0.03824 0.94348 -0.29467 0.01734 0.95544 -0.39399 -0.02785 0.91869 -0.31194 -0.03471 0.94947 -0.46981 0.07342 0.87971 -0.53063 0.06783 0.84488 -0.4423 -0.32137 0.83731 -0.53855 -0.27979 0.79479 -0.51039 -0.25247 0.82205 -0.54098 -0.2001 0.81689 -0.50808 -0.17149 0.84407 -0.5376 -0.06676 0.84055 -0.56331 -0.01125 0.82617 -0.43002 -0.10681 0.89648 -0.47847 -0.08049 0.87441 -0.50388 0.00548 0.86375 -0.59748 -0.38079 0.70571 -0.56887 -0.29077 0.76931 -0.65586 -0.09886 0.74838 -0.50935 0.19403 0.8384 -0.36418 0.23146 0.90211 -0.30913 0.25154 0.91715 -0.14747 0.39625 0.90622 -0.08951 0.36273 0.92758 -0.06619 0.28883 0.95509 0.03128 -0.66877 0.74281 0.15732 -0.3738 0.91407 -0.05907 -0.58871 0.80618 -0.08325 -0.15967 0.98365 0.72387 0.18743 0.66398 0.06285 0.59632 0.80028 0.02039 0.02452 0.99949 0.04855 0.7014 0.71111 0.39225 0.56438 0.72637 0.47405 0.52943 0.70355 0.43807 0.51728 0.7352 0.51016 0.47107 0.7196 0.77088 0.3 0.56191 0.76773 0.23225 0.5972 0.82104 0.20349 0.53338 0.81508 0.16151 0.55637 0.84356 0.11619 0.52432 0.88017 0.00338 0.47465 0.85644 -0.04939 0.51387 0.77895 -0.51264 0.36117 0.71244 -0.57627 0.40043 0.67937 -0.6433 0.35302 0.25208 -0.90361 0.34633 0.22192 -0.89139 0.39519 0.06859 -0.93436 0.34967 0.05974 -0.94172 0.33104 0.04376 -0.59575 0.80198 0.26029 -0.52077 0.81305 0.31489 -0.5487 0.77445 0.38992 -0.50151 0.7723 0.48268 -0.41767 0.76979 0.48524 -0.44128 0.75486 0.36309 -0.44034 0.82114 0.45532 -0.36424 0.81241 0.08284 -0.01221 0.99649 0.13278 0.00951 0.9911 0.42912 -0.3025 0.85109 0.84714 -0.31876 0.42515 0.86956 -0.34557 0.35277 0.80068 -0.40779 0.43888 0.77997 -0.47235 0.41053 0.78388 -0.52042 0.33867 0.56373 -0.50813 0.65116 0.52817 -0.49968 0.68656 0.43419 -0.56373 0.70262 0.45304 -0.56809 0.68704 0.37137 -0.60554 0.70385 0.35893 -0.66332 0.65665 0.26826 -0.65147 0.70967 0.22621 -0.73583 0.63826 0.08736 -0.72454 0.68368 0.11576 -0.77194 0.62506 0.22537 -0.71722 0.65939 0.5783 -0.54774 0.60461 0.49774 -0.62875 0.59744 0.51788 -0.62875 0.58007 0.40529 -0.71643 0.56786 0.39564 -0.71399 0.57766 0.26937 -0.78227 0.56168 0.27597 -0.78519 0.55436 0.12012 -0.81835 0.56203 0.11386 -0.81139 0.57331 0.63942 -0.56563 0.52077 0.64348 -0.56258 0.51908 0.60754 -0.63631 0.4754 0.55822 -0.65827 0.50504 0.51866 -0.73986 0.42847 0.43394 -0.75108 0.49757 0.37614 -0.82528 0.42124 0.28822 -0.82176 0.49158 0.2186 -0.88257 0.41628 0.12635 -0.86337 0.48849 0.06854 -0.89674 0.43721 0.70913 -0.56077 0.4274 0.65158 -0.65444 0.3836 0.54489 -0.74996 0.37503 0.533 -0.75133 0.38912 0.45951 -0.81972 0.34193 0.38149 -0.83298 0.40076 0.35825 -0.86525 0.35072 0.85678 -0.12724 0.49974 0.88382 -0.18145 0.4312 0.87236 -0.19921 0.44644 0.85357 -0.24853 0.45788 0.80007 -0.35243 0.48547 0.78576 -0.40105 0.4709 0.6126 0.14595 0.7768 0.67286 -0.08048 0.73538 0.66237 -0.1194 0.7396 0.67034 -0.23546 0.70371 0.65579 -0.28527 0.69897 0.62083 -0.37172 0.69021 0.61855 -0.37253 0.69182 0.70681 0.01528 0.70724 0.73061 -0.03978 0.68163 0.72761 -0.14651 0.67017 0.71419 -0.21499 0.66612 0.66126 -0.29522 0.68962 0.76749 -0.30971 0.56128 0.78462 -0.27076 0.55772 0.78369 -0.22815 0.57774 0.79026 -0.21918 0.57223 0.7963 -0.15613 0.5844 0.79419 -0.0437 0.60609 0.7821 -0.05279 0.62091 0.76303 0.07305 0.64223 0.74893 0.12821 0.65012 0.66353 -0.39291 0.63667 0.71651 -0.36159 0.59654 0.73263 -0.32832 0.5962 0.77106 -0.13232 0.62286 0.08266 0.50336 0.86012 0.18935 0.40157 0.89604 0.30494 0.41949 0.85501 0.31105 0.38608 0.86844 0.37339 0.3988 0.83758 0.41941 0.35523 0.8354 0.41881 0.34872 0.83845 0.54048 0.32035 0.77799 0.51346 0.27215 0.81382 0.60714 0.2166 0.7645 0.57677 0.17547 0.79784 0.09727 0.54177 0.83488 0.15538 0.58223 0.79804 0.20784 0.51466 0.83182 0.28496 0.57959 0.76346 0.33297 0.51793 0.78796 0.5359 0.31649 0.78271 0.67751 0.32502 0.65981 0.6491 0.24464 0.72029 0.71724 0.18867 0.6708 0.75076 -0.42895 0.50235 0.82147 0.05754 0.56734 0.82541 0.04508 0.56273 0.54469 0.4773 0.68956 0.60232 0.41825 0.67991 0.60182 0.45553 0.65598 0.68524 0.35861 0.63391 0.67917 0.32687 0.65718 0.29053 0.01202 0.95679 0.38892 -0.02379 0.92096 0.37039 -0.0503 0.92751 0.28979 0.01138 0.95702 0.18838 0.0025 0.98209 0.20003 0.0411 0.97893 0.17497 0.03887 0.98381 0.08993 0.12611 0.98793 0.32626 0.02979 0.94481 0.33704 0.11595 0.93432 0.20051 0.19241 0.96061 0.2015 0.19808 0.95925 0.25515 0.16497 0.95272 0.08156 0.00099 0.99667 0.05942 0.11306 0.99181 0.13695 0.20598 0.96893 0.0861 0.30821 0.94741 0.06606 0.34208 0.93734 0.1626 0.352 0.92177 0.35611 0.24724 0.90114 0.43471 0.20329 0.87733 0.42517 0.18719 0.88554 0.51833 0.15106 0.84173 0.42065 0.05961 0.90526 0.52264 -0.21792 0.82423 0.50931 -0.22634 0.83028 0.5317 -0.26792 0.80344 0.49803 -0.30061 0.81339 0.5207 -0.35269 0.77749 0.45591 -0.13195 0.88019 0.48202 -0.12264 0.86753 0.48288 -0.06521 0.87325 0.48739 0.03958 0.87228 0.49402 -0.44756 0.74541 0.25354 -0.62816 0.73561 0.1289 -0.60954 0.78221 0.16337 -0.63211 0.75746 0.09926 -0.66571 0.73958 0.74698 0.1205 0.65384 0.58909 0.05845 0.80595 0.58956 0.05895 0.80557 0.62295 0.01198 0.78217 0.58781 -0.03325 0.80831 0.62533 -0.13489 0.76861 0.60903 -0.20601 0.76592 0.55023 -0.3619 0.75251 -0.17602 0.08887 0.98037 -0.09543 0.2319 0.96805 -0.03837 0.38681 0.92136 -0.24357 0.41666 0.87582 0.14569 -0.51207 -0.8465 0.20886 0.13588 -0.96846 0.37009 0.08862 -0.92476 0.57963 -0.75984 0.29441 0.28364 -0.6824 -0.67371 0.69972 -0.57801 -0.41987 0.34052 -0.13013 -0.93119 0.29609 -0.18935 -0.9362 0.21681 -0.50776 -0.83377 0.16219 -0.60307 -0.78103 0.0547 -0.51026 -0.85828 0.3438 -0.43838 -0.83044 0.54135 -0.83998 -0.03702 0.05948 0.04832 -0.99706 0.90005 -0.37181 -0.22732 0.96312 -0.23287 -0.1348 0.34408 -0.12814 0.93016 0.38682 -0.01705 0.922 0.17487 0.20282 -0.96347 0.2465 0.03178 0.96862 0.04602 -0.36395 -0.93028 0.21426 0.08511 -0.97306 0.32317 0.22461 -0.9193 0.10298 -0.08616 -0.99094 0.25135 0.03584 -0.96723 0.32252 0.18244 -0.92882 -0.00555 0.54175 0.84052 -0.88573 -0.09886 0.45354 -0.7664 0.04126 0.64104 -0.86363 -0.02559 0.50348 -0.62255 0.2542 0.74015 -0.3487 0.23829 0.90643 -0.07874 0.08665 0.99312 -0.24448 0.30414 0.92072 -0.03533 -0.38512 0.92219 -0.04739 -0.07021 0.99641 0.04962 -0.43687 0.89816 0.04479 -0.35573 0.93352 -0.00611 -0.04696 0.99888 -0.00291 -0.14095 0.99001 -0.03413 -0.48935 0.87142 0.04464 -0.43003 0.90171 0.04346 -0.35461 0.934 -0.00594 -0.08845 0.99606 0.00378 -0.07759 0.99698 0.00472 -0.10186 0.99479 0.00619 -0.128 0.99176 0.00133 -0.13082 0.9914 -0.00345 -0.12087 0.99266 0.01837 -0.19039 0.98154 -0.00532 -0.21595 0.97639 -0.01526 -0.23797 0.97115 0.00515 -0.23111 0.97291 0.01127 -0.27378 0.96173 0.00207 -0.27423 0.96166 0.04293 -0.32456 0.94489 0.05505 -0.39142 0.91857 0.00225 -0.54657 0.83741 -0.02648 -0.55926 0.82857 -0.05493 -0.51281 0.85675 -0.02624 -0.30947 0.95055 -0.01713 -0.29572 0.95512 -0.00565 -0.27917 0.96023 -0.00859 -0.27272 0.96206 -0.01892 -0.26965 0.96277 -0.01235 -0.25982 0.96558 -0.01049 -0.22151 0.9751 0.01435 -0.23045 0.97298 -0.00667 -0.20697 0.97832 -0.04533 -0.17379 0.98374 -0.02897 -0.19223 0.98092 -0.02234 -0.11095 0.99357 -0.00544 -0.11321 0.99356 -0.00545 -0.11319 0.99356 -0.00064 -0.08907 0.99603 -0.00102 -0.05661 0.9984 -0.00624 -0.05269 0.99859 -0.00524 -0.04443 0.999 -0.04207 -0.08163 0.99577 -0.03897 -0.19907 0.97921 -0.04286 -0.2272 0.9729 -0.03774 -0.24738 0.96818 -0.0075 -0.28268 0.95918 -0.08796 -0.24668 0.9651 -0.04667 -0.24987 0.96715 -0.01267 -0.26987 0.96281 -0.01087 -0.25902 0.96581 -0.01773 -0.26869 0.96306 0.02301 -0.25518 0.96662 -0.00947 -0.21585 0.97638 -0.01005 -0.19108 0.98152 0.01552 -0.15978 0.98703 -0.00707 -0.16668 0.98599 -0.00099 -0.09869 0.99512 -0.00168 -0.08191 0.99664 -0.0036 -0.0447 0.99899 -0.00127 -0.04914 0.99879 0.00538 -0.02343 0.99971 -0.00169 -0.08142 0.99668 -0.01275 -0.08034 0.99669 -0.00849 -0.06664 0.99774 -0.0103 -0.06466 0.99785 -0.01116 -0.13705 0.9905 -0.00887 -0.14035 0.99006 -0.01522 -0.16822 0.98563 0.02029 -0.18048 0.98337 -0.04809 -0.179 0.98267 -0.02324 -0.19964 0.97959 -0.01035 -0.25802 0.96608 -0.02668 -0.2563 0.96623 -0.03427 -0.25341 0.96675 -0.03544 -0.24599 0.96862 -0.01207 -0.26968 0.96288 -0.00289 -0.27427 0.96165 -0.00929 -0.27409 0.96166 -0.00206 -0.27868 0.96038 -0.01065 -0.29725 0.95474 -0.02674 -0.30181 0.95299 -0.00819 -0.29706 0.95482 -0.00903 -0.29951 0.95405 0.05023 -0.20553 0.97736 0.02685 -0.04861 0.99846 0.03313 -0.30937 0.95036 -0.0125 -0.27032 0.96269 -0.00586 -0.26578 0.96402 0.04523 -0.35342 0.93437 -0.04754 -0.22284 0.9737 -0.0524 -0.18747 0.98087 0.04725 -0.38591 0.92133 -0.04551 -0.18987 0.98075 0.0484 -0.39705 0.91652 0.04801 -0.39681 0.91664 -0.03446 -0.1623 0.98614 -0.01479 -0.25859 0.96587 -0.04506 -0.15822 0.98638 0.00712 -0.3078 0.95143 0.05603 -0.54755 0.8349 -0.0365 0.01391 0.99924 0.01205 -0.29811 0.95445 0.00219 -0.27959 0.96012 0.05893 -0.55373 0.83061 0.00919 -0.27398 0.96169 -0.01942 0.0125 0.99973 0.03856 -0.33699 0.94072 0.04219 -0.56262 0.82564 0.03485 -0.62461 0.78016 -0.01182 -0.56619 0.82419 -0.02859 0.05135 0.99827 0.00303 0.18285 0.98314 -0.03182 -0.13287 0.99062 -0.02435 -0.29525 0.95511 0.00885 -0.01251 0.99988 -0.00983 -0.15141 0.98842 -0.00268 -0.56658 0.824 -0.01241 -0.52153 0.85314 0.02262 -0.18943 0.98163 0.02017 -0.18308 0.98289 -0.01172 -0.23364 0.97225 -0.00333 -0.26018 0.96556 -0.05496 -0.5053 0.86119 -0.06224 -0.42727 0.90198 -0.06021 -0.42535 0.90302 -0.06932 -0.41286 0.90815 0.11202 -0.14307 0.98335 0.06009 -0.1365 0.98882 -0.01504 -0.32445 0.94578 -0.04352 -0.34009 0.93938 0.09483 -0.01465 0.99539 -0.01011 -0.29711 0.95479 -0.04819 -0.98448 -0.16872 -0.12979 -0.98106 -0.1438 -0.28878 -0.9494 -0.12345 -0.35011 -0.93307 -0.08246 -0.65544 -0.75049 0.08466 -0.62297 -0.76979 -0.139 -0.84788 -0.52655 0.06198 -0.78906 -0.58646 0.18289 -0.72898 -0.68351 -0.03738 -0.65961 -0.74862 0.06705 -0.06696 -0.89891 0.43298 -0.40019 -0.73835 0.54285 -0.14602 -0.91071 0.38638 -0.45557 -0.46667 0.75808 -0.012 -0.99374 0.11104 -0.00351 0.02187 -0.99975 0.00853 0.01778 -0.99981 0.00385 0.01048 -0.99994 0.03236 0.0146 -0.99937 0.02904 0.01879 -0.9994 0.05207 0.01718 -0.9985 0.04611 0.02253 -0.99868 0.0676 0.02252 -0.99746 -0.02905 0.01893 -0.9994 -0.02836 0.01977 -0.9994 -0.01535 0.02696 -0.99952 -0.03698 0.02055 -0.9991 -0.05018 0.01394 -0.99864 -0.06359 0.00195 -0.99797 -0.07638 0.02779 -0.99669 -0.07614 0.02761 -0.99671 -0.01011 -0.24521 -0.96942 -0.03457 -0.55328 -0.83228 -0.19468 -0.75101 -0.63093 -0.07337 -0.08396 -0.99376 -0.07802 -0.0091 -0.99691 -0.62832 -0.61016 0.48263 -0.14888 0.07826 -0.98575 -0.23962 0.09869 -0.96584 -0.22488 0.10129 -0.96911 -0.11344 0.03375 -0.99297 -0.8984 -0.36914 -0.23793 -0.43664 0.14144 -0.88845 -0.04483 -0.16245 -0.9857 -0.11804 -0.36243 -0.92451 -0.31948 -0.43311 -0.84282 -0.33255 -0.27384 -0.90245 -0.70044 0.22243 0.67816 -0.26421 -0.51869 -0.81312 -0.73421 0.12272 -0.66774 -0.57265 -0.40377 -0.71348 -0.52611 -0.22197 -0.82094 -0.63281 -0.18074 -0.75291 -0.57836 -0.0395 -0.81483 -0.57587 0.22243 -0.7867 -0.06758 0.93967 -0.33534 -0.1108 0.92748 -0.35709 -0.1172 0.93027 -0.34766 -0.18472 0.93343 -0.30754 -0.24272 0.9151 -0.322 -0.27915 0.88645 -0.36916 -0.3007 0.88952 -0.344 -0.35112 0.88157 -0.31551 -0.72548 0.5875 -0.3585 -0.79268 0.48011 -0.3757 -0.79707 0.47243 -0.37614 -0.82231 0.40588 -0.39883 -0.85323 0.35689 -0.38031 -0.86062 0.32552 -0.39163 -0.89574 0.09797 -0.43366 -0.90083 0.05042 -0.43124 -0.87622 0.00239 -0.48191 -0.87788 -0.00209 -0.47888 -0.87722 -0.06302 -0.47593 -0.85399 -0.11217 -0.50805 -0.84533 -0.08019 -0.52819 -0.84898 -0.15151 -0.50623 -0.83245 -0.19908 -0.51711 -0.80195 -0.22064 -0.55515 -0.80121 -0.21566 -0.55817 -0.78298 -0.2922 -0.54914 -0.71714 -0.39811 -0.57203 -0.73419 -0.37206 -0.56793 -0.38876 -0.6374 -0.66527 -0.33009 -0.61578 -0.71544 -0.22565 -0.61416 -0.75624 -0.08009 -0.61277 -0.7862 -0.11013 -0.65249 -0.74976 -0.18971 -0.66136 -0.72568 -0.04603 -0.67037 -0.7406 -0.10025 0.01949 -0.99477 -0.2702 0.05271 -0.96136 -0.36485 0.1277 -0.92227 -0.51463 0.28131 -0.80995 -0.41663 0.28804 -0.86224 -0.41422 0.36543 -0.8336 -0.39368 0.33604 -0.85562 -0.1158 0.89718 -0.42622 -0.20267 0.86454 -0.45988 -0.2734 0.87377 -0.40223 -0.34468 0.80898 -0.47618 -0.42008 0.80582 -0.41736 -0.48242 0.74462 -0.46132 -0.7768 0.40945 -0.47847 -0.80089 0.30489 -0.51539 -0.83286 0.10586 -0.54327 -0.41531 0.84655 -0.33298 -0.43409 0.82429 -0.36347 -0.45583 0.82006 -0.34601 -0.52309 0.78391 -0.33445 -0.55232 0.75438 -0.35476 -0.55173 0.75591 -0.35242 -0.59161 0.72079 -0.36119 -0.61426 0.68894 -0.38477 -0.65377 0.6737 -0.34453 -0.68983 0.64421 -0.33034 -0.72243 0.58671 -0.36588 -0.808 0.41919 -0.41403 -0.85011 0.27381 -0.44982 -0.86493 0.24037 -0.44059 -0.87021 0.2182 -0.44172 -0.86479 0.1955 -0.46252 -0.87209 0.13382 -0.4707 -0.07862 0.75855 -0.64686 -0.16158 0.71269 -0.68261 -0.15814 0.72416 -0.67125 -0.28862 0.69105 -0.66268 -0.28944 0.67917 -0.6745 -0.39725 0.63409 -0.66342 -0.61412 0.3634 -0.70057 -0.65617 0.30853 -0.68865 -0.64136 0.2851 -0.71231 -0.69374 0.19553 -0.69318 -0.66113 0.17393 -0.72983 -0.70149 0.07042 -0.70919 -0.11638 0.82315 -0.55577 -0.18535 0.81243 -0.55281 -0.19002 0.80662 -0.5597 -0.3214 0.76979 -0.55148 -0.32526 0.75774 -0.56572 -0.43972 0.70611 -0.55503 -0.7008 0.40963 -0.58402 -0.72197 0.3199 -0.61353 -0.76741 0.29093 -0.57135 -0.7696 0.20784 -0.60375 -0.76102 0.19498 -0.61874 -0.78703 0.14154 -0.60046 -0.74584 -0.07762 -0.66159 -0.73493 -0.1141 -0.66847 -0.00943 -0.43664 -0.89959 -0.06834 -0.50396 -0.86102 -0.13588 -0.43376 -0.89072 -0.20772 -0.48993 -0.84666 -0.23908 -0.39236 -0.88819 -0.35469 -0.47412 -0.80586 -0.34466 -0.35829 -0.86766 -0.45977 -0.3755 -0.80475 -0.45692 -0.31411 -0.8322 -0.57822 -0.31306 -0.75343 -0.54018 -0.1944 -0.81879 -0.68014 -0.14053 -0.71949 -0.73112 0.06421 -0.67922 -0.663 0.41198 -0.62506 -0.5844 0.49512 -0.64291 -0.59255 0.51919 -0.61589 -0.49918 0.59209 -0.63265 -0.49765 0.61052 -0.61612 -0.43142 0.65025 -0.62534 -0.07183 0.78597 -0.61408 -0.01627 0.80505 -0.59298 -0.44322 -0.57973 -0.68371 -0.44668 -0.54318 -0.71094 -0.47706 -0.55632 -0.68039 -0.55115 -0.52652 -0.64731 -0.56365 -0.46514 -0.6826 -0.59814 -0.46019 -0.65609 -0.65055 -0.39002 -0.65167 -0.64787 -0.40677 -0.64405 -0.73409 -0.32021 -0.59882 -0.79037 -0.21205 -0.57476 -0.83675 0.0331 -0.54659 -0.73057 0.54185 -0.41554 -0.71956 0.57298 -0.39233 -0.62726 0.62827 -0.46024 -0.61405 0.68834 -0.38619 -0.23655 -0.56242 -0.79229 -0.30956 -0.58817 -0.74715 -0.34327 -0.45087 -0.82394 -0.44399 -0.5377 -0.71677 -0.46347 -0.38183 -0.79963 -0.62342 -0.34689 -0.70073 -0.68447 -0.27493 -0.67521 -0.67425 -0.23716 -0.69939 -0.69166 -0.21029 -0.69093 -0.78199 -0.05769 -0.62062 -0.79035 0.01231 -0.61253 -0.73099 0.43163 -0.52853 -0.69939 0.5128 -0.49789 -0.63251 0.54005 -0.55522 -0.6123 0.62038 -0.49011 -0.54799 0.65074 -0.52559 -0.5361 0.67787 -0.50307 -0.48289 0.72109 -0.49684 -0.07644 0.87402 -0.47985 -0.0228 0.87011 -0.49233 -0.34429 -0.01093 -0.9388 -0.26744 -0.01244 -0.96349 -0.13688 0.03693 -0.9899 -0.32824 -0.09604 -0.9397 -0.07241 -0.00781 -0.99734 -0.10181 -0.06053 -0.99296 -0.26487 -0.16167 -0.95063 -0.24158 -0.19297 -0.951 -0.09385 -0.24453 -0.96509 -0.13276 -0.20913 -0.96883 -0.05752 -0.19902 -0.97831 -0.0462 -0.16169 -0.98576 -0.41112 0.05029 -0.91019 -0.44153 0.07364 -0.89422 -0.41705 -0.16643 -0.89352 -0.56761 0.07584 -0.8198 -0.54578 0.15982 -0.82255 -0.5705 0.16984 -0.80354 -0.55077 0.26467 -0.79158 -0.48941 0.27529 -0.82746 -0.44361 0.39658 -0.8037 -0.37193 0.42616 -0.82465 -0.37926 0.48286 -0.78931 -0.3596 0.4785 -0.80108 -0.27821 0.50888 -0.81464 -0.28592 0.54343 -0.78927 -0.18434 0.56093 -0.80708 -0.18242 0.58614 -0.7894 -0.11451 0.55911 -0.82115 -0.07165 0.624 -0.77813 -0.04751 0.59228 -0.80433 -0.41713 0.21852 -0.88218 -0.47639 0.1589 -0.86476 -0.48766 -0.00601 -0.87301 -0.41036 -0.03317 -0.91132 -0.47165 -0.08675 -0.87751 -0.38047 -0.12864 -0.9158 -0.20268 -0.05591 -0.97765 -0.14287 -0.00501 -0.98973 -0.13197 0.01305 -0.99117 -0.00787 -0.37336 -0.92765 -0.22114 -0.32422 -0.91977 -0.27333 -0.27416 -0.92202 -0.41215 -0.25276 -0.87535 -0.57222 -0.22316 -0.78915 -0.53566 -0.11822 -0.83612 -0.61085 -0.10521 -0.78473 -0.59088 -0.02536 -0.80636 -0.62413 -0.01113 -0.78124 -0.62946 0.0479 -0.77555 -0.57518 0.36204 -0.73355 -0.4969 0.42076 -0.75898 -0.51906 0.45681 -0.72243 -0.4223 0.52462 -0.73922 -0.42202 0.52378 -0.73997 -0.37703 0.59266 -0.71176 -0.29511 0.55741 -0.77602 -0.28121 0.66361 -0.69321 -0.18856 0.60232 -0.77567 -0.15191 0.70199 -0.6958 -0.07293 0.63101 -0.77234 -0.03558 0.70223 -0.71106 0.02733 0.70484 -0.70884 0.29029 -0.12069 -0.9493 0.02429 -0.68131 -0.73159 0.07398 -0.6743 -0.73474 0.05251 -0.65414 -0.75455 0.14908 -0.63689 -0.7564 0.18435 -0.70076 -0.68917 0.25637 -0.59819 -0.75924 0.29405 -0.64988 -0.70085 0.3637 -0.61936 -0.69579 0.36797 -0.59472 -0.71478 0.73995 -0.37157 -0.56073 0.85758 -0.14438 -0.49367 0.91769 -0.00226 -0.39729 0.88852 0.16687 -0.42741 0.86231 0.24175 -0.44494 0.88529 0.276 -0.37427 0.83809 0.35127 -0.41739 0.84079 0.38724 -0.37831 0.79602 0.4419 -0.41361 0.77143 0.54031 -0.33611 0.40348 0.86821 -0.28881 0.2901 0.87422 -0.38934 0.21032 0.92976 -0.30217 0.0397 0.93147 -0.36164 0.43074 0.3966 -0.81066 0.36574 0.41626 -0.83244 0.41291 0.28706 -0.86435 0.32134 0.04568 -0.94586 0.28862 0.0388 -0.95666 0.2395 0.01632 -0.97076 0.22907 -0.00104 -0.97341 0.16882 0.019 -0.98546 0.1356 0.02195 -0.99052 0.44548 -0.38421 -0.80866 0.4187 -0.37697 -0.82618 0.32541 -0.43349 -0.84036 0.28852 -0.49298 -0.82081 0.22817 -0.42213 -0.87735 0.14342 -0.48108 -0.86486 0.12813 -0.46223 -0.87745 0.03927 -0.49063 -0.87048 0.40692 -0.47171 -0.78225 0.28732 -0.48782 -0.8243 0.25849 -0.60583 -0.75243 0.15681 -0.52431 -0.83696 0.56492 -0.49104 -0.66313 0.52397 -0.50071 -0.68902 0.50724 -0.5304 -0.67925 0.44495 -0.54314 -0.71206 0.43814 -0.56891 -0.69597 0.70584 -0.25887 -0.65937 0.65691 -0.27927 -0.70034 0.68032 -0.36466 -0.63576 0.64281 -0.40479 -0.65034 0.63625 -0.43563 -0.63671 0.7965 -0.17609 -0.57843 0.16857 0.71901 -0.67425 0.28999 0.68672 -0.66658 0.26143 0.67144 -0.69342 0.36093 0.66372 -0.65514 0.39464 0.5982 -0.69744 0.47139 0.59751 -0.64867 0.49222 0.52513 -0.69423 0.55051 0.49115 -0.67507 0.56345 0.49047 -0.6648 0.59595 0.42752 -0.67975 0.67942 0.208 -0.70365 0.712 0.171 -0.68103 0.69516 0.1172 -0.70924 0.63112 -0.14526 -0.76197 0.57646 -0.20968 -0.78977 0.59506 -0.24696 -0.7648 0.54519 -0.30112 -0.78237 0.50581 -0.30272 -0.80779 0.50166 -0.34975 -0.79121 0.1979 0.81006 -0.55195 0.31519 0.77678 -0.54522 0.3049 0.77396 -0.555 0.4105 0.72996 -0.54649 0.39392 0.7275 -0.56176 0.52987 0.64911 -0.54579 0.50471 0.64649 -0.57212 0.63146 0.54453 -0.55204 0.62458 0.54443 -0.5599 0.7601 0.0605 -0.64699 0.7576 0.02074 -0.65239 0.76325 -0.10743 -0.63711 0.75506 -0.30046 -0.58276 0.79693 -0.2755 -0.53759 0.78633 -0.20128 -0.5841 0.71916 -0.20198 -0.66484 0.67887 -0.15273 -0.7182 0.72272 -0.0891 -0.68537 0.70506 -0.05939 -0.70665 0.71928 -0.00442 -0.6947 0.72978 0.28368 -0.62205 0.6746 0.32147 -0.6645 0.68638 0.40348 -0.60505 0.15825 0.77265 -0.61479 0.07895 0.7967 -0.5992 0.04196 0.77916 -0.62542 0.19083 0.87348 -0.44791 0.28598 0.86689 -0.40831 0.33192 0.82285 -0.46124 0.45065 0.79528 -0.40551 0.41596 0.79046 -0.44961 0.56858 0.69693 -0.43704 0.52512 0.69726 -0.48793 0.61919 0.65127 -0.43869 0.66729 0.57579 -0.47242 0.64667 0.5798 -0.49562 0.84112 0.05664 -0.53787 0.82245 -0.02025 -0.56847 0.75719 0.54512 -0.35987 0.69624 0.5988 -0.39584 0.65065 0.67484 -0.34819 0.66142 0.67115 -0.33478 0.56578 0.72788 -0.3874 0.53527 0.7836 -0.31537 0.43587 0.81458 -0.38271 0.04546 0.92761 -0.37076 0.17041 0.91315 -0.37029 0.73961 0.5194 -0.42802 0.75787 0.45955 -0.46309 0.82362 0.34178 -0.4526 0.84528 0.2527 -0.47079 0.86543 0.13018 -0.48382 0.86931 0.06732 -0.48967 0.02913 0.88441 -0.4658 0.08568 0.85749 -0.50732 0.17997 0.86294 -0.47217 0.72977 0.42505 -0.53552 0.73056 0.4249 -0.53455 0.77924 0.35966 -0.51325 0.76133 0.28129 -0.58417 0.80414 0.23688 -0.5452 0.80666 0.16668 -0.56703 0.80121 0.17523 -0.57215 0.80671 0.08201 -0.58523 0.83396 -0.05579 -0.54899 0.83891 -0.06114 -0.54083 0.28207 0.01351 -0.9593 -0.00223 -0.09079 -0.99587 0.19992 -0.16113 -0.96647 0.17697 -0.23633 -0.95542 0.1641 -0.22357 -0.96078 0.07825 -0.21666 -0.97311 0.09167 -0.23781 -0.96698 0.03792 -0.22242 -0.97421 0.22846 -0.09287 -0.96911 0.26189 -0.19369 -0.94546 0.14133 -0.01821 -0.98979 0.10318 -0.00242 -0.99466 0.10606 -0.00043 -0.99436 0.32063 -0.06856 -0.94472 0.13203 0.00899 -0.9912 0.40349 0.09373 -0.91017 0.37619 0.04395 -0.9255 0.50733 0.24044 -0.82753 0.44484 0.24586 -0.8612 0.49593 0.1964 -0.84586 0.44623 0.16272 -0.88 0.47498 0.10806 -0.87334 0.47246 0.00408 -0.88134 0.46883 -0.05355 -0.88166 0.44785 -0.05518 -0.8924 0.42439 -0.11375 -0.8983 0.43721 -0.12741 -0.89029 0.33233 -0.27402 -0.90248 0.34927 -0.30963 -0.88439 0.30195 -0.35605 -0.88434 0.19481 -0.26904 -0.94322 0.02814 0.60348 -0.79688 0.03178 0.60998 -0.79178 0.12202 0.58805 -0.79957 0.13337 0.60211 -0.78719 0.20661 0.5693 -0.79574 0.2395 0.58838 -0.7723 0.2883 0.52688 -0.79955 0.34016 0.53261 -0.77499 0.34626 0.47954 -0.80632 0.37459 0.46026 -0.80489 0.45603 0.3972 -0.79641 0.48545 0.3652 -0.79433 0.56913 0.19799 -0.79806 0.57729 0.09628 -0.81084 0.57341 0.09784 -0.8134 0.5955 0.04887 -0.80187 0.55759 0.00177 -0.83011 0.39831 -0.20662 -0.89367 0.404 -0.21498 -0.88914 0.03775 0.68667 -0.72598 0.138 0.67761 -0.72236 0.54772 0.37344 -0.7487 0.61379 0.29531 -0.73215 0.58986 0.3011 -0.74927 0.61979 0.21958 -0.75342 0.60826 -0.0404 -0.79271 0.56837 -0.08449 -0.81842 0.58495 -0.45423 -0.67195 -0.58212 0.80433 0.11908 -0.76252 0.64504 -0.04992 -0.98294 -0.18383 0.00628 -0.98638 -0.16418 -0.01038 -0.51321 -0.85714 0.04381 -0.32092 -0.94477 -0.06651 0.39797 -0.91577 0.0546 0.551 -0.83402 -0.02836 0.97526 -0.22084 0.00963 0.9664 -0.25677 -0.01199 0.90254 0.42956 0.03001 0.81161 0.58122 -0.05889 0.37265 0.92553 0.06726 0.13818 0.98504 -0.10295 -0.87582 -0.48152 0.03293 -0.8266 -0.56275 -0.006 -0.33297 -0.94233 -0.03396 -0.17108 -0.98445 0.04 0.54322 -0.83915 -0.02733 0.66179 -0.74962 0.01002 0.99595 -0.08952 -0.00791 0.99578 -0.09141 -0.0083 0.89061 0.45463 0.01128 0.73898 0.67359 -0.01365 0.44347 0.89622 0.01111 0.17523 0.98441 -0.01489 -0.3067 0.95149 0.02469 -0.60304 0.79688 -0.03655 -0.95374 0.29827 0.03769 -0.99672 0.07243 -0.03615 -0.62074 0.78401 -0.00194 0.95721 -0.2894 0.00086 0.86604 -0.49978 -0.014 0.78398 -0.62024 0.02579 0.52895 -0.84863 -0.00561 0.74266 -0.66956 0.01199 0.32959 -0.94412 0.00398 0.39274 -0.91952 0.01523 0.13731 -0.99052 -0.00475 -0.13406 -0.99084 0.01611 -0.21101 -0.97748 0.00177 -0.55092 -0.83454 -0.0056 -0.67435 -0.73831 0.01227 -0.79406 -0.60782 -0.00337 -0.95802 -0.2867 -0.00263 -0.9342 -0.35667 0.00719 -0.99486 0.10125 -0.0002 -0.99425 0.10707 0.001 -0.86032 0.50975 0.00107 -0.87425 0.48544 0.00616 -0.36071 0.93261 -0.01091 -0.5232 0.85178 0.027 0.01316 0.99793 0.06289 -0.14594 0.98915 -0.01701 -0.77889 -0.62684 -0.02021 -0.61253 -0.79028 0.0162 -0.05542 -0.99845 -0.00531 0.02067 -0.99905 -0.03837 0.72936 -0.68214 0.05215 0.85752 -0.51192 -0.05092 0.96975 0.24234 0.02942 0.98358 0.18039 -0.00557 0.49806 0.86682 -0.02372 0.64438 0.76465 0.0097 -0.07419 0.99694 0.02457 -0.52089 0.85329 -0.02401 -0.70354 0.71059 0.00932 -0.99746 -0.06952 0.01524 -0.99611 0.08763 -0.00914 0.27045 -0.18517 0.94476 0.5125 -0.85831 0.02533 -0.63449 0.77232 -0.03064 -0.35353 0.93531 0.01422 -0.26977 0.96076 0.06456 -0.05716 0.99813 -0.02148 0.24504 0.96944 -0.01201 0.36869 0.92849 0.04444 0.50189 0.86493 -0.00324 0.75568 0.6547 0.01803 0.7453 0.66614 0.02815 0.90699 0.41965 -0.03553 0.99472 0.06833 0.07661 0.99319 0.10971 0.03928 0.95948 -0.2765 -0.05422 0.85577 -0.51708 0.01725 0.69412 -0.71941 -0.02516 0.81 -0.57531 0.11362 0.32792 -0.89009 0.31654 0.19677 -0.97971 0.03806 -0.0676 -0.88529 -0.46009 -0.35163 -0.56332 0.74768 -0.35126 -0.87348 0.33713 -0.56811 -0.81891 -0.08145 -0.84162 -0.53978 0.0174 -0.80504 -0.58558 0.09484 -0.95726 -0.28902 -0.01147 -0.99989 -0.01101 0.01037 -0.99515 -0.07506 0.06361 -0.96208 0.27 -0.03875 -0.8371 0.5456 0.03992 -0.82425 0.56357 0.05477 0.62725 0.7785 0.02221 0.5695 0.81502 -0.10686 0.55186 0.83381 -0.01423 0.47237 0.8783 0.07379 0.38969 0.92025 -0.03588 0.35429 0.92561 -0.13311 0.3097 0.9508 0.00851 0.22443 0.97324 0.04933 0.13301 0.98628 -0.09781 0.14811 0.98785 -0.04715 0.04622 0.99844 0.0313 -0.0455 0.99534 -0.08506 -0.04602 0.99548 -0.0831 -0.11174 0.99309 0.03597 -0.21933 0.97428 0.05168 -0.26959 0.95946 -0.08221 -0.29303 0.95565 -0.02926 -0.44735 0.89261 -0.05583 -0.4351 0.89616 -0.08706 -0.39462 0.91872 0.0152 -0.54707 0.83343 0.07811 -0.6268 0.77506 -0.08003 -0.6107 0.78143 -0.12808 -0.68017 0.73299 0.00951 -0.74086 0.67159 0.00966 -0.78013 0.61095 -0.1347 -0.77765 0.62823 -0.02421 -0.86024 0.50988 0.00115 -0.87199 0.48154 -0.08806 -0.9099 0.41274 0.04159 -0.92643 0.37404 0.04265 -0.95131 0.29269 -0.09669 -0.94827 0.28374 -0.14242 -0.98299 0.17534 0.05472 -0.99842 0.05612 -0.00061 -0.99746 0.04958 -0.05109 -0.99458 -0.09997 0.02862 -0.99224 -0.11667 -0.04296 -0.96829 -0.24892 0.0212 -0.96394 -0.2625 -0.04376 -0.91717 -0.3954 0.04963 -0.89631 -0.43161 -0.10166 -0.83918 -0.53469 0.09946 -0.77425 -0.63052 -0.05462 -0.76578 -0.63513 -0.10101 -0.73666 -0.67536 -0.03499 -0.6352 -0.77233 -0.0051 -0.61919 -0.78258 -0.06469 -0.26726 -0.9636 0.00672 -0.52883 -0.84526 0.07666 -0.45241 -0.88702 -0.09234 -0.39212 -0.91882 0.04495 -0.29477 -0.95394 -0.05573 -0.142 -0.98794 -0.0617 -0.16254 -0.98668 -0.00679 0.28384 -0.95565 -0.07854 0.23542 -0.97164 0.02213 0.08289 -0.99613 -0.02929 0.10887 -0.98333 -0.14565 -0.02903 -0.9965 0.07845 0.44693 -0.89448 0.01294 0.33588 -0.9404 0.0533 0.51041 -0.84387 -0.16539 0.54167 -0.83904 -0.05098 0.6151 -0.78571 0.06569 0.72636 -0.67959 -0.10276 0.71208 -0.70167 -0.02428 0.78913 -0.61214 0.05067 0.86282 -0.50134 -0.06477 0.8656 -0.49351 -0.08476 0.91692 -0.39895 -0.01002 0.93259 -0.35786 -0.0469 0.94487 -0.3244 0.0445 0.97438 -0.21109 -0.07761 0.9822 -0.1873 0.01405 0.99692 -0.07774 0.01017 0.99386 -0.01881 -0.10908 0.99609 0.04914 0.07344 0.97169 0.21067 -0.10695 0.9715 0.21042 -0.1091 0.95262 0.29517 0.07342 0.89966 0.43216 -0.06212 0.90666 0.42118 -0.02421 0.82807 0.56048 -0.01259 0.83145 0.54937 -0.08302 0.77388 0.63293 0.02249 0.70002 0.70674 -0.10239 0.71903 0.69379 -0.04066 -0 -1 0 -0 -1 -1E-05 -0 -1 -1E-05 -6E-05 -1 1E-05 -0 -1 1E-05 0 -1 1E-05 3E-05 -1 0 0 -1 -0 -2E-05 -1 2E-05 0 -1 1E-05 1E-05 -1 0 6E-05 -1 2E-05 0 -1 -1E-05 -3E-05 -1 1E-05 3E-05 -1 -1E-05 4E-05 -1 -0 1E-05 -1 -1E-05 9E-05 -1 0.00027 7E-05 -1 -1E-05 0.00014 -1 0.00045 -3E-05 -1 -1E-05 3E-05 -1 1E-05 0.00011 -1 -0.00056 -0 -1 3E-05 -2E-05 -1 -2E-05 2E-05 -1 2E-05 0 -1 -0 1E-05 -1 0 -4E-05 -1 -2E-05 -0 -1 -0 2E-05 -1 -3E-05 -0 -1 -0 -1E-05 -1 1E-05 -0 -1 3E-05 -0 -1 0 -3E-05 -1 -0.00031 -7E-05 -1 6E-05 -5E-05 -1 -2E-05 -0.0001 -1 0.00025 -3E-05 -1 -3E-05 -1E-05 -1 1E-05 2E-05 -1 4E-05 -2E-05 -1 -4E-05 1E-05 -1 -1E-05 -1E-05 -1 1E-05 0 -1 0 2E-05 -1 -2E-05 -0.33593 -0.92907 0.15488 -0.16778 -0.97393 0.15268 -0.74713 -0.24638 0.61732 -0.93052 -0.36139 0.05943 -0.91073 -0.40931 0.05504 -0.99887 -0.04762 -0.00083 -0.99935 -0.03602 0.00105 -0.98995 -0.14131 0.00588 -0.98765 -0.1529 -0.03415 -0.99517 -0.09815 -0.00272 -0.92032 -0.37423 0.11383 -0.98053 -0.19605 -0.01095 -0.98725 -0.14566 0.06418 -0.99126 -0.13159 0.00934 -0.9731 -0.19704 0.11936 -0.975 -0.18543 0.12243 -0.94823 -0.26484 0.17525 -0.9254 -0.2815 0.25375 -0.75795 -0.45329 0.46909 -0.7498 -0.44616 0.48862 -0.8107 -0.3405 0.47626 -0.86681 -0.2961 0.40121 -0.88922 -0.20439 0.40929 -0.68669 -0.12793 0.71561 -0.75119 -0.23062 0.61848 -0.72536 -0.16064 0.66936 -0.75193 -0.04333 0.65781 -0.8268 -0.12096 0.54933 -0.86247 -0.15912 0.48045 -0.82622 -0.12251 0.54987 -0.78855 -0.25041 0.56167 -0.80677 -0.10201 0.582 -0.83868 -0.39403 0.37598 -0.89083 -0.30402 0.33763 -0.92422 -0.28489 0.25427 -0.77282 -0.321 0.54745 -0.85353 -0.25991 0.4516 -0.91549 -0.19872 0.34985 -0.94574 -0.15592 0.28508 -0.98973 -0.09128 0.11001 -0.93816 -0.05145 0.34236 -0.94988 -0.06162 0.30647 -0.98856 -0.09299 0.11876 -0.97823 -0.06411 0.19736 -0.98298 -0.02583 0.18186 -0.94794 -0.0053 0.3184 -0.92505 -0.09756 0.36709 -0.98357 0.01405 0.17999 -0.99209 -0.03313 0.12105 -0.98763 -0.02027 0.1555 -0.97293 -0.11091 0.20275 -0.89731 -0.08834 0.43248 -0.88679 -0.10701 0.44962 -0.29873 -0.78199 0.54704 -0.29783 -0.78354 0.54532 -0.66187 -0.54929 0.51011 -0.05462 -0.61109 0.78967 -0.08841 -0.7018 0.70687 -0.01893 -0.37429 0.92712 -0.11869 -0.27861 0.95304 -0.16363 -0.83818 0.52027 -0.29025 -0.60082 0.74483 -0.18175 -0.81088 0.55628 -0.28615 -0.61127 0.73788 -0.45332 -0.58259 0.6746 -0.0374 -0.2567 0.96577 -0.14789 -0.41144 0.89936 -0.04289 -0.10878 0.99314 -0.25084 -0.39725 0.88276 -0.20388 -0.27904 0.93838 -0.30296 -0.27303 0.91305 -0.34052 -0.35955 0.86878 -0.43162 -0.69291 0.57756 -0.02072 -0.84744 0.53049 -0.18339 -0.60189 0.77723 -0.1879 -0.6182 0.76323 -0.6079 -0.51686 0.60276 -0.58846 -0.50161 0.63412 -0.61645 -0.41194 0.67104 -0.58819 -0.31113 0.74648 -0.60616 -0.2426 0.75744 -0.58173 -0.14932 0.79956 -0.49808 -0.63648 0.5889 -0.5419 -0.53064 0.65174 -0.50661 -0.45069 0.735 -0.52706 -0.25172 0.81169 -0.50431 -0.29385 0.81199 -0.03679 -0.64792 0.76082 -0.12148 -0.99205 0.03276 -0.04548 -0.99477 0.09143 -0.29665 -0.95498 0.00161 -0.0451 -0.99487 0.0905 -0.01557 -0.96123 0.27532 -0.09697 -0.91935 0.38131 -0.18649 -0.9785 0.08813 -0.95213 -0.30514 0.01836 -0.94777 -0.31782 0.02676 -0.92019 -0.39137 -0.00846 -0.87695 -0.48048 0.00942 -0.86043 -0.5076 0.04461 -0.84692 -0.53137 0.01939 -0.77002 -0.63799 0.00623 -0.74185 -0.66709 0.06819 -0.70579 -0.7084 -0.00465 -0.63438 -0.77301 0.00392 -0.59472 -0.79726 0.10335 -0.55669 -0.83072 0.00172 -0.44532 -0.89536 0.00367 -0.27711 -0.90371 0.32637 -0.86285 -0.50399 -0.03844 -0.80531 -0.58099 0.118 -0.74725 -0.65972 0.07992 -0.71149 -0.69159 0.12444 -0.6859 -0.71991 0.10616 -0.63896 -0.75276 0.15836 -0.60589 -0.78351 0.13789 -0.56059 -0.80603 0.18989 -0.51025 -0.84626 0.15326 -0.48721 -0.84923 0.20356 -0.3651 -0.92615 0.09456 -0.96884 -0.24769 0.00249 -0.95363 -0.30033 0.01958 -0.88006 -0.45846 0.12372 -0.80003 -0.58325 0.14058 -0.81849 -0.55178 0.16004 -0.75567 -0.61854 0.21533 -0.7338 -0.6508 0.19492 -0.67654 -0.68502 0.27027 -0.53081 -0.78036 0.33058 -0.39306 -0.85111 0.348 -0.41282 -0.80592 0.42436 -0.29406 -0.87596 0.38238 -0.28585 -0.87333 0.39444 -0.17793 -0.9157 0.36033 -0.66705 -0.69688 0.26343 -0.61112 -0.70941 0.35111 -0.52657 -0.77614 0.34688 -0.86141 -0.49781 0.10077 -0.38931 -0.90344 0.17952 -0.19152 -0.92225 0.33582 -0.98311 -0.18302 -0.00095 -0.97513 -0.22089 0.01806 -0.96341 -0.26621 0.0312 -0.94739 -0.30801 0.08707 -0.93387 -0.33562 0.12347 -0.87583 -0.44121 0.19561 -0.88499 -0.42107 0.19875 -0.82801 -0.49856 0.2566 -0.81341 -0.52731 0.24555 -0.83473 -0.49422 0.24286 -0.73651 -0.57609 0.35451 -0.72317 -0.59676 0.34772 -0.65018 -0.65228 0.38961 -0.55715 -0.66714 0.49447 -0.5146 -0.72272 0.46137 -0.40054 -0.76734 0.50075 -0.04838 -0.91463 0.4014 -0.96835 -0.05577 0.24328 -0.96888 0.00945 0.24734 -0.98057 0.00869 0.19597 -0.99161 -0.12468 0.03413 -0.98593 -0.13709 0.09564 -0.96906 -0.14357 0.20076 -0.94382 -0.15616 0.29124 -0.68456 -0.4039 0.60683 -0.68128 -0.41131 0.60554 -0.68093 -0.2546 0.68667 -0.66361 -0.289 0.69 -0.66253 -0.09366 0.74316 -0.85587 -0.40914 0.31636 -0.79235 -0.50851 0.33704 -0.67594 -0.56786 0.46973 -0.56464 -0.67387 0.47653 -0.41194 -0.61116 0.67586 -0.40363 -0.62702 0.66628 -0.4246 -0.55797 0.71301 -0.41661 -0.30114 0.85776 -0.42687 -0.26592 0.86433 0.60077 -0.64387 0.47382 0.20393 -0.81454 0.54307 0.98778 -0.03078 0.1528 0.9891 -0.12109 0.08375 0.97173 -0.18836 0.14232 0.84858 -0.15546 0.50571 0.82812 -0.39986 0.39284 0.98043 -0.19664 0.00916 0.99938 -0.03505 0.00144 0.9433 -0.33071 0.02839 0.94725 -0.31996 0.01853 0.89046 -0.45504 0.00443 0.99504 -0.09938 -0.00445 0.99038 -0.13839 0.00129 0.98965 -0.14346 0.00321 0.96691 -0.25511 0.00045 0.97121 -0.23799 0.01054 0.9502 -0.3096 0.03566 0.94029 -0.33528 0.05863 0.99522 -0.09738 0.00682 0.982 -0.18819 -0.01633 0.96667 -0.25416 0.03073 0.92393 -0.37584 0.07141 0.88195 -0.44561 0.15361 0.82468 -0.50473 0.25525 0.89298 -0.41983 0.1623 0.99155 -0.12968 -0.00362 0.83694 -0.5078 0.20414 0.90595 -0.42264 0.02512 0.87964 -0.46807 0.08448 0.8195 -0.56106 0.11677 0.87565 -0.28645 0.38883 0.73152 -0.45294 0.50964 0.81744 -0.43081 0.38235 0.92271 -0.16977 0.34609 0.68896 -0.20086 0.69642 0.7752 -0.21558 0.59379 0.73545 -0.17949 0.65338 0.8465 -0.15267 0.51002 0.85375 -0.09277 0.51236 0.84303 -0.07712 0.5323 0.83741 -0.17396 0.51815 0.78293 -0.11439 0.6115 0.98064 -0.07474 0.18102 0.96647 -0.09696 0.23777 0.97658 -0.10337 0.18868 0.98909 -0.03237 0.14372 0.89069 -0.35008 0.29002 0.87106 -0.31736 0.37489 0.92089 -0.2574 0.29275 0.91066 -0.25156 0.32776 0.97162 -0.0484 0.23154 0.9454 -0.0786 0.3163 0.92279 -0.07049 0.3788 0.94379 -0.02588 0.32952 0.97908 -0.00707 0.20333 0.96644 0.00842 0.25677 0.92192 -0.07878 0.37927 0.9819 0.01118 0.18907 0.98604 0.01876 0.16546 0.95833 -0.16243 0.23498 0.94664 -0.17271 0.27213 0.74264 -0.36826 0.55934 0.72299 -0.35482 0.59277 0.79811 -0.31227 0.51528 0.79756 -0.31184 0.51639 0.84598 -0.24016 0.47606 0.89852 -0.10978 0.42498 0.89448 -0.10755 0.43398 0.88785 -0.0408 0.45831 0.29789 -0.66051 0.68919 0.30041 -0.66441 0.68433 0.27305 -0.79548 0.54098 0.5143 -0.60784 0.60501 0.04921 -0.63636 0.76982 0.00453 -0.45249 0.89176 0.04605 -0.18271 0.98209 0.09387 -0.85846 0.50421 0.07799 -0.57792 0.81236 0.12052 -0.46569 0.8767 -0.00392 -0.78505 0.61942 0.17423 -0.18221 0.9677 0.16387 -0.69592 0.69917 0.28286 -0.30667 0.90881 0.20227 -0.60386 0.771 0.25717 -0.38035 0.88836 0.51489 -0.6061 0.60624 0.46114 -0.53991 0.70417 0.50077 -0.32572 0.80196 0.38262 -0.6095 0.69434 0.38346 -0.36232 0.84952 0.418 -0.64076 0.64397 0.41188 -0.40689 0.81535 0.38513 -0.35772 0.85071 0.57133 -0.54165 0.61661 0.58499 -0.49625 0.6415 0.54954 -0.41712 0.72389 0.57154 -0.2335 0.78665 0.67666 -0.48772 0.55161 0.63302 -0.42274 0.64852 0.65168 -0.37935 0.65681 0.6258 -0.19919 0.75412 0.58315 -0.24366 0.77496 0.49051 -0.31216 0.81361 0.39591 -0.42778 0.81257 0.05321 -0.96996 0.23739 0.07811 -0.99418 0.07414 0.30172 -0.95184 0.05437 0.26213 -0.94761 0.18253 0.20308 -0.97916 0.00276 0.43828 -0.89803 0.03806 0.39497 -0.8944 0.20987 0.48406 -0.87402 0.04218 0.56649 -0.8234 0.03329 0.59026 -0.80123 0.09808 0.6314 -0.77546 -0.00085 0.68961 -0.72418 -0.00055 0.73941 -0.66993 0.06684 0.763 -0.64607 0.02081 0.82127 -0.57054 -0.00079 0.85861 -0.51099 0.04094 0.54428 -0.82127 0.17112 0.63932 -0.75128 0.16383 0.7023 -0.70999 0.05185 0.59393 -0.75531 0.27705 0.46937 -0.82923 0.30343 0.56469 -0.71654 0.4095 0.5533 -0.73414 0.39357 0.47923 -0.71421 0.51014 0.0934 -0.92168 0.37653 0.20798 -0.9223 0.32575 0.16468 -0.89244 0.42004 0.3036 -0.86353 0.40266 0.31528 -0.8662 0.38769 0.40756 -0.84314 0.35072 0.3984 -0.84105 0.36593 0.50114 -0.78744 0.35887 0.65638 -0.68002 0.3267 0.66633 -0.68256 0.30019 0.73932 -0.60253 0.30059 0.13264 -0.99084 0.02522 0.65115 -0.71673 0.24961 0.72703 -0.67414 0.13025 0.76985 -0.62014 0.15087 0.82811 -0.55295 0.09211 0.98866 -0.11972 0.0907 0.97897 -0.19983 0.04105 0.96454 -0.23569 0.11876 0.94478 -0.29424 0.14425 0.92708 -0.31983 0.19552 0.90677 -0.36555 0.21008 0.87663 -0.39922 0.26858 0.83802 -0.46748 0.28139 0.76989 -0.51488 0.37705 0.7619 -0.60237 0.23803 0.87502 -0.48398 0.00989 0.67105 -0.2204 0.70789 0.76236 -0.53425 0.36522 0.6598 -0.57837 0.47974 0.66131 -0.57998 0.4757 0.40667 -0.7607 0.50592 0.38854 -0.74726 0.53911 0.06362 -0.9422 0.32894 0.00959 -0.92112 0.38917 0.03836 -0.99282 0.11331 -0.06446 -0.99467 -0.08051 -0.85543 -0.5178 0.01075 -0.92388 -0.38238 0.01503 -0.98045 -0.19246 -0.04095 -0.98861 -0.11778 -0.09364 -0.9831 -0.03737 -0.1792 -0.15346 -0.44323 -0.88318 -0.03447 -0.06914 -0.99701 -0.03976 -0.58112 -0.81284 -0.02627 -0.73904 -0.67315 -0.02597 -0.74014 -0.67195 -0.12304 -0.59686 -0.79286 -0.03317 -0.69261 -0.72055 -0.0225 -0.45173 -0.89187 -0.04313 -0.23532 -0.97096 -0.50425 -0.35521 -0.78712 -0.57792 -0.4021 -0.71016 -0.24921 -0.59514 -0.76401 -0.34286 -0.56595 -0.74976 -0.12958 -0.83633 -0.53269 -0.29428 -0.7082 -0.64176 -0.24273 -0.82204 -0.51511 -0.04933 -0.9708 -0.23478 -0.02624 -0.93338 -0.35792 -0.01755 -0.94159 -0.33629 -0.02582 -0.9323 -0.36077 -0.04307 -0.89931 -0.43519 -0.04617 -0.825 -0.56324 -0.15087 -0.73259 -0.66373 -0.54867 -0.83567 -0.02479 -0.54612 -0.83715 -0.03042 -0.44538 -0.89422 -0.04475 -0.45073 -0.89198 -0.03495 -0.48794 -0.83439 -0.25632 -0.48098 -0.83367 -0.2714 -0.47916 -0.71602 -0.50765 -0.35373 -0.80766 -0.47176 -0.26408 -0.92443 -0.27512 -0.12828 -0.99173 0.00276 -0.15163 -0.97491 -0.16297 -0.13094 -0.98392 -0.12145 -0.40842 -0.71171 -0.57154 -0.2701 -0.81543 -0.51198 -0.25704 -0.93084 -0.25974 -0.27497 -0.94806 -0.15991 -0.34442 -0.93839 -0.02843 -0.27944 -0.9557 -0.09247 -0.2178 -0.97581 -0.01905 -0.02045 -0.98604 -0.16527 -0.06227 -0.99498 -0.07833 -0.90388 -0.28151 -0.32209 -0.59956 -0.65979 -0.453 -0.68974 -0.53719 -0.48548 -0.68457 -0.53368 -0.49654 -0.77411 -0.46382 -0.43084 -0.7517 -0.44553 -0.48625 -0.81112 -0.50848 -0.28902 -0.59074 -0.76987 -0.2415 -0.70435 -0.63958 -0.30794 -0.69187 -0.61926 -0.37124 -0.75847 -0.6004 -0.25345 -0.57928 -0.73758 -0.347 -0.96344 -0.26773 0.01043 -0.86178 -0.50696 0.01776 -0.78562 -0.61771 -0.03517 -0.61812 -0.78606 0.00513 -0.66418 -0.74686 -0.03262 -0.73316 -0.67979 0.01929 -0.72493 -0.68857 -0.01846 -0.80241 -0.59618 0.02675 -0.55571 -0.81426 -0.16783 -0.66382 -0.7256 -0.18123 -0.67856 -0.72658 -0.10788 -0.76216 -0.61503 -0.20213 -0.8095 -0.57967 -0.09321 -0.9788 -0.06093 -0.19555 -0.979 -0.00485 -0.20379 -0.92264 -0.0312 -0.38439 -0.97906 -0.06263 -0.19369 -0.93474 -0.04581 -0.35237 -0.95307 -0.02948 -0.30131 -0.94023 -0.32058 -0.1149 -0.96806 -0.20225 -0.1482 -0.95479 -0.19658 -0.223 -0.96359 -0.14171 -0.22676 -0.98205 -0.12225 -0.14365 -0.97287 -0.18893 -0.13354 -0.979 -0.18972 -0.07458 -0.95524 -0.29438 -0.02934 -0.98745 -0.15794 -0.00194 -0.94926 -0.11351 -0.29328 -0.95919 -0.05172 -0.27798 -0.99413 -0.04568 -0.09811 -0.97259 -0.09153 -0.21377 -0.93289 -0.1121 -0.34228 -0.92756 -0.04245 -0.37125 -0.89127 -0.05746 -0.44982 -0.15287 -0.92015 -0.36049 -0.25724 -0.54449 -0.79835 -0.21561 -0.27195 -0.93785 -0.34378 -0.373 -0.86179 -0.63615 -0.09521 -0.76567 -0.64652 -0.10083 -0.75621 -0.71162 -0.08582 -0.69731 -0.02794 -0.4224 -0.90598 -0.13591 -0.35116 -0.9264 -0.28496 -0.20872 -0.93554 -0.41135 -0.16307 -0.89677 -0.41411 -0.16647 -0.89487 -0.4998 -0.13137 -0.85612 -0.55048 -0.09719 -0.82917 -0.57948 -0.11613 -0.80667 -0.70804 -0.08314 -0.70127 -0.76229 -0.06426 -0.64404 -0.77375 -0.0725 -0.62933 -0.81461 -0.05354 -0.57753 -0.84446 -0.06826 -0.53125 -0.89607 -0.06001 -0.43983 -0.91326 -0.24556 -0.32506 -0.93472 -0.29623 -0.1963 -0.85711 -0.36358 -0.36492 -0.8666 -0.49898 -0.00487 -0.90958 -0.225 -0.34934 -0.90647 -0.25175 -0.33902 -0.87827 -0.37133 -0.30127 -0.89646 -0.39875 -0.19328 -0.8813 -0.45045 -0.14285 -0.86735 -0.49759 0.01062 -0.85137 -0.20999 -0.4807 -0.81937 -0.40605 -0.40467 -0.68246 -0.37584 -0.62689 -0.65361 -0.34439 -0.67394 -0.74599 -0.31418 -0.58719 -0.73727 -0.30647 -0.60209 -0.80589 -0.27282 -0.52547 -0.86148 -0.10687 -0.49642 -0.36691 -0.89377 -0.25797 -0.37429 -0.88779 -0.26782 -0.50082 -0.66832 -0.55002 -0.48627 -0.5523 -0.67713 -0.89698 -0.12018 -0.42543 -0.91331 -0.14099 -0.38207 -0.86088 -0.21842 -0.45955 -0.8333 -0.37618 -0.40509 -0.84311 -0.49306 -0.21459 -0.48534 -0.11845 -0.86626 -0.2973 -0.71274 -0.6353 -0.92364 -0.38307 0.01254 -0.94284 -0.31608 -0.1056 -0.93188 -0.353 -0.08363 -0.93823 -0.28593 -0.19487 -0.93306 -0.28706 -0.21678 -0.94628 -0.20784 -0.24772 -0.92053 -0.18825 -0.34233 -0.1434 -0.93246 -0.33159 -0.4223 -0.50742 -0.75112 -0.41228 -0.48408 -0.77181 -0.47884 -0.27076 -0.83511 -0.59304 -0.22998 -0.77163 -0.69644 -0.15441 -0.7008 -0.7816 -0.15533 -0.60413 -0.76595 -0.13376 -0.62883 -0.83469 -0.14703 -0.53074 -0.52188 -0.51515 -0.6799 -0.64008 -0.58792 -0.49462 -0.80038 -0.29321 -0.52289 -0.83426 -0.07882 -0.54571 0.7896 -0.28368 -0.54411 0.04257 -0.99712 -0.0628 0.0442 -0.96261 -0.26726 0.98713 -0.00012 -0.15989 0.98404 -0.1773 -0.01539 0.98213 -0.18045 -0.05345 0.98861 -0.11409 -0.09815 0.98795 -0.11362 -0.10506 0.98349 -0.18053 -0.01231 0.98418 -0.17717 0.00288 0.88542 -0.46476 0.00535 0.58042 -0.8143 -0.00548 0.63359 -0.77191 -0.05214 0.04461 -0.99691 -0.06465 0.12956 -0.99144 -0.01621 0.19802 -0.97716 -0.07709 0.22861 -0.97346 -0.01025 0.36875 -0.92897 -0.03226 0.0298 -0.05082 -0.99826 0.29479 -0.22941 -0.92762 0.36764 -0.20003 -0.9082 0.23698 -0.39197 -0.88893 0.14378 -0.60467 -0.78339 0.03481 -0.72027 -0.69282 0.03131 -0.70717 -0.70635 0.05209 -0.5228 -0.85086 0.03687 -0.30959 -0.95015 0.04233 -0.24722 -0.96803 0.03966 -0.17336 -0.98406 0.03327 -0.07017 -0.99698 0.36994 -0.20376 -0.90644 0.4824 -0.5569 -0.67613 0.51323 -0.66852 -0.53821 0.39826 -0.41762 -0.81669 0.27935 -0.6622 -0.69531 0.2682 -0.63111 -0.72785 0.16925 -0.78508 -0.59582 0.02989 -0.88239 -0.46956 0.13136 -0.74863 -0.64984 0.15402 -0.88528 -0.43881 0.13796 -0.9112 -0.38817 0.38535 -0.73069 -0.56356 0.45524 -0.6281 -0.63107 0.2499 -0.75537 -0.60577 0.25421 -0.8925 -0.37258 0.02084 -0.90616 -0.42242 0.02535 -0.8998 -0.43557 0.04271 -0.9352 -0.35154 0.38153 -0.49126 -0.78301 0.31701 -0.49071 -0.81161 0.29682 -0.77744 -0.55451 0.35018 -0.71 -0.61096 0.14949 -0.42581 -0.89238 0.15151 -0.41305 -0.89802 0.19023 -0.68923 -0.69913 0.04065 -0.7979 -0.60141 0.04077 -0.83483 -0.54899 0.55729 -0.83029 -0.00732 0.4846 -0.87335 -0.04931 0.45024 -0.89261 -0.02316 0.36449 -0.93018 -0.04376 0.79322 -0.40488 -0.45483 0.71961 -0.52214 -0.45774 0.70255 -0.52354 -0.48201 0.65272 -0.58982 -0.47547 0.63137 -0.58875 -0.50472 0.54346 -0.67722 -0.49601 0.51429 -0.66591 -0.54043 0.33206 -0.88521 -0.32578 0.2402 -0.90863 -0.34159 0.90559 -0.41091 -0.10513 0.90366 -0.41575 -0.10273 0.77223 -0.55544 -0.30846 0.77201 -0.55603 -0.30795 0.68381 -0.6794 -0.26612 0.64811 -0.68542 -0.33189 0.60533 -0.74726 -0.27417 0.4994 -0.82994 -0.2486 0.78064 -0.46006 -0.42302 0.54538 -0.76409 -0.34458 0.46151 -0.80423 -0.37445 0.41683 -0.85088 -0.31977 0.35274 -0.86569 -0.35519 0.15086 -0.97151 -0.18278 0.01315 -0.98325 -0.18179 0.65508 -0.75553 -0.00698 0.73195 -0.68136 -0.00127 0.74239 -0.66987 -0.01143 0.04158 -0.99203 -0.11891 0.12864 -0.98054 -0.14832 0.24264 -0.95915 -0.14547 0.2598 -0.95065 -0.1696 0.32816 -0.93786 -0.11282 0.38961 -0.9025 -0.18359 0.41624 -0.89874 -0.13785 0.51376 -0.83379 -0.20209 0.55222 -0.83288 -0.03697 0.61061 -0.78053 -0.13389 0.69934 -0.6874 -0.19599 0.7366 -0.66723 -0.11052 0.76953 -0.6183 -0.15977 0.96996 -0.04602 -0.23888 0.95756 -0.04524 -0.28466 0.96095 -0.26847 -0.06711 0.96055 -0.26923 -0.06967 0.96286 -0.19816 -0.18342 0.96248 -0.19836 -0.18515 0.98081 -0.15528 -0.11786 0.95438 -0.29849 0.00722 0.95338 -0.30176 -0.00165 0.89165 -0.07048 -0.44722 0.95042 -0.03399 -0.30912 0.97682 -0.01257 -0.21369 0.50353 -0.14673 -0.85142 0.52006 -0.11469 -0.84639 0.58704 -0.08166 -0.80543 0.63492 -0.11091 -0.76458 0.6666 -0.07796 -0.74133 0.72693 -0.08652 -0.68124 0.73347 -0.07625 -0.67544 0.79108 -0.04767 -0.60985 0.83081 -0.06989 -0.55215 0.84306 -0.05045 -0.53544 0.90913 -0.01977 -0.41604 0.93249 -0.10167 -0.34658 0.89241 -0.17368 -0.41647 0.86244 -0.18155 -0.47247 0.87763 -0.19993 -0.43566 0.9088 -0.31627 -0.27215 0.7778 -0.11481 -0.61794 0.79482 -0.13449 -0.59175 0.85287 -0.11194 -0.50998 0.85238 -0.11342 -0.51048 0.51508 -0.3245 -0.79334 0.5902 -0.09489 -0.80166 0.66039 -0.23002 -0.71482 0.69998 -0.16178 -0.6956 0.92437 -0.09654 -0.36909 0.90378 -0.09449 -0.41744 0.80817 -0.22392 -0.54472 0.98569 -0.04182 -0.16332 0.9904 -0.00986 -0.13786 0.84141 -0.28678 -0.45803 0.86016 -0.51 0.00525 0.88294 -0.46938 -0.01019 0.63178 -0.41018 -0.65773 0.71751 -0.33579 -0.61027 0.71608 -0.34015 -0.60953 0.78827 -0.2807 -0.54758 0.76911 -0.36198 -0.52673 0.80475 -0.43861 -0.4 0.84597 -0.34283 -0.40842 0.8395 -0.47186 -0.2694 0.86208 -0.41017 -0.29763 0.83571 -0.52796 -0.15118 0.83067 -0.53805 -0.14314 0.5609 -0.41227 -0.71793 0.66333 -0.23351 -0.71096 0.86407 -0.47826 -0.15697 0.88119 -0.39522 -0.25943 0.89546 -0.26009 -0.36126 0.88482 -0.2967 -0.35925 0.73706 -0.17837 -0.65187 0.93145 -0.03222 -0.36243 0.94872 -0.03737 -0.31389 0.91579 -0.39934 0.04298 0.93806 -0.33554 -0.08633 0.93236 -0.34394 -0.11144 0.94663 -0.26679 -0.18086 0.93417 -0.2616 -0.24266 0.93871 -0.19952 -0.28108 0.92224 -0.16913 -0.34767 0.95976 -0.12279 -0.25254 0.95257 -0.1225 -0.27859 0.97427 -0.08644 -0.20816 0.98074 -0.08159 -0.17744 0.99169 -0.04664 -0.11993 0.0296 -0.97735 -0.20956 0.44446 -0.12193 -0.88746 0.459 -0.4311 -0.77683 0.49467 -0.30246 -0.81475 0.59057 -0.49259 -0.6392 0.79711 -0.60321 -0.02744 0.81172 -0.58328 0.02972 -0.99969 -0.02505 -0.00053 -0.99399 0.01983 0.10765 -0.99664 0.01562 0.08043 -0.99479 0.00612 -0.10174 -0.9985 0.00562 -0.05442 -0.99226 -0.12045 0.03026 -0.99851 -0.05455 0.00206 -0.99755 -0.06987 0.00266 -0.98543 -0.16734 0.03057 -0.99395 -0.10964 -0.00709 -0.99568 -0.09162 -0.01534 -0.99388 -0.04909 -0.09897 -0.99855 -0.05125 -0.01641 -0.9995 -0.03165 -0.00231 -0.99885 -0.04463 0.01763 -0.99779 -0.01566 -0.0646 -0.99897 0.00812 0.04457 -0.99388 -0.0222 0.10817 -0.99966 0.02117 0.01521 -0.99995 -0.00953 0.00193 -0.99846 -0.0027 -0.05544 -0.99979 -0.0175 0.01094 -0.99378 -0.06401 0.09115 -1E-05 2E-05 1 -7E-05 -0 1 -0 -1E-05 1 4E-05 3E-05 1 -1E-05 -2E-05 1 -9E-05 0 1 -3E-05 0 1 0 -1E-05 1 9E-05 7E-05 1 -0.00012 0 1 -1E-05 1E-05 1 1E-05 0 1 -0 0 1 0 0 1 -1E-05 0 1 1E-05 -0 1 0 0 1 0 0 1 -0 1E-05 1 -0.0042 0.00101 0.99999 1E-05 -1E-05 1 -2E-05 -3E-05 1 0 -2E-05 1 0 0 1 0 -1E-05 1 0 0 1 0 0 1 0 1E-05 1 -0 0 1 2E-05 4E-05 1 1E-05 -0 1 -0 -6E-05 1 -0 0 1 -0 0 1 1E-05 -1E-05 1 -0 -0 1 0.00452 -0.00291 0.99999 -0 -0 1 -0 1E-05 1 -0 2E-05 1 -0 0 1 -0 0 1 0 1E-05 1 -1E-05 -1E-05 1 -1E-05 -0 1 -0 0 1 -0 0 1 1E-05 0 1 0.99747 -0.07076 0.00647 0.99712 -0.01201 -0.07486 0.99575 0.02337 0.08911 0.99736 0.01846 0.0702 0.98682 -0.1541 0.04929 0.99736 -0.0607 0.03997 0.9987 -0.05073 0.00519 0.99959 -0.02877 0.00013 0.99609 -0.08828 0.00343 0.99641 -0.08447 -0.00601 0.99738 -0.07206 -0.00703 0.99862 -0.0498 -0.01639 0.99722 -0.01652 -0.07272 0.99985 -0.01047 -0.01399 0.99832 0.01002 -0.05711 0.99793 0.0084 -0.06369 0.99939 -0.01863 0.02938 0.99923 -0.03156 -0.02333 0.99954 -0.01536 0.02613 0.99993 0.01147 -0.00091 0.99635 -0.01095 0.08462 -0.00016 0.4649 -0.88536 5E-05 0.46445 -0.8856 -6E-05 0.46474 -0.88545 -0.00053 0.46618 -0.88469 0.00137 0.46105 -0.88737 -0.00049 0.46764 -0.88392 0.00045 0.4623 -0.88672 0.00082 0.46409 -0.88579 0.00019 0.46471 -0.88546 0.00103 0.4637 -0.88599 -0.00261 0.46903 -0.88318 0.00123 0.46269 -0.88652 -2E-05 0.46481 -0.88541 6E-05 0.46474 -0.88545 -6E-05 0.46487 -0.88538 -0.00012 0.46496 -0.88533 -3E-05 0.4648 -0.88542 -6E-05 0.46486 -0.88539 -0.00033 0.46552 -0.88504 6E-05 0.46456 -0.88554 -0.00017 0.46496 -0.88533 -0.00013 0.46487 -0.88538 9E-05 0.46427 -0.88569 0.00014 0.46405 -0.88581 6E-05 0.46447 -0.88559 0 0.46469 -0.88547 2E-05 0.4647 -0.88547 2E-05 0.46471 -0.88546 -6E-05 0.46465 -0.88549 -0.00041 0.46447 -0.88559 -0.00108 0.46418 -0.88574 3E-05 0.46471 -0.88546 3E-05 0.46479 -0.88542 3E-05 0.46481 -0.88541 0 0.46471 -0.88547 -0 0.46469 -0.88548 -2E-05 0.46466 -0.88549 -0 0.46468 -0.88548 0 0.46469 -0.88547 0.99515 -0.01008 0.09782 0.95207 0.01382 0.30556 0.81531 -0.01982 0.57868 0.69124 0.01743 0.72242 0.31017 -0.01283 0.95059 0.30414 -0.01131 0.95256 0.01902 0.01085 0.99976 -0.23749 -0.00705 0.97136 -0.32967 0.01145 0.94403 -0.69124 -0.01743 0.72242 -0.81531 0.01982 0.57868 -0.95207 -0.01382 0.30556 -0.99515 0.01008 0.09782 -0.99515 -0.01008 -0.09782 -0.95207 0.01382 -0.30556 -0.83149 -0.01673 -0.55529 -0.7146 0.01172 -0.69943 -0.44252 -0.0094 -0.89671 -0.40368 -0.00085 -0.9149 -0.00282 0.0049 -0.99998 0.09346 -0.01501 -0.99551 0.44341 0.02083 -0.89608 0.66806 -0.02152 -0.74379 0.83149 0.01673 -0.55529 0.95207 -0.01382 -0.30556 0.99515 0.01008 -0.09782 0.99614 0.08715 -0.01093 0.96592 0.25882 -0.00099 0.93727 0.34837 0.01259 0.90631 0.42262 0.00271 0.81915 0.57357 -0.00356 0.67904 0.73406 0.00741 0.70702 0.70703 0.01542 0.57357 0.81914 -0.0054 0.4226 0.90625 -0.01093 0.25882 0.96593 -0.00099 0.11198 0.9935 0.02055 0.08715 0.99608 0.01542 -0.08716 0.99618 -0.0054 -0.2588 0.96587 -0.01093 -0.42262 0.9063 -0.00098 -0.50583 0.86254 0.01259 -0.57357 0.81915 0.00271 -0.7071 0.70711 -0.00356 -0.82524 0.56474 0.00597 -0.81913 0.57356 0.00772 -0.90629 0.42261 -0.00564 -0.96592 0.25882 -0.0037 -0.99073 0.13559 0.0087 -0.99619 0.08716 0.00271 -0.99619 -0.08716 -0.00356 -0.9551 -0.29619 0.00741 -0.96581 -0.25878 0.01542 -0.90629 -0.42261 -0.0054 -0.8191 -0.57355 -0.01093 -0.70711 -0.70711 -0.00099 -0.59373 -0.8044 0.02055 -0.57351 -0.81905 0.01542 -0.42262 -0.90629 -0.0054 -0.25882 -0.96586 -0.01093 -0.08716 -0.99619 -0.00099 0.0337 -0.9993 0.01646 0.08716 -0.99616 0.00772 0.25883 -0.96591 -0.00564 0.42262 -0.9063 -0.0037 0.57874 -0.81539 0.01411 0.57351 -0.81905 0.01542 0.7071 -0.7071 -0.0054 0.8191 -0.57355 -0.01093 0.90631 -0.42262 -0.00099 0.95896 -0.2828 0.02055 0.96581 -0.25878 0.01542 0.99618 -0.08715 -0.0054 0.99601 -0.00614 0.08898 0.99623 -0.00733 0.0864 0.98188 0.01158 0.18913 0.95302 -0.01399 0.3026 0.95476 -0.01217 0.29714 0.94062 -0.00264 0.33944 0.89342 0.00102 0.44922 0.86009 -0.02353 0.50959 0.83799 -0.00379 0.54567 0.7922 0.0045 0.61025 0.7278 -0.01302 0.68567 0.70896 -0.028 0.70469 0.58355 0.00232 0.81208 0.65401 0.00113 0.75648 0.50175 -0.01353 0.86491 0.51969 -0.02699 0.85393 0.38705 0.00795 0.92202 0.30765 -0.03013 0.95102 0.26309 -0.00103 0.96477 0.19891 0.00417 0.98001 0.07498 -0.01931 0.997 0.1084 -0.05021 0.99284 0.01883 -0.00054 0.99982 -0.03342 0.01181 0.99937 -0.17264 -0.01811 0.98482 -0.15554 -0.03524 0.9872 -0.2562 0.00901 0.96658 -0.34854 0.00453 0.93728 -0.43051 -0.03397 0.90195 -0.41851 -0.02313 0.90792 -0.50669 0.00603 0.86211 -0.59507 -0.00489 0.80366 -0.60534 -0.0129 0.79586 -0.68496 0.00117 0.72858 -0.72467 -0.01896 0.68883 -0.74308 -0.00729 0.66916 -0.80434 0.00471 0.59415 -0.84543 -0.01783 0.53379 -0.87754 -0.00203 0.47951 -0.9168 -0.00912 0.39925 -0.92148 -0.01173 0.38825 -0.95372 0.00618 0.30063 -0.98304 -0.01528 0.18273 -0.9815 -0.01018 0.19117 -0.99659 0.00929 0.08193 -0.9996 -0.00818 -0.02718 -0.98211 -0.00616 -0.1882 -0.9492 -0.0136 -0.31437 -0.92971 0.00262 -0.36828 -0.89013 -0.0004 -0.45572 -0.86574 -0.01745 -0.50019 -0.83096 0.00124 -0.55633 -0.77204 -0.01009 -0.6355 -0.77481 -0.0127 -0.63207 -0.70666 0.00984 -0.70748 -0.65148 -0.004 -0.75865 -0.61879 -0.02606 -0.78512 -0.57918 -0.00183 -0.8152 -0.49983 0.0059 -0.8661 -0.43404 -0.0183 -0.90071 -0.41294 -0.00616 -0.91074 -0.28122 -0.00428 -0.95963 -0.29621 -0.01689 -0.95497 -0.15777 0.00962 -0.98743 -0.06909 -0.03355 -0.99705 -0.02301 -0.00273 -0.99973 0.01848 0.00977 -0.99978 0.14582 -0.00176 -0.98931 0.18751 -0.02971 -0.98181 0.26021 0.00222 -0.96555 0.37797 -0.00487 -0.9258 0.39068 -0.01414 -0.92042 0.5056 0.00247 -0.86277 0.53787 -0.01913 -0.84281 0.63471 0.00947 -0.77269 0.69151 -0.01798 -0.72214 0.72906 0.00359 -0.68444 0.80177 -0.01935 -0.59732 0.83104 0.00995 -0.55613 0.91154 -0.01702 -0.41087 0.90941 -0.0211 -0.41537 0.9451 0.00378 -0.32676 0.97922 -0.00872 -0.2026 0.97108 -0.0023 -0.23876 -0.9995 0.03168 -0.00044 -0.99736 0.07253 0.00175 -0.99916 0.04084 -0.00199 -0.99236 0.12335 0.00177 -0.9621 0.2727 0.00202 -0.97015 0.2425 -0.00127 -0.82191 0.56961 -0.00296 -0.80433 0.59418 0.00099 -0.89061 0.45476 0.0001 -0.89621 0.44364 -0.00132 -0.74741 0.66436 0.00267 -0.66206 0.74944 -0.00213 -0.66075 0.7506 -0.0019 -0.54092 0.84106 0.00401 -0.33949 0.9406 0.00356 -0.36728 0.93011 -0.00066 -0.48219 0.87606 -0.00316 -0.23886 0.97105 -0.00089 -0.21995 0.97551 0.00139 -0.0957 0.99541 0.00022 -0.07889 0.99688 0.00274 0.11498 0.99337 0.00104 0.10252 0.99473 0.00329 0.27134 0.96248 -0.00337 0.3481 0.93744 0.00581 0.46127 0.88725 -0.00344 0.56149 0.82747 0.00429 0.60537 0.79594 -0.00168 0.74123 0.67125 0.00209 0.73442 0.67869 0.00363 0.81498 0.57948 -0.00222 0.89972 0.43648 -0.00131 0.88157 0.47205 0.00338 0.97502 0.22211 -0.0008 0.96868 0.24829 0.0027 0.99887 0.0474 -0.00322 0.99924 0.03886 -0.00068 0.99833 0.0577 0.00181</float_array>
          <technique_common>
            <accessor source="#norm_0-array" count="14907" stride="3">
              <param name="X" type="float"/>
              <param name="Y" type="float"/>
              <param name="Z" type="float"/>
            </accessor>
          </technique_common>
        </source>
        <vertices id="vert_0">
          <input semantic="POSITION" source="#pos_0"/>
        </vertices>
        <triangles count="5166" material="mat_0">
          <input semantic="VERTEX" source="#vert_0" offset="0"/>
          <input semantic="NORMAL" source="#norm_0" offset="1"/>
          <p>0 0 1 0 2 0 1 0 0 0 3 0 1 0 3 0 4 0 5 0 6 0 7 0 8 0 9 0 10 0 7 0 11 0 5 0 5 0 11 0 3 0 3 0 11 0 4 0 6 0 12 0 7 0 6 0 13 0 12 0 0 0 2 0 14 0 0 0 14 0 15 0 15 0 14 0 16 0 17 0 18 0 6 0 6 0 18 0 13 0 17 0 19 0 18 0 10 0 9 0 20 0 21 0 22 0 23 0 23 0 22 0 24 0 23 0 24 0 25 0 15 0 16 0 26 0 25 0 27 0 28 0 25 0 28 0 29 0 26 0 30 0 15 0 15 0 30 0 9 0 31 0 32 0 29 0 29 0 32 0 33 0 29 0 33 0 34 0 29 0 28 0 35 0 29 0 35 0 31 0 25 0 24 0 36 0 25 0 36 0 27 0 21 0 37 0 22 0 8 0 38 0 39 0 8 0 39 0 21 0 8 0 40 0 38 0 30 0 41 0 9 0 34 0 33 0 42 0 39 0 43 0 21 0 21 0 43 0 37 0 8 0 10 0 44 0 8 0 44 0 40 0 41 0 45 0 9 0 9 0 45 0 20 0 34 0 42 0 46 0 34 0 46 0 17 0 17 0 46 0 19 0 20 1 47 1 48 1 20 2 48 2 49 2 20 3 49 3 10 3 10 4 49 4 50 4 10 5 50 5 44 5 44 6 50 6 51 6 44 7 51 7 40 7 40 8 51 8 52 8 40 9 52 9 38 9 38 10 52 10 53 10 38 11 53 11 39 11 39 12 53 12 43 12 43 13 53 13 54 13 43 14 54 14 37 14 37 15 54 15 55 15 37 16 55 16 56 16 37 17 56 17 22 17 22 18 56 18 57 18 22 19 57 19 24 19 24 20 57 20 58 20 24 21 58 21 36 21 36 22 58 22 27 22 27 23 58 23 59 23 27 24 59 24 28 24 28 25 59 25 60 25 28 26 60 26 61 26 28 27 61 27 35 27 35 28 61 28 62 28 35 29 62 29 31 29 31 30 62 30 63 30 31 31 63 31 32 31 32 32 63 32 64 32 32 33 64 33 33 33 33 34 64 34 65 34 33 35 65 35 42 35 42 36 65 36 66 36 67 37 68 37 69 37 67 38 69 38 1 38 1 39 69 39 70 39 1 40 70 40 2 40 2 41 70 41 71 41 2 42 71 42 14 42 14 43 71 43 72 43 14 44 72 44 16 44 16 45 72 45 73 45 16 46 73 46 26 46 26 47 73 47 74 47 26 48 74 48 30 48 30 49 74 49 75 49 30 50 75 50 41 50 41 51 75 51 45 51 45 52 75 52 76 52 45 53 76 53 20 53 20 54 76 54 47 54 42 55 66 55 77 55 42 56 77 56 46 56 46 57 77 57 78 57 46 58 78 58 19 58 19 59 78 59 79 59 19 60 79 60 18 60 18 61 79 61 80 61 18 62 80 62 13 62 13 63 80 63 81 63 13 64 81 64 12 64 12 65 81 65 82 65 12 66 82 66 7 66 7 67 82 67 83 67 7 68 83 68 11 68 11 69 83 69 84 69 11 70 84 70 4 70 85 71 57 71 86 71 86 71 57 71 56 71 86 71 56 71 87 71 88 71 58 71 85 71 85 71 58 71 57 71 89 71 59 71 88 71 88 71 59 71 58 71 90 71 61 71 91 71 91 71 61 71 60 71 91 71 60 71 89 71 89 71 60 71 59 71 92 71 62 71 90 71 90 71 62 71 61 71 74 71 73 71 93 71 93 71 73 71 94 71 74 71 93 71 95 71 74 71 95 71 75 71 75 71 95 71 96 71 97 71 50 71 98 71 98 71 50 71 49 71 98 71 49 71 99 71 100 71 51 71 97 71 97 71 51 71 50 71 101 71 54 71 102 71 102 71 54 71 53 71 102 71 53 71 103 71 79 71 104 71 105 71 106 71 80 71 105 71 105 71 80 71 79 71 82 71 107 71 108 71 70 71 109 71 110 71 111 71 71 71 110 71 110 71 71 71 70 71 103 71 53 71 52 71 103 71 52 71 100 71 100 71 52 71 51 71 87 71 56 71 55 71 87 71 55 71 101 71 101 71 55 71 54 71 112 71 63 71 92 71 92 71 63 71 62 71 113 71 81 71 106 71 106 71 81 71 80 71 107 71 82 71 113 71 113 71 82 71 81 71 84 71 114 71 69 71 69 71 114 71 109 71 69 71 109 71 70 71 115 71 72 71 111 71 111 71 72 71 71 71 94 71 73 71 72 71 94 71 72 71 115 71 75 71 96 71 76 71 76 71 96 71 116 71 117 71 65 71 118 71 118 71 65 71 112 71 112 71 65 71 64 71 112 71 64 71 63 71 119 71 77 71 117 71 117 71 77 71 66 71 117 71 66 71 65 71 114 71 84 71 83 71 114 71 83 71 108 71 108 71 83 71 82 71 99 71 49 71 48 71 99 71 48 71 116 71 116 71 48 71 47 71 116 71 47 71 76 71 120 71 78 71 119 71 119 71 78 71 77 71 104 71 79 71 78 71 104 71 78 71 120 71 9 72 116 72 96 72 9 73 96 73 95 73 9 74 95 74 15 74 15 75 95 75 93 75 15 76 93 76 94 76 15 77 94 77 115 77 15 78 115 78 111 78 15 79 111 79 0 79 0 80 111 80 110 80 0 81 110 81 109 81 0 82 109 82 5 82 5 83 109 83 114 83 5 84 114 84 108 84 5 85 108 85 6 85 6 86 108 86 107 86 6 87 107 87 113 87 6 88 113 88 106 88 6 89 106 89 105 89 6 90 105 90 17 90 17 91 105 91 104 91 17 92 104 92 120 92 17 93 120 93 119 93 17 94 119 94 34 94 34 95 119 95 117 95 34 96 117 96 118 96 34 97 118 97 29 97 29 98 118 98 112 98 29 99 112 99 92 99 29 100 92 100 90 100 29 101 90 101 91 101 29 102 91 102 25 102 25 103 91 103 89 103 25 104 89 104 88 104 25 105 88 105 85 105 25 106 85 106 21 106 21 107 85 107 86 107 21 108 86 108 87 108 21 109 87 109 101 109 21 110 101 110 102 110 21 111 102 111 8 111 8 112 102 112 103 112 8 113 103 113 100 113 8 114 100 114 97 114 8 115 97 115 98 115 8 116 98 116 9 116 9 117 98 117 99 117 9 118 99 118 116 118 121 71 122 71 123 71 121 71 124 71 122 71 121 71 125 71 124 71 121 71 126 71 125 71 121 71 127 71 126 71 128 71 127 71 121 71 121 71 129 71 128 71 130 71 131 71 132 71 133 71 130 71 132 71 132 71 134 71 133 71 132 71 135 71 136 71 132 71 137 71 135 71 131 71 137 71 132 71 138 71 139 71 140 71 141 71 139 71 138 71 142 71 141 71 138 71 138 71 143 71 142 71 138 71 144 71 143 71 138 71 145 71 144 71 146 119 147 119 148 119 148 120 147 120 149 120 148 121 149 121 150 121 150 122 149 122 151 122 150 123 151 123 152 123 153 124 154 124 155 124 155 125 154 125 156 125 155 126 156 126 157 126 155 127 157 127 146 127 146 128 157 128 147 128 152 129 151 129 158 129 152 130 158 130 159 130 152 131 159 131 160 131 160 132 159 132 161 132 161 133 159 133 162 133 162 134 163 134 161 134 161 135 163 135 164 135 164 136 163 136 165 136 164 137 165 137 153 137 153 138 165 138 166 138 153 139 166 139 167 139 153 140 167 140 154 140 168 141 169 141 170 141 171 142 172 142 173 142 174 143 172 143 175 143 176 144 174 144 175 144 175 145 177 145 176 145 177 146 178 146 179 146 178 147 177 147 180 147 178 148 180 148 181 148 182 149 183 149 180 149 180 150 183 150 184 150 180 151 184 151 185 151 186 152 187 152 182 152 182 153 187 153 188 153 182 154 188 154 189 154 182 155 189 155 183 155 190 156 191 156 186 156 186 157 191 157 192 157 186 158 192 158 193 158 186 159 193 159 187 159 190 160 194 160 191 160 195 161 196 161 197 161 195 162 198 162 196 162 199 163 200 163 201 163 199 164 202 164 203 164 202 165 204 165 203 165 204 166 202 166 205 166 205 167 202 167 206 167 205 168 206 168 171 168 205 169 171 169 173 169 202 170 199 170 201 170 202 171 201 171 207 171 202 172 207 172 206 172 171 173 206 173 175 173 171 174 175 174 172 174 200 175 198 175 201 175 201 176 198 176 195 176 201 177 195 177 207 177 207 178 195 178 208 178 207 179 208 179 206 179 206 180 208 180 175 180 195 181 186 181 208 181 208 182 186 182 182 182 208 183 182 183 180 183 208 184 180 184 175 184 175 185 180 185 177 185 197 186 209 186 195 186 195 187 209 187 168 187 195 188 168 188 170 188 195 189 170 189 186 189 186 190 170 190 190 190 180 191 185 191 181 191 198 192 210 192 196 192 198 193 211 193 210 193 211 194 198 194 212 194 212 195 198 195 213 195 213 196 214 196 215 196 216 197 214 197 200 197 216 198 200 198 217 198 217 199 200 199 218 199 219 200 218 200 220 200 221 201 222 201 223 201 221 202 224 202 222 202 225 203 224 203 221 203 226 204 227 204 225 204 225 205 227 205 224 205 226 206 225 206 228 206 228 207 225 207 229 207 230 208 231 208 229 208 229 209 231 209 228 209 230 210 232 210 231 210 232 211 230 211 233 211 234 212 221 212 223 212 234 213 223 213 235 213 234 214 235 214 220 214 236 215 230 215 229 215 236 216 229 216 237 216 237 217 229 217 225 217 237 218 225 218 238 218 238 219 225 219 221 219 238 220 221 220 239 220 239 221 221 221 234 221 239 222 234 222 220 222 239 223 220 223 200 223 200 224 220 224 218 224 203 225 239 225 199 225 204 226 236 226 237 226 204 227 237 227 203 227 203 228 237 228 238 228 203 229 238 229 239 229 199 230 239 230 200 230 200 231 214 231 198 231 198 232 214 232 213 232 240 233 174 233 241 233 242 234 233 234 230 234 242 235 243 235 233 235 244 236 245 236 243 236 244 237 243 237 242 237 245 238 244 238 246 238 247 239 248 239 244 239 244 240 248 240 246 240 247 241 249 241 248 241 250 242 249 242 251 242 251 243 249 243 247 243 251 244 252 244 253 244 251 245 253 245 250 245 251 246 254 246 252 246 255 247 256 247 257 247 257 248 256 248 258 248 174 249 240 249 259 249 176 250 260 250 261 250 262 251 263 251 176 251 176 252 263 252 260 252 264 253 262 253 176 253 236 254 204 254 205 254 256 255 255 255 254 255 256 256 254 256 251 256 174 257 259 257 258 257 174 258 258 258 256 258 265 259 256 259 251 259 265 260 251 260 266 260 266 261 251 261 247 261 266 262 247 262 244 262 266 263 244 263 267 263 267 264 244 264 242 264 267 265 242 265 236 265 236 266 242 266 230 266 177 267 264 267 176 267 176 268 261 268 241 268 176 269 241 269 174 269 172 270 174 270 256 270 172 271 256 271 265 271 172 272 265 272 173 272 173 273 265 273 266 273 173 274 266 274 205 274 205 275 266 275 267 275 205 276 267 276 236 276 268 277 269 277 270 277 268 278 270 278 271 278 271 279 270 279 272 279 271 280 272 280 273 280 273 281 272 281 274 281 273 282 274 282 275 282 275 283 274 283 276 283 275 284 276 284 277 284 278 285 279 285 280 285 280 286 279 286 281 286 280 287 281 287 269 287 280 288 269 288 268 288 277 289 282 289 275 289 275 290 282 290 283 290 283 291 282 291 284 291 284 292 282 292 285 292 284 293 285 293 279 293 284 294 279 294 278 294 286 295 287 295 288 295 286 296 288 296 289 296 289 297 288 297 290 297 289 298 290 298 291 298 292 299 293 299 294 299 294 300 293 300 295 300 294 301 295 301 296 301 296 302 295 302 297 302 296 303 297 303 287 303 296 304 287 304 286 304 298 305 299 305 300 305 298 306 300 306 292 306 292 307 300 307 301 307 292 308 301 308 302 308 292 309 302 309 293 309 291 310 290 310 303 310 291 311 303 311 304 311 304 312 303 312 305 312 304 313 305 313 299 313 304 314 299 314 298 314 158 315 306 315 307 315 163 316 308 316 165 316 167 317 309 317 154 317 307 318 159 318 158 318 310 319 311 319 270 319 270 320 311 320 312 320 312 321 313 321 272 321 279 322 314 322 281 322 315 323 310 323 270 323 270 324 312 324 272 324 315 325 270 325 269 325 316 326 269 326 281 326 317 327 318 327 290 327 288 328 319 328 320 328 287 329 321 329 322 329 322 330 323 330 288 330 288 331 323 331 319 331 320 332 317 332 290 332 320 333 290 333 288 333 322 334 288 334 287 334 324 335 295 335 293 335 325 336 326 336 327 336 327 337 326 337 328 337 326 338 329 338 330 338 330 339 329 339 331 339 328 340 326 340 330 340 332 341 333 341 334 341 332 342 335 342 336 342 325 343 337 343 338 343 339 344 340 344 341 344 340 345 332 345 336 345 339 346 341 346 342 346 340 347 339 347 333 347 333 348 332 348 340 348 334 349 333 349 339 349 337 350 343 350 338 350 343 351 344 351 341 351 338 352 343 352 341 352 334 353 335 353 332 353 344 354 342 354 341 354 345 355 346 355 347 355 348 356 349 356 350 356 351 357 352 357 353 357 354 358 355 358 356 358 355 359 353 359 356 359 353 360 352 360 357 360 358 361 359 361 360 361 358 362 360 362 361 362 361 363 360 363 362 363 363 364 350 364 364 364 364 365 350 365 365 365 362 366 360 366 357 366 366 367 349 367 347 367 367 368 368 368 369 368 370 369 347 369 348 369 365 370 368 370 371 370 371 371 364 371 365 371 372 372 348 372 350 372 347 373 349 373 348 373 345 374 347 374 370 374 345 375 370 375 373 375 350 376 363 376 372 376 352 377 351 377 374 377 375 378 376 378 355 378 355 379 354 379 375 379 355 380 351 380 353 380 374 381 377 381 357 381 357 382 352 382 374 382 357 383 377 383 362 383 376 384 351 384 355 384 366 385 347 385 346 385 378 386 379 386 380 386 379 387 378 387 381 387 329 388 381 388 331 388 331 389 381 389 378 389 382 390 383 390 384 390 384 391 383 391 385 391 386 392 387 392 388 392 389 393 385 393 387 393 379 394 386 394 380 394 389 395 387 395 386 395 385 396 389 396 384 396 390 397 380 397 386 397 390 398 386 398 388 398 391 399 392 399 393 399 394 400 395 400 396 400 397 401 398 401 399 401 396 402 399 402 394 402 398 403 397 403 400 403 398 404 400 404 401 404 402 405 401 405 403 405 403 406 401 406 400 406 404 407 325 407 402 407 402 408 325 408 401 408 326 409 405 409 329 409 329 410 405 410 406 410 405 411 326 411 404 411 404 412 326 412 325 412 406 413 407 413 329 413 408 414 392 414 407 414 393 415 392 415 409 415 409 416 392 416 408 416 410 417 411 417 412 417 413 418 411 418 410 418 414 419 413 419 410 419 414 420 415 420 413 420 416 421 417 421 418 421 419 422 420 422 421 422 422 423 423 423 424 423 422 424 424 424 425 424 426 425 427 425 428 425 426 426 428 426 429 426 419 427 421 427 422 427 430 428 428 428 427 428 431 429 427 429 426 429 431 430 426 430 425 430 431 431 425 431 424 431 432 432 433 432 414 432 410 433 434 433 432 433 414 434 410 434 432 434 415 435 435 435 417 435 414 436 433 436 415 436 436 437 416 437 418 437 417 438 435 438 418 438 429 439 428 439 437 439 437 440 428 440 438 440 438 441 428 441 430 441 439 442 440 442 416 442 439 443 416 443 436 443 435 444 415 444 441 444 441 445 415 445 433 445 410 446 412 446 434 446 375 447 442 447 443 447 444 448 373 448 443 448 373 449 444 449 345 449 366 450 346 450 445 450 445 451 346 451 345 451 445 452 345 452 444 452 356 453 442 453 354 453 442 454 444 454 443 454 375 455 354 455 442 455 445 456 444 456 446 456 446 457 444 457 442 457 446 458 442 458 356 458 336 459 335 459 447 459 448 460 449 460 398 460 450 461 451 461 452 461 394 462 399 462 398 462 353 463 453 463 454 463 454 464 453 464 455 464 455 465 453 465 456 465 457 466 458 466 459 466 459 467 458 467 460 467 459 468 460 468 456 468 456 469 460 469 455 469 458 470 457 470 461 470 461 471 457 471 462 471 461 472 462 472 463 472 464 473 465 473 466 473 466 474 465 474 467 474 468 475 340 475 336 475 469 476 395 476 394 476 470 477 471 477 452 477 452 478 471 478 450 478 472 479 473 479 474 479 475 480 472 480 474 480 476 481 477 481 478 481 479 482 476 482 480 482 479 483 480 483 475 483 481 484 482 484 477 484 483 485 484 485 481 485 481 486 484 486 482 486 485 487 486 487 483 487 483 488 486 488 484 488 487 489 488 489 485 489 488 490 487 490 489 490 489 491 487 491 490 491 490 492 491 492 492 492 492 493 491 493 493 493 493 494 494 494 492 494 494 495 493 495 495 495 496 496 495 496 497 496 498 497 499 497 500 497 500 498 499 498 501 498 501 499 499 499 502 499 501 500 502 500 503 500 503 501 502 501 504 501 504 502 502 502 505 502 366 503 506 503 349 503 477 504 507 504 508 504 477 505 508 505 481 505 509 506 360 506 359 506 509 507 359 507 477 507 477 508 359 508 507 508 453 509 357 509 360 509 453 510 360 510 510 510 453 511 353 511 357 511 454 512 356 512 353 512 369 513 368 513 483 513 483 514 368 514 511 514 483 515 511 515 512 515 491 516 487 516 513 516 491 517 513 517 493 517 493 518 513 518 514 518 493 519 514 519 515 519 512 520 511 520 516 520 512 521 516 521 487 521 487 522 516 522 517 522 487 523 517 523 513 523 515 524 514 524 518 524 368 525 365 525 511 525 511 526 365 526 519 526 511 527 519 527 516 527 513 528 517 528 520 528 513 529 520 529 514 529 514 530 520 530 521 530 514 531 521 531 522 531 514 532 522 532 518 532 518 533 522 533 523 533 365 534 350 534 519 534 516 535 519 535 524 535 516 536 524 536 517 536 517 537 524 537 525 537 517 538 525 538 520 538 509 539 479 539 526 539 474 540 527 540 479 540 479 541 527 541 526 541 509 542 526 542 510 542 459 543 510 543 526 543 459 544 526 544 528 544 528 545 526 545 527 545 350 546 529 546 519 546 519 547 529 547 524 547 520 548 525 548 505 548 520 549 505 549 502 549 520 550 502 550 521 550 521 551 502 551 522 551 522 552 502 552 499 552 522 553 499 553 523 553 523 554 499 554 498 554 350 555 349 555 529 555 524 556 529 556 530 556 524 557 530 557 525 557 349 558 506 558 529 558 529 559 506 559 531 559 529 560 531 560 530 560 530 561 532 561 525 561 525 562 532 562 533 562 525 563 533 563 505 563 505 564 533 564 504 564 534 565 535 565 536 565 453 566 510 566 456 566 456 567 510 567 459 567 528 568 527 568 537 568 538 569 535 569 534 569 466 570 538 570 448 570 539 571 340 571 468 571 539 572 468 572 540 572 464 573 466 573 448 573 464 574 448 574 541 574 538 575 466 575 535 575 535 576 542 576 536 576 462 577 537 577 543 577 459 578 528 578 457 578 457 579 528 579 537 579 457 580 537 580 462 580 544 581 543 581 545 581 536 582 545 582 546 582 536 583 542 583 545 583 545 584 542 584 547 584 546 585 545 585 543 585 543 586 544 586 462 586 462 587 544 587 548 587 462 588 548 588 549 588 550 589 542 589 551 589 551 590 542 590 535 590 551 591 535 591 467 591 467 592 535 592 466 592 451 593 469 593 394 593 470 594 452 594 552 594 553 595 554 595 452 595 452 596 554 596 546 596 555 597 546 597 543 597 462 598 549 598 463 598 553 599 394 599 534 599 553 600 534 600 554 600 537 601 527 601 543 601 543 602 527 602 556 602 543 603 556 603 555 603 546 604 555 604 452 604 553 605 451 605 394 605 448 606 398 606 557 606 557 607 398 607 401 607 398 608 449 608 394 608 394 609 449 609 534 609 546 610 554 610 536 610 545 611 547 611 544 611 539 612 448 612 557 612 340 613 539 613 341 613 341 614 539 614 557 614 341 615 557 615 338 615 338 616 557 616 401 616 338 617 401 617 325 617 540 618 541 618 539 618 539 619 541 619 448 619 449 620 448 620 538 620 449 621 538 621 534 621 554 622 534 622 536 622 542 623 550 623 547 623 509 624 477 624 476 624 509 625 476 625 479 625 510 626 360 626 509 626 477 627 482 627 478 627 479 628 475 628 474 628 556 629 474 629 473 629 556 630 473 630 552 630 556 631 552 631 555 631 555 632 552 632 452 632 553 633 452 633 451 633 483 634 481 634 369 634 485 635 483 635 512 635 485 636 512 636 487 636 487 637 491 637 490 637 493 638 515 638 495 638 495 639 515 639 497 639 497 640 515 640 518 640 498 641 500 641 558 641 556 642 527 642 474 642 559 643 434 643 412 643 560 644 434 644 559 644 437 645 561 645 429 645 560 646 562 646 561 646 437 647 438 647 561 647 561 648 562 648 429 648 559 649 412 649 411 649 559 650 563 650 562 650 411 651 563 651 559 651 438 652 560 652 561 652 562 653 560 653 559 653 564 654 382 654 384 654 382 655 447 655 383 655 447 656 382 656 564 656 565 657 566 657 567 657 568 658 569 658 570 658 571 659 420 659 572 659 573 660 574 660 575 660 575 661 574 661 576 661 575 662 576 662 577 662 578 663 579 663 580 663 580 664 579 664 558 664 558 665 579 665 498 665 581 666 582 666 583 666 584 667 585 667 586 667 581 668 586 668 582 668 584 669 587 669 585 669 588 670 589 670 590 670 590 671 589 671 587 671 591 672 592 672 593 672 592 673 591 673 588 673 592 674 588 674 590 674 572 675 591 675 593 675 594 676 595 676 596 676 597 677 598 677 599 677 570 678 569 678 597 678 570 679 600 679 568 679 601 680 600 680 570 680 602 681 391 681 570 681 570 682 391 682 601 682 407 683 381 683 329 683 603 684 389 684 604 684 604 685 389 685 386 685 389 686 603 686 605 686 389 687 605 687 384 687 606 688 607 688 608 688 606 689 608 689 609 689 609 690 608 690 610 690 609 691 610 691 611 691 611 692 612 692 609 692 613 693 614 693 615 693 613 694 615 694 616 694 617 695 618 695 604 695 604 696 618 696 619 696 608 697 617 697 620 697 620 698 621 698 622 698 622 699 610 699 620 699 620 700 610 700 608 700 623 701 624 701 621 701 621 702 624 702 622 702 623 703 625 703 626 703 623 704 626 704 624 704 627 705 628 705 626 705 627 706 626 706 625 706 611 707 610 707 622 707 611 708 622 708 624 708 629 709 624 709 626 709 629 710 626 710 630 710 630 711 626 711 628 711 612 712 611 712 631 712 631 713 611 713 632 713 632 714 611 714 624 714 632 715 624 715 633 715 633 716 624 716 629 716 633 717 629 717 634 717 634 718 629 718 614 718 614 719 629 719 630 719 614 720 630 720 615 720 627 721 635 721 628 721 628 722 635 722 615 722 615 723 635 723 636 723 636 724 637 724 638 724 638 725 637 725 639 725 640 726 641 726 642 726 419 727 422 727 640 727 640 728 422 728 643 728 643 729 422 729 425 729 584 730 644 730 645 730 584 731 645 731 646 731 440 732 590 732 416 732 497 733 518 733 647 733 497 734 647 734 581 734 581 735 647 735 648 735 581 736 648 736 644 736 644 737 648 737 645 737 645 738 648 738 649 738 645 739 649 739 650 739 645 740 650 740 646 740 646 741 650 741 651 741 646 742 651 742 590 742 590 743 651 743 416 743 416 744 651 744 417 744 518 745 523 745 647 745 648 746 647 746 652 746 648 747 652 747 649 747 649 748 652 748 653 748 649 749 653 749 650 749 650 750 653 750 654 750 650 751 654 751 655 751 650 752 655 752 651 752 651 753 655 753 656 753 651 754 656 754 417 754 643 755 657 755 658 755 643 756 658 756 641 756 659 757 660 757 658 757 636 758 660 758 637 758 637 759 660 759 659 759 639 760 659 760 661 760 657 761 661 761 659 761 657 762 659 762 658 762 523 763 498 763 647 763 647 764 498 764 579 764 647 765 579 765 652 765 417 766 656 766 415 766 652 767 579 767 578 767 652 768 578 768 662 768 652 769 662 769 653 769 653 770 662 770 654 770 655 771 654 771 576 771 655 772 576 772 656 772 656 773 576 773 574 773 656 774 574 774 415 774 662 775 578 775 663 775 662 776 663 776 664 776 662 777 664 777 654 777 654 778 664 778 665 778 654 779 665 779 576 779 576 780 665 780 577 780 415 781 574 781 413 781 413 782 574 782 573 782 413 783 573 783 411 783 666 784 565 784 667 784 594 785 666 785 595 785 595 786 666 786 667 786 667 787 565 787 567 787 641 788 567 788 642 788 642 789 567 789 566 789 642 790 566 790 668 790 593 791 571 791 572 791 572 792 642 792 669 792 419 793 640 793 642 793 419 794 642 794 572 794 419 795 572 795 420 795 642 796 668 796 669 796 440 797 592 797 590 797 646 798 590 798 587 798 646 799 587 799 584 799 644 800 584 800 586 800 644 801 586 801 581 801 581 802 583 802 497 802 497 803 583 803 496 803 670 804 596 804 599 804 670 805 599 805 598 805 597 806 599 806 570 806 407 807 392 807 381 807 381 808 392 808 379 808 379 809 392 809 386 809 386 810 392 810 604 810 604 811 619 811 603 811 607 812 617 812 608 812 617 813 602 813 620 813 607 814 618 814 617 814 617 815 604 815 392 815 617 816 392 816 602 816 660 817 636 817 671 817 671 818 636 818 635 818 595 819 635 819 627 819 599 820 625 820 623 820 671 821 667 821 567 821 671 822 567 822 660 822 657 823 426 823 672 823 672 824 426 824 429 824 660 825 567 825 641 825 641 826 640 826 643 826 657 827 643 827 425 827 657 828 425 828 426 828 659 829 639 829 637 829 620 830 602 830 621 830 630 831 628 831 615 831 615 832 636 832 616 832 616 833 636 833 638 833 392 834 391 834 602 834 602 835 570 835 621 835 621 836 570 836 623 836 623 837 570 837 599 837 625 838 599 838 596 838 625 839 596 839 627 839 627 840 596 840 595 840 595 841 667 841 635 841 635 842 667 842 671 842 660 843 641 843 658 843 661 844 657 844 672 844 336 845 447 845 564 845 445 846 506 846 366 846 356 847 454 847 446 847 573 848 563 848 411 848 564 849 384 849 605 849 468 850 336 850 673 850 674 851 675 851 676 851 677 852 619 852 678 852 679 853 680 853 681 853 681 854 607 854 679 854 673 855 564 855 605 855 682 856 683 856 684 856 461 857 463 857 685 857 455 858 686 858 687 858 688 859 689 859 503 859 690 860 500 860 691 860 692 861 693 861 694 861 633 862 695 862 696 862 616 863 697 863 695 863 695 864 697 864 698 864 616 865 699 865 697 865 638 866 700 866 699 866 638 867 701 867 700 867 702 868 701 868 639 868 639 869 701 869 638 869 703 870 672 870 429 870 704 871 575 871 705 871 705 872 575 872 577 872 664 873 706 873 665 873 665 874 706 874 705 874 706 875 664 875 707 875 578 876 708 876 707 876 709 877 710 877 578 877 578 878 710 878 708 878 709 879 711 879 710 879 709 880 578 880 580 880 709 881 580 881 712 881 501 882 691 882 500 882 691 883 501 883 689 883 689 884 501 884 503 884 688 885 503 885 504 885 688 886 504 886 713 886 714 887 715 887 713 887 713 888 504 888 533 888 713 889 533 889 532 889 713 890 532 890 714 890 714 891 532 891 530 891 714 892 530 892 716 892 716 893 530 893 531 893 717 894 445 894 718 894 445 895 446 895 718 895 718 896 446 896 454 896 718 897 454 897 687 897 455 898 719 898 686 898 463 899 720 899 685 899 720 900 549 900 721 900 682 901 722 901 683 901 723 902 724 902 684 902 725 903 724 903 726 903 725 904 726 904 727 904 726 905 728 905 727 905 580 906 558 906 712 906 712 907 558 907 690 907 690 908 558 908 500 908 707 909 664 909 663 909 707 910 663 910 578 910 705 911 577 911 665 911 573 912 575 912 729 912 729 913 575 913 704 913 703 914 562 914 563 914 703 915 563 915 730 915 730 916 563 916 573 916 573 917 729 917 730 917 703 918 429 918 562 918 703 919 731 919 672 919 672 920 732 920 661 920 732 921 672 921 731 921 661 922 702 922 639 922 732 923 702 923 661 923 699 924 616 924 638 924 634 925 614 925 695 925 695 926 614 926 613 926 695 927 613 927 616 927 695 928 633 928 634 928 609 929 694 929 606 929 618 930 678 930 619 930 603 931 619 931 677 931 541 932 540 932 726 932 683 933 467 933 465 933 733 934 551 934 722 934 551 935 733 935 550 935 733 936 734 936 550 936 550 937 734 937 547 937 735 938 547 938 734 938 544 939 547 939 735 939 548 940 544 940 721 940 721 941 544 941 735 941 548 942 721 942 549 942 549 943 720 943 463 943 458 944 461 944 736 944 736 945 461 945 685 945 687 946 454 946 455 946 719 947 455 947 460 947 719 948 460 948 736 948 736 949 460 949 458 949 716 950 531 950 506 950 716 951 506 951 717 951 717 952 506 952 445 952 631 953 632 953 737 953 737 954 632 954 633 954 737 955 633 955 696 955 631 956 737 956 738 956 612 957 631 957 739 957 739 958 631 958 738 958 738 959 692 959 739 959 612 960 739 960 609 960 740 961 609 961 739 961 692 962 740 962 739 962 694 963 609 963 740 963 694 964 740 964 692 964 606 965 694 965 679 965 694 966 693 966 679 966 679 967 693 967 680 967 679 968 607 968 606 968 680 969 741 969 681 969 681 970 618 970 607 970 678 971 618 971 681 971 681 972 741 972 678 972 674 973 678 973 741 973 676 974 678 974 674 974 678 975 676 975 742 975 742 976 677 976 678 976 677 977 742 977 603 977 605 978 603 978 673 978 673 979 603 979 742 979 336 980 564 980 673 980 743 981 673 981 676 981 675 982 744 982 676 982 742 983 676 983 673 983 468 984 673 984 743 984 743 985 676 985 744 985 726 986 744 986 728 986 744 987 726 987 743 987 540 988 468 988 726 988 723 989 464 989 541 989 743 990 726 990 468 990 726 991 724 991 723 991 723 992 541 992 726 992 723 993 684 993 683 993 464 994 723 994 683 994 683 995 465 995 464 995 722 996 551 996 467 996 722 997 467 997 683 997 745 998 744 998 675 998 746 999 675 999 674 999 746 1000 674 1000 747 1000 746 1001 745 1001 675 1001 674 1002 741 1002 747 1002 697 1003 748 1003 698 1003 717 1004 718 1004 749 1004 750 1005 736 1005 685 1005 732 1006 751 1006 702 1006 702 1007 751 1007 752 1007 702 1008 752 1008 701 1008 701 1009 752 1009 753 1009 754 1010 700 1010 753 1010 753 1011 700 1011 701 1011 748 1012 755 1012 698 1012 756 1013 737 1013 757 1013 757 1014 737 1014 696 1014 757 1015 696 1015 758 1015 758 1016 696 1016 695 1016 692 1017 759 1017 693 1017 693 1018 759 1018 680 1018 760 1019 747 1019 761 1019 761 1020 747 1020 741 1020 761 1021 741 1021 680 1021 761 1022 680 1022 762 1022 762 1023 680 1023 759 1023 760 1024 746 1024 747 1024 746 1025 760 1025 763 1025 746 1026 763 1026 745 1026 764 1027 765 1027 766 1027 767 1028 768 1028 769 1028 767 1029 769 1029 770 1029 770 1030 769 1030 771 1030 770 1031 771 1031 772 1031 772 1032 771 1032 773 1032 772 1033 773 1033 774 1033 775 1034 776 1034 777 1034 775 1035 777 1035 778 1035 779 1036 778 1036 777 1036 779 1037 777 1037 780 1037 779 1038 780 1038 781 1038 781 1039 780 1039 782 1039 781 1040 782 1040 783 1040 783 1041 782 1041 784 1041 783 1042 784 1042 785 1042 785 1043 784 1043 786 1043 785 1044 786 1044 751 1044 751 1045 786 1045 787 1045 751 1046 787 1046 752 1046 752 1047 787 1047 788 1047 752 1048 788 1048 753 1048 754 1049 753 1049 789 1049 754 1050 789 1050 790 1050 754 1051 790 1051 791 1051 791 1052 790 1052 792 1052 791 1053 792 1053 755 1053 755 1054 793 1054 794 1054 794 1055 793 1055 795 1055 757 1056 795 1056 796 1056 757 1057 796 1057 797 1057 757 1058 797 1058 798 1058 760 1059 799 1059 800 1059 760 1060 800 1060 801 1060 802 1061 801 1061 803 1061 768 1062 804 1062 769 1062 774 1063 773 1063 805 1063 806 1064 807 1064 808 1064 806 1065 808 1065 809 1065 777 1066 809 1066 810 1066 777 1067 810 1067 811 1067 777 1068 811 1068 780 1068 780 1069 811 1069 782 1069 782 1070 811 1070 812 1070 782 1071 812 1071 784 1071 784 1072 812 1072 813 1072 784 1073 813 1073 786 1073 786 1074 813 1074 814 1074 786 1075 814 1075 787 1075 787 1076 814 1076 788 1076 788 1077 814 1077 766 1077 788 1078 766 1078 765 1078 789 1079 764 1079 815 1079 789 1080 815 1080 790 1080 790 1081 815 1081 816 1081 790 1082 816 1082 792 1082 792 1083 816 1083 817 1083 792 1084 817 1084 793 1084 793 1085 817 1085 818 1085 793 1086 818 1086 795 1086 795 1087 818 1087 819 1087 795 1088 819 1088 796 1088 798 1089 797 1089 820 1089 798 1090 820 1090 821 1090 799 1091 822 1091 823 1091 801 1092 800 1092 824 1092 801 1093 824 1093 803 1093 773 1094 771 1094 825 1094 774 1095 805 1095 826 1095 826 1096 805 1096 807 1096 826 1097 807 1097 806 1097 776 1098 806 1098 809 1098 776 1099 809 1099 777 1099 753 1100 788 1100 765 1100 753 1101 765 1101 789 1101 789 1102 765 1102 764 1102 755 1103 792 1103 793 1103 827 1104 798 1104 821 1104 827 1105 821 1105 828 1105 828 1106 821 1106 829 1106 828 1107 829 1107 830 1107 830 1108 829 1108 822 1108 830 1109 822 1109 799 1109 799 1110 823 1110 800 1110 831 1111 832 1111 767 1111 831 1112 767 1112 770 1112 831 1113 770 1113 710 1113 710 1114 770 1114 772 1114 710 1115 772 1115 833 1115 704 1116 775 1116 778 1116 704 1117 778 1117 729 1117 729 1118 778 1118 779 1118 729 1119 779 1119 730 1119 730 1120 779 1120 781 1120 730 1121 781 1121 703 1121 703 1122 781 1122 783 1122 703 1123 783 1123 731 1123 731 1124 783 1124 785 1124 731 1125 785 1125 732 1125 732 1126 785 1126 751 1126 712 1127 832 1127 709 1127 709 1128 832 1128 831 1128 709 1129 831 1129 711 1129 711 1130 831 1130 710 1130 708 1131 710 1131 833 1131 708 1132 833 1132 834 1132 708 1133 834 1133 707 1133 707 1134 834 1134 835 1134 707 1135 835 1135 706 1135 706 1136 835 1136 836 1136 706 1137 836 1137 705 1137 705 1138 836 1138 775 1138 705 1139 775 1139 704 1139 738 1140 737 1140 756 1140 738 1141 756 1141 827 1141 738 1142 827 1142 692 1142 692 1143 827 1143 759 1143 700 1144 754 1144 699 1144 699 1145 754 1145 697 1145 697 1146 754 1146 791 1146 697 1147 791 1147 748 1147 748 1148 791 1148 755 1148 698 1149 755 1149 794 1149 698 1150 794 1150 695 1150 695 1151 794 1151 758 1151 761 1152 762 1152 799 1152 761 1153 799 1153 760 1153 763 1154 760 1154 802 1154 832 1155 768 1155 767 1155 833 1156 772 1156 774 1156 833 1157 774 1157 834 1157 834 1158 774 1158 826 1158 834 1159 826 1159 835 1159 835 1160 826 1160 806 1160 835 1161 806 1161 836 1161 836 1162 806 1162 776 1162 836 1163 776 1163 775 1163 758 1164 794 1164 795 1164 758 1165 795 1165 757 1165 756 1166 757 1166 798 1166 756 1167 798 1167 827 1167 759 1168 827 1168 828 1168 759 1169 828 1169 762 1169 762 1170 828 1170 830 1170 762 1171 830 1171 799 1171 802 1172 760 1172 801 1172 837 1173 744 1173 745 1173 837 1174 728 1174 744 1174 838 1175 727 1175 839 1175 839 1176 727 1176 840 1176 840 1177 727 1177 728 1177 840 1178 728 1178 837 1178 838 1179 725 1179 727 1179 838 1180 841 1180 725 1180 725 1181 841 1181 724 1181 724 1182 841 1182 684 1182 734 1183 842 1183 735 1183 843 1184 736 1184 750 1184 719 1185 736 1185 843 1185 844 1186 686 1186 719 1186 844 1187 719 1187 845 1187 845 1188 719 1188 843 1188 714 1189 846 1189 715 1189 715 1190 847 1190 713 1190 713 1191 847 1191 688 1191 688 1192 847 1192 848 1192 849 1193 802 1193 803 1193 849 1194 803 1194 850 1194 839 1195 850 1195 851 1195 839 1196 851 1196 852 1196 853 1197 852 1197 854 1197 853 1198 854 1198 855 1198 842 1199 856 1199 857 1199 858 1200 857 1200 859 1200 858 1201 859 1201 860 1201 861 1202 860 1202 862 1202 861 1203 862 1203 863 1203 861 1204 863 1204 864 1204 864 1205 863 1205 865 1205 864 1206 865 1206 843 1206 843 1207 866 1207 845 1207 844 1208 845 1208 867 1208 844 1209 867 1209 868 1209 868 1210 867 1210 869 1210 868 1211 869 1211 870 1211 868 1212 870 1212 871 1212 872 1213 871 1213 873 1213 872 1214 873 1214 874 1214 875 1215 876 1215 877 1215 877 1216 876 1216 878 1216 855 1217 854 1217 879 1217 857 1218 880 1218 881 1218 857 1219 881 1219 859 1219 859 1220 881 1220 882 1220 862 1221 882 1221 883 1221 862 1222 883 1222 863 1222 863 1223 883 1223 884 1223 863 1224 884 1224 865 1224 865 1225 884 1225 885 1225 865 1226 885 1226 886 1226 866 1227 886 1227 887 1227 866 1228 887 1228 888 1228 867 1229 888 1229 889 1229 867 1230 889 1230 869 1230 869 1231 889 1231 890 1231 869 1232 890 1232 870 1232 870 1233 890 1233 891 1233 870 1234 891 1234 892 1234 873 1235 892 1235 893 1235 873 1236 893 1236 894 1236 852 1237 851 1237 895 1237 852 1238 895 1238 854 1238 855 1239 879 1239 896 1239 896 1240 879 1240 897 1240 896 1241 897 1241 898 1241 898 1242 897 1242 899 1242 898 1243 899 1243 856 1243 856 1244 899 1244 880 1244 856 1245 880 1245 857 1245 860 1246 859 1246 882 1246 860 1247 882 1247 862 1247 843 1248 865 1248 886 1248 843 1249 886 1249 866 1249 845 1250 866 1250 888 1250 845 1251 888 1251 867 1251 871 1252 870 1252 892 1252 871 1253 892 1253 873 1253 874 1254 873 1254 894 1254 874 1255 894 1255 900 1255 900 1256 894 1256 901 1256 900 1257 901 1257 902 1257 902 1258 901 1258 903 1258 902 1259 903 1259 904 1259 904 1260 903 1260 905 1260 904 1261 905 1261 906 1261 906 1262 905 1262 875 1262 875 1263 905 1263 907 1263 875 1264 907 1264 876 1264 878 1265 876 1265 908 1265 878 1266 908 1266 804 1266 878 1267 804 1267 768 1267 745 1268 763 1268 837 1268 684 1269 841 1269 909 1269 684 1270 909 1270 682 1270 682 1271 909 1271 910 1271 682 1272 910 1272 722 1272 722 1273 910 1273 911 1273 722 1274 911 1274 733 1274 733 1275 911 1275 734 1275 763 1276 802 1276 837 1276 837 1277 802 1277 849 1277 837 1278 849 1278 840 1278 841 1279 838 1279 853 1279 841 1280 853 1280 909 1280 734 1281 911 1281 842 1281 735 1282 842 1282 858 1282 735 1283 858 1283 721 1283 721 1284 858 1284 860 1284 721 1285 860 1285 720 1285 720 1286 860 1286 861 1286 720 1287 861 1287 685 1287 685 1288 861 1288 750 1288 750 1289 861 1289 864 1289 750 1290 864 1290 843 1290 688 1291 848 1291 689 1291 689 1292 848 1292 691 1292 691 1293 848 1293 912 1293 691 1294 912 1294 690 1294 690 1295 912 1295 832 1295 690 1296 832 1296 712 1296 877 1297 912 1297 848 1297 906 1298 848 1298 847 1298 847 1299 715 1299 902 1299 902 1300 715 1300 846 1300 846 1301 714 1301 874 1301 874 1302 714 1302 716 1302 874 1303 716 1303 872 1303 872 1304 716 1304 717 1304 872 1305 717 1305 871 1305 871 1306 717 1306 749 1306 871 1307 749 1307 868 1307 868 1308 749 1308 718 1308 868 1309 718 1309 687 1309 868 1310 687 1310 844 1310 844 1311 687 1311 686 1311 840 1312 849 1312 850 1312 840 1313 850 1313 839 1313 838 1314 839 1314 852 1314 838 1315 852 1315 853 1315 909 1316 853 1316 855 1316 909 1317 855 1317 910 1317 910 1318 855 1318 896 1318 910 1319 896 1319 898 1319 910 1320 898 1320 911 1320 911 1321 898 1321 856 1321 911 1322 856 1322 842 1322 842 1323 857 1323 858 1323 846 1324 874 1324 900 1324 846 1325 900 1325 902 1325 847 1326 902 1326 904 1326 847 1327 904 1327 906 1327 848 1328 906 1328 875 1328 848 1329 875 1329 877 1329 912 1330 877 1330 878 1330 912 1331 878 1331 832 1331 832 1332 878 1332 768 1332 913 1333 914 1333 766 1333 824 1334 800 1334 915 1334 915 1335 800 1335 916 1335 800 1336 823 1336 916 1336 822 1337 916 1337 823 1337 917 1338 918 1338 797 1338 797 1339 918 1339 919 1339 920 1340 815 1340 921 1340 796 1341 917 1341 797 1341 797 1342 919 1342 820 1342 820 1343 919 1343 922 1343 922 1344 923 1344 820 1344 821 1345 820 1345 923 1345 821 1346 923 1346 829 1346 829 1347 923 1347 924 1347 829 1348 924 1348 822 1348 822 1349 924 1349 916 1349 925 1350 817 1350 926 1350 927 1351 926 1351 816 1351 927 1352 816 1352 920 1352 921 1353 764 1353 914 1353 917 1354 796 1354 928 1354 926 1355 817 1355 816 1355 920 1356 816 1356 815 1356 921 1357 815 1357 764 1357 914 1358 764 1358 766 1358 928 1359 796 1359 819 1359 928 1360 819 1360 929 1360 929 1361 819 1361 818 1361 929 1362 818 1362 925 1362 925 1363 818 1363 817 1363 930 1364 931 1364 932 1364 933 1365 851 1365 850 1365 850 1366 934 1366 933 1366 803 1367 934 1367 850 1367 824 1368 935 1368 803 1368 803 1369 935 1369 934 1369 936 1370 885 1370 932 1370 932 1371 885 1371 884 1371 933 1372 937 1372 851 1372 851 1373 937 1373 895 1373 895 1374 937 1374 854 1374 854 1375 937 1375 938 1375 854 1376 938 1376 939 1376 854 1377 939 1377 879 1377 879 1378 939 1378 940 1378 879 1379 940 1379 897 1379 930 1380 932 1380 883 1380 883 1381 932 1381 884 1381 881 1382 941 1382 942 1382 881 1383 942 1383 943 1383 882 1384 943 1384 944 1384 882 1385 944 1385 930 1385 897 1386 945 1386 899 1386 899 1387 945 1387 946 1387 882 1388 881 1388 943 1388 897 1389 940 1389 945 1389 880 1390 899 1390 946 1390 880 1391 946 1391 941 1391 880 1392 941 1392 881 1392 882 1393 930 1393 883 1393 947 1394 885 1394 936 1394 769 1395 948 1395 949 1395 769 1396 949 1396 950 1396 769 1397 950 1397 771 1397 771 1398 950 1398 825 1398 825 1399 950 1399 951 1399 825 1400 951 1400 952 1400 825 1401 952 1401 773 1401 953 1402 807 1402 805 1402 953 1403 805 1403 954 1403 954 1404 805 1404 773 1404 954 1405 773 1405 952 1405 807 1406 953 1406 955 1406 807 1407 955 1407 808 1407 956 1408 808 1408 957 1408 957 1409 808 1409 955 1409 958 1410 810 1410 809 1410 958 1411 809 1411 956 1411 956 1412 809 1412 808 1412 959 1413 813 1413 812 1413 958 1414 960 1414 810 1414 810 1415 960 1415 961 1415 810 1416 961 1416 811 1416 811 1417 961 1417 962 1417 811 1418 962 1418 963 1418 811 1419 963 1419 812 1419 812 1420 963 1420 959 1420 964 1421 814 1421 813 1421 964 1422 813 1422 965 1422 965 1423 813 1423 959 1423 814 1424 964 1424 966 1424 814 1425 966 1425 913 1425 814 1426 913 1426 766 1426 769 1427 804 1427 948 1427 948 1428 804 1428 967 1428 967 1429 804 1429 908 1429 967 1430 908 1430 968 1430 969 1431 970 1431 907 1431 907 1432 970 1432 876 1432 876 1433 970 1433 971 1433 876 1434 971 1434 908 1434 908 1435 971 1435 968 1435 969 1436 907 1436 905 1436 972 1437 973 1437 903 1437 903 1438 973 1438 974 1438 903 1439 974 1439 905 1439 905 1440 974 1440 969 1440 972 1441 903 1441 901 1441 972 1442 901 1442 975 1442 975 1443 901 1443 894 1443 975 1444 894 1444 976 1444 976 1445 894 1445 977 1445 977 1446 894 1446 893 1446 892 1447 978 1447 893 1447 893 1448 978 1448 977 1448 892 1449 891 1449 978 1449 978 1450 891 1450 979 1450 979 1451 891 1451 980 1451 980 1452 891 1452 890 1452 889 1453 981 1453 890 1453 981 1454 980 1454 890 1454 981 1455 889 1455 982 1455 982 1456 889 1456 888 1456 982 1457 888 1457 983 1457 983 1458 888 1458 887 1458 983 1459 887 1459 984 1459 984 1460 887 1460 886 1460 984 1461 886 1461 947 1461 947 1462 886 1462 885 1462 985 1463 914 1463 913 1463 925 1464 986 1464 929 1464 986 1465 925 1465 926 1465 987 1466 926 1466 927 1466 920 1467 921 1467 987 1467 987 1468 986 1468 926 1468 987 1469 927 1469 920 1469 986 1470 928 1470 929 1470 918 1471 917 1471 928 1471 936 1472 932 1472 931 1472 988 1473 943 1473 942 1473 988 1474 944 1474 943 1474 931 1475 930 1475 988 1475 988 1476 930 1476 944 1476 947 1477 936 1477 931 1477 946 1478 945 1478 940 1478 988 1479 942 1479 941 1479 938 1480 940 1480 939 1480 989 1481 951 1481 950 1481 980 1482 981 1482 990 1482 985 1483 913 1483 966 1483 991 1484 965 1484 959 1484 992 1485 959 1485 963 1485 961 1486 960 1486 993 1486 993 1487 960 1487 958 1487 993 1488 958 1488 994 1488 994 1489 958 1489 956 1489 956 1490 957 1490 995 1490 995 1491 957 1491 955 1491 995 1492 955 1492 953 1492 996 1493 954 1493 952 1493 952 1494 951 1494 997 1494 997 1495 951 1495 989 1495 998 1496 950 1496 949 1496 949 1497 948 1497 999 1497 999 1498 948 1498 967 1498 967 1499 968 1499 1000 1499 1000 1500 968 1500 971 1500 1001 1501 971 1501 970 1501 1002 1502 975 1502 976 1502 966 1503 964 1503 991 1503 991 1504 964 1504 965 1504 991 1505 959 1505 992 1505 992 1506 963 1506 962 1506 962 1507 961 1507 993 1507 953 1508 954 1508 996 1508 996 1509 952 1509 997 1509 989 1510 950 1510 998 1510 998 1511 949 1511 999 1511 999 1512 967 1512 1000 1512 1000 1513 971 1513 1001 1513 1001 1514 970 1514 1003 1514 1003 1515 970 1515 969 1515 1003 1516 969 1516 1004 1516 1004 1517 969 1517 974 1517 1004 1518 974 1518 1005 1518 1005 1519 974 1519 973 1519 1005 1520 973 1520 972 1520 972 1521 975 1521 1002 1521 1002 1522 976 1522 1006 1522 1006 1523 976 1523 977 1523 1006 1524 977 1524 978 1524 978 1525 979 1525 1007 1525 1007 1526 979 1526 980 1526 990 1527 981 1527 982 1527 985 1528 966 1528 991 1528 992 1529 962 1529 993 1529 995 1530 953 1530 996 1530 1005 1531 972 1531 1002 1531 1006 1532 978 1532 1007 1532 1007 1533 980 1533 990 1533 1008 1534 1009 1534 995 1534 1009 1535 956 1535 995 1535 915 1536 1010 1536 824 1536 1011 1537 994 1537 1009 1537 1009 1538 994 1538 956 1538 824 1539 1010 1539 1012 1539 824 1540 1012 1540 1013 1540 1011 1541 993 1541 994 1541 1007 1542 1014 1542 1006 1542 990 1543 1015 1543 1007 1543 1007 1544 1015 1544 1014 1544 1016 1545 1000 1545 1017 1545 1017 1546 1000 1546 1001 1546 1008 1547 995 1547 996 1547 1008 1548 996 1548 1018 1548 1018 1549 996 1549 997 1549 1018 1550 997 1550 989 1550 1018 1551 989 1551 1019 1551 1019 1552 989 1552 998 1552 1019 1553 998 1553 999 1553 1019 1554 999 1554 1020 1554 1020 1555 999 1555 1000 1555 1020 1556 1000 1556 1016 1556 918 1557 1021 1557 919 1557 923 1558 1022 1558 924 1558 924 1559 1022 1559 1023 1559 1024 1560 1025 1560 1005 1560 1017 1561 1001 1561 1003 1561 919 1562 1021 1562 1022 1562 922 1563 1022 1563 923 1563 916 1564 1010 1564 915 1564 1006 1565 1014 1565 1002 1565 1002 1566 1014 1566 1024 1566 1002 1567 1024 1567 1005 1567 985 1568 1026 1568 914 1568 1021 1569 918 1569 1027 1569 1025 1570 1004 1570 1005 1570 1017 1571 1003 1571 1025 1571 1025 1572 1003 1572 1004 1572 919 1573 1022 1573 922 1573 824 1574 1013 1574 935 1574 935 1575 1013 1575 1028 1575 935 1576 1028 1576 934 1576 934 1577 1028 1577 1029 1577 934 1578 1029 1578 933 1578 933 1579 1029 1579 1030 1579 933 1580 1030 1580 937 1580 937 1581 1030 1581 938 1581 938 1582 1030 1582 1031 1582 938 1583 1031 1583 940 1583 1015 1584 990 1584 982 1584 1015 1585 982 1585 1032 1585 1032 1586 982 1586 983 1586 1032 1587 983 1587 1033 1587 1033 1588 983 1588 984 1588 1033 1589 984 1589 947 1589 1033 1590 947 1590 1034 1590 993 1591 1011 1591 1035 1591 993 1592 1035 1592 992 1592 992 1593 1035 1593 1036 1593 992 1594 1036 1594 991 1594 991 1595 1036 1595 1037 1595 991 1596 1037 1596 985 1596 985 1597 1037 1597 1038 1597 985 1598 1038 1598 1026 1598 924 1599 1023 1599 916 1599 916 1600 1023 1600 1010 1600 1039 1601 988 1601 1040 1601 1040 1602 988 1602 1041 1602 1041 1603 988 1603 941 1603 1041 1604 941 1604 946 1604 1041 1605 946 1605 1042 1605 1043 1606 931 1606 988 1606 1043 1607 988 1607 1039 1607 1044 1608 987 1608 921 1608 1044 1609 921 1609 1045 1609 946 1610 940 1610 1042 1610 1042 1611 940 1611 1031 1611 1027 1612 918 1612 1046 1612 1043 1613 1034 1613 931 1613 931 1614 1034 1614 947 1614 1046 1615 918 1615 928 1615 1046 1616 928 1616 986 1616 914 1617 1026 1617 921 1617 921 1618 1026 1618 1045 1618 987 1619 1044 1619 1047 1619 987 1620 1047 1620 1048 1620 987 1621 1048 1621 986 1621 986 1622 1048 1622 1046 1622 1049 1623 1050 1623 1016 1623 1049 1624 1016 1624 1051 1624 1051 1625 1016 1625 1052 1625 1052 1626 1016 1626 1053 1626 1052 1627 1053 1627 1054 1627 1054 1628 1017 1628 1055 1628 1055 1629 1017 1629 1056 1629 1055 1630 1056 1630 1057 1630 1057 1631 1056 1631 1025 1631 1057 1632 1025 1632 1058 1632 1058 1633 1025 1633 1059 1633 1060 1634 1059 1634 1061 1634 1061 1635 1024 1635 1062 1635 1062 1636 1024 1636 1063 1636 1062 1637 1063 1637 1064 1637 1064 1638 1063 1638 1014 1638 1064 1639 1014 1639 1065 1639 1065 1640 1014 1640 1066 1640 1067 1641 1068 1641 1015 1641 1067 1642 1015 1642 1069 1642 1069 1643 1015 1643 1070 1643 1070 1644 1015 1644 1032 1644 1070 1645 1032 1645 1071 1645 1072 1646 1071 1646 1033 1646 1073 1647 1050 1647 1049 1647 1074 1648 1058 1648 1059 1648 1074 1649 1059 1649 1060 1649 1072 1650 1033 1650 1075 1650 1076 1651 1068 1651 1067 1651 1076 1652 1065 1652 1066 1652 1076 1653 1066 1653 1068 1653 1053 1654 1016 1654 1017 1654 1056 1655 1017 1655 1025 1655 1059 1656 1025 1656 1024 1656 1066 1657 1014 1657 1015 1657 1063 1658 1024 1658 1014 1658 1068 1659 1066 1659 1015 1659 1071 1660 1032 1660 1033 1660 1050 1661 1020 1661 1016 1661 1054 1662 1053 1662 1017 1662 1061 1663 1059 1663 1024 1663 1077 1664 1019 1664 1078 1664 1078 1665 1019 1665 1020 1665 1078 1666 1020 1666 1050 1666 1018 1667 1019 1667 1077 1667 1078 1668 1050 1668 1073 1668 1008 1669 1018 1669 1079 1669 1080 1670 1077 1670 1078 1670 1081 1671 1078 1671 1073 1671 1018 1672 1077 1672 1082 1672 1082 1673 1077 1673 1080 1673 1009 1674 1008 1674 1083 1674 1079 1675 1018 1675 1084 1675 1084 1676 1018 1676 1082 1676 1080 1677 1078 1677 1081 1677 1083 1678 1008 1678 1085 1678 1008 1679 1079 1679 1086 1679 1086 1680 1079 1680 1084 1680 1011 1681 1009 1681 1087 1681 1085 1682 1008 1682 1086 1682 1009 1683 1083 1683 1088 1683 1088 1684 1083 1684 1085 1684 1089 1685 1009 1685 1088 1685 1090 1686 1035 1686 1011 1686 1087 1687 1009 1687 1089 1687 1088 1688 1085 1688 1086 1688 1091 1689 1087 1689 1089 1689 1036 1690 1035 1690 1092 1690 1090 1691 1011 1691 1093 1691 1093 1692 1011 1692 1094 1692 1094 1693 1011 1693 1095 1693 1092 1694 1090 1694 1096 1694 1096 1695 1090 1695 1093 1695 1036 1696 1092 1696 1097 1696 1097 1697 1092 1697 1096 1697 1038 1698 1037 1698 1098 1698 1099 1699 1100 1699 1098 1699 1100 1700 1101 1700 1038 1700 1098 1701 1100 1701 1038 1701 1102 1702 1099 1702 1098 1702 1098 1703 1037 1703 1102 1703 1102 1704 1037 1704 1103 1704 1097 1705 1103 1705 1036 1705 1036 1706 1103 1706 1037 1706 1091 1707 1095 1707 1087 1707 1087 1708 1095 1708 1011 1708 1090 1709 1092 1709 1035 1709 1104 1710 1075 1710 1034 1710 1034 1711 1075 1711 1033 1711 1031 1712 1105 1712 1042 1712 1028 1713 1106 1713 1029 1713 1041 1714 1107 1714 1040 1714 1108 1715 1109 1715 1039 1715 1104 1716 1034 1716 1110 1716 1111 1717 1112 1717 1043 1717 1112 1718 1110 1718 1034 1718 1112 1719 1034 1719 1043 1719 1039 1720 1040 1720 1108 1720 1041 1721 1042 1721 1113 1721 1107 1722 1041 1722 1114 1722 1114 1723 1041 1723 1113 1723 1109 1724 1111 1724 1039 1724 1039 1725 1111 1725 1043 1725 1028 1726 1115 1726 1106 1726 1029 1727 1116 1727 1030 1727 1030 1728 1116 1728 1117 1728 1030 1729 1117 1729 1031 1729 1031 1730 1117 1730 1118 1730 1031 1731 1118 1731 1105 1731 1042 1732 1105 1732 1113 1732 1107 1733 1108 1733 1040 1733 1026 1734 1101 1734 1119 1734 1044 1735 1120 1735 1026 1735 1121 1736 1045 1736 1120 1736 1120 1737 1045 1737 1026 1737 1045 1738 1120 1738 1044 1738 1010 1739 1122 1739 1012 1739 1013 1740 1115 1740 1028 1740 1022 1741 1123 1741 1023 1741 1022 1742 1021 1742 1124 1742 1125 1743 1126 1743 1127 1743 1119 1744 1128 1744 1047 1744 1119 1745 1047 1745 1026 1745 1048 1746 1128 1746 1126 1746 1048 1747 1126 1747 1125 1747 1047 1748 1128 1748 1048 1748 1048 1749 1125 1749 1127 1749 1022 1750 1124 1750 1129 1750 1130 1751 1124 1751 1021 1751 1130 1752 1021 1752 1027 1752 1130 1753 1027 1753 1131 1753 1132 1754 1023 1754 1133 1754 1133 1755 1023 1755 1123 1755 1129 1756 1123 1756 1022 1756 1131 1757 1027 1757 1134 1757 1134 1758 1027 1758 1046 1758 1134 1759 1046 1759 1135 1759 1127 1760 1135 1760 1048 1760 1135 1761 1127 1761 1134 1761 1013 1762 1012 1762 1115 1762 1044 1763 1026 1763 1047 1763 1122 1764 1010 1764 1132 1764 1132 1765 1010 1765 1023 1765 1048 1766 1135 1766 1046 1766 1026 1767 1038 1767 1101 1767 1136 1768 1101 1768 1100 1768 1136 1769 1100 1769 1137 1769 1137 1770 1100 1770 1099 1770 1137 1771 1099 1771 1138 1771 1138 1772 1099 1772 1102 1772 1138 1773 1102 1773 1139 1773 1139 1774 1102 1774 1140 1774 1102 1775 1103 1775 1140 1775 1140 1776 1103 1776 1097 1776 1140 1777 1097 1777 1141 1777 1141 1778 1097 1778 1096 1778 1141 1779 1096 1779 1142 1779 1142 1780 1096 1780 1143 1780 1143 1781 1096 1781 1093 1781 1143 1782 1093 1782 1144 1782 1144 1783 1093 1783 1094 1783 1144 1784 1094 1784 1145 1784 1145 1785 1094 1785 1095 1785 1145 1786 1095 1786 1091 1786 1145 1787 1091 1787 1146 1787 1146 1788 1091 1788 1089 1788 1146 1789 1089 1789 1147 1789 1147 1790 1089 1790 1148 1790 1148 1791 1089 1791 1088 1791 1148 1792 1088 1792 1149 1792 1149 1793 1088 1793 1086 1793 1149 1794 1086 1794 1150 1794 1150 1795 1086 1795 1151 1795 1151 1796 1086 1796 1084 1796 1151 1797 1084 1797 1152 1797 1152 1798 1084 1798 1082 1798 1152 1799 1082 1799 1080 1799 1152 1800 1080 1800 1153 1800 1153 1801 1080 1801 1081 1801 1153 1802 1081 1802 1154 1802 1154 1803 1081 1803 1155 1803 1155 1804 1081 1804 1073 1804 1155 1805 1073 1805 1156 1805 1156 1806 1073 1806 1049 1806 1156 1807 1049 1807 1157 1807 1157 1808 1049 1808 1051 1808 1157 1809 1051 1809 1158 1809 1158 1810 1051 1810 1052 1810 1158 1811 1052 1811 1159 1811 1159 1812 1052 1812 1054 1812 1159 1813 1054 1813 1160 1813 1160 1814 1054 1814 1055 1814 1160 1815 1055 1815 1161 1815 1161 1816 1055 1816 1057 1816 1161 1817 1057 1817 1162 1817 1162 1818 1057 1818 1058 1818 1162 1819 1058 1819 1074 1819 1162 1820 1074 1820 1163 1820 1163 1821 1074 1821 1164 1821 1164 1822 1074 1822 1060 1822 1164 1823 1060 1823 1061 1823 1164 1824 1061 1824 1165 1824 1165 1825 1061 1825 1062 1825 1165 1826 1062 1826 1166 1826 1166 1827 1062 1827 1064 1827 1166 1828 1064 1828 1167 1828 1167 1829 1064 1829 1065 1829 1167 1830 1065 1830 1168 1830 1168 1831 1065 1831 1076 1831 1067 1832 1169 1832 1076 1832 1076 1833 1169 1833 1168 1833 1169 1834 1067 1834 1069 1834 1169 1835 1069 1835 1170 1835 1170 1836 1069 1836 1171 1836 1075 1837 1172 1837 1072 1837 1072 1838 1172 1838 1173 1838 1072 1839 1173 1839 1071 1839 1071 1840 1173 1840 1171 1840 1071 1841 1171 1841 1070 1841 1070 1842 1171 1842 1069 1842 1075 1843 1104 1843 1172 1843 1172 1844 1104 1844 1174 1844 1115 1845 1175 1845 1106 1845 1106 1846 1175 1846 1176 1846 1106 1847 1176 1847 1029 1847 1029 1848 1176 1848 1177 1848 1029 1849 1177 1849 1116 1849 1116 1850 1177 1850 1178 1850 1116 1851 1178 1851 1117 1851 1117 1852 1178 1852 1179 1852 1117 1853 1179 1853 1118 1853 1118 1854 1179 1854 1180 1854 1118 1855 1180 1855 1105 1855 1105 1856 1180 1856 1181 1856 1105 1857 1181 1857 1113 1857 1113 1858 1181 1858 1182 1858 1113 1859 1182 1859 1183 1859 1113 1860 1183 1860 1114 1860 1114 1861 1183 1861 1184 1861 1114 1862 1184 1862 1107 1862 1184 1863 1185 1863 1107 1863 1107 1864 1185 1864 1108 1864 1108 1865 1185 1865 1186 1865 1108 1866 1186 1866 1109 1866 1109 1867 1186 1867 1187 1867 1109 1868 1187 1868 1111 1868 1111 1869 1187 1869 1188 1869 1111 1870 1188 1870 1112 1870 1112 1871 1188 1871 1110 1871 1110 1872 1188 1872 1189 1872 1174 1873 1104 1873 1189 1873 1189 1874 1104 1874 1110 1874 1101 1875 1190 1875 1191 1875 1101 1876 1191 1876 1119 1876 1119 1877 1191 1877 1128 1877 1128 1878 1191 1878 1192 1878 1128 1879 1192 1879 1193 1879 1128 1880 1193 1880 1126 1880 1193 1881 1194 1881 1126 1881 1126 1882 1194 1882 1127 1882 1127 1883 1194 1883 1195 1883 1127 1884 1195 1884 1134 1884 1134 1885 1195 1885 1196 1885 1134 1886 1196 1886 1197 1886 1134 1887 1197 1887 1131 1887 1131 1888 1197 1888 1198 1888 1131 1889 1198 1889 1130 1889 1198 1890 1199 1890 1130 1890 1130 1891 1199 1891 1124 1891 1124 1892 1199 1892 1200 1892 1124 1893 1200 1893 1129 1893 1129 1894 1200 1894 1201 1894 1129 1895 1201 1895 1123 1895 1175 1896 1115 1896 1012 1896 1175 1897 1012 1897 1202 1897 1202 1898 1012 1898 1122 1898 1202 1899 1122 1899 1203 1899 1203 1900 1122 1900 1132 1900 1203 1901 1132 1901 1204 1901 1204 1902 1132 1902 1133 1902 1204 1903 1133 1903 1123 1903 1204 1904 1123 1904 1201 1904 1136 1905 1190 1905 1101 1905 1155 1906 1205 1906 1154 1906 1154 1907 1205 1907 1206 1907 1150 1908 1207 1908 1208 1908 1154 1909 1206 1909 1153 1909 1153 1910 1206 1910 1152 1910 1152 1911 1206 1911 1209 1911 1152 1912 1209 1912 1151 1912 1151 1913 1209 1913 1207 1913 1151 1914 1207 1914 1150 1914 1150 1915 1208 1915 1149 1915 1149 1916 1208 1916 1210 1916 1149 1917 1210 1917 1148 1917 1148 1918 1210 1918 1211 1918 1148 1919 1211 1919 1147 1919 1147 1920 1211 1920 1146 1920 1146 1921 1211 1921 1212 1921 1146 1922 1212 1922 1145 1922 1145 1923 1212 1923 1213 1923 1145 1924 1213 1924 1144 1924 1144 1925 1213 1925 1143 1925 1143 1926 1214 1926 1142 1926 1142 1927 1214 1927 1215 1927 1142 1928 1215 1928 1141 1928 1141 1929 1215 1929 1140 1929 1138 1930 1139 1930 1140 1930 1190 1931 1136 1931 1137 1931 1172 1932 1174 1932 1173 1932 1216 1933 1217 1933 1167 1933 1163 1934 1218 1934 1219 1934 1169 1935 1220 1935 1216 1935 1171 1936 1220 1936 1170 1936 1170 1937 1220 1937 1169 1937 1168 1938 1216 1938 1167 1938 1167 1939 1217 1939 1166 1939 1163 1940 1219 1940 1162 1940 1219 1941 1221 1941 1161 1941 1221 1942 1222 1942 1160 1942 1222 1943 1223 1943 1159 1943 1166 1944 1217 1944 1165 1944 1165 1945 1217 1945 1218 1945 1165 1946 1218 1946 1164 1946 1164 1947 1218 1947 1163 1947 1162 1948 1219 1948 1161 1948 1161 1949 1221 1949 1160 1949 1160 1950 1222 1950 1159 1950 1159 1951 1223 1951 1158 1951 1158 1952 1223 1952 1224 1952 1158 1953 1224 1953 1157 1953 1169 1954 1216 1954 1168 1954 1157 1955 1224 1955 1156 1955 1155 1956 1156 1956 1205 1956 1205 1957 1156 1957 1224 1957 1178 1958 1177 1958 1179 1958 1225 1959 1187 1959 1226 1959 1188 1960 1187 1960 1225 1960 1226 1961 1187 1961 1186 1961 1185 1962 1226 1962 1186 1962 1185 1963 1184 1963 1183 1963 1225 1964 1189 1964 1188 1964 1183 1965 1182 1965 1181 1965 1196 1966 1227 1966 1197 1966 1228 1967 1195 1967 1194 1967 1227 1968 1196 1968 1195 1968 1228 1969 1193 1969 1192 1969 1194 1970 1193 1970 1228 1970 1191 1971 1190 1971 1192 1971 1195 1972 1228 1972 1227 1972 1229 1973 1205 1973 1224 1973 1229 1974 1224 1974 1230 1974 1230 1975 1224 1975 1231 1975 1231 1976 1224 1976 1223 1976 1231 1977 1223 1977 1222 1977 1231 1978 1222 1978 1232 1978 1232 1979 1222 1979 1221 1979 1205 1980 1229 1980 1233 1980 1205 1981 1233 1981 1206 1981 1204 1982 1234 1982 1203 1982 1203 1983 1234 1983 1235 1983 1203 1984 1235 1984 1202 1984 1202 1985 1235 1985 1175 1985 1175 1986 1235 1986 1236 1986 1175 1987 1236 1987 1237 1987 1175 1988 1237 1988 1176 1988 1176 1989 1237 1989 1177 1989 1213 1990 1238 1990 1239 1990 1213 1991 1239 1991 1143 1991 1143 1992 1239 1992 1240 1992 1143 1993 1240 1993 1214 1993 1233 1994 1241 1994 1206 1994 1206 1995 1241 1995 1209 1995 1208 1996 1242 1996 1210 1996 1210 1997 1242 1997 1243 1997 1210 1998 1243 1998 1211 1998 1211 1999 1243 1999 1212 1999 1212 2000 1243 2000 1238 2000 1212 2001 1238 2001 1213 2001 1177 2002 1237 2002 1244 2002 1179 2003 1245 2003 1180 2003 1207 2004 1246 2004 1208 2004 1208 2005 1246 2005 1242 2005 1179 2006 1247 2006 1245 2006 1219 2007 1248 2007 1221 2007 1221 2008 1248 2008 1249 2008 1221 2009 1249 2009 1232 2009 1241 2010 1250 2010 1209 2010 1209 2011 1250 2011 1207 2011 1207 2012 1250 2012 1246 2012 1214 2013 1240 2013 1251 2013 1214 2014 1251 2014 1215 2014 1252 2015 1227 2015 1228 2015 1177 2016 1244 2016 1179 2016 1179 2017 1244 2017 1247 2017 1253 2018 1216 2018 1254 2018 1216 2019 1253 2019 1217 2019 1217 2020 1253 2020 1255 2020 1217 2021 1255 2021 1248 2021 1217 2022 1248 2022 1218 2022 1234 2023 1204 2023 1256 2023 1256 2024 1204 2024 1201 2024 1218 2025 1248 2025 1219 2025 1251 2026 1257 2026 1215 2026 1215 2027 1257 2027 1140 2027 1140 2028 1257 2028 1258 2028 1140 2029 1258 2029 1138 2029 1138 2030 1258 2030 1259 2030 1138 2031 1259 2031 1137 2031 1189 2032 1260 2032 1174 2032 1252 2033 1261 2033 1227 2033 1227 2034 1261 2034 1197 2034 1197 2035 1261 2035 1262 2035 1197 2036 1262 2036 1198 2036 1200 2037 1263 2037 1201 2037 1201 2038 1263 2038 1256 2038 1180 2039 1245 2039 1181 2039 1181 2040 1245 2040 1264 2040 1181 2041 1264 2041 1183 2041 1183 2042 1264 2042 1265 2042 1183 2043 1265 2043 1266 2043 1183 2044 1266 2044 1185 2044 1174 2045 1260 2045 1267 2045 1174 2046 1267 2046 1173 2046 1198 2047 1262 2047 1199 2047 1185 2048 1266 2048 1226 2048 1226 2049 1266 2049 1268 2049 1252 2050 1228 2050 1269 2050 1269 2051 1228 2051 1270 2051 1270 2052 1228 2052 1192 2052 1199 2053 1262 2053 1271 2053 1199 2054 1271 2054 1200 2054 1200 2055 1271 2055 1263 2055 1272 2056 1171 2056 1267 2056 1267 2057 1171 2057 1173 2057 1171 2058 1272 2058 1273 2058 1171 2059 1273 2059 1220 2059 1254 2060 1216 2060 1220 2060 1254 2061 1220 2061 1273 2061 1137 2062 1259 2062 1190 2062 1190 2063 1259 2063 1274 2063 1190 2064 1274 2064 1192 2064 1192 2065 1274 2065 1270 2065 1226 2066 1268 2066 1225 2066 1225 2067 1268 2067 1275 2067 1225 2068 1275 2068 1189 2068 1189 2069 1275 2069 1260 2069 1234 2070 1276 2070 1277 2070 1263 2071 1271 2071 1278 2071 1256 2072 1279 2072 1276 2072 1280 2073 1281 2073 1282 2073 1276 2074 1279 2074 1283 2074 1280 2075 1235 2075 1284 2075 1285 2076 1283 2076 1279 2076 1284 2077 1286 2077 1287 2077 1287 2078 1286 2078 1277 2078 1285 2079 1278 2079 1283 2079 1271 2080 1288 2080 1278 2080 1274 2081 1289 2081 1290 2081 1269 2082 1291 2082 1292 2082 1293 2083 1261 2083 1294 2083 1294 2084 1252 2084 1292 2084 1295 2085 1243 2085 1242 2085 1238 2086 1243 2086 1296 2086 1297 2087 1239 2087 1238 2087 1259 2088 1298 2088 1299 2088 1239 2089 1297 2089 1240 2089 1289 2090 1259 2090 1299 2090 1251 2091 1240 2091 1300 2091 1296 2092 1243 2092 1295 2092 1258 2093 1298 2093 1259 2093 1263 2094 1285 2094 1256 2094 1234 2095 1286 2095 1235 2095 1270 2096 1291 2096 1269 2096 1262 2097 1301 2097 1288 2097 1262 2098 1288 2098 1271 2098 1263 2099 1278 2099 1285 2099 1236 2100 1280 2100 1282 2100 1302 2101 1270 2101 1290 2101 1274 2102 1290 2102 1270 2102 1235 2103 1280 2103 1236 2103 1303 2104 1304 2104 1258 2104 1284 2105 1235 2105 1286 2105 1277 2106 1286 2106 1234 2106 1276 2107 1234 2107 1256 2107 1279 2108 1256 2108 1285 2108 1293 2109 1301 2109 1262 2109 1293 2110 1262 2110 1261 2110 1294 2111 1261 2111 1252 2111 1292 2112 1252 2112 1269 2112 1302 2113 1291 2113 1270 2113 1289 2114 1274 2114 1259 2114 1304 2115 1298 2115 1258 2115 1303 2116 1258 2116 1257 2116 1300 2117 1257 2117 1251 2117 1305 2118 1306 2118 1253 2118 1307 2119 1308 2119 1273 2119 1273 2120 1308 2120 1309 2120 1310 2121 1255 2121 1306 2121 1267 2122 1311 2122 1272 2122 1254 2123 1309 2123 1305 2123 1312 2124 1275 2124 1313 2124 1314 2125 1268 2125 1315 2125 1316 2126 1266 2126 1265 2126 1317 2127 1265 2127 1264 2127 1318 2128 1319 2128 1244 2128 1318 2129 1244 2129 1320 2129 1321 2130 1275 2130 1314 2130 1317 2131 1264 2131 1322 2131 1245 2132 1323 2132 1324 2132 1265 2133 1317 2133 1316 2133 1266 2134 1316 2134 1325 2134 1326 2135 1236 2135 1327 2135 1327 2136 1236 2136 1282 2136 1247 2137 1328 2137 1323 2137 1260 2138 1312 2138 1329 2138 1267 2139 1260 2139 1329 2139 1267 2140 1329 2140 1311 2140 1319 2141 1318 2141 1328 2141 1264 2142 1324 2142 1322 2142 1327 2143 1282 2143 1281 2143 1244 2144 1319 2144 1247 2144 1249 2145 1248 2145 1330 2145 1307 2146 1273 2146 1272 2146 1275 2147 1312 2147 1260 2147 1253 2148 1306 2148 1255 2148 1248 2149 1255 2149 1310 2149 1248 2150 1310 2150 1330 2150 1249 2151 1331 2151 1232 2151 1231 2152 1332 2152 1230 2152 1237 2153 1236 2153 1326 2153 1237 2154 1326 2154 1244 2154 1244 2155 1326 2155 1320 2155 1247 2156 1319 2156 1328 2156 1266 2157 1315 2157 1268 2157 1273 2158 1309 2158 1254 2158 1253 2159 1254 2159 1305 2159 1308 2160 1307 2160 1272 2160 1321 2161 1313 2161 1275 2161 1245 2162 1247 2162 1323 2162 1245 2163 1324 2163 1264 2163 1266 2164 1325 2164 1315 2164 1268 2165 1314 2165 1275 2165 1238 2166 1330 2166 1297 2166 1297 2167 1330 2167 1310 2167 1290 2168 1289 2168 1281 2168 1238 2169 1296 2169 1330 2169 1281 2170 1289 2170 1299 2170 1281 2171 1299 2171 1298 2171 1272 2172 1311 2172 1297 2172 1311 2173 1329 2173 1297 2173 1297 2174 1329 2174 1312 2174 1297 2175 1312 2175 1313 2175 1315 2176 1325 2176 1297 2176 1297 2177 1325 2177 1316 2177 1291 2178 1302 2178 1281 2178 1281 2179 1302 2179 1290 2179 1298 2180 1304 2180 1281 2180 1281 2181 1304 2181 1303 2181 1249 2182 1330 2182 1296 2182 1309 2183 1308 2183 1297 2183 1297 2184 1308 2184 1272 2184 1297 2185 1313 2185 1321 2185 1297 2186 1321 2186 1314 2186 1229 2187 1296 2187 1295 2187 1315 2188 1297 2188 1314 2188 1316 2189 1317 2189 1297 2189 1297 2190 1317 2190 1322 2190 1281 2191 1292 2191 1291 2191 1303 2192 1257 2192 1281 2192 1281 2193 1257 2193 1300 2193 1232 2194 1331 2194 1296 2194 1296 2195 1331 2195 1249 2195 1297 2196 1305 2196 1309 2196 1300 2197 1240 2197 1281 2197 1281 2198 1240 2198 1297 2198 1229 2199 1295 2199 1242 2199 1229 2200 1242 2200 1246 2200 1322 2201 1324 2201 1297 2201 1297 2202 1324 2202 1323 2202 1301 2203 1293 2203 1281 2203 1281 2204 1293 2204 1294 2204 1281 2205 1294 2205 1292 2205 1310 2206 1306 2206 1297 2206 1297 2207 1306 2207 1305 2207 1332 2208 1231 2208 1296 2208 1296 2209 1231 2209 1232 2209 1229 2210 1246 2210 1250 2210 1323 2211 1328 2211 1297 2211 1297 2212 1328 2212 1318 2212 1281 2213 1288 2213 1301 2213 1250 2214 1241 2214 1229 2214 1229 2215 1241 2215 1233 2215 1229 2216 1230 2216 1296 2216 1296 2217 1230 2217 1332 2217 1318 2218 1320 2218 1297 2218 1297 2219 1320 2219 1326 2219 1283 2220 1278 2220 1281 2220 1281 2221 1278 2221 1288 2221 1326 2222 1327 2222 1297 2222 1297 2223 1327 2223 1281 2223 1287 2224 1277 2224 1281 2224 1281 2225 1277 2225 1276 2225 1281 2226 1276 2226 1283 2226 1280 2227 1284 2227 1281 2227 1281 2228 1284 2228 1287 2228 121 2229 148 2229 129 2229 129 2230 148 2230 150 2230 129 2231 150 2231 128 2231 128 2232 150 2232 152 2232 128 2233 152 2233 127 2233 127 2234 152 2234 160 2234 127 2235 160 2235 126 2235 126 2236 160 2236 161 2236 126 2237 161 2237 125 2237 125 2238 161 2238 164 2238 125 2239 164 2239 124 2239 124 2240 164 2240 153 2240 124 2241 153 2241 155 2241 124 2242 155 2242 122 2242 122 2243 155 2243 123 2243 123 2244 155 2244 146 2244 123 2245 146 2245 121 2245 121 2246 146 2246 148 2246 131 2247 273 2247 137 2247 137 2248 273 2248 275 2248 137 2249 275 2249 135 2249 135 2250 275 2250 283 2250 135 2251 283 2251 136 2251 136 2252 283 2252 284 2252 136 2253 284 2253 132 2253 132 2254 284 2254 278 2254 132 2255 278 2255 134 2255 134 2256 278 2256 280 2256 134 2257 280 2257 133 2257 133 2258 280 2258 268 2258 133 2259 268 2259 130 2259 130 2260 268 2260 271 2260 130 2261 271 2261 131 2261 131 2262 271 2262 273 2262 138 2263 298 2263 145 2263 145 2264 298 2264 292 2264 145 2265 292 2265 144 2265 144 2266 292 2266 294 2266 144 2267 294 2267 143 2267 143 2268 294 2268 296 2268 143 2269 296 2269 142 2269 142 2270 296 2270 286 2270 142 2271 286 2271 141 2271 141 2272 286 2272 289 2272 141 2273 289 2273 139 2273 139 2274 289 2274 291 2274 139 2275 291 2275 140 2275 140 2276 291 2276 304 2276 140 2277 304 2277 138 2277 138 2278 304 2278 298 2278 335 2279 334 2279 307 2279 344 2280 343 2280 308 2280 1333 2281 330 2281 331 2281 1333 2282 331 2282 156 2282 309 2283 330 2283 1333 2283 309 2284 328 2284 330 2284 167 2285 327 2285 328 2285 167 2286 328 2286 309 2286 325 2287 327 2287 167 2287 337 2288 325 2288 166 2288 166 2289 325 2289 167 2289 165 2290 337 2290 166 2290 165 2291 343 2291 337 2291 308 2292 343 2292 165 2292 163 2293 344 2293 308 2293 342 2294 344 2294 163 2294 162 2295 342 2295 163 2295 162 2296 339 2296 342 2296 159 2297 334 2297 339 2297 159 2298 339 2298 162 2298 307 2299 334 2299 159 2299 306 2300 335 2300 307 2300 306 2301 447 2301 335 2301 158 2302 447 2302 306 2302 151 2303 383 2303 447 2303 151 2304 447 2304 158 2304 1334 2305 385 2305 383 2305 1334 2306 383 2306 151 2306 149 2307 387 2307 1334 2307 1334 2308 387 2308 385 2308 147 2309 388 2309 149 2309 149 2310 388 2310 387 2310 1335 2311 390 2311 147 2311 147 2312 390 2312 388 2312 1336 2313 380 2313 1335 2313 1335 2314 380 2314 390 2314 1337 2315 378 2315 1336 2315 1336 2316 378 2316 380 2316 156 2317 331 2317 1337 2317 1337 2318 331 2318 378 2318 228 2319 582 2319 226 2319 233 2320 496 2320 232 2320 232 2321 496 2321 583 2321 232 2322 583 2322 231 2322 231 2323 583 2323 228 2323 228 2324 583 2324 582 2324 586 2325 227 2325 226 2325 586 2326 226 2326 582 2326 227 2327 586 2327 585 2327 227 2328 585 2328 224 2328 224 2329 585 2329 587 2329 224 2330 587 2330 222 2330 222 2331 587 2331 589 2331 222 2332 589 2332 588 2332 222 2333 588 2333 223 2333 223 2334 588 2334 591 2334 223 2335 591 2335 235 2335 235 2336 591 2336 220 2336 220 2337 591 2337 572 2337 572 2338 669 2338 220 2338 220 2339 669 2339 219 2339 219 2340 669 2340 668 2340 219 2341 668 2341 218 2341 218 2342 668 2342 217 2342 217 2343 668 2343 566 2343 217 2344 566 2344 565 2344 217 2345 565 2345 216 2345 216 2346 565 2346 214 2346 214 2347 565 2347 666 2347 214 2348 666 2348 215 2348 215 2349 666 2349 213 2349 213 2350 666 2350 594 2350 213 2351 594 2351 212 2351 212 2352 594 2352 596 2352 212 2353 596 2353 670 2353 212 2354 670 2354 211 2354 211 2355 670 2355 598 2355 211 2356 598 2356 210 2356 210 2357 598 2357 196 2357 196 2358 598 2358 597 2358 196 2359 597 2359 197 2359 600 2360 168 2360 568 2360 568 2361 168 2361 209 2361 568 2362 209 2362 569 2362 569 2363 209 2363 197 2363 569 2364 197 2364 597 2364 601 2365 168 2365 600 2365 409 2366 194 2366 190 2366 409 2367 190 2367 393 2367 393 2368 190 2368 170 2368 393 2369 170 2369 391 2369 391 2370 170 2370 169 2370 391 2371 169 2371 601 2371 601 2372 169 2372 168 2372 194 2373 409 2373 408 2373 194 2374 408 2374 191 2374 191 2375 408 2375 407 2375 191 2376 407 2376 192 2376 192 2377 407 2377 406 2377 192 2378 406 2378 193 2378 193 2379 406 2379 405 2379 193 2380 405 2380 404 2380 193 2381 404 2381 187 2381 402 2382 188 2382 404 2382 404 2383 188 2383 187 2383 403 2384 188 2384 402 2384 397 2385 183 2385 400 2385 400 2386 183 2386 403 2386 403 2387 183 2387 189 2387 403 2388 189 2388 188 2388 397 2389 184 2389 183 2389 399 2390 185 2390 184 2390 399 2391 184 2391 397 2391 185 2392 399 2392 181 2392 181 2393 399 2393 396 2393 181 2394 396 2394 395 2394 181 2395 395 2395 178 2395 178 2396 395 2396 469 2396 178 2397 469 2397 179 2397 179 2398 469 2398 451 2398 450 2399 177 2399 451 2399 451 2400 177 2400 179 2400 177 2401 450 2401 264 2401 264 2402 450 2402 471 2402 264 2403 471 2403 262 2403 473 2404 472 2404 241 2404 262 2405 471 2405 470 2405 262 2406 470 2406 263 2406 263 2407 470 2407 552 2407 263 2408 552 2408 260 2408 260 2409 552 2409 261 2409 261 2410 552 2410 473 2410 261 2411 473 2411 241 2411 241 2412 472 2412 240 2412 240 2413 472 2413 475 2413 240 2414 475 2414 259 2414 259 2415 475 2415 480 2415 259 2416 480 2416 476 2416 259 2417 476 2417 258 2417 258 2418 476 2418 257 2418 254 2419 255 2419 482 2419 476 2420 478 2420 257 2420 257 2421 478 2421 482 2421 257 2422 482 2422 255 2422 482 2423 484 2423 254 2423 254 2424 484 2424 252 2424 252 2425 484 2425 486 2425 252 2426 486 2426 253 2426 489 2427 249 2427 488 2427 488 2428 249 2428 250 2428 488 2429 250 2429 485 2429 485 2430 250 2430 253 2430 485 2431 253 2431 486 2431 249 2432 489 2432 248 2432 248 2433 489 2433 490 2433 248 2434 490 2434 246 2434 246 2435 490 2435 245 2435 490 2436 492 2436 245 2436 245 2437 492 2437 494 2437 245 2438 494 2438 243 2438 243 2439 494 2439 495 2439 243 2440 495 2440 233 2440 233 2441 495 2441 496 2441 364 2442 371 2442 310 2442 316 2443 373 2443 370 2443 281 2444 373 2444 316 2444 314 2445 443 2445 281 2445 281 2446 443 2446 373 2446 314 2447 375 2447 443 2447 279 2448 376 2448 314 2448 314 2449 376 2449 375 2449 1338 2450 351 2450 279 2450 279 2451 351 2451 376 2451 374 2452 351 2452 1338 2452 1339 2453 374 2453 1338 2453 377 2454 374 2454 285 2454 285 2455 374 2455 1339 2455 377 2456 285 2456 362 2456 362 2457 285 2457 1340 2457 1341 2458 358 2458 361 2458 1341 2459 361 2459 1340 2459 1340 2460 361 2460 362 2460 358 2461 1341 2461 1342 2461 1342 2462 359 2462 358 2462 277 2463 507 2463 359 2463 277 2464 359 2464 1342 2464 508 2465 507 2465 276 2465 276 2466 507 2466 277 2466 274 2467 481 2467 276 2467 276 2468 481 2468 508 2468 313 2469 369 2469 274 2469 274 2470 369 2470 481 2470 313 2471 367 2471 369 2471 313 2472 312 2472 367 2472 367 2473 312 2473 368 2473 368 2474 312 2474 311 2474 368 2475 311 2475 371 2475 310 2476 371 2476 311 2476 315 2477 363 2477 310 2477 310 2478 363 2478 364 2478 372 2479 315 2479 348 2479 348 2480 315 2480 269 2480 315 2481 372 2481 363 2481 316 2482 370 2482 269 2482 269 2483 370 2483 348 2483 571 2484 593 2484 287 2484 560 2485 438 2485 1343 2485 1343 2486 438 2486 299 2486 303 2487 434 2487 305 2487 305 2488 434 2488 560 2488 305 2489 560 2489 1343 2489 1344 2490 434 2490 303 2490 1344 2491 432 2491 434 2491 318 2492 433 2492 1344 2492 1344 2493 433 2493 432 2493 433 2494 318 2494 441 2494 441 2495 318 2495 317 2495 435 2496 441 2496 317 2496 320 2497 418 2497 435 2497 320 2498 435 2498 317 2498 319 2499 418 2499 320 2499 319 2500 436 2500 418 2500 323 2501 439 2501 436 2501 323 2502 436 2502 319 2502 322 2503 440 2503 439 2503 322 2504 439 2504 323 2504 440 2505 322 2505 321 2505 440 2506 321 2506 592 2506 287 2507 593 2507 321 2507 321 2508 593 2508 592 2508 297 2509 571 2509 287 2509 295 2510 420 2510 571 2510 295 2511 571 2511 297 2511 421 2512 420 2512 324 2512 324 2513 420 2513 295 2513 421 2514 324 2514 293 2514 293 2515 422 2515 421 2515 293 2516 423 2516 422 2516 293 2517 1345 2517 423 2517 302 2518 301 2518 424 2518 302 2519 424 2519 1345 2519 1345 2520 424 2520 423 2520 431 2521 424 2521 301 2521 300 2522 427 2522 301 2522 301 2523 427 2523 431 2523 438 2524 430 2524 299 2524 299 2525 430 2525 1346 2525 1346 2526 430 2526 427 2526 1346 2527 427 2527 300 2527 309 2528 1333 2528 154 2528 154 2529 1333 2529 156 2529 156 2530 1337 2530 157 2530 1337 2531 1336 2531 157 2531 157 2532 1336 2532 1335 2532 149 2533 1334 2533 151 2533 1335 2534 147 2534 157 2534 274 2535 272 2535 313 2535 1341 2536 1340 2536 282 2536 282 2537 1340 2537 285 2537 1342 2538 1341 2538 282 2538 1339 2539 1338 2539 279 2539 1339 2540 279 2540 285 2540 1342 2541 282 2541 277 2541 299 2542 1346 2542 300 2542 290 2543 318 2543 1344 2543 290 2544 1344 2544 303 2544 302 2545 1345 2545 293 2545 1343 2546 299 2546 305 2546 1347 2547 1348 2547 1349 2547 1347 2548 1350 2548 1351 2548 1351 2549 1350 2549 1352 2549 1349 2550 1353 2550 1347 2550 1347 2551 1353 2551 1350 2551 1354 2552 1355 2552 1356 2552 1355 2553 1357 2553 1356 2553 1358 2554 1359 2554 1360 2554 1361 2555 1358 2555 1360 2555 1354 2556 1356 2556 1361 2556 1361 2557 1356 2557 1358 2557 1362 2558 1363 2558 1364 2558 1365 2559 1366 2559 1367 2559 1368 2560 1365 2560 1369 2560 1365 2561 1368 2561 1366 2561 1362 2562 1364 2562 1367 2562 1364 2563 1365 2563 1367 2563 1370 2564 1371 2564 1372 2564 1370 2565 1372 2565 1373 2565 1373 2566 1372 2566 1374 2566 1373 2567 1374 2567 1375 2567 1373 2568 1375 2568 1376 2568 1376 2569 1375 2569 1377 2569 1376 2570 1377 2570 1378 2570 1378 2571 1377 2571 1379 2571 1378 2572 1379 2572 1380 2572 1380 2573 1379 2573 1381 2573 1380 2574 1381 2574 1382 2574 1380 2575 1382 2575 1383 2575 1380 2576 1383 2576 1384 2576 1384 2577 1383 2577 1385 2577 1384 2578 1385 2578 1386 2578 1386 0 1385 0 1371 0 1386 2579 1371 2579 1370 2579 1387 2580 1388 2580 1389 2580 1389 2581 1390 2581 1387 2581 1391 2582 1392 2582 1389 2582 1389 2583 1392 2583 1390 2583 1391 2584 1393 2584 1392 2584 1391 2585 1394 2585 1393 2585 1394 2586 1391 2586 1395 2586 1395 2587 1396 2587 1394 2587 1396 2588 1395 2588 1397 2588 1397 2589 1395 2589 1398 2589 1398 2590 1399 2590 1397 2590 1400 2591 1399 2591 1398 2591 1401 2592 1400 2592 1398 2592 1401 2593 1402 2593 1400 2593 1401 2594 1403 2594 1402 2594 1404 2595 1403 2595 1401 2595 1405 2596 1406 2596 1404 2596 1404 2597 1406 2597 1403 2597 1407 2598 1408 2598 1405 2598 1407 2599 1405 2599 1404 2599 1409 2600 1408 2600 1407 2600 1407 2601 1410 2601 1409 2601 1411 2602 1412 2602 1413 2602 1414 2603 1411 2603 1415 2603 1415 2604 1411 2604 1413 2604 1416 2605 1415 2605 1417 2605 1416 2606 1417 2606 1418 2606 1416 2607 1414 2607 1415 2607 1419 2608 1420 2608 1421 2608 1422 0 1423 0 1424 0 1424 0 1423 0 1425 0 1424 0 1425 0 1426 0 1426 0 1425 0 1427 0 1426 0 1427 0 1428 0 1428 0 1427 0 1429 0 1428 2609 1429 2609 1430 2609 1428 2610 1430 2610 1431 2610 1431 2611 1430 2611 1432 2611 1433 2612 1434 2612 1435 2612 1419 2613 1421 2613 1433 2613 1419 2614 1433 2614 1435 2614 1420 2615 1436 2615 1421 2615 1435 2616 1434 2616 1437 2616 1435 0 1437 0 1422 0 1422 0 1437 0 1438 0 1422 0 1438 0 1439 0 1422 0 1439 0 1423 0 1432 2617 1436 2617 1431 2617 1431 2618 1436 2618 1420 2618 1436 2619 1440 2619 1441 2619 1436 2620 1441 2620 1421 2620 1440 2621 1442 2621 1441 2621 1443 2622 1441 2622 1442 2622 1444 2623 1445 2623 1446 2623 1447 2624 1448 2624 1449 2624 1450 2625 1444 2625 1446 2625 1447 2626 1451 2626 1450 2626 1447 2627 1450 2627 1448 2627 1433 2628 1447 2628 1452 2628 1433 2629 1452 2629 1434 2629 1450 2630 1453 2630 1448 2630 1454 2631 1441 2631 1443 2631 1455 2632 1454 2632 1456 2632 1454 2633 1421 2633 1441 2633 1456 2634 1457 2634 1455 2634 1458 2635 1456 2635 1454 2635 1458 2636 1454 2636 1443 2636 1459 2637 1445 2637 1444 2637 1449 2638 1452 2638 1447 2638 1446 2639 1453 2639 1450 2639 1460 2640 1461 2640 1462 2640 1463 2641 1464 2641 1461 2641 1461 2642 1464 2642 1465 2642 1462 2643 1465 2643 1466 2643 1463 2644 1467 2644 1464 2644 1462 2645 1466 2645 1468 2645 1469 2646 1467 2646 1470 2646 1470 2647 1467 2647 1463 2647 1462 2648 1461 2648 1465 2648 1462 2649 1468 2649 1460 2649 1413 2650 1412 2650 1471 2650 1471 2651 1412 2651 1472 2651 1471 2652 1472 2652 1473 2652 1473 2653 1470 2653 1474 2653 1474 2654 1471 2654 1473 2654 1470 2655 1473 2655 1469 2655 1475 2656 1410 2656 1476 2656 1476 2657 1410 2657 1407 2657 1476 0 1407 0 1477 0 1477 0 1407 0 1404 0 1477 0 1404 0 1401 0 1477 0 1401 0 1478 0 1478 2658 1401 2658 1398 2658 1478 2659 1398 2659 1395 2659 1478 0 1395 0 1479 0 1479 0 1395 0 1391 0 1479 2660 1391 2660 1480 2660 1480 2661 1391 2661 1389 2661 1480 2662 1389 2662 1481 2662 1481 2663 1388 2663 1482 2663 1475 2664 1483 2664 1410 2664 1481 2665 1482 2665 1475 2665 1475 2666 1482 2666 1483 2666 1389 2667 1388 2667 1481 2667 1483 2668 1484 2668 1410 2668 1390 2669 1392 2669 1485 2669 1482 2670 1388 2670 1387 2670 1486 2671 1408 2671 1484 2671 1410 2672 1484 2672 1409 2672 1408 2673 1486 2673 1405 2673 1484 2674 1408 2674 1409 2674 1486 2675 1403 2675 1406 2675 1487 2676 1392 2676 1393 2676 1396 2677 1393 2677 1394 2677 1393 2678 1396 2678 1487 2678 1390 2679 1485 2679 1387 2679 1392 2680 1487 2680 1485 2680 1406 2681 1405 2681 1486 2681 1482 2682 1387 2682 1485 2682 1488 2683 1489 2683 1490 2683 1488 2684 1491 2684 1489 2684 1492 2685 1493 2685 1494 2685 1490 2686 1495 2686 1488 2686 1495 2687 1496 2687 1493 2687 1496 2688 1495 2688 1497 2688 1497 2689 1495 2689 1490 2689 1497 2690 1490 2690 1498 2690 1490 2691 1489 2691 1498 2691 1495 2692 1493 2692 1492 2692 1499 2693 1418 2693 1417 2693 1494 2694 1500 2694 1492 2694 1492 2695 1500 2695 1501 2695 1502 2696 1501 2696 1500 2696 1417 2697 1501 2697 1499 2697 1499 2698 1501 2698 1502 2698 1503 2699 1417 2699 1415 2699 1503 2700 1415 2700 1504 2700 1504 2701 1415 2701 1413 2701 1417 2702 1503 2702 1505 2702 1505 2703 1503 2703 1506 2703 1507 2704 1508 2704 1505 2704 1507 2705 1505 2705 1506 2705 1504 2706 1413 2706 1509 2706 1504 2707 1509 2707 1510 2707 1510 2708 1509 2708 1511 2708 1444 2709 1450 2709 1512 2709 1447 2710 1433 2710 1513 2710 1514 2711 1515 2711 1516 2711 1516 2712 1515 2712 1517 2712 1517 2713 1515 2713 1518 2713 1517 2714 1518 2714 1519 2714 1519 2715 1518 2715 1520 2715 1513 2716 1433 2716 1521 2716 1522 2717 1421 2717 1523 2717 1524 2718 1523 2718 1421 2718 1525 2719 1526 2719 1523 2719 1525 2720 1523 2720 1524 2720 1527 2721 1528 2721 1529 2721 1527 2722 1529 2722 1530 2722 1530 2723 1529 2723 1531 2723 1531 2724 1532 2724 1533 2724 1534 2725 1535 2725 1536 2725 1536 2726 1535 2726 1537 2726 1538 2727 1535 2727 1534 2727 1538 2728 1539 2728 1540 2728 1541 2729 1540 2729 1539 2729 1461 2730 1460 2730 1542 2730 1461 2731 1542 2731 1463 2731 1543 2732 1511 2732 1544 2732 1543 2733 1545 2733 1546 2733 1545 2734 1547 2734 1546 2734 1548 2735 1549 2735 1550 2735 1551 2736 1512 2736 1552 2736 1433 2737 1522 2737 1521 2737 1553 2738 1459 2738 1551 2738 1553 2739 1554 2739 1459 2739 1554 2740 1553 2740 1555 2740 1455 2741 1457 2741 1556 2741 1433 2742 1421 2742 1522 2742 1557 2743 1558 2743 1559 2743 1528 2744 1557 2744 1529 2744 1529 2745 1557 2745 1559 2745 1529 2746 1559 2746 1560 2746 1529 2747 1560 2747 1531 2747 1531 2748 1560 2748 1532 2748 1532 2749 1561 2749 1533 2749 1533 2750 1561 2750 1562 2750 1533 2751 1562 2751 1563 2751 1563 2752 1562 2752 1537 2752 1537 2753 1562 2753 1536 2753 1564 2754 1463 2754 1542 2754 1564 2755 1542 2755 1541 2755 1564 2756 1541 2756 1539 2756 1565 2757 1539 2757 1538 2757 1565 2758 1538 2758 1534 2758 1536 2759 1562 2759 1561 2759 1561 2760 1532 2760 1560 2760 1558 2761 1566 2761 1567 2761 1558 2762 1567 2762 1559 2762 1559 2763 1567 2763 1568 2763 1470 2764 1463 2764 1564 2764 1569 2765 1564 2765 1539 2765 1569 2766 1539 2766 1565 2766 1569 2767 1565 2767 1570 2767 1570 2768 1565 2768 1534 2768 1570 2769 1534 2769 1571 2769 1571 2770 1534 2770 1536 2770 1571 2771 1536 2771 1572 2771 1572 2772 1536 2772 1561 2772 1572 2773 1561 2773 1573 2773 1573 2774 1561 2774 1560 2774 1573 2775 1560 2775 1568 2775 1568 2776 1560 2776 1559 2776 1556 2777 1457 2777 1553 2777 1574 2778 1556 2778 1575 2778 1574 2779 1575 2779 1566 2779 1455 2780 1556 2780 1576 2780 1576 2781 1556 2781 1574 2781 1577 2782 1576 2782 1574 2782 1577 2783 1574 2783 1578 2783 1578 2784 1574 2784 1558 2784 1454 2785 1455 2785 1524 2785 1524 2786 1455 2786 1576 2786 1524 2787 1576 2787 1577 2787 1579 2788 1580 2788 1581 2788 1582 2789 1581 2789 1583 2789 1582 2790 1583 2790 1584 2790 1584 2791 1583 2791 1585 2791 1584 2792 1585 2792 1586 2792 1586 2793 1585 2793 1587 2793 1586 2794 1587 2794 1588 2794 1588 2795 1587 2795 1512 2795 1589 2796 1579 2796 1581 2796 1589 2797 1581 2797 1582 2797 1588 2798 1512 2798 1450 2798 1590 2799 1579 2799 1589 2799 1591 2800 1589 2800 1582 2800 1591 2801 1582 2801 1592 2801 1592 2802 1582 2802 1584 2802 1592 2803 1584 2803 1586 2803 1592 2804 1586 2804 1593 2804 1593 2805 1586 2805 1594 2805 1594 2806 1586 2806 1588 2806 1594 2807 1588 2807 1595 2807 1595 2808 1588 2808 1451 2808 1451 2809 1588 2809 1450 2809 1451 2810 1447 2810 1596 2810 1451 2811 1596 2811 1595 2811 1524 2812 1577 2812 1525 2812 1525 2813 1577 2813 1578 2813 1528 2814 1578 2814 1557 2814 1574 2815 1566 2815 1558 2815 1578 2816 1558 2816 1557 2816 1528 2817 1527 2817 1578 2817 1578 2818 1527 2818 1526 2818 1578 2819 1526 2819 1525 2819 1454 2820 1524 2820 1421 2820 1514 2821 1590 2821 1515 2821 1515 2822 1590 2822 1589 2822 1515 2823 1589 2823 1518 2823 1518 2824 1589 2824 1591 2824 1518 2825 1591 2825 1520 2825 1520 2826 1591 2826 1592 2826 1520 2827 1592 2827 1593 2827 1520 2828 1593 2828 1597 2828 1597 2829 1593 2829 1594 2829 1597 2830 1594 2830 1595 2830 1597 2831 1595 2831 1596 2831 1513 2832 1596 2832 1447 2832 1519 2833 1520 2833 1598 2833 1598 2834 1520 2834 1597 2834 1598 2835 1597 2835 1599 2835 1599 2836 1597 2836 1521 2836 1521 2837 1597 2837 1596 2837 1521 2838 1596 2838 1513 2838 1580 2839 1600 2839 1581 2839 1581 2840 1600 2840 1583 2840 1583 2841 1600 2841 1601 2841 1583 2842 1601 2842 1602 2842 1583 2843 1602 2843 1585 2843 1585 2844 1602 2844 1603 2844 1585 2845 1603 2845 1587 2845 1587 2846 1603 2846 1552 2846 1587 2847 1552 2847 1512 2847 1512 2848 1551 2848 1444 2848 1444 2849 1551 2849 1459 2849 1509 2850 1474 2850 1604 2850 1509 2851 1413 2851 1471 2851 1509 2852 1471 2852 1474 2852 1544 2853 1509 2853 1569 2853 1570 2854 1605 2854 1544 2854 1511 2855 1509 2855 1544 2855 1544 2856 1569 2856 1570 2856 1509 2857 1604 2857 1569 2857 1543 2858 1544 2858 1605 2858 1572 2859 1606 2859 1545 2859 1543 2860 1605 2860 1545 2860 1545 2861 1605 2861 1572 2861 1547 2862 1545 2862 1607 2862 1607 2863 1545 2863 1606 2863 1607 2864 1608 2864 1609 2864 1607 2865 1609 2865 1547 2865 1606 2866 1573 2866 1607 2866 1607 2867 1573 2867 1568 2867 1553 2868 1551 2868 1610 2868 1553 2869 1610 2869 1575 2869 1575 2870 1610 2870 1550 2870 1575 2871 1550 2871 1566 2871 1566 2872 1550 2872 1549 2872 1567 2873 1549 2873 1608 2873 1567 2874 1608 2874 1568 2874 1549 2875 1548 2875 1609 2875 1549 2876 1609 2876 1608 2876 1608 2877 1607 2877 1568 2877 1457 2878 1555 2878 1553 2878 1556 2879 1553 2879 1575 2879 1566 2880 1549 2880 1567 2880 1573 2881 1606 2881 1572 2881 1571 2882 1572 2882 1605 2882 1571 2883 1605 2883 1570 2883 1569 2884 1604 2884 1564 2884 1564 2885 1604 2885 1470 2885 1470 2886 1604 2886 1474 2886 1611 2887 1491 2887 1460 2887 1468 2888 1611 2888 1460 2888 1611 2889 1498 2889 1489 2889 1489 2890 1491 2890 1611 2890 1612 2891 1613 2891 1614 2891 1495 2892 1615 2892 1488 2892 1505 2893 1501 2893 1417 2893 1615 2894 1491 2894 1488 2894 1616 2895 1617 2895 1618 2895 1619 2896 1617 2896 1620 2896 1620 2897 1617 2897 1616 2897 1619 2898 1620 2898 1621 2898 1622 2899 1614 2899 1623 2899 1613 2900 1623 2900 1614 2900 1613 2901 1624 2901 1623 2901 1624 2902 1613 2902 1625 2902 1626 2903 1624 2903 1625 2903 1626 2904 1627 2904 1628 2904 1628 2905 1627 2905 1629 2905 1630 2906 1482 2906 1631 2906 1631 2907 1482 2907 1632 2907 1631 2908 1632 2908 1633 2908 1634 2909 1635 2909 1636 2909 1636 2910 1635 2910 1637 2910 1636 2911 1637 2911 1514 2911 1636 2912 1514 2912 1516 2912 1600 2913 1580 2913 1638 2913 1639 2914 1640 2914 1641 2914 1641 2915 1640 2915 1642 2915 1643 2916 1641 2916 1642 2916 1399 2917 1644 2917 1397 2917 1397 2918 1644 2918 1643 2918 1643 2919 1644 2919 1641 2919 1399 2920 1645 2920 1644 2920 1507 2921 1646 2921 1647 2921 1647 2922 1646 2922 1648 2922 1399 2923 1400 2923 1649 2923 1650 2924 1651 2924 1652 2924 1650 2925 1652 2925 1630 2925 1630 2926 1652 2926 1484 2926 1630 2927 1484 2927 1483 2927 1630 2928 1483 2928 1482 2928 1487 2929 1396 2929 1653 2929 1653 2930 1396 2930 1643 2930 1653 2931 1643 2931 1654 2931 1654 2932 1643 2932 1642 2932 1654 2933 1642 2933 1640 2933 1654 2934 1640 2934 1655 2934 1655 2935 1640 2935 1656 2935 1655 2936 1656 2936 1657 2936 1579 2937 1657 2937 1580 2937 1657 2938 1579 2938 1658 2938 1657 2939 1658 2939 1655 2939 1653 2940 1659 2940 1487 2940 1659 2941 1653 2941 1660 2941 1660 2942 1653 2942 1654 2942 1660 2943 1654 2943 1661 2943 1661 2944 1654 2944 1655 2944 1661 2945 1655 2945 1662 2945 1662 2946 1655 2946 1658 2946 1662 2947 1658 2947 1590 2947 1590 2948 1658 2948 1579 2948 1485 2949 1487 2949 1632 2949 1632 2950 1487 2950 1659 2950 1663 2951 1632 2951 1659 2951 1663 2952 1659 2952 1660 2952 1663 2953 1660 2953 1664 2953 1664 2954 1660 2954 1661 2954 1664 2955 1661 2955 1635 2955 1635 2956 1661 2956 1662 2956 1635 2957 1662 2957 1637 2957 1637 2958 1662 2958 1590 2958 1637 2959 1590 2959 1514 2959 1482 2960 1485 2960 1632 2960 1633 2961 1632 2961 1663 2961 1633 2962 1663 2962 1665 2962 1665 2963 1663 2963 1664 2963 1665 2964 1664 2964 1666 2964 1666 2965 1664 2965 1635 2965 1666 2966 1635 2966 1634 2966 1628 2967 1629 2967 1667 2967 1628 2968 1667 2968 1650 2968 1650 2969 1667 2969 1668 2969 1650 2970 1668 2970 1651 2970 1652 2971 1651 2971 1669 2971 1652 2972 1669 2972 1484 2972 1670 2973 1671 2973 1612 2973 1672 2974 1673 2974 1674 2974 1672 2975 1674 2975 1675 2975 1676 2976 1675 2976 1677 2976 1676 2977 1677 2977 1649 2977 1678 2978 1649 2978 1403 2978 1403 2979 1649 2979 1402 2979 1679 2980 1680 2980 1673 2980 1679 2981 1673 2981 1672 2981 1681 2982 1672 2982 1675 2982 1681 2983 1675 2983 1676 2983 1678 2984 1676 2984 1649 2984 1676 2985 1669 2985 1651 2985 1676 2986 1651 2986 1668 2986 1676 2987 1668 2987 1681 2987 1681 2988 1668 2988 1667 2988 1681 2989 1667 2989 1629 2989 1672 2990 1629 2990 1679 2990 1679 2991 1629 2991 1627 2991 1680 2992 1679 2992 1625 2992 1680 2993 1625 2993 1612 2993 1678 2994 1403 2994 1486 2994 1678 2995 1486 2995 1669 2995 1678 2996 1669 2996 1676 2996 1672 2997 1681 2997 1629 2997 1495 2998 1492 2998 1682 2998 1683 2999 1682 2999 1684 2999 1683 3000 1684 3000 1616 3000 1616 3001 1684 3001 1685 3001 1616 3002 1685 3002 1620 3002 1620 3003 1685 3003 1621 3003 1621 3004 1685 3004 1686 3004 1621 3005 1686 3005 1687 3005 1687 3006 1686 3006 1688 3006 1687 3007 1688 3007 1670 3007 1670 3008 1688 3008 1671 3008 1615 3009 1495 3009 1682 3009 1615 3010 1682 3010 1689 3010 1689 3011 1682 3011 1683 3011 1689 3012 1683 3012 1618 3012 1618 3013 1683 3013 1616 3013 1690 3014 1621 3014 1687 3014 1690 3015 1687 3015 1614 3015 1614 3016 1687 3016 1670 3016 1614 3017 1670 3017 1612 3017 1486 3018 1484 3018 1669 3018 1679 3019 1627 3019 1626 3019 1679 3020 1626 3020 1625 3020 1691 3021 1619 3021 1621 3021 1691 3022 1621 3022 1692 3022 1692 3023 1621 3023 1690 3023 1692 3024 1690 3024 1622 3024 1622 3025 1690 3025 1614 3025 1693 3026 1694 3026 1695 3026 1696 3027 1695 3027 1694 3027 1696 3028 1694 3028 1697 3028 1695 3029 1698 3029 1693 3029 1693 3030 1698 3030 1648 3030 1648 3031 1698 3031 1699 3031 1648 3032 1699 3032 1647 3032 1508 3033 1700 3033 1505 3033 1695 3034 1701 3034 1698 3034 1698 3035 1701 3035 1699 3035 1508 3036 1647 3036 1685 3036 1508 3037 1685 3037 1684 3037 1699 3038 1685 3038 1647 3038 1507 3039 1647 3039 1508 3039 1501 3040 1505 3040 1700 3040 1508 3041 1684 3041 1700 3041 1492 3042 1501 3042 1682 3042 1682 3043 1501 3043 1700 3043 1682 3044 1700 3044 1684 3044 1686 3045 1685 3045 1699 3045 1686 3046 1699 3046 1688 3046 1688 3047 1699 3047 1701 3047 1688 3048 1701 3048 1671 3048 1671 3049 1701 3049 1695 3049 1677 3050 1702 3050 1703 3050 1677 3051 1703 3051 1704 3051 1677 3052 1704 3052 1649 3052 1649 3053 1704 3053 1645 3053 1649 3054 1645 3054 1399 3054 1697 3055 1703 3055 1702 3055 1697 3056 1702 3056 1674 3056 1697 3057 1674 3057 1696 3057 1695 3058 1696 3058 1671 3058 1396 3059 1397 3059 1643 3059 1640 3060 1639 3060 1656 3060 1656 3061 1639 3061 1657 3061 1657 3062 1639 3062 1638 3062 1657 3063 1638 3063 1580 3063 1625 3064 1613 3064 1612 3064 1612 3065 1671 3065 1680 3065 1680 3066 1671 3066 1696 3066 1680 3067 1696 3067 1673 3067 1673 3068 1696 3068 1674 3068 1675 3069 1674 3069 1702 3069 1675 3070 1702 3070 1677 3070 1402 3071 1649 3071 1400 3071 1705 3072 1706 3072 1707 3072 1708 3073 1709 3073 1710 3073 1711 3074 1712 3074 1708 3074 1710 3075 1713 3075 1714 3075 1715 3076 1716 3076 1717 3076 1718 3077 1719 3077 1720 3077 1721 3078 1719 3078 1722 3078 1723 3079 1724 3079 1725 3079 1726 3080 1727 3080 1715 3080 1728 3081 1723 3081 1729 3081 1730 3082 1728 3082 1729 3082 1729 3083 1723 3083 1725 3083 1731 3084 1726 3084 1715 3084 1715 3085 1717 3085 1731 3085 1732 3086 1733 3086 1716 3086 1727 3087 1734 3087 1735 3087 1735 3088 1734 3088 1724 3088 1735 3089 1724 3089 1723 3089 1736 3090 1737 3090 1738 3090 1738 3091 1739 3091 1722 3091 1722 3092 1719 3092 1718 3092 1740 3093 1718 3093 1741 3093 1740 3094 1742 3094 1743 3094 1740 3095 1743 3095 1744 3095 1733 3096 1717 3096 1716 3096 1722 3097 1739 3097 1721 3097 1740 3098 1741 3098 1742 3098 1734 3099 1727 3099 1726 3099 1738 3100 1737 3100 1739 3100 1718 3101 1720 3101 1741 3101 1745 3102 1746 3102 1747 3102 1748 3103 1749 3103 1750 3103 1751 3104 1752 3104 1753 3104 1749 3105 1748 3105 1752 3105 1754 3106 1755 3106 1756 3106 1757 3107 1758 3107 1759 3107 1760 3108 1761 3108 1762 3108 1763 3109 1762 3109 1764 3109 1765 3110 1766 3110 1767 3110 1768 3111 1541 3111 1769 3111 1770 3112 1771 3112 1772 3112 1773 3113 1774 3113 1775 3113 1776 3114 1636 3114 1777 3114 1755 3115 1631 3115 1778 3115 1779 3116 1780 3116 1766 3116 1781 3117 1772 3117 1771 3117 1774 3118 1782 3118 1775 3118 1517 3119 1747 3119 1746 3119 1519 3120 1783 3120 1784 3120 1785 3121 1783 3121 1598 3121 1786 3122 1785 3122 1521 3122 1521 3123 1785 3123 1599 3123 1599 3124 1785 3124 1598 3124 1523 3125 1787 3125 1788 3125 1787 3126 1526 3126 1789 3126 1790 3127 1526 3127 1527 3127 1789 3128 1526 3128 1790 3128 1791 3129 1530 3129 1792 3129 1792 3130 1530 3130 1793 3130 1794 3131 1795 3131 1796 3131 1773 3132 1797 3132 1774 3132 1798 3133 1799 3133 1800 3133 1780 3134 1779 3134 1800 3134 1766 3135 1801 3135 1779 3135 1802 3136 1692 3136 1803 3136 1803 3137 1692 3137 1622 3137 1623 3138 1804 3138 1805 3138 1806 3139 1807 3139 1626 3139 1626 3140 1807 3140 1808 3140 1806 3141 1626 3141 1809 3141 1752 3142 1748 3142 1650 3142 1650 3143 1748 3143 1628 3143 1630 3144 1753 3144 1752 3144 1810 3145 1811 3145 1630 3145 1630 3146 1811 3146 1753 3146 1759 3147 1633 3147 1757 3147 1757 3148 1633 3148 1763 3148 1763 3149 1633 3149 1665 3149 1665 3150 1762 3150 1763 3150 1760 3151 1634 3151 1776 3151 1776 3152 1634 3152 1636 3152 1777 3153 1636 3153 1812 3153 1769 3154 1541 3154 1542 3154 1540 3155 1772 3155 1538 3155 1773 3156 1535 3156 1538 3156 1537 3157 1535 3157 1775 3157 1795 3158 1563 3158 1537 3158 1794 3159 1563 3159 1795 3159 1533 3160 1563 3160 1794 3160 1531 3161 1533 3161 1793 3161 1527 3162 1530 3162 1791 3162 1793 3163 1530 3163 1531 3163 1790 3164 1527 3164 1791 3164 1787 3165 1523 3165 1526 3165 1523 3166 1788 3166 1522 3166 1522 3167 1788 3167 1786 3167 1786 3168 1521 3168 1522 3168 1598 3169 1783 3169 1519 3169 1519 3170 1784 3170 1517 3170 1812 3171 1636 3171 1746 3171 1746 3172 1636 3172 1516 3172 1746 3173 1516 3173 1517 3173 1747 3174 1517 3174 1784 3174 1665 3175 1666 3175 1762 3175 1762 3176 1666 3176 1760 3176 1760 3177 1666 3177 1634 3177 1633 3178 1759 3178 1778 3178 1633 3179 1778 3179 1631 3179 1631 3180 1755 3180 1630 3180 1630 3181 1755 3181 1754 3181 1810 3182 1630 3182 1754 3182 1752 3183 1650 3183 1630 3183 1809 3184 1626 3184 1628 3184 1809 3185 1628 3185 1813 3185 1813 3186 1628 3186 1750 3186 1750 3187 1628 3187 1748 3187 1624 3188 1626 3188 1808 3188 1623 3189 1624 3189 1804 3189 1804 3190 1624 3190 1808 3190 1623 3191 1805 3191 1622 3191 1803 3192 1622 3192 1805 3192 1802 3193 1814 3193 1692 3193 1815 3194 1691 3194 1814 3194 1814 3195 1691 3195 1692 3195 1617 3196 1767 3196 1618 3196 1615 3197 1816 3197 1491 3197 1793 3198 1794 3198 1796 3198 1793 3199 1533 3199 1794 3199 1795 3200 1537 3200 1775 3200 1795 3201 1775 3201 1782 3201 1775 3202 1535 3202 1773 3202 1773 3203 1538 3203 1817 3203 1773 3204 1817 3204 1797 3204 1538 3205 1772 3205 1817 3205 1817 3206 1772 3206 1781 3206 1817 3207 1781 3207 1797 3207 1772 3208 1540 3208 1768 3208 1770 3209 1772 3209 1768 3209 1768 3210 1540 3210 1541 3210 1770 3211 1768 3211 1769 3211 1770 3212 1818 3212 1771 3212 1769 3213 1542 3213 1819 3213 1820 3214 1770 3214 1769 3214 1820 3215 1769 3215 1819 3215 1818 3216 1770 3216 1820 3216 1819 3217 1821 3217 1820 3217 1819 3218 1542 3218 1822 3218 1819 3219 1823 3219 1821 3219 1821 3220 1818 3220 1820 3220 1798 3221 1818 3221 1821 3221 1823 3222 1798 3222 1821 3222 1460 3223 1822 3223 1542 3223 1491 3224 1822 3224 1460 3224 1822 3225 1491 3225 1823 3225 1823 3226 1816 3226 1799 3226 1491 3227 1816 3227 1823 3227 1819 3228 1822 3228 1823 3228 1798 3229 1823 3229 1799 3229 1800 3230 1799 3230 1780 3230 1780 3231 1615 3231 1766 3231 1689 3232 1766 3232 1615 3232 1615 3233 1780 3233 1816 3233 1816 3234 1780 3234 1799 3234 1766 3235 1765 3235 1801 3235 1765 3236 1767 3236 1824 3236 1824 3237 1767 3237 1825 3237 1826 3238 1825 3238 1767 3238 1617 3239 1619 3239 1767 3239 1618 3240 1767 3240 1689 3240 1619 3241 1815 3241 1826 3241 1619 3242 1826 3242 1767 3242 1689 3243 1767 3243 1766 3243 1619 3244 1691 3244 1815 3244 1827 3245 1800 3245 1828 3245 1828 3246 1779 3246 1829 3246 1765 3247 1830 3247 1801 3247 1824 3248 1830 3248 1765 3248 1815 3249 1814 3249 1831 3249 1815 3250 1831 3250 1832 3250 1805 3251 1833 3251 1834 3251 1805 3252 1834 3252 1803 3252 1814 3253 1802 3253 1835 3253 1814 3254 1835 3254 1831 3254 1800 3255 1779 3255 1828 3255 1815 3256 1832 3256 1826 3256 1779 3257 1801 3257 1829 3257 1804 3258 1833 3258 1805 3258 1800 3259 1827 3259 1798 3259 1711 3260 1836 3260 1837 3260 1708 3261 1838 3261 1711 3261 1711 3262 1838 3262 1836 3262 1838 3263 1708 3263 1710 3263 1710 3264 1839 3264 1838 3264 1839 3265 1710 3265 1714 3265 1839 3266 1714 3266 1840 3266 1705 3267 1840 3267 1714 3267 1841 3268 1842 3268 1836 3268 1836 3269 1842 3269 1843 3269 1836 3270 1843 3270 1837 3270 1842 3271 1841 3271 1844 3271 1844 3272 1841 3272 1845 3272 1841 3273 1846 3273 1845 3273 1847 3274 1848 3274 1849 3274 1849 3275 1846 3275 1847 3275 1733 3276 1732 3276 1850 3276 1732 3277 1851 3277 1850 3277 1852 3278 1851 3278 1853 3278 1853 3279 1854 3279 1855 3279 1855 3280 1854 3280 1856 3280 1857 3281 1858 3281 1859 3281 1860 3282 1861 3282 1862 3282 1862 3283 1861 3283 1863 3283 1862 3284 1863 3284 1864 3284 1859 3285 1865 3285 1866 3285 1866 3286 1865 3286 1860 3286 1864 3287 1863 3287 1867 3287 1850 3288 1851 3288 1852 3288 1852 3289 1853 3289 1868 3289 1855 3290 1856 3290 1869 3290 1869 3291 1856 3291 1858 3291 1870 3292 1871 3292 1872 3292 1868 3293 1853 3293 1855 3293 1864 3294 1867 3294 1873 3294 1857 3295 1859 3295 1874 3295 1874 3296 1859 3296 1866 3296 1866 3297 1860 3297 1875 3297 1875 3298 1860 3298 1862 3298 1873 3299 1867 3299 1876 3299 1745 3300 1877 3300 1746 3300 1746 3301 1877 3301 1878 3301 1746 3302 1878 3302 1812 3302 1812 3303 1878 3303 1777 3303 1777 3304 1878 3304 1776 3304 1776 3305 1878 3305 1879 3305 1776 3306 1879 3306 1760 3306 1760 3307 1879 3307 1761 3307 1778 3308 1756 3308 1755 3308 1756 3309 1880 3309 1754 3309 1880 3310 1810 3310 1754 3310 1810 3311 1881 3311 1811 3311 1811 3312 1881 3312 1753 3312 1753 3313 1881 3313 1751 3313 1749 3314 1882 3314 1750 3314 1750 3315 1882 3315 1813 3315 1813 3316 1882 3316 1883 3316 1813 3317 1883 3317 1809 3317 1809 3318 1883 3318 1806 3318 1806 3319 1883 3319 1884 3319 1806 3320 1884 3320 1807 3320 1807 3321 1884 3321 1808 3321 1808 3322 1884 3322 1804 3322 1804 3323 1884 3323 1885 3323 1804 3324 1885 3324 1833 3324 1833 3325 1885 3325 1834 3325 1886 3326 1802 3326 1803 3326 1886 3327 1803 3327 1834 3327 1825 3328 1887 3328 1824 3328 1824 3329 1887 3329 1830 3329 1801 3330 1830 3330 1888 3330 1889 3331 1828 3331 1888 3331 1888 3332 1828 3332 1829 3332 1888 3333 1829 3333 1801 3333 1889 3334 1827 3334 1828 3334 1890 3335 1848 3335 1847 3335 1891 3336 1718 3336 1740 3336 1718 3337 1892 3337 1722 3337 1893 3338 1738 3338 1894 3338 1893 3339 1736 3339 1738 3339 1728 3340 1730 3340 1893 3340 1893 3341 1730 3341 1736 3341 1878 3342 1877 3342 1895 3342 1878 3343 1895 3343 1896 3343 1878 3344 1896 3344 1879 3344 1879 3345 1896 3345 1897 3345 1879 3346 1897 3346 1898 3346 1898 3347 1897 3347 1899 3347 1880 3348 1900 3348 1881 3348 1881 3349 1900 3349 1901 3349 1902 3350 1903 3350 1882 3350 1762 3351 1761 3351 1879 3351 1762 3352 1879 3352 1898 3352 1762 3353 1898 3353 1764 3353 1764 3354 1898 3354 1763 3354 1763 3355 1898 3355 1757 3355 1757 3356 1898 3356 1899 3356 1757 3357 1899 3357 1758 3357 1758 3358 1899 3358 1904 3358 1758 3359 1904 3359 1759 3359 1759 3360 1904 3360 1778 3360 1778 3361 1904 3361 1756 3361 1810 3362 1880 3362 1881 3362 1751 3363 1881 3363 1901 3363 1751 3364 1901 3364 1752 3364 1752 3365 1901 3365 1749 3365 1749 3366 1901 3366 1902 3366 1749 3367 1902 3367 1882 3367 1905 3368 1906 3368 1907 3368 1907 3369 1906 3369 1908 3369 1908 3370 1906 3370 1909 3370 1908 3371 1909 3371 1910 3371 1910 3372 1909 3372 1911 3372 1910 3373 1911 3373 1912 3373 1913 3374 1914 3374 1915 3374 1913 3375 1915 3375 1916 3375 1916 3376 1915 3376 1917 3376 1916 3377 1917 3377 1918 3377 1918 3378 1917 3378 1919 3378 1918 3379 1919 3379 1920 3379 1895 3380 1921 3380 1907 3380 1895 3381 1907 3381 1896 3381 1896 3382 1907 3382 1908 3382 1896 3383 1908 3383 1897 3383 1897 3384 1908 3384 1910 3384 1897 3385 1910 3385 1922 3385 1900 3386 1923 3386 1913 3386 1900 3387 1913 3387 1916 3387 1900 3388 1916 3388 1901 3388 1901 3389 1916 3389 1902 3389 1902 3390 1916 3390 1918 3390 1902 3391 1918 3391 1903 3391 1884 3392 1920 3392 1924 3392 1884 3393 1924 3393 1925 3393 1926 3394 1889 3394 1927 3394 1927 3395 1889 3395 1888 3395 1927 3396 1888 3396 1928 3396 1928 3397 1888 3397 1929 3397 1928 3398 1929 3398 1930 3398 1930 3399 1929 3399 1931 3399 1930 3400 1931 3400 1932 3400 1932 3401 1931 3401 1933 3401 1932 3402 1933 3402 1934 3402 1934 3403 1933 3403 1935 3403 1934 3404 1935 3404 1936 3404 1936 3405 1925 3405 1924 3405 1920 3406 1903 3406 1918 3406 1914 3407 1913 3407 1923 3407 1914 3408 1923 3408 1937 3408 1937 3409 1923 3409 1938 3409 1937 3410 1938 3410 1912 3410 1912 3411 1938 3411 1922 3411 1912 3412 1922 3412 1910 3412 1905 3413 1907 3413 1921 3413 1905 3414 1921 3414 1939 3414 1887 3415 1825 3415 1826 3415 1887 3416 1826 3416 1940 3416 1940 3417 1826 3417 1832 3417 1940 3418 1832 3418 1831 3418 1940 3419 1831 3419 1933 3419 1933 3420 1831 3420 1835 3420 1933 3421 1835 3421 1802 3421 1933 3422 1802 3422 1886 3422 1885 3423 1886 3423 1834 3423 1925 3424 1885 3424 1884 3424 1883 3425 1882 3425 1903 3425 1880 3426 1756 3426 1941 3426 1941 3427 1756 3427 1904 3427 1941 3428 1904 3428 1942 3428 1942 3429 1904 3429 1899 3429 1888 3430 1830 3430 1929 3430 1929 3431 1830 3431 1887 3431 1929 3432 1887 3432 1931 3432 1931 3433 1887 3433 1940 3433 1931 3434 1940 3434 1933 3434 1935 3435 1933 3435 1886 3435 1935 3436 1886 3436 1885 3436 1935 3437 1885 3437 1936 3437 1936 3438 1885 3438 1925 3438 1920 3439 1884 3439 1883 3439 1920 3440 1883 3440 1903 3440 1923 3441 1900 3441 1880 3441 1923 3442 1880 3442 1941 3442 1923 3443 1941 3443 1938 3443 1938 3444 1941 3444 1942 3444 1938 3445 1942 3445 1922 3445 1922 3446 1942 3446 1899 3446 1922 3447 1899 3447 1897 3447 1921 3448 1895 3448 1877 3448 1921 3449 1877 3449 1939 3449 1943 3450 1891 3450 1740 3450 1740 3451 1944 3451 1943 3451 1740 3452 1744 3452 1944 3452 1944 3453 1945 3453 1943 3453 1846 3454 1841 3454 1847 3454 1847 3455 1841 3455 1946 3455 1932 3456 1945 3456 1847 3456 1847 3457 1946 3457 1932 3457 1841 3458 1927 3458 1928 3458 1841 3459 1928 3459 1946 3459 1927 3460 1841 3460 1947 3460 1947 3461 1841 3461 1836 3461 1891 3462 1948 3462 1718 3462 1718 3463 1948 3463 1892 3463 1945 3464 1934 3464 1949 3464 1892 3465 1948 3465 1919 3465 1892 3466 1919 3466 1894 3466 1894 3467 1919 3467 1917 3467 1894 3468 1917 3468 1915 3468 1894 3469 1915 3469 1893 3469 1728 3470 1893 3470 1950 3470 1728 3471 1950 3471 1723 3471 1723 3472 1950 3472 1951 3472 1723 3473 1951 3473 1735 3473 1735 3474 1951 3474 1727 3474 1727 3475 1951 3475 1952 3475 1727 3476 1952 3476 1715 3476 1715 3477 1952 3477 1953 3477 1715 3478 1953 3478 1716 3478 1716 3479 1953 3479 1954 3479 1716 3480 1954 3480 1732 3480 1894 3481 1738 3481 1722 3481 1894 3482 1722 3482 1892 3482 1948 3483 1891 3483 1955 3483 1955 3484 1891 3484 1943 3484 1955 3485 1943 3485 1949 3485 1949 3486 1943 3486 1945 3486 1945 3487 1944 3487 1847 3487 1847 3488 1944 3488 1890 3488 1890 3489 1944 3489 1744 3489 1947 3490 1926 3490 1927 3490 1928 3491 1930 3491 1946 3491 1946 3492 1930 3492 1932 3492 1945 3493 1932 3493 1934 3493 1949 3494 1934 3494 1936 3494 1949 3495 1936 3495 1955 3495 1955 3496 1936 3496 1924 3496 1955 3497 1924 3497 1948 3497 1948 3498 1924 3498 1920 3498 1948 3499 1920 3499 1919 3499 1893 3500 1915 3500 1914 3500 1893 3501 1914 3501 1950 3501 1950 3502 1914 3502 1937 3502 1950 3503 1937 3503 1951 3503 1951 3504 1937 3504 1912 3504 1951 3505 1912 3505 1911 3505 1951 3506 1911 3506 1952 3506 1952 3507 1911 3507 1909 3507 1952 3508 1909 3508 1953 3508 1953 3509 1909 3509 1906 3509 1953 3510 1906 3510 1954 3510 1954 3511 1906 3511 1905 3511 1954 3512 1905 3512 1956 3512 1957 3513 1958 3513 1959 3513 1889 3514 1798 3514 1827 3514 1818 3515 1798 3515 1960 3515 1960 3516 1798 3516 1889 3516 1961 3517 1818 3517 1960 3517 1961 3518 1771 3518 1818 3518 1962 3519 1771 3519 1961 3519 1962 3520 1781 3520 1771 3520 1797 3521 1781 3521 1962 3521 1963 3522 1797 3522 1962 3522 1964 3523 1793 3523 1796 3523 1965 3524 1791 3524 1792 3524 1966 3525 1790 3525 1791 3525 1789 3526 1790 3526 1967 3526 1789 3527 1967 3527 1968 3527 1789 3528 1968 3528 1787 3528 1787 3529 1968 3529 1969 3529 1787 3530 1969 3530 1788 3530 1788 3531 1969 3531 1970 3531 1788 3532 1970 3532 1786 3532 1783 3533 1971 3533 1784 3533 1784 3534 1971 3534 1972 3534 1747 3535 1784 3535 1972 3535 1877 3536 1745 3536 1747 3536 1865 3537 1859 3537 1973 3537 1973 3538 1859 3538 1858 3538 1865 3539 1974 3539 1860 3539 1876 3540 1867 3540 1975 3540 1876 3541 1975 3541 1871 3541 1872 3542 1871 3542 1976 3542 1872 3543 1976 3543 1959 3543 1977 3544 1872 3544 1959 3544 1959 3545 1978 3545 1977 3545 1979 3546 1980 3546 1981 3546 1979 3547 1981 3547 1982 3547 1983 3548 1982 3548 1963 3548 1983 3549 1963 3549 1984 3549 1983 3550 1984 3550 1985 3550 1985 3551 1984 3551 1960 3551 1985 3552 1960 3552 1926 3552 1926 3553 1960 3553 1889 3553 1982 3554 1981 3554 1963 3554 1963 3555 1962 3555 1984 3555 1984 3556 1962 3556 1961 3556 1984 3557 1961 3557 1960 3557 1980 3558 1795 3558 1782 3558 1980 3559 1782 3559 1981 3559 1981 3560 1782 3560 1774 3560 1981 3561 1774 3561 1963 3561 1963 3562 1774 3562 1797 3562 1986 3563 1987 3563 1964 3563 1986 3564 1964 3564 1988 3564 1988 3565 1964 3565 1796 3565 1988 3566 1796 3566 1989 3566 1989 3567 1796 3567 1795 3567 1990 3568 1965 3568 1792 3568 1991 3569 1956 3569 1992 3569 1991 3570 1992 3570 1993 3570 1993 3571 1992 3571 1994 3571 1993 3572 1994 3572 1995 3572 1993 3573 1995 3573 1996 3573 1996 3574 1995 3574 1997 3574 1996 3575 1997 3575 1973 3575 1973 3576 1997 3576 1998 3576 1998 3577 1997 3577 1999 3577 1998 3578 1999 3578 2000 3578 2001 3579 2002 3579 2003 3579 2001 3580 2003 3580 2004 3580 2001 3581 2004 3581 2005 3581 2006 3582 2007 3582 1986 3582 2006 3583 1986 3583 2008 3583 2008 3584 1986 3584 1988 3584 2008 3585 1988 3585 1989 3585 2008 3586 1989 3586 1979 3586 1979 3587 1989 3587 1980 3587 1992 3588 2009 3588 2010 3588 1992 3589 2010 3589 1994 3589 1994 3590 2010 3590 2011 3590 1994 3591 2011 3591 1995 3591 1995 3592 2011 3592 2012 3592 1995 3593 2012 3593 1997 3593 1997 3594 2012 3594 2013 3594 1997 3595 2013 3595 1999 3595 1999 3596 2013 3596 2014 3596 2005 3597 2004 3597 2015 3597 2005 3598 2015 3598 2016 3598 2016 3599 1965 3599 1990 3599 1793 3600 1964 3600 1987 3600 1793 3601 1987 3601 1792 3601 1792 3602 1987 3602 1990 3602 1990 3603 1987 3603 1986 3603 1990 3604 1986 3604 2007 3604 1990 3605 2007 3605 2016 3605 2016 3606 2007 3606 2017 3606 2016 3607 2017 3607 2005 3607 2003 3608 2002 3608 2018 3608 2018 3609 2002 3609 2000 3609 2018 3610 2000 3610 1999 3610 2009 3611 1992 3611 1956 3611 2009 3612 1956 3612 1939 3612 1939 3613 1956 3613 1905 3613 2010 3614 2019 3614 1972 3614 2010 3615 1972 3615 1971 3615 2010 3616 1971 3616 2011 3616 2011 3617 1971 3617 2012 3617 2012 3618 1971 3618 2020 3618 2012 3619 2020 3619 2013 3619 2013 3620 2020 3620 2021 3620 2013 3621 2021 3621 2022 3621 2013 3622 2022 3622 2014 3622 2014 3623 2022 3623 2023 3623 2015 3624 2024 3624 1966 3624 2015 3625 1966 3625 2016 3625 1786 3626 1970 3626 2023 3626 1786 3627 2023 3627 2022 3627 1786 3628 2022 3628 1785 3628 1785 3629 2022 3629 2021 3629 1785 3630 2021 3630 2020 3630 1785 3631 2020 3631 1783 3631 1783 3632 2020 3632 1971 3632 2019 3633 1877 3633 1747 3633 2019 3634 1747 3634 1972 3634 2014 3635 2023 3635 1970 3635 2014 3636 1970 3636 1969 3636 2025 3637 1969 3637 1968 3637 2025 3638 1968 3638 1967 3638 2024 3639 1967 3639 1790 3639 2024 3640 1790 3640 1966 3640 1939 3641 1877 3641 2019 3641 1939 3642 2019 3642 2009 3642 2009 3643 2019 3643 2010 3643 1999 3644 2014 3644 2018 3644 2018 3645 2014 3645 1969 3645 2018 3646 1969 3646 2025 3646 2018 3647 2025 3647 2003 3647 2003 3648 2025 3648 1967 3648 2003 3649 1967 3649 2004 3649 2004 3650 1967 3650 2024 3650 2004 3651 2024 3651 2015 3651 1965 3652 2016 3652 1966 3652 1965 3653 1966 3653 1791 3653 1871 3654 1975 3654 1976 3654 1836 3655 1838 3655 1947 3655 2026 3656 2027 3656 1840 3656 1840 3657 2027 3657 1985 3657 1840 3658 1985 3658 1839 3658 1839 3659 1985 3659 1926 3659 1839 3660 1926 3660 1838 3660 1838 3661 1926 3661 1947 3661 1959 3662 1958 3662 2026 3662 2026 3663 1958 3663 2027 3663 1707 3664 1959 3664 2026 3664 1707 3665 2026 3665 1705 3665 1705 3666 2026 3666 1840 3666 1976 3667 1957 3667 1959 3667 1707 3668 1978 3668 1959 3668 1867 3669 1863 3669 2028 3669 1867 3670 2028 3670 1975 3670 1860 3671 1974 3671 1861 3671 1861 3672 1974 3672 2029 3672 1861 3673 2029 3673 2030 3673 1861 3674 2030 3674 1863 3674 1863 3675 2030 3675 2028 3675 1975 3676 2028 3676 2031 3676 1975 3677 2031 3677 2006 3677 1975 3678 2006 3678 1976 3678 1976 3679 2006 3679 1957 3679 1957 3680 2006 3680 2008 3680 1958 3681 1979 3681 2027 3681 2027 3682 1979 3682 1982 3682 2027 3683 1982 3683 1983 3683 2027 3684 1983 3684 1985 3684 1732 3685 1954 3685 1851 3685 1851 3686 1954 3686 2032 3686 1851 3687 2032 3687 1853 3687 1853 3688 2032 3688 1991 3688 1853 3689 1991 3689 1854 3689 1854 3690 1991 3690 1993 3690 1854 3691 1993 3691 1856 3691 1856 3692 1993 3692 1996 3692 1856 3693 1996 3693 1858 3693 1858 3694 1996 3694 1973 3694 1865 3695 1973 3695 1998 3695 1865 3696 1998 3696 1974 3696 2030 3697 2029 3697 2001 3697 2030 3698 2001 3698 2028 3698 2028 3699 2001 3699 2005 3699 2028 3700 2005 3700 2017 3700 2028 3701 2017 3701 2031 3701 1957 3702 2008 3702 1958 3702 1958 3703 2008 3703 1979 3703 2032 3704 1954 3704 1956 3704 2032 3705 1956 3705 1991 3705 1974 3706 1998 3706 2000 3706 1974 3707 2000 3707 2029 3707 2029 3708 2000 3708 2002 3708 2029 3709 2002 3709 2001 3709 2031 3710 2017 3710 2007 3710 2031 3711 2007 3711 2006 3711 1980 3712 1989 3712 1795 3712 1376 3713 1353 3713 1349 3713 1378 3714 1353 3714 1376 3714 1380 3715 1353 3715 1378 3715 1380 3716 1350 3716 1353 3716 1380 3717 1352 3717 1350 3717 1384 3718 1352 3718 1380 3718 1352 3719 1384 3719 1351 3719 1351 3720 1384 3720 1386 3720 1351 3721 1386 3721 1370 3721 1351 3722 1370 3722 1347 3722 1370 3723 1348 3723 1347 3723 1373 3724 1348 3724 1370 3724 1373 3725 1349 3725 1348 3725 1376 3726 1349 3726 1373 3726 1420 3727 1360 3727 1359 3727 1419 3728 1360 3728 1420 3728 1435 3729 1360 3729 1419 3729 1435 3730 1361 3730 1360 3730 1422 3731 1361 3731 1435 3731 1422 3732 1354 3732 1361 3732 1424 3733 1354 3733 1422 3733 1424 3734 1355 3734 1354 3734 1424 3735 1357 3735 1355 3735 1426 3736 1357 3736 1424 3736 1426 3737 1356 3737 1357 3737 1428 3738 1356 3738 1426 3738 1428 3739 1358 3739 1356 3739 1431 3740 1358 3740 1428 3740 1431 3741 1359 3741 1358 3741 1420 3742 1359 3742 1431 3742 1448 3743 1453 3743 1438 3743 1436 3744 1432 3744 1440 3744 1432 3745 1442 3745 1440 3745 1442 3746 1432 3746 1430 3746 1458 3747 1443 3747 1430 3747 1430 3748 1443 3748 1442 3748 1456 3749 1458 3749 1429 3749 1429 3750 1458 3750 1430 3750 1429 3751 1457 3751 1456 3751 1457 3752 1429 3752 1427 3752 1427 3753 1555 3753 1457 3753 1554 3754 1555 3754 1427 3754 1554 3755 1427 3755 1425 3755 1425 3756 1459 3756 1554 3756 1423 3757 1445 3757 1459 3757 1423 3758 1459 3758 1425 3758 1446 3759 1423 3759 1439 3759 1446 3760 1445 3760 1423 3760 1438 3761 1453 3761 1446 3761 1438 3762 1446 3762 1439 3762 1449 3763 1448 3763 1437 3763 1437 3764 1448 3764 1438 3764 1434 3765 1452 3765 1437 3765 1437 3766 1452 3766 1449 3766 1480 3767 1366 3767 1479 3767 1366 3768 1480 3768 1367 3768 1480 3769 1362 3769 1367 3769 1480 3770 1481 3770 1362 3770 1481 3771 1363 3771 1362 3771 1363 3772 1481 3772 1475 3772 1363 3773 1475 3773 1476 3773 1363 3774 1476 3774 1364 3774 1477 3775 1365 3775 1476 3775 1476 3776 1365 3776 1364 3776 1477 3777 1369 3777 1365 3777 1478 3778 1369 3778 1477 3778 1369 3779 1478 3779 1368 3779 1479 3780 1366 3780 1368 3780 1479 3781 1368 3781 1478 3781 1468 3782 1466 3782 1375 3782 1466 3783 1465 3783 1377 3783 1499 3784 1385 3784 1418 3784 1418 3785 1385 3785 1416 3785 1416 3786 1385 3786 1383 3786 1383 3787 1414 3787 1416 3787 1383 3788 1411 3788 1414 3788 1411 3789 1383 3789 1382 3789 1411 3790 1382 3790 1412 3790 1412 3791 1382 3791 1381 3791 1412 3792 1381 3792 1472 3792 1381 3793 1473 3793 1472 3793 1379 3794 1469 3794 1381 3794 1381 3795 1469 3795 1473 3795 1467 3796 1469 3796 1379 3796 1464 3797 1467 3797 1379 3797 1465 3798 1464 3798 1377 3798 1377 3799 1464 3799 1379 3799 1375 3800 1466 3800 1377 3800 1468 3801 1375 3801 1611 3801 1375 3802 1498 3802 1611 3802 1497 3803 1498 3803 1375 3803 1374 3804 1497 3804 1375 3804 1374 3805 1496 3805 1497 3805 1493 3806 1496 3806 1372 3806 1372 3807 1496 3807 1374 3807 1372 3808 1494 3808 1493 3808 1500 3809 1494 3809 1371 3809 1371 3810 1494 3810 1372 3810 1502 3811 1500 3811 1371 3811 1502 3812 1371 3812 1499 3812 1499 3813 1371 3813 1385 3813 1848 3814 1646 3814 1849 3814 1849 3815 1646 3815 1507 3815 1849 3816 1507 3816 1846 3816 1846 3817 1507 3817 1845 3817 1845 3818 1507 3818 1844 3818 1844 3819 1507 3819 1506 3819 1844 3820 1506 3820 1842 3820 1842 3821 1506 3821 1843 3821 1843 3822 1506 3822 1837 3822 1837 3823 1506 3823 1503 3823 1837 3824 1503 3824 1711 3824 1711 3825 1503 3825 1504 3825 1711 3826 1504 3826 1712 3826 1712 3827 1504 3827 1708 3827 1708 3828 1504 3828 1709 3828 1709 3829 1504 3829 1510 3829 1709 3830 1510 3830 1710 3830 1714 3831 1713 3831 1511 3831 1511 3832 1713 3832 1510 3832 1510 3833 1713 3833 1710 3833 1511 3834 1705 3834 1714 3834 1705 3835 1511 3835 1543 3835 1705 3836 1543 3836 1706 3836 1706 3837 1543 3837 1707 3837 1707 3838 1543 3838 1978 3838 1978 3839 1543 3839 1977 3839 1543 3840 1546 3840 1977 3840 1977 3841 1546 3841 1872 3841 1872 3842 1546 3842 1547 3842 1872 3843 1547 3843 1870 3843 1870 3844 1547 3844 1871 3844 1871 3845 1547 3845 1876 3845 1876 3846 1547 3846 1609 3846 1876 3847 1609 3847 1873 3847 1873 3848 1609 3848 1864 3848 1864 3849 1609 3849 1548 3849 1864 3850 1548 3850 1862 3850 1862 3851 1548 3851 1550 3851 1862 3852 1550 3852 1875 3852 1875 3853 1550 3853 1610 3853 1875 3854 1610 3854 1866 3854 1866 3855 1610 3855 1551 3855 1866 3856 1551 3856 1874 3856 1874 3857 1551 3857 1857 3857 1857 3858 1551 3858 1552 3858 1857 3859 1552 3859 1858 3859 1858 3860 1552 3860 1869 3860 1869 3861 1552 3861 1603 3861 1868 3862 1601 3862 1852 3862 1869 3863 1603 3863 1855 3863 1855 3864 1603 3864 1602 3864 1855 3865 1602 3865 1868 3865 1868 3866 1602 3866 1601 3866 1600 3867 1850 3867 1601 3867 1601 3868 1850 3868 1852 3868 1639 3869 1731 3869 1638 3869 1638 3870 1731 3870 1717 3870 1638 3871 1717 3871 1600 3871 1600 3872 1717 3872 1733 3872 1600 3873 1733 3873 1850 3873 1734 3874 1726 3874 1639 3874 1639 3875 1726 3875 1731 3875 1734 3876 1639 3876 1641 3876 1734 3877 1641 3877 1724 3877 1724 3878 1641 3878 1725 3878 1644 3879 1729 3879 1641 3879 1641 3880 1729 3880 1725 3880 1729 3881 1644 3881 1730 3881 1730 3882 1644 3882 1736 3882 1736 3883 1644 3883 1645 3883 1736 3884 1645 3884 1737 3884 1737 3885 1645 3885 1704 3885 1737 3886 1704 3886 1739 3886 1739 3887 1704 3887 1703 3887 1739 3888 1703 3888 1721 3888 1721 3889 1703 3889 1719 3889 1719 3890 1703 3890 1697 3890 1719 3891 1697 3891 1720 3891 1720 3892 1697 3892 1694 3892 1720 3893 1694 3893 1741 3893 1741 3894 1694 3894 1742 3894 1742 3895 1694 3895 1743 3895 1743 3896 1694 3896 1693 3896 1743 3897 1693 3897 1648 3897 1743 3898 1648 3898 1744 3898 1744 3899 1648 3899 1890 3899 1890 3900 1648 3900 1848 3900 1648 3901 1646 3901 1848 3901 2033 3902 2034 3902 2035 3902 2035 3902 2034 3902 2036 3902 2037 3902 2033 3902 2035 3902 2035 3902 2038 3902 2037 3902 2039 3902 2040 3902 2035 3902 2035 3902 2040 3902 2041 3902 2042 3902 2039 3902 2035 3902 2043 3902 2042 3902 2035 3902 2044 3902 2043 3902 2035 3902 2035 3902 2036 3902 2044 3902 2045 0 2046 0 2047 0 2047 0 2048 0 2045 0 2047 0 2049 0 2048 0 2047 0 2050 0 2049 0 2051 0 2050 0 2047 0 2047 0 2052 0 2053 0 2047 0 2054 0 2052 0 2055 0 2054 0 2047 0 2047 0 2046 0 2055 0 2056 3903 2057 3903 2058 3903 2058 3904 2057 3904 2059 3904 2059 3905 2057 3905 2060 3905 2059 3906 2060 3906 2061 3906 2062 3907 2063 3907 2064 3907 2064 3908 2063 3908 2065 3908 2064 3909 2065 3909 2066 3909 2067 3910 2068 3910 2069 3910 2067 3911 2069 3911 2062 3911 2062 3912 2069 3912 2063 3912 2061 3913 2060 3913 2070 3913 2061 3914 2070 3914 2071 3914 2056 3915 2072 3915 2073 3915 2056 3916 2073 3916 2057 3916 2066 3917 2065 3917 2074 3917 2066 3918 2074 3918 2075 3918 2076 3919 2077 3919 2078 3919 2076 3920 2078 3920 2079 3920 2079 3921 2078 3921 2080 3921 2070 3922 2081 3922 2071 3922 2071 3923 2081 3923 2082 3923 2080 3924 2083 3924 2079 3924 2079 3902 2083 3902 2084 3902 2084 3925 2083 3925 2085 3925 2082 3926 2086 3926 2071 3926 2071 3927 2086 3927 2087 3927 2071 3928 2087 3928 2076 3928 2076 3929 2087 3929 2077 3929 2074 3930 2088 3930 2075 3930 2075 3931 2088 3931 2089 3931 2084 3932 2085 3932 2090 3932 2084 3933 2090 3933 2067 3933 2067 3934 2090 3934 2068 3934 2091 3935 2092 3935 2093 3935 2091 3936 2093 3936 2094 3936 2093 3937 2095 3937 2094 3937 2094 3938 2095 3938 2096 3938 2094 3939 2096 3939 2097 3939 2097 3940 2096 3940 2098 3940 2089 3941 2099 3941 2075 3941 2075 3942 2099 3942 2091 3942 2091 3943 2099 3943 2100 3943 2091 3944 2100 3944 2092 3944 2097 3945 2098 3945 2101 3945 2097 3946 2101 3946 2102 3946 2097 3947 2102 3947 2056 3947 2056 3948 2102 3948 2072 3948 2103 3949 2104 3949 2105 3949 2106 3950 2107 3950 2104 3950 2108 3951 2109 3951 2110 3951 2111 3952 2112 3952 2113 3952 2111 3953 2113 3953 2114 3953 2115 3954 2116 3954 2117 3954 2117 3955 2116 3955 66 3955 2118 3956 2116 3956 2119 3956 2120 3957 2119 3957 2115 3957 2115 3958 2119 3958 2116 3958 2113 3959 2121 3959 2114 3959 2120 3960 2122 3960 2123 3960 2123 3961 2122 3961 2124 3961 2120 3962 2115 3962 2122 3962 2123 3963 2124 3963 2121 3963 2121 3964 2124 3964 2125 3964 2121 3965 2125 3965 2126 3965 2121 3966 2126 3966 2127 3966 2128 3967 2129 3967 2130 3967 2130 3968 2129 3968 2109 3968 2109 3969 2129 3969 2131 3969 2109 3970 2131 3970 2132 3970 2132 3971 2126 3971 2133 3971 2134 3972 2135 3972 2136 3972 2108 3973 2110 3973 2134 3973 2134 3974 2110 3974 2137 3974 2134 3975 2137 3975 2135 3975 2138 3976 2139 3976 2137 3976 2109 3977 2133 3977 2138 3977 2138 3978 2133 3978 2139 3978 2109 3979 2138 3979 2110 3979 2110 3980 2138 3980 2137 3980 2131 3981 2140 3981 2132 3981 2132 3982 2140 3982 2127 3982 2132 3983 2127 3983 2126 3983 2108 3984 2130 3984 2109 3984 2109 3985 2132 3985 2133 3985 2141 3986 2133 3986 2126 3986 2141 3987 2126 3987 2125 3987 2142 3988 2143 3988 2144 3988 2145 3989 2146 3989 2141 3989 2147 3990 2145 3990 2148 3990 2124 3991 2142 3991 2147 3991 2147 3992 2142 3992 2149 3992 2147 3993 2149 3993 2150 3993 2150 3994 2151 3994 2145 3994 2145 3995 2141 3995 2148 3995 2152 3996 2153 3996 2149 3996 2142 3997 2144 3997 2149 3997 2149 3998 2144 3998 2152 3998 2125 3999 2147 3999 2148 3999 2133 4000 2141 4000 2146 4000 2133 4001 2146 4001 2139 4001 2154 4002 2155 4002 2156 4002 2156 4003 2155 4003 2157 4003 2158 4004 2128 4004 2130 4004 2159 4005 2160 4005 2161 4005 2161 4006 2160 4006 2162 4006 2163 4007 2164 4007 2161 4007 2163 4008 2161 4008 2162 4008 2160 4009 2165 4009 2157 4009 2157 4010 2166 4010 2167 4010 2165 4011 2156 4011 2157 4011 2157 4012 2155 4012 2166 4012 2166 4013 2155 4013 2168 4013 2169 4014 2164 4014 2163 4014 2163 4015 2162 4015 2170 4015 2171 4016 2169 4016 2163 4016 2172 4017 2170 4017 2167 4017 2167 4018 2170 4018 2162 4018 2167 4019 2166 4019 2172 4019 2172 4020 2166 4020 2173 4020 2155 4021 2154 4021 2174 4021 2160 4022 2159 4022 2165 4022 2162 4023 2160 4023 2157 4023 2162 4024 2157 4024 2167 4024 2175 4025 2158 4025 2176 4025 2176 4026 2158 4026 2177 4026 2176 4027 2177 4027 2178 4027 2178 4028 2177 4028 2179 4028 2178 4029 2179 4029 2180 4029 2180 4030 2179 4030 2136 4030 2174 4031 2175 4031 2176 4031 2174 4032 2176 4032 2181 4032 2181 4033 2176 4033 2178 4033 2181 4034 2178 4034 2180 4034 2181 4035 2180 4035 2182 4035 2159 4036 2161 4036 2164 4036 2107 4037 2106 4037 2183 4037 2107 4038 2183 4038 68 4038 2184 4039 2104 4039 2103 4039 68 4040 2183 4040 2185 4040 2185 4041 2183 4041 2165 4041 2183 4042 2106 4042 2165 4042 2104 4043 2184 4043 2106 4043 2118 4044 2186 4044 2112 4044 2118 4045 2112 4045 2187 4045 2187 4046 2112 4046 2111 4046 2187 4047 2111 4047 2188 4047 2187 4048 2188 4048 2189 4048 2189 4049 2188 4049 2190 4049 2189 4050 2190 4050 2191 4050 2189 4051 2191 4051 2192 4051 2192 4052 2191 4052 2193 4052 2192 4053 2193 4053 2194 4053 2192 4054 2194 4054 2195 4054 2195 4055 2194 4055 2196 4055 2195 4056 2196 4056 2105 4056 2184 4057 2103 4057 2197 4057 2188 4058 2111 4058 2190 4058 2190 4059 2198 4059 2191 4059 2191 4060 2198 4060 2199 4060 2191 4061 2199 4061 2193 4061 2193 4062 2199 4062 2200 4062 2193 4063 2200 4063 2194 4063 2194 4064 2200 4064 2201 4064 2194 4065 2201 4065 2196 4065 2196 4066 2201 4066 2202 4066 2196 4067 2202 4067 2105 4067 2105 4068 2202 4068 2103 4068 2118 4069 2120 4069 2186 4069 2112 4070 2186 4070 2113 4070 2190 4071 2114 4071 2203 4071 2190 4072 2203 4072 2198 4072 2198 4073 2203 4073 2204 4073 2198 4074 2204 4074 2199 4074 2199 4075 2204 4075 2205 4075 2199 4076 2205 4076 2200 4076 2202 4077 2201 4077 2206 4077 2202 4078 2206 4078 2197 4078 2197 4079 2206 4079 2154 4079 2197 4080 2154 4080 2156 4080 2197 4081 2156 4081 2184 4081 2184 4082 2156 4082 2165 4082 2200 4083 2205 4083 2207 4083 2200 4084 2207 4084 2201 4084 2201 4085 2207 4085 2206 4085 2111 4086 2114 4086 2190 4086 2103 4087 2202 4087 2197 4087 2106 4088 2184 4088 2165 4088 2120 4089 2118 4089 2119 4089 2120 4090 2123 4090 2186 4090 2186 4091 2123 4091 2121 4091 2186 4092 2121 4092 2113 4092 2114 4093 2121 4093 2127 4093 2114 4094 2127 4094 2203 4094 2203 4095 2127 4095 2140 4095 2203 4096 2140 4096 2204 4096 2204 4097 2140 4097 2208 4097 2204 4098 2208 4098 2129 4098 2204 4099 2129 4099 2205 4099 2205 4100 2129 4100 2128 4100 2205 4101 2128 4101 2207 4101 2206 4102 2207 4102 2175 4102 2206 4103 2175 4103 2174 4103 2206 4104 2174 4104 2154 4104 2165 4105 2159 4105 2185 4105 2145 4106 2147 4106 2150 4106 2150 4107 2149 4107 2151 4107 2151 4108 2149 4108 2153 4108 2122 4109 2143 4109 2142 4109 2122 4110 2142 4110 2124 4110 2124 4111 2147 4111 2125 4111 2125 4112 2148 4112 2141 4112 2158 4113 2130 4113 2108 4113 2158 4114 2108 4114 2177 4114 2177 4115 2108 4115 2134 4115 2177 4116 2134 4116 2179 4116 2179 4117 2134 4117 2136 4117 2208 4118 2140 4118 2131 4118 2208 4119 2131 4119 2129 4119 2207 4120 2128 4120 2158 4120 2207 4121 2158 4121 2175 4121 2155 4122 2174 4122 2181 4122 2155 4123 2181 4123 2168 4123 2168 4124 2181 4124 2166 4124 2166 4125 2181 4125 2182 4125 2166 4126 2182 4126 2173 4126 2209 4127 2210 4127 2211 4127 2212 4128 2213 4128 2214 4128 2215 4129 2216 4129 2217 4129 2216 4130 2218 4130 2219 4130 2219 4131 2220 4131 2221 4131 2222 4132 2223 4132 2224 4132 2225 4133 2226 4133 2227 4133 2218 4134 2228 4134 2220 4134 2229 4135 47 4135 2230 4135 2231 4136 2232 4136 2233 4136 2233 4137 2232 4137 2234 4137 2233 4138 2234 4138 2235 4138 2229 4139 2230 4139 2228 4139 2228 4140 2230 4140 2236 4140 2236 4141 2230 4141 2232 4141 2236 4142 2232 4142 2231 4142 2237 4143 2236 4143 2231 4143 2237 4144 2231 4144 2238 4144 2238 4145 2231 4145 2233 4145 2228 4146 2239 4146 2229 4146 2220 4147 2228 4147 2236 4147 2220 4148 2236 4148 2237 4148 2240 4149 2238 4149 2233 4149 2240 4150 2233 4150 2241 4150 2241 4151 2242 4151 2226 4151 2241 4152 2226 4152 2240 4152 2218 4153 2239 4153 2228 4153 2243 4154 2242 4154 2241 4154 2233 4155 2235 4155 2241 4155 2241 4156 2235 4156 2244 4156 2241 4157 2244 4157 2243 4157 2225 4158 2223 4158 2245 4158 2227 4159 2246 4159 2247 4159 2227 4160 2247 4160 2225 4160 2245 4161 2222 4161 2248 4161 2249 4162 2250 4162 2251 4162 2223 4163 2249 4163 2251 4163 2223 4164 2251 4164 2252 4164 2222 4165 2224 4165 2253 4165 2253 4166 2224 4166 2254 4166 2253 4167 2254 4167 2255 4167 2224 4168 2223 4168 2252 4168 2224 4169 2252 4169 2254 4169 2256 4170 2217 4170 2219 4170 2256 4171 2219 4171 2257 4171 2257 4172 2219 4172 2221 4172 2217 4173 2216 4173 2219 4173 2226 4174 2225 4174 2258 4174 2258 4175 2225 4175 2245 4175 2258 4176 2245 4176 2259 4176 2259 4177 2245 4177 2248 4177 2257 4178 2260 4178 2256 4178 2248 4179 2261 4179 2257 4179 2257 4180 2261 4180 2260 4180 2256 4181 2260 4181 2262 4181 2256 4182 2262 4182 2217 4182 2263 4183 2217 4183 2262 4183 2255 4184 2260 4184 2261 4184 2264 4185 2217 4185 2263 4185 2264 4186 2215 4186 2217 4186 2248 4187 2257 4187 2221 4187 2248 4188 2221 4188 2259 4188 2246 4189 2250 4189 2247 4189 2247 4190 2250 4190 2249 4190 2247 4191 2249 4191 2225 4191 2225 4192 2249 4192 2223 4192 2245 4193 2223 4193 2222 4193 2248 4194 2222 4194 2253 4194 2248 4195 2253 4195 2261 4195 2261 4196 2253 4196 2255 4196 2265 4197 2266 4197 2267 4197 2265 4198 2267 4198 2212 4198 2212 4199 2267 4199 2268 4199 2210 4200 2269 4200 2211 4200 2270 4201 2271 4201 2164 4201 2270 4202 2164 4202 2272 4202 2272 4203 2164 4203 2171 4203 2213 4204 2270 4204 2214 4204 2214 4205 2270 4205 2273 4205 2273 4206 2270 4206 2272 4206 2213 4207 2271 4207 2270 4207 2265 4208 2273 4208 2274 4208 2212 4209 2214 4209 2265 4209 2266 4210 2265 4210 2275 4210 2214 4211 2273 4211 2265 4211 2265 4212 2274 4212 2275 4212 2211 4213 2269 4213 2276 4213 2211 4214 2276 4214 2277 4214 2277 4215 2276 4215 2278 4215 2269 4216 2267 4216 2266 4216 2279 4217 2275 4217 2278 4217 2276 4218 2269 4218 2266 4218 2276 4219 2266 4219 2279 4219 2276 4220 2279 4220 2278 4220 2209 4221 2211 4221 2280 4221 2280 4222 2211 4222 2277 4222 2280 4223 2277 4223 2281 4223 2281 4224 2277 4224 2282 4224 2246 4225 2209 4225 2280 4225 2246 4226 2280 4226 2250 4226 2250 4227 2280 4227 2281 4227 2250 4228 2281 4228 2283 4228 2281 4229 2282 4229 2283 4229 2277 4230 2278 4230 2282 4230 2279 4231 2266 4231 2275 4231 2284 4232 2285 4232 2286 4232 2286 4233 2285 4233 68 4233 2287 4234 2288 4234 2289 4234 2289 4235 2288 4235 2285 4235 2289 4236 2285 4236 2290 4236 2291 4237 2288 4237 2287 4237 2287 4238 2292 4238 2291 4238 2291 4239 2292 4239 2293 4239 2291 4240 2293 4240 2294 4240 2291 4241 2294 4241 2295 4241 2295 4242 2294 4242 2296 4242 2295 4243 2296 4243 2297 4243 2295 4244 2297 4244 2298 4244 2298 4245 2297 4245 2299 4245 2298 4246 2299 4246 2244 4246 2298 4247 2244 4247 2234 4247 2294 4248 2293 4248 2300 4248 2294 4249 2300 4249 2296 4249 2296 4250 2300 4250 2297 4250 2301 4251 2300 4251 2293 4251 2301 4252 2293 4252 2292 4252 2210 4253 2300 4253 2301 4253 2210 4254 2301 4254 2269 4254 2269 4255 2301 4255 2302 4255 2284 4256 2213 4256 2290 4256 2290 4257 2213 4257 2289 4257 2289 4258 2213 4258 2212 4258 2289 4259 2212 4259 2287 4259 2287 4260 2212 4260 2268 4260 2287 4261 2268 4261 2292 4261 2292 4262 2268 4262 2302 4262 2292 4263 2302 4263 2301 4263 2300 4264 2210 4264 2303 4264 2303 4265 2210 4265 2304 4265 2303 4266 2304 4266 2243 4266 2290 4267 2285 4267 2284 4267 2300 4268 2303 4268 2297 4268 2297 4269 2303 4269 2243 4269 2297 4270 2243 4270 2299 4270 2299 4271 2243 4271 2244 4271 2219 4272 2218 4272 2220 4272 2220 4273 2237 4273 2221 4273 2221 4274 2237 4274 2238 4274 2221 4275 2238 4275 2259 4275 2259 4276 2238 4276 2240 4276 2259 4277 2240 4277 2258 4277 2258 4278 2240 4278 2226 4278 2227 4279 2226 4279 2242 4279 2227 4280 2242 4280 2304 4280 2304 4281 2242 4281 2243 4281 2244 4282 2235 4282 2234 4282 2250 4283 2283 4283 2251 4283 2227 4284 2304 4284 2246 4284 2246 4285 2304 4285 2209 4285 2209 4286 2304 4286 2210 4286 2269 4287 2302 4287 2267 4287 2267 4288 2302 4288 2268 4288 2271 4289 2213 4289 2284 4289 2271 4290 2284 4290 2185 4290 2185 4291 2284 4291 2286 4291 2305 4292 2306 4292 2307 4292 2308 4293 2309 4293 2310 4293 2309 4294 2311 4294 2312 4294 2313 4295 2314 4295 2315 4295 2315 4296 2314 4296 2316 4296 2317 4297 2318 4297 2319 4297 2320 4298 2321 4298 2322 4298 2320 4299 2323 4299 2324 4299 2325 4300 2326 4300 2327 4300 2325 4301 2328 4301 2329 4301 2325 4302 2329 4302 2330 4302 2322 4303 2331 4303 2325 4303 2325 4304 2330 4304 2326 4304 2320 4305 2327 4305 2332 4305 2320 4306 2332 4306 2323 4306 2333 4307 2334 4307 2335 4307 2336 4308 2337 4308 2334 4308 2338 4309 2331 4309 2339 4309 2338 4310 2339 4310 2340 4310 2331 4311 2341 4311 2328 4311 2342 4312 2341 4312 2338 4312 2338 4313 2341 4313 2331 4313 2343 4314 2344 4314 2345 4314 2345 4315 2344 4315 2328 4315 2344 4316 2346 4316 2328 4316 2346 4317 2347 4317 2328 4317 2347 4318 2348 4318 2328 4318 2328 4319 2348 4319 2329 4319 2331 4320 2328 4320 2325 4320 2349 4321 2350 4321 2351 4321 2351 4322 2350 4322 2352 4322 2349 4323 2353 4323 2354 4323 2349 4324 2354 4324 2350 4324 2350 4325 2354 4325 2355 4325 2350 4326 2355 4326 2356 4326 2356 4327 2355 4327 2357 4327 2342 4328 2335 4328 2358 4328 2358 4329 2359 4329 2360 4329 2361 4330 2305 4330 2307 4330 2307 4331 2345 4331 2360 4331 2307 4332 2360 4332 2361 4332 2335 4333 2355 4333 2358 4333 2342 4334 2358 4334 2341 4334 2341 4335 2358 4335 2360 4335 2360 4336 2359 4336 2361 4336 2354 4337 2353 4337 2359 4337 2359 4338 2353 4338 2305 4338 2359 4339 2305 4339 2361 4339 2345 4340 2307 4340 2343 4340 2307 4341 2306 4341 2343 4341 2362 4342 2363 4342 2364 4342 2356 4343 2357 4343 2365 4343 2365 4344 2337 4344 2366 4344 2366 4345 2337 4345 2367 4345 2366 4346 2367 4346 2368 4346 2368 4347 2367 4347 2369 4347 2368 4348 2370 4348 2371 4348 2350 4349 2356 4349 2372 4349 2372 4350 2365 4350 2371 4350 2371 4351 2365 4351 2366 4351 2371 4352 2366 4352 2368 4352 2372 4353 2356 4353 2365 4353 2373 4354 2312 4354 2374 4354 2308 4355 2311 4355 2309 4355 2310 4356 2375 4356 2370 4356 2351 4357 2352 4357 2376 4357 2351 4358 2376 4358 2377 4358 2377 4359 2376 4359 2378 4359 2378 4360 2376 4360 2375 4360 2378 4361 2375 4361 2310 4361 2352 4362 2350 4362 2372 4362 2352 4363 2372 4363 2376 4363 2376 4364 2372 4364 2371 4364 2376 4365 2371 4365 2375 4365 2375 4366 2371 4366 2370 4366 2318 4367 2317 4367 2379 4367 2318 4368 2379 4368 2096 4368 2096 4369 2379 4369 2380 4369 2317 4370 2381 4370 2379 4370 2382 4371 2380 4371 2383 4371 2383 4372 2380 4372 2379 4372 2374 4373 2384 4373 2385 4373 2385 4374 2384 4374 2386 4374 2385 4375 2386 4375 2381 4375 2381 4376 2386 4376 2387 4376 2381 4377 2316 4377 2385 4377 2385 4378 2316 4378 2314 4378 2385 4379 2314 4379 2374 4379 2374 4380 2314 4380 2373 4380 2373 4381 2314 4381 2313 4381 2381 4382 2387 4382 2379 4382 2379 4383 2387 4383 2383 4383 2319 4384 2316 4384 2317 4384 2317 4385 2316 4385 2381 4385 2383 4386 2387 4386 2388 4386 2383 4387 2388 4387 2382 4387 2382 4388 2388 4388 2389 4388 2341 4389 2345 4389 2328 4389 2339 4390 2331 4390 2322 4390 2339 4391 2322 4391 2321 4391 2339 4392 2321 4392 2340 4392 2336 4393 2390 4393 2391 4393 2391 4394 2390 4394 2392 4394 2391 4395 2392 4395 2393 4395 2325 4396 2327 4396 2320 4396 2325 4397 2320 4397 2322 4397 2340 4398 2321 4398 2394 4398 2340 4399 2394 4399 2333 4399 2333 4400 2394 4400 2395 4400 2396 4401 2395 4401 2397 4401 2396 4402 2397 4402 2336 4402 2336 4403 2397 4403 2390 4403 2393 4404 2392 4404 2398 4404 2393 4405 2398 4405 2399 4405 2399 4406 2398 4406 2400 4406 2399 4407 2400 4407 2401 4407 2401 4408 2400 4408 2389 4408 2389 4409 2388 4409 2402 4409 2403 4410 2364 4410 2363 4410 2363 4411 2362 4411 2404 4411 2405 4412 2403 4412 2406 4412 2370 4413 2308 4413 2310 4413 2387 4414 2364 4414 2403 4414 2403 4415 2363 4415 2406 4415 2406 4416 2363 4416 2404 4416 2406 4417 2404 4417 2370 4417 2370 4418 2404 4418 2311 4418 2370 4419 2311 4419 2308 4419 2402 4420 2403 4420 2407 4420 2369 4421 2405 4421 2368 4421 2337 4422 2336 4422 2367 4422 2367 4423 2336 4423 2391 4423 2367 4424 2391 4424 2369 4424 2369 4425 2391 4425 2408 4425 2369 4426 2408 4426 2407 4426 2407 4427 2401 4427 2402 4427 2354 4428 2359 4428 2355 4428 2355 4429 2359 4429 2358 4429 2355 4430 2335 4430 2357 4430 2357 4431 2335 4431 2334 4431 2388 4432 2387 4432 2402 4432 2402 4433 2387 4433 2403 4433 2407 4434 2403 4434 2405 4434 2405 4435 2406 4435 2368 4435 2368 4436 2406 4436 2370 4436 2395 4437 2396 4437 2333 4437 2338 4438 2340 4438 2342 4438 2374 4439 2312 4439 2311 4439 2374 4440 2311 4440 2384 4440 2384 4441 2311 4441 2404 4441 2384 4442 2404 4442 2362 4442 2384 4443 2362 4443 2386 4443 2386 4444 2362 4444 2364 4444 2386 4445 2364 4445 2387 4445 2360 4446 2345 4446 2341 4446 2335 4447 2342 4447 2340 4447 2335 4448 2340 4448 2333 4448 2334 4449 2333 4449 2396 4449 2334 4450 2396 4450 2336 4450 2408 4451 2391 4451 2393 4451 2408 4452 2393 4452 2407 4452 2407 4453 2393 4453 2399 4453 2407 4454 2399 4454 2401 4454 2365 4455 2357 4455 2334 4455 2365 4456 2334 4456 2337 4456 2405 4457 2369 4457 2407 4457 2402 4458 2401 4458 2389 4458 2409 4459 2410 4459 2411 4459 2412 4460 2306 4460 2413 4460 2414 4461 2344 4461 2415 4461 2416 4462 2078 4462 2417 4462 2418 4463 2419 4463 2420 4463 2420 4464 2419 4464 2421 4464 2420 4465 2421 4465 2422 4465 2422 4466 2421 4466 2423 4466 2419 4467 2418 4467 2424 4467 2425 4468 2424 4468 2418 4468 2426 4469 2427 4469 2428 4469 2429 4470 2430 4470 2431 4470 2431 4471 2430 4471 2432 4471 2306 4472 2433 4472 2413 4472 2413 4473 2433 4473 2434 4473 2434 4474 2433 4474 2435 4474 2434 4475 2435 4475 2436 4475 2436 4476 2435 4476 2437 4476 2324 4477 2438 4477 2439 4477 2440 4478 2441 4478 2442 4478 2441 4479 2440 4479 2443 4479 2441 4480 2444 4480 2442 4480 2445 4481 2446 4481 2447 4481 2329 4482 2447 4482 2326 4482 2326 4483 2447 4483 2446 4483 2326 4484 2446 4484 2332 4484 2332 4485 2446 4485 2439 4485 2332 4486 2439 4486 2448 4486 2448 4487 2439 4487 2323 4487 2323 4488 2439 4488 2438 4488 2449 4489 2441 4489 2443 4489 2450 4490 2451 4490 2452 4490 2451 4491 2453 4491 2452 4491 2454 4492 2451 4492 2443 4492 2442 4493 2455 4493 2456 4493 2442 4494 2456 4494 2440 4494 2442 4495 2445 4495 2455 4495 2457 4496 2447 4496 2348 4496 2445 4497 2447 4497 2455 4497 2455 4498 2447 4498 2414 4498 2455 4499 2414 4499 2458 4499 2451 4500 2454 4500 2459 4500 2451 4501 2459 4501 2453 4501 2456 4502 2455 4502 2460 4502 2460 4503 2455 4503 2458 4503 2457 4504 2347 4504 2447 4504 2447 4505 2347 4505 2414 4505 2414 4506 2347 4506 2344 4506 2443 4507 2440 4507 2454 4507 2454 4508 2440 4508 2456 4508 2454 4509 2456 4509 2460 4509 2454 4510 2460 4510 2459 4510 2444 4511 2439 4511 2446 4511 2444 4512 2446 4512 2442 4512 2442 4513 2446 4513 2445 4513 2447 4514 2329 4514 2461 4514 2447 4515 2461 4515 2348 4515 2430 4516 2429 4516 2462 4516 2430 4517 2462 4517 2437 4517 2437 4518 2462 4518 2463 4518 2437 4519 2463 4519 2436 4519 2464 4520 2465 4520 2466 4520 2466 4521 2465 4521 2467 4521 2466 4522 2467 4522 2468 4522 2468 4523 2467 4523 2469 4523 2468 4524 2469 4524 2470 4524 2470 4525 2469 4525 2452 4525 2470 4526 2452 4526 2453 4526 2471 4527 2459 4527 2460 4527 2471 4528 2460 4528 2458 4528 2472 4529 2473 4529 2426 4529 2472 4530 2426 4530 2428 4530 2474 4531 2475 4531 2476 4531 2476 4532 2475 4532 2466 4532 2476 4533 2466 4533 2468 4533 2476 4534 2468 4534 2462 4534 2462 4535 2468 4535 2470 4535 2462 4536 2470 4536 2477 4536 2475 4537 2464 4537 2466 4537 2477 4538 2470 4538 2453 4538 2477 4539 2453 4539 2478 4539 2478 4540 2453 4540 2459 4540 2478 4541 2459 4541 2471 4541 2413 4542 2458 4542 2414 4542 2413 4543 2414 4543 2343 4543 2431 4544 2432 4544 2479 4544 2479 4545 2432 4545 2480 4545 2480 4546 2432 4546 2481 4546 2343 4547 2412 4547 2413 4547 2458 4548 2413 4548 2434 4548 2458 4549 2434 4549 2471 4549 2471 4550 2434 4550 2436 4550 2471 4551 2436 4551 2478 4551 2478 4552 2436 4552 2463 4552 2478 4553 2463 4553 2477 4553 2477 4554 2463 4554 2462 4554 2462 4555 2429 4555 2476 4555 2476 4556 2429 4556 2431 4556 2476 4557 2431 4557 2479 4557 2476 4558 2479 4558 2474 4558 2474 4559 2479 4559 2480 4559 2482 4560 2483 4560 2417 4560 2482 4561 2484 4561 2485 4561 2486 4562 2418 4562 2487 4562 2487 4563 2418 4563 2420 4563 2487 4564 2420 4564 2488 4564 2488 4565 2420 4565 2489 4565 2422 4566 2489 4566 2420 4566 2425 4567 2418 4567 2486 4567 2425 4568 2486 4568 2427 4568 2490 4569 2491 4569 2492 4569 2492 4570 2484 4570 2493 4570 2493 4571 2482 4571 2417 4571 2449 4572 2494 4572 2495 4572 2495 4573 2494 4573 2496 4573 2495 4574 2496 4574 2497 4574 2495 4575 2497 4575 2498 4575 2498 4576 2497 4576 2499 4576 2498 4577 2499 4577 2500 4577 2500 4578 2499 4578 2501 4578 2500 4579 2501 4579 2502 4579 2500 4580 2502 4580 2503 4580 2503 4581 2502 4581 2490 4581 2503 4582 2490 4582 2492 4582 2485 4583 2491 4583 2504 4583 2504 4584 2491 4584 2505 4584 2504 4585 2505 4585 2409 4585 2504 4586 2409 4586 2506 4586 2473 4587 2472 4587 2507 4587 2501 4588 2410 4588 2409 4588 2501 4589 2409 4589 2502 4589 2502 4590 2409 4590 2490 4590 2490 4591 2409 4591 2505 4591 2494 4592 2450 4592 2496 4592 2496 4593 2450 4593 2497 4593 2497 4594 2508 4594 2499 4594 2499 4595 2508 4595 2410 4595 2485 4596 2484 4596 2491 4596 2491 4597 2490 4597 2505 4597 2411 4598 2506 4598 2409 4598 2483 4599 2423 4599 2416 4599 2483 4600 2416 4600 2417 4600 2411 4601 2464 4601 2506 4601 2426 4602 2509 4602 2510 4602 2426 4603 2510 4603 2427 4603 2508 4604 2469 4604 2467 4604 2508 4605 2467 4605 2410 4605 2410 4606 2467 4606 2465 4606 2410 4607 2465 4607 2411 4607 2411 4608 2465 4608 2464 4608 2506 4609 2464 4609 2475 4609 2506 4610 2475 4610 2511 4610 2511 4611 2475 4611 2474 4611 2511 4612 2474 4612 2473 4612 2473 4613 2474 4613 2480 4613 2473 4614 2480 4614 2509 4614 2450 4615 2469 4615 2497 4615 2497 4616 2469 4616 2508 4616 2509 4617 2426 4617 2473 4617 2511 4618 2473 4618 2507 4618 2511 4619 2507 4619 2504 4619 2511 4620 2504 4620 2506 4620 2410 4621 2501 4621 2499 4621 2492 4622 2491 4622 2484 4622 2493 4623 2484 4623 2482 4623 2428 4624 2427 4624 2486 4624 2428 4625 2486 4625 2472 4625 2472 4626 2486 4626 2487 4626 2472 4627 2487 4627 2507 4627 2507 4628 2487 4628 2488 4628 2507 4629 2488 4629 2504 4629 2504 4630 2488 4630 2485 4630 2485 4631 2488 4631 2489 4631 2485 4632 2489 4632 2482 4632 2482 4633 2489 4633 2422 4633 2482 4634 2422 4634 2483 4634 2483 4635 2422 4635 2423 4635 2414 4636 2415 4636 2343 4636 2449 4637 2443 4637 2494 4637 2494 4638 2443 4638 2451 4638 2494 4639 2451 4639 2450 4639 2450 4640 2452 4640 2469 4640 2509 4641 2480 4641 2510 4641 2510 4642 2480 4642 2481 4642 2512 4643 2117 4643 2513 4643 2514 4644 2153 4644 2152 4644 2153 4645 2514 4645 2515 4645 2318 4646 2095 4646 2516 4646 2516 4647 2095 4647 2515 4647 2122 4648 2517 4648 2143 4648 2117 4649 2512 4649 2115 4649 2115 4650 2512 4650 2517 4650 2115 4651 2517 4651 2122 4651 2313 4652 2315 4652 2512 4652 2512 4653 2315 4653 2316 4653 2316 4654 2319 4654 2512 4654 2512 4655 2319 4655 2518 4655 2313 4656 2512 4656 2513 4656 2144 4657 2517 4657 2518 4657 2318 4658 2516 4658 2319 4658 2514 4659 2144 4659 2518 4659 2144 4660 2514 4660 2152 4660 2515 4661 2514 4661 2516 4661 2516 4662 2514 4662 2518 4662 2516 4663 2518 4663 2319 4663 2512 4664 2518 4664 2517 4664 2517 4665 2144 4665 2143 4665 110 4666 109 4666 2285 4666 68 4667 114 4667 2107 4667 2107 4668 114 4668 108 4668 110 4669 2285 4669 2288 4669 107 4670 2104 4670 108 4670 108 4671 2104 4671 2107 4671 88 0 85 0 2519 0 2288 4672 2291 4672 111 4672 2295 4673 115 4673 111 4673 2295 4674 111 4674 2291 4674 114 0 68 0 109 0 109 4675 68 4675 2285 4675 110 4676 2288 4676 111 4676 2519 4677 85 4677 2520 4677 2520 4678 85 4678 2521 4678 2520 4679 2521 4679 87 4679 2520 4680 87 4680 2522 4680 2522 0 87 0 101 0 2522 0 101 0 2523 0 2523 0 101 0 102 0 2523 4681 102 4681 2524 4681 2524 4682 102 4682 103 4682 2524 4683 103 4683 100 4683 2524 4684 100 4684 2525 4684 2105 4685 2104 4685 107 4685 2525 0 100 0 97 0 2525 0 97 0 2526 0 2526 0 97 0 98 0 115 4686 2295 4686 94 4686 94 4687 2295 4687 2298 4687 2118 4688 119 4688 2116 4688 2116 4689 119 4689 117 4689 2526 4690 98 4690 2527 4690 2527 4691 98 4691 99 4691 2527 4692 99 4692 116 4692 2527 4693 116 4693 47 4693 96 0 2230 0 116 0 116 0 2230 0 47 0 93 4694 2234 4694 95 4694 95 4695 2234 4695 2232 4695 95 4696 2232 4696 96 4696 96 4697 2232 4697 2230 4697 94 4698 2298 4698 93 4698 93 4699 2298 4699 2234 4699 106 0 2192 0 113 0 113 4700 2192 4700 2195 4700 105 0 2189 0 106 0 106 0 2189 0 2192 0 2187 0 104 0 120 0 113 4701 2195 4701 107 4701 107 4702 2195 4702 2105 4702 119 4703 2118 4703 120 4703 120 4704 2118 4704 2187 4704 118 0 2528 0 117 0 117 0 2528 0 66 0 117 4705 66 4705 2116 4705 92 4706 2529 4706 112 4706 112 4707 2529 4707 118 4707 118 4708 2529 4708 2530 4708 118 0 2530 0 2528 0 91 0 2531 0 90 0 90 0 2531 0 2532 0 90 0 2532 0 92 0 92 0 2532 0 2533 0 92 4709 2533 4709 2529 4709 2519 0 2534 0 88 0 88 4710 2534 4710 2535 4710 88 4711 2535 4711 89 4711 89 4712 2535 4712 91 4712 91 4713 2535 4713 2536 4713 91 0 2536 0 2531 0 2187 0 2189 0 104 0 104 0 2189 0 105 0 2537 4714 2419 4714 2424 4714 2416 4715 2423 4715 2538 4715 2539 4716 2540 4716 2264 4716 2264 4717 2540 4717 2215 4717 2239 4718 2218 4718 2541 4718 2541 4719 2218 4719 2216 4719 2541 4720 2542 4720 2239 4720 2537 4721 2229 4721 2542 4721 2239 4722 2542 4722 2229 4722 2537 4723 2542 4723 2419 4723 2419 4724 2542 4724 2421 4724 2421 4725 2542 4725 2423 4725 2423 4726 2542 4726 2538 4726 2538 4727 2540 4727 2416 4727 2416 4728 2540 4728 2080 4728 2416 4729 2080 4729 2078 4729 2542 4730 2541 4730 2540 4730 2542 4731 2540 4731 2538 4731 2215 4732 2540 4732 2541 4732 2539 4733 2080 4733 2540 4733 2215 4734 2541 4734 2216 4734 2543 4735 2310 4735 2544 4735 2310 4736 2543 4736 2537 4736 2310 4737 2537 4737 2424 4737 2306 4738 2432 4738 2430 4738 2430 4739 2437 4739 2306 4739 2306 4740 2437 4740 2435 4740 2435 4741 2433 4741 2306 4741 2424 4742 2425 4742 2306 4742 2306 4743 2425 4743 2427 4743 2427 4744 2510 4744 2306 4744 2306 4745 2510 4745 2481 4745 2306 4746 2481 4746 2432 4746 2424 4747 2305 4747 2353 4747 2424 4748 2306 4748 2305 4748 2353 4749 2349 4749 2424 4749 2424 4750 2349 4750 2351 4750 2424 4751 2351 4751 2377 4751 2377 4752 2378 4752 2424 4752 2424 4753 2378 4753 2310 4753 2544 4754 2310 4754 2309 4754 2544 4755 2309 4755 2312 4755 2544 4756 2312 4756 2373 4756 2544 4757 2373 4757 2313 4757 2313 4758 2513 4758 2544 4758 2544 4759 2513 4759 2545 4759 2544 4760 2546 4760 2547 4760 2547 4761 2548 4761 2544 4761 2548 4762 2549 4762 2544 4762 2544 4763 2549 4763 2550 4763 2550 4764 2551 4764 2544 4764 2551 4765 2552 4765 2544 4765 2544 4766 2545 4766 2553 4766 2544 4767 2553 4767 2554 4767 2544 4768 2554 4768 2555 4768 2544 4769 2555 4769 2556 4769 2544 4770 2556 4770 2557 4770 2557 4771 2558 4771 2544 4771 2544 4772 2558 4772 2559 4772 2544 4773 2559 4773 2546 4773 2034 4774 2094 4774 2036 4774 2036 4775 2094 4775 2097 4775 2036 4776 2097 4776 2044 4776 2044 4777 2097 4777 2056 4777 2044 4778 2056 4778 2043 4778 2043 4779 2056 4779 2058 4779 2043 4780 2058 4780 2061 4780 2043 4781 2061 4781 2042 4781 2042 4782 2061 4782 2071 4782 2042 4783 2071 4783 2039 4783 2039 4784 2071 4784 2076 4784 2039 4785 2076 4785 2040 4785 2040 4786 2076 4786 2079 4786 2040 4787 2079 4787 2041 4787 2041 4788 2079 4788 2084 4788 2041 4789 2084 4789 2035 4789 2035 4790 2084 4790 2067 4790 2035 4791 2067 4791 2038 4791 2038 4792 2067 4792 2062 4792 2038 4793 2062 4793 2066 4793 2038 4794 2066 4794 2037 4794 2037 4795 2066 4795 2075 4795 2037 4796 2075 4796 2033 4796 2033 4797 2075 4797 2091 4797 2033 4798 2091 4798 2034 4798 2034 4799 2091 4799 2094 4799 2046 4800 117 4800 119 4800 2046 4801 119 4801 120 4801 2046 4802 120 4802 2055 4802 2055 4803 120 4803 104 4803 2055 4804 104 4804 105 4804 2055 4805 105 4805 2054 4805 2054 4806 105 4806 106 4806 2054 4807 106 4807 113 4807 2054 4808 113 4808 107 4808 2054 4809 107 4809 108 4809 2054 4810 108 4810 2052 4810 2052 4811 108 4811 114 4811 2052 4812 114 4812 109 4812 2052 4813 109 4813 110 4813 2052 4814 110 4814 111 4814 2052 4815 111 4815 2053 4815 2053 4816 111 4816 115 4816 2053 4817 115 4817 94 4817 2053 4818 94 4818 2047 4818 2047 4819 94 4819 93 4819 2047 4820 93 4820 95 4820 2047 4821 95 4821 96 4821 2047 4822 96 4822 2051 4822 2051 4823 96 4823 116 4823 2051 4824 116 4824 99 4824 2051 4825 99 4825 2050 4825 2050 4826 99 4826 98 4826 2050 4827 98 4827 97 4827 2050 4828 97 4828 100 4828 2050 4829 100 4829 103 4829 2050 4830 103 4830 2049 4830 2049 4831 103 4831 102 4831 2049 4832 102 4832 101 4832 2049 4833 101 4833 87 4833 2049 4834 87 4834 2521 4834 2049 4835 2521 4835 2048 4835 2048 4836 2521 4836 85 4836 2048 4837 85 4837 88 4837 2048 4838 88 4838 89 4838 2048 4839 89 4839 2045 4839 2045 4840 89 4840 91 4840 2045 4841 91 4841 90 4841 2045 4842 90 4842 92 4842 2045 4843 92 4843 112 4843 2045 4844 112 4844 2046 4844 2046 4845 112 4845 118 4845 2046 4846 118 4846 117 4846 2264 4847 2083 4847 2539 4847 2539 4848 2083 4848 2080 4848 2263 4849 2083 4849 2264 4849 2083 4850 2263 4850 2262 4850 2083 4851 2262 4851 2085 4851 2262 4852 2260 4852 2085 4852 2260 4853 2255 4853 2085 4853 2085 4854 2255 4854 2090 4854 2090 4855 2255 4855 2254 4855 2090 4856 2254 4856 2252 4856 2090 4857 2252 4857 2251 4857 2090 4858 2251 4858 2068 4858 2282 4859 2068 4859 2283 4859 2283 4860 2068 4860 2251 4860 2278 4861 2069 4861 2282 4861 2282 4862 2069 4862 2068 4862 2278 4863 2275 4863 2069 4863 2069 4864 2275 4864 2063 4864 2063 4865 2275 4865 2274 4865 2274 4866 2273 4866 2063 4866 2063 4867 2273 4867 2065 4867 2065 4868 2273 4868 2272 4868 2272 4869 2171 4869 2065 4869 2065 4870 2171 4870 2163 4870 2065 4871 2163 4871 2074 4871 2074 4872 2163 4872 2170 4872 2074 4873 2170 4873 2172 4873 2172 4874 2173 4874 2074 4874 2074 4875 2173 4875 2182 4875 2074 4876 2182 4876 2088 4876 2088 4877 2182 4877 2180 4877 2180 4878 2136 4878 2088 4878 2088 4879 2136 4879 2089 4879 2136 4880 2135 4880 2089 4880 2089 4881 2135 4881 2099 4881 2099 4882 2135 4882 2137 4882 2099 4883 2137 4883 2139 4883 2099 4884 2139 4884 2100 4884 2100 4885 2139 4885 2146 4885 2100 4886 2146 4886 2145 4886 2100 4887 2145 4887 2092 4887 2145 4888 2151 4888 2092 4888 2153 4889 2093 4889 2092 4889 2153 4890 2092 4890 2151 4890 2093 4891 2153 4891 2515 4891 2093 4892 2515 4892 2095 4892 2318 4893 2096 4893 2095 4893 2380 4894 2098 4894 2096 4894 2382 4895 2098 4895 2380 4895 2098 4896 2382 4896 2389 4896 2098 4897 2389 4897 2101 4897 2101 4898 2389 4898 2400 4898 2398 4899 2102 4899 2400 4899 2400 4900 2102 4900 2101 4900 2392 4901 2102 4901 2398 4901 2102 4902 2392 4902 2390 4902 2102 4903 2390 4903 2072 4903 2072 4904 2390 4904 2397 4904 2397 4905 2395 4905 2072 4905 2072 4906 2395 4906 2073 4906 2073 4907 2395 4907 2394 4907 2073 4908 2394 4908 2057 4908 2057 4909 2394 4909 2321 4909 2321 4910 2320 4910 2057 4910 2057 4911 2320 4911 2060 4911 2320 4912 2324 4912 2060 4912 2060 4913 2324 4913 2439 4913 2439 4914 2444 4914 2060 4914 2060 4915 2444 4915 2070 4915 2070 4916 2444 4916 2441 4916 2070 4917 2441 4917 2449 4917 2070 4918 2449 4918 2081 4918 2449 4919 2495 4919 2081 4919 2081 4920 2495 4920 2082 4920 2082 4921 2495 4921 2498 4921 2082 4922 2498 4922 2086 4922 2086 4923 2498 4923 2500 4923 2086 4924 2500 4924 2087 4924 2087 4925 2500 4925 2503 4925 2087 4926 2503 4926 2077 4926 2077 4927 2503 4927 2492 4927 2492 4928 2493 4928 2077 4928 2417 4929 2078 4929 2077 4929 2417 4930 2077 4930 2493 4930 2117 4931 66 4931 2528 4931 2545 4932 2513 4932 2117 4932 2545 4933 2117 4933 2528 4933 2530 4934 2545 4934 2528 4934 2529 4935 2553 4935 2530 4935 2530 4936 2553 4936 2545 4936 2532 4937 2555 4937 2533 4937 2533 4938 2555 4938 2554 4938 2533 4939 2554 4939 2529 4939 2529 4940 2554 4940 2553 4940 2531 4941 2555 4941 2532 4941 2536 4942 2556 4942 2531 4942 2531 4943 2556 4943 2555 4943 2535 4944 2556 4944 2536 4944 2557 4945 2535 4945 2558 4945 2558 4946 2535 4946 2534 4946 2535 4947 2557 4947 2556 4947 2519 4948 2559 4948 2534 4948 2534 4949 2559 4949 2558 4949 2520 4950 2546 4950 2519 4950 2519 4951 2546 4951 2559 4951 2546 4952 2520 4952 2522 4952 2546 4953 2522 4953 2547 4953 2548 4954 2547 4954 2522 4954 2548 4955 2522 4955 2523 4955 2523 4956 2549 4956 2548 4956 2549 4957 2523 4957 2524 4957 2524 4958 2550 4958 2549 4958 2550 4959 2524 4959 2525 4959 2550 4960 2525 4960 2551 4960 2525 4961 2552 4961 2551 4961 2526 4962 2544 4962 2552 4962 2526 4963 2552 4963 2525 4963 2543 4964 2544 4964 2527 4964 2527 4965 2544 4965 2526 4965 2527 4966 47 4966 2229 4966 2527 4967 2229 4967 2543 4967 2543 4968 2229 4968 2537 4968</p>
        </triangles>
      </mesh>
    </geometry>
  </library_geometries>
  <library_visual_scenes>
    <visual_scene id="DefaultScene">
      <node id="node_2a1f3824_86cb_4113_9cfd_b7989dabef61" type="NODE">
        <matrix>1 0 0 0 0 1 0 0 0 0 1 0 0 0 0 1</matrix>
        <node id="node_e4a17050_43ef_4c1f_aa19_f62c34f0dde6" type="NODE">
          <matrix>1 0 0 0 0 1 0 0 0 0 1 0 0 0 0 1</matrix>
          <node id="node_e4a17050_43ef_4c1f_aa19_f62c34f0dde6_mesh0" type="NODE">
            <matrix>1 0 0 0 0 1 0 0 0 0 1 0 0 0 0 1</matrix>
            <instance_geometry url="#geometry_5f94c789_f3b3_40dc_bdb1_a9a2b8cafccd">
              <bind_material>
                <technique_common>
                  <instance_material symbol="mat_0" target="#mat_0"/>
                </technique_common>
              </bind_material>
            </instance_geometry>
          </node>
        </node>
      </node>
    </visual_scene>
  </library_visual_scenes>
  <scene>
    <instance_visual_scene url="#DefaultScene"/>
  </scene>
</COLLADA>
