<?xml version="1.0" encoding="UTF-8"?>
<COLLADA xmlns="http://www.collada.org/2005/11/COLLADASchema" version="1.4.1">
<!--
# File generated by ImageToStl.com - Free Image and 3D model conversion tools
-->
  <asset>
    <contributor>
      <author>ImageToStl.com</author>
      <authoring_tool>ImageToStl.com</authoring_tool>
    </contributor>
    <created>2026-10-01T05:18:29</created>
    <modified>2026-10-01T05:18:29</modified>
    <up_axis>Z_UP</up_axis>
  </asset>
  <library_effects>
    <effect id="effect_0">
        <profile_COMMON>
          <technique sid="common">
            <phong>
              <diffuse>
                <color>0.9 0.9 0.9 1</color>
              </diffuse>
              <specular>
                <color>0.05 0.05 0.05 1</color>
              </specular>
              <shininess>
                <float>64</float>
              </shininess>
            </phong>
          </technique>
        </profile_COMMON>
    </effect>
  </library_effects>
  <library_materials>
    <material id="mat_0">
      <instance_effect url="#effect_0"/>
    </material>
  </library_materials>
  <library_geometries>
    <geometry id="geometry_fd6af94f_cc11_4ab6_becb_97b30d4f3f8e">
      <mesh>
        <source id="pos_0">
          <float_array id="pos_0-array" count="10143">0.0371473 0.19735116 0.06081226 0.0344652 0.19839963 0.05943978 0.03585136 0.19627497 0.05877745 0.03693221 0.19593164 0.05945643 0.03596721 0.1994727 0.06176876 0.03475845 0.20014569 0.06144059 0.03426741 0.19970383 0.06056465 0.03725066 0.21230774 0.13168688 0.03645057 0.21228452 0.1330155 0.0349317 0.21337126 0.13302326 0.03619092 0.21349701 0.13024758 0.03423963 0.21405527 0.13188931 0.0346017 0.2141116 0.13067439 -0.03424201 0.19944215 0.06042349 -0.03472431 0.20002048 0.06142439 -0.03583954 0.19942158 0.06176592 -0.03447042 0.19827341 0.05948259 -0.0368412 0.19797352 0.06125649 -0.03557152 0.19638622 0.05877726 -0.03718455 0.19641727 0.06022479 -0.03676293 0.19566098 0.05925115 -0.03603451 0.21358249 0.13023591 -0.03470775 0.21408513 0.13059595 -0.03422215 0.21410702 0.13170803 -0.03478068 0.21352068 0.13290541 -0.03705665 0.21271749 0.13109452 -0.0360319 0.21257401 0.13315026 -0.03704891 0.21214846 0.13241121 0.03514712 0.1902 0.06168158 0.03382429 0.19022289 0.06249826 0.03431752 0.19020002 0.06080366 0.03286174 0.19022688 0.06092634 0.03433883 0.1902 0.05976141 0.03301708 0.19024371 0.0591347 0.03359168 0.19022778 0.05828555 0.03500954 0.19020002 0.05897492 0.03537697 0.19023478 0.05738354 0.03616066 0.1902 0.05888411 0.03623789 0.19022292 0.05743742 0.0371488 0.19020002 0.05978063 0.03777361 0.19024305 0.05822585 0.03840466 0.19022784 0.05917118 0.03851292 0.19022804 0.06111325 0.03669382 0.1902 0.0614696 0.03731235 0.1902395 0.06273716 0.03555787 0.19022295 0.06320013 0.03428209 0.20120001 0.13133042 0.03281079 0.20123371 0.1313429 0.03307623 0.20123507 0.13043435 0.03496286 0.20120001 0.13041429 0.03429458 0.20122159 0.12917811 0.03600649 0.20120001 0.1302723 0.03608781 0.20122796 0.12881425 0.03688104 0.20120002 0.13079114 0.03808475 0.20122653 0.13002318 0.03717193 0.20120001 0.13199517 0.03861416 0.20125574 0.13119033 0.03849239 0.20122631 0.1325781 0.03645081 0.20120001 0.13300309 0.03729277 0.20122394 0.13415784 0.03518792 0.20120001 0.1331111 0.03523454 0.20124406 0.13461134 0.03406045 0.20124401 0.13412172 0.03436873 0.20120001 0.13232647 0.03295298 0.20122498 0.13270205 -0.03455492 0.1902 0.06132471 -0.03340872 0.19021776 0.06208006 -0.03521426 0.19024098 0.06318779 -0.03617729 0.1902 0.06172882 -0.03672285 0.19024965 0.06305385 -0.03776336 0.19023833 0.06236405 -0.0371009 0.19020002 0.06080149 -0.03836337 0.19022873 0.06149521 -0.03865276 0.19025081 0.06028036 -0.03688667 0.19020003 0.05931316 -0.03825192 0.19024351 0.05881548 -0.03717691 0.19025128 0.0577391 -0.0357487 0.19023609 0.05735486 -0.03553447 0.1902 0.05881735 -0.03448939 0.19022633 0.05764482 -0.03438235 0.1902 0.05953975 -0.03347699 0.19025055 0.05837045 -0.03289678 0.19024479 0.05948961 -0.03280295 0.1902521 0.06077373 -0.03715168 0.20120001 0.13202673 -0.03859674 0.20121935 0.13123278 -0.03692554 0.20120001 0.13082618 -0.03746391 0.20122871 0.12937804 -0.03585905 0.20120001 0.13023923 -0.03574345 0.20124352 0.1287691 -0.03486845 0.20120001 0.13049245 -0.03449656 0.20124505 0.12904814 -0.03356463 0.20122753 0.12972865 -0.03423599 0.20120001 0.13145871 -0.03280234 0.20124328 0.13135365 -0.03283751 0.20123297 0.1321384 -0.03475143 0.20120001 0.13291734 -0.0330757 0.20123613 0.13296826 -0.03382743 0.20124967 0.13397156 -0.03522597 0.20124471 0.134611 -0.03641435 0.20120001 0.13304475 -0.03645884 0.20124316 0.13453147 -0.03735159 0.20124668 0.13413146 -0.038146 0.20123363 0.1333175 0.03891808 0.19448161 0.06022827 0.03869904 0.19438049 0.06021418 0.03882198 0.19437844 0.06002344 0.03865793 0.19427995 0.0599192 0.03600538 0.19387919 0.05732191 0.03574418 0.19388092 0.05732355 0.03578416 0.19400665 0.05714953 0.03597737 0.19395798 0.05716839 0.03624969 0.21115047 0.13462971 0.03672115 0.21106961 0.13452518 0.03638401 0.21121866 0.134775 0.03886396 0.2104983 0.13222334 0.03873646 0.21049733 0.13244589 0.03873244 0.21048513 0.1321435 0.03862785 0.21035457 0.13224359 0.03849386 0.21057297 0.13281058 -0.03613989 0.2112658 0.13464788 -0.03520015 0.21216135 0.13462374 -0.03536732 0.21216919 0.13482609 -0.03875324 0.21153824 0.13076112 -0.03777818 0.21256453 0.12958033 -0.03831303 0.21182233 0.13029444 -0.03862735 0.21115775 0.13112259 -0.03879866 0.21055621 0.13218257 -0.03639147 0.21126789 0.13477977 -0.03632341 0.21127321 0.13470796 -0.03425021 0.21312371 0.13430327 -0.03339444 0.21398906 0.1335952 -0.03401934 0.21341909 0.13438737 -0.03362525 0.21439412 0.12960312 -0.03453763 0.21427257 0.12880316 -0.03315934 0.2145377 0.13015476 -0.03284596 0.21447505 0.13259055 -0.03273936 0.21453801 0.13186826 -0.03277308 0.21462944 0.13114282 -0.03706279 0.21312808 0.12907279 -0.03717493 0.21332432 0.1288482 -0.03528129 0.21393824 0.12876935 -0.03425946 0.21422751 0.12911364 -0.03886596 0.21051043 0.13235041 -0.03865999 0.21045646 0.132182 -0.03621932 0.21357258 0.12879027 -0.03845277 0.19735241 0.06215364 -0.03757839 0.19851324 0.06261888 -0.03652086 0.2001069 0.06315359 -0.03484575 0.19511549 0.05725203 -0.03444226 0.19566643 0.05758991 -0.03561706 0.1937435 0.05732686 -0.0357749 0.1937263 0.05726901 -0.03305026 0.19845122 0.05847637 -0.03360273 0.19738641 0.05819828 -0.0386917 0.19416735 0.06025092 -0.03861899 0.19541691 0.06100627 -0.03884671 0.19422507 0.0601754 -0.03826617 0.19686253 0.06181191 -0.03304 0.19879602 0.05898249 -0.03460507 0.20148346 0.06304345 -0.03366797 0.2016743 0.0624603 -0.03552586 0.20100841 0.06326473 -0.0357733 0.19378343 0.05710066 -0.03272065 0.20036973 0.06021973 0.03868227 0.21085744 0.13146111 0.03635106 0.2136554 0.12873581 0.03624248 0.21355394 0.12879334 0.03527038 0.21395479 0.12876743 0.035591 0.21181783 0.13469107 0.03455674 0.21289141 0.13465412 0.03352912 0.21387245 0.13374475 0.03419011 0.21315381 0.13426435 0.03481301 0.21252184 0.13453138 0.03806711 0.21256362 0.12954523 0.0374529 0.2128875 0.12929454 0.03882527 0.2112667 0.131061 0.03845773 0.21151128 0.13060719 0.03816486 0.21209702 0.13002329 0.03357062 0.21451925 0.12917392 0.03428292 0.21422142 0.12910143 0.03361436 0.21443447 0.12958984 0.03279842 0.21451008 0.13240612 0.03309827 0.21418934 0.13312514 0.03423164 0.19629112 0.05770041 0.03343395 0.19789428 0.05837907 0.03306625 0.19874549 0.05865428 0.03288414 0.19947255 0.05937276 0.0369973 0.19959223 0.06297807 0.03805354 0.19755729 0.06212835 0.03757565 0.19897941 0.06275521 0.0385977 0.19554648 0.06100614 0.03846208 0.19692469 0.06172005 0.03519943 0.19461747 0.05736496 0.03474954 0.19547524 0.05729555 0.03274069 0.20093027 0.0606982 0.03590648 0.20083265 0.06325798 -0.03618063 0.19364837 0.05736243 -0.03602998 0.19374122 0.05724344 -0.03866759 0.19410951 0.05985443 -0.03857132 0.21052708 0.13260409 -0.03687668 0.21110989 0.13446696 0.04087168 0.19473089 0.06234522 0.04281069 0.20909087 0.1276156 0.03700633 0.19420943 0.05759905 0.03841658 0.19442338 0.05902207 0.03346934 0.19364391 0.05498216 0.03472892 0.21165381 0.13640796 -0.03345623 0.19343296 0.05497864 -0.03030912 0.20321427 0.06179027 -0.03295834 0.20129119 0.06143423 -0.03889433 0.20183694 0.06745124 -0.04182969 0.19469267 0.06347309 -0.05051731 0.19761847 0.07994949 -0.04811466 0.20171838 0.08100061 -0.04983009 0.2019124 0.0855061 -0.05193141 0.19871062 0.08537318 -0.05074738 0.20287892 0.09082449 -0.05273347 0.19975293 0.09033012 -0.05117213 0.20376892 0.09593017 -0.05307643 0.20121218 0.09689634 -0.05102403 0.20476827 0.10079481 -0.05261865 0.20265159 0.10303015 -0.05041791 0.20580804 0.10592882 -0.05147396 0.20416918 0.10921206 -0.0494111 0.20674622 0.11092247 -0.04946359 0.20578007 0.11545748 -0.04221508 0.20935281 0.12841971 -0.03483569 0.21422641 0.12771767 -0.03321413 0.21459559 0.12955877 -0.03124557 0.21500099 0.13155718 -0.0279091 0.2155028 0.13669732 -0.03012161 0.2143525 0.13758482 -0.03324096 0.21209219 0.13770479 0.00133357 0.2157367 0.14942162 -0.00381755 0.2157035 0.14930439 -0.00103915 0.21700549 0.14780608 -0.00384772 0.21752128 0.1462965 0.00229687 0.21768133 0.14574735 -0.00856267 0.21755068 0.14322035 -0.00397599 0.21769822 0.14386338 -0.01051629 0.21746272 0.14425339 -0.01275858 0.21731803 0.14220174 -0.01689978 0.21698816 0.14077476 -0.0217103 0.21643266 0.14057344 -0.0209007 0.2165729 0.13893618 -0.02452002 0.21610889 0.13684089 -0.02802386 0.21558067 0.13435254 -0.03696137 0.21368597 0.12498565 -0.03964421 0.21288711 0.12077119 -0.04074414 0.21246272 0.12148945 -0.04363015 0.21130371 0.11645133 -0.0419086 0.21203928 0.11606739 -0.04366557 0.21117707 0.11109149 -0.04566949 0.21015117 0.11008043 -0.04483521 0.2102745 0.10574615 -0.04471182 0.20808378 0.09086864 -0.04525589 0.20865849 0.09511396 -0.04695987 0.20857172 0.10022064 -0.0453817 0.20928615 0.09933673 -0.02895263 0.20493944 0.06369656 -0.03263591 0.20526151 0.06707312 -0.02550144 0.20469277 0.06109874 -0.02469063 0.20269354 0.05760979 -0.021761 0.20448993 0.05881426 -0.01794871 0.20236205 0.05412269 -0.01774156 0.20433244 0.05687191 -0.01404181 0.20422916 0.05548783 -0.00834102 0.20237535 0.05163774 -0.00952446 0.20411475 0.05426425 -0.00436249 0.20405196 0.05344513 -0.00078593 0.20242633 0.0511012 0.00197544 0.20405847 0.05330753 6.69E-06 0.20400606 0.05323344 -0.00069369 0.20401415 0.05324933 -0.01764412 0.19484805 0.04751981 -0.02211529 0.19253403 0.04789763 -0.01807591 0.19234703 0.04626095 -0.01231962 0.19216409 0.04450789 -0.02288555 0.19637188 0.05060475 -0.02848561 0.19295233 0.05136054 -0.02990169 0.19535753 0.05376765 -0.01209326 0.21691725 0.14565837 -0.00677648 0.21658169 0.14779752 -0.01357988 0.2151863 0.14766917 -0.02814173 0.21319556 0.14131507 -0.02279786 0.21548419 0.142353 -0.02413276 0.21390076 0.14359595 -0.0211932 0.21434268 0.14499049 -0.040659 0.21200557 0.12539445 -0.04555782 0.20968133 0.11838734 -0.0476983 0.2086229 0.10977093 -0.04886989 0.20699421 0.09971634 -0.04420555 0.20971125 0.12303592 -0.04844488 0.20521349 0.09004653 -0.04623874 0.20488317 0.08373 -0.04685696 0.20689219 0.09130109 -0.0441373 0.19993737 0.0715638 -0.04376995 0.203252 0.07587941 -0.04647958 0.20065391 0.07619879 -0.00173418 0.20005319 0.04857598 -0.00985914 0.19948496 0.04895351 -0.01854499 0.19972807 0.05154699 -0.02968558 0.19987118 0.0573682 -0.0370026 0.20435545 0.06935055 -0.04234432 0.20520851 0.07760829 -0.02583827 0.19870833 0.05399684 0.00079935 0.19622564 0.04550574 -0.00504938 0.19607615 0.04561999 -0.01170596 0.19636902 0.04688768 -0.04741827 0.20701507 0.12005788 -0.04501856 0.20819606 0.12435044 -0.04162926 0.19854645 0.06676312 -0.04548877 0.19558789 0.06886432 -0.0483436 0.19654059 0.0742662 3.321E-05 0.19204918 0.04305089 -0.00622666 0.19207522 0.04344502 -0.04528818 0.20964253 0.10171185 -0.03618462 0.2056828 0.071235 -0.03868231 0.20607832 0.07489218 -0.04075768 0.20652761 0.07868201 -0.04245789 0.20699741 0.08261278 -0.04369776 0.20749091 0.08638149 -2.12E-06 0.21771507 0.14410245 -0.00898138 0.2155019 0.14866924 -0.01765581 0.2162654 0.14435543 -0.0170266 0.21484748 0.1466153 0.01709475 0.21694134 0.14217708 0.01845714 0.2168439 0.14011429 0.02235839 0.2164014 0.13814111 0.03935404 0.20122798 0.06699497 0.00562975 0.2173326 0.14657615 0.00335684 0.21679088 0.1479497 0.01812619 0.21556504 0.14513546 0.01899181 0.21459535 0.14589356 0.01276629 0.21523644 0.14789362 0.01265342 0.21673581 0.14585496 0.00878772 0.2165799 0.1473338 0.00643381 0.2156107 0.14904191 0.02887849 0.215436 0.13365307 0.03277798 0.21461813 0.13105612 0.0314524 0.21496297 0.13136262 0.0331294 0.21454431 0.13021183 0.03593132 0.21395838 0.12638032 0.04053876 0.21137117 0.12765312 0.0490559 0.20706165 0.11190528 0.05015751 0.20527667 0.11355779 0.04797085 0.20669691 0.11894986 0.05174795 0.20386027 0.10787422 0.05017618 0.20611885 0.1069586 0.05260469 0.2026976 0.10305502 0.05072182 0.20530768 0.10174141 0.05298958 0.20173976 0.09889555 0.05179916 0.20277862 0.09484 0.0529364 0.20038036 0.09279101 0.05236552 0.19930997 0.08771452 0.04911816 0.20007706 0.08021213 0.05132972 0.19831738 0.08278207 0.04996245 0.20230679 0.08651233 0.04937461 0.19716042 0.07670653 0.04646179 0.20010442 0.0751287 0.04661264 0.19612278 0.07085329 0.04405013 0.1993804 0.07052065 0.04393064 0.19538249 0.06643503 0.04167875 0.19725466 0.06537008 0.03334695 0.20172432 0.06212254 0.02858515 0.20132004 0.058089 0.02945087 0.19534682 0.05335004 0.02848484 0.1931477 0.05135519 0.02251986 0.19479023 0.04930969 0.02290841 0.19274844 0.04828476 0.01833144 0.19250259 0.04634703 0.01646521 0.19548462 0.04749734 0.01365966 0.19231403 0.0448641 0.00985793 0.20322458 0.05298744 0.00569015 0.20407654 0.05360816 0.00999175 0.20414525 0.05436701 0.01434427 0.20424591 0.05557775 0.01959711 0.20315671 0.05574604 0.01947741 0.2044338 0.05762323 0.02539035 0.2047179 0.06098915 0.02680377 0.20341514 0.05971447 0.02978257 0.20505859 0.06439446 0.03152153 0.20379268 0.06350365 0.03297605 0.20537028 0.06746817 0.03658912 0.20433618 0.06876491 0.03652369 0.20578049 0.07164896 0.04662322 0.20754318 0.09321459 0.04527345 0.20874679 0.09545564 0.04476694 0.20814504 0.09116382 0.04688204 0.20878558 0.10131902 0.04526037 0.20971552 0.10205253 0.04536824 0.20924294 0.09880249 0.04544716 0.21031669 0.1110219 0.04372228 0.21112807 0.11082479 0.04471764 0.21040647 0.10642911 0.04290038 0.21163444 0.11764187 0.04058405 0.21255945 0.11896058 0.04224673 0.21188945 0.11524044 0.03982105 0.21268256 0.12443562 0.03851343 0.21324347 0.12266231 0.02579599 0.21593171 0.13599581 0.02464894 0.21603987 0.13834323 0.01429953 0.21720451 0.14172061 0.00973202 0.21746841 0.14449005 0.01019663 0.21747227 0.14287564 0.00558972 0.2176681 0.14368916 0.00213555 0.21774302 0.1439607 0.01556331 0.19896978 0.04987731 0.02119022 0.2006385 0.05347362 0.01508038 0.20164219 0.0523611 0.00801605 0.198771 0.0479629 0.00775889 0.20147529 0.05050285 0.02858037 0.19833724 0.05514199 0.02182329 0.19780669 0.05116925 0.00824193 0.1956594 0.04568023 0.00743794 0.19215012 0.04357463 0.04669043 0.20311026 0.08044749 0.04960487 0.20538585 0.09470098 0.04861756 0.20738982 0.10060339 0.04804471 0.2048471 0.08758432 0.04398255 0.20342414 0.0764172 0.04144016 0.20265514 0.07153323 0.04744669 0.20874922 0.11272113 0.04510472 0.20983559 0.1193842 0.04293539 0.21065441 0.1237266 0.03474652 0.20159259 0.06313083 0.04557163 0.20628043 0.08588473 0.04197211 0.20521627 0.0769214 0.02957404 0.2149962 0.13637647 0.03133782 0.21354486 0.13757974 0.02061342 0.21622819 0.14235625 0.02541119 0.21503326 0.14098838 0.03112984 0.21253867 0.13930285 0.02318113 0.21401118 0.14406025 0.02603044 0.2135455 0.1425544 0.04526241 0.20804429 0.12391871 0.04381789 0.2075725 0.08681596 0.04210268 0.2069248 0.08163804 0.03969993 0.2063387 0.0766388 -0.03694217 0.19398296 0.05758268 -0.03803377 0.21095796 0.13358037 -0.0013852 0.21718305 0.15074646 0.002728 0.21715511 0.15067907 0.00681746 0.21703824 0.15033722 0.0121399 0.2167286 0.14939873 0.01733978 0.21625175 0.14794165 0.0211776 0.21578415 0.14647891 0.02483878 0.21524723 0.14479771 0.02833398 0.21463053 0.14283307 0.03167114 0.2139463 0.14065811 0.03587445 0.21293685 0.13735235 0.03751507 0.21105242 0.1340729 0.03874674 0.21212044 0.13464546 0.03816073 0.21082942 0.13338682 0.04151236 0.21125801 0.13167998 0.0475802 0.20883489 0.12304993 0.04475352 0.21006982 0.12751274 0.0533014 0.20503305 0.10836085 0.05186959 0.20629697 0.11343206 0.04995969 0.20756412 0.11833391 0.05452312 0.20317504 0.1005046 0.05404081 0.20409347 0.10444254 0.05436371 0.20086081 0.08994126 0.05469899 0.20199254 0.09522829 0.05375512 0.20004953 0.0859809 0.05289475 0.19927666 0.08208846 0.05171607 0.19855815 0.07825163 0.05034891 0.1978986 0.07463575 0.04798242 0.19704545 0.06975803 0.04514596 0.19628313 0.06513841 0.0418734 0.19561087 0.06083161 0.03885872 0.19512361 0.05754578 0.03788668 0.19441053 0.05827021 0.03613938 0.1947456 0.0549731 0.03186324 0.19428329 0.05157314 0.02843859 0.19398819 0.04932852 0.02489791 0.19373268 0.04733012 0.01994549 0.19346227 0.04509703 0.00948123 0.19309968 0.04215898 0.01480209 0.19325042 0.04337185 0.00411203 0.19299784 0.0414885 -0.00121754 0.19296277 0.04134018 6.54E-06 0.20404203 0.05326577 6.66E-06 0.2040133 0.05324288 6.65E-06 0.20401624 0.05324613 6.62E-06 0.20402178 0.05325156 6.41E-06 0.20407271 0.05327614 6.39E-06 0.20407708 0.05327675 6.34E-06 0.20408894 0.05327746 6.44E-06 0.20406511 0.05327458 6.47E-06 0.20405695 0.05327221 -1.99E-06 0.21781504 0.14400001 -2E-06 0.21780592 0.14400041 -2.12E-06 0.21771525 0.14409336 -2.12E-06 0.21771632 0.14408399 -2.11E-06 0.21771833 0.14407448 -2.11E-06 0.21772136 0.14406498 -2.1E-06 0.21772541 0.14405563 -2.1E-06 0.21773048 0.14404662 -2.09E-06 0.21773653 0.14403808 -2.08E-06 0.21774346 0.14403017 -2.07E-06 0.2177512 0.14402303 -2.06E-06 0.21775959 0.14401679 -2.05E-06 0.21776848 0.14401151 -2.04E-06 0.21777773 0.14400722 -2.02E-06 0.21778716 0.14400397 -2.01E-06 0.21779661 0.14400171 -0.04174209 0.19535951 0.06068401 -0.0389843 0.19490504 0.05769124 -0.03836294 0.1942028 0.05893043 -0.03607739 0.19451866 0.05491867 -0.0377169 0.19415703 0.0580993 -0.03185251 0.19406927 0.05156588 -0.02728458 0.19370066 0.04862608 -0.02245905 0.19341362 0.04615898 -0.01742467 0.19320077 0.04418509 -0.01223229 0.19306335 0.04271619 -0.00686203 0.19298521 0.04176378 -0.04502568 0.19603595 0.06497252 -0.04786982 0.19680895 0.06956372 -0.05022785 0.19766361 0.07436939 -0.05168618 0.19838384 0.07816578 -0.05287082 0.19911857 0.08199891 -0.05398046 0.20017543 0.08717056 -0.05458566 0.20129842 0.09243072 -0.0546787 0.20249005 0.09775285 -0.05425521 0.2037276 0.10304949 -0.05361581 0.2046916 0.10689858 -0.05266375 0.20564473 0.11085319 -0.05098724 0.20693791 0.11587118 -0.04936295 0.20793821 0.11959991 -0.04757973 0.20887464 0.12305278 -0.04479675 0.21009918 0.12745029 -0.04152628 0.21130757 0.13166432 -0.03788431 0.21243797 0.13551512 -0.02945741 0.21447156 0.14215365 -0.03382415 0.213507 0.1390487 -0.02488335 0.21528612 0.14477454 -0.02121295 0.21582483 0.14646339 -0.01739331 0.21628028 0.14792414 -0.0121605 0.21675178 0.14939502 -0.0067949 0.21705513 0.15033992 0.04183186 0.21406938 0.11622504 0.04015522 0.21475257 0.11983949 0.0428457 0.21367966 0.11364333 0.04521652 0.21076579 0.09476486 0.04541316 0.21137322 0.09875863 0.04476614 0.21031044 0.09098339 0.04363646 0.20964548 0.08616947 0.04402623 0.20982146 0.08712597 0.04231494 0.2092178 0.08214928 0.04134023 0.20889789 0.07991432 0.03948889 0.20851006 0.07596661 0.03877573 0.20834447 0.07502146 0.03426737 0.2077447 0.06864892 0.03563146 0.20787878 0.07053205 0.03274899 0.20754158 0.06722536 0.02955842 0.20725405 0.06420188 0.02890024 0.20725144 0.06346738 0.0247982 0.20698352 0.06054331 0.02600496 0.20700178 0.0614455 0.01942278 0.20671102 0.05747739 0.0130479 0.20650433 0.05501015 0.01523721 0.20651825 0.05586127 0.02032186 0.20669426 0.05806364 0.00985623 0.20637658 0.05433977 0.00555951 0.2063677 0.05343835 0.00551706 0.20631312 0.05359565 0.0010859 0.20627905 0.05326974 -0.00131755 0.20633177 0.05324125 0.04514154 0.2120745 0.10353739 0.04623769 0.21208328 0.1080715 0.04676675 0.21047775 0.09660984 0.04395527 0.21308139 0.11001299 0.00096275 0.21931832 0.14761961 0.00083851 0.21822695 0.14955083 0.0058535 0.21850179 0.14872119 0.02421831 0.19758567 0.04936397 0.03159718 0.19647609 0.05271323 0.05113671 0.2017913 0.08169976 0.05204158 0.2033428 0.0872663 0.04950264 0.20904911 0.11569227 0.05151762 0.20759253 0.10806654 0.05229735 0.2066205 0.10304682 0.05273125 0.20546837 0.09777793 0.05249665 0.20456119 0.09252495 0.0367677 0.21396521 0.13474742 0.03035489 0.21554047 0.13983193 0.01202516 0.21804205 0.14784598 -0.00450433 0.2196508 0.14572498 0.00321208 0.21967638 0.14574057 0.00191957 0.219689 0.14400588 0.00704491 0.21956462 0.1434809 0.01125735 0.21933895 0.14486487 0.0109434 0.21938586 0.14269319 0.01949992 0.2187212 0.1414046 0.01360546 0.21920528 0.14194144 0.01765315 0.2188729 0.14045863 0.02162469 0.21845925 0.13855711 0.04465392 0.2125832 0.1068228 0.00162899 0.20408854 0.0499068 0.00267257 0.2000818 0.04597966 0.00874153 0.20150015 0.04781238 0.00131028 0.19660525 0.04333287 -0.00250675 0.20005825 0.04597303 0.00909239 0.19758588 0.04471667 0.04875493 0.20229524 0.077474 0.04855765 0.2052855 0.08271645 0.01438866 0.19775121 0.04595272 0.01947832 0.19799054 0.04771931 0.03722132 0.19964936 0.05966656 0.04076478 0.20022649 0.06367882 0.04388814 0.20086274 0.06802072 0.04655505 0.20155352 0.07263123 0.0387293 0.20702116 0.0713821 0.0438981 0.20737922 0.07892923 0.04037719 0.20476447 0.06906306 0.03448417 0.20599259 0.06530186 0.03956388 0.21479295 0.12655461 0.04104237 0.21315719 0.1291061 0.04503725 0.21196859 0.12222391 0.04379134 0.21340439 0.11857854 0.04661291 0.21176761 0.11558568 0.04856443 0.21057259 0.10834959 0.05047162 0.20817561 0.09895583 0.04873684 0.20944029 0.09779322 0.04972089 0.20664412 0.08921586 0.04681258 0.20852505 0.0877386 0.04483197 0.2046769 0.07474959 0.03586274 0.20312987 0.06223862 0.02898441 0.20498395 0.0595707 0.02793032 0.20236084 0.05560391 0.02040832 0.20449287 0.05441387 0.01877047 0.20181513 0.0507111 0.01091728 0.20419116 0.05112802 0.0309718 0.19966659 0.05484022 0.01877367 0.21771483 0.1453273 0.02301224 0.21670301 0.14420855 0.02696329 0.21696289 0.14042421 0.03407093 0.21577384 0.13450119 0.03784636 0.21547569 0.12373621 0.02541175 0.21795613 0.13625748 0.02756692 0.21753488 0.13768555 0.02797016 0.21756727 0.13438609 0.03052969 0.21710768 0.13223052 0.03395179 0.21638466 0.13184367 0.03253625 0.21672726 0.13029662 0.03510283 0.21615022 0.12741908 0.01186397 0.21895793 0.14601718 0.02011427 0.21830095 0.14293981 -0.0449455 0.21230933 0.10514975 -0.04348102 0.2133709 0.11174822 -0.04425795 0.21283032 0.10864381 -0.0419473 0.2140478 0.11597554 -0.04015147 0.21475735 0.11984359 -0.03527306 0.21608716 0.12719399 -0.03787891 0.2154588 0.12367838 -0.03260965 0.2167156 0.13023649 -0.02916527 0.21733245 0.13340847 -0.02683512 0.21774831 0.13524581 -0.03264267 0.20749147 0.06710915 -0.03108196 0.20738079 0.06536902 -0.03523007 0.20782883 0.06982912 -0.04540461 0.21132955 0.09857294 -0.04530811 0.21165144 0.10116312 -0.01205441 0.20639403 0.05488954 -0.01078805 0.20643079 0.054483 -0.01619494 0.20656438 0.05621093 -0.0214661 0.20676394 0.05857395 -0.02029865 0.20665789 0.05805189 -0.02594446 0.20700631 0.06136684 -0.02943486 0.20719279 0.06410164 -0.03559625 0.20782505 0.07048947 -0.03935984 0.20844488 0.07574742 -0.0381437 0.20819633 0.07405525 -0.04032722 0.20860662 0.07783547 -0.04216629 0.20913234 0.08178011 -0.04196973 0.21270396 0.12826619 -0.04681097 0.2106211 0.12102178 -0.00547501 0.20228669 0.04820465 -0.0049934 0.20460245 0.05080859 -0.00413613 0.2196562 0.14386415 -0.00535669 0.21846014 0.148886 -0.01271622 0.21757382 0.14832215 -0.02199211 0.21731742 0.14408559 -0.05285387 0.20551741 0.0993531 -0.05104395 0.2079892 0.11027414 -0.049611 0.20895733 0.11521042 -0.05287251 0.20456322 0.09449097 -0.05324986 0.20253706 0.08987249 -0.05201304 0.20131013 0.08324423 -0.04917892 0.20167597 0.07746729 -0.04761073 0.19941974 0.07184577 -0.04365174 0.20007348 0.06695156 -0.04044497 0.19943663 0.06265792 -0.03713033 0.19809052 0.05834017 -0.03309124 0.19756687 0.05472501 -0.02832654 0.1968184 0.05109337 -0.02260011 0.19657271 0.04806715 -0.01757665 0.19628464 0.04597035 -0.00555174 0.20636763 0.05355744 -0.01319994 0.20528002 0.05315917 -0.03032499 0.20609243 0.06233485 -0.02225339 0.2055845 0.05685355 -0.04251656 0.20748194 0.07723393 -0.04652826 0.2117136 0.10574733 -0.04675075 0.21041684 0.09637635 -0.04523124 0.21077518 0.09463226 -0.04463404 0.21018893 0.09029699 -0.03327441 0.21653792 0.1325973 -0.02669951 0.21769512 0.13828729 -0.02386265 0.21817628 0.13726108 -0.02060892 0.21858762 0.14088523 -0.02054838 0.21857683 0.13911031 -0.0179313 0.21884029 0.14033648 -0.01447386 0.21914777 0.14165734 -0.01297188 0.21925974 0.14405504 -0.01056685 0.21941081 0.1428089 -0.01473145 0.2182368 0.14645927 -0.04220634 0.21378216 0.1233582 -0.04515904 0.21211484 0.12112983 -0.03723291 0.21510158 0.13101366 -0.03830099 0.21379609 0.13270144 -0.03370982 0.21488653 0.13723192 -0.03073407 0.2163856 0.13760486 -0.02614805 0.21631786 0.14251307 -0.04548602 0.21256261 0.11546895 -0.04813227 0.21073763 0.11277952 -0.01381857 0.20296296 0.0504324 -0.02321224 0.20335849 0.05433102 -0.03161641 0.2039606 0.06006882 -0.03793826 0.20586373 0.06843125 -0.04452725 0.20527442 0.07554708 -0.04592387 0.20869386 0.0866362 -0.04696786 0.20662503 0.08283816 -0.04928964 0.20717596 0.08988467 -0.0485693 0.20911366 0.09551381 -0.04897022 0.21009371 0.10505685 -0.03934419 0.20357379 0.06631752 -0.05121757 0.20760402 0.10010336 -0.01429683 0.20009157 0.04778692 -0.02401594 0.20057715 0.05182754 -0.03270584 0.20130944 0.05776771 -0.04528655 0.20247154 0.07215929 -0.04944877 0.20416605 0.08250065 -0.05071906 0.20493691 0.08755893 -0.00664252 0.19744605 0.04430981 -0.0120759 0.1966877 0.04475632 -0.00990642 0.21906473 0.14649844 -0.01826287 0.21848489 0.14379868 -0.03841546 0.2152281 0.1269532 -0.04321005 0.21372144 0.1174594 -0.04366509 0.20967291 0.08612862 0.03812354 0.19028209 0.0619709 0.03452235 0.19028687 0.06298445 0.03327091 0.19028731 0.06194263 0.03444464 0.19028249 0.05763675 0.03696672 0.19028318 0.05763201 0.03864002 0.1902826 0.06004976 0.03651037 0.19034585 0.06313822 0.03276296 0.19034386 0.06003664 0.03813187 0.20128506 0.13338244 0.0349663 0.20128201 0.12886387 0.03720629 0.20129697 0.12915385 0.03647071 0.20128983 0.13454983 0.0336184 0.20130014 0.12963232 0.03314961 0.20133106 0.13322309 -0.03402079 0.19030382 0.06270792 -0.03673834 0.2012758 0.12896939 -0.03815191 0.20130087 0.13006277 -0.0386235 0.20131198 0.13224865 -0.03303394 0.20133731 0.13045558 0.03406216 0.19620001 0.13166529 0.03659675 0.19620001 0.13026555 0.03478928 0.19620001 0.130316 0.03735563 0.19620001 0.13175251 0.03683192 0.19620001 0.13288945 0.03566527 0.19620001 0.13335562 0.03452833 0.19620001 0.13283192 0.03736703 0.18520002 0.06048196 0.03458587 0.18520002 0.05911055 0.03406216 0.18520002 0.06024749 0.03575251 0.18520002 0.05864437 0.03688944 0.18520002 0.05916807 0.03482104 0.18520002 0.06173446 0.0364945 0.18520002 0.06173902 -0.03426098 0.19620001 0.13092329 -0.03683192 0.19620001 0.13052833 -0.03735563 0.19620001 0.13166529 -0.035518 0.19620001 0.13005076 -0.03575252 0.19620001 0.13335562 -0.03426554 0.19620001 0.13259675 -0.03688945 0.19620001 0.13283193 -0.00699483 0.21004626 0.06286038 0.00243229 0.20997606 0.06221373 0.00102833 0.20831989 0.05695897 -0.02657036 0.20978101 0.06878757 -0.02917356 0.21076785 0.07468425 -0.0188207 0.21062949 0.06836743 -0.035389 0.21611507 0.12699674 -0.03288122 0.21665607 0.12987489 -0.03010368 0.21720508 0.13255885 -0.03802053 0.21541114 0.12337865 -0.03391869 0.21627854 0.1239015 -0.04111035 0.21442425 0.11776841 -0.04019835 0.21473978 0.11967994 -0.04279259 0.21371935 0.1137182 -0.04224209 0.21344426 0.10774115 -0.04492798 0.21232611 0.10506459 -0.04389396 0.21310879 0.11011727 -0.04282667 0.21117869 0.09129827 -0.04440439 0.21012472 0.08936428 -0.04509761 0.21069346 0.09370918 -0.04537302 0.21144477 0.09905393 -0.04304772 0.20945632 0.08421139 -0.03927812 0.21007466 0.08098617 -0.03867508 0.20841137 0.07489561 -0.04121667 0.20891234 0.07964974 -0.03478894 0.20946744 0.07389756 -0.0349915 0.2078613 0.06973106 -0.02649657 0.2089158 0.06575056 -0.03132766 0.20748644 0.0658352 -0.02853817 0.20723909 0.06336194 -0.02492757 0.20701055 0.06073226 -0.0162318 0.2083682 0.05963464 -0.02130773 0.2068392 0.05859864 -0.016539 0.20664613 0.05638193 -0.01168748 0.20649646 0.05479539 -0.00625149 0.20830983 0.05730006 -0.00747305 0.20644221 0.05389079 -0.00316705 0.20641458 0.05338619 0.00181869 0.20639901 0.05329392 -0.0397312 0.2127821 0.09761241 -0.03760726 0.21157247 0.08652422 0.03434692 0.20782091 0.06899046 0.03058206 0.20745921 0.06511047 0.03418889 0.20953733 0.07337621 0.00546467 0.20645413 0.05361375 0.00933649 0.20789163 0.0568256 0.00952371 0.20650461 0.05429132 0.01361835 0.20659037 0.05536888 0.01865162 0.20853375 0.06095104 0.01869159 0.20674637 0.05728011 0.02338208 0.20695354 0.05975213 0.0264099 0.20837905 0.06445253 0.02665936 0.20716581 0.06193569 0.03753495 0.20824599 0.07311895 0.04156081 0.20912756 0.08054384 0.04018268 0.20875286 0.07760327 0.04270581 0.20941126 0.08335765 0.04396273 0.20992729 0.08747336 0.04526883 0.21098936 0.09570882 0.04481664 0.210411 0.09156486 0.04076668 0.21436426 0.11467935 0.04331748 0.21345185 0.11209863 0.04222247 0.2129184 0.1024797 0.04222631 0.2139615 0.11519213 0.04056252 0.21461776 0.11897281 0.03361086 0.21643648 0.12651332 0.03613093 0.21591868 0.12603688 0.03806156 0.21540464 0.12331462 0.03117401 0.21700805 0.1315868 0.03418118 0.21636665 0.12846462 0.02802149 0.21756923 0.13428776 0.01022979 0.20954747 0.06147543 0.02464622 0.20986013 0.06791724 0.04162679 0.211197 0.08946411 0.0453531 0.21154675 0.09972684 0.04506046 0.21214914 0.10398442 0.04433108 0.21283491 0.10826144 0.03669533 0.21145169 0.08478726 0.02886315 0.21078449 0.07464558 0.0170216 0.21020631 0.06601937 -0.01633589 0.21900141 0.140928 -0.01321797 0.21923606 0.14201963 -0.00987886 0.21947098 0.14285927 -0.02127118 0.2185028 0.13867626 -0.01931303 0.21870804 0.13967863 -0.02721969 0.21769358 0.1348926 -0.01291646 0.21853642 0.12350956 -0.03061949 0.21562526 0.10961793 -0.02794916 0.21308479 0.08680326 -0.00559601 0.21276981 0.07506782 0.01252262 0.21250497 0.07499482 0.0254331 0.21347511 0.08710554 0.03235036 0.21487421 0.10441446 0.01773748 0.21818368 0.12336937 0.02391579 0.2181713 0.13718727 0.01963089 0.21868615 0.1395103 0.01374681 0.21922433 0.14181288 0.01648887 0.21897683 0.14088731 0.00843619 0.21951784 0.14318079 0.00289546 0.2191546 0.12840281 0.00429449 0.21964635 0.14377829 -0.00419847 0.2196455 0.14377984 0.00024267 0.21968822 0.14398849 -0.02446813 0.21809381 0.13682547 0.01761769 0.21720746 0.11056264 -0.00260685 0.21790288 0.11049453 -0.01778643 0.21713482 0.1105649 0.01761818 0.21588011 0.0983062 -0.00260654 0.2165729 0.09821579 -0.02284181 0.21539614 0.09836058 0.00751889 0.2147785 0.08643119 -0.01273584 0.21453848 0.08646689 -0.03436834 0.18520002 0.06128547 -0.03683191 0.18520002 0.05911054 -0.03735563 0.18520002 0.06024749 -0.03566528 0.18520002 0.05864437 -0.03421832 0.18520002 0.05948505 -0.03688945 0.18520002 0.06141413 -0.03575251 0.18520002 0.06193784 -0.00834884 0.21944687 0.14324246 0.01144605 0.21932854 0.14253563 0.03683192 0.19820002 0.13052833 0.03820688 0.19822258 0.13011396 0.03694979 0.19822972 0.12901314 0.035518 0.19820002 0.13005076 0.03484311 0.19822291 0.12888712 0.0340105 0.19824006 0.12927277 0.03426098 0.19820002 0.13092329 0.03688945 0.19820002 0.13283193 0.03761197 0.19824977 0.13402431 0.03826663 0.19822741 0.13318461 0.03735563 0.19820002 0.13166529 0.03865701 0.19824925 0.13221633 0.03426554 0.19820002 0.13259675 0.03400231 0.19822374 0.13413256 0.03575252 0.19820002 0.13335562 0.03522246 0.19825318 0.1346661 0.03647225 0.19824278 0.13457926 0.03324661 0.19823244 0.13005425 0.03276014 0.19824989 0.13119903 0.03284943 0.19823398 0.13249654 0.03452834 0.18720001 0.05916808 0.03365029 0.18723387 0.05815364 0.03290521 0.18725139 0.05923783 0.03406216 0.18720001 0.06033471 0.03275006 0.18722828 0.06047911 0.03458587 0.18720001 0.06147166 0.03371784 0.18722537 0.06246927 0.03683191 0.18720001 0.05911054 0.03856856 0.18722633 0.05951497 0.03740094 0.18723568 0.05785406 0.03566528 0.18720001 0.05864437 0.03550423 0.18722406 0.05733731 0.03688945 0.18720001 0.06141413 0.03806917 0.18722531 0.06209252 0.03846782 0.18723284 0.06135136 0.03735563 0.18720001 0.06024749 0.03867172 0.1872448 0.06054218 0.03446211 0.18724442 0.06298977 0.03575251 0.18720001 0.06193784 0.035537 0.18722773 0.06325237 -0.03688946 0.19820002 0.13058588 -0.03718464 0.19823121 0.12911296 -0.03817765 0.1982334 0.13006088 -0.03735563 0.19820002 0.13175251 -0.03866413 0.19825226 0.13121864 -0.03831854 0.19821948 0.13308018 -0.03683192 0.19820002 0.13288945 -0.03424985 0.19820002 0.13098358 -0.03342025 0.19824669 0.12978002 -0.03546125 0.19820002 0.13003252 -0.03449249 0.19821873 0.12900706 -0.03421832 0.19820002 0.13251495 -0.03381693 0.1982469 0.1340272 -0.03316427 0.1982273 0.13320678 -0.03276101 0.19824955 0.13222104 -0.0328386 0.19824386 0.13093795 -0.03702787 0.19823241 0.13436672 -0.03566527 0.19820002 0.13335562 -0.03518025 0.19822302 0.13463466 -0.03458587 0.18720001 0.05911054 -0.03312233 0.18721947 0.0588739 -0.03443047 0.18723318 0.05761303 -0.03575251 0.18720001 0.05864437 -0.03571557 0.1872423 0.05730286 -0.03750883 0.18722066 0.05795567 -0.03688944 0.18720001 0.05916807 -0.03856962 0.18723437 0.05950303 -0.03735563 0.18720001 0.06033471 -0.03866091 0.18724635 0.06077948 -0.03816169 0.18722841 0.06195758 -0.03683192 0.18720001 0.06147166 -0.03613377 0.18722512 0.06322821 -0.03566529 0.18720001 0.06193784 -0.03412197 0.18722552 0.06280002 -0.03452834 0.18720001 0.06141413 -0.03311013 0.18724379 0.06177222 -0.03406216 0.18720001 0.06024749 -0.03274946 0.18724304 0.06055071 0.0387411 0.19440237 0.06029248 0.03867831 0.19531789 0.06088091 0.03893009 0.19445303 0.06023777 0.03905112 0.19442952 0.06027088 0.03420968 0.19629376 0.05765325 0.03475229 0.19538085 0.05720163 0.03352126 0.19764997 0.05805005 0.03499591 0.20147419 0.06322918 0.03369621 0.20185393 0.06257371 0.03594905 0.20084344 0.06330591 0.03289802 0.20144884 0.06142087 0.03267435 0.20048976 0.06021195 0.03282754 0.19956881 0.05933339 0.03337906 0.19796443 0.05835811 0.03494665 0.1949535 0.05735838 0.03845515 0.1965265 0.0615673 0.03836046 0.19752242 0.06211079 0.03702651 0.199671 0.06303042 0.03795829 0.19794676 0.06231499 0.03573304 0.19399443 0.05711 0.03578891 0.19382966 0.05726408 0.00367394 0.21772093 0.14389369 0.00431433 0.20405953 0.0534338 0.02464288 0.21612017 0.1367469 0.02615962 0.21586172 0.13576268 0.02957549 0.21532038 0.13307294 0.00637556 0.21762876 0.1435907 0.00998235 0.217502 0.14290795 -3.26E-05 0.20402999 0.05325866 0.03363385 0.21374194 0.13413948 0.03352201 0.21377628 0.13379827 0.03271851 0.21454224 0.13251032 0.03520186 0.21224965 0.13485111 0.03436804 0.21294402 0.13440755 0.03887545 0.21046324 0.13222967 0.03888339 0.21134527 0.13085364 0.03874099 0.21086553 0.13142091 0.03282358 0.21461096 0.13072993 0.03342104 0.21442617 0.12973607 0.03340433 0.21454644 0.12939432 0.03439017 0.21420647 0.12897453 0.03660607 0.21339734 0.12883016 0.0376314 0.21271954 0.12936625 0.03791001 0.2127474 0.12931633 0.03561476 0.21383624 0.12868609 0.03589994 0.21388374 0.12852937 0.03841161 0.21169941 0.13035481 0.03870307 0.21037297 0.1322103 0.03623284 0.21111026 0.13467775 0.03532783 0.21195018 0.13470393 0.03631693 0.21123286 0.13479981 0.03276246 0.21444897 0.13235968 0.03271875 0.21455432 0.13129012 -0.002761 0.21771413 0.1439392 -0.01693449 0.21698692 0.14075999 -0.01352093 0.21728972 0.14196295 -0.02073605 0.21660368 0.13901034 -0.0301802 0.21519336 0.13255402 -0.02831668 0.21555266 0.13410166 -0.03323156 0.21458973 0.129583 -0.00337328 0.20404404 0.05337687 -0.0389074 0.21050452 0.1322432 -0.03882261 0.21051455 0.13215216 -0.03888088 0.21129143 0.13101283 -0.03793769 0.21244064 0.1296543 -0.03815008 0.21249007 0.12960921 -0.03839299 0.21182939 0.13030776 -0.03551878 0.21394445 0.12867105 -0.03687774 0.21346349 0.12873217 -0.03630627 0.21355528 0.12875494 -0.03371767 0.2144146 0.12941566 -0.034657 0.21414354 0.12886709 -0.03394549 0.21338359 0.13415407 -0.03432569 0.21312504 0.1346159 -0.03313449 0.21421646 0.13335505 -0.03267166 0.21459995 0.13198379 -0.03287808 0.21436243 0.13278107 -0.03311088 0.21447361 0.130187 -0.03276284 0.21462876 0.13099758 -0.03473878 0.21257256 0.13455409 -0.0387079 0.21043126 0.1321371 -0.03869246 0.21108441 0.13116288 -0.03706139 0.21312243 0.12902032 -0.03552057 0.21183567 0.13471794 -0.03624069 0.21123889 0.13469999 -0.03629895 0.21129961 0.13483642 -0.03487575 0.19499698 0.0571777 -0.03470836 0.19515796 0.05744418 -0.03418556 0.19615105 0.0576649 -0.03574605 0.19375432 0.05704689 -0.03575407 0.19369896 0.05722148 -0.03361307 0.19729906 0.05795859 -0.03862474 0.1953617 0.06108186 -0.03887156 0.19426164 0.06025432 -0.03876157 0.19598135 0.06135888 -0.0385345 0.19605395 0.06142371 -0.03547993 0.20107046 0.06330338 -0.03623969 0.20041543 0.06327204 -0.03718708 0.19933209 0.06294443 -0.03795486 0.1978119 0.06232371 -0.03871957 0.1941243 0.06031395 -0.03563974 0.19369872 0.0572653 -0.03327273 0.19797449 0.05849544 -0.03282834 0.1994096 0.05933036 0.0366768 0.21108434 0.13458344 0.03852243 0.2105943 0.1328471 0.03872719 0.19429585 0.06003498 0.03595207 0.19395041 0.05713909 0.05163048 0.20241135 0.09266414 0.05239614 0.19934186 0.08787763 0.04968596 0.20067564 0.08246313 -0.00202087 0.19204378 0.04308545 0.00043882 0.19671759 0.04586666 0.00752056 0.19475812 0.04497867 -0.00457292 0.21768595 0.14523347 -0.00137837 0.2157401 0.14941978 0.00395906 0.21672454 0.1480013 -0.00286008 0.21674167 0.14814001 -0.00205208 0.21752506 0.14653167 0.00528468 0.21762212 0.1455889 0.01316225 0.21733117 0.14204979 0.01378554 0.21721345 0.14340812 0.02545251 0.21595837 0.1380599 0.03588931 0.2139726 0.12643017 0.0389205 0.2131228 0.12201979 0.04106882 0.21229236 0.12213314 0.04002103 0.21276921 0.12000918 0.04440386 0.21093243 0.11395428 0.04290974 0.21158937 0.11347554 0.04151877 0.21222462 0.11694912 0.04452222 0.2105936 0.10756031 0.04793625 0.20760679 0.09808858 0.04524746 0.20973393 0.10211945 0.04526734 0.20873517 0.09535583 0.04621162 0.20708196 0.09006477 0.04473571 0.20813227 0.09101364 0.04377885 0.20755668 0.08667726 0.04332235 0.20602478 0.08104933 0.04206231 0.20691775 0.08156244 0.0400361 0.20527144 0.07453596 0.03905448 0.20618951 0.07546104 0.03529323 0.20566379 0.0701068 0.03304025 0.20535976 0.06752457 0.02964161 0.20391791 0.06228082 0.02888925 0.20496458 0.0636069 0.02441777 0.20469008 0.06039346 0.02213523 0.20312434 0.05679468 0.02054412 0.20447701 0.05817129 0.0166567 0.20432737 0.05642648 0.01317478 0.20279124 0.05313888 0.0112415 0.20417608 0.05464882 0.00642472 0.20196806 0.05089726 0.00224954 0.20270802 0.05147076 0.03335901 0.19363041 0.05489321 0.00457465 0.19210637 0.04328867 0.00972725 0.19220516 0.04399062 0.01651023 0.19241801 0.04567697 0.01899892 0.19526371 0.04817322 0.02273319 0.19273669 0.04819839 0.02850278 0.19608566 0.05326003 0.0282997 0.19313186 0.05123492 0.02705017 0.19887736 0.05463181 0.03860715 0.20294666 0.06854329 0.04053613 0.1992138 0.06596299 0.04249384 0.19504958 0.06439805 0.04585251 0.19903745 0.07276257 0.04532671 0.19573981 0.06860947 0.04863157 0.19681376 0.07486125 0.0511132 0.19815092 0.08191764 0.05303895 0.20069963 0.09428286 0.05288009 0.2020881 0.10044404 0.05152442 0.20436785 0.10308354 0.05207453 0.20351443 0.10647148 0.04907953 0.20713873 0.11140743 0.04886766 0.20615377 0.11693987 0.05076846 0.20479792 0.11165553 0.04073648 0.20984152 0.13025874 0.0426113 0.21087244 0.12415944 0.02968687 0.2149245 0.13645615 0.03411053 0.2118174 0.13693586 0.01698647 0.21482749 0.14663199 0.02121466 0.21432044 0.14493766 0.02024708 0.21539165 0.14424385 0.00714328 0.19837809 0.04755314 0.00051414 0.20021632 0.04872895 0.01108752 0.20021826 0.04987785 0.02689307 0.20178452 0.05761056 0.01795358 0.20059448 0.05213047 0.01630883 0.19824886 0.04945171 0.0443877 0.20408715 0.07828444 0.04751382 0.20533533 0.08763953 0.04650152 0.20943549 0.11396647 0.04776124 0.20853993 0.10602671 0.04537358 0.20929413 0.12053957 0.05026781 0.20580445 0.10134889 0.0499089 0.20414634 0.09128559 0.04761802 0.20261893 0.08140653 0.04343445 0.20126191 0.07210148 0.02907176 0.21418336 0.13898635 0.02395555 0.21389307 0.14368024 0.02802296 0.21317495 0.14137542 0.01087298 0.21614639 0.14740875 0.01488464 0.21671346 0.14481531 0.00867499 0.21706487 0.14642972 0.03146737 0.21245183 0.13903494 0.04668908 0.20736936 0.12147465 0.04366796 0.20873557 0.12639308 0.02287627 0.21592729 0.14119786 0.02057125 0.21661766 0.13910823 0.01722049 0.21697412 0.14063914 0.00368578 0.2156999 0.14930274 0.00843245 0.21551634 0.14877072 0.01354267 0.215161 0.14766595 -0.03846795 0.21067873 0.13294506 -0.03860987 0.21046188 0.13255268 -0.03669717 0.21113332 0.13458116 -0.04096162 0.19453534 0.06245481 -0.04073235 0.20988971 0.13028209 -0.04263441 0.2091998 0.12790295 -0.04820516 0.20758167 0.11477754 -0.0510348 0.20458314 0.11087688 -0.04848227 0.20640764 0.11780543 -0.04987257 0.20637964 0.10867932 -0.05250007 0.20287852 0.10395288 -0.05065113 0.20546691 0.10376377 -0.05104607 0.20442854 0.09844404 -0.05307397 0.20112938 0.09654105 -0.04973727 0.20268427 0.08684838 -0.05270199 0.19970369 0.09009861 -0.05081317 0.20366693 0.09367283 -0.0518824 0.198661 0.08513898 -0.04942089 0.20037109 0.08162311 -0.05031236 0.19749469 0.0792954 -0.04604457 0.19891375 0.0731064 -0.0483813 0.19656974 0.0743976 -0.04514434 0.19546872 0.06822747 -0.04127744 0.19768563 0.06548868 -0.03760573 0.20292045 0.06766082 -0.03434701 0.20166104 0.06301683 -0.03301614 0.20151111 0.06173609 -0.02954439 0.20338818 0.06145992 -0.03268538 0.20059806 0.06043922 -0.02705943 0.2015813 0.05758807 -0.02982685 0.1978941 0.05565407 -0.03283051 0.1933697 0.05450402 -0.00550191 0.19449265 0.04468983 -0.02880987 0.19298175 0.05158295 -0.02501074 0.19711134 0.05220162 -0.02435664 0.19266286 0.04900026 -0.01834496 0.19666901 0.04900232 -0.01739987 0.19231641 0.04598026 -0.0133003 0.19477817 0.04623447 -0.00972492 0.19211778 0.04395334 -0.00493703 0.2025902 0.05150715 -0.0075517 0.20408672 0.05389168 -0.01294845 0.20257056 0.05287061 -0.01170871 0.204151 0.05479253 -0.0168445 0.20429161 0.05648136 -0.02113639 0.20299606 0.0562414 -0.02154925 0.20447987 0.05870271 -0.02621349 0.2047306 0.06156554 -0.02934734 0.20498456 0.06404346 -0.03892014 0.20510404 0.07288251 -0.0356336 0.20560659 0.07049577 -0.03208483 0.20522189 0.06654605 -0.03869333 0.20609874 0.07492998 -0.04076676 0.20652834 0.07870327 -0.04242963 0.20699768 0.08253726 -0.04381396 0.20612161 0.0822565 -0.04401899 0.20764369 0.08755035 -0.04615069 0.20706823 0.09022858 -0.04516221 0.20849727 0.09388462 -0.04704787 0.20798817 0.09720972 -0.04695119 0.20901239 0.10465626 -0.04447762 0.21087955 0.1133875 -0.04398787 0.21096528 0.10978849 -0.04499615 0.21012449 0.10463672 -0.04236583 0.21184769 0.11497614 -0.03798917 0.21341917 0.12346965 -0.0401433 0.21272705 0.11979731 -0.04043265 0.21256155 0.12204862 -0.03543664 0.21408628 0.12699524 -0.02143425 0.21648133 0.14011821 -0.02453535 0.2161191 0.13682446 -0.00972255 0.21749495 0.14296654 -0.01366768 0.21722615 0.14335729 -0.00631507 0.21764427 0.14358804 -0.01889018 0.21463883 0.14594488 -0.01481162 0.21508104 0.14733163 -0.02318235 0.21498287 0.14290456 -0.03316692 0.2121108 0.13776681 -0.0107871 0.21703424 0.14591926 -0.01090334 0.21538611 0.14830954 -0.01889465 0.21638124 0.14323147 -0.00639553 0.21562317 0.14905101 -0.03062891 0.21395396 0.13774092 -0.02666282 0.21541153 0.13885026 -0.02800241 0.21322231 0.1414015 -0.02361117 0.21398538 0.14386034 -0.040521 0.21198192 0.12583245 -0.04725944 0.20893641 0.11159547 -0.04383393 0.21087462 0.11973198 -0.0487462 0.20737021 0.1020602 -0.04539754 0.20925137 0.12065693 -0.04072716 0.20065877 0.06803383 -0.04334834 0.20374393 0.07616052 -0.04581368 0.20183423 0.07681984 -0.04655685 0.2047962 0.08421217 -0.04839043 0.20597379 0.0925875 -0.00906035 0.20031503 0.04957148 -0.01813145 0.20047571 0.05215133 -0.00402875 0.19835886 0.04726479 -0.00976493 0.19823942 0.04789463 -0.04590332 0.20779531 0.12288517 -0.0359223 0.19372323 0.05717609 -0.03870072 0.19407925 0.05983673 -0.03883732 0.19416401 0.06005937 0.03852399 0.19443588 0.05915707 0.03699118 0.19421917 0.05753852 -0.03762882 0.19416209 0.05793894 -0.03831016 0.19417363 0.05877702 -0.0366542 0.19391 0.05741411 -0.00145007 0.21715097 0.15077996 0.02272632 0.21553844 0.14586979 0.01800836 0.21614932 0.14775878 0.00983469 0.21685223 0.14991166 0.00403487 0.21710289 0.15064621 0.03445341 0.21326394 0.13857067 0.02741258 0.21476959 0.14345397 0.03771748 0.21240491 0.13571265 0.03767846 0.21109076 0.1340235 0.04147345 0.21124278 0.13176295 0.04368115 0.21045864 0.1290608 0.04644509 0.20932843 0.12504874 0.04944091 0.20785809 0.11959741 0.0518898 0.206265 0.113461 0.05328602 0.20503725 0.10853226 0.05443591 0.20346375 0.10193416 0.05472118 0.20197596 0.0953246 0.05425683 0.20056158 0.08869425 0.05292999 0.19925158 0.08214094 0.05132708 0.19829169 0.07706188 0.04922364 0.19740772 0.07213125 0.04662615 0.19660461 0.06739429 0.04356094 0.1958864 0.06291902 0.03915785 0.19511199 0.0577785 0.03796129 0.1944432 0.05827316 0.03406301 0.19446698 0.05321109 0.02963847 0.19404352 0.05003792 0.02491518 0.19369453 0.04731799 0.01871454 0.19335634 0.04458676 0.01214245 0.1931206 0.04268005 0.00679848 0.19299692 0.04173225 0.00197248 0.19292548 0.04134118 -0.03803037 0.19473329 0.05669722 -0.01478008 0.21650685 0.14876685 -0.00948499 0.21689393 0.14996651 -0.04176077 0.19531856 0.06064444 -0.04578558 0.19617048 0.06602007 -0.04908842 0.19717386 0.07185522 -0.0512291 0.19807911 0.0767993 -0.05287008 0.19906825 0.0819173 -0.05399855 0.20013487 0.08715531 -0.0546087 0.20126979 0.09246586 -0.05469874 0.20246322 0.09779853 -0.05411237 0.20401186 0.10440168 -0.05236546 0.20591155 0.11205946 -0.05007997 0.20749958 0.11814197 -0.04771451 0.20878142 0.12287797 -0.04478303 0.2100767 0.12751237 -0.04069815 0.21156764 0.13268559 -0.03726494 0.21258737 0.13612808 -0.03774526 0.21110998 0.13396691 -0.03390609 0.21346362 0.13902789 -0.02958363 0.21441214 0.14211608 -0.02482075 0.21526234 0.14483872 -0.0195353 0.21600449 0.14719646 -0.00415948 0.21711819 0.15065762 -0.03400099 0.19424337 0.05316198 -0.02958412 0.1938338 0.0500038 -0.02488381 0.19350728 0.04730253 -0.01868834 0.1932046 0.0445786 -0.01216182 0.19301638 0.04268634 -0.0054575 0.19292349 0.04156083 0.03162704 0.21390589 0.14079095 0.01472452 0.21646634 0.1488158 0.0543142 0.19916296 0.11762012 0.05381618 0.19576283 0.12065451 0.05653895 0.19389841 0.11317065 0.04719161 0.20281523 0.13058917 0.04552263 0.19939436 0.13385874 0.04990617 0.19755495 0.12790659 0.05238174 0.20042428 0.12195212 0.04124487 0.20065567 0.13845751 0.04321941 0.20421474 0.13545591 0.03890077 0.20512132 0.13988082 0.03753532 0.20124468 0.14177813 0.03378721 0.20546044 0.14411409 0.03316675 0.2012462 0.14511968 0.02929669 0.20624126 0.14701346 0.02710211 0.20297192 0.14859474 0.02396119 0.20689693 0.1497744 0.0206169 0.20333259 0.1514288 0.0184656 0.20728755 0.15195039 0.0132898 0.20767333 0.15341565 0.00759006 0.2024885 0.15461829 0.00736754 0.20865984 0.15445213 0.00107574 0.20856839 0.15495311 0.00090137 0.2153509 0.15238173 0.00603416 0.21525411 0.15204906 0.01221466 0.21563919 0.15044901 0.00125564 0.21239749 0.15396821 0.00665889 0.2122907 0.15357988 0.01241913 0.2105035 0.15311012 0.03606363 0.21000308 0.140166 0.03298408 0.20816441 0.14391512 0.04031571 0.20919028 0.13598824 0.0441693 0.20718199 0.13223022 0.04735484 0.20612487 0.12771699 0.04995991 0.2017976 0.12630031 0.05009627 0.20501114 0.1229149 0.05236753 0.20385414 0.11787491 0.05415192 0.20266537 0.11263419 0.05606113 0.19810925 0.11201703 0.05542912 0.20145294 0.10730712 0.0573219 0.19671088 0.10650334 0.05620848 0.20021938 0.1018524 0.05804962 0.19529924 0.1008906 0.0564773 0.19897056 0.09631777 0.05823756 0.19388847 0.09523451 0.0562165 0.1977444 0.09077293 0.05781676 0.19200489 0.08841394 0.05542712 0.1965493 0.08526953 0.05667952 0.19078943 0.08251733 0.05410948 0.19539282 0.07984735 0.05510272 0.18946257 0.07703409 0.05227272 0.19429386 0.07457238 0.05300298 0.18818691 0.07172441 0.04992693 0.19325379 0.06948385 0.05038651 0.18697187 0.06661984 0.04709112 0.19227824 0.06463459 0.04728349 0.18582883 0.0617897 0.04378175 0.19137524 0.06006964 0.04370471 0.18476623 0.05726328 0.04037159 0.18728167 0.05477043 0.02112016 0.18624929 0.04255456 0.02652314 0.18507731 0.04454572 0.020037 0.18096453 0.04093539 0.01580957 0.18414931 0.04021952 0.01006205 0.18558283 0.03934577 0.00872261 0.18027604 0.03801351 0.0043919 0.1837038 0.03815109 0.01788846 0.21011323 0.15158632 0.02316978 0.2095889 0.14953052 0.02822139 0.20893584 0.14696157 0.03661552 0.18129659 0.05005781 0.03611385 0.18644714 0.05091222 0.03148809 0.18571052 0.04749374 0.02886497 0.17809683 0.04460941 0.02417079 0.17754029 0.04224269 0.01227535 0.1762048 0.03828345 -3.416E-05 0.17655754 0.03703698 -0.00229876 0.18355221 0.03799495 0.01233094 0.20374984 0.15377535 0.05789113 0.19280723 0.10752372 0.05849204 0.19164389 0.10375379 0.05893389 0.19071148 0.09848808 0.05880517 0.18880369 0.09172804 0.05788649 0.18692702 0.08471082 0.05595796 0.18413097 0.07719921 0.05333343 0.18337318 0.07085922 0.05019896 0.1812983 0.06502981 0.04602823 0.17975324 0.05907913 0.04111744 0.17820618 0.05370025 0.0366714 0.17757145 0.04981248 0.03215938 0.17647606 0.04654245 0.0189747 0.17480581 0.04013017 0.00464083 0.17417923 0.03717387 0.01175984 0.21361247 0.15196607 0.01695034 0.21327595 0.15052798 0.02197107 0.21282262 0.14858586 0.02678136 0.21225818 0.14615631 0.03132731 0.21159138 0.14327067 0.03763738 0.19193193 0.05441692 0.02866907 0.19065663 0.04762729 0.01848777 0.1897523 0.0427707 0.00727845 0.18938896 0.04010368 -0.00227462 0.18910632 0.03966928 -0.01173356 0.18946616 0.04091172 -0.02252444 0.19012257 0.04450755 -0.03230644 0.19117942 0.05019556 -0.03912864 0.19041747 0.0551007 -0.04660867 0.1921854 0.06409842 -0.0495258 0.19315375 0.06893514 -0.05195379 0.19419158 0.07402652 -0.05386706 0.19529116 0.07930847 -0.05525852 0.19644472 0.08474169 -0.05611653 0.19764148 0.09026317 -0.05644066 0.19887225 0.09583437 -0.05623118 0.20012248 0.10139199 -0.05550757 0.20135695 0.10686422 -0.02627655 0.21362789 0.14550906 -0.02153409 0.21422113 0.14787152 -0.01659515 0.21469505 0.14975452 -0.01005189 0.21566887 0.15101424 -0.00537529 0.21400258 0.15296707 -0.00426092 0.21097468 0.15429926 -0.00439638 0.20795473 0.15480402 -0.00485463 0.2025758 0.15485026 -0.0109217 0.20790425 0.15394922 -0.01603654 0.20490533 0.1528085 -0.01866792 0.20803261 0.15183356 -0.0229948 0.20382799 0.15040371 -0.02376602 0.20766093 0.14979915 -0.02706013 0.20610906 0.14833495 -0.02929763 0.20301025 0.14732713 -0.03194405 0.20524085 0.14549907 -0.03537553 0.20195608 0.14331019 -0.03645226 0.20450813 0.14221853 -0.04016333 0.20348687 0.13905261 -0.03999327 0.20071931 0.13954601 -0.04321031 0.20171323 0.13609307 -0.0458985 0.19913174 0.13317363 -0.04588289 0.20174251 0.13287267 -0.0492666 0.20041382 0.12818983 -0.05042748 0.19701096 0.12695962 -0.05160434 0.19952153 0.12413912 -0.05403735 0.1978886 0.11923643 -0.05384438 0.19524166 0.12042716 -0.0566872 0.19501659 0.1120943 -0.05551167 0.19414045 0.116207 -0.05894769 0.19051729 0.09824677 -0.05867297 0.1902411 0.10236642 -0.05818859 0.19251299 0.10575339 -0.03223448 0.17865154 0.04665978 -0.03605387 0.17724164 0.04931284 -0.039036 0.18362978 0.05254548 -0.04114792 0.18030557 0.05381867 -0.04406109 0.17891601 0.05675219 -0.04679153 0.18565226 0.06116756 -0.04898736 0.18093129 0.06311451 -0.04997668 0.18679671 0.06598145 -0.05262174 0.18258643 0.06937751 -0.05267214 0.18801704 0.07107665 -0.05549185 0.18442382 0.07596979 -0.05484809 0.18930131 0.07638474 -0.05649726 0.19063947 0.08187205 -0.05749488 0.18631741 0.08290313 -0.05760382 0.19201845 0.08747092 -0.05848595 0.18797833 0.08854603 -0.05816556 0.19342753 0.09314761 -0.05888801 0.18959507 0.09363157 -0.0581783 0.19485268 0.09883558 -0.05764423 0.19628277 0.10450222 -0.00739369 0.17628269 0.0374728 -0.0090439 0.18388802 0.0387428 -0.01290801 0.17687714 0.03848014 -0.01475923 0.18414438 0.039983 -0.01779486 0.17702904 0.03980427 -0.02029319 0.18452558 0.04179423 -0.0232746 0.17725611 0.04182907 -0.02560512 0.18502498 0.04415619 -0.02824417 0.17807963 0.04427734 -0.0306473 0.18563844 0.04704248 -0.03535494 0.1863586 0.05040924 -0.04362391 0.18809247 0.05843912 -0.05496012 0.19910209 0.11554369 -0.05656953 0.19770305 0.1100821 -0.01133021 0.21061808 0.15338302 -0.02820856 0.2097798 0.14672713 -0.03329872 0.20816691 0.1437242 -0.03772847 0.20727618 0.14018682 -0.04177912 0.20628746 0.13624322 -0.04542494 0.20521051 0.13192376 -0.04862722 0.20406051 0.12728143 -0.05087827 0.20387585 0.12256263 -0.0177747 0.21169779 0.15107259 -0.02294241 0.21120149 0.14903845 -0.05254721 0.20376547 0.11747476 -0.0542844 0.20257342 0.11219706 -0.01205184 0.21361811 0.15191805 -0.03164447 0.21156074 0.14310566 -0.03588555 0.21078974 0.13975029 -0.03976708 0.20992398 0.13602398 -0.04331867 0.20893209 0.13192309 -0.04647467 0.20785874 0.12749353 -0.05898487 0.17833149 0.09459836 -0.05867504 0.1765447 0.09032966 -0.05810026 0.17477337 0.0858986 -0.05685577 0.17254207 0.08036507 -0.05504257 0.17031981 0.0748369 -0.0526894 0.16817778 0.06952368 -0.0498094 0.16613245 0.06444263 -0.04645843 0.16421655 0.05969155 -0.04325639 0.16269982 0.05597574 -0.04070108 0.16176809 0.05326732 -0.03617667 0.16013937 0.04940409 -0.03276664 0.15909159 0.04702714 -0.02983497 0.15835175 0.04518576 -0.02644448 0.15767024 0.04327053 -0.0222084 0.15682873 0.04142145 -0.01849891 0.15638608 0.03997513 -0.01298663 0.15578851 0.03843782 -0.00817505 0.15531696 0.03764161 -0.00440358 0.15525596 0.03716492 0.0013527 0.15520334 0.03701017 0.00731151 0.15534037 0.03746532 0.01125108 0.15552199 0.03816457 0.01569912 0.15604693 0.03912262 0.01982049 0.15653309 0.04046159 0.0240755 0.15726104 0.04213264 0.02899955 0.15825804 0.0446108 0.0327554 0.1591503 0.04696199 0.03646008 0.16026989 0.04960885 0.04064176 0.16171852 0.05322289 0.04369535 0.16294733 0.05639332 0.04664509 0.16439322 0.05986638 0.04900904 0.1656805 0.06319804 0.05120366 0.16705996 0.06677238 0.05316108 0.16857135 0.07053405 0.05502282 0.17029859 0.07479101 0.05646608 0.17201599 0.07909589 0.05756809 0.17369901 0.0831117 0.05852223 0.17591643 0.08876362 0.05885855 0.17750098 0.09270175 0.0589471 0.17921856 0.09697536 -0.05888464 0.17975296 0.09831302 -0.05720376 0.1902656 0.11082795 -0.04538976 0.19903278 0.13406575 -0.01433558 0.20201324 0.15347783 -0.01046642 0.20234081 0.154237 0.00176861 0.20262304 0.15497407 -0.03903461 0.19706392 0.14117892 -0.04321063 0.19547209 0.13723807 -0.05000242 0.19195357 0.12852332 -0.05270919 0.19001335 0.12368235 -0.05433754 0.18848953 0.11995049 -0.05556288 0.18712839 0.11657595 -0.05635872 0.18616393 0.11408675 -0.0468609 0.19376191 0.13300943 -0.03429654 0.1986669 0.1448231 -0.03054618 0.19950357 0.14715517 -0.01856991 0.20158997 0.15237805 -0.05834674 0.18207638 0.10401978 -0.05760349 0.18398139 0.10872626 -0.02266195 0.20099087 0.15093659 -0.02688138 0.20026577 0.14911522 0.01879925 0.20155719 0.15230714 0.05889397 0.18012053 0.098903 0.05665962 0.18593824 0.11319181 0.05512118 0.18768156 0.11794712 0.04041969 0.19660988 0.13994992 0.0381831 0.1973381 0.14186816 0.03478837 0.19853954 0.14448068 0.01331987 0.20212497 0.15372229 0.02413617 0.20077536 0.15036155 0.02811972 0.20000401 0.1484773 0.03072015 0.19950707 0.14707012 0.05367246 0.18914506 0.12157194 0.04334902 0.19542311 0.13709474 0.0464627 0.19394039 0.13347934 0.04860247 0.19280657 0.13064829 0.0515586 0.1908887 0.12588467 0.05783898 0.18360707 0.10760321 0.05834739 0.18202418 0.10391735 0.02327455 0.1570082 0.04194905 0.03572362 0.15994227 0.0492255 0.04603384 0.16400944 0.05931159 -0.03842276 0.16083005 0.05141736 -0.01403657 0.15575379 0.0388357 -0.00157465 0.15508974 0.03718631 0.00420108 0.15514177 0.03731534 0.01576978 0.15594937 0.03932323 0.02908341 0.15818021 0.04485499 0.04065299 0.16164836 0.05345565 -0.03397777 0.19856666 0.1449758 0.05701805 0.18497384 0.11126538 0.03451959 0.19843416 0.14462048 0.01545873 0.20115194 0.1514594 -0.02201685 0.20028424 0.14932668 -0.03362248 0.19768322 0.14296907 0.04875521 0.19127208 0.12706865 0.05116004 0.18961108 0.12288859 -0.00569447 0.20165715 0.15284379 -0.01012979 0.20144248 0.15234169 0.02290928 0.20001829 0.14878416 0.0453998 0.19329517 0.13201055 0.0271258 0.19925651 0.14688307 0.04071642 0.19542594 0.13729565 -0.05605623 0.18372191 0.10827529 -0.05285858 0.18807523 0.11907995 -0.04939323 0.19101276 0.126324 -0.0404351 0.19555394 0.1375806 -0.00137222 0.20175059 0.15305108 0.00529101 0.2017059 0.15292986 -0.04555862 0.19322869 0.13184473 0.0538312 0.18701357 0.11646621 0.03300626 0.15979996 0.04897987 0.02825177 0.15858355 0.04597683 0.02322973 0.15756302 0.04344863 0.01798786 0.15674657 0.04142595 0.0125707 0.15614091 0.03992551 0.00684082 0.15574369 0.03894828 0.00093004 0.15557364 0.03857649 -0.00914363 0.15586036 0.03921747 -0.01727035 0.15664771 0.04119659 -0.02474084 0.15780964 0.04399202 -0.03713059 0.1610367 0.0520145 -0.05676863 0.17547674 0.08786928 0.03743984 0.16119641 0.05243986 -0.04469731 0.1642047 0.0598968 -0.05119732 0.16827598 0.06996825 -0.05349302 0.17043975 0.07540049 -0.05732645 0.17932323 0.09734066 0.04523062 0.16450565 0.06064858 0.0415114 0.16276056 0.05631541 0.05654826 0.18217909 0.10449146 0.05732048 0.17825085 0.09470475 0.05415336 0.1711202 0.07703107 0.0517432 0.16874361 0.07117992 0.05559005 0.18435913 0.10989061 0.05687944 0.17585672 0.08877878 0.05577761 0.17340422 0.08275011 -0.01389461 0.15617743 0.04053157 -0.01784296 0.15644364 0.04181525 -0.02332469 0.15751976 0.04372092 -0.02192535 0.15705261 0.04335906 -0.03155869 0.15939905 0.04822772 -0.03503396 0.16016862 0.05097649 -0.03747851 0.16116127 0.05276915 -0.0304696 0.15873656 0.04780216 -0.02813775 0.15848108 0.04619594 -0.02564897 0.15763476 0.04507615 -0.01199334 0.15582915 0.04021806 -0.0070069 0.15529487 0.03942158 -0.00702798 0.15567121 0.03920516 -0.00149435 0.15539709 0.03892856 -0.03927489 0.16152789 0.05466684 -0.04136275 0.16265526 0.05650523 -0.04959487 0.16703883 0.06779324 -0.04836271 0.16630231 0.0652241 -0.04663713 0.16512454 0.06314597 -0.05486977 0.17222393 0.08019717 -0.05318455 0.17006108 0.07538705 -0.04325545 0.16337833 0.05880765 -0.05698653 0.17743671 0.09322719 -0.05659634 0.17556813 0.08878996 -0.05154526 0.16859037 0.07156632 -0.05564602 0.17338011 0.08342209 -0.05701857 0.17905036 0.09741785 0.00414011 0.15533304 0.03910771 0.00971674 0.15561353 0.0397891 0.01382043 0.15601 0.0406594 0.01781304 0.15645562 0.0418012 0.02183715 0.15703787 0.04332627 0.02562908 0.15776898 0.04502982 0.03045177 0.15887254 0.04776062 0.03397368 0.15986326 0.05019902 0.03722353 0.16091496 0.05276612 0.041243 0.16246191 0.05658703 0.04407389 0.1637421 0.05982675 0.04659744 0.16508716 0.06310228 0.04835594 0.16629797 0.06521252 0.04957443 0.16698784 0.06779496 0.05153363 0.16852611 0.07160694 0.05320717 0.17010471 0.07543913 0.05494745 0.1722354 0.08070409 0.05618985 0.1744709 0.08620669 0.0568779 0.17672288 0.0917466 0.05705547 0.17916113 0.09740698 0.01255154 0.20107414 0.15186605 0.01830265 0.20046863 0.15039721 0.00713781 0.20142946 0.1526771 0.03569231 0.19692227 0.14139886 0.03973734 0.19547155 0.13793908 0.05550788 0.18363911 0.10907507 0.05636697 0.18159977 0.10399213 0.05398176 0.18617317 0.11517552 0.04674669 0.19220936 0.1299025 0.04338293 0.19390404 0.13416621 0.04974137 0.19020803 0.12512821 0.0520233 0.18836212 0.12049623 0.03156483 0.19813016 0.14430641 -0.05308209 0.18742254 0.11792258 -0.0510114 0.18939085 0.12277314 -0.04900406 0.19087549 0.12643151 -0.04690113 0.19210824 0.12968132 -0.04361332 0.1938886 0.13392004 -0.0564216 0.18167242 0.10379772 -0.05431844 0.18586737 0.11407884 -0.05558235 0.18374033 0.10885643 -0.02107075 0.20016614 0.14947848 -0.01562985 0.2009061 0.151187 -0.026856 0.19922179 0.14698493 -0.03091463 0.19821164 0.14468646 -0.03671531 0.19665131 0.14059693 -0.03978218 0.19546723 0.13790409 0.00417556 0.19200002 0.09307581 0.0050499 0.19200002 0.0960456 0.00417942 0.192 0.0989053 0.00131769 0.192 0.09108324 -0.00131863 0.192 0.09115435 -0.00327907 0.192 0.09216281 -0.00488695 0.19199999 0.09460898 -0.0048355 0.19200006 0.09738377 -0.00343342 0.19199991 0.09974527 -0.00038446 0.19199996 0.10106087 0.00207461 0.19199994 0.10056397 -0.01146973 0.15321514 0.04006095 -0.02043765 0.15431342 0.04278298 -0.02930275 0.15601338 0.04699732 -0.03814295 0.15866509 0.05357173 -0.04570766 0.16197726 0.06178186 -0.05149073 0.1658641 0.07141961 -0.05427461 0.1687319 0.07852927 -0.05637686 0.17222364 0.08718516 -0.05701094 0.17617597 0.09698452 -0.00048784 0.15276515 0.03894508 0.01002344 0.15311921 0.03981747 0.01978567 0.15421095 0.0425298 0.02686175 0.15547699 0.04566799 0.03553446 0.15776563 0.05133703 0.042751 0.16056332 0.05827841 0.04750612 0.16304021 0.06441838 0.05241393 0.1666712 0.07341558 0.05547119 0.17046237 0.08281955 0.05697824 0.17689148 0.09875802 0.05672796 0.17335993 0.09000282 0.0556273 0.18088436 0.10865714 0.05328485 0.18441433 0.11740796 0.05010417 0.18726902 0.12448514 0.04676843 0.18944198 0.12987325 0.04252075 0.1915597 0.13512324 0.03638361 0.19388935 0.14089811 0.02692918 0.19635555 0.14701214 0.01586643 0.19803061 0.15116504 0.00526613 0.19873381 0.15291119 -0.00558564 0.19869733 0.15281866 -0.01544511 0.1980899 0.15131232 -0.03346167 0.19474196 0.14301221 -0.04018384 0.19254901 0.1375753 -0.02635627 0.19644956 0.14724573 -0.04743185 0.18911679 0.12906645 -0.05270384 0.18504262 0.11896609 -0.05592074 0.18040921 0.10747926 -0.00028402 0.17372167 0.09089925 -0.0050582 0.17594056 0.09640022 0.00505109 0.17572352 0.09586214 -0.00132723 0.17773709 0.1008541 0.00084988 0.17778687 0.10097752 0.00434292 0.17475057 0.09345005 -0.00312997 0.17418142 0.09203906 0.00269043 0.17405564 0.09172719 0.00313271 0.17737573 0.09995831 -0.0045671 0.17492166 0.09387419 0.0045666 0.17663702 0.09812687 -0.00370812 0.17718436 0.09948383 0.03325199 0.19829646 0.13342276 0.03572628 0.19830936 0.12869234 0.03763824 0.19828752 0.12943646 0.03859888 0.19829033 0.13094053 0.03649067 0.18734086 0.06319489 0.03729937 0.1872609 0.06282398 0.0330808 0.18728085 0.06175249 0.0344751 0.18727252 0.05757105 0.03625251 0.187278 0.05733253 0.03816346 0.18727505 0.05858431 -0.03599944 0.19831795 0.13469654 -0.03784271 0.19831938 0.13382123 -0.03860773 0.19829281 0.13245642 -0.03573276 0.19830188 0.128694 -0.03361335 0.18731278 0.05814356 -0.03497307 0.18729548 0.06319389 -0.03725597 0.18729834 0.06287751 -0.03816559 0.18729909 0.05857336 -0.03694591 0.18729308 0.05756481 -0.03281159 0.18729657 0.05952228 -0.00179198 0.14542456 0.45120004 0.0068394 0.13460034 0.45120004 0.00748436 0.13915017 0.45120004 0.00305399 0.13099942 0.45120004 -0.00216038 0.13067417 0.45120004 -0.00540356 0.13276185 0.45120004 -0.00717094 0.13556767 0.45120004 -0.00732583 0.1401604 0.45120004 -0.00523812 0.14340359 0.45120004 0.00553387 0.14326417 0.45120004 0.00206058 0.14523815 0.45120004 -0.00748436 0.13915017 0.17020002 0.00732583 0.1401604 0.17020002 0.00717094 0.13556767 0.17020002 0.00523812 0.14340359 0.17020002 0.00179198 0.14542456 0.17020002 -0.00206058 0.14523815 0.17020002 -0.00553387 0.14326417 0.17020002 -0.00305399 0.13099942 0.17020002 -0.0068394 0.13460034 0.17020002 0.00216038 0.13067417 0.17020002 0.00540356 0.13276185 0.17020002 0.00179198 0.14542456 0.45449999 0.0040051 0.18633434 0.45449999 -0.0040051 0.18633434 0.45449999 -0.00206058 0.14523815 0.45449999 -0.01190605 0.18501592 0.45449999 -0.01948223 0.18241501 0.45449999 -0.00553387 0.14326417 0.45449999 -0.02652699 0.17860258 0.45449999 -0.03284816 0.17368263 0.45449999 -0.03827332 0.16778931 0.45449999 -0.04265448 0.16108346 0.45449999 -0.00748436 0.13915017 0.45449999 -0.04587214 0.15374793 0.45449999 -0.04783853 0.14598283 0.45449999 -0.0485 0.13800001 0.45449999 -0.0068394 0.13460034 0.45449999 -0.04783853 0.13001716 0.45449999 -0.04587214 0.12225208 0.45449999 -0.04265448 0.11491655 0.45449999 -0.03827332 0.10821068 0.45449999 -0.00305399 0.13099942 0.45449999 -0.03284816 0.10231739 0.45449999 -0.02652699 0.09739742 0.45449999 -0.01948223 0.09358499 0.45449999 -0.01190605 0.09098408 0.45449999 -0.0040051 0.08966565 0.45449999 0.00216038 0.13067417 0.45449999 0.0040051 0.08966565 0.45449999 0.01190605 0.09098408 0.45449999 0.01948223 0.09358499 0.45449999 0.02652699 0.09739742 0.45449999 0.00540356 0.13276185 0.45449999 0.03284816 0.10231739 0.45449999 0.03827332 0.10821068 0.45449999 0.00717094 0.13556767 0.45449999 0.04265448 0.11491655 0.45449999 0.04587214 0.12225208 0.45449999 0.04783853 0.13001716 0.45449999 0.00732583 0.1401604 0.45449999 0.0485 0.13800001 0.45449999 0.04783853 0.14598283 0.45449999 0.04587214 0.15374793 0.45449999 0.04265448 0.16108346 0.45449999 0.00523812 0.14340359 0.45449999 0.03827332 0.16778931 0.45449999 0.03284816 0.17368263 0.45449999 0.02652699 0.17860258 0.45449999 0.01948223 0.18241501 0.45449999 0.01190605 0.18501592 0.45449999 0.00206058 0.14523815 0.16600001 0.01563391 0.19489098 0.16600001 0.02413505 0.19183771 0.16600001 0.00553387 0.14326417 0.16600001 0.03207048 0.18752258 0.16600001 0.03925422 0.18204664 0.16600001 0.04551786 0.1755383 0.16600001 0.05071461 0.1681501 0.16600001 0.00748436 0.13915017 0.16600001 0.05472265 0.16005522 0.16600001 0.05744803 0.15144336 0.16600001 0.05882688 0.1425164 0.16600001 0.05882688 0.13348359 0.16600001 0.0068394 0.13460034 0.16600001 0.05744803 0.12455665 0.16600001 0.05472265 0.1159448 0.16600001 0.05071461 0.1078499 0.16600001 0.04551786 0.1004617 0.16600001 0.00305399 0.13099942 0.16600001 0.03925422 0.09395336 0.16600001 0.03207048 0.08847744 0.16600001 -0.00732583 0.1401604 0.16600001 -0.04825784 0.17194381 0.16600001 -0.00523812 0.14340359 0.16600001 -0.04251077 0.17891252 0.16600001 -0.0357673 0.18492228 0.16600001 -0.00179198 0.14542456 0.16600001 -0.02818547 0.18983224 0.16600001 -0.019943 0.19352728 0.16600001 -0.01123308 0.1959208 0.16600001 -0.00225986 0.19695672 0.16600001 0.00676632 0.19661072 0.16600001 -0.00540356 0.13276185 0.16600001 -0.04825784 0.1040562 0.16600001 -0.00717094 0.13556767 0.16600001 -0.05287377 0.11182053 0.16600001 -0.05625039 0.12019849 0.16600001 -0.05830855 0.12899369 0.16600001 -0.05907366 0.13746172 0.16599649 -0.05830855 0.1470063 0.16600001 -0.05625039 0.15580152 0.16600001 -0.05287377 0.16417947 0.16600001 0.02413505 0.08416229 0.16600001 0.01563391 0.08110905 0.16600001 0.00676632 0.07938927 0.16600001 -0.00216038 0.13067417 0.16600001 -0.00225986 0.0790433 0.16600001 -0.01123308 0.08007921 0.16600001 -0.019943 0.08247273 0.16600001 -0.02818547 0.08616778 0.16600001 -0.0357673 0.09107772 0.16600001 -0.04251077 0.09708748 0.16600001 0.01924879 0.09348753 0.45158669 0.01377911 0.09151755 0.45148206 0.01906148 0.09371629 0.45122039 0.01110166 0.090865 0.45120469 0.02451468 0.09612965 0.45163947 0.02416249 0.09631277 0.45120817 0.04790907 0.13260178 0.45122045 0.04838 0.13796329 0.45129099 0.04815207 0.13206287 0.45164013 0.04533871 0.12166436 0.45121196 0.04690341 0.12696779 0.45120803 0.04717977 0.12678713 0.45159069 0.04563786 0.1215599 0.45162186 0.04306697 0.1163293 0.45122036 0.04326627 0.11606418 0.45162493 0.03882697 0.10908763 0.4512206 0.04047887 0.11136043 0.45145383 0.03717772 0.10688942 0.45147568 0.03340148 0.10299025 0.4512867 0.02878621 0.09935117 0.45121172 0.02895032 0.09909599 0.4515889 0.00300311 0.08988097 0.45122084 0.00564582 0.08991166 0.45120794 0.00836625 0.09027206 0.45145071 0.0030491 0.08958156 0.45163476 -0.0027898 0.08989083 0.45121065 -0.00296445 0.08958492 0.45161688 -0.0135019 0.09177203 0.45119914 -0.00835781 0.09053924 0.45121169 -0.00843888 0.09024528 0.4515925 -0.0137012 0.09146088 0.45163059 -0.0191192 0.09349583 0.45137265 -0.02888717 0.09922086 0.45127392 -0.021703 0.09471482 0.45120791 -0.02443378 0.09612203 0.45148671 -0.04049881 0.11157678 0.45127705 -0.03681641 0.10690333 0.45121193 -0.03730773 0.10699113 0.45163083 -0.04684104 0.12662587 0.45121565 -0.04445669 0.11884141 0.45122102 -0.04554524 0.12141712 0.45146269 -0.04719061 0.12683125 0.4515911 -0.03300609 0.10289669 0.45120806 -0.03321394 0.10265419 0.45160565 -0.04323632 0.11605746 0.45148528 -0.04784645 0.13225016 0.45121086 -0.04815768 0.13210987 0.45163503 -0.04838 0.13803673 0.45129099 0.05645864 0.12214763 0.17019665 0.05480668 0.11618767 0.16986419 0.05691869 0.12241848 0.16980059 0.03749204 0.18318051 0.17019713 0.0404994 0.18088551 0.16991068 0.035679 0.18498778 0.16982199 0.05255483 0.16404465 0.1702069 0.05480883 0.15974748 0.16995302 0.05201022 0.16588748 0.16979584 0.05785676 0.12840343 0.17019509 0.05822606 0.12848526 0.16982284 0.02867729 0.18920109 0.17019567 0.03051601 0.18850641 0.16980694 0.04994673 0.16900013 0.17017183 0.04881706 0.17112842 0.1698271 0.05883294 0.13761806 0.17017724 0.05891582 0.13465086 0.16980535 0.01680062 0.08177322 0.17019844 0.0036197 0.07928042 0.17017391 0.01294527 0.08044475 0.16989931 0.00634163 0.07935242 0.16985476 -0 0.07932133 0.17018408 -2E-08 0.07904913 0.169934 3.1E-07 0.07898545 0.16977823 0.02480492 0.19150142 0.1699339 0.04471723 0.17593676 0.17019798 0.04500903 0.17615265 0.16981933 0.05855751 0.14114048 0.17019784 0.05891342 0.14128712 0.16981392 0.0188593 0.08210006 0.16982976 0.0063626 0.19664782 0.16984977 -1.7E-07 0.19701371 0.16977984 0 0.19667865 0.17018408 0.00352685 0.19673638 0.1701771 0.01880136 0.19391984 0.16982931 0.01291507 0.19558604 0.16979389 0.01262165 0.19526684 0.17019683 0.02128289 0.19282989 0.17017469 0.04498689 0.099828 0.16982642 0.04885271 0.10492377 0.16982687 0.04852983 0.10508142 0.17019683 0.04466962 0.10000783 0.17019776 0.0246777 0.08439836 0.16973686 0.03050318 0.08751167 0.16990906 0.02457116 0.08466008 0.17018145 0.02970738 0.08753541 0.17020255 0.0558706 0.1564624 0.1701768 0.05690293 0.15363868 0.16980213 0.0582152 0.1475805 0.16982308 0.0578708 0.1474735 0.17019691 0.0520393 0.11016649 0.16979717 0.05333155 0.11323982 0.17017895 0.04040447 0.09498302 0.16979614 0.03827355 0.09326184 0.17017218 0.03568061 0.09110029 0.17002478 -0.01117797 0.09084339 0.45115265 -0.00562784 0.08986457 0.45115265 -0.01657693 0.09245993 0.45115265 -0.04197127 0.11376975 0.45115265 -0.0388745 0.10906101 0.45115268 5E-08 0.08961758 0.45119008 0.04196965 0.11376695 0.45115265 0.04449916 0.1188032 0.45115268 -0.02663239 0.09751039 0.45115265 -0.03115285 0.10087599 0.45115268 -0.03525204 0.10474364 0.45115268 -0.04838141 0.13518374 0.45115265 -0.04772732 0.12958601 0.45115268 -0.04838238 0.14081953 0.45115057 -0.04790907 0.14339823 0.45122045 -0.04772677 0.14641716 0.45115265 0.04838141 0.14081627 0.45115265 0.04772732 0.146414 0.45115268 0.04784645 0.14374986 0.45121086 0.04838238 0.13518047 0.45115057 0.04772677 0.12958287 0.45115265 0.04642689 0.12409905 0.45115265 -0.04642889 0.12410173 0.45115057 -0.04690341 0.14903222 0.45120803 -0.0464269 0.15190095 0.45115265 0.04049881 0.16442323 0.45127705 0.04197126 0.16223028 0.45115265 0.0388745 0.16693899 0.45115268 0.01117791 0.18515661 0.45115268 0.00562786 0.18613544 0.45115265 0.00835778 0.18546078 0.45121169 0.01350146 0.18422805 0.45119911 0.01657694 0.18354006 0.45115268 0.01657389 0.09245883 0.45115265 0.02174886 0.09469089 0.45115268 -0.04533873 0.15433559 0.45121196 -0.04449915 0.15719682 0.45115268 -0.04247775 0.16091001 0.45122108 0.02170309 0.18128514 0.45120791 0.02663237 0.17848963 0.45115265 0.0288871 0.17677918 0.45127392 0.03115282 0.17512405 0.45115265 0.03300611 0.1731033 0.45120806 0.03525204 0.17125639 0.45115265 0.03681639 0.16909671 0.45121193 0.03115039 0.10087392 0.45115265 0.03524983 0.10474129 0.45115268 0.02662969 0.09750862 0.45115265 -0.01906148 0.1822837 0.45122039 -0.01657394 0.18354115 0.45115268 -0.02174888 0.18130912 0.45115268 0.0444567 0.15715858 0.45122102 0.04642889 0.15189828 0.45115057 0.04684104 0.14937417 0.45121565 -0.03115035 0.17512612 0.45115265 -0.03524984 0.17125869 0.45115268 -0.03340162 0.17300963 0.45128673 -0.02878619 0.17664886 0.45121172 -0.02662967 0.1784914 0.45115265 -0.0241625 0.17968723 0.45120814 -0.03886414 0.16688168 0.45120865 -5E-08 0.18638241 0.45119008 -0.0056458 0.18608835 0.45120794 -0.00300312 0.18611905 0.45122084 0.00278993 0.18610916 0.45121065 -0.01110171 0.18513498 0.45120472 -0.05787079 0.12852649 0.17019691 -0.05761252 0.12540515 0.17026907 -0.05863215 0.13169447 0.17026447 0.05755447 0.15069467 0.17023259 0.05858964 0.14439744 0.17023259 -0.03138793 0.18743995 0.1702106 -0.03308555 0.18674055 0.17021722 -0.02696389 0.19026217 0.17017341 -0.04471711 0.10006312 0.17019798 -0.04287238 0.09750565 0.17026907 -0.04699926 0.10237834 0.17026907 0.03316613 0.08926501 0.17024101 0.02757408 0.08588289 0.17025873 0.04277116 0.17854995 0.17023258 0.04690468 0.17368785 0.17023258 -0.01579065 0.19475341 0.17021722 -0.00956009 0.19615734 0.17023259 -0.01679738 0.19422813 0.17019843 -0.02183869 0.19274253 0.17023259 0.01569549 0.08115385 0.17026907 0.00945733 0.07979011 0.17026906 0.02174956 0.08318405 0.17026906 -0.05574755 0.11930403 0.17017975 -0.05355805 0.11331461 0.17026906 -0.05186749 0.11062734 0.17019504 -0.05057513 0.10766868 0.17026907 -0.04855519 0.10511678 0.17019729 -0.00404622 0.07934672 0.17017618 0.05347992 0.16277033 0.17023258 -0.0033588 0.19677481 0.1701782 0.05048788 0.10752366 0.17026907 0.04689684 0.10224361 0.17026907 -0.05883294 0.13838196 0.17017724 -0.05855751 0.13485956 0.17019784 -0.03804116 0.09319158 0.17018765 -0.01875574 0.08243838 0.17019755 -0.01585849 0.08119911 0.17026907 -0.02190679 0.08324669 0.17026907 0.03811267 0.18291904 0.17021723 -0.04661425 0.17390038 0.17018148 -0.04278958 0.17848745 0.17021632 -0.0384598 0.18251641 0.17016806 -0.03316493 0.08923608 0.17026906 -0.0281229 0.08640265 0.17017913 0.04275512 0.0973837 0.17026687 0.0330542 0.18679643 0.17023259 0.02758467 0.19008414 0.17023259 -0.05856733 0.1443374 0.17021723 -0.05755184 0.15016511 0.17017418 -0.01262139 0.08073312 0.17019683 -0.00962427 0.07981748 0.17026906 0.05757614 0.12523988 0.17026907 0.05861825 0.13153981 0.17026907 0.0157432 0.19479632 0.17023258 0.00951002 0.19616556 0.17023259 0.05585901 0.11908957 0.17026907 -0.05325392 0.16302693 0.17017558 -0.05439501 0.15993518 0.17019436 -0.05589036 0.15634418 0.17017606 -0.00567869 0.1783559 0.30538988 -0.0100373 0.17749961 0.30532384 -0.00672277 0.17848283 0.32480305 -0.01428318 0.17617315 0.30525863 -0.01600824 0.17577037 0.32390815 -0.01840068 0.17438221 0.30536714 -0.00113464 0.17874318 0.30897123 0.00274315 0.17894667 0.32481864 0.00495748 0.1784952 0.3094103 0.00957102 0.17783844 0.32480496 0.01122867 0.17717215 0.30891016 0.01937801 0.1738514 0.3087883 0.01527891 0.17578143 0.30887502 0.01681431 0.1754162 0.32438928 0.02631034 0.16961204 0.33053595 0.02714289 0.16841403 0.3051005 0.02243911 0.1724613 0.33041799 0.02361223 0.1712184 0.30532223 0.03026485 0.16533127 0.30476654 0.02981264 0.16637687 0.33109576 0.03302719 0.16191706 0.30480075 0.0329193 0.1626958 0.33099303 0.03540789 0.15822317 0.30483371 0.03557202 0.15868229 0.33089584 0.03737838 0.15429236 0.30486417 0.03773667 0.15439156 0.33080786 0.0388885 0.15019998 0.30527967 0.04002581 0.14705275 0.3247951 0.03998682 0.14587116 0.30535719 0.04060521 0.14146687 0.30542034 0.04103656 0.13762932 0.32481688 0.04074468 0.13689494 0.30896723 0.04016134 0.1308226 0.3094455 0.04032755 0.13076158 0.32480496 0.03832545 0.1233798 0.32435584 0.03857379 0.12484817 0.30892709 0.035712 0.11761186 0.33039609 0.03472067 0.11666273 0.3087616 0.03687283 0.12064345 0.3088274 0.03002189 0.10988925 0.33053544 0.02890749 0.10925856 0.3050997 0.03309289 0.11358637 0.33043981 0.03188195 0.11260894 0.30524701 0.02575469 0.10638212 0.30442238 0.02645658 0.10650481 0.33032465 0.02230831 0.10386892 0.30481014 -0.00478062 0.17965823 0.34535509 8.789E-05 0.1799316 0.34535566 0.00495526 0.17963788 0.34535593 0.00975568 0.17878106 0.34535602 0.01442401 0.17737275 0.34535551 0.01889742 0.17543197 0.3453556 0.04019523 0.14994189 0.34535557 0.04130981 0.1451948 0.34535575 0.04186575 0.14035034 0.34535563 0.04185554 0.13547413 0.34535575 0.04127928 0.13063209 0.34535563 0.0401448 0.12588969 0.34535563 0.03846745 0.12131101 0.34535593 0.02248827 0.10354302 0.33092621 0.02564511 0.17224966 0.35570085 0.03118659 0.16724277 0.35618767 0.03581257 0.16141307 0.35570091 0.03930742 0.15481278 0.35618767 0.03568286 0.11438975 0.35570073 0.02900496 0.10629134 0.35807917 -0.00534602 0.184471 0.40382785 8.506E-05 0.18477739 0.40382764 0.00551502 0.18445127 0.40382814 0.01087035 0.18349692 0.40382782 0.01607874 0.18192728 0.40382758 0.02106969 0.1797636 0.40382737 0.02577565 0.1770352 0.40382755 0.03013311 0.17377886 0.40382743 0.03408302 0.1700387 0.40382728 0.03757203 0.1658653 0.4038277 0.04055295 0.16131505 0.40382782 0.04298545 0.15644947 0.40382755 0.04483666 0.1513344 0.40382767 0.04608152 0.14603905 0.4038277 0.04670321 0.14063492 0.40382767 0.04669331 0.13519523 0.40382755 0.04605199 0.12979344 0.40382779 0.04478788 0.12450263 0.40382779 0.04291805 0.1193943 0.40382746 0.04046787 0.11453766 0.40382734 0.03747043 0.10999826 0.40382746 0.03396627 0.10583754 0.40382749 0.02338302 0.10220926 0.35618767 0.03040197 0.10154186 0.41357663 0.02553575 0.09880741 0.40382785 -0.00560646 0.18593052 0.43007994 -5E-06 0.18623224 0.42954472 0.00544577 0.1859225 0.4295373 0.01097235 0.1849663 0.42953798 0.01635063 0.18337488 0.42953762 0.0215078 0.18116987 0.42953748 0.02637411 0.17838106 0.42953739 0.03088369 0.17504621 0.42953768 0.03497567 0.17121033 0.42953777 0.03859468 0.16692531 0.42953771 0.04169173 0.16224918 0.42953765 0.04422498 0.1572451 0.42953771 0.04616016 0.1519808 0.42953765 0.04747111 0.14652735 0.4295375 0.0481401 0.14095864 0.42953765 0.04815807 0.1353499 0.42953762 0.04752479 0.12977701 0.42953768 0.04624882 0.12431534 0.42953777 0.04434739 0.1190387 0.42953759 0.04184626 0.11401851 0.42953753 0.03877921 0.10932258 0.42953745 0.03518778 0.1050145 0.42953777 0.03099764 0.10082752 0.4377676 0.02639022 0.0976276 0.42952535 -0.02165771 0.18111375 0.43032858 -0.02639019 0.17837244 0.42952564 -0.02087467 0.17988466 0.40414837 -0.02553576 0.17719258 0.40382782 -0.01875084 0.1756233 0.34690914 -0.02598089 0.17223042 0.3580792 -0.02248826 0.17245699 0.33092606 -0.02230828 0.17213109 0.30481011 -0.0166411 0.18326916 0.42953739 -0.01591885 0.18198545 0.40382734 -0.01425886 0.17743279 0.34535465 -0.01127309 0.18489498 0.42953691 -0.01070486 0.18353617 0.40382805 -0.00958455 0.17882156 0.34535539 -1.2E-07 0.18650091 0.45103502 -1E-08 0.08953131 0.45111692 1.2E-07 0.0894991 0.45103502 -0.0559594 0.11927736 0.1703831 -0.03829666 0.09310727 0.1703831 -0.02775068 0.08592419 0.1703831 -0.05902053 0.13854147 0.17039889 0.05900742 0.13791907 0.17039981 0.05350184 0.11310935 0.1703831 0.03819579 0.09303244 0.17039999 0.0322697 0.08860703 0.17040002 -0.00329325 0.0790808 0.17038536 0.00292114 0.07906669 0.17040014 -0.03253428 0.18720347 0.17040148 -0.03217113 0.18713133 0.18021026 -0.02760725 0.19015439 0.17039934 -0.02643291 0.19044687 0.1802929 -0.02183806 0.19280966 0.17039999 -0.01577339 0.19485778 0.17039983 -0.02045246 0.19306594 0.180014 -0.00954514 0.19622275 0.17039999 -0.01437888 0.19495444 0.18001413 -0.00813683 0.19617522 0.18001387 -0.00319432 0.19691348 0.17039999 0.00320704 0.19691794 0.17039983 -0.00179926 0.19671391 0.18001403 0.00954515 0.19622275 0.17039999 0.00455942 0.19656426 0.18001391 0.02186881 0.19280389 0.17039971 0.01578419 0.19484945 0.17039999 0.01704236 0.19421491 0.1800141 0.02302034 0.1920428 0.1800141 0.02763603 0.19012725 0.17039999 0.03311003 0.18683366 0.17039999 0.02872857 0.18923701 0.18001384 0.03822309 0.18295228 0.17039971 0.03409977 0.18583061 0.18001388 0.03907132 0.18186337 0.18001384 0.04283376 0.17857423 0.17039999 0.04358469 0.17738193 0.1800139 0.04696945 0.17370534 0.17039999 0.05058546 0.1683864 0.17039952 0.04758714 0.17243871 0.18001404 0.05103168 0.16709173 0.18001397 0.05354697 0.1627734 0.17039999 0.05592702 0.1568117 0.17039971 0.05387789 0.16140372 0.18001398 0.05609243 0.15544131 0.18001398 0.05762062 0.15068321 0.17039999 0.05865414 0.14437896 0.17039999 0.0585304 0.14297532 0.1800139 0.05764937 0.14927436 0.18001388 0.05871905 0.13669543 0.18012026 0.05622511 0.1370524 0.2012504 0.05821848 0.1303606 0.18028188 0.05579306 0.13097894 0.2012504 0.05705122 0.1241108 0.18028179 0.0547069 0.1249878 0.20125034 0.05521512 0.11802396 0.18028188 0.05297933 0.11914924 0.20125043 0.04304689 0.12262884 0.25983661 0.05273164 0.11217125 0.18028188 0.05063063 0.11353169 0.20125049 0.04113257 0.11806477 0.25983697 0.04962993 0.10662134 0.18028185 0.04768835 0.10820094 0.20125031 0.03873608 0.1137344 0.25983691 0.03584766 0.11555758 0.28418064 0.04594637 0.10143933 0.18028176 0.04418696 0.10321964 0.2012504 0.03588545 0.10968854 0.25983679 0.03321103 0.11181331 0.28418076 0.03742085 0.09238555 0.17040002 0.04172415 0.09668599 0.18028176 0.04016752 0.09864606 0.20125034 0.03261407 0.10597461 0.25983691 0.03018511 0.10837608 0.28418061 0.03714653 0.09250218 0.17988405 0.03573009 0.0944465 0.20061633 0.02911701 0.10250758 0.25863847 0.02689826 0.10521214 0.28316414 -0.01495648 0.17756036 0.28418052 -0.01912347 0.17561187 0.28514045 -0.01615258 0.1807598 0.25983673 -0.02075264 0.17881611 0.2592575 -0.01059158 0.17894553 0.28418058 -0.00610254 0.17985068 0.28418034 0.00070758 0.17912078 0.29934549 -0.00816108 0.19363773 0.20125045 -0.00209771 0.19419396 0.20125039 0.01003132 0.19333109 0.20125069 0.00399018 0.19409138 0.20125024 0.00820447 0.18296663 0.25983638 0.01301813 0.18181598 0.25983626 0.01767915 0.18015152 0.25983688 0.01634728 0.17700619 0.28418088 0.0204688 0.17501 0.28418139 0.02435023 0.17258011 0.28418067 0.01595487 0.19192216 0.20125076 0.02213285 0.1779929 0.25983751 0.02794631 0.16974461 0.28418076 0.02169138 0.18988109 0.20125039 0.02632713 0.17536564 0.25983658 0.03121467 0.16653699 0.28418088 0.01086454 0.195728 0.18001392 0.0271736 0.18723175 0.20125005 0.03021273 0.17230001 0.25983724 0.03411709 0.16299485 0.28418067 0.03233712 0.18400517 0.20125026 0.03374412 0.16883245 0.25983679 0.03661951 0.1591596 0.28418067 0.0414708 0.17597803 0.20125063 0.03712164 0.1802392 0.20125011 0.03687983 0.16500326 0.25983727 0.03958329 0.16085762 0.25983667 0.03869258 0.1550763 0.28418082 0.04031203 0.15079278 0.28418094 0.04866545 0.1661751 0.20125037 0.04533391 0.17127158 0.2012504 0.04182256 0.15644389 0.25983685 0.04357154 0.15181398 0.25983676 0.04145888 0.14635932 0.28418076 0.04211964 0.14182782 0.2841807 0.04102216 0.13506724 0.29934555 -0.02315296 0.17339292 0.28418058 -0.0250333 0.17624433 0.25983745 -0.03074425 0.18508454 0.20125034 -0.01143484 0.1822556 0.25983635 -0.00154184 0.1802651 0.284181 -0.02552802 0.18820822 0.20042351 -0.01993072 0.19058263 0.20125008 -0.00658288 0.18323231 0.25983739 0.00303678 0.1801841 0.28418034 0.00953075 0.17800727 0.29934558 -0.01412875 0.19242921 0.20125049 -0.00165376 0.18367891 0.25983739 0.00757993 0.17960845 0.28418064 0.00329458 0.18359008 0.25983652 0.01203417 0.17854503 0.28418034 0.0179083 0.17502311 0.29934567 0.05142641 0.1607483 0.20125048 0.04480966 0.14702208 0.25983685 0.04228661 0.13725141 0.28418067 0.05358448 0.15505478 0.2012504 0.04552247 0.14212441 0.25983667 0.04195776 0.13268381 0.28418088 0.03943262 0.12631723 0.29934558 0.05511432 0.14916125 0.2012504 0.0457015 0.13717838 0.259837 0.04113704 0.1281786 0.28418079 0.05599796 0.14313698 0.20125046 0.0453448 0.13224199 0.25983676 0.039834 0.12378845 0.28418082 0.03599926 0.11811355 0.29934561 0.04445643 0.12737311 0.25983679 0.03806394 0.11956494 0.28418088 0.03212298 0.08884587 0.18027727 0.03074422 0.09091547 0.20125046 0.02503336 0.09975555 0.25983667 0.02315295 0.1026071 0.28418073 0.00567868 0.09764411 0.30538997 0.01003732 0.09850039 0.3053236 0.00672259 0.09751716 0.32480299 0.01428316 0.09982685 0.30525857 0.01600817 0.10022961 0.32390812 0.01840071 0.10161781 0.30536714 0.00124278 0.0972664 0.30544734 -0.00274324 0.09705332 0.32481867 -0.00495739 0.0975048 0.30941036 -0.00957102 0.09816156 0.32480496 -0.01181324 0.09901392 0.30604988 -0.01937806 0.10214864 0.30878854 -0.01527902 0.10021862 0.30887455 -0.0168144 0.10058385 0.32438904 -0.02631033 0.106388 0.33053565 -0.02714288 0.10758597 0.30510044 -0.0224391 0.10353871 0.33041787 -0.02361225 0.10478163 0.30532217 -0.03026485 0.11066873 0.30476648 -0.02981264 0.10962313 0.33109587 -0.03302719 0.11408296 0.30480081 -0.0329193 0.11330423 0.33099297 -0.03540788 0.11777683 0.30483371 -0.03557202 0.11731774 0.33089584 -0.03737839 0.12170766 0.30486414 -0.03773666 0.12160845 0.33080769 -0.0388885 0.12580001 0.30527967 -0.04002581 0.12894724 0.32479513 -0.03998682 0.13012886 0.30535722 -0.04060521 0.13453312 0.30542037 -0.04103656 0.13837069 0.32481688 -0.04074468 0.13910508 0.30896723 -0.04037858 0.14356849 0.30897301 -0.04032755 0.14523843 0.32480496 -0.03832545 0.15262023 0.32435581 -0.03857379 0.15115182 0.30892706 -0.03958781 0.14762425 0.30577332 -0.035712 0.15838814 0.33039606 -0.03445782 0.15975949 0.30541176 -0.03687283 0.15535654 0.30882734 -0.03002188 0.16611077 0.33053547 -0.02890747 0.16674146 0.30509973 -0.03309289 0.16241364 0.33043981 -0.03188196 0.16339107 0.30524683 -0.02575469 0.16961789 0.30442238 -0.0264566 0.16949517 0.33032456 0.00478064 0.09634174 0.34535563 -8.79E-05 0.09606844 0.34535545 -0.00495528 0.09636216 0.34535557 -0.00975562 0.09721898 0.34535551 -0.01442406 0.09862727 0.34535569 -0.01889741 0.10056803 0.34535554 -0.04019523 0.12605812 0.34535569 -0.04130981 0.13080521 0.34535569 -0.04186575 0.1356497 0.34535563 -0.04185554 0.14052588 0.34535587 -0.04127929 0.14536791 0.34535575 -0.0401448 0.15011033 0.34535566 -0.03846744 0.15468898 0.34535575 -0.02564506 0.1037503 0.35570076 -0.03285231 0.11058766 0.35570079 -0.0382885 0.11890282 0.35570079 -0.03695868 0.15948951 0.35618767 -0.03270064 0.16559307 0.35570058 0.00534604 0.09152901 0.40382776 -8.506E-05 0.0912226 0.40382782 -0.00551502 0.09154877 0.40382764 -0.01087038 0.09250311 0.4038277 -0.01607876 0.09407273 0.40382764 -0.02106968 0.09623635 0.40382788 -0.02577568 0.0989648 0.40382779 -0.03013311 0.10222112 0.40382776 -0.03408302 0.10596127 0.40382779 -0.03757203 0.11013471 0.40382761 -0.04055295 0.11468498 0.40382764 -0.04298545 0.11955053 0.40382761 -0.04483665 0.12466559 0.40382758 -0.04608151 0.12996095 0.40382761 -0.04670321 0.13536508 0.40382764 -0.04669331 0.1408048 0.40382755 -0.04605198 0.14620657 0.40382761 -0.04478787 0.15149736 0.4038277 -0.04291803 0.15660574 0.40382734 -0.04046789 0.16146235 0.40382755 -0.03747044 0.16600177 0.40382758 -0.03396629 0.17016244 0.40382749 -0.03040198 0.17445816 0.41357669 0.00560641 0.0900695 0.43007985 5E-06 0.08976776 0.4295451 -0.00544573 0.09007748 0.42953807 -0.01097239 0.09103375 0.42953759 -0.01635066 0.09262514 0.42953759 -0.02150779 0.09483013 0.42953768 -0.02637408 0.09761894 0.42953774 -0.0308837 0.10095382 0.42953774 -0.03497568 0.1047897 0.42953762 -0.03859467 0.10907469 0.42953745 -0.04169172 0.11375082 0.42953774 -0.04422498 0.11875491 0.42953777 -0.04616016 0.12401924 0.42953768 -0.04747111 0.12947264 0.42953762 -0.0481401 0.13504137 0.42953768 -0.04815807 0.14065011 0.42953762 -0.04752478 0.14622298 0.42953756 -0.04624882 0.15168464 0.42953783 -0.04434739 0.15696132 0.42953762 -0.04184626 0.16198152 0.42953762 -0.03877924 0.16667742 0.42953792 -0.03518778 0.17098549 0.4295378 -0.03099764 0.17517249 0.4377676 0.02165769 0.09488627 0.43032801 0.02087466 0.09611536 0.40414816 0.01875089 0.1003767 0.34690982 0.01664109 0.09273084 0.42953783 0.0159189 0.09401453 0.40382776 0.01425884 0.09856711 0.34535596 0.01127315 0.09110502 0.42953792 0.01070484 0.09246387 0.40382779 0.00958456 0.09717843 0.3453556 -0.04199772 0.16224581 0.45107919 -0.03311004 0.18683365 0.17039999 -0.03745664 0.18358356 0.17039981 -0.03718839 0.18347272 0.1798209 -0.03819579 0.18296757 0.17039999 -0.04215974 0.17927343 0.17040007 -0.04176373 0.17928576 0.18021151 -0.04283373 0.17857426 0.17039999 -0.04637506 0.17447318 0.17040007 -0.04598266 0.1745283 0.18021172 -0.04696949 0.17370528 0.17039999 -0.05004666 0.1692453 0.17040007 -0.04966249 0.16934264 0.18021137 -0.05055457 0.16841769 0.17039999 -0.05313148 0.1636512 0.17040007 -0.05276014 0.16378936 0.18021145 -0.05354695 0.16277346 0.17039999 -0.0555934 0.15775631 0.17040007 -0.05523917 0.15793383 0.18021144 -0.05591153 0.1568388 0.17039999 -0.05740355 0.15162981 0.17040007 -0.05707057 0.15184461 0.1802115 -0.05762061 0.15068325 0.17039999 -0.05854069 0.14534345 0.17040007 -0.05823289 0.14559297 0.18021151 -0.05865413 0.14437902 0.17039999 -0.05871248 0.13925242 0.18021141 0.02648102 0.0856058 0.18056208 0.02674021 0.08540761 0.17040002 0.02052051 0.08298492 0.18028185 0.01445202 0.08108874 0.18028171 0.00821415 0.07985985 0.18028195 -0.00433024 0.0794159 0.18000814 -0.01695747 0.0817844 0.18028204 -0.02864571 0.08674405 0.18028204 -0.03401954 0.09014166 0.180282 -0.03899454 0.09410037 0.18028185 -0.0435123 0.09857373 0.18028191 -0.04751996 0.10350937 0.18028191 -0.05097051 0.10884939 0.18028182 -0.05382346 0.11453114 0.18028183 -0.05604536 0.12048803 0.18028188 -0.0576102 0.1266503 0.18028186 -0.05848477 0.13289052 0.18039957 -0.05622511 0.13894761 0.20125042 -0.05579306 0.14502108 0.20125043 -0.0547069 0.15101221 0.20125039 -0.05297931 0.15685073 0.20125066 -0.04304685 0.15337119 0.25983685 -0.05063063 0.16246834 0.20125052 -0.04113263 0.15793523 0.25983667 -0.04768836 0.16779909 0.20125026 -0.03873605 0.1622656 0.25983709 -0.03584766 0.16044244 0.28418064 -0.04418697 0.17278039 0.20125026 -0.03588546 0.1663115 0.25983667 -0.03321102 0.16418672 0.28418094 -0.0401675 0.17735392 0.20125052 -0.03261405 0.17002538 0.25983709 -0.0301851 0.16762392 0.2841807 -0.03573012 0.18155351 0.20061623 -0.02911699 0.17349237 0.25863874 -0.02689825 0.17078787 0.2831642 0.01495646 0.09843968 0.28418088 0.01912346 0.1003882 0.28514084 0.01615263 0.09524024 0.25983685 0.02075263 0.09718393 0.25925773 0.01059157 0.0970545 0.28418082 0.00610249 0.09614937 0.28418076 0.00816109 0.08236227 0.20125046 0.00209772 0.08180604 0.20125037 -0.01003134 0.08266887 0.20125034 -0.0039902 0.08190864 0.20125034 -0.00820447 0.09303346 0.25983688 -0.01301811 0.09418415 0.25983706 -0.01767913 0.09584847 0.25983688 -0.01634729 0.09899381 0.28418064 -0.02046877 0.10098994 0.28418076 -0.02435027 0.10341996 0.28418082 0.00187992 0.07931256 0.18028191 -0.01595488 0.08407781 0.20125043 -0.02213289 0.09800702 0.25983691 -0.02794629 0.1062554 0.28418091 -0.02169135 0.08611895 0.20125058 -0.02632713 0.10063444 0.25983697 -0.03121466 0.10946299 0.28418082 -0.0107801 0.08028051 0.18028192 -0.02717352 0.08876832 0.20125058 -0.03021272 0.10369998 0.25983715 -0.03411708 0.11300521 0.28418091 -0.03233712 0.09199489 0.20125049 -0.0337441 0.10716759 0.25983697 -0.03661952 0.11684039 0.28418058 -0.02293606 0.08394736 0.18028194 -0.04147081 0.10002199 0.20125055 -0.03712161 0.09576084 0.20125039 -0.03687987 0.11099671 0.259837 -0.03958326 0.1151424 0.25983685 -0.0386926 0.1209237 0.28418064 -0.04031204 0.12520722 0.28418082 -0.04866546 0.10982489 0.20125028 -0.0453339 0.10472841 0.20125037 -0.04182256 0.11955611 0.25983685 -0.04357155 0.12418603 0.25983673 -0.04145887 0.12964073 0.28418088 -0.04211964 0.1341722 0.28418076 -0.04102216 0.14093277 0.29934555 0.01143478 0.09374451 0.25983694 0.00154189 0.09573488 0.28418058 -0.00514932 0.09719679 0.29934558 0.02552801 0.08779179 0.20042351 0.01993076 0.08541743 0.20125034 0.0065829 0.09276759 0.25983673 -0.00303682 0.09581595 0.2841807 0.01412875 0.08357076 0.20125028 0.00165384 0.09232098 0.25983649 -0.00757992 0.09639159 0.28418079 -0.00329463 0.09240995 0.25983664 -0.01203415 0.09745502 0.28418076 -0.01790835 0.10097692 0.29934561 -0.05142644 0.11525172 0.2012503 -0.04480966 0.12897792 0.25983688 -0.0422866 0.13874859 0.28418067 -0.05358446 0.12094522 0.20125046 -0.04552246 0.13387559 0.25983679 -0.04195776 0.14331618 0.28418088 -0.05511433 0.12683876 0.20125037 -0.0457015 0.13882163 0.259837 -0.04113703 0.14782143 0.28418082 -0.03793836 0.15387765 0.29934561 -0.05599796 0.13286303 0.20125046 -0.04534478 0.143758 0.25983691 -0.039834 0.15221158 0.28418076 -0.04445641 0.14862686 0.25983697 -0.03806396 0.15643507 0.28418073 0.04555102 0.15455961 0.45145965 0.04719061 0.14916876 0.4515911 0.04815768 0.14389017 0.45163503 0.04324411 0.15993084 0.45148724 0.03730772 0.16900888 0.45163083 0.03321397 0.1733458 0.45160565 0.02443367 0.17987804 0.45148668 0.01911935 0.18250412 0.45137265 0.01370123 0.18453911 0.45163059 0.00296434 0.18641511 0.45161688 0.00843884 0.18575475 0.4515925 -0.00304897 0.18641844 0.45163476 -0.00836624 0.18572792 0.45145071 -0.01377913 0.18448244 0.45148203 -0.0192488 0.18251246 0.45158669 -0.02451457 0.1798704 0.45163938 -0.02895033 0.17690399 0.45158887 -0.03717771 0.16911061 0.45147571 -0.04326557 0.15993685 0.45162463 -0.04047887 0.16463959 0.45145383 -0.045637 0.15444368 0.45162284 -0.04717977 0.14921288 0.45159069 -0.04815207 0.14393717 0.45164013 -0.058947 0.14088176 0.16979003 -0.05682689 0.15390536 0.16980499 -0.05821349 0.14756012 0.16984268 -0.05482068 0.15980664 0.16982216 -0.0521946 0.16552526 0.16980889 -0.04878667 0.17119035 0.16981393 -0.04498265 0.17617393 0.1698252 -0.04076655 0.18067051 0.16979825 -0.03030474 0.18861243 0.16990457 -0.03565127 0.18496954 0.16995442 -0.02480647 0.19152939 0.16982391 -0.01890928 0.19389138 0.16981715 -0.01253262 0.19564417 0.16990639 -0.00641118 0.19664931 0.16982213 -0.01257498 0.08034912 0.16981134 -0.00634424 0.07934362 0.16982248 -0.01895793 0.08211948 0.16980915 -0.02504247 0.08457944 0.16988967 -0.03042571 0.08745885 0.16984382 -0.03567823 0.09105053 0.16995385 -0.04068318 0.09528191 0.16990466 -0.04494086 0.09977672 0.16982514 -0.04880544 0.1048456 0.1698212 -0.05224189 0.11054917 0.1697989 -0.05479583 0.11613029 0.16982166 -0.0568121 0.12204047 0.1698032 -0.05821965 0.12845507 0.16983607 -0.05890647 0.13478297 0.16983333 2E-08 0.19695087 0.16993403 -0.050227 0.16863981 0.17017943 1E-08 0.18646869 0.45111692 -0.02674021 0.19059241 0.17040002 -0.02089722 0.19317523 0.17040002 -0.01480923 0.19511119 0.17040002 -0.00854762 0.19637755 0.17040002 -0.00218579 0.19695951 0.17040002 0.00420167 0.1968502 0.17040002 0.01053986 0.19605094 0.17040002 0.01675449 0.19457108 0.17040002 0.02277268 0.19242799 0.17040002 0.02852388 0.18964675 0.17040002 0.03394068 0.18626003 0.17040002 0.03895954 0.18230748 0.17040002 0.04352164 0.17783549 0.17040002 0.04757349 0.17289646 0.17040002 0.05106758 0.1675483 0.17040002 0.05396295 0.1618537 0.17040002 0.05622566 0.15587947 0.17040002 0.05782917 0.14969558 0.17040002 0.05875469 0.14337458 0.17040002 0.00431513 0.13538019 0.146 0.00508195 0.13831699 0.146 -0.00226654 0.13344045 0.146 0.00281346 0.13384593 0.146 0.0007667 0.13301042 0.146 -0.00505979 0.13857031 0.146 -0.00442643 0.13557296 0.146 -0.00203597 0.14266708 0.146 -0.00406455 0.14094131 0.146 0.00261981 0.14231515 0.146 0.00051495 0.14299066 0.146 0.00415404 0.1408135 0.146 -0.0007667 0.13301042 0.16600001 0.00213449 0.07891548 0.16600052 0.00226654 0.13344045 0.16600001 0.01624771 0.08116446 0.16600034 0.00442643 0.13557296 0.16600001 0.05414561 0.1145687 0.16599855 0.05613019 0.11975676 0.16599511 0.00505979 0.13857031 0.16600001 0.05802443 0.1267833 0.16598614 0.05910327 0.13682149 0.1659956 0.00203597 0.14266708 0.16600001 0.00197267 0.19704959 0.16599959 -0.00051495 0.14299066 0.16600001 0.04465503 0.09932218 0.16599953 0.05080157 0.10799666 0.16600001 0.0291143 0.08655582 0.16600023 0.03717518 0.09218509 0.16600001 -0.00281346 0.13384593 0.16600001 -0.03220988 0.08845431 0.16599946 -0.01969067 0.08228122 0.16599941 -0.00871115 0.07964663 0.16600001 -0.00261981 0.14231515 0.16600001 -0.03676751 0.18428403 0.1660002 -0.00415404 0.1408135 0.16600001 -0.01150667 0.19596809 0.16599995 -0.02487897 0.19162035 0.16600028 0.02845353 0.18981227 0.1660002 0.01550939 0.19502965 0.16599992 0.00406455 0.14094131 0.16600001 0.03977661 0.18172431 0.16600013 0.05900849 0.14008935 0.16600017 0.05791357 0.14930177 0.16599897 -0.00508195 0.13831699 0.16600001 -0.05705014 0.15306222 0.16599731 -0.05830147 0.14731087 0.16599584 -0.04469317 0.17651652 0.16600001 -0.04906468 0.17071474 0.1659978 -0.05410221 0.16191825 0.16600153 0.05630398 0.15561789 0.16599855 0.05261221 0.16490969 0.16599983 0.04689641 0.17380121 0.16600001 -0.05822351 0.12798646 0.16599888 -0.00431513 0.13538019 0.16600001 -0.05565904 0.1183553 0.16599785 -0.05262827 0.11134433 0.16599953 -0.04893494 0.10503984 0.16600001 -0.04264784 0.09711066 0.16599913 -0.00704181 0.19664451 0.15882462 -0.01192614 0.19627747 0.15738276 -0.01405323 0.19539702 0.15879446 -0.0581998 0.14719509 0.13034172 -0.05729651 0.15456951 0.12857342 -0.05794405 0.15376972 0.11565983 -0.05784464 0.18341351 0.10801943 -0.05620861 0.17909759 0.11510523 -0.05546841 0.18706954 0.11709352 -0.0071621 0.20025322 0.15507947 -0.00582054 0.20225404 0.15485023 -0.01391286 0.19957669 0.15429306 -0.01366171 0.20185784 0.15381138 4E-08 0.20080289 0.15517727 -0 0.20121789 0.15507111 -3E-08 0.20230557 0.15500276 -0.01889454 0.19406188 0.15774062 -0.00427211 0.19732256 0.15769611 -8.9E-07 0.197081 0.15924959 -0 0.19729722 0.15825975 -0 0.19717203 0.15862677 4.4E-07 0.19710889 0.15899688 -0.02328364 0.19357705 0.15488623 -0.01807953 0.1955034 0.15556476 -0.00845444 0.19779488 0.15631506 -1E-08 0.19750848 0.1577892 -2.3E-07 0.1979098 0.15720238 -0.01261763 0.19760311 0.1555863 -0.02088808 0.19616875 0.15383282 -0.02596618 0.19624048 0.15128198 -0.0258758 0.19360426 0.15316841 -0.02074814 0.19832653 0.15272504 -0.00438238 0.19894966 0.15590315 -0 0.1999311 0.15547149 -0.05569207 0.16728847 0.12283398 -0.05713639 0.15999307 0.11795031 -0.05610586 0.1606115 0.12986779 -0.05515345 0.1667963 0.12703694 -0.05445358 0.16503835 0.13480312 -0.05337112 0.17122245 0.13113686 -0.05144397 0.17380372 0.13546494 -0.05055433 0.17280436 0.14006591 -0.04766053 0.18002909 0.1390931 -0.04603769 0.18029773 0.14230952 -0.04428559 0.18021396 0.14614713 -0.0398735 0.18846536 0.14453052 -0.03955584 0.18520722 0.14808668 -0.03529458 0.18881711 0.14956993 -0.05666442 0.16984788 0.11446153 -0.05825102 0.15725127 0.10827362 -0.05343675 0.17591368 0.12670623 -0.05079265 0.18061085 0.13152798 -0.04988351 0.17912397 0.134707 -0.04698178 0.18446204 0.13687168 -0.043444 0.18669102 0.14103469 -0.03542457 0.19130513 0.1473943 -0.03070605 0.19463092 0.14918819 -0.03068951 0.19141451 0.15155512 -0.05777102 0.17446494 0.10727706 -0.055285 0.17489244 0.1198402 -0.05897352 0.17956775 0.09845935 -0.05870957 0.16340798 0.10210609 -0.05330637 0.18189038 0.12442054 -0.0502828 0.18560907 0.13007945 -0.04725212 0.18843 0.13434717 -0.04374579 0.19102988 0.13827506 -0.0397498 0.19261412 0.14223704 -0.03555334 0.19466889 0.14532065 -0.05334146 0.18926434 0.12253018 -0.05063403 0.19134894 0.12769404 -0.04737987 0.19330439 0.13254058 -0.04367862 0.19508523 0.13695508 -0.03986903 0.19655861 0.14062804 -0.03590772 0.19786856 0.14386323 -0.03097776 0.19916202 0.14709353 -0.02019791 0.20114702 0.15202004 -0.02548804 0.20031318 0.14994183 6E-08 0.19868858 0.1562885 -0.05631715 0.15584737 0.14911805 -0.0588797 0.14207195 0.15766928 -0.05775658 0.15018968 0.14228749 -0.04931654 0.17060736 0.15354764 -0.04481239 0.1766618 0.15351406 -0.02332698 0.19256358 0.15674901 -0.02725842 0.19041988 0.15808216 -0.02808937 0.19025278 0.15619251 -0.03262476 0.18731236 0.15633559 -0.03854737 0.18280855 0.15613109 -0.04059022 0.18130782 0.15367727 -0.04339762 0.17805794 0.15627509 -0.04939517 0.17117923 0.1489387 -0.05275616 0.16459829 0.15125123 -0.05593456 0.15847401 0.13900994 -0.05479322 0.16011097 0.14970239 -0.05354382 0.16511956 0.14091158 -0.05128676 0.16911273 0.14442244 -0.04608737 0.17590372 0.14992514 -0.04153249 0.18155178 0.15008865 -0.03748824 0.18507618 0.15163346 -0.03354129 0.18766375 0.15333469 -0.02837767 0.19101056 0.15416868 -0 0.19837642 0.15659973 -0.04843189 0.1746192 0.14425588 0.00491841 0.20045 0.15515229 -0 0.20048299 0.15525532 0.0070629 0.19843931 0.15602052 0.01282511 0.19719696 0.15584531 0.00985049 0.20030475 0.15476465 -0 0.19780549 0.15729958 0.00560011 0.19738115 0.15749536 0.05848362 0.14411575 0.13488363 0.05806125 0.14970577 0.12229798 0.05799772 0.14878123 0.13626413 0.05711715 0.160445 0.1173409 0.05740567 0.15387231 0.1280503 0.05812259 0.1553003 0.11123672 0.05900521 0.17905982 0.09718978 0.05792914 0.18314572 0.10735381 0.0583295 0.17308334 0.10381599 -0 0.19742443 0.15796451 0.00708708 0.19663483 0.15884244 0.01279667 0.19569883 0.15829946 0.03317622 0.19859253 0.14572354 0.02922256 0.19493696 0.15007043 0.03531016 0.19389057 0.14594415 0.02876361 0.1996703 0.14834496 0.02325103 0.20069805 0.1508967 0.02409005 0.19637434 0.15221566 0.01812057 0.19625017 0.15486784 0.01523825 0.19910328 0.15413642 7.4E-07 0.19891992 0.15615416 0.01001752 0.20211282 0.15446585 0.02050884 0.19824854 0.15284304 0.01773737 0.20144868 0.15277743 0.02433981 0.19420296 0.15362981 0.05665391 0.15758055 0.13073716 0.05589005 0.16397142 0.12532566 0.055732 0.16831551 0.12137244 0.05824044 0.16156028 0.10631228 0.05395115 0.16590661 0.13654545 0.05417044 0.16928154 0.12963058 0.05216751 0.17248812 0.13442548 0.05105083 0.1718927 0.13964534 0.04966775 0.17827556 0.13590749 0.0474317 0.17613074 0.14476492 0.04667388 0.17948249 0.14183608 0.04322791 0.18183401 0.1460727 0.04490852 0.18310481 0.14159425 0.04132987 0.18542151 0.14519393 0.02825244 0.19204715 0.15295115 0.03301169 0.1913375 0.14956427 0.03846813 0.18964952 0.14542931 0.04334844 0.18920746 0.13958549 0.04673959 0.18357944 0.13786773 0.05232382 0.17535622 0.13094376 0.05457439 0.1735134 0.12386337 0.0373219 0.18796796 0.14810121 0.05652111 0.17459048 0.11379393 0.05543485 0.17867039 0.11807539 0.05473623 0.18800843 0.1194164 0.05362903 0.18088885 0.12357675 0.05152856 0.19066449 0.12603077 0.04809044 0.1893861 0.1326642 0.04646043 0.19379877 0.13376731 0.04847655 0.18495016 0.13386802 0.04170825 0.19588879 0.13895006 0.03919389 0.19272566 0.14277652 0.03721653 0.19746652 0.1428628 0.05124253 0.1818054 0.129673 0.05720297 0.15262942 0.14607427 0.05564823 0.157709 0.15264732 0.01684023 0.1950523 0.15701587 0.01809252 0.19423357 0.15831995 0.03185019 0.1882132 0.1550914 0.02756277 0.19026759 0.15748616 0.03299531 0.18697815 0.15760352 0.03732753 0.18378252 0.15643926 0.0498404 0.17010082 0.15062439 0.04821894 0.1721783 0.15298578 0.05213708 0.16593298 0.15045752 0.05343467 0.16311628 0.15514526 0.05460453 0.16129252 0.14438778 0.05113406 0.16932695 0.14468591 0.04764975 0.17440572 0.1477937 0.0449728 0.17638123 0.1538512 0.04252865 0.18054983 0.14979023 0.04119137 0.18040386 0.15484589 0.03732855 0.18454725 0.15312847 0.02331378 0.19235736 0.15733817 0.02816394 0.19077471 0.15477794 0.0232347 0.19339781 0.15519777 0.03294343 0.18901744 0.15202339 0.03839853 0.18515189 0.15002599 0.05612824 0.15763658 0.13891178 0.05877691 0.14346124 0.15585354 -0.0066529 0.07929688 0.15750176 -0.00413378 0.07828168 0.15533084 -7.9E-07 0.07868438 0.15671226 -0 0.07805645 0.15534307 2E-08 0.07819355 0.15550211 -0.00423517 0.07765746 0.15492117 -0.01061252 0.07700058 0.15410791 2.5E-07 0.07699823 0.1550549 -0.05250865 0.09960371 0.12682775 -0.05389605 0.09775603 0.12220019 -0.05207804 0.09085759 0.12489361 -0.05006821 0.09643197 0.13130586 -0.04918449 0.08878344 0.12971404 -0.04720063 0.09274994 0.13487343 -0.04503228 0.08772405 0.13569111 -0.04272448 0.09041721 0.1404649 -0.0571527 0.0948187 0.11114527 -0.05578326 0.08884557 0.11556078 -0.05600835 0.10512756 0.11574554 -0.05841412 0.09545529 0.10454034 -0.05781678 0.10540728 0.10704847 -0.05888109 0.10290404 0.09925385 -0.05811536 0.11553436 0.10547064 -0.0485318 0.09859705 0.13686629 -0.0510611 0.10098118 0.13215235 -0.05208455 0.1043706 0.13214341 -0.05442963 0.10288946 0.12166072 -0.05388277 0.10824527 0.12805043 -0.04542517 0.09309064 0.13828436 -0.04513743 0.09566037 0.14166693 -0.04660136 0.09957039 0.14483021 -0.04503603 0.09920184 0.15115197 -0.04610099 0.10104787 0.15564176 -0.04827213 0.10271609 0.14657232 -0.05114163 0.10677253 0.1422828 -0.05043322 0.10337222 0.13768552 -0.04990721 0.10638751 0.15335177 -0.05317549 0.11218555 0.15032358 -0.05239831 0.10981268 0.14356303 -0.05360697 0.11174431 0.13803953 -0.0548798 0.1146799 0.13373555 -0.05535657 0.11271037 0.12345202 -0.05650804 0.12080251 0.1287269 -0.05734752 0.12102441 0.11365373 -0.05762052 0.12735699 0.12134667 -0.04115937 0.09549659 0.15454854 -0.0554049 0.11771214 0.14449173 -0.05666606 0.12212763 0.13906652 -0.05791552 0.12888274 0.1363529 -0.05741696 0.12434909 0.15739679 -0.05831723 0.12895209 0.15551376 -0.05880285 0.13288519 0.15613112 -1E-07 0.0789557 0.15900308 -0.02181901 0.082533 0.15527485 -0.02821852 0.0845396 0.15202671 -0.02182331 0.08192486 0.15370849 -0.043261 0.0959883 0.14742391 -0.0414429 0.09236252 0.14474548 -0.03844536 0.09161422 0.14990392 -0.03728717 0.08889491 0.14677761 -0.03299491 0.08799858 0.15245828 -0.0328637 0.08639494 0.14931914 -0.02825507 0.08560529 0.15467744 -0.01527634 0.08043721 0.15563981 -0.03740114 0.09221751 0.1562608 -0.03729254 0.09162203 0.15311863 -0.02225739 0.08325345 0.15772593 -0.02850244 0.08628225 0.15814352 -0.03279466 0.08881353 0.1564551 -0.01103439 0.07958355 0.15593134 -0.01249599 0.08028837 0.1584056 -0.01673722 0.08137228 0.15828261 -0 0.0772774 0.15500642 0 0.07769276 0.15509576 -2E-08 0.07789243 0.1552043 -0 0.07749842 0.15503685 3E-08 0.07739213 0.15501556 -0.00995159 0.07791878 0.15425436 -0.01680662 0.07816281 0.15266533 -0.02113334 0.07700257 0.15111877 -1E-08 0.07830444 0.15566611 -0.0206766 0.08031628 0.15220888 -0.01534823 0.0789388 0.15339234 -0.01526525 0.07974532 0.15426034 -0.00954602 0.07870667 0.15485545 -0.05900326 0.07700055 0.0969721 -0.05820583 0.0769999 0.10579251 -0.0567726 0.07699996 0.11208482 -0.05480868 0.07700001 0.11784641 -0.05365243 0.0864736 0.12082552 -0.05105087 0.07699986 0.12574247 -0.0508354 0.08281811 0.12608479 -0.046972 0.08338605 0.13195534 -0.04428131 0.07699981 0.13511126 -0.04398848 0.0811499 0.1354436 -0.03994659 0.08042379 0.13953444 -0.03638341 0.07700026 0.14252022 -0.03474458 0.0805641 0.14388251 -0.02901468 0.08015037 0.14766192 -0.04093003 0.08411135 0.13925327 -0.03665128 0.08278552 0.14291421 -0.02936184 0.07699963 0.14718759 -0.02524654 0.08131802 0.150415 -0.02328021 0.07905581 0.15038686 -0.02934586 0.08200879 0.14826272 -0.03974635 0.08708624 0.1419479 -0.0354078 0.0851067 0.14524505 -0.02955515 0.08380632 0.14960271 -0.05609832 0.11100961 0.11692738 0 0.07839976 0.15583842 0.0484243 0.09734079 0.13576983 0.05122969 0.09923942 0.13018024 0.05161652 0.1031459 0.13272011 0.05752059 0.07700048 0.10912158 0.05833829 0.09688208 0.10501771 0.05714028 0.09510086 0.11119561 0.05169636 0.08553082 0.12474658 0.05376227 0.08682307 0.12056677 0.05185907 0.09360203 0.12614694 0.04925663 0.08727532 0.12926619 0.05758383 0.10967593 0.10784806 0.05599866 0.10473822 0.11576081 0.05572441 0.09032691 0.11586565 0.05453029 0.1015061 0.12102277 0.05337539 0.09763199 0.12357528 0.043167 0.08498426 0.13704954 0.04619266 0.0869416 0.1336979 0.04582328 0.09223909 0.13684273 0.04134019 0.08663276 0.13982871 0.05885363 0.10537283 0.09959425 0.0489099 0.09245998 0.13160095 0.04370369 0.09153655 0.1398778 0.05382194 0.10472881 0.12534301 0.05393437 0.10946175 0.12952892 0.05558525 0.11064801 0.11974583 0.05744633 0.12096989 0.11276884 0.05821569 0.11739501 0.10523371 0.04926789 0.10189392 0.13976038 0.05211349 0.10759859 0.1378226 0.05542491 0.11450778 0.12615873 0.05571741 0.11766464 0.1322422 0.0543432 0.11390567 0.13842918 0.05682124 0.1220713 0.12410642 0.05784147 0.12851554 0.13495272 0.05663639 0.12198846 0.13917992 0.04496367 0.09972008 0.15641139 0.04497641 0.0992853 0.15189913 0.04839454 0.10409179 0.15378577 0.05778439 0.12834054 0.11961164 0.05870749 0.13201866 0.15495774 0.05429197 0.11470307 0.14692146 0.05192592 0.10980918 0.15343912 0.0493998 0.10346084 0.14262918 0.03036479 0.08597004 0.15194395 0.03060142 0.08738817 0.15650338 0.02562742 0.08437366 0.15538284 0.0191976 0.08137303 0.15482365 0.02066129 0.08266427 0.15792422 6E-08 0.07879689 0.15712954 0.00401996 0.07906938 0.15770669 0.00967648 0.07946165 0.15647827 0.0150885 0.08055791 0.15615848 0.01019463 0.07983197 0.15813047 0.01522059 0.08095454 0.15850987 0.04510535 0.09562553 0.14169003 0.02064761 0.08115533 0.15322676 0.02574727 0.08353682 0.15294918 0.02537176 0.08468205 0.15837243 0.04692679 0.10040618 0.14568329 0.05109949 0.10796208 0.14858097 0.03297063 0.08899486 0.15775132 0.03602264 0.09108616 0.15584262 0.04038549 0.09438131 0.1530125 0.04132364 0.09578373 0.15677506 0.04323127 0.09595716 0.14743896 0.04142667 0.09235105 0.14475985 0.0393797 0.09249407 0.14964592 0.03633215 0.08873384 0.14815378 0.03515137 0.08937126 0.15160713 0.00537098 0.07811838 0.15506493 0.00416149 0.07776131 0.15495475 0.00949033 0.0779405 0.15433364 0.00732265 0.07699975 0.15455948 0.01585238 0.07699971 0.15291777 0.01534545 0.07816237 0.15305924 0.02058658 0.07841298 0.15137741 0.0238579 0.0769997 0.14997545 0.01243952 0.07854983 0.15400916 0.01561616 0.07945908 0.15371129 -0 0.07781395 0.1551564 -0 0.07795358 0.15525207 -0 0.07808962 0.15537867 0.00407977 0.07856633 0.15584457 0.00993646 0.07896589 0.15514028 -0 0.07853573 0.15616168 0.023789 0.07929587 0.15019621 0.02211708 0.08029973 0.15153667 0.02834379 0.07997664 0.14798988 0.0314998 0.07699962 0.14598504 0.03323825 0.0802255 0.14490196 0.03738866 0.08101127 0.14181831 0.03943577 0.07699984 0.13994099 0.04004511 0.08027886 0.13942768 0.04406011 0.08099885 0.13534895 0.046332 0.07699998 0.13266939 0.04769066 0.08176775 0.13085334 0.05261809 0.07699995 0.1228843 0.05584144 0.07700016 0.11506646 0.05907894 0.07699987 0.09523683 0.05900232 0.10122503 0.09643713 0.05853282 0.07699991 0.10353614 0.02950605 0.08201535 0.14815995 0.0270086 0.0828646 0.15077375 0.03977118 0.08707726 0.14191207 0.03548027 0.08378133 0.14434865 0.03853492 0.0882324 0.14443845 0.03305911 0.08522163 0.14769791 -0.05885942 0.14699841 0.10144854 -0.05850979 0.14511427 0.11390477 -0.05856499 0.14135574 0.12881154 -0.05832418 0.13496737 0.11955689 -0.05805354 0.12735647 0.11148832 -0.05867933 0.13123961 0.10347424 0.0048883 0.17911731 0.09735312 0.00367719 0.17994805 0.09941893 0.00178706 0.18048182 0.10074516 -0.00106065 0.18056312 0.10094859 -0.00340486 0.1800727 0.09972892 -0.0048815 0.17912415 0.09737024 -0.00487801 0.17809945 0.09482027 -0.05885176 0.17671958 0.0913645 -0.05746726 0.17300072 0.08211382 -0.05337412 0.16839805 0.07066409 -0.00398832 0.17732984 0.09290528 -0.04819727 0.16486999 0.06188763 -0.0411826 0.16153011 0.05357997 -0.00183793 0.17667842 0.09128491 -0.03065689 0.15826182 0.04545001 -0.02041112 0.1563023 0.04057469 -0.00981649 0.15514266 0.03768619 0.00094603 0.1765749 0.09102755 0.001375 0.1548534 0.03697133 0.01132743 0.15527771 0.03802187 0.02298245 0.15668787 0.04153498 0.00296569 0.17694314 0.09194337 0.03203258 0.15864307 0.04639856 0.04529025 0.16332582 0.05804652 0.03829136 0.16053021 0.05109247 0.0046746 0.1777603 0.09397639 0.05046343 0.16625202 0.06532538 0.05551949 0.17042039 0.07569608 0.05864788 0.17557979 0.08852641 0.05837443 0.14762956 0.11392747 0.05885411 0.15410331 0.10116863 0.05869999 0.12698826 0.10260984 0.05834624 0.13351704 0.11282704 0.0585274 0.13735658 0.12836148 0.05852715 0.14088297 0.11118404 -0.00277344 0.07700001 0.09173924 -0.01657064 0.077 0.03927198 -0.00020255 0.077 0.09101504 -0.00340024 0.07700003 0.0370211 -0 0.077 0.091 0.00152333 0.077 0.09113735 0.00418212 0.077 0.0931125 0.05656198 0.077 0.0792148 0.00508741 0.077 0.0964262 0.05813038 0.077 0.08590747 -0.0553704 0.07700003 0.07537615 -0.00466573 0.077 0.09408687 -0.05870303 0.07700005 0.08898649 -0.0050164 0.077 0.09634992 -0.00414718 0.077 0.09895387 -0.00146337 0.077 0.10086866 -0 0.077 0.101 0.00136619 0.07700001 0.10088494 0.00384869 0.077 0.09926676 0.03461025 0.07700007 0.04812355 -0.02950883 0.077 0.04479942 0.04297706 0.077 0.05557757 0.04738691 0.077 0.0608506 0.05115354 0.077 0.06660075 0.05422579 0.077 0.07274997 0.00686231 0.077 0.03740044 0.01363148 0.077 0.03859632 0.02021561 0.077 0.0405714 0.02652532 0.077 0.04329889 -0.04919763 0.07700001 0.06326262 -0.04041455 0.077 0.05288501 -8E-08 0.19701645 0.15941243</float_array>
          <technique_common>
            <accessor source="#pos_0-array" count="10143" stride="3">
              <param name="X" type="float"/>
              <param name="Y" type="float"/>
              <param name="Z" type="float"/>
            </accessor>
          </technique_common>
        </source>
        <source id="norm_0">
          <float_array id="norm_0-array" count="19836">-0.54068 -0.55092 0.63573 -0.56632 -0.52278 0.63717 -0.50773 -0.62051 0.59764 -0.51387 -0.60366 0.60954 -0.53941 -0.57668 0.61358 -0.54771 -0.76305 -0.34316 -0.52743 -0.80363 -0.27568 -0.45044 -0.85903 -0.24326 -0.39297 -0.90568 -0.1591 0.5131 -0.6126 0.60121 0.52177 -0.59451 0.61181 0.53242 -0.58389 0.61286 0.55591 -0.54102 0.63108 0.56807 -0.5124 0.64401 0.54288 -0.55298 0.63206 0.3857 -0.91027 -0.1505 0.43467 -0.8722 -0.22435 0.49365 -0.83261 -0.25114 0.53117 -0.7847 -0.31954 0.55902 -0.75992 -0.3317 -0.01093 -0.99989 0.01031 -0.01775 -0.99981 0.00833 -0.01848 -0.99983 -0.00036 -0.02747 -0.99955 -0.01177 -0.03175 -0.99949 -0.00274 -0.01383 -0.99983 -0.01181 -0.00805 -0.99969 -0.0237 -0.00177 -0.99975 -0.02225 -0.01274 -0.99978 -0.01652 0.01372 -0.99979 -0.01511 0.02264 -0.99957 -0.01857 0.01083 -0.99967 -0.02332 0.02161 -0.99977 -0.0011 0.01627 -0.99986 0.00437 0.01964 -0.99957 0.02157 0.01564 -0.9996 0.02352 0.002 -0.99989 0.01457 -0.00683 -0.99983 0.01696 -0.02297 -0.9997 -0.0082 -0.01873 -0.99973 -0.01392 -0.01866 -0.9998 -0.00736 -0.00221 -0.99987 -0.01626 -0.00034 -0.99982 -0.01919 0.01102 -0.99977 -0.01855 0.01035 -0.99978 -0.01828 0.01907 -0.99981 -0.00462 0.04194 -0.9991 0.00598 0.02817 -0.99943 -0.01872 0.01513 -0.99983 0.01083 0.01493 -0.99984 0.00984 0.00167 -0.99981 0.0195 -0.00328 -0.99956 0.02945 -0.01236 -0.99948 0.02973 -0.02015 -0.99958 0.02104 -0.01167 -0.99968 0.0225 -0.01724 -0.99985 0.0015 -0.02294 -0.99973 -0.00402 0.00081 -0.99975 0.02228 0.00601 -0.99969 0.02411 -0.00875 -0.99939 0.03385 -0.01096 -0.9994 0.03294 -0.01727 -0.9997 0.01719 -0.01209 -0.99974 0.01939 -0.02893 -0.99952 -0.01128 -0.03121 -0.9995 -0.0045 -0.0306 -0.99953 -0.00339 -0.02141 -0.99936 -0.02859 -0.01846 -0.99941 -0.02913 -0.00861 -0.99969 -0.02341 -0.00214 -0.9997 -0.02436 0.00903 -0.99986 -0.0144 0.03528 -0.99925 -0.01588 0.02944 -0.99936 -0.0204 0.03026 -0.99954 0.00347 0.03065 -0.99953 0.00296 0.02512 -0.99958 -0.01462 -0.01213 -0.99992 -0.00228 -0.01503 -0.99979 -0.01423 -0.00905 -0.99982 -0.01645 -0.00192 -0.99956 -0.02973 0.00741 -0.99955 -0.029 0.00776 -0.99954 -0.02918 0.00334 -0.99953 -0.03031 0.01526 -0.99983 -0.00999 0.02985 -0.99954 -0.00432 0.0293 -0.9995 -0.01182 0.02011 -0.99977 0.00711 0.02125 -0.99973 0.0099 0.02066 -0.99937 0.02897 0.0179 -0.99935 0.03139 0.00207 -0.99963 0.02696 -0.00061 -0.99958 0.029 -0.01671 -0.99945 0.02851 -0.01463 -0.99943 0.03031 -0.01742 -0.99977 0.01262 -0.01945 -0.99975 0.01105 0.39067 -0.88266 0.26133 0.37554 -0.89198 0.25168 -0.00906 -0.80954 -0.58699 -0.18239 -0.88785 -0.42245 -0.04957 -0.88574 0.46153 0.07599 -0.99634 0.0392 0.78578 -0.61834 0.01449 0.34969 -0.84356 0.40758 0.59736 -0.6129 0.51721 -0.61004 -0.27528 -0.74302 -0.24371 -0.70916 -0.66159 -0.6109 -0.64211 -0.46313 0.56488 -0.66687 0.486 0.26997 -0.40336 0.87431 -0.51204 0.78734 0.34339 0.68194 -0.73131 0.01176 0.67081 -0.47154 0.57241 0.30309 0.82814 -0.47152 0.19516 0.97416 0.11371 0.09011 -0.72723 -0.68045 -0.21407 0.55728 -0.80226 0.38168 -0.8026 -0.45843 0.60755 -0.50029 -0.61692 -0.7675 -0.0083 -0.64099 -0.67565 -0.59628 -0.43353 -0.51196 -0.70895 -0.48507 0.14234 -0.70905 -0.69064 -0.13043 0.28019 -0.95104 -0.58437 0.11842 0.8028 0.84612 -0.48743 -0.21564 0.35706 -0.24982 -0.90005 0.89249 -0.42033 -0.16364 0.72362 -0.11233 -0.68099 -0.51903 -0.41986 0.74453 -0.66245 -0.33909 0.66797 0.18803 -0.51274 0.8377 0.21915 -0.50069 0.83742 0.80204 -0.50104 0.32509 -0.48295 0.67795 -0.55421 0.81687 -0.54854 -0.1784 0.90289 -0.36356 0.22939 0.50363 -0.74228 -0.44201 -0.13169 -0.37857 -0.91616 -0.47898 -0.53663 0.6947 -0.78805 -0.36801 0.49351 -0.7401 -0.60837 0.2866 -0.64251 -0.60268 0.47324 -0.27383 -0.23167 0.93346 0.0865 -0.50201 -0.86052 0.39004 -0.7621 -0.51679 0.29787 -0.71852 -0.62849 0.59707 -0.39658 -0.6973 0.68428 -0.61781 -0.38738 -0.10161 -0.72223 -0.68414 0.25214 0.93604 -0.24546 0.26921 -0.66112 -0.70032 -0.39417 -0.90775 -0.14357 -0.37807 -0.78457 -0.49144 0.21648 0.922 0.32101 -0.8224 -0.18086 -0.5394 -0.86221 -0.44855 0.23536 -0.11355 -0.43244 0.89448 0.20421 -0.43435 0.87729 0.54222 -0.1796 0.82082 0.69605 -0.27505 0.66322 -0.70241 -0.49051 -0.51577 -0.65058 -0.39377 -0.64937 -0.86774 -0.46854 -0.16582 -0.36661 0.60589 -0.70604 0.19625 -0.53921 0.81898 -0.55719 0.05739 -0.8284 0.74192 0.57439 0.34589 0.15652 -0.97823 -0.13629 0.01397 -0.79679 -0.6041 -0.02313 -0.94664 -0.32147 -0.39319 -0.91294 0.10925 0.20823 -0.9616 -0.17876 -0.5647 -0.78645 0.2502 0.09443 -0.9113 0.40077 0.22354 -0.96453 0.14042 -0.53391 -0.6276 0.56662 0.81099 0.35356 0.46615 -0.59434 -0.7544 -0.27864 0.39158 -0.78761 -0.47574 0.61957 -0.73188 -0.28368 -0.25995 -0.86808 0.42292 -0.62174 -0.63279 -0.46154 0.55798 -0.46652 0.68631 0.4346 -0.70294 0.56303 0.47936 -0.70335 0.52489 0.5256 -0.64805 0.55115 0.61839 -0.47428 0.62662 0.77935 -0.53875 0.31994 0.78822 -0.53027 0.31229 0.80758 -0.53987 0.2374 0.80044 -0.54724 0.24458 0.82074 -0.54734 0.16369 0.81984 -0.54839 0.1647 0.815 -0.572 0.09269 0.83004 -0.55355 0.06795 0.81004 -0.58593 0.02303 0.8266 -0.56259 -0.01495 0.79468 -0.60525 -0.04651 0.81092 -0.57416 -0.11294 0.66243 -0.64959 -0.37311 0.2019 -0.97931 -0.01379 0.35039 -0.92857 -0.12241 0.24847 -0.96742 -0.04851 0.53175 -0.83684 -0.13017 0.37691 -0.89764 -0.22845 0.53153 -0.72625 -0.43594 0.59838 -0.65632 -0.45955 0.01943 -0.77224 -0.63503 -0.00365 -0.94834 -0.31724 0.03483 -0.99921 -0.01921 0.05209 -0.99855 0.01349 0.11768 -0.98975 -0.08093 0.08841 -0.99573 -0.02641 0.11582 -0.99288 -0.02777 0.1369 -0.99044 -0.01714 0.18783 -0.98058 -0.05634 0.22427 -0.97356 -0.04331 0.26112 -0.95991 -0.10189 0.29449 -0.95481 -0.04026 0.36344 -0.9316 0.00612 0.38883 -0.92107 -0.02116 0.39643 -0.91787 0.01907 0.44835 -0.89367 0.01815 0.43181 -0.90013 0.0575 0.58561 -0.7899 0.18198 0.47364 -0.86899 0.14328 0.36144 -0.80467 0.47102 0.31943 -0.80449 0.50075 0.31821 -0.78876 0.52593 0.25198 -0.78778 0.56205 0.27726 -0.80443 0.52538 0.18805 -0.80495 0.56275 0.23653 -0.79809 0.55418 0.13958 -0.79548 0.58969 0.08143 -0.8137 0.57556 0.04924 -0.78396 0.61885 -0.00103 -0.80332 0.59554 0.00418 -0.80424 0.59429 0.02339 -0.80442 0.5936 0.31279 -0.46958 0.82563 0.24358 -0.46929 0.84879 0.32661 -0.50015 0.80198 0.39604 -0.47487 0.78591 0.41361 -0.51077 0.75369 0.4966 -0.45027 0.74206 0.51185 -0.51068 0.6908 0.17609 -0.80664 -0.5642 0.52535 -0.74667 -0.40802 0.49998 -0.71587 -0.4874 0.42328 -0.77715 -0.4657 0.42069 -0.75246 -0.50678 0.37337 -0.74679 -0.55037 0.56369 -0.81675 -0.12317 0.6114 -0.78955 -0.05288 0.60598 -0.79371 -0.05304 0.596 -0.80141 0.05038 0.62761 -0.77674 0.05269 0.73006 -0.68141 0.05181 0.69398 -0.71912 0.03562 0.7324 -0.68059 -0.0198 0.70763 -0.70087 -0.08969 0.6137 -0.77023 -0.17357 0.64868 -0.703 -0.29157 0.56163 -0.78291 -0.26762 0.60305 -0.75744 0.25023 0.65203 -0.74003 0.16494 0.60469 -0.78141 0.15411 0.69119 -0.66122 0.29164 0.68999 -0.66913 0.27598 0.72992 -0.63923 0.24206 0.72955 -0.66092 0.1759 0.70647 -0.68987 0.15809 0.74086 -0.66201 0.11344 0.59692 -0.66003 0.45613 0.65173 -0.6273 0.42632 0.66528 -0.64832 0.37025 0.64655 -0.68054 0.34472 0.05279 -0.73751 0.67327 0.17527 -0.71781 0.67382 0.30025 -0.70077 0.64712 0.3745 -0.71348 0.5922 0.44236 -0.75261 0.48775 0.45485 -0.72824 0.51262 0.53458 -0.72679 0.43128 0.52136 -0.74601 0.41432 0.5928 -0.73086 0.33827 0.08194 -0.70097 0.70847 0.18372 -0.7082 0.68169 0.31614 -0.68557 0.65578 0.35443 -0.68202 0.63971 0.43333 -0.68847 0.58158 0.41559 -0.68359 0.59999 0.03109 -0.61281 0.78962 0.08017 -0.6368 0.76685 0.20772 -0.62307 0.75408 0.32613 -0.62171 0.71212 0.47002 -0.63647 0.61155 0.74783 -0.65103 -0.13004 0.75658 -0.63232 -0.16662 0.73529 -0.64448 -0.20975 0.74734 -0.61634 -0.24822 0.70481 -0.64129 -0.30328 0.64199 -0.71187 -0.28475 0.57064 -0.60271 0.55777 0.57952 -0.59756 0.55415 0.61288 -0.61353 0.49795 0.63377 -0.52104 0.57171 0.67687 -0.49799 0.54209 0.68089 -0.52713 0.50845 0.71733 -0.51449 0.46984 0.71804 -0.53472 0.44552 0.75654 -0.52563 0.38905 0.75412 -0.53836 0.37613 0.12439 -0.59845 0.79145 0.23387 -0.59279 0.77065 0.28181 -0.57921 0.76492 0.40869 -0.54565 0.7316 0.43444 -0.5743 0.69386 0.46343 -0.56605 0.68178 0.02984 -0.51057 0.85932 0.05279 -0.48889 0.87075 0.14122 -0.50458 0.85174 0.14027 -0.5031 0.85277 0.21817 -0.5046 0.83533 0.50758 -0.52419 0.6838 0.46192 -0.87959 0.11379 0.38653 -0.82461 0.41305 0.43461 -0.81424 0.38488 0.47612 -0.78844 0.38944 0.45116 -0.82321 0.34465 0.47812 -0.82355 0.30524 0.56938 -0.76992 0.28814 0.5074 -0.83193 0.22459 0.50418 -0.84761 0.16542 0.17335 -0.984 -0.04116 0.06708 -0.89934 -0.43208 0.00597 -0.99957 -0.02885 0.02941 -0.99384 -0.10684 0.02212 -0.99881 -0.04358 0.06043 -0.80622 -0.58852 0.1095 -0.75011 -0.65218 0.2212 -0.81397 -0.53715 0.31305 -0.76282 -0.56578 0.24972 -0.78741 -0.56358 0.17689 -0.81119 -0.55738 0.09704 -0.91774 -0.38514 0.09111 -0.95857 -0.26989 0.32693 -0.77847 -0.53582 0.27298 -0.95795 -0.08842 0.33648 -0.93913 -0.06933 0.36252 -0.92957 -0.06699 0.33846 -0.94024 -0.03723 0.5026 -0.8615 0.07223 0.52977 -0.84098 -0.11 0.44821 -0.88669 -0.11358 0.43234 -0.85828 -0.27648 0.37614 -0.8984 -0.22672 0.33297 -0.88709 -0.31968 0.32387 -0.90272 -0.2832 0.2639 -0.90882 -0.32311 0.16385 -0.96205 -0.2182 0.15518 -0.96716 -0.20132 0.15859 -0.77714 0.60902 0.41157 -0.77398 0.48121 0.52177 -0.80254 0.28928 0.5493 -0.79547 0.25593 0.48468 -0.87084 0.082 -0.13314 -0.99024 -0.04116 -0.53435 -0.63319 0.55995 -0.01545 -0.94231 -0.33437 -0.03106 -0.91121 -0.41078 -0.27543 -0.73254 -0.62251 -0.24294 -0.78782 -0.56597 -0.18792 -0.79617 -0.57515 -0.16119 -0.74641 -0.64566 -0.09803 -0.80151 -0.58989 -0.06655 -0.76564 -0.63982 -0.59653 -0.68218 -0.42282 -0.25133 -0.96511 -0.07344 -0.27412 -0.95529 -0.11076 -0.39084 -0.90909 -0.1442 -0.31071 -0.9442 -0.10929 -0.25652 -0.96628 -0.02229 -0.30573 -0.94971 -0.06768 -0.6775 -0.62374 -0.38979 -0.66527 -0.657 -0.35464 -0.77267 -0.6166 -0.15094 -0.81181 -0.57798 -0.08313 -0.81938 -0.5732 -0.00738 -0.81235 -0.58314 0.00571 -0.82256 -0.56608 0.05424 -0.80758 -0.58321 0.08765 -0.8532 -0.50748 0.12044 -0.80297 -0.55852 0.20806 -0.78208 -0.54708 0.29843 -0.80089 -0.53182 0.27521 -0.79765 -0.49104 0.35019 -0.75055 -0.53394 0.38933 -0.74498 -0.50108 0.44036 -0.72054 -0.51994 0.45879 -0.70096 -0.4994 0.50918 -0.6771 -0.51597 0.5247 -0.66663 -0.47515 0.57431 -0.58719 -0.53756 0.60518 -0.42496 -0.70158 0.57201 -0.56486 -0.46568 0.68123 -0.49382 -0.45517 0.74092 -0.40142 -0.51234 0.75919 -0.3994 -0.47087 0.78661 -0.32184 -0.47297 0.8202 -0.3004 -0.50107 0.8116 -0.24781 -0.47976 0.84168 -0.05082 -0.73848 0.67236 -0.0854 -0.8249 0.55879 -0.13659 -0.81782 0.55903 -0.17913 -0.76911 0.6135 -0.187 -0.81772 0.54439 -0.2636 -0.80529 0.53105 -0.2635 -0.80539 0.53096 -0.31356 -0.81575 0.48604 -0.33219 -0.80371 0.49367 -0.35928 -0.81432 0.45586 -0.39312 -0.79566 0.46085 -0.38329 -0.82931 0.40662 -0.47495 -0.86204 0.17692 -0.51215 -0.84638 0.1461 -0.45519 -0.88316 0.11331 -0.49391 -0.85797 0.14118 -0.42985 -0.90148 0.05065 -0.36987 -0.92908 0.00202 -0.36747 -0.92975 -0.02312 -0.39572 -0.9169 -0.05192 -0.19598 -0.9793 -0.05064 -0.09155 -0.99571 -0.01343 -0.07925 -0.99654 -0.02519 -0.08308 -0.99445 -0.06458 -0.04518 -0.99886 -0.01539 -0.03769 -0.99784 -0.05388 -0.02421 -0.99918 -0.03231 -0.23793 -0.68396 0.68963 -0.16152 -0.68735 0.70814 -0.16489 -0.68353 0.71106 -0.04458 -0.68618 0.72607 -0.431 -0.64988 0.62601 -0.4563 -0.62502 0.63335 -0.34142 -0.66032 0.66889 -0.36593 -0.63525 0.68012 -0.26757 -0.64344 0.71721 -0.03583 -0.63964 0.76784 -0.26688 -0.58963 0.76231 -0.18662 -0.58651 0.78815 -0.18387 -0.59006 0.78614 -0.06395 -0.59331 0.80243 -0.49493 -0.53819 0.68219 -0.48364 -0.54918 0.68154 -0.38551 -0.55426 0.73768 -0.39208 -0.54666 0.73989 -0.29677 -0.54985 0.78076 -0.50141 -0.52156 0.69034 -0.19496 -0.51879 0.83237 -0.16601 -0.47912 0.86191 -0.05407 -0.50461 0.86165 -0.05817 -0.49792 0.86527 -0.63345 -0.48593 0.60217 -0.626 -0.54905 0.55377 -0.58673 -0.57604 0.56915 -0.62273 -0.57939 0.52584 -0.71158 -0.59814 0.36862 -0.7295 -0.60817 0.313 -0.80213 -0.55952 0.20862 -0.72815 -0.67685 0.108 -0.70028 -0.65166 0.29147 -0.65775 -0.6433 0.39183 -0.63386 -0.64124 0.43248 -0.63561 -0.64006 0.43165 -0.60844 -0.63295 0.47873 -0.04251 -0.77704 0.62802 -0.05912 -0.79205 0.60759 -0.14795 -0.74551 0.64987 -0.17071 -0.79422 0.58315 -0.58443 -0.79907 0.14116 -0.63039 -0.77584 0.02612 -0.6182 -0.78535 0.03251 -0.58223 -0.81061 -0.06263 -0.59278 -0.80161 -0.07765 -0.56346 -0.81592 -0.12952 -0.56137 -0.81788 -0.12622 -0.56624 -0.7997 -0.19963 -0.5493 -0.80948 -0.2074 -0.50302 -0.67815 0.5358 -0.73189 -0.68047 -0.03606 -0.67419 -0.73835 0.01769 -0.71231 -0.70102 0.0345 -0.62839 -0.76254 0.15378 -0.6371 -0.74542 0.1961 -0.59742 -0.77155 0.21863 -0.62261 -0.72497 0.29458 -0.57534 -0.75256 0.32039 -0.58001 -0.744 0.33175 -0.55104 -0.73127 0.40199 -0.49916 -0.76246 0.4117 -0.51447 -0.72152 0.46339 -0.48099 -0.71599 0.50597 -0.43415 -0.74585 0.50519 -0.44865 -0.73523 0.50809 -0.40635 -0.72764 0.55265 -0.37928 -0.74657 0.54661 -0.31013 -0.73321 0.60517 -0.30547 -0.73716 0.60274 -0.2367 -0.72917 0.6421 -0.03202 -0.72231 0.69083 -0.60086 -0.73052 -0.32451 -0.46478 -0.81267 -0.35149 -0.46071 -0.82701 -0.32218 -0.24245 -0.87209 -0.42506 -0.34028 -0.79933 -0.49526 -0.5375 -0.71295 -0.45033 -0.56255 -0.68259 -0.46649 -0.42289 -0.82491 -0.37509 -0.34995 -0.75058 -0.5605 -0.35006 -0.78274 -0.51457 -0.40589 -0.73734 -0.53999 -0.46581 -0.72616 -0.50568 -0.76309 -0.63616 0.114 -0.75463 -0.62435 0.20181 -0.73564 -0.64398 0.21002 -0.67989 -0.67258 -0.29221 -0.70526 -0.64966 -0.2838 -0.72116 -0.65873 -0.21447 -0.73243 -0.63476 -0.24621 -0.74018 -0.65467 -0.15342 -0.7506 -0.64375 -0.14894 -0.46804 -0.88 0.08089 -0.49958 -0.86401 0.06246 -0.33828 -0.9391 -0.06052 -0.33427 -0.94109 -0.05119 -0.46611 -0.86619 -0.18016 -0.42133 -0.90672 0.0184 -0.42686 -0.90422 0.01327 -0.15331 -0.98774 -0.0294 -0.1501 -0.98661 -0.06376 -0.39439 -0.89444 -0.21078 -0.30388 -0.91455 -0.26694 -0.25599 -0.96248 -0.09005 -0.2422 -0.96565 -0.09408 -0.29699 -0.92007 -0.25548 -0.18945 -0.97114 -0.14494 -0.17823 -0.94675 -0.26814 -0.13864 -0.96529 -0.22136 -0.10961 -0.9544 -0.27767 -0.05834 -0.98218 -0.17867 -0.01946 -0.79999 -0.5997 0.01072 -0.99931 -0.03547 -0.08923 -0.8673 -0.48972 -0.11866 -0.90626 -0.40573 -0.46583 -0.7385 -0.48746 -0.80523 -0.5888 -0.07014 -0.50929 -0.8329 0.21656 -0.50045 -0.83747 0.21952 -0.47779 -0.83814 0.26311 -0.51998 -0.7984 0.3036 -0.45156 -0.83482 0.3149 -0.44704 -0.80871 0.38229 -0.46852 -0.79414 0.38707 0.4175 -0.88642 -0.19988 0.44047 -0.6746 0.59237 -0.41004 -0.39077 -0.82412 0.45657 -0.72492 0.51579 -0.43639 -0.70945 0.5534 0.00766 -0.66756 0.74451 0.03741 -0.68325 0.72923 0.04202 -0.67755 0.73427 0.09116 -0.6825 0.72518 0.08675 -0.68919 0.71937 0.14175 -0.67286 0.72606 0.14954 -0.70635 0.69189 0.18465 -0.68602 0.70376 0.20019 -0.70372 0.68169 0.21318 -0.69536 0.68632 0.23456 -0.71044 0.66352 0.25039 -0.70265 0.66602 0.26374 -0.72371 0.63772 0.26947 -0.71969 0.63987 0.32041 -0.71807 0.61783 0.30814 -0.72688 0.61376 0.33927 -0.73502 0.58706 0.31826 -0.74442 0.58698 0.35258 -0.72427 0.59256 0.36346 -0.72966 0.57921 0.37518 -0.74673 0.54922 0.3827 -0.72812 0.56867 0.43996 -0.75425 0.48738 0.41263 -0.76732 0.49087 0.40438 -0.74711 0.52754 0.37081 -0.76511 0.52641 0.49977 -0.79677 0.33969 0.49194 -0.77711 0.39256 0.46741 -0.78961 0.39753 0.47006 -0.76347 0.4429 0.43455 -0.78096 0.44863 0.53713 -0.80453 0.25342 0.50783 -0.81106 0.29032 0.51847 -0.80566 0.28654 0.49723 -0.79897 0.33825 0.55572 -0.81947 0.14017 0.51458 -0.83788 0.1821 0.54932 -0.81129 0.20013 0.51952 -0.8209 0.23711 0.52238 -0.84433 0.11928 0.54941 -0.83113 0.08583 0.52639 -0.84811 0.06013 0.53747 -0.84189 0.04837 0.52094 -0.85358 -0.00509 0.51053 -0.85985 0.00419 0.53543 -0.84317 -0.04865 0.49133 -0.86747 -0.07806 0.5034 -0.85893 -0.094 0.47285 -0.86974 -0.14131 0.4791 -0.86459 -0.15149 0.44356 -0.87537 -0.19229 0.45052 -0.86849 -0.20676 0.41684 -0.87817 -0.23468 0.41951 -0.87098 -0.25573 0.42162 -0.86167 -0.28243 0.50514 -0.8285 -0.24169 0.40649 -0.86195 -0.30301 0.43334 -0.84423 -0.31544 0.34152 -0.89239 -0.29496 0.36412 -0.88486 -0.29059 0.35874 -0.87217 -0.33259 0.32043 -0.89219 -0.3183 0.3174 -0.87337 -0.36944 0.27483 -0.88591 -0.37367 0.26549 -0.89185 -0.36621 0.23532 -0.87864 -0.41547 0.21782 -0.88951 -0.40165 0.1286 -0.88136 -0.45461 0.17804 -0.88912 -0.42162 0.17683 -0.87765 -0.44548 0.11369 -0.89321 -0.43503 0.0762 -0.87546 -0.47724 0.04298 -0.89981 -0.43416 0.01918 -0.87604 -0.48186 0.02052 -0.83746 0.54612 0.00527 -0.7423 0.67005 0.00534 -0.70009 0.71403 0.00465 -0.79317 0.60899 0.03894 -0.13915 0.98951 0.03878 -0.05936 0.99748 0.03882 -0.20042 0.97894 0.0383 -0.27871 0.95961 0.03677 -0.39565 0.91766 0.03562 -0.04409 -0.99839 0.00542 -0.99979 -0.01967 0.01084 -0.99345 -0.11372 0.01595 -0.97821 -0.20698 0.02093 -0.95272 -0.30313 0.02552 -0.9171 -0.39783 0.02965 -0.87139 -0.48969 0.03326 -0.8155 -0.5778 0.03619 -0.75184 -0.65835 0.03855 -0.67704 -0.73494 0.04016 -0.59658 -0.80155 0.04104 -0.51028 -0.85903 0.04122 -0.42041 -0.9064 0.0407 -0.3254 -0.9447 0.03959 -0.233 -0.97167 0.03786 -0.13782 -0.98973 -0.0018 -0.79318 0.60898 -0.01707 -0.20077 0.97949 0.01177 -0.99974 -0.01967 0.00585 -0.9935 -0.11372 -0.01617 -0.05963 0.99809 -0.0168 -0.13946 0.99009 -0.01985 -0.04404 -0.99883 -0.02245 -0.13781 -0.9902 -0.02449 -0.23304 -0.97216 -0.02656 -0.42055 -0.90688 -0.02651 -0.51047 -0.85949 0.00028 -0.97834 -0.20701 -0.00513 -0.95291 -0.3032 -0.01012 -0.91735 -0.39796 -0.01457 -0.87167 -0.48988 -0.01845 -0.81579 -0.57805 -0.02156 -0.75213 -0.65867 -0.02403 -0.6773 -0.73531 -0.02567 -0.59681 -0.80197 -0.01701 -0.27908 0.96012 -0.02586 -0.32548 -0.94519 -0.02055 -0.07219 0.99718 0.00948 -0.95599 0.29325 -0.00725 -0.70011 0.714 -0.00497 -0.74232 0.67003 -0.01617 -0.39605 0.91808 -0.42276 -0.86885 -0.25763 -0.47434 -0.84647 -0.24185 -0.40535 -0.86182 -0.30488 -0.40424 -0.85792 -0.31713 -0.41994 -0.86365 -0.27886 -0.31607 -0.89479 -0.31536 -0.35481 -0.87482 -0.32984 -0.36067 -0.88673 -0.28918 -0.34483 -0.8923 -0.29137 -0.31234 -0.87242 -0.37593 -0.25324 -0.89902 -0.35726 -0.25489 -0.8822 -0.39591 -0.20679 -0.88889 -0.4088 -0.20447 -0.88107 -0.4265 -0.15547 -0.89548 -0.41706 -0.15041 -0.88062 -0.44932 -0.09277 -0.88807 -0.45025 -0.09099 -0.88979 -0.44722 -0.03837 -0.88479 -0.4644 -0.03219 -0.89123 -0.45242 -0.41827 -0.88037 -0.22362 -0.46382 -0.85824 -0.21976 -0.44352 -0.88286 -0.15442 -0.48676 -0.85934 -0.15686 -0.47674 -0.87358 -0.09788 -0.51343 -0.85224 -0.10036 -0.51305 -0.85767 -0.03437 -0.54126 -0.84084 -0.00611 -0.51183 -0.85846 -0.03295 -0.51269 -0.85769 0.03904 -0.54997 -0.83354 0.05234 -0.52352 -0.84688 0.09337 -0.5595 -0.82137 0.11098 -0.51962 -0.8394 0.1594 -0.55626 -0.81295 0.1723 -0.52714 -0.81719 0.23308 -0.53263 -0.81426 0.23083 -0.51329 -0.80663 0.29306 -0.52375 -0.80178 0.28781 -0.534 -0.78364 0.31743 -0.49696 -0.78564 0.3685 -0.48691 -0.795 0.36179 -0.47619 -0.77506 0.41536 -0.46805 -0.77901 0.41722 -0.46731 -0.76216 0.44804 -0.43694 -0.77453 0.45736 -0.44692 -0.74775 0.49105 -0.4083 -0.76462 0.49865 -0.4135 -0.73844 0.53266 -0.36616 -0.76067 0.53601 -0.38912 -0.71691 0.57847 -0.36576 -0.76735 0.52668 -0.35283 -0.72983 0.58555 -0.2918 -0.71695 0.63311 -0.29104 -0.71923 0.63088 -0.34007 -0.71755 0.60784 -0.33629 -0.72731 0.59827 -0.2555 -0.70101 0.66581 -0.25518 -0.70301 0.66383 -0.21842 -0.69828 0.68169 -0.21674 -0.68959 0.69101 -0.18342 -0.69416 0.69606 -0.18969 -0.68822 0.70026 -0.1497 -0.68746 0.71063 -0.14393 -0.67118 0.72718 -0.10816 -0.69045 0.71525 -0.09274 -0.66579 0.74035 -0.06187 -0.68931 0.72182 -0.04055 -0.66242 0.74803 -0.01209 -0.68767 0.72593 -0.47094 -0.88063 -0.052 -0.40785 -0.89947 0.15689 -0.69352 0.70399 0.15308 -0.73968 -0.54114 0.40005 -0.26008 0.96521 0.02714 -0.75307 0.43726 0.49162 -0.68238 -0.5033 0.53013 -0.20383 0.97588 0.07817 -0.16935 0.97434 0.14829 -0.55153 -0.37462 0.7453 -0.36199 0.06201 0.93012 -0.25575 0.96397 -0.07314 -0.64968 0.42119 0.63286 -0.45575 0.79234 0.40558 -0.37753 0.70602 0.59917 -0.13479 0.96279 0.23424 -0.07798 0.97972 0.18456 -0.2053 -0.00641 0.97868 -0.06717 0.94808 0.31086 -0.03083 0.94684 0.32023 -0.02162 -0.52612 0.85014 0.43016 0.89654 -0.10573 0.37231 0.92729 -0.03902 0.03398 0.86916 0.49336 0.33725 0.4853 -0.80669 0.42138 0.48036 -0.76921 0.38624 0.53342 -0.75252 0.46117 0.45272 -0.76313 0.52882 0.44115 -0.72508 0.53035 0.55374 -0.64195 0.79496 0.50345 -0.33849 0.74891 0.54154 -0.38194 0.80715 0.52155 -0.27657 0.80167 0.52714 -0.28187 0.8226 0.51884 -0.23269 0.75699 0.61678 0.21575 0.8124 0.55699 0.17255 0.78299 0.61843 0.06694 0.81032 0.57669 0.10396 0.81936 0.57302 0.01721 0.81883 0.57381 0.01608 0.83001 0.55703 -0.02826 0.81871 0.57132 -0.05751 0.83544 0.54156 -0.09352 0.81735 0.5605 -0.1333 0.82845 0.53459 -0.16697 0.81292 0.54793 -0.1973 0.63562 0.65973 0.40092 0.61707 0.6364 0.46283 0.53964 0.70334 0.46271 0.54093 0.69336 0.47608 0.49128 0.68466 0.53841 0.14636 0.76057 0.63254 0.15301 0.77618 0.61167 0.06562 0.75878 0.64804 0.07408 0.78201 0.61885 0.01606 0.7382 0.67439 -0.00333 0.99995 0.00976 0.02323 0.99968 -0.01004 0.04477 0.99864 0.02655 0.04873 0.99871 0.01453 0.07896 0.99683 0.01012 0.08833 0.99333 0.07418 0.08185 0.99664 4E-05 0.09309 0.99541 -0.0221 0.3496 0.93433 -0.06935 0.42369 0.89936 -0.1079 0.36106 0.91945 -0.15572 0.01144 0.83431 -0.55117 0.04859 0.70558 -0.70697 -0.00174 0.60618 -0.79532 0.06948 0.58691 -0.80666 0.71222 0.62094 -0.32738 0.72717 0.62152 -0.29143 0.0215 0.46831 -0.8833 0.0969 0.51172 -0.85367 0.09034 0.49916 -0.86179 0.17915 0.49894 -0.84792 0.18172 0.50167 -0.84576 0.25717 0.49838 -0.82793 0.26203 0.50372 -0.82317 0.3218 0.49912 -0.80457 0.54051 0.50935 -0.66964 0.59622 0.50729 -0.62224 0.60234 0.51886 -0.6066 0.64633 0.50701 -0.57026 0.6534 0.52357 -0.54675 0.69245 0.51083 -0.50947 0.69795 0.5288 -0.48295 0.73201 0.5156 -0.44533 0.73528 0.5351 -0.41597 0.7696 0.51907 -0.37187 0.51 0.76883 -0.38576 0.44456 0.77901 -0.44217 0.56404 0.80393 0.18856 0.54033 0.82939 0.142 0.58693 0.80142 0.11505 0.61928 0.7817 -0.07373 0.65133 0.74028 -0.1666 0.59833 0.77949 -0.18546 0.615 0.74256 -0.26529 0.5786 0.76211 -0.29055 0.59943 0.72657 -0.33583 0.50695 0.77108 -0.38527 0.46379 0.74175 -0.48447 0.40459 0.75187 -0.52058 0.41351 0.70506 -0.57611 0.30575 0.75478 -0.58036 0.30133 0.70439 -0.64268 0.19413 0.75212 -0.62978 0.1766 0.70434 -0.68754 0.07834 0.74829 -0.65873 0.67588 0.72388 0.13851 0.68255 0.72804 0.06384 0.71183 0.70025 0.05434 0.7088 0.70492 -0.0264 0.69878 0.71419 -0.04037 0.74709 0.65955 -0.0827 0.72653 0.67094 -0.14832 0.70885 0.68637 -0.16256 0.73588 0.64286 -0.21263 0.709 0.65408 -0.26362 0.65315 0.66807 -0.35648 0.66198 0.63513 -0.39799 0.6148 0.64601 -0.45242 0.59682 0.65924 -0.45739 0.57013 0.64796 -0.50507 0.54346 0.66074 -0.51776 0.53709 0.6268 -0.56449 0.47299 0.63556 -0.6102 0.4392 0.66654 -0.60236 0.37228 0.61683 -0.69349 0.32995 0.64465 -0.68961 0.3037 0.62127 -0.72235 0.22937 0.62569 -0.74559 0.19149 0.65226 -0.73341 0.15968 0.62113 -0.76727 0.08919 0.62276 -0.77731 0.30879 0.87096 0.38221 0.40922 0.77566 0.48051 0.41347 0.85036 0.32546 0.49185 0.78473 0.37722 0.51777 0.80965 0.27637 0.4192 0.7511 0.51002 0.42555 0.743 0.51659 0.37651 0.71218 0.59249 0.33014 0.75165 0.57099 0.31522 0.74394 0.58923 0.25207 0.77896 0.57418 0.24143 0.74962 0.61626 0.41076 0.56012 -0.71941 0.5141 0.54327 -0.66375 0.73137 0.64885 0.20999 0.71124 0.6486 0.27101 0.68212 0.67583 0.27923 0.68334 0.64151 0.34857 0.63184 0.67432 0.38219 0.50008 0.83116 0.24308 0.36339 0.92731 -0.08965 0.35955 0.93227 0.04003 0.34352 0.93905 -0.01344 0.39309 0.91919 -0.02405 0.1394 0.99015 0.01293 0.16449 0.98547 0.04245 0.17211 0.9846 0.0307 0.20481 0.97819 0.03463 0.21067 0.97682 0.03792 0.20935 0.97752 0.02492 0.22741 0.97377 0.00756 0.25928 0.96566 0.01629 0.06929 0.96144 0.26615 0.07259 0.9577 0.27846 0.16272 0.95913 0.23148 0.15715 0.96675 0.20175 0.22136 0.95953 0.17408 0.30896 0.95015 0.04189 0.32892 0.84524 -0.42116 0.38445 0.82786 -0.40846 0.3505 0.87215 -0.34132 0.44266 0.82871 -0.34248 0.41515 0.86279 -0.28853 0.45602 0.85068 -0.26152 0.45371 0.85255 -0.25943 0.44882 0.87173 -0.19659 0.45835 0.86849 -0.1888 0.34314 0.9391 0.01838 0.0806 0.93791 0.33737 0.12809 0.89125 0.43506 0.2012 0.88284 0.4244 0.19922 0.91993 0.3377 0.31196 0.86723 0.38807 0.27454 0.92737 0.2542 0.37171 0.88895 0.26759 0.34439 0.91822 0.19561 0.42527 0.88604 0.18459 0.51018 0.86 0.01065 0.54386 0.83914 0.00809 0.54953 0.83161 -0.08022 0.50849 0.85566 -0.09639 0.54018 0.82246 -0.17825 0.33783 0.81665 -0.46792 0.28598 0.83089 -0.47732 0.26654 0.81119 -0.52051 0.25119 0.8206 -0.51335 0.18144 0.82334 -0.53777 0.17269 0.80158 -0.5724 0.10016 0.82961 -0.54929 0.06928 0.8013 -0.59424 0.42323 -0.90455 0.05159 0.22331 -0.97189 0.0746 0.20294 -0.97888 0.02454 0.17218 -0.98505 0.0046 0.63062 0.5674 0.52951 0.60275 -0.79428 0.07625 0.30489 0.02569 0.95204 0.4096 0.01917 0.91206 0.61276 0.17822 0.76991 0.20435 0.97133 0.1215 0.30608 0.93577 0.17509 0.57567 0.75095 0.32353 0.81497 0.08151 0.57374 0.26203 0.96393 0.04673 0.90773 0.04758 0.41686 -0.70762 0.64556 0.28728 -0.03181 0.74978 -0.66092 -0.00363 0.98311 0.18299 -0.00546 0.99998 0.00182 -0.03671 0.78561 0.61763 -0.0672 0.74986 0.65817 -0.1406 0.77781 0.61257 -0.15657 0.74317 0.65052 -0.26708 0.80066 0.5363 -0.25075 0.70135 0.66726 -0.37248 0.72616 0.57788 -0.31053 0.75596 0.57628 -0.80291 0.59589 -0.01586 -0.81474 0.57701 0.05708 -0.80315 0.584 0.11783 -0.80217 0.58531 0.11807 -0.78377 0.59374 0.18214 -0.84103 0.53783 -0.05842 -0.82603 0.55367 -0.10549 -0.84097 0.5247 -0.13218 -0.8247 0.53962 -0.16935 -0.84578 0.49353 -0.20267 -0.80694 0.53527 -0.24966 -0.83093 0.48257 -0.2769 -0.79288 0.50453 -0.34175 -0.77963 0.51959 -0.34958 -0.77022 0.50355 -0.3914 -0.74811 0.51687 -0.41614 -0.75521 0.47227 -0.45455 -0.70205 0.50688 -0.50019 -0.7007 0.49179 -0.51687 -0.65659 0.50016 -0.56457 -0.65422 0.48791 -0.57788 -0.60831 0.49421 -0.62106 -0.60669 0.48189 -0.63223 -0.57524 0.47103 -0.66875 -0.54495 0.49065 -0.67992 -0.51994 0.46378 -0.71734 -0.47891 0.48893 -0.7291 -0.45618 0.45348 -0.76568 -0.39168 0.48692 -0.7807 -0.38076 0.46557 -0.79892 -0.3142 0.48053 -0.81876 -0.3059 0.46565 -0.83042 -0.2271 0.47951 -0.84764 -0.03359 0.83786 -0.54485 -0.01312 0.82423 -0.5661 -0.08846 0.82592 -0.5568 -0.38605 0.81052 -0.44047 -0.27479 0.85845 -0.43307 -0.28042 0.82571 -0.48945 -0.24643 0.84825 -0.46876 -0.18965 0.84814 -0.49467 -0.18989 0.82434 -0.53329 -0.13719 0.85765 -0.49559 -0.40005 0.87094 -0.28536 -0.43044 0.81624 -0.38532 -0.4229 0.89893 -0.11435 -0.38191 0.91272 -0.1452 -0.41455 0.89249 -0.1778 -0.38609 0.91594 -0.1095 -0.23886 0.97104 0.00582 -0.1903 0.98152 0.02029 -0.19776 0.97991 0.02596 -0.11451 0.99337 -0.00994 -0.09583 0.99535 -0.00932 -0.09207 0.99571 0.00921 -0.09233 0.99566 0.01135 -0.06555 0.99783 -0.00554 -0.03739 0.99929 -0.0045 -0.05069 0.99844 0.02321 -0.14087 0.87472 0.4637 -0.2864 0.76187 0.58097 -0.59188 0.7808 0.20006 -0.53436 0.8198 0.20586 -0.55256 0.79113 0.26226 -0.4986 0.80932 0.31048 -0.45933 0.83984 0.28929 -0.44859 0.78352 0.42996 -0.3359 0.88366 0.32605 -0.66018 0.71301 0.23618 -0.46875 0.74906 0.46816 -0.44765 0.69217 0.56613 -0.63017 0.77033 0.09733 -0.38673 0.73801 0.55297 -0.50993 0.70024 0.49963 -0.58236 0.66467 0.46806 -0.58151 0.69561 0.42188 -0.63617 0.65374 0.40976 -0.63961 0.67807 0.3621 -0.68727 0.63596 0.35102 -0.69409 0.67456 0.25142 -0.11624 0.76973 -0.6277 -0.21994 0.76743 -0.60222 -0.21596 0.77138 -0.59861 -0.32688 0.7668 -0.55241 -0.31808 0.77426 -0.54713 -0.41358 0.76887 -0.48764 -0.50274 0.7652 -0.40214 -0.52254 0.80084 -0.29259 -0.59092 0.76552 -0.25456 -0.55976 0.80296 -0.20477 -0.56222 0.82695 -0.00795 -0.11219 0.75274 -0.64869 -0.44529 0.73945 -0.50491 -0.53282 0.72696 -0.43316 -0.55982 0.76079 -0.32832 -0.68185 0.7141 -0.15856 -0.62438 0.77393 -0.10571 -0.00603 0.69916 -0.71494 -0.0023 0.70608 -0.70813 -0.1361 0.68344 -0.7172 -0.25739 0.67759 -0.68893 -0.24955 0.68668 -0.68278 -0.38135 0.67689 -0.62959 -0.36724 0.69116 -0.62244 -0.48193 0.67887 -0.55398 -0.5669 0.69262 -0.44598 -0.63783 0.69038 -0.34139 -0.65854 0.70173 -0.27185 -0.65756 0.70252 -0.27219 -0.72875 0.68465 -0.01349 -0.6932 0.72058 0.01513 -0.71671 0.69364 0.07202 -0.67619 0.72674 0.12091 -0.67046 0.73328 0.1131 -0.0956 0.63791 -0.76416 -0.12333 0.63999 -0.75842 -0.5149 0.64075 -0.56949 -0.58154 0.62031 -0.52634 -0.59398 0.64351 -0.48279 -0.65883 0.64549 -0.38638 -0.65926 0.65931 -0.36151 -0.7261 0.66084 -0.18994 -0.70922 0.68599 -0.16254 -0.75909 0.63934 -0.12256 -0.03872 0.57958 -0.81399 -0.14848 0.60179 -0.78473 -0.21698 0.56634 -0.7951 -0.28141 0.59985 -0.74899 -0.27733 0.60376 -0.74737 -0.36652 0.56475 -0.7394 -0.4132 0.60654 -0.67925 -0.42489 0.59699 -0.68049 -0.50246 0.57597 -0.64481 -0.52268 0.61309 -0.59239 -0.78485 0.61958 -0.01144 -0.78342 0.62141 -0.01016 -0.75943 0.62297 0.18755 -0.67714 0.56422 -0.47238 -0.69823 0.5755 -0.42576 -0.74377 0.58242 -0.32801 -0.74945 0.6001 -0.27966 -0.77712 0.5768 -0.25178 -0.7656 0.60979 -0.20496 -0.05211 0.50688 -0.86044 -0.06297 0.49705 -0.86544 -0.13966 0.49601 -0.85701 -0.1453 0.49007 -0.85949 -0.22219 0.48552 -0.84552 -0.15861 0.98704 0.02434 -0.15698 0.98718 0.02889 -0.05567 0.94365 0.32623 -0.08067 0.98045 0.17946 -0.15229 0.95158 0.26701 -0.15051 0.97628 0.15563 -0.23307 0.947 0.22107 -0.27088 0.96233 0.02341 -0.32407 0.94594 0.01354 -0.28883 0.95632 -0.04499 -0.34227 0.93909 0.03106 -0.47462 0.83845 -0.26782 -0.4332 0.86056 -0.26791 -0.428 0.87943 -0.20836 -0.45919 0.86725 -0.19239 -0.43071 0.9019 -0.03259 -0.5051 0.85961 0.0771 -0.37324 0.92538 -0.06604 -0.42257 0.90563 -0.03554 -0.40445 0.91263 0.05943 -0.48669 0.85718 0.16845 -0.38708 0.91118 0.14112 -0.41365 0.87916 0.23659 -0.33264 0.92229 0.1968 -0.34165 0.87825 0.33458 -0.26755 0.92277 0.27732 -0.24435 0.8804 0.40642 -0.16349 0.93838 0.3045 -0.15023 0.85175 0.50195 -0.05762 0.93615 0.34685 -0.0199 0.87098 0.49092 -0.0893 0.82974 -0.55096 -0.37183 0.82084 -0.43355 -0.41393 0.83246 -0.36832 -0.51002 0.83855 -0.19163 -0.54704 0.83087 -0.10199 -0.52799 0.84227 -0.10868 -0.54999 0.83505 -0.01396 -0.54406 0.83338 0.09734 -0.76312 0.6038 0.23036 0.76082 0.01372 0.64882 0.39892 -0.02548 0.91663 0.07862 0.0215 0.99667 -0.67185 0.0165 0.7405 -0.53472 -0.01239 0.84494 -0.98259 -0.02673 0.18386 -0.96491 0.03729 -0.25993 -0.65865 -0.02735 -0.75195 -0.13575 0.02132 -0.99051 0.25499 -0.01346 -0.96685 0.72678 0.01176 -0.68677 0.8739 -0.00762 -0.48605 0.98323 -0.00801 0.18217 0.99977 0.00579 0.02044 0.95842 -0.00923 0.2852 0.80261 0.01044 0.59641 0.2549 -0.01235 0.96689 0.13481 -3E-05 0.99087 -0.51021 0.00938 0.86 -0.81289 -0.01989 0.58208 -0.97195 0.01341 0.23481 -0.81328 0.00063 -0.58187 -0.85657 -0.00825 -0.51597 -0.08522 0.00111 -0.99636 -0.01043 -0.00744 -0.99992 0.69168 0.00935 -0.72214 0.85104 -0.00931 -0.52502 0.99621 0.00706 -0.08666 0.91293 -0.01605 0.4078 0.36843 0.00221 0.92965 0.34425 0.00815 0.93884 -0.53122 0.00231 0.84723 -0.53949 8E-05 0.84199 -0.96917 -0.00883 0.24624 -0.99506 0.02431 -0.09621 -0.90333 -0.01123 -0.4288 -0.24168 0.01276 -0.97027 -0.29508 0.00461 -0.95546 0.46886 -0.01362 -0.88317 0.70842 0.01763 -0.70558 0.95512 -0.01459 -0.29585 0.98945 0.02652 0.14243 0.9827 0.00687 0.1851 0.64829 -0.01036 0.76132 0.48214 0.00707 0.87607 -0.24766 -0.00325 0.96884 -0.2603 -0.00451 0.96552 -0.83669 0.00604 0.54765 -0.91637 -0.00675 0.40028 -0.94284 0.00745 -0.33317 -0.90577 -0.00256 -0.42376 -0.07639 0.01182 -0.99701 -0.19103 -0.0014 -0.98158 0.59121 -0.0124 -0.80642 0.80982 0.013 -0.58654 0.99991 -0.00904 -0.00978 0.19037 -0.97055 0.14759 -0.12044 -0.94707 0.29757 -0.27941 -0.94524 0.16869 -0.11145 -0.96724 -0.22809 0.15039 -0.95143 -0.26863 0.28142 -0.95946 -0.01559 0.14261 -0.84822 0.51009 -0.5246 -0.84967 -0.05346 0.22948 -0.95785 0.17283 -0.05943 -0.94903 -0.30953 0.12102 -0.97208 -0.20105 0.04882 -0.96321 0.2643 -0.28743 -0.91928 -0.26889 -0.40367 -0.85472 0.32636 0.16692 -0.9418 0.29181 -0.08333 -0.96232 -0.25884 -0.2661 -0.94931 -0.16732 -0.32741 -0.94172 0.07724 0.46559 -0.8597 -0.21008 0.25226 0.00348 0.96765 0.96606 -0.01275 -0.258 0.96511 -0.01204 -0.26156 0.83134 -0.0221 -0.55532 0.81741 -0.01605 -0.57583 0.60742 -0.00803 -0.79434 0.59228 -0.01274 -0.80563 0.25877 -0.01072 -0.96588 0.06213 -0.02267 -0.99781 -0.00651 -0.03199 -0.99947 0.27086 -0.01318 -0.96253 -0.08616 -0.00771 -0.99625 -0.26276 -0.01473 -0.96475 -0.33012 -0.0017 -0.94394 -0.60483 -0.013 -0.79625 -0.65286 -0.00419 -0.75746 -0.82825 -0.01021 -0.56026 -0.87508 -0.00012 -0.48399 -0.9627 -0.00689 -0.27048 -0.99358 0.00497 -0.113 -0.99398 -0.00891 0.10919 -0.92011 -4E-05 0.39166 -0.92759 -0.00253 0.3736 -0.70889 -0.00638 0.70529 -0.57157 0.00071 0.82055 -0.58439 0.00225 0.81147 -0.20441 -0.00862 0.97885 0.06584 -0.0076 0.9978 -0.11013 -0.0018 0.99392 0.62812 0.00112 0.77811 0.44641 -0.00801 0.89479 0.68691 -0.00912 0.72668 0.91039 -0.00618 0.41371 0.89922 -0.00082 0.43749 0.99079 -0.00885 -0.13509 0.99287 -0.01902 0.11768 0.98928 -0.01284 0.1455 0.08241 -0.01029 0.99655 -0.99454 -0.00925 0.10398 -0.93539 -0.00301 0.35361 -0.92308 -0.00076 0.38461 -0.82076 0.00107 0.57127 -0.70236 -0.00088 0.71182 -0.62693 -0.01343 0.77896 -0.20159 -0.00059 0.97947 -0.38488 -0.00784 0.92293 -0.39967 -0.00663 0.91663 0.21596 -0.00307 0.9764 0.04996 -0.00697 0.99873 0.42983 -0.00873 0.90287 0.49493 -0.00369 0.86893 0.679 -0.00901 0.73408 0.72783 -0.00252 0.68576 0.86518 -0.00285 0.50145 0.97267 -0.00593 0.23213 0.9122 -0.01033 0.40962 0.99613 -0.01159 0.08716 0.99793 -0.00888 0.0637 0.96718 0.00031 -0.25409 0.91074 -0.00958 -0.41287 0.89119 -0.00656 -0.45358 0.70319 -0.00518 -0.71099 0.71168 -0.00662 -0.70247 0.45292 0.00119 -0.89155 0.29082 -0.00527 -0.95676 -0.42311 -0.05986 -0.9041 0.02582 -0.00202 -0.99966 -0.04451 -0.00653 -0.99899 -0.32029 0.00048 -0.94732 -0.4233 -0.00572 -0.90597 -0.59048 -0.00279 -0.80705 -0.55804 -0.0054 -0.8298 -0.78921 -0.00711 -0.61408 -0.82838 -0.00207 -0.56016 -0.9233 -0.00273 -0.38407 -0.95984 -0.00836 -0.28043 -0.99989 -0.00213 0.01497 -0.06204 -0.00564 -0.99806 -0.25998 -0.03077 -0.96512 -0.28672 -0.02211 -0.95776 -0.55479 3E-05 -0.83199 -0.70706 -0.03261 -0.7064 -0.78965 -0.00433 -0.61355 -0.96438 -0.01938 -0.26379 -0.99819 -0.01037 -0.05919 -0.94784 -0.03857 -0.3164 -0.97256 -0.02613 0.2312 -0.99382 -0.00905 0.11063 -0.91183 -0.00624 0.41051 -0.82268 -0.01508 0.5683 -0.75788 -0.00315 0.65238 -0.5524 -0.01332 0.83348 -0.45149 0.00022 0.89228 -0.10199 -0.01006 0.99473 -0.08849 -0.00827 0.99604 0.23375 -0.00018 0.9723 0.37342 -0.00832 0.92762 0.52804 0.00211 0.84922 0.71556 -0.00699 0.69852 0.82242 -0.00027 0.56889 0.90726 -0.01238 0.42039 0.98173 0.00243 0.19029 0.99727 -0.0121 -0.0728 0.96786 0.0013 -0.25147 0.81226 0.00024 -0.58329 0.88769 -0.01243 -0.46027 0.58272 -0.01325 -0.81256 0.5985 -0.00878 -0.80107 0.22423 -0.01619 -0.9744 0.23693 -0.01186 -0.97146 -0.02263 0.00084 -0.99974 0.31957 -0.00106 -0.94756 -0.97856 -0.0024 0.20597 -0.87543 -0.00296 0.48333 -0.91326 -0.01054 0.40723 -0.71553 -0.01062 0.6985 -0.6084 0.0023 0.79363 -0.23772 -0.00372 0.97133 -0.4089 -0.01135 0.91251 -0.06436 -0.00954 0.99788 0.02685 -0.00123 0.99964 0.41583 -0.0106 0.90938 0.32135 -0.00186 0.94696 0.80019 -0.00948 0.59968 0.63681 0.00113 0.77102 0.87803 -0.00158 0.47859 0.96114 -0.00881 0.27591 0.99898 -0.00646 0.04468 0.98933 -0.00434 0.14563 0.9989 -0.00292 -0.04679 0.96815 -0.00606 -0.2503 0.93134 0.00055 -0.36414 0.76431 -0.00263 -0.64484 0.80807 -0.00575 -0.58906 0.58963 -0.00669 -0.80765 0.61175 -0.00473 -0.79104 0.21839 -0.00793 -0.97583 -0.31263 -0.01044 -0.94982 -0.19726 0.00315 -0.98035 -0.49043 -0.00582 -0.87146 -0.70577 -0.00692 -0.7084 -0.57787 -0.00146 -0.81613 -0.80085 0.00092 -0.59886 -0.93454 -0.00682 -0.35578 -0.9332 -0.00638 -0.35931 -0.99965 -0.00418 -0.02596 -0.99945 -0.00345 -0.03307 -0.01767 0.02125 -0.99962 0.03427 0.0032 -0.99941 0.02351 -0.02097 -0.9995 0.16141 0.01359 -0.98679 0.14064 -0.06697 -0.98779 0.23381 0.03701 -0.97158 0.28385 -0.01914 -0.95868 0.35233 0.05227 -0.93442 0.32839 -0.04041 -0.94368 0.42245 0.02086 -0.90614 0.41707 0.00565 -0.90886 0.48814 -0.00999 -0.87271 0.49928 0.01731 -0.86627 0.56218 -0.01069 -0.82694 0.57688 0.02015 -0.81658 0.62102 -0.01765 -0.78359 0.67294 0.04043 -0.73859 0.65982 -0.05244 -0.74959 0.70993 0.0226 -0.70391 0.75286 -0.00426 -0.65817 0.75131 -0.00912 -0.65989 0.78804 0.012 -0.61551 0.80496 -0.02064 -0.59297 0.83999 0.03548 -0.54144 0.86158 -0.01793 -0.50731 0.89881 0.02678 -0.43751 0.90713 -0.00176 -0.42084 0.93991 0.0025 -0.34141 0.9932 0.02022 -0.11468 0.97717 -0.00925 -0.21226 0.94156 0.02143 -0.33617 0.97042 -0.00942 -0.24123 0.97822 0.05368 -0.20049 0.99952 -0.00471 0.03048 0.99884 0.02624 0.04025 0.99924 -0.00332 -0.03885 0.99931 -0.00025 -0.0372 0.996 -0.01422 -0.08824 0.99081 0.01894 0.13393 0.99185 -0.00206 0.12739 0.97579 0.023 0.21748 0.97428 0.0115 0.22505 0.90548 -0.01478 0.42412 0.91868 0.02819 0.394 0.95053 0.02168 0.30987 0.94534 -0.00194 0.32607 0.87507 -0.03169 0.48296 0.86678 0.02336 0.49813 0.40902 -0.01322 0.91243 0.43571 0.02252 0.89981 0.41109 0.04292 0.91058 0.52198 0.02241 0.85266 0.52929 0.00303 0.84844 0.60228 0.02286 0.79796 0.6164 -0.00963 0.78737 0.67628 0.01232 0.73654 0.68345 -0.00972 0.72993 0.7526 -0.00836 0.65842 0.76165 0.01625 0.64779 0.82395 -0.02936 0.5659 0.81457 0.0219 0.57966 0.35101 0.03388 0.93576 0.30342 -0.01525 0.95273 0.26197 0.02612 0.96472 0.30281 0.07547 0.95006 0.17408 0.00197 0.98473 0.15703 0.03277 0.98705 0.07438 -0.01017 0.99718 -0.00956 0.10173 0.99477 0.03848 -0.01544 0.99914 -0.0151 0.01097 0.99983 -0.07325 -0.01237 0.99724 -0.08066 -0.00067 0.99674 -0.16891 -0.00756 0.9856 -0.17375 0.00147 0.98479 -0.27197 -0.00477 0.96229 -0.26764 -0.01503 0.9634 -0.37096 0.02997 0.92817 -0.39638 -0.0307 0.91757 -0.48508 0.01085 0.8744 -0.49578 0.04112 0.86747 -0.59878 0.0011 0.80091 -0.61322 0.00719 0.78988 -0.61303 0.00671 0.79003 -0.68752 -0.0065 0.72614 -0.69385 0.00797 0.72008 -0.75353 -0.00528 0.65739 -0.76327 0.01919 0.6458 -0.81643 -0.04056 0.57602 -0.84495 0.04069 0.53329 -0.88385 -0.03089 0.46675 -0.90222 0.02738 0.43042 -0.91638 -0.00442 0.40028 -0.95041 0.01877 0.31042 -0.94971 0.01443 0.31279 -0.97305 -0.01337 0.23019 -0.97732 0.01723 0.21106 -0.99307 0.0094 0.11714 -0.99323 0.01154 0.1156 -0.99865 -0.01077 0.05081 -0.99945 0.02159 0.02511 -0.99914 0.02033 -0.03612 -0.99839 -0.01605 -0.05439 -0.99134 0.03047 -0.12774 -0.98922 -0.00248 -0.14644 -0.97646 0.01038 -0.21547 -0.97423 0.02295 -0.22437 -0.95663 -0.00694 -0.29124 -0.94646 0.02991 -0.32143 -0.93139 -0.01294 -0.3638 -0.91213 0.01147 -0.40973 -0.90779 -0.00946 -0.41931 -0.8703 0.02691 -0.49179 -0.86131 -0.01303 -0.50792 -0.81806 0.0318 -0.57425 -0.80367 -0.02195 -0.59467 -0.76179 0.01894 -0.64755 -0.74746 -0.01244 -0.66419 -0.68878 0.04524 -0.72356 -0.72131 -0.03032 -0.69194 -0.64006 0.03522 -0.76752 -0.66742 -0.02852 -0.74413 -0.58739 0.02784 -0.80882 -0.60629 -0.01229 -0.79514 -0.5178 0.01229 -0.85541 -0.53113 -0.01812 -0.8471 -0.42915 0.02948 -0.90275 -0.45374 -0.02864 -0.89068 -0.34216 0.02383 -0.93934 -0.36201 -0.02272 -0.9319 -0.2702 0.01253 -0.96272 -0.07805 0.01448 -0.99684 -0.10258 -0.03047 -0.99426 -0.17283 0.02449 -0.98465 -0.19873 -0.01588 -0.97993 -0.27086 0.01393 -0.96252 -0 1 -0 -0.01329 0.95468 -0.29734 -0.11778 0.96965 -0.21427 -0.10037 0.99005 -0.09864 -0.20132 0.97854 -0.04395 -0.14501 0.98501 -0.09341 -0.24406 0.96744 -0.067 -0.31148 0.94663 -0.08289 -0.29571 0.95263 -0.07108 -0.38441 0.90547 -0.17986 -0.35445 0.92328 -0.14805 -0.35109 0.91231 -0.21077 -0.33283 0.91864 -0.21288 -0.34506 0.89618 -0.27891 -0.36337 0.89669 -0.25279 -0.31789 0.90616 -0.27894 -0.32503 0.88761 -0.32636 -0.27207 0.8993 -0.3424 -0.26906 0.90298 -0.33501 -0.26754 0.88115 -0.38986 -0.24277 0.87931 -0.40974 -0.19017 0.89886 -0.39483 -0.19045 0.89654 -0.39993 -0.17277 0.87715 -0.44807 -0.12172 0.88192 -0.45541 -0.09698 0.89424 -0.43695 -0.08619 0.88645 -0.45472 -0.04898 0.88326 -0.46631 -0.00584 0.88519 -0.46519 -0.02231 0.89279 -0.44991 -0.27804 0.95315 -0.11917 -0.27149 0.95469 -0.12189 -0.20545 0.93989 -0.27275 -0.19885 0.97803 -0.06253 -0.18905 0.97915 -0.07436 -0.24561 0.96144 -0.12374 -0.20562 0.96784 -0.14497 -0.24105 0.95273 -0.18495 -0.18987 0.96069 -0.20254 -0.19378 0.95976 -0.20326 -0.18664 0.95222 -0.24176 -0.11935 0.95409 -0.27471 -0.11677 0.9525 -0.28126 -0.0793 0.95907 -0.27185 -0.0659 0.94992 -0.30546 -0.01537 0.95384 -0.29993 0.26683 0.90068 -0.34288 0.02689 0.88778 -0.45949 0.0389 0.89374 -0.44689 0.06839 0.87728 -0.47508 0.10572 0.87557 -0.47139 0.13023 0.89199 -0.43289 0.13036 0.89841 -0.41936 0.18674 0.88407 -0.42842 0.21361 0.88812 -0.40695 0.19795 0.89531 -0.39903 0.25697 0.88027 -0.39886 0.25317 0.90633 -0.33834 0.31656 0.88715 -0.33579 0.30249 0.91739 -0.25866 0.32451 0.89928 -0.29325 0.23079 0.95425 -0.19013 0.20697 0.96561 -0.15735 0.26016 0.96199 -0.08297 0.28424 0.95703 -0.05741 0.27986 0.95906 -0.04332 0.19217 0.98015 -0.04879 0.18865 0.98184 -0.02 0.19712 0.98012 -0.02254 0.13702 0.98952 -0.04567 0.04288 0.93855 -0.34246 0.09049 0.93256 -0.34948 0.16176 0.93449 -0.31713 0.20126 0.93355 -0.29662 0.26581 0.93865 -0.21973 0.31731 0.92327 -0.21654 0.3514 0.91985 -0.17436 0.28972 0.94719 -0.13747 0.29272 0.94611 -0.13853 0.31473 0.94258 -0.11173 0.30889 0.94593 -0.09899 0.26747 0.95993 -0.08368 0.1839 0.98108 -0.06059 0.22503 0.97323 -0.04676 0.1803 0.97401 -0.13707 0.25131 0.94405 -0.21358 0.17778 0.96339 -0.20067 0.16772 0.95702 -0.2366 0.11264 0.9538 -0.27853 0.09718 0.95401 -0.28357 0.02332 0.95169 -0.30618 -0.05768 0.9971 -0.04957 -0.0697 0.99527 -0.06763 -0.12745 0.99059 -0.04985 -0.10783 0.99223 -0.06202 -0.17188 0.98467 -0.02964 -0.17061 0.98173 -0.08431 -0.16693 0.98031 -0.10547 -0.14758 0.9741 -0.17132 -0.05057 0.97597 -0.21195 0.01348 0.97881 -0.20432 -0.00761 0.97616 -0.21691 0.03287 0.97519 -0.21891 0.05419 0.9735 -0.22215 0.09459 0.97476 -0.20223 0.09854 0.97568 -0.1958 0.13977 0.97512 -0.17209 0.16741 0.97684 -0.13328 0.15538 0.98473 -0.07848 0.17547 0.97987 -0.09519 0.12052 0.99103 -0.05775 0.1111 0.99261 -0.04879 0.08243 0.99635 -0.02225 0.04454 0.99816 -0.04124 0.02605 0.99907 -0.03432 -0.00099 0.9836 -0.18038 -0.0173 0.99916 -0.03715 0.00863 0.99943 -0.03275 0.09656 0.99443 -0.04228 0.07553 0.99635 -0.03988 0.04983 0.99772 -0.04551 -0.02535 0.9987 -0.04426 -0.06099 0.99739 -0.0386 -0.0812 0.99579 -0.04252 -0.09738 0.99392 -0.05144 -0.10414 0.99291 -0.05734 0.12414 0.98927 -0.07702 0.12471 0.98923 -0.07657 0.03929 0.99631 -0.07631 0.03452 0.99618 -0.08024 -0.01926 0.99778 -0.06382 -0.05074 0.99477 -0.08862 -0.10788 0.99192 -0.06681 -0.11136 0.99124 -0.07106 0.11182 0.98795 -0.10699 0.03453 0.99359 -0.1076 0.03452 0.99359 -0.10762 -0.05074 0.9929 -0.10755 -0.05849 0.99141 -0.11701 -0.10932 0.98939 -0.09567 -0.14658 0.98174 -0.12125 0.14753 0.97937 -0.13812 0.12012 0.98453 -0.12759 0.07755 0.9845 -0.15728 0.03452 0.992 -0.12139 -0.01198 0.98695 -0.16057 -0.05849 0.99091 -0.12115 -0.09736 0.98332 -0.15363 -0.14593 0.9805 -0.1316 -0.14945 0.97944 -0.13548 0.09904 0.97794 -0.18391 0.07766 0.9838 -0.1616 0.01359 0.98184 -0.18924 -0.01198 0.98694 -0.16064 -0.0619 0.97968 -0.19078 -0.0975 0.97907 -0.17867 -0.09529 0.97947 -0.17763 -0.14006 -0.96402 0.22595 -0.2431 -0.01129 0.96994 -0.0677 -0.94316 0.32537 0.09869 0.97999 0.17288 0.24957 -0.44714 0.85894 -0.10209 0.88046 0.46301 -0.01075 0.99977 0.01876 -0.00693 0.99979 0.01906 -0.00457 0.99974 0.02231 0.02341 0.99971 0.00609 0.01523 0.99964 0.02194 -0.01088 0.99932 -0.0351 -0.01804 0.99981 -0.00721 -0.04044 0.99916 0.00624 -0.03567 0.99935 -0.00504 -0.01441 0.99987 0.00664 0.00725 0.99987 -0.0142 -0.00543 0.99907 -0.04273 0.00566 0.99925 -0.03825 -0.01266 0.99954 -0.02749 -0.02041 0.99936 -0.02933 0.01285 0.99967 0.0223 0.03299 0.99945 -0.00122 0.0332 0.99945 -9E-05 0.02322 0.99967 0.01066 0.02476 0.99963 -0.0112 0.03189 0.99948 0.00576 0.03219 0.9994 0.01286 0.02391 0.99948 0.0216 0.0205 0.99975 -0.00944 0.01981 0.99977 -0.00818 -0.01968 0.99962 0.01947 -0.0096 0.99967 0.02403 -0.01153 0.99974 0.01982 0.00802 0.99982 0.01741 0.01446 0.99968 0.02084 -0.02084 0.99978 -0.00106 -0.02113 0.99974 -0.00844 -0.03533 0.99936 0.00588 -0.03068 0.99942 -0.0149 -0.01697 0.99983 0.00782 -0.00485 0.99955 -0.02963 0.01131 0.99954 -0.02831 0.01987 0.99964 -0.01782 -0.0105 0.99968 -0.0228 -0.00898 0.99972 -0.02168 0.01881 0.99967 0.0174 0.02228 0.99971 0.0089 0.03973 0.99921 0.00041 0.0354 0.99931 0.01103 0.01236 0.99991 -0.00569 -0.01974 0.99949 0.02515 -0.02333 0.99972 -0.00379 0.00556 0.99971 0.02349 0.00761 0.99978 0.01964 -0.0067 0.99955 -0.02921 -0.03207 0.99944 0.00944 -0.03383 0.99943 0.0007 -0.03113 0.99951 -0.00255 -0.03047 0.99938 0.01775 0.01045 0.99973 -0.02054 0.00832 0.99975 -0.02082 0.00813 0.99974 -0.02107 -0.00856 0.99985 -0.01474 -0.02799 0.99933 -0.02355 -0.00988 0.99973 0.02112 -0.0085 0.99974 0.02126 -0.00051 0.9995 0.03149 -0.0006 0.9995 0.03149 0.00635 0.99988 0.01379 0.02164 0.99975 0.00598 0.02222 0.99971 0.00888 0.03309 0.99943 -0.00701 0.03554 0.99937 0.00016 0.01828 0.9998 -0.00842 0.01408 0.9997 -0.01989 0.00679 0.99983 -0.01699 -0.0047 0.99976 -0.02116 -0.00747 0.99984 -0.01621 -0.02831 0.99955 -0.0101 -0.02803 0.99954 -0.0112 -0.03054 0.99949 -0.00963 -0.03112 0.99949 -0.00713 -0.01237 0.99991 0.0057 -0.36077 0.48663 -0.79563 0.31666 0.62366 -0.71469 0.86704 0.33121 0.37222 -0.48304 -0.65993 0.57547 -0.46191 -0.65123 0.60211 0.88091 0.46793 -0.071 0.88022 0.45264 0.1426 0.94796 0.15774 0.27658 -0.4153 0.39005 -0.82182 -0.32332 0.42943 -0.84324 -0.15287 0.30713 -0.93931 0.06605 0.48282 -0.87323 0.74789 0.50022 0.4364 0.77282 0.55307 0.31123 0.02906 0.75198 0.65855 0.03664 0.13946 -0.98955 0.03419 0.39594 -0.91764 0.03644 0.20074 -0.97897 0.03583 0.27902 -0.95962 0.03661 0.05968 -0.99755 0.03144 0.67716 0.73516 0.21986 0.97194 0.0836 0.03259 0.99938 -0.01337 0.03336 0.23297 0.97191 0.03193 0.13776 0.98995 0.03001 0.04402 0.99858 0.03313 0.59668 0.8018 0.03414 0.51034 0.85929 0.0345 0.42044 0.90666 0.03421 0.32539 0.94496 -0.00048 0.99981 0.01967 0.00464 0.9935 0.11372 0.01424 0.95283 0.30318 0.02264 0.87154 0.48981 0.01865 0.91723 0.39792 0.00949 0.97829 0.20701 0.01847 0.79308 -0.60884 0.02172 0.74219 -0.66984 0.02406 0.69996 -0.71377 0.02329 0.71511 -0.69862 0.03355 0.42517 -0.90449 0.02616 0.81565 0.57795 0.83605 0.501 -0.22363 0.66968 0.40762 -0.62078 0.75334 0.63155 -0.18338 -0.57578 0.68984 0.43886 0.61989 0.74919 0.23335 0.41825 0.86303 0.28327 0.06379 0.67666 0.73353 0.04283 0.75152 0.65832 0.34199 0.52284 0.78082 -0.21963 0.26225 0.93967 0.23067 0.7316 0.64153 0.05741 -0.70562 0.70626 -0.0875 0.77135 0.63037 -0.4525 0.76616 0.45633 0.42144 0.47813 -0.77057 0.69776 0.53022 -0.48166 0.4599 0.53992 -0.70497 0.90724 0.42058 0.00435 -0.58695 0.28532 0.75768 0.43846 -0.89871 -0.00881 -0.02363 0.04409 0.99875 -0.02655 0.13785 0.9901 -0.02899 0.23308 0.97203 -0.0308 0.3255 0.94504 -0.03205 0.42054 0.90671 -0.03258 0.51043 0.8593 -0.03238 0.59674 0.80178 -0.03144 0.6772 0.73512 -0.02971 0.752 0.6585 -0.02733 0.81565 0.5779 -0.02423 0.87152 0.48976 -0.02054 0.91721 0.39788 -0.01632 0.9528 0.30316 -0.01164 0.97827 0.207 -0.00676 0.99349 0.11372 -0.0015 0.99981 0.01967 -0.04877 0.99257 -0.11146 -0.16145 0.98628 -0.03457 -0.03068 0.13922 -0.98979 -0.03089 0.20051 -0.9792 -0.03079 0.27881 -0.95985 -0.02994 0.39577 -0.91786 -0.02663 0.57114 -0.82042 0.01738 0.70005 -0.71389 0.0462 0.74162 -0.66923 0.09209 0.78996 -0.6062 -0.03014 0.05942 -0.99778 0.43819 0.75293 0.491 0.02149 0.72262 0.69091 -0.10051 0.39979 0.91108 0.1884 -0.96955 0.15646 -0.81142 0.32246 -0.48746 -0.21351 -0.91977 -0.32929 -0.8284 0.49571 0.26081 -0.75173 0.59411 -0.28625 0.5586 0.68481 0.46797 0.43653 0.75356 0.49151 0.22034 0.69593 0.68347 -0.1381 0.68152 0.71865 -0.00149 0.67045 0.74196 0.08926 0.6143 0.784 -0.40317 0.88037 0.24981 0.33187 0.62503 0.70654 -0.53585 0.66236 -0.52359 -0.25725 0.16302 -0.9525 -0.61958 0.52823 -0.5806 -0.86777 0.38773 0.31088 -0.81794 0.55817 0.13937 -0.82295 0.2846 0.49169 0.50704 0.44261 -0.7396 0.11934 0.42706 -0.89631 0.51781 -0.62838 0.58053 0.74095 -0.53822 0.40163 0.61516 0.38115 -0.69015 -0.83448 0.50581 0.21863 -0.34474 0.26366 0.90091 -0.89575 0.44448 0.00866 0.12242 0.42 -0.89923 -0.72937 -0.16098 0.66491 -0.09942 0.73548 -0.67022 -0.38979 0.82996 -0.39903 0.31799 0.56848 -0.75876 -0.33487 0.87697 -0.34466 0.04274 0.69007 0.72248 0.77747 0.57854 -0.24664 0.02967 0.49957 -0.86576 -0.00017 0.99969 0.02505 0.01432 0.7954 0.60591 0.01125 0.89673 0.44244 0.03462 0.9303 0.36516 0.00214 0.99291 0.11889 0.0367 0.99905 0.02336 0.00452 0.99854 0.0539 0.03985 0.99889 0.02508 0.06835 0.99615 0.05497 0.176 0.98431 0.01276 0.16323 0.98655 0.00874 0.35387 0.91877 0.17502 0.26918 0.96229 0.03937 0.32119 0.94624 0.03843 0.35888 0.93282 0.03239 0.39964 0.91661 0.01055 0.4759 0.87899 0.02982 0.3789 0.9252 0.0208 0.41303 0.90982 -0.04057 0.51281 0.85175 -0.10741 0.50398 0.85224 -0.14031 0.5243 0.83493 -0.16731 0.49172 0.85226 -0.17853 0.46942 0.85585 -0.21718 0.52424 0.80994 -0.26299 0.48281 0.83427 -0.26625 0.46154 0.82418 -0.32819 0.4558 0.82915 -0.32366 0.41913 0.8266 -0.37559 0.49273 0.70312 -0.51269 0.34774 0.8218 -0.45135 0.29619 0.82427 -0.48255 0.31019 0.78393 -0.53781 0.25064 0.81943 -0.51548 0.21444 0.80909 -0.54716 0.21097 0.7807 -0.58822 0.1577 0.82002 -0.55018 0.08964 0.80377 -0.58815 0.10183 0.79466 -0.59845 0.05729 0.79315 -0.60632 0.01681 0.8152 -0.57893 0.57174 0.44979 -0.68615 0.02137 0.52034 -0.85369 0.11277 0.4419 -0.88995 0.19482 0.49591 -0.84623 0.20376 0.53883 -0.8174 0.31409 0.45585 -0.8328 0.36399 0.53025 -0.76573 0.38595 0.50345 -0.77303 0.48583 0.47128 -0.73612 0.49673 0.52051 -0.6945 0.45911 0.60257 -0.65278 0.49512 0.52691 -0.69081 0.48448 0.69866 -0.52645 0.55975 0.59457 -0.5772 0.54447 0.63038 -0.55333 0.64848 0.49091 -0.5818 0.61907 0.51414 -0.59365 0.67146 0.5366 -0.51108 0.66939 0.51567 -0.53479 0.73992 0.47806 -0.47326 0.77244 0.51651 -0.36953 0.73614 0.55671 -0.38492 0.80937 0.51753 -0.27764 0.83915 0.50885 -0.19208 0.81512 0.56927 -0.10727 0.7977 0.59412 -0.10344 0.85522 0.5182 -0.00833 0.78824 0.61478 0.02687 0.79662 0.58912 0.13539 0.8067 0.58815 0.05762 0.65017 0.63795 0.41268 0.60985 0.73854 0.28746 0.23066 0.97157 0.05336 0.22844 0.97222 0.05101 0.39475 0.89284 0.2168 0.61153 0.64771 0.45442 0.33467 0.70631 0.62379 0.06205 0.68692 -0.72408 0.10161 0.68889 -0.71771 0.42631 0.66496 -0.61327 0.42598 0.6586 -0.62031 0.31022 0.68847 -0.65557 0.31508 0.60969 -0.72733 0.19644 0.67474 -0.71144 0.16846 0.61355 -0.77148 0.03807 0.63225 -0.77383 0.46505 0.57341 -0.67449 0.35491 0.55453 -0.75269 0.3184 0.60093 -0.73315 0.20451 0.53529 -0.81954 0.17271 0.58275 -0.79409 0.05958 0.58265 -0.81054 0.03512 0.72844 -0.68421 0.13089 0.73585 -0.66437 0.18369 0.71112 -0.67865 0.22081 0.7606 -0.61051 0.30707 0.69368 -0.65155 0.31264 0.78094 -0.54073 0.39873 0.72256 -0.56473 0.4119 0.73217 -0.54246 0.42367 0.763 -0.4882 0.41449 0.7776 -0.4728 0.45219 0.78989 -0.41425 0.55256 0.72414 -0.41268 0.51464 0.78264 -0.35018 0.59117 0.74965 -0.29757 0.55387 0.78766 -0.26987 0.64513 0.7408 -0.18712 0.58088 0.81399 0.00035 0.52806 0.82999 0.17964 0.59218 0.79844 0.10871 0.57719 0.80968 0.10614 0.60733 0.78516 0.1211 0.73251 0.6662 0.14003 0.67865 0.73404 0.02488 0.73451 0.67859 -0.00324 0.67104 0.73792 -0.07195 0.71919 0.681 -0.13786 0.64971 0.73696 -0.18647 0.72216 0.63846 -0.26618 0.62191 0.72163 -0.3041 0.66702 0.63341 -0.39227 0.55685 0.71968 -0.4147 0.58693 0.6432 -0.49173 0.54058 0.64921 -0.53507 0.45142 0.82074 0.35015 0.41851 0.75625 0.50293 0.25378 0.78558 0.56433 0.11564 0.84067 0.52905 0.51576 0.74428 0.42431 0.52035 0.7423 0.42217 0.52165 0.73391 0.43503 0.65671 0.56563 -0.49879 0.6781 0.61965 -0.39524 0.72888 0.56696 -0.38378 0.72884 0.63068 -0.26652 0.77877 0.57681 -0.24659 0.75431 0.64294 -0.13284 0.80619 0.58293 -0.10125 0.75187 0.65931 0.00136 0.73995 0.65678 0.14527 0.7609 0.61725 0.20009 0.72773 0.62957 0.27212 0.71995 0.63903 0.27076 0.67309 0.66693 0.31962 0.65689 0.68388 0.31751 0.35736 0.93224 0.05685 0.44526 0.88442 0.13978 0.52312 0.85152 -0.03544 0.51138 0.85672 -0.0672 0.53456 0.84063 -0.08703 0.49586 0.70044 0.51333 0.27875 0.9526 0.12188 0.37916 0.71941 0.58197 0.39082 0.78859 0.47475 0.39165 0.78714 0.47647 0.36583 0.8654 0.34242 0.32539 0.90437 0.2761 0.06613 0.99526 0.07129 0.19167 0.96244 0.19226 0.15635 0.98148 0.11074 0.14112 0.98938 0.0349 0.05866 0.92465 0.37627 0.1039 0.96918 0.22338 0.10125 0.99407 0.03969 0.16652 0.87763 0.44948 0.11903 0.96127 0.24858 0.15178 0.983 0.10333 0.02058 0.78343 0.62113 0.10026 0.7714 0.6284 0.11717 0.80458 0.58217 0.19593 0.70792 0.67857 0.24233 0.79984 0.54912 0.2427 0.81627 0.52421 0.25935 0.88788 0.38 0.15993 0.97701 0.14098 0.63719 0.55347 -0.53634 0.01447 0.99233 0.12278 0.56006 0.80601 -0.1915 -0.0929 0.89431 -0.43769 0.58862 0.7911 0.16639 -0.61778 0.45255 -0.64307 -0.64887 0.6911 0.31835 -0.64832 0.64767 0.40026 -0.80785 0.57068 0.14734 -0.82026 0.57103 0.033 -0.81283 0.58213 0.02065 -0.81441 0.57793 -0.05234 -0.8329 0.54957 -0.0652 -0.79725 0.56693 -0.20732 -0.82261 0.54331 -0.16773 -0.80912 0.57287 -0.13094 -0.80799 0.53535 -0.24607 -0.78877 0.54298 -0.28813 -0.80297 0.50502 -0.31654 -0.74367 0.54445 -0.38798 -0.75013 0.52977 -0.3958 -0.74032 0.47717 -0.47353 -0.66996 0.54257 -0.50673 -0.67346 0.47664 -0.56504 -0.58888 0.55481 -0.58771 -0.62749 0.50656 -0.59131 -0.49324 0.68777 -0.53263 -0.54296 0.64439 -0.53847 -0.41933 0.68852 -0.5917 -0.43414 0.72412 -0.53589 -0.41987 0.68884 -0.59094 -0.43283 0.64227 -0.63257 -0.48368 0.59628 -0.64071 -0.54915 0.45817 -0.69893 -0.02631 0.52139 -0.85292 -0.5029 0.51205 -0.69634 -0.50399 0.5115 -0.69596 -0.47682 0.50027 -0.72275 -0.44189 0.51642 -0.73351 -0.41005 0.49227 -0.76781 -0.3429 0.51497 -0.78564 -0.32642 0.49024 -0.80816 -0.25717 0.51284 -0.81906 -0.217 0.45078 -0.86586 -0.14725 0.52231 -0.83994 -0.09593 0.44648 -0.88964 -0.01823 0.79268 -0.60937 -0.06306 0.81273 -0.57922 -0.11455 0.80228 -0.58585 -0.10559 0.78604 -0.60909 -0.16261 0.81099 -0.56201 -0.20268 0.78088 -0.59089 -0.21766 0.81931 -0.53043 -0.29944 0.78558 -0.54148 -0.28205 0.79999 -0.52959 -0.31444 0.81809 -0.48152 -0.47055 0.73113 -0.49399 -0.39455 0.84293 -0.3658 -0.46048 0.81741 -0.3461 -0.46485 0.83177 -0.30344 -0.51756 0.77865 -0.35473 -0.47825 0.83894 -0.25973 -0.48374 0.85156 -0.20206 -0.53493 0.80627 -0.25254 -0.48694 0.86144 -0.14425 -0.53606 0.82528 -0.17764 -0.51984 0.84718 -0.10977 -0.49052 0.87022 -0.04602 -0.39647 0.91748 -0.0321 -0.34389 0.93868 0.02481 -0.40997 0.91199 0.01436 -0.44096 0.89665 0.03973 -0.27801 0.9582 0.06747 -0.37927 0.91379 0.1454 -0.24435 0.96817 0.05426 -0.13885 0.99007 0.02184 -0.11667 0.99252 0.03609 -0.06411 0.99719 0.03871 -0.10045 0.99433 0.03476 -0.04851 0.99848 0.02607 -0.0015 0.99981 0.01966 -0.24387 0.86325 0.44196 -0.58464 0.68458 0.43536 -0.23668 0.97029 0.05022 -0.27414 0.95558 0.10825 -0.33043 0.94169 0.0635 -0.12634 0.81953 0.55893 -0.2319 0.83664 0.49624 -0.20079 0.81104 0.54946 -0.29728 0.78417 0.5447 -0.13063 0.8408 0.52535 -0.06602 0.74726 0.66125 -0.41568 0.79547 0.44095 -0.31385 0.87766 0.36223 -0.39922 0.87295 0.28032 -0.44687 0.84078 0.30561 -0.52767 0.73264 0.42988 -0.5047 0.70202 0.50244 -0.42784 0.77672 0.46223 -0.4325 0.71378 0.55088 -0.36083 0.72144 0.59104 -0.50302 0.84016 0.20274 -0.56558 0.82454 -0.0161 -0.5978 0.7993 0.06127 -0.65815 0.75259 -0.021 -0.70913 0.70505 -0.00524 -0.68341 0.72952 -0.02722 -0.73562 0.67394 0.0683 -0.67469 0.72983 0.1102 -0.68019 0.72325 0.11942 -0.63996 0.73814 0.21356 -0.66644 0.69909 0.25911 -0.63605 0.7093 0.30386 -0.63506 0.71871 0.28311 -0.55954 0.69873 -0.44574 -0.61972 0.64631 -0.44524 -0.63089 0.69624 -0.34239 -0.69556 0.64006 -0.32638 -0.66908 0.70161 -0.24513 -0.72182 0.65983 -0.20881 -0.71343 0.68888 -0.12835 -0.68301 0.71535 -0.14753 -0.01611 0.79581 -0.60533 -0.36014 0.80565 -0.47035 -0.41808 0.76772 -0.48561 -0.41981 0.79489 -0.43808 -0.54342 0.71698 -0.43662 -0.50072 0.7928 -0.34747 -0.59162 0.73478 -0.33178 -0.5634 0.78476 -0.25832 -0.61882 0.74778 -0.24061 -0.57781 0.79626 -0.17918 -0.65431 0.74421 -0.13428 -0.58629 0.80354 -0.10291 -0.73799 0.67051 -0.07609 -0.01559 0.74486 -0.66704 -0.05514 0.70309 -0.70896 -0.11203 0.75385 -0.64742 -0.185 0.69596 -0.69384 -0.21734 0.75158 -0.62281 -0.31318 0.68837 -0.65427 -0.31069 0.76922 -0.55837 -0.43242 0.74641 -0.50585 -0.53484 0.6489 -0.54118 -0.00952 0.63329 -0.77386 -0.19579 0.65562 -0.72926 -0.21177 0.62997 -0.74719 -0.30695 0.6168 -0.72481 -0.05559 0.69841 -0.71354 -0.09666 0.64513 -0.75793 -0.32851 0.66165 -0.67402 -0.37835 0.6365 -0.6721 -0.43334 0.65173 -0.62247 -0.58458 0.58735 -0.55973 -0.66259 0.55406 -0.50397 -0.63635 0.62508 -0.45203 -0.73922 0.55093 -0.38733 -0.69436 0.64153 -0.32604 -0.78108 0.61764 0.09182 -0.75084 0.63607 0.17791 -0.76397 0.60571 0.2224 -0.70077 0.65954 0.27192 -0.04926 0.56659 -0.82253 -0.10096 0.57786 -0.80987 -0.14389 0.5436 -0.82692 -0.20851 0.58787 -0.78162 -0.06221 0.99641 0.05736 -0.21322 0.97249 0.09379 -0.01915 0.9998 -0.00505 -0.08441 0.98209 0.16847 -0.07232 0.96296 0.25977 -0.11983 0.99101 0.05944 -0.16126 0.97338 0.16284 -0.16034 0.95441 0.25177 -0.28743 0.94317 0.16676 -0.28331 0.95059 0.12692 -0.22411 0.96869 0.10684 -0.2489 0.94002 0.23326 -0.34026 0.93876 0.0543 -0.38218 0.91834 0.10294 -0.07953 0.91132 0.40394 -0.49268 0.86434 -0.10088 -0.49427 0.86811 -0.04562 -0.47005 0.88131 0.04838 -0.5051 0.85479 0.11915 -0.45704 0.88073 0.12424 0.05518 0.95104 0.30409 0.67895 0.73296 -0.04236 -0.23383 0.85228 -0.46791 0.51917 0.79278 0.31932 0.10865 -0.84479 0.52395 0.26661 0.96241 -0.05184 -0.51953 0.81689 0.25055 -0.36091 0.8603 0.36005 0.23108 0.88977 -0.39359 -0.38683 0.79553 -0.46637 -0.20839 0.97176 -0.11072 -0.55749 0.731 0.3935 -0.5952 0.33059 -0.73243 -0.22228 -0.96049 -0.16747 0.18788 0.96557 -0.17995 -0.01114 0.69372 -0.72016 -0.1779 0.73613 -0.65305 -0.17833 0.71454 -0.67648 -0.14113 0.70317 -0.69688 -0.13378 0.67283 -0.7276 -0.10241 0.706 -0.70077 -0.0623 0.68519 -0.7257 -0.05312 0.69751 -0.7146 -0.0115 0.69307 -0.72078 -0.29211 0.70396 -0.64739 -0.28677 0.71756 -0.63472 -0.2288 0.73875 -0.63395 -0.2245 0.71433 -0.66283 -0.32661 0.74963 -0.57566 -0.31906 0.74851 -0.58132 -0.32059 0.74175 -0.58909 -0.29562 0.74537 -0.59753 -0.36374 0.76375 -0.53327 -0.37026 0.73481 -0.5683 -0.35641 0.74141 -0.56858 -0.34194 0.79015 -0.50866 -0.39343 0.76087 -0.51604 -0.34846 0.81172 -0.46872 -0.44727 0.75232 -0.48371 -0.44631 0.77153 -0.45337 -0.48439 0.78017 -0.39585 -0.42878 0.79966 -0.42035 -0.49736 0.79825 -0.33974 -0.45779 0.80755 -0.37187 -0.52647 0.80173 -0.28295 -0.47799 0.81695 -0.32269 -0.48599 0.8337 -0.26224 -0.50497 0.83714 -0.21023 -0.53541 0.82087 -0.19879 -0.50278 0.85448 -0.13067 -0.54264 0.82843 -0.13872 -0.51084 0.85699 -0.06788 -0.53045 0.84594 -0.05485 -0.51993 0.85395 0.02103 -0.46873 0.88314 -0.01898 -0.52359 0.84899 0.07116 -0.46097 0.88263 0.09206 -0.47532 0.87257 0.1127 -0.44374 0.88286 0.15379 -0.45222 0.87571 0.1692 -0.409 0.88859 0.20767 -0.41602 0.88145 0.22355 -0.44993 0.86608 0.21789 -0.38925 0.8851 0.25512 -0.36056 0.88651 0.28999 -0.37708 0.87736 0.29673 -0.3822 0.80603 0.45193 -0.39244 0.88567 0.24815 -0.31186 0.89631 0.31524 -0.31997 0.89138 0.32103 -0.27684 0.88815 0.3668 -0.25472 0.9016 0.34961 -0.22621 0.88644 0.40379 -0.19891 0.90479 0.37656 -0.15914 0.88417 0.43922 -0.12768 0.90803 0.39897 -0.09885 0.89207 0.44095 -0.04458 0.92329 0.38151 -0.0818 0.87493 0.47729 -0.02133 0.91107 0.4117 0.35719 0.88586 0.29609 0.10755 0.70413 -0.70188 0.33762 0.87231 0.35367 0.40881 0.87209 0.26897 0.37989 0.88088 0.28236 0.42185 0.86541 0.27036 0.33782 0.92971 -0.14667 0.39539 0.89369 0.2121 0.43692 0.8797 0.18772 0.42161 0.89233 0.16121 0.49221 0.86062 0.13061 0.50819 0.85896 0.06276 0.45859 0.88479 0.0827 0.52774 0.84939 0.00505 0.48539 0.8739 0.02634 0.53353 0.84386 -0.05689 0.49262 0.86927 -0.04114 0.54046 0.83334 -0.116 0.50506 0.85764 -0.09684 0.54022 0.82311 -0.17509 0.50092 0.8507 -0.15934 0.5014 0.8326 -0.23531 0.51303 0.82445 -0.23892 0.48949 0.81703 -0.30473 0.51536 0.79688 -0.31525 0.46134 0.80127 -0.38096 0.46486 0.79823 -0.38307 0.4424 0.7824 -0.43834 0.4329 0.79196 -0.43057 0.41903 0.76606 -0.4874 0.40518 0.78135 -0.47468 0.40071 0.74316 -0.53586 0.39653 0.75008 -0.52929 0.3644 0.72906 -0.57938 0.36097 0.73997 -0.56758 0.36561 0.76074 -0.53629 0.32443 0.74575 -0.5819 0.31223 0.74672 -0.5873 0.33173 0.73386 -0.5928 0.28226 0.73213 -0.61994 0.27569 0.737 -0.61711 0.24489 0.71724 -0.65237 0.23786 0.7226 -0.64905 0.20188 0.70896 -0.67573 0.19904 0.71157 -0.67384 0.15661 0.69895 -0.69781 0.15789 0.70667 -0.6897 0.02407 0.69449 -0.7191 0.03549 0.7065 -0.70682 0.06559 0.68333 -0.72716 0.07938 0.70251 -0.70723 0.12875 0.67611 -0.72546 0.35111 0.89467 0.2762 0.31279 0.89734 0.31136 0.31573 0.89109 0.326 0.26844 0.89662 0.35216 0.26925 0.89303 0.36057 0.21069 0.89978 0.38211 0.21026 0.9016 0.37803 0.14963 0.89159 0.42742 0.12846 0.90863 0.39736 0.08894 0.88515 0.45672 0.05432 0.91299 0.40435 0.01384 0.87926 0.47614 0.11184 0.98353 -0.142 0.03789 0.98344 -0.17725 0.94134 0.13724 0.30829 0.81733 0.13629 0.55982 0.91655 0.18307 0.35556 0.74381 0.13876 0.65383 0.67266 0.12039 0.73009 0.63656 0.14638 0.75721 0.60455 0.09958 0.79032 0.55289 0.11551 0.82521 0.51109 0.07123 0.85657 0.40219 0.04704 0.91435 0.37188 0.08032 0.9248 0.27386 0.02216 0.96152 0.07891 0.02967 0.99644 0.02381 0.68175 0.7312 0.06154 0.64471 0.76194 0.12099 0.67976 0.72339 0.15533 0.63862 0.75368 0.20739 0.70659 0.67656 0.29941 0.58293 0.75535 0.07432 0.24514 0.96664 0.07336 0.24647 0.96637 0.15828 0.25974 0.95262 0.64208 0.33281 0.69063 0.68746 0.36278 0.62911 0.70592 0.34584 0.61811 0.74015 0.37201 0.56017 0.77487 0.33481 0.53617 0.79694 0.37302 0.47512 0.82299 0.34862 0.44849 0.8393 0.37703 0.3917 0.86067 0.35153 0.36835 0.87548 0.3713 0.3093 0.88846 0.35273 0.29363 0.90412 0.36293 0.22551 0.91035 0.352 0.21763 0.92007 0.36698 0.13707 0.92866 0.34971 0.12366 0.93049 0.36277 0.05091 0.93823 0.34423 0.03507 0.93373 0.35626 -0.03503 0.94007 0.33686 -0.05278 0.92979 0.34776 -0.12063 0.93568 0.32105 -0.14639 0.91758 0.3403 -0.20551 0.91768 0.31515 -0.24195 0.89739 0.33329 -0.28916 0.89256 0.30643 -0.33082 0.87138 0.32168 -0.37043 0.86213 0.29516 -0.41185 0.8378 0.30983 -0.44955 0.82425 0.28371 -0.49002 0.79667 0.29802 -0.52584 0.77892 0.2724 -0.56487 0.74788 0.28646 -0.59884 0.72635 0.26145 -0.63566 0.6996 0.27235 -0.6606 0.3767 0.19992 -0.9045 0.31971 0.21706 -0.92232 0.19423 0.19246 -0.96189 0.13476 0.20914 -0.96856 0.19661 0.16483 0.96653 0.27601 0.1867 0.94285 0.28032 0.17877 0.94311 0.37251 0.19304 0.90773 0.37306 0.19192 0.90774 0.46463 0.21443 0.85915 0.46957 0.20393 0.85902 0.55048 0.2351 0.80106 0.55583 0.224 0.80055 0.62832 0.24105 0.73967 0.66494 0.15757 -0.73009 0.63949 0.18603 -0.74595 0.56412 0.18831 -0.80393 0.53259 0.13315 -0.83583 0.48945 0.15637 -0.8579 0.43294 0.13711 -0.89094 0.40764 0.1481 -0.90105 0.25368 0.12102 -0.95969 0.22697 0.13411 -0.96462 0.06095 0.11679 -0.99128 0.01988 0.14198 -0.98967 0.17967 0.04618 0.98264 0.46744 0.11045 0.8771 0.72252 0.1653 0.6713 0.78678 0.18034 0.5903 0.84538 0.17974 0.50302 0.88507 0.15496 0.4389 0.88314 0.14783 0.4452 0.94828 0.17936 0.26192 0.96601 0.16429 0.19957 0.96697 0.18644 0.17382 0.97997 0.17001 0.10374 0.9799 0.18222 0.08122 0.98537 0.16161 0.05407 0.98012 0.19768 -0.01674 0.98632 0.15279 -0.0619 0.97621 0.18591 -0.11157 0.9776 0.13262 -0.16345 0.95956 0.17435 -0.221 0.94755 0.13038 -0.29181 0.94174 0.14161 -0.30508 0.9099 0.13379 -0.39266 0.91034 0.13294 -0.39194 0.86596 0.14545 -0.47849 0.85801 0.11211 -0.50125 0.82013 0.12911 -0.55743 0.80315 0.09637 -0.58793 0.76387 0.12468 -0.63322 0.72313 0.08697 -0.68521 0.67545 0.12803 -0.7262 0.65226 0.05955 -0.75565 0.57572 0.06233 -0.81527 0.54182 0.10707 -0.83364 0.34755 0.06238 -0.93559 0.27984 0.07685 -0.95697 0.131 0.04866 -0.99019 0.07362 0.08753 -0.99344 0.17365 0.56487 0.8067 0.25689 0.54153 0.80047 0.29031 0.60648 0.74021 0.33788 0.58566 0.73678 0.36188 0.60697 0.70755 0.42034 0.58053 0.69736 0.44134 0.60357 0.66402 0.497 0.57468 0.65017 0.5127 0.59586 0.61813 0.57713 0.56104 0.59342 0.58348 0.57077 0.57773 0.62108 0.56991 0.53802 0.63344 0.55794 0.53615 0.66859 0.58026 0.46507 0.73193 0.5122 0.44936 0.06578 0.4783 0.87573 0.07252 0.46977 0.87981 0.14974 0.47851 0.86522 0.71531 0.53798 0.446 0.75399 0.51127 0.41243 0.76118 0.52884 0.37541 0.79448 0.5057 0.33627 0.79648 0.52759 0.29541 0.82942 0.49427 0.26031 0.82992 0.52249 0.19556 0.85109 0.49403 0.17772 0.85276 0.50957 0.11464 0.86853 0.48593 0.09764 0.86235 0.50544 0.02975 0.87762 0.47906 0.01705 0.87497 0.4797 -0.06574 0.87132 0.48545 -0.07167 0.8744 0.46347 -0.14362 0.86221 0.47971 -0.16271 0.86946 0.44197 -0.22069 0.8414 0.47123 -0.26456 0.84811 0.43716 -0.29934 0.82042 0.45588 -0.34508 0.82199 0.42822 -0.37543 0.79099 0.44715 -0.41761 0.78854 0.41988 -0.44934 0.75446 0.43881 -0.4881 0.74789 0.41226 -0.52029 0.71072 0.43102 -0.55596 0.70009 0.4055 -0.58774 0.65418 0.42653 -0.62459 0.64226 0.39026 -0.65969 0.55932 0.4609 -0.689 0.52458 0.37643 -0.76362 0.50936 0.39747 -0.76327 0.42288 0.44201 -0.79107 0.37217 0.37338 -0.84975 0.35024 0.40382 -0.84514 0.23811 0.42506 -0.87328 0.20474 0.36122 -0.90973 0.14872 0.42321 -0.89374 0.06723 0.4179 -0.906 0.0312 0.37151 -0.92791 0.19015 0.37431 0.9076 0.26965 0.3824 0.88378 0.27344 0.3772 0.88484 0.36257 0.39068 0.84612 0.36781 0.38378 0.84701 0.45015 0.40008 0.79831 0.45681 0.3916 0.79873 0.53093 0.40989 0.74169 0.53896 0.39997 0.74131 0.59199 0.416 0.69028 0.65452 0.33325 -0.67863 0.60723 0.30114 -0.73525 0.53508 0.34431 -0.77145 0.5288 0.32258 -0.78506 0.462 0.28598 -0.83951 0.38246 0.32964 -0.86317 0.38957 0.34542 -0.85377 0.29301 0.27666 -0.91521 0.20941 0.32053 -0.9238 0.22473 0.34576 -0.91101 0.11134 0.27177 -0.9559 0.03407 0.30912 -0.95041 0.01581 0.28853 -0.95734 -0.02685 0.42579 -0.90442 -0.1073 0.36818 -0.92354 -0.14381 0.42853 -0.89201 -0.24304 0.41009 -0.87906 -0.27472 0.36247 -0.89059 -0.34214 0.44493 -0.82763 -0.4361 0.37247 -0.8192 -0.43809 0.39082 -0.80953 -0.49139 0.45011 -0.74561 -0.56581 0.39027 -0.72632 -0.57337 0.4086 -0.71014 -0.63376 0.40505 -0.659 -0.69113 0.42473 -0.58477 -0.7429 0.40898 -0.52994 -0.74546 0.44292 -0.49811 -0.78359 0.41867 -0.45902 -0.78734 0.44849 -0.42302 -0.81796 0.42725 -0.38523 -0.81711 0.45774 -0.35045 -0.84495 0.4365 -0.30907 -0.83985 0.46735 -0.2761 -0.86452 0.44633 -0.23108 -0.85567 0.47719 -0.20029 -0.87667 0.45651 -0.15186 -0.86461 0.48701 -0.12359 -0.88143 0.46683 -0.07179 -0.8637 0.50233 -0.04111 -0.88133 0.4724 0.00997 -0.45964 0.65526 0.59946 -0.40723 0.63282 0.65857 -0.37945 0.66772 0.64045 -0.32806 0.63309 0.70113 -0.29596 0.66845 0.68233 -0.23609 0.63669 0.73409 -0.20761 0.68951 0.69388 -0.12267 0.67723 0.72547 -0.01903 0.47136 0.88174 -0.00621 0.24937 0.96839 -0.02847 0.01102 0.99953 -0.13001 0.0196 0.99132 -0.32902 0.0175 0.94416 -0.37414 0.07057 0.92468 -0.42755 0.05628 0.90224 -0.44132 0.02694 0.89695 -0.51221 0.09212 0.85391 -0.55415 0.02445 0.83206 -0.59553 0.0902 0.79825 -0.66081 0.09219 0.74487 -0.64002 0.05771 0.76619 -0.71789 0.07919 0.69164 -0.73262 -0.00681 0.68061 -0.76683 0.07803 0.63709 -0.81793 0.07071 0.57096 -0.81762 0.07243 0.57119 -0.87098 0.1254 0.47504 -0.90183 0.05825 0.42814 -0.89262 0.12922 0.4319 -0.9455 0.13093 0.29815 -0.93407 0.08763 0.34616 -0.99204 0.10263 0.07303 -0.59639 0.12299 -0.79322 -0.62468 0.10027 -0.77441 -0.73465 0.13767 -0.66434 -0.77127 0.09946 -0.62869 -0.80971 0.14177 -0.56945 -0.8464 0.11174 -0.52069 -0.85976 0.14521 -0.48961 -0.89653 0.12468 -0.42508 -0.90073 0.15345 -0.40637 -0.93604 0.1506 -0.31805 -0.93978 0.14284 -0.31051 -0.95876 0.16632 -0.23045 -0.96457 0.1535 -0.21459 -0.97447 0.17552 -0.14 -0.97715 0.16771 -0.13057 -0.98267 0.17929 -0.04712 -0.98228 0.18096 -0.04886 -0.98452 0.16787 0.05042 -0.9853 0.16113 0.0568 -0.06301 0.11537 -0.99132 -0.10208 0.14226 -0.98455 -0.16492 0.12754 -0.97803 -0.20336 0.14834 -0.9678 -0.25535 0.133 -0.95766 -0.2981 0.15085 -0.94254 -0.33855 0.13439 -0.9313 -0.38915 0.15525 -0.908 -0.41817 0.14325 -0.897 -0.47473 0.16531 -0.86447 -0.48938 0.15814 -0.85761 -0.55574 0.17081 -0.81362 -0.57923 0.15483 -0.80032 -0.70332 0.18382 -0.68669 -0.71606 0.17351 -0.67614 -0.62434 0.26773 -0.73384 -0.65838 0.25729 -0.70734 -0.74317 0.29108 -0.60247 -0.76881 0.27954 -0.57515 -0.78734 0.30484 -0.53589 -0.81528 0.29056 -0.50089 -0.8296 0.31633 -0.4601 -0.85437 0.30158 -0.4232 -0.8644 0.32771 -0.38133 -0.88611 0.31229 -0.34247 -0.89169 0.3387 -0.30028 -0.91036 0.32245 -0.25934 -0.91157 0.34902 -0.2173 -0.92719 0.33169 -0.17408 -0.92408 0.35834 -0.13293 -0.93648 0.33971 -0.08721 -0.92927 0.36634 -0.04738 -0.93819 0.34613 0.00107 -0.92724 0.37249 0.03858 -0.09137 0.28778 -0.95333 -0.11199 0.31274 -0.94321 -0.19222 0.27375 -0.9424 -0.27553 0.31514 -0.90817 -0.28102 0.32562 -0.90277 -0.36734 0.28306 -0.88597 -0.44008 0.32369 -0.83759 -0.44545 0.33832 -0.82893 -0.52508 0.29668 -0.79766 -0.57503 0.33045 -0.74843 -0.66959 0.36931 -0.64441 -0.68551 0.3684 -0.62798 -0.26139 0.07994 0.96192 -0.74507 0.2445 0.62055 -0.94486 0.15662 0.28758 -0.95095 0.21105 0.22616 -0.97228 0.16595 0.16469 -0.04553 0.16667 0.98496 -0.13507 0.16924 0.97628 -0.12907 0.18387 0.97444 -0.25761 0.16003 0.95291 -0.48118 0.22102 0.8483 -0.51839 0.2018 0.83099 -0.5479 0.23358 0.80327 -0.59762 0.19505 0.7777 -0.63458 0.24535 0.73288 -0.66741 0.21549 0.71283 -0.70571 0.25568 0.66076 -0.74651 0.20448 0.63318 -0.76877 0.26124 0.58374 -0.81709 0.25003 0.51947 -0.82267 0.269 0.50084 -0.86 0.26015 0.43901 -0.868 0.29053 0.4027 -0.89434 0.27648 0.35174 -0.8994 0.29571 0.32192 -0.28668 0.26123 0.92172 -0.3749 0.27517 0.88529 -0.37348 0.27709 0.88529 -0.44883 0.28629 0.84652 -0.89427 0.34433 0.28587 -0.90108 0.37885 0.21103 -0.91826 0.35255 0.18028 -0.91796 0.37657 0.12465 -0.9322 0.35049 0.09033 -0.04494 0.38841 0.92039 -0.13775 0.35596 0.92429 -0.16469 0.40053 0.90136 -0.25699 0.37344 0.89135 -0.55638 0.40358 0.72634 -0.6089 0.4195 0.67324 -0.61842 0.40783 0.67174 -0.67371 0.4282 0.60229 -0.68466 0.41494 0.59922 -0.7299 0.4356 0.52677 -0.74237 0.42024 0.52181 -0.77816 0.44049 0.44769 -0.79125 0.4238 0.44082 -0.81628 0.44183 0.37211 -0.28305 0.47724 0.83194 -0.35129 0.48928 0.79825 -0.3611 0.47787 0.80078 -0.43639 0.49411 0.75194 -0.45805 0.469 0.75514 -0.50582 0.48069 0.7163 -0.80632 0.49968 0.31649 -0.81696 0.50952 0.27014 -0.82632 0.49948 0.26022 -0.83533 0.52011 0.17808 -0.8516 0.49648 0.16817 -0.8624 0.49922 0.08393 -0.04257 0.63254 0.77335 -0.05698 0.60878 0.79129 -0.10494 0.61831 0.7789 -0.1615 0.52561 0.83525 -0.23638 0.57554 0.78286 -0.50823 0.58626 0.63087 -0.54839 0.59889 0.58362 -0.56813 0.57866 0.58513 -0.60917 0.59317 0.52636 -0.63081 0.57213 0.52416 -0.65106 0.59313 0.47361 -0.69139 0.5529 0.46505 -0.70723 0.5909 0.38815 -0.73433 0.55677 0.38828 -0.75528 0.57336 0.3175 -0.8558 0.51282 0.06801 -0.97241 0.1868 0.13974 -0.99987 0.00736 -0.0144 -0.99684 0.00176 -0.07937 -0.99721 0.00488 -0.07442 -0.99186 -0.00345 -0.12728 -0.98459 0.00628 -0.17477 -0.97607 -0.00523 -0.21741 -0.96018 0.00691 -0.27928 -0.95082 -0.00541 -0.30969 -0.91657 0.00292 -0.39986 -0.91431 0.00018 -0.40501 -0.86504 -0.00103 -0.50171 -0.86928 0.00393 -0.4943 -0.81834 -0.00612 -0.57471 -0.78973 0.00614 -0.61342 -0.75882 -0.00647 -0.65126 -0.72793 -0.00329 -0.68564 -0.71046 0.00381 -0.70373 -0.66036 0.00642 -0.75093 -0.64923 0.0006 -0.76059 -0.57043 -0.00029 -0.82135 -0.5718 0.00015 -0.82039 -0.53214 -0.00142 -0.84665 -0.51245 0.00178 -0.85872 -0.4919 -0.00043 -0.87065 -0.44121 0.00536 -0.89739 -0.40049 -0.00262 -0.9163 -0.3633 -0.00037 -0.93167 -0.34645 0.00405 -0.93806 -0.26852 0.00119 -0.96327 -0.26144 0.00291 -0.96521 -0.17943 0.00264 -0.98377 -0.16343 -0.00185 -0.98655 -0.12545 -0.00331 -0.99209 -0.05934 0.00618 -0.99822 -0.02688 -0.00049 -0.99964 0.03093 0.00326 -0.99952 0.07627 -0.00461 -0.99708 0.14255 0.0049 -0.98978 0.1749 -0.003 -0.98458 0.2111 -0.00484 -0.97745 0.30761 0.01264 -0.95143 0.26472 -0.00524 -0.96431 0.36554 4E-05 -0.9308 0.37515 0.00327 -0.92696 0.44911 0.00274 -0.89347 0.44991 0.00299 -0.89307 0.53 0.00354 -0.84799 0.50478 -0.00354 -0.86324 0.58128 0.00029 -0.81371 0.58645 0.00237 -0.80998 0.6537 0.00092 -0.75675 0.65803 0.00282 -0.75298 0.72039 -0.0007 -0.69357 0.73771 0.00548 -0.67509 0.76271 -0.00252 -0.64674 0.815 0.00303 -0.57945 0.81826 0.00508 -0.57482 0.85282 -0.00373 -0.52219 0.88611 0.00581 -0.46343 0.88073 0.00015 -0.47362 0.92377 0.00421 -0.38291 0.91649 -0.00188 -0.40005 0.94922 -0.00942 -0.31448 0.96445 -0.00092 -0.26427 0.96793 0.00706 -0.25113 0.98628 -0.00379 -0.16501 0.9912 0.00862 -0.13207 0.99646 -0.00254 -0.08408 0.99976 0.00284 -0.02186 0.99979 0.0038 -0.02011 -0.99956 -0.00568 0.02914 -0.95939 0.02954 0.28052 -0.97612 0.04976 0.21148 -0.81813 0.28688 0.49837 -0.63986 0.63342 0.43515 -0.20019 0.10764 0.97383 -0.23487 0.03104 0.97153 -0.11029 0.04234 0.993 -0.0187 0.00135 0.99982 -0.70587 0.12624 0.697 -0.88235 0.06974 0.4654 -0.8921 0.08286 0.44418 -0.93297 0.04291 0.3574 -0.92171 0.04008 0.38581 -0.94279 0.02438 0.3325 -0.95893 0.02678 0.28236 -0.95476 0.02257 0.29651 -0.83333 0.09816 0.54399 -0.82569 0.11999 0.55121 -0.77151 0.08909 0.62995 -0.72722 0.15142 0.6695 -0.64737 0.13285 0.75051 -0.56399 0.18515 0.80476 -0.54632 0.15415 0.82327 -0.34285 0.14141 0.92869 -0.25744 0.07161 0.96364 -0.99779 -0.00544 0.06617 -0.99464 -0.01918 0.10156 -0.98896 -0.00957 0.14786 -0.98695 -0.01172 0.1606 -0.98178 -0.00111 0.19004 -0.97252 -0.01582 0.23227 -0.34662 0.13372 0.92842 -0.41091 0.1215 0.90354 -0.45011 0.17432 0.87579 -0.48867 0.1317 0.86247 -0.63622 0.16938 0.75269 0.06124 0.01066 0.99807 0.16657 0.03254 0.98549 0.2317 0.03251 0.97224 0.32872 0.12648 0.93592 0.99649 -0.00048 0.0837 0.95296 0.01525 0.30271 0.66933 0.12785 0.73188 0.63215 0.12245 0.76511 0.26037 0.12721 0.95709 0.15815 0.06407 0.98533 0.35352 0.09828 0.93025 0.40231 0.17895 0.89784 0.44305 0.11674 0.88887 0.49135 0.13442 0.86053 0.52787 0.18663 0.82856 0.55506 0.13893 0.82013 0.94217 0.04071 0.33264 0.93225 0.02974 0.36058 0.59834 0.17382 0.78216 0.67269 0.1314 0.72817 0.71604 0.10834 0.6896 0.74344 0.12799 0.65644 0.77253 0.08942 0.62865 0.81573 0.10098 0.56955 0.81332 0.10691 0.57191 0.8586 0.05835 0.50932 0.88554 0.08075 0.45749 0.90346 0.03955 0.42684 0.98732 -0.00423 0.15868 0.9898 -0.01247 0.14188 0.99348 -0.01301 0.11323 0.97813 -0.00375 0.20798 0.97306 0.01536 0.23004 0.99958 -0.00264 0.02878 0.36198 -0.6983 -0.61753 0.55476 -0.67023 -0.49298 0.69693 -0.63876 -0.326 -0.48597 -0.85862 -0.16312 -0.6649 -0.46996 -0.58056 -0.27878 -0.55455 -0.78406 -0.16769 -0.84012 -0.51583 -0.02729 -0.57008 -0.82113 0.07572 -0.56598 -0.82093 -0.17872 -0.97059 -0.16132 -0.05363 -0.95164 -0.3025 0.01606 -0.94042 -0.33963 0.20486 -0.84992 -0.48546 0.25857 -0.82978 -0.49458 0.35462 -0.86419 -0.35696 0.36733 -0.84223 -0.3946 0.44437 -0.79806 -0.40698 0.49583 -0.83486 -0.23907 0.51371 -0.8143 -0.2702 0.58079 -0.77126 -0.26046 0.60913 -0.78236 -0.12992 -0.31835 -0.88247 0.34628 -0.29297 -0.95612 0.00117 -0.18726 -0.98215 0.01799 0.06965 -0.9883 -0.1357 0.15439 -0.98706 -0.04324 0.24816 -0.96862 0.01348 0.31535 -0.94459 0.09109 0.27367 -0.94176 0.19542 0.23269 -0.91808 0.32091 -0.05618 -0.91551 0.39834 -0.20037 -0.89026 0.409 -0.47765 -0.2256 0.84909 -0.4922 -0.35354 0.79546 -0.11584 -0.83325 0.54062 0.69636 -0.64249 0.31982 0.62727 -0.64341 0.43881 0.50091 -0.76807 0.39894 0.52548 -0.26982 0.80689 0.2096 -0.73364 0.64641 0.50347 -0.15697 0.84964 0.20818 -0.80892 0.54982 0.91203 -0.27279 0.30625 0.009 -0.91552 0.40218 -0.01392 -0.91629 0.40028 0.01046 -0.91758 0.39742 0.0378 -0.921 0.38772 -0.00776 -0.90797 0.41896 -0.00466 -0.90395 0.42762 -0.00728 -0.90411 0.42723 -0.01413 -0.91349 0.40662 -0.01445 -0.91326 0.40712 -0.00659 -0.91663 0.39969 -0.01378 -0.91761 0.39724 0.01429 -0.90574 0.4236 0.02216 -0.90793 0.41853 0.02785 -0.91832 0.39485 0.04139 -0.91768 0.39515 -0.01442 -0.91608 0.40074 0.02184 -0.91036 0.41323 0.02468 -0.91096 0.41175 0.01654 -0.92115 0.38885 0.01983 -0.91844 0.39507 0.0295 -0.91625 0.39951 0.03271 -0.92093 0.38836 -0.04365 -0.92333 0.38152 -0.02141 -0.92447 0.38066 -0.0338 -0.92351 0.38209 -0.03002 -0.92139 0.38749 -0.02717 -0.92177 0.38678 -0.02327 -0.92148 0.38774 -0.02152 -0.91887 0.39397 -0.02324 -0.91859 0.39452 -0.02868 -0.91672 0.3985 -0.00031 -0.90918 0.4164 -0.00127 -0.90988 0.41487 0.00383 -0.91299 0.40796 0.00153 -0.90807 0.41881 0.00678 -0.91075 0.4129 0.00817 -0.91581 0.40152 0.02962 -0.9156 0.40101 0.02066 -0.92078 0.38954 0.02417 -0.92161 0.38736 -0.02866 -0.92061 0.38943 -0.02477 -0.91916 0.39311 -0.02123 -0.91979 0.39184 0.0312 -0.92202 0.38589 0.03433 -0.92189 0.38593 0.01728 -0.93615 0.35117 0.01834 -0.93646 0.35029 0.01497 -0.93733 0.34811 0.01566 -0.9376 0.34736 0.01204 -0.93768 0.34728 0.01256 -0.9393 0.34287 0.009 -0.93813 0.34617 0.00521 -0.94463 0.3281 0.01017 -0.94574 0.32478 0.01117 -0.94395 0.32989 0.00075 -0.93868 0.34479 0.00735 -0.94843 0.31689 -0.0087 -0.93941 0.34268 -0.00642 -0.94656 0.32245 -0.00463 -0.94624 0.32345 -0.00658 -0.93814 0.3462 -0.01954 -0.9436 0.33052 -0.01898 -0.94021 0.34008 -0.02079 -0.94074 0.3385 -0.01834 -0.93751 0.34748 -0.01853 -0.93178 0.36255 -0.04782 -0.93006 0.36428 0.01947 -0.9349 0.35437 0.01679 -0.93447 0.35564 -0.01585 -0.93043 0.36613 -0.04535 -0.94121 0.33476 -0.04653 -0.93738 0.34518 -0.03869 -0.93485 0.35293 -0.0433 -0.93505 0.35186 -0.04477 -0.93326 0.35641 -0.0547 -0.93536 0.34945 -0.05733 -0.93268 0.35612 -0.04374 -0.93025 0.3643 -0.04391 -0.92362 0.38078 -0.03419 -0.92582 0.3764 -0.01899 -0.92539 0.37855 -0.02359 -0.92783 0.37225 -0.03617 -0.92664 0.3742 -0.04943 -0.92961 0.3652 0.0202 -0.9333 0.35853 0.02156 -0.93395 0.35675 0.01827 -0.93368 0.35764 -0.01713 -0.9365 0.35025 -0.01353 -0.93552 0.35302 0.0366 -0.92251 0.38423 0.04078 -0.92514 0.37742 0.02891 -0.92685 0.37431 0.04401 -0.93229 0.35903 0.04987 -0.93233 0.35815 0.04651 -0.93504 0.35148 0.0385 -0.93503 0.35246 0.02718 -0.93173 0.36213 0.03074 -0.92398 0.38121 0.04186 -0.92385 0.38046 0.03468 -0.92528 0.3777 0.03238 -0.92761 0.37214 0.03263 -0.92754 0.3723 0.03715 -0.92817 0.37029 0.03717 -0.92945 0.36708 0.06732 -0.92842 0.36538 0.03841 -0.9317 0.36119 0.04147 -0.93272 0.3582 -0.2129 -0.8521 -0.47813 -0.34376 -0.74971 -0.56547 -0.37019 -0.5049 -0.77977 -0.52515 -0.71321 -0.46427 -0.3953 -0.91804 -0.03071 -0.57835 -0.58656 -0.56698 -0.5435 -0.43063 -0.72053 -0.48669 -0.62865 -0.60657 -0.23801 -0.78727 -0.56882 -0.06793 -0.50023 -0.86322 -0.71766 -0.32305 -0.61693 -0.59122 -0.68386 -0.42754 -0.48238 -0.36489 -0.79634 -0.38841 -0.69303 -0.60733 -0.18855 -0.4975 -0.84673 -0.62221 -0.77925 -0.07502 -0.77504 -0.63179 0.01255 -0.65346 -0.68504 -0.32205 -0.74445 -0.63624 0.20246 -0.7737 -0.62704 -0.09059 -0.72516 0.55093 -0.41306 -0.20961 0.85203 -0.4797 -0.27563 0.6657 -0.69345 -0.90535 -0.40937 0.11293 -0.74475 -0.31489 -0.58838 -0.37595 -0.92642 -0.0204 -0.53526 -0.51805 -0.66717 -0.20329 -0.979 -0.01507 -0.22939 -0.71925 -0.65579 -0.0697 -0.61271 -0.78723 -0.63405 -0.74882 0.19298 -0.97489 -0.10123 -0.19837 -0.70131 -0.71275 -0.01248 -0.58231 -0.8123 0.03302 -0.72962 -0.66504 -0.15927 -0.63346 -0.71481 -0.29625 -0.24016 -0.93741 -0.25217 -0.06561 -0.68672 -0.72396 -0.67614 -0.68928 0.26024 -0.74344 -0.61156 -0.27072 -0.54537 -0.83339 -0.08967 -0.2387 -0.67222 -0.70081 -0.08715 -0.95661 -0.27804 0.00339 -0.90306 -0.4295 0.06482 -0.70173 -0.70949 0.10313 -0.8673 -0.48699 0.16505 -0.71841 -0.67576 0.18231 -0.86634 -0.46499 0.24066 -0.81814 -0.52223 0.32995 -0.73773 -0.58897 0.35183 -0.83389 -0.42526 0.38895 -0.85581 -0.34105 0.45359 -0.83305 -0.31668 0.51887 -0.78665 -0.3346 0.5687 -0.77122 -0.28601 0.66989 -0.6696 -0.32076 0.62249 -0.76494 -0.16547 0.74444 -0.61069 -0.26995 0.64359 -0.75868 -0.101 0.80682 -0.5416 -0.23601 0.67172 -0.73932 -0.04689 0.70464 -0.7094 -0.0155 0.78362 -0.61703 -0.07216 0.65993 -0.74661 0.08401 0.81607 -0.57795 -0.00095 0.66864 -0.72925 0.1453 0.83786 -0.54173 0.06725 0.66163 -0.71971 0.21039 0.82068 -0.54839 0.16047 0.55754 -0.76863 0.3136 0.24273 -0.79549 -0.55523 0.31448 -0.81553 -0.48581 0.42195 -0.72377 -0.546 0.49552 -0.71336 -0.49556 0.53877 -0.74741 -0.38872 0.56927 -0.77037 -0.28715 0.61513 -0.75609 -0.22348 0.12995 0.8894 -0.43827 0.12198 -0.65353 0.74701 0.31317 -0.15345 0.93722 0.14053 -0.10587 0.9844 0.46817 -0.47365 0.74597 0.76828 -0.53859 0.34594 0.72946 -0.54757 0.40994 0.81461 -0.47307 0.33558 0.73736 -0.27937 0.61502 0.39923 -0.64348 0.65311 0.75318 -0.33469 0.56631 0.57923 -0.61796 0.53162 0.79413 -0.37188 0.48069 0.60419 -0.6337 0.4831 0.58959 -0.54338 0.5976 0.66324 -0.2718 0.69731 0.48191 -0.61464 0.62449 0.25149 0.96683 -0.04465 0.14696 0.08036 0.98587 0.1193 0.96865 -0.2179 0.82894 -0.49074 0.2684 0.782 -0.47666 0.40159 0.94177 -0.27975 0.1866 -0.48567 -0.71795 0.49867 -0.40845 -0.74552 0.52666 -0.40874 -0.73369 0.5428 -0.65861 -0.41844 0.62541 -0.42303 -0.67032 0.60968 -0.81026 -0.50507 0.2973 -0.67061 -0.66195 0.33481 -0.49526 -0.75611 0.42782 -0.46009 -0.79251 0.4003 -0.94264 -0.09888 0.31882 -0.69493 -0.5606 0.45034 -0.78374 -0.34651 0.51544 -0.19762 -0.49735 0.84474 -0.19839 -0.67102 0.71441 -0.47964 0.68805 0.54455 -0.18145 0.9809 -0.07008 -0.60366 0.59846 0.52672 -0.09747 0.99524 0.00196 -0.6376 -0.32175 0.69996 -0.43096 -0.53551 0.72629 -0.40606 -0.64595 0.64642 1E-05 -1 -0 1E-05 -1 -0 0 -1 0 0 -1 -0 -1E-05 -1 3E-05 0 -1 -7E-05 1E-05 -1 1E-05 -2E-05 -1 -6E-05 -0.26287 0.00533 -0.96482 -0.29758 -0.07008 -0.95212 -0.35306 0.00501 -0.93559 -0.42354 -0.0397 -0.90501 -0.43934 -0.07104 -0.89551 -0.48262 0.05161 -0.87431 -0.57145 -0.00232 -0.82064 -0.61176 -0.09131 -0.78576 -0.64995 0.03344 -0.75924 -0.7261 -0.02423 -0.68717 -0.74935 -0.08303 -0.65695 -0.78015 0.04019 -0.6243 -0.84719 -0.02008 -0.53092 -0.86981 -0.09239 -0.48466 -0.88712 0.00709 -0.46149 -0.91858 0.0029 -0.39523 -0.93673 -0.05062 -0.34637 -0.94427 -0.00372 -0.32915 -0.97523 -0.06527 -0.21134 -0.97543 -0.06678 -0.20996 -0.98272 0.02361 -0.1836 -0.99673 -0.02927 -0.07532 -0.99637 -0.07849 -0.03281 -0.99997 -0.00159 -0.00703 -0.1547 0.02836 -0.98755 -0.10406 -0.08144 -0.99123 -0.08827 -0.04001 -0.99529 0.03185 0.0059 -0.99948 0.08541 -0.0911 -0.99217 0.12111 0.0036 -0.99263 0.20613 0.01422 -0.97842 0.27536 -0.08273 -0.95777 0.28098 -0.0639 -0.95758 0.35349 0.00702 -0.93541 0.41132 -0.04195 -0.91053 0.41447 -0.03035 -0.90956 0.48912 0.02026 -0.87198 0.56084 -0.08545 -0.8235 0.61385 0.02876 -0.7889 0.57266 -0.01855 -0.81959 0.70327 -0.05557 -0.70875 0.70186 -0.0737 -0.70849 0.75127 0.0088 -0.65994 0.79752 -0.03865 -0.60205 0.79815 -0.03247 -0.60158 0.83974 0.02401 -0.54245 0.88809 -0.0778 -0.45304 0.89205 -0.017 -0.45162 0.91111 0.0317 -0.41095 0.95553 -0.04941 -0.29072 0.95495 -0.06374 -0.28985 0.99903 -0.04191 -0.01329 0.9992 -0.0376 -0.01339 0.99078 0.02488 -0.13317 0.987 -0.04709 -0.15369 0.97379 0.01706 -0.2268 0.99516 0.023 0.09553 0.98782 -0.03919 0.15061 0.98705 0.01861 0.15936 0.97063 0.00559 0.2405 0.96165 -0.03592 0.27191 0.94327 0.04397 0.32911 0.90481 -0.04233 0.42372 0.89937 0.01542 0.43692 0.84817 -0.01118 0.52961 0.67411 -0.05077 0.73688 0.84734 0.00104 0.53106 0.77731 -0.00054 0.62912 0.77877 -0.03063 0.62656 0.72245 0.01648 0.69123 0.65487 0.02455 0.75535 0.57511 -0.00398 0.81807 0.52583 -0.08286 0.84654 0.50284 0.00438 0.86437 0.41287 0.01254 0.9107 0.33957 -0.08069 0.93711 0.32771 -0.03008 0.9443 0.25228 0.05222 0.96625 0.1588 -0.0541 0.98583 0.1471 -0.01625 0.98899 0.13451 -0.00735 0.99088 0.01815 -0.00643 0.99981 -0.00829 -0.06452 0.99788 -0.04768 -0.01023 0.99881 -0.11188 -0.01255 0.99364 -0.14638 -0.07087 0.98669 -0.61649 -0.05717 0.78528 -0.66119 0.00648 0.75019 -0.20816 0.02985 0.97764 -0.30231 0.02257 0.95294 -0.33683 -0.08435 0.93778 -0.39778 0.0146 0.91736 -0.49151 -0.00668 0.87084 -0.50286 -0.04732 0.86307 -0.53318 -0.01675 0.84583 -0.60396 -0.02134 0.79673 -0.72501 0.02223 0.68838 -0.74178 -0.08326 0.66545 -0.79323 0.01561 0.60872 -0.84584 0.04074 0.53188 -0.8693 -0.03886 0.49275 -0.86733 -0.09088 0.48937 -0.92269 0.02212 0.38491 -0.95015 -0.01445 0.31146 -0.95032 -0.08358 0.29985 -0.9721 0.00178 0.23454 -0.98822 0.03924 0.14791 -0.99171 -0.05586 0.11575 -0.99363 -0.01937 0.11103 1E-05 -0.9274 0.37408 1E-05 -0.9274 0.37408 -0 -0.9274 0.37408 0 -0.9274 0.37407 -0 -0.9274 0.37408 -0 -0.92739 0.37409 0 -0.9274 0.37407 1E-05 -0.9274 0.37407 -7E-05 -0.9274 0.37406 9E-05 -0.92741 0.37405 0.00019 -0.9274 0.37408 -0.0002 -0.92742 0.37401 0 -0.9274 0.37408 2E-05 -0.92739 0.37409 -1E-05 -0.9274 0.37408 -3E-05 -0.92739 0.37409 -3E-05 -0.92739 0.3741 -2E-05 -0.9274 0.37407 -1E-05 -0.9274 0.37408 -0 -0.9274 0.37408 -1E-05 -0.9274 0.37408 0.00016 -0.92737 0.37415 3E-05 -0.92741 0.37404 -1E-05 -0.9274 0.37408 -2E-05 -0.92739 0.37409 0 -0.9274 0.37408 0 -0.9274 0.37408 0 -0.9274 0.37408 1E-05 -0.9274 0.37407 3E-05 -0.92742 0.37403 -0 -0.9274 0.37408 -4E-05 -0.92746 0.37392 -0.00014 -0.92745 0.37395 -1E-05 -0.9274 0.37408 2E-05 -0.92739 0.3741 0 -0.92741 0.37405 -0 -0.9274 0.37407 -1E-05 -0.92739 0.3741 -1E-05 -0.9274 0.37407 1E-05 -0.9274 0.37408 -0 -0.9274 0.37407 -1E-05 -0.92739 0.3741 9E-05 -0.92735 0.3742 0 -0.9274 0.37407 0 -0.9274 0.37408 0 -0.9274 0.37408 -0 -0.9274 0.37407 -0 -0.9274 0.37407 0 -0.9274 0.37408 0.92577 0.07814 -0.36993 0.41781 -0.05176 -0.90706 0.45448 -0.01983 -0.89054 -0.371 0.01618 -0.92849 -0.41833 -0.01409 -0.90819 -0.90818 0.01409 -0.41833 -0.92849 -0.01618 -0.37101 -0.89053 0.01982 0.45449 -0.90706 0.05176 0.41781 -0.34042 -0.08303 0.9366 0.0277 0.12149 0.99221 0.56745 -0.09834 0.81751 0.87689 0.08814 0.47254 0.99499 -0.09992 -0.00271 0.89053 0.01982 -0.45449 0.90706 0.05176 -0.41781 0.36993 -0.07815 -0.92577 0.00271 0.09992 -0.99499 -0.4175 -0.06479 -0.90637 -0.81952 0.06943 -0.56883 -0.9275 -0.04873 -0.37062 -0.93927 0.03467 0.34142 -0.90818 -0.01409 0.41834 -0.41833 0.01409 0.90819 -0.37101 -0.01618 0.92849 0.37101 0.01618 0.92849 0.41833 -0.01409 0.90818 0.90818 0.01409 0.41834 0.92849 -0.01618 0.37102 0.92849 0.01618 -0.37101 0.90818 -0.01409 -0.41833 0.41833 0.01409 -0.90819 0.371 -0.01618 -0.92849 -0.45448 0.01983 -0.89054 -0.50222 -0.02349 -0.86442 -0.99972 0.0235 -0.00273 -0.99978 0.00494 0.02059 -0.61739 -0.02027 0.7864 -0.57006 0.02367 0.82126 0.3416 -0.00112 0.93984 0.36123 -0.01643 0.93233 0.90819 0.01409 0.41833 0.92849 -0.01618 0.37101 0.92849 0.01618 -0.37102 0.90818 -0.01409 -0.41834 0.41833 0.01409 -0.90818 0.37102 -0.01618 -0.92849 -0.42626 0.01859 -0.90441 -0.41825 0.02495 -0.90799 -0.92743 -0.05035 -0.37059 -0.99063 0.10881 -0.08255 -0.90473 -0.08823 0.41675 -0.50115 0.06942 0.86257 -0.37101 -0.01618 0.92849 0.37101 0.01618 0.92849 0.41833 -0.01409 0.90819 0.90818 0.01409 0.41834 0.92848 -0.01618 0.37102 -0.21169 0.0067 -0.97731 -0.20983 0.00309 -0.97773 0.03611 -0.02121 -0.99912 -0.01843 0.02158 -0.9996 -0.02949 0.00649 -0.99954 -0.11629 0.01402 -0.99312 -0.12224 0.0037 -0.99249 -0.31228 0.00398 -0.94998 -0.31082 0.00019 -0.95047 -0.42093 0.01632 -0.90695 -0.42683 0.0038 -0.90433 -0.50724 0.01391 -0.86169 -0.52366 -0.01596 -0.85178 -0.58689 0.03538 -0.80889 -0.62088 -0.01409 -0.78378 -0.6628 0.01156 -0.7487 -0.82317 -0.00195 -0.56779 -0.81198 0.0336 -0.58272 -0.675 -0.00591 -0.7378 -0.72686 0.02762 -0.68623 -0.74447 -0.01438 -0.6675 -0.87478 0.02697 -0.48377 -0.88189 -5E-05 -0.47146 -0.91802 -0.01595 -0.39621 -0.92689 0.02212 -0.37469 -0.98705 0.01628 -0.15961 -0.95395 -0.03714 -0.29766 -0.96501 0.03961 -0.25921 -0.98438 -0.02554 -0.17422 -0.99818 0.02497 -0.05494 -0.9992 -0.00123 -0.04005 -0.99732 0.01343 0.07187 -0.91895 0.05312 0.39079 -0.95518 -0.01924 0.29541 -0.95423 -0.00406 0.29905 -0.98 0.01247 0.19862 -0.98113 -0.00717 0.19319 -0.99741 0.01732 0.06982 -0.90812 -0.00042 0.41871 -0.86218 0.00596 0.50657 -0.8633 0.00946 0.50461 -0.80993 0.01404 0.58635 -0.81152 0.01862 0.58402 -0.75544 0.01725 0.65499 -0.76427 0.03865 0.64373 -0.6965 0.01676 0.71736 -0.67241 -0.03697 0.73925 -0.6325 0.03828 0.77361 -0.57398 -0.00841 0.81883 -0.58615 0.01954 0.80996 -0.33197 0.02421 0.94298 -0.38038 -0.06787 0.92234 -0.37513 -0.04043 0.92609 -0.48843 0.0537 0.87095 -0.50021 0.01658 0.86575 -0.24396 0.00973 0.96974 -0.25745 0.04474 0.96525 -0.17886 -0.01319 0.98379 -0.13031 0.04288 0.99055 -0.09849 0.0088 0.9951 -0.04733 0.0471 0.99777 -0.02237 0.00907 0.99971 0.02897 0.00236 0.99958 0.0522 0.04297 0.99771 0.14318 0.01316 0.98961 0.15383 -0.01573 0.98797 0.21129 0.02983 0.97697 0.25996 -0.0115 0.96555 0.31286 0.03797 0.94904 0.32856 0.003 0.94448 0.40382 0.03424 0.9142 0.46786 -0.07826 0.88033 0.42458 0.18247 0.88681 0.50091 -0.00825 0.86546 0.60545 0.11944 0.78687 0.57959 0.03061 0.81434 0.62521 -0.16215 0.76343 0.93041 0.06321 0.36102 0.94015 -0.04074 0.33833 0.69083 -0.01785 0.7228 0.72396 0.04269 0.68852 0.76642 0.00098 0.64234 0.78194 0.02875 0.62269 0.81694 0.01508 0.57653 0.82293 -0.01254 0.568 0.8801 0.06435 0.47041 0.86813 0.02365 0.49577 0.89702 -0.01511 0.44173 0.91677 0.02948 0.39833 0.99925 -0.00854 0.03765 0.99753 0.02727 0.06471 0.99022 -0.02876 0.13654 0.98609 0.03315 0.16285 0.9648 0 0.263 0.96582 -0.0204 0.2584 0.99267 -0.00606 -0.12069 0.99371 0.01669 -0.11076 0.99955 0.00401 -0.02985 0.99961 0.01586 -0.02317 0.9766 -0.00354 -0.21503 0.97844 0.01508 -0.20599 0.75401 -0.00912 -0.6568 0.78969 0.02929 -0.61281 0.81952 -0.04507 -0.57127 0.8575 0.05049 -0.51201 0.89791 -0.02807 -0.43929 0.90499 0.00933 -0.42532 0.92446 0.03478 -0.37969 0.94854 -0.01715 -0.31619 0.95522 0.02492 -0.29485 0.46719 -0.03653 -0.8834 0.58175 0.03595 -0.81257 0.55622 -0.06552 -0.82845 0.62652 0.04388 -0.77817 0.68755 -0.02925 -0.72555 0.71556 0.03563 -0.69765 0.49402 0.06274 -0.86718 0.41012 -0.02325 -0.91174 0.3514 0.03456 -0.93559 0.31242 -0.02434 -0.94963 0.25355 0.03865 -0.96655 0.1731 -0.02347 -0.98463 0.16471 -0.005 -0.98633 0.08684 0.03311 -0.99567 0.25918 0.94953 -0.1767 -0.02219 0.94722 0.31982 -0.26898 0.91085 0.31307 -0.25712 0.96543 0.0428 -0.13184 0.87004 -0.47503 0.18468 0.97882 -0.08838 0.08954 0.97738 0.19162 -0.06852 0.97085 0.22967 -0.17056 0.97733 0.12541 -0.04097 0.99496 -0.09152 0.06947 0.89144 -0.44778 0.30943 0.89567 -0.31943 0.33799 0.94002 -0.04619 0.01276 0.9778 0.20916 -0.28979 0.90532 0.3105 -0.06668 0.9476 -0.31241 0.12502 0.9724 -0.197 0.29287 0.93658 0.19248 0.10913 0.93735 0.33085 -0.37694 0.92352 0.07084 -0.92749 0.00898 -0.37374 -0.96171 0.00352 -0.27403 -0.81169 0.00417 -0.58407 -0.78865 -0.00047 -0.61485 -0.48796 0.00247 -0.87286 -0.20759 0.00363 -0.97821 -0.4378 0.00727 -0.89904 -0.06927 0.00635 -0.99758 -0.02617 0.00296 -0.99965 0.2954 0.00037 -0.95537 0.40049 0.00717 -0.91627 0.5848 0.00062 -0.81118 0.6875 0.00562 -0.72616 0.91691 0.0077 -0.39903 0.84791 -0.00193 -0.53013 0.96117 0.00748 0.27585 0.99763 0.00477 -0.0686 0.99917 0.00276 -0.04057 0.92036 0.00764 0.39099 0.98291 0.00147 0.18409 0.85713 0.00089 0.51509 0.71506 0.00603 0.69904 0.61786 -0 0.78629 0.4204 0.00695 0.90731 0.22961 0.00118 0.97328 0.21518 0.00194 0.97657 -0.25325 0.00593 0.96738 -0.14411 -0.00064 0.98956 -0.46323 0.00019 0.88624 -0.52403 0.0039 0.85169 -0.78455 0.00084 0.62006 -0.76583 0.00277 0.64304 -0.95554 -0.00047 0.29485 -0.90371 0.00608 0.4281 -0.99895 0.00377 -0.04563 -0.9989 0.00954 0.04582 0.0056 0.01084 0.99993 -0.22087 -0.00544 0.97529 -0.41291 0.01692 0.91062 -0.69193 0.01182 0.72187 -0.60379 0.00059 0.79715 -0.84358 -0.00048 0.53701 -0.91654 0.01418 0.39969 -0.99872 0.0114 0.04924 -0.99491 0.01499 0.09965 -0.97405 0.00521 0.22629 -0.99338 0.00563 -0.11476 -0.94777 0.00612 -0.31891 -0.96967 0.01104 -0.24419 -0.88069 0.0098 -0.4736 -0.83025 0.00298 -0.55739 -0.68861 0.00792 -0.72509 -0.60924 -0.0002 -0.79298 -0.41639 0.00597 -0.90917 -0.06085 0.00577 -0.99813 -0.24982 -0.00206 -0.96829 0.08121 0.00146 -0.9967 0.23743 0.00744 -0.97138 0.44987 -0.00185 -0.89309 0.57297 0.0067 -0.81955 0.74767 0.00585 -0.66404 0.82261 -0.0027 -0.5686 0.96788 0.00046 -0.25141 0.98208 0.00826 -0.18826 0.99223 0.00817 0.12417 0.98598 0.00492 0.16677 0.87165 0.00169 0.49013 0.82418 0.01004 0.56624 0.57661 0.00952 0.81697 0.64927 0.00192 0.76056 0.119 0.00588 0.99288 0.22207 0.01336 0.97494 0.37556 0.0026 0.9268 -0.4532 0.00362 -0.8914 -0.9682 0.00166 -0.25017 -0.92558 0.00643 -0.3785 -0.78247 0.00723 -0.62265 -0.91354 0.00547 -0.40671 -0.70183 1E-05 -0.71234 -0.20589 0.00084 -0.97858 -0.4071 0.0074 -0.91335 0.02433 0.00072 -0.9997 -0.07484 0.00423 -0.99719 0.25083 0.00494 -0.96802 0.50561 0.00138 -0.86276 0.30477 0.00802 -0.95239 0.55667 0.00522 -0.83071 0.81638 0.00036 -0.57752 0.8412 0.00422 -0.54071 0.97325 0.00199 -0.22973 0.90739 0.00348 -0.42028 0.93901 0.00753 -0.3438 0.99893 0.00704 -0.04575 0.99985 0.00228 0.01737 0.94283 0.00353 0.33326 0.92194 0.00757 0.38727 0.81935 0.00257 0.57328 0.69048 0.00904 0.7233 0.58606 0.00019 0.81027 0.27695 0.00657 0.96086 0.32995 0.00314 0.94399 0.10593 1E-05 0.99437 -0.24435 0.006 0.96967 -0.2228 0.00448 0.97485 -0.50645 0.01011 0.86221 -0.5848 0.00109 0.81118 -0.78594 -0.00052 0.61831 -0.91907 0.00282 0.39409 -0.89357 0.00578 0.44888 -0.99816 0.00633 0.06033 -0.99573 0.00427 0.09218 0.99734 0.01563 0.07118 0.9992 0.01112 0.03843 0.93827 0.00111 0.34591 0.91692 0.00746 0.39901 0.77592 -0.00237 0.63083 0.68591 0.01361 0.72756 0.47396 -0.00084 0.88055 0.56927 0.01182 0.82207 0.20874 0.01307 0.97788 -0.35785 0.00963 0.93373 0.21229 0.01358 0.97711 -0.23456 0.00841 0.97207 -0.20896 0.01351 0.97783 -0.54522 0.0101 0.83823 -0.39793 0.00559 0.9174 -0.66956 -0.00312 0.74275 -0.82938 0.00806 0.55863 -0.88703 0.00609 0.46166 -0.9019 0.00259 0.43193 -0.99188 0.00064 0.12719 -0.99815 0.0053 0.06058 -0.96799 0.00574 -0.25093 -0.95906 0.00224 -0.28318 -0.71264 0.00292 -0.70152 -0.69341 1E-05 -0.72055 -0.41949 0.00709 -0.90773 -0.02975 0.00308 -0.99955 0.03332 0.00917 -0.9994 -0.24457 -0.00129 -0.96963 0.29861 0.00557 -0.95436 0.32333 0.00341 -0.94628 0.62782 0.00073 -0.77836 0.83853 0.00246 -0.54485 0.71216 0.01037 -0.70194 0.92075 0.01043 -0.39001 0.95454 0.02234 -0.29723 0.99243 0.00015 -0.12281 0.85984 -0.00693 -0.51051 0.91417 0.01214 -0.40514 0.39615 -0.01288 -0.9181 0.49775 0.00608 -0.8673 0.05635 0.01075 -0.99835 -0.19805 -0.01145 -0.98013 -0.4064 0.00844 -0.91366 -0.6189 -0.01225 -0.78537 -0.78505 0.0116 -0.61932 -0.95662 -0.00935 -0.29119 -0.97768 0.0023 -0.21008 -0.95928 -0.00325 0.28242 -0.95915 -0.00317 0.28288 -0.72327 0.00796 0.69052 -0.57187 -0.01431 0.82022 -0.26958 0.01393 0.96288 0.02696 -0.01242 0.99956 0.45743 -0.00235 0.88924 0.37291 0.00816 0.92783 0.83562 -0.00798 0.54926 0.78776 0.00231 0.61598 0.99975 -0.01273 -0.01854 0.98234 0.01036 0.1868 0 0 1 -0 0 -1 9E-05 -0.00041 -1 5E-05 0.00036 -1 0.27946 -0.74367 -0.60734 0.2327 -0.64561 -0.72735 0.35706 -0.69927 -0.6193 0.36212 -0.71424 -0.59895 0.82505 -0.06508 -0.5613 0.73919 -0.21856 -0.63704 0.75813 -0.22728 -0.61122 0.7282 -0.31104 -0.61072 0.74779 -0.32302 -0.58007 0.8017 -0.59151 0.086 0.52874 -0.47808 -0.70134 0.42826 -0.65098 -0.62675 0.4284 -0.65128 -0.62634 0.01099 -0.61438 0.78893 0.08385 -0.80295 -0.59011 -0.00035 -0.81027 -0.58605 0.00134 -0.79911 -0.60119 -0.18052 -0.75962 -0.62481 -0.17936 -0.75676 -0.62861 -0.24367 -0.72974 -0.63883 -0.37754 -0.5915 -0.71245 -0.61776 -0.47806 -0.62436 -0.6191 -0.19015 -0.76195 -0.77107 -0.22016 -0.59747 0.77144 -0.13635 -0.62152 0.77134 -0.13631 -0.62166 0.69751 -0.3915 -0.60018 0.55573 -0.32541 -0.76503 0.48976 -0.60827 -0.62462 0.15212 -0.64221 -0.75128 0.14449 -0.82505 0.54627 -0.09118 -0.77881 -0.6206 -0.09054 -0.77646 -0.62363 -0.42722 -0.87453 0.22954 -0.17672 -0.48996 -0.85365 -0.5135 -0.58662 -0.62625 -0.59409 -0.55741 -0.57996 -0.5664 -0.53804 -0.62427 -0.59791 -0.33138 -0.72986 -0.91584 -0.39422 0.07639 -0.76119 -0.13661 -0.63398 -0.77646 -0.13713 -0.61507 -0.7942 -0.06486 -0.60419 0.70975 -0.23379 0.66453 0.55196 0.65962 0.51014 0.72819 0.34704 0.59102 0.69543 -0.15525 0.70162 0.71814 -0.15724 0.6779 0.35164 0.51503 0.78173 0.3638 0.53707 0.76105 0.64194 0.34271 0.6859 0.79399 0.48154 0.37106 0.71608 -0.07452 0.69403 0.67396 -0.07331 0.73512 0.08088 -0.43649 0.89607 0.10452 -0.66215 0.74204 -0.00558 -0.67653 0.73639 0.0493 -0.97862 0.19966 0.04894 -0.92448 0.37807 0.39357 0.72662 0.56314 0.54451 0.40774 0.73298 0.57482 0.43675 0.69198 0.91922 0.07414 -0.3867 0.73347 -0.00061 0.67972 0.22749 -0.78878 0.57103 0.03723 0.76939 0.63769 -0.01586 0.92202 -0.38681 0.19283 0.69594 0.69172 0.18654 0.65636 0.73102 0.57675 -0.4376 0.68983 0.57039 -0.43385 0.69744 0.38588 -0.75162 0.53494 0.28361 -0.51256 0.81046 0.1085 0.62905 0.76975 0.11733 0.73508 0.66775 0.35601 0.89534 0.26762 0.25008 0.51434 0.82031 0.92907 0.31364 0.19608 0.52054 0.22437 0.82383 0.34772 0.34693 0.87105 0.53077 0.49242 0.68978 0.72178 0.07908 0.6876 0.71615 0.07776 0.6936 0.86563 -0.40119 0.29955 0.5763 -0.20388 0.7914 0.70326 0.15804 0.69314 0.66726 0.14706 0.73016 0.61976 -0.36324 0.69567 0.53918 -0.32331 0.77766 0.52392 -0.49984 0.68969 0.52633 -0.50164 0.68654 0.22686 -0.33451 0.91468 0.63512 -0.76769 0.08526 0.29625 -0.4545 0.84004 0.31745 -0.78198 0.53641 0.23264 -0.62181 0.74782 -0.05147 -0.29184 0.95508 -0.0357 -0.13888 0.98967 -0.05853 -0.19549 0.97896 -0.8188 -0.53849 0.19897 -0.01745 -0.25104 0.96782 -0.01866 -0.16186 0.98664 0.33149 -0.1665 0.92865 -0.04158 -0.11884 0.99204 -0.1894 -0.31559 0.9298 -0.58445 -0.785 0.20543 -0.21211 -0.22062 0.95202 -0.18488 -0.19595 0.96303 -0.11527 -0.11058 0.98716 -0.22831 -0.19157 0.95455 -0.23718 -0.20013 0.95063 -0.28962 -0.03384 0.95654 -0.34969 -0.0452 0.93577 -0.99991 -0.00017 0.01362 -0.38732 0.04614 0.92079 -0.37297 0.04334 0.92683 0.28963 0.03384 0.95654 0.34969 0.0452 0.93577 0.99991 0.00017 0.01362 0.38732 -0.04614 0.92079 0.37297 -0.04334 0.92683 0.16891 -0.03232 0.9851 0.26206 -0.06212 0.96305 -0.35465 -0.18615 0.91628 -0.18176 -0.055 0.9818 -0.32577 -0.07749 0.94227 -0.16682 -0.02898 0.98556 -0.16892 0.03232 0.9851 -0.26207 0.06212 0.96305 0.8188 0.5385 0.19896 0.15347 -0.04455 0.98715 0.28026 -0.10201 0.95449 0.16566 -0.06899 0.98377 0.05145 0.29178 0.9551 0.03567 0.13875 0.98968 0.05845 0.19522 0.97902 0.147 -0.34082 0.92856 -0.15347 0.04455 0.98715 -0.28026 0.10201 0.95449 -0.15376 0.06554 0.98593 0.04154 0.11872 0.99206 0.1894 0.3156 0.9298 0.58444 0.78498 0.20551 0.21216 0.22068 0.95199 0.18496 0.19604 0.96299 0.11533 0.11063 0.98715 0.22837 0.19162 0.95453 0.23718 0.20013 0.95063 0.68567 -0.72682 -0.03977 0.19695 -0.2692 0.94273 0.17705 -0.23784 0.95503 -0.14696 0.34073 0.9286 0.35464 0.18615 0.91628 0.18176 0.055 0.9818 0.32578 0.07749 0.94226 0.16682 0.02898 0.98556 0.0868 -0.13324 0.98728 0.13505 -0.23391 0.96283 0.08046 -0.15343 0.98488 0.00705 -0.19495 0.98079 -0.00191 -0.09444 0.99553 -0.68568 0.72682 -0.03982 -0.19696 0.26922 0.94272 -0.17705 0.23783 0.95503 0.16514 -0.09666 0.98152 0.35114 -0.30285 0.88599 -0.08677 0.13321 0.98728 -0.13498 0.23379 0.96287 -0.08044 0.15339 0.98489 -0.346 0.29708 0.88996 0.0585 -0.16874 0.98392 -0.00705 0.19497 0.98078 0.00191 0.09445 0.99553 0.01745 0.25103 0.96782 0.01866 0.16186 0.98664 -0.05849 0.16868 0.98393 -0.27119 -0.04467 -0.96149 0.16505 0.02713 -0.98591 0.00433 -0.01996 -0.99979 -0.21252 -0.17999 -0.96044 0.07836 -0.13474 -0.98778 0.1239 0.10534 -0.98669 -0.00983 0.05455 -0.99846 -0.03952 0.11126 -0.99301 -0.03512 0.09632 -0.99473 0.04015 -0.18364 -0.98217 0.0912 -0.27198 -0.95797 0.06718 -0.18659 -0.98014 0.19823 -0.43119 -0.88022 0.08233 -0.13983 -0.98675 -0.16689 -0.03659 -0.9853 -0.15862 -0.07267 -0.98466 -0.26116 -0.13798 -0.95538 -0.14758 -0.08911 -0.98503 -0.23343 -0.15778 -0.95949 -0.13437 -0.10218 -0.98565 0.00573 0.68737 -0.72628 0.02838 -0.14035 -0.9897 0.10648 0.02147 -0.99408 0.0832 0.04034 -0.99572 0.0653 0.02731 -0.99749 0.08702 0.06935 -0.99379 -0.00062 -0.08251 -0.99659 -0.01676 0.08052 -0.99661 0.23331 -0.15868 -0.95937 -0.14767 -0.01733 -0.98888 -0.15851 -0.01704 -0.98721 -0.11559 -0.11082 -0.9871 -0.08993 -0.26565 -0.95987 0.05464 0.01011 -0.99846 0.09106 0.00973 -0.9958 0.05271 0.05246 -0.99723 0.05594 0.05614 -0.99685 -0.08077 0.07489 -0.99391 -0.01825 0.03485 -0.99923 -0.09437 -0.13663 -0.98612 0.13549 -0.12474 -0.9829 0.05437 -0.08661 -0.99476 0.20998 -0.17851 -0.96127 0.13436 -0.10241 -0.98563 0.07502 0.1018 -0.99197 0.04232 0.06173 -0.9972 0.09635 0.1603 -0.98235 -0.10813 0.0115 -0.99407 -0.0599 -0.14611 -0.98745 -0.04549 -0.16324 -0.98554 -0.06108 -0.27562 -0.95932 -0.03166 -0.18115 -0.98295 0.29127 -0.04818 -0.95543 0.18332 -0.02132 -0.98282 0.05897 0.11443 -0.99168 0.02745 0.10659 -0.99392 0.03598 0.1638 -0.98584 0.0194 0.10674 -0.9941 0.27324 -0.07629 -0.95892 0.16906 -0.03803 -0.98487 0.22868 -0.09028 -0.96931 0.14683 -0.08858 -0.98519 0.16317 -0.05532 -0.98505 -0.1925 0.98115 -0.01677 -0.29809 0.95451 -0.00696 -0.39918 0.91671 -0.01713 -0.07659 0.99701 -0.01064 -0.04894 0.9988 -0.00085 0.04233 0.99883 -0.02318 0.1602 0.98707 -0.0059 0.20489 0.97859 -0.01965 0.42553 0.9047 -0.02082 0.31667 0.94849 -0.00901 0.32471 0.9458 -0.00578 0.59303 0.80497 -0.0185 0.62156 0.78331 -0.00974 0.48237 0.87572 -0.02082 0.52916 0.84852 0.00185 0.70201 0.71209 -0.01056 0.67994 0.73306 -0.01743 0.77742 0.62887 -0.01162 0.7639 0.64514 -0.01603 0.84054 0.54161 -0.01264 0.83399 0.55158 -0.01497 0.89392 0.44801 -0.01352 0.89261 0.45061 -0.01405 0.93854 0.34488 -0.01428 0.95304 0.30277 -0.00671 0.96922 0.24561 -0.01687 0.99025 0.13889 -0.01043 0.9943 0.10665 -0.00101 0.99969 0.01565 -0.01914 0.99522 -0.0967 -0.01385 0.99465 -0.10267 -0.01117 0.96523 -0.26122 -0.00933 0.96664 -0.25587 -0.01148 0.90162 -0.43195 -0.02236 0.87966 -0.47561 0.00152 0.92699 -0.37451 -0.02072 0.76889 -0.63914 -0.01784 0.748 -0.66362 -0.01021 0.83795 -0.54541 -0.01912 0.8243 -0.56601 -0.01294 0.67527 -0.73749 -0.0113 0.68887 -0.72473 -0.01523 0.58827 -0.80857 -0.01211 -0.05598 0.99709 -0.05174 -0.04878 0.99734 -0.05414 0.06019 0.99738 -0.04005 0.17547 0.98311 -0.05199 0.15995 0.98602 -0.04666 0.2885 0.95635 -0.04646 0.31399 0.94796 -0.05267 0.39768 0.91664 -0.0402 0.50675 0.86058 -0.051 0.93941 0.33832 -0.05528 0.97274 0.22839 -0.04011 0.99215 0.11386 -0.05167 0.99285 0.10637 -0.05418 0.99919 -0.00209 -0.04006 0.99165 -0.11802 -0.05193 0.99364 -0.1025 -0.04666 0.97151 -0.2324 -0.04646 0.9646 -0.25841 -0.05268 0.93822 -0.34371 -0.0402 0.88856 -0.45593 -0.05092 0.5967 -0.80234 -0.01412 0.49411 0.86763 -0.05539 0.59273 0.80249 -0.06844 0.6721 0.73806 -0.05959 0.68258 0.72813 -0.0625 0.77911 0.6236 -0.06418 0.76226 0.64487 -0.05578 0.8315 0.55125 -0.06875 0.884 0.46368 -0.05962 0.89055 0.45056 -0.06259 0.94708 0.31458 -0.06384 0.89492 -0.44278 -0.05535 0.8359 -0.54461 -0.06838 0.76188 -0.64515 -0.0576 0.76737 -0.63884 -0.05512 0.68898 -0.72151 -0.06881 0.59113 -0.8043 -0.06046 -0.05614 0.99501 -0.08244 -0.05586 0.99503 -0.08246 0.05976 0.9948 -0.08244 0.06003 0.99478 -0.08246 0.17484 0.98114 -0.08244 0.17511 0.98109 -0.08246 0.28756 0.95421 -0.08244 0.28783 0.95413 -0.08246 0.39639 0.91437 -0.08244 0.39665 0.91426 -0.08246 0.49987 0.86217 -0.08244 0.52908 0.84427 -0.08539 0.59665 0.7984 -0.08101 0.68496 0.72338 -0.08686 0.67209 0.73568 -0.08404 0.7645 0.63913 -0.08399 0.77692 0.62369 -0.0861 0.83374 0.54619 -0.08101 0.89107 0.44548 -0.08686 0.88318 0.46144 -0.08404 0.93699 0.33911 -0.08399 0.93196 0.35308 -0.08239 0.97015 0.22807 -0.08244 0.97021 0.2278 -0.08246 0.99007 0.1139 -0.08244 0.9901 0.11362 -0.08246 0.99659 -0.00181 -0.08244 0.99659 -0.00209 -0.08246 0.98965 -0.1175 -0.08244 0.98961 -0.11777 -0.08246 0.96931 -0.23159 -0.08244 0.96925 -0.23186 -0.08246 0.93587 -0.34256 -0.08244 0.93578 -0.34282 -0.08246 0.88978 -0.44889 -0.08244 0.8736 -0.47909 -0.08539 0.83174 -0.54922 -0.08101 0.76198 -0.64175 -0.08686 0.75561 -0.64903 -0.08838 0.60024 -0.79731 -0.06336 0.6703 -0.73776 -0.08001 0.60915 -0.78872 -0.08283 0.60381 -0.79271 -0.08389 -0.05904 0.99668 -0.056 -0.05624 0.99681 -0.05659 0.05657 0.99682 -0.05619 0.05986 0.99659 -0.05687 0.17023 0.98382 -0.05584 0.17515 0.9829 -0.05687 0.28329 0.95741 -0.05584 0.28808 0.95592 -0.05687 0.39252 0.91805 -0.05584 0.39711 0.91601 -0.05687 0.49645 0.86627 -0.05584 0.50076 0.86371 -0.05687 0.59366 0.80278 -0.05584 0.59765 0.79974 -0.05687 0.68284 0.72843 -0.05584 0.68645 0.72495 -0.05687 0.76279 0.64423 -0.05584 0.76597 0.64036 -0.05687 0.83242 0.55132 -0.05584 0.83513 0.5471 -0.05687 0.8908 0.45096 -0.05584 0.893 0.44645 -0.05687 0.93713 0.34449 -0.05584 0.93879 0.33976 -0.05687 0.97078 0.23337 -0.05584 0.97189 0.22848 -0.05687 0.99131 0.11909 -0.05584 0.99184 0.1141 -0.05687 0.99843 0.0032 -0.05584 0.99838 -0.00182 -0.05687 0.99205 -0.11273 -0.05584 0.99142 -0.11771 -0.05687 0.97226 -0.22714 -0.05584 0.97105 -0.23201 -0.05687 0.93932 -0.33848 -0.05584 0.93755 -0.34317 -0.05687 0.89367 -0.44524 -0.05584 0.89137 -0.4497 -0.05687 0.83594 -0.54598 -0.05584 0.83314 -0.55013 -0.05687 0.7669 -0.63933 -0.05584 0.76364 -0.64314 -0.05687 0.70212 -0.70985 -0.05608 0.66758 -0.74355 -0.03839 0.61545 -0.78724 -0.0384 0.57286 -0.8177 -0.05659 -0.4999 0.86602 -0.0103 -0.49339 0.86803 -0.05551 -0.49644 0.86624 -0.05628 -0.49415 0.86543 -0.08276 -0.52948 0.84391 -0.08638 -0.49413 0.86756 -0.05632 -0.50046 0.86406 -0.05415 -0.46118 0.88728 -0.00692 -0.4976 0.86729 -0.01425 -0.49995 0.866 -0.01031 -0.39612 0.91814 -0.01035 -0.40146 0.91423 -0.05493 -0.39277 0.91787 -0.05686 -0.39349 0.9156 -0.08276 -0.39679 0.9142 -0.08244 -0.38524 0.92195 -0.04004 -0.39603 0.91818 -0.01032 -0.28985 0.95701 -0.01114 -0.28942 0.95557 -0.05584 -0.28461 0.95696 -0.05687 -0.28409 0.95525 -0.08244 -0.28382 0.95532 -0.08247 -0.28443 0.95734 -0.05101 -0.27518 0.95987 -0.05414 -0.28033 0.9599 -0.00075 -0.27955 0.96009 -0.00842 -0.17888 0.98383 -0.00948 -0.17431 0.98311 -0.05581 -0.17158 0.98356 -0.05638 -0.17127 0.98177 -0.08244 -0.171 0.98181 -0.08246 -0.17145 0.98438 -0.0401 0.5971 -0.80209 -0.01102 0.57492 -0.8182 -0.00372 0.68621 -0.72739 -0.00531 0.69583 -0.71812 -0.01107 0.77216 -0.63535 -0.01025 0.76807 -0.6403 -0.00863 0.83007 -0.5576 -0.00787 0.83719 -0.5468 -0.01114 0.89357 -0.4488 -0.01032 0.89501 -0.44591 -0.01114 0.93963 -0.34203 -0.01032 0.94072 -0.33899 -0.01114 0.97299 -0.23064 -0.01032 0.97372 -0.22748 -0.01114 0.99316 -0.11633 -0.01033 0.99354 -0.1129 -0.0112 0.99995 0.00017 -0.01038 0.99993 0.0032 -0.01114 0.99319 0.11605 -0.01032 0.9928 0.11927 -0.01114 0.97305 0.23037 -0.01033 0.97224 0.23372 -0.0112 0.93626 0.35116 -0.0103 0.93856 0.34502 -0.00865 0.89798 0.43996 -0.00784 0.89213 0.45163 -0.01114 0.83546 0.54945 -0.01032 0.83367 0.55215 -0.01114 0.76603 0.64273 -0.01032 0.76393 0.6452 -0.01114 0.68623 0.72731 -0.01032 0.68386 0.72952 -0.01114 0.59715 0.80206 -0.01032 0.59455 0.80398 -0.01114 0.4932 0.86985 -0.01026 0.4972 0.86759 -0.0091 0.40271 0.91529 -0.0085 0.39311 0.91942 -0.01114 0.28682 0.95793 -0.01032 0.28372 0.95884 -0.01114 0.17367 0.98475 -0.01032 0.17048 0.9853 -0.01114 0.06501 0.99783 -0.01038 0.05671 0.99831 -0.01249 -0.05497 0.99841 -0.01247 -0.07311 0.9973 -0.00759 -0.17212 0.98505 -0.00768 0.0567 -0.92909 0.36548 0.03888 0.79397 0.60671 0.03127 -0.6465 0.76228 -0.66665 -0.19324 -0.71988 -0.65399 -0.24972 -0.7141 -0.43299 -0.47038 -0.76894 -0.40628 -0.51636 -0.75386 -0.33892 -0.57958 -0.74109 -0.26539 -0.54539 -0.79506 -0.77401 -0.03149 -0.6324 0.81042 -0.03746 -0.58464 0.64805 -0.26902 -0.7125 0.61774 -0.31865 -0.71893 0.60993 -0.65284 -0.4492 0.52695 -0.68211 -0.507 0.43559 -0.72302 -0.53619 -0.00566 -0.62812 -0.7781 -0.07336 -0.73661 -0.67233 0.08198 -0.83836 -0.53891 -2E-05 -0.72687 -0.68678 -0.51364 0.85763 0.02532 -0.50037 0.86515 0.03382 -0.41799 0.90817 0.02277 -0.31989 0.94723 0.02085 -0.21403 0.9766 0.02123 -0.1081 0.99392 0.02075 -0.0007 0.99978 0.02085 0.109 0.99381 0.02123 0.31859 0.94766 0.02085 0.42088 0.90686 0.02138 0.51544 0.85667 0.02075 0.6045 0.79633 0.02085 0.68842 0.725 0.02138 0.762 0.64725 0.02075 0.82681 0.56209 0.02093 0.88423 0.46654 0.02179 0.92852 0.37069 0.02085 0.96365 0.2663 0.02138 0.99829 0.05459 0.02082 0.98982 0.13844 0.03295 0.98661 0.16175 0.02075 0.99788 -0.06132 0.02188 0.99897 0.03058 0.03349 0.99267 0.0318 0.11662 0.98639 -0.16317 0.02017 0.99649 -0.07796 0.03061 0.9903 -0.07527 0.11677 0.9905 -0.07046 0.1181 0.96297 -0.26886 0.02017 0.98254 -0.18351 0.03082 0.97628 -0.18234 0.11678 0.97706 -0.17714 0.11824 0.93027 -0.36628 0.02084 0.95694 -0.28866 0.03082 0.95084 -0.28682 0.11678 0.95218 -0.28174 0.11824 0.94383 -0.27927 0.1766 0.87962 -0.47511 0.02341 0.92 -0.39038 0.03459 0.91426 -0.38794 0.11678 0.91614 -0.38303 0.11824 0.90811 -0.37968 0.1766 0.9077 -0.3807 0.1765 0.82671 -0.56226 0.02017 0.87251 -0.48762 0.03082 0.86695 -0.48452 0.11678 0.86935 -0.47984 0.11824 0.86173 -0.47564 0.1766 0.86121 -0.47661 0.1765 0.86649 -0.47953 0.13872 0.76095 -0.6485 0.02014 0.81467 -0.5791 0.03082 0.80948 -0.57541 0.11678 0.81238 -0.57102 0.11824 0.80526 -0.56602 0.1766 0.80463 -0.56693 0.1765 0.80956 -0.57041 0.13872 0.80972 -0.57018 0.13878 0.68387 -0.72934 0.01959 0.74729 -0.66379 0.03068 0.74253 -0.65956 0.11678 0.74588 -0.65551 0.11824 0.73934 -0.64976 0.1766 0.73862 -0.6506 0.1765 0.74315 -0.65459 0.13872 0.74332 -0.65438 0.13878 0.74855 -0.65899 0.07352 0.59125 -0.80604 0.02701 0.67301 -0.73908 0.02856 0.66475 -0.73822 0.11465 0.67359 -0.72959 0.1182 0.66313 -0.72736 0.17663 0.66184 -0.72858 0.17647 0.67224 -0.72679 0.14096 0.6642 -0.73457 0.13874 0.67905 -0.73007 0.07671 0.66376 -0.74448 0.07194 -0.40862 0.90979 0.07293 -0.29843 0.9517 0.07217 -0.40023 0.90586 0.13872 -0.29955 0.94393 0.13878 -0.19713 0.97767 0.07284 -0.05188 0.99611 0.07124 -0.10039 0.99475 0.01981 0.0373 0.99823 0.0463 -0.29675 0.95437 0.03345 -0.19063 0.97475 0.11625 -0.09071 0.98886 0.11805 0.12289 0.97658 0.1766 0.22884 0.95733 0.1765 0.33303 0.93265 0.13872 0.43167 0.89129 0.13878 0.52922 0.84534 0.07292 0.62312 0.77881 0.07191 -0.19183 0.98087 0.03295 -0.08412 0.98965 0.11625 0.01673 0.99287 0.11805 0.22776 0.95757 0.1766 0.331 0.92698 0.1765 0.43192 0.89118 0.13872 0.52551 0.83939 0.13877 0.61749 0.78313 0.07353 0.70469 0.70586 0.07196 -0.08465 0.99587 0.03296 0.02337 0.99294 0.11625 0.12398 0.98524 0.11805 0.32996 0.92733 0.1766 0.42929 0.88576 0.1765 0.52574 0.83926 0.13872 0.61318 0.77766 0.13878 0.69853 0.71176 0.07392 0.77501 0.62777 0.07253 0.02352 0.99916 0.03345 0.13059 0.9846 0.11625 0.22978 0.96606 0.11805 0.42828 0.88622 0.1766 0.52254 0.83415 0.1765 0.6134 0.77749 0.13872 0.69366 0.7068 0.13878 0.77139 0.63207 0.07381 0.83804 0.54076 0.07256 0.13141 0.99078 0.03295 0.23628 0.96471 0.11625 0.33288 0.93555 0.11805 0.52159 0.83472 0.1766 0.60966 0.77276 0.1765 0.69386 0.70662 0.13872 0.76602 0.62766 0.13878 0.83522 0.54496 0.07371 0.89138 0.44741 0.07258 0.34132 0.93935 0.03348 0.43814 0.89136 0.11625 0.52622 0.84212 0.11805 0.68883 0.70308 0.1766 0.76153 0.62364 0.1765 0.82954 0.54094 0.13872 0.88304 0.44832 0.13878 0.9329 0.3527 0.07285 0.96645 0.2465 0.07213 0.53528 0.84403 0.03295 0.61951 0.77633 0.11625 0.69494 0.70931 0.11805 0.82387 0.53856 0.1766 0.87779 0.44535 0.1765 0.92643 0.34996 0.13872 0.95877 0.24801 0.13878 0.98691 0.14391 0.07281 0.99747 -0.00248 0.07108 0.99874 0.04603 0.02006 0.9947 -0.09192 0.04615 -0.49441 0.86614 0.07322 -0.50545 0.85998 0.07034 -0.39634 0.91545 0.06982 -0.49614 0.85709 0.13872 -0.5027 0.85349 0.1373 -0.39344 0.90904 0.1373 -0.30167 0.95062 0.07292 -0.19333 0.97849 0.07198 -0.48922 0.8541 0.17656 -0.2993 0.94402 0.13873 -0.19574 0.97079 0.13878 -0.09015 0.99201 0.08823 -0.48504 0.85658 0.17611 -0.40634 0.89659 0.17611 -0.40188 0.89851 0.17656 -0.29747 0.93827 0.1765 -0.19546 0.97085 0.13872 -0.08964 0.98626 0.13878 0.01765 0.9972 0.07263 0.12472 0.98824 0.08845 0.1252 0.99209 0.0088 0.20985 0.97655 0.04801 -0.29852 0.93792 0.1766 -0.19428 0.96494 0.1765 -0.08936 0.98629 0.13872 0.01754 0.99017 0.13878 0.12521 0.9882 0.08823 0.32485 0.94544 0.02488 -0.4981 0.85914 0.11736 -0.49635 0.86007 0.11796 -0.40259 0.90761 0.11903 -0.19536 0.9647 0.1766 -0.08882 0.98029 0.1765 0.0178 0.99017 0.13873 0.12448 0.98247 0.13878 0.23161 0.97009 0.07263 0.33424 0.93833 0.08845 0.3355 0.94187 0.01762 0.42633 0.90341 0.04574 -0.39388 0.91178 0.1163 -0.30117 0.94624 0.11805 -0.08992 0.98017 0.1766 0.0177 0.98414 0.1765 0.12475 0.98244 0.13872 0.22998 0.96325 0.13878 0.33471 0.93818 0.08823 0.53993 0.84146 0.02038 0.49191 0.86675 0.08231 0.43474 0.89762 0.07263 0.33277 0.93274 0.13878 0.23024 0.96319 0.13872 0.12399 0.97646 0.1765 0.01659 0.98414 0.1766 -0.19709 0.97325 0.11805 -0.2949 0.94843 0.11625 -0.39964 0.91607 0.03318 0.93327 0.35176 0.07263 0.88925 0.45147 0.07361 0.82939 0.54116 0.13878 0.7662 0.62745 0.13872 0.68964 0.70231 0.1765 0.60878 0.77343 0.1766 0.43208 0.89408 0.11805 0.33919 0.93351 0.11625 0.23776 0.97076 0.03296 0.21492 0.97641 0.02075 0.98758 0.13969 0.07187 0.96556 0.24977 0.07288 0.92633 0.35022 0.13878 0.88317 0.44807 0.13872 0.82449 0.53764 0.1765 0.76082 0.62448 0.1766 0.61418 0.78029 0.11805 0.53194 0.83876 0.11625 0.44089 0.89696 0.03295 0.62339 0.7812 0.03348 0.69981 0.7048 0.11625 0.76756 0.63001 0.11805 0.87727 0.44633 0.1766 0.92079 0.34783 0.1765 0.95884 0.24775 0.13872 0.97996 0.14289 0.13878 0.99544 0.03632 0.08823 0.70421 0.70923 0.03295 0.77191 0.62501 0.11625 0.83117 0.54333 0.11805 0.92039 0.34886 0.1766 0.953 0.24624 0.1765 0.98001 0.14263 0.13872 0.98967 0.03611 0.13878 0.99478 -0.07162 0.07263 0.98004 -0.17804 0.08845 0.98386 -0.17873 0.00874 0.9644 -0.2603 0.04653 0.77676 0.62893 0.03295 0.83497 0.53788 0.11625 0.88505 0.45028 0.11805 0.95271 0.2473 0.1766 0.97404 0.14176 0.1765 0.98968 0.03583 0.13872 0.98777 -0.07111 0.13878 0.97997 -0.17853 0.08823 0.92651 -0.37541 0.02549 0.84018 0.54125 0.03389 0.88822 0.44446 0.11625 0.92854 0.35195 0.11805 0.97386 0.14285 0.1766 0.98366 0.03562 0.1765 0.98776 -0.07138 0.13872 0.97429 -0.17749 0.13878 0.95613 -0.28379 0.07263 0.91886 -0.38455 0.08845 0.92232 -0.386 0.01802 0.87842 -0.47567 0.04599 0.8938 0.44725 0.03295 0.93107 0.34582 0.11625 0.96115 0.2495 0.11805 0.9836 0.03672 0.1766 0.98174 -0.07095 0.1765 0.97425 -0.17776 0.13872 0.94939 -0.28179 0.13878 0.91868 -0.38502 0.08823 0.81076 -0.58504 0.01995 0.9369 0.34798 0.03348 0.963 0.24312 0.11625 0.98249 0.14411 0.11805 0.9818 -0.06984 0.1766 0.96832 -0.17668 0.1765 0.94932 -0.28205 0.13872 0.91336 -0.38278 0.13878 0.87277 -0.48269 0.07263 0.83842 -0.53875 0.08242 0.96905 0.24465 0.03295 0.98365 0.13758 0.11625 0.99232 0.03704 0.11805 0.9685 -0.17558 0.1766 0.94354 -0.28034 0.1765 0.91326 -0.38304 0.13872 0.86661 -0.47929 0.13878 0.81544 -0.57421 0.07313 0.7443 -0.66395 0.07203 0.58968 -0.80714 0.02828 0.59043 -0.79882 0.11525 0.58386 -0.80329 0.11765 0.58372 -0.79251 0.17663 0.58517 -0.79148 0.17647 0.58138 -0.80132 0.14096 0.59059 -0.79496 0.13874 0.58316 -0.80881 0.07588 0.59299 -0.80186 0.07333 0.1925 -0.98115 -0.01677 0.2981 -0.95451 -0.00696 0.39918 -0.91671 -0.01713 0.08469 -0.99635 -0.01107 0.04894 -0.9988 -0.00092 -0.05229 -0.9984 -0.02174 -0.1602 -0.98707 -0.0059 -0.20563 -0.97843 -0.01988 -0.42554 -0.9047 -0.02082 -0.31667 -0.94849 -0.00901 -0.33076 -0.94371 -0.00335 -0.59303 -0.80497 -0.0185 -0.62156 -0.78331 -0.00974 -0.48237 -0.87572 -0.02082 -0.52916 -0.84852 0.00185 -0.70201 -0.71209 -0.01056 -0.67993 -0.73307 -0.01743 -0.77742 -0.62887 -0.01162 -0.7639 -0.64514 -0.01603 -0.84053 -0.54161 -0.01264 -0.83399 -0.55158 -0.01497 -0.89392 -0.44801 -0.01352 -0.89261 -0.45061 -0.01405 -0.93854 -0.34488 -0.01428 -0.95304 -0.30278 -0.00671 -0.96922 -0.24561 -0.01687 -0.99025 -0.13889 -0.01043 -0.9943 -0.10664 -0.00101 -0.99969 -0.01565 -0.01913 -0.99655 0.08176 -0.01456 -0.99469 0.10268 -0.00762 -0.96523 0.26122 -0.00932 -0.96049 0.27829 -0.00245 -0.98366 0.17936 -0.01575 -0.90195 0.4313 -0.0216 -0.87573 0.48278 0.00315 -0.92699 0.37451 -0.02072 -0.76889 0.63914 -0.01784 -0.748 0.66362 -0.01021 -0.83795 0.54541 -0.01912 -0.81582 0.57824 -0.00921 -0.67527 0.73749 -0.0113 -0.68886 0.72473 -0.01523 -0.58827 0.80857 -0.01211 0.05597 -0.99709 -0.05174 0.04878 -0.99734 -0.05414 -0.06019 -0.99738 -0.04005 -0.17548 -0.98311 -0.05199 -0.15995 -0.98602 -0.04666 -0.2885 -0.95635 -0.04646 -0.31399 -0.94796 -0.05267 -0.39768 -0.91664 -0.0402 -0.50675 -0.86058 -0.051 -0.93941 -0.33831 -0.05528 -0.97274 -0.22839 -0.04011 -0.99215 -0.11386 -0.05167 -0.99285 -0.10637 -0.05418 -0.99919 0.00209 -0.04006 -0.99165 0.11802 -0.05193 -0.99364 0.1025 -0.04666 -0.97151 0.2324 -0.04646 -0.9646 0.25841 -0.05268 -0.93821 0.34371 -0.0402 -0.88856 0.45593 -0.05092 -0.5967 0.80234 -0.01412 -0.49411 -0.86763 -0.05539 -0.59273 -0.80249 -0.06844 -0.6871 -0.72427 -0.05775 -0.68227 -0.72897 -0.05571 -0.76146 -0.64456 -0.0688 -0.8356 -0.54629 -0.0578 -0.83232 -0.55147 -0.05591 -0.89014 -0.45048 -0.0687 -0.94108 -0.33332 -0.05709 -0.90382 0.42344 -0.06177 -0.82085 0.56755 -0.06391 -0.83663 0.54494 -0.0556 -0.76656 0.63851 -0.06846 -0.69092 0.72054 -0.05872 -0.6891 0.72223 -0.05937 -0.58995 0.80447 -0.06917 0.05614 -0.99501 -0.08244 0.05586 -0.99503 -0.08246 -0.05975 -0.9948 -0.08244 -0.06003 -0.99478 -0.08246 -0.17484 -0.98114 -0.08244 -0.17511 -0.98109 -0.08246 -0.28756 -0.95421 -0.08244 -0.28783 -0.95413 -0.08246 -0.39639 -0.91437 -0.08244 -0.39665 -0.91426 -0.08246 -0.49987 -0.86217 -0.08244 -0.52908 -0.84427 -0.08539 -0.59665 -0.7984 -0.08101 -0.68497 -0.72338 -0.08686 -0.68563 -0.72273 -0.08701 -0.76469 -0.63929 -0.08101 -0.83332 -0.54592 -0.08686 -0.83383 -0.54513 -0.08701 -0.89151 -0.4457 -0.08101 -0.93676 -0.33902 -0.08686 -0.92697 -0.366 -0.0823 -0.97015 -0.22807 -0.08244 -0.97021 -0.2278 -0.08246 -0.99007 -0.1139 -0.08244 -0.9901 -0.11362 -0.08246 -0.99659 0.00181 -0.08244 -0.99659 0.00209 -0.08246 -0.98965 0.1175 -0.08244 -0.98961 0.11777 -0.08246 -0.96931 0.2316 -0.08244 -0.96925 0.23186 -0.08246 -0.93587 0.34256 -0.08244 -0.93578 0.34282 -0.08246 -0.88978 0.44889 -0.08244 -0.88043 0.46665 -0.08418 -0.83154 0.54908 -0.08399 -0.82031 0.5654 -0.0861 -0.76236 0.64206 -0.08101 -0.68437 0.72395 -0.08673 -0.66643 0.74095 -0.08283 -0.60531 0.79196 -0.08001 0.05904 -0.99668 -0.056 0.05624 -0.99681 -0.05659 -0.05657 -0.99682 -0.05619 -0.05986 -0.99659 -0.05687 -0.17022 -0.98382 -0.05584 -0.17515 -0.9829 -0.05687 -0.28329 -0.95741 -0.05584 -0.28808 -0.95592 -0.05687 -0.39252 -0.91805 -0.05584 -0.3971 -0.91601 -0.05687 -0.49645 -0.86627 -0.05584 -0.50076 -0.86371 -0.05687 -0.59366 -0.80278 -0.05584 -0.59765 -0.79974 -0.05687 -0.68284 -0.72843 -0.05584 -0.68645 -0.72495 -0.05687 -0.76279 -0.64423 -0.05584 -0.76597 -0.64036 -0.05687 -0.83242 -0.55132 -0.05584 -0.83513 -0.5471 -0.05687 -0.8908 -0.45096 -0.05584 -0.893 -0.44645 -0.05687 -0.93713 -0.34449 -0.05584 -0.93879 -0.33976 -0.05687 -0.97078 -0.23337 -0.05584 -0.97189 -0.22848 -0.05687 -0.99131 -0.11909 -0.05584 -0.99184 -0.1141 -0.05687 -0.99843 -0.0032 -0.05584 -0.99838 0.00182 -0.05687 -0.99205 0.11273 -0.05584 -0.99142 0.11771 -0.05687 -0.97226 0.22714 -0.05584 -0.97105 0.23201 -0.05687 -0.93932 0.33848 -0.05584 -0.93755 0.34317 -0.05687 -0.89367 0.44524 -0.05584 -0.89137 0.44969 -0.05687 -0.83594 0.54598 -0.05584 -0.83314 0.55014 -0.05687 -0.7669 0.63933 -0.05584 -0.76364 0.64314 -0.05687 -0.70212 0.70985 -0.05608 -0.66758 0.74355 -0.03839 -0.61545 0.78724 -0.0384 -0.57285 0.8177 -0.05659 0.4999 -0.86602 -0.0103 0.49339 -0.86803 -0.05551 0.49644 -0.86625 -0.05628 0.49415 -0.86543 -0.08277 0.50777 -0.85737 -0.08417 0.47397 -0.87828 -0.06316 0.50046 -0.86407 -0.05415 0.46118 -0.88728 -0.00692 0.4976 -0.86729 -0.01425 0.49994 -0.866 -0.01031 0.39612 -0.91814 -0.01035 0.40146 -0.91423 -0.05493 0.39278 -0.91787 -0.05686 0.39349 -0.9156 -0.08277 0.3968 -0.9142 -0.08244 0.38525 -0.92194 -0.04004 0.39603 -0.91818 -0.01032 0.28985 -0.95701 -0.01114 0.28942 -0.95557 -0.05584 0.2846 -0.95696 -0.05687 0.28409 -0.95525 -0.08244 0.28382 -0.95532 -0.08246 0.28442 -0.95734 -0.05101 0.27517 -0.95987 -0.05414 0.28033 -0.9599 -0.00075 0.27955 -0.96009 -0.00842 0.17887 -0.98383 -0.00948 0.17431 -0.98311 -0.05581 0.17158 -0.98355 -0.05638 0.17127 -0.98177 -0.08244 0.171 -0.98181 -0.08246 0.17145 -0.98438 -0.0401 -0.59709 0.8021 -0.01102 -0.57492 0.8182 -0.00372 -0.68621 0.72738 -0.00531 -0.69583 0.71812 -0.01107 -0.77112 0.63661 -0.01026 -0.76807 0.6403 -0.00904 -0.82835 0.56015 -0.00853 -0.83718 0.54679 -0.01259 -0.89606 0.44377 -0.01174 -0.89501 0.44591 -0.01114 -0.93963 0.34203 -0.01032 -0.94073 0.33899 -0.01114 -0.97299 0.23063 -0.01032 -0.97372 0.22748 -0.01114 -0.99316 0.11633 -0.01033 -0.99354 0.1129 -0.0112 -0.99995 -0.00017 -0.01038 -0.99993 -0.0032 -0.01114 -0.99319 -0.11605 -0.01032 -0.9928 -0.11927 -0.01114 -0.97305 -0.23037 -0.01033 -0.97224 -0.23372 -0.0112 -0.93626 -0.35116 -0.0103 -0.93856 -0.34502 -0.00865 -0.89798 -0.43996 -0.00784 -0.89213 -0.45163 -0.01114 -0.83546 -0.54945 -0.01032 -0.83367 -0.55215 -0.01114 -0.76602 -0.64273 -0.01032 -0.76393 -0.6452 -0.01114 -0.68623 -0.72731 -0.01032 -0.68387 -0.72952 -0.01114 -0.59715 -0.80206 -0.01032 -0.59455 -0.80398 -0.01114 -0.4932 -0.86986 -0.01026 -0.4972 -0.86759 -0.0091 -0.40271 -0.91529 -0.0085 -0.39311 -0.91942 -0.01114 -0.28682 -0.95793 -0.01032 -0.28372 -0.95884 -0.01114 -0.17367 -0.98475 -0.01032 -0.17048 -0.9853 -0.01114 -0.06501 -0.99783 -0.01038 -0.05671 -0.99831 -0.01249 0.05497 -0.99841 -0.01247 0.07311 -0.99729 -0.00759 0.17212 -0.98505 -0.00768 -0.59863 0.80059 0.02646 -0.68153 0.73131 0.02659 -0.7566 0.65333 0.02659 -0.82281 0.5677 0.02659 -0.87936 0.47541 0.02659 -0.92561 0.37755 0.02659 -0.961 0.27526 0.02659 -0.98513 0.16974 0.02659 -0.99768 0.06261 0.02678 0.49891 -0.86615 0.02962 0.50062 -0.8652 0.02836 0.31788 -0.94792 0.02017 0.21353 -0.97673 0.02017 0.11039 -0.99367 0.02063 -0.00235 -0.9994 0.03455 -0.11595 -0.99301 0.02209 -0.3206 -0.947 0.02017 -0.52203 -0.85261 0.02342 -0.6018 -0.79837 0.02084 -0.69311 -0.72045 0.02341 -0.76293 -0.64616 0.02017 -0.82832 -0.55989 0.02017 -0.884 -0.46705 0.02017 -0.92726 -0.37383 0.02084 -0.96533 -0.25999 0.02342 -0.98691 -0.15999 0.02012 -0.98977 -0.1393 0.03083 -0.99815 -0.05703 0.02125 -0.5403 0.84107 0.02619 -0.99882 -0.03475 0.03387 -0.99263 -0.03207 0.11689 -0.99276 0.11677 0.02817 -0.99659 0.07538 0.03346 -0.99032 0.0749 0.11688 -0.9905 0.07046 0.11812 -0.97431 0.22342 0.02818 -0.9826 0.18269 0.03346 -0.97641 0.18154 0.11688 -0.97707 0.17714 0.11812 -0.94444 0.32747 0.02817 -0.95709 0.28785 0.03346 -0.95106 0.28604 0.11688 -0.95219 0.28174 0.11812 -0.94383 0.27927 0.1766 -0.9035 0.42766 0.02817 -0.92036 0.38965 0.03346 -0.91456 0.38719 0.11688 -0.91615 0.38304 0.11812 -0.90811 0.37968 0.1766 -0.9077 0.38071 0.1765 -0.85196 0.52284 0.02817 -0.87283 0.48687 0.03346 -0.86734 0.48381 0.11688 -0.86936 0.47985 0.11812 -0.86173 0.47564 0.1766 -0.86121 0.47661 0.1765 -0.86649 0.47953 0.13872 -0.79045 0.61188 0.02818 -0.81507 0.57839 0.03346 -0.80994 0.57474 0.11688 -0.81239 0.57103 0.11812 -0.80525 0.56602 0.1766 -0.80463 0.56693 0.1765 -0.80956 0.5704 0.13872 -0.80972 0.57018 0.13878 -0.71967 0.69375 0.02817 -0.74776 0.66312 0.03346 -0.74305 0.65895 0.11688 -0.74588 0.65552 0.11812 -0.73934 0.64976 0.1766 -0.73862 0.6506 0.1765 -0.74315 0.65459 0.13872 -0.74332 0.65438 0.13878 -0.74855 0.65899 0.07352 -0.63996 0.76793 0.02726 -0.67324 0.73871 0.03238 -0.66529 0.73771 0.11474 -0.67361 0.72959 0.1181 -0.66313 0.72736 0.17663 -0.66184 0.72858 0.17647 -0.67224 0.72679 0.14096 -0.6642 0.73457 0.13874 -0.67905 0.73007 0.07671 -0.66376 0.74448 0.07194 0.40862 -0.90979 0.07293 0.29843 -0.9517 0.07217 0.40023 -0.90586 0.13872 0.29955 -0.94393 0.13878 0.19712 -0.97767 0.07284 0.08554 -0.99375 0.07174 0.2981 -0.95404 0.03082 0.19197 -0.97443 0.11678 0.09071 -0.98883 0.11824 -0.12289 -0.97658 0.1766 -0.22884 -0.95733 0.1765 -0.33303 -0.93266 0.13872 -0.43167 -0.89129 0.13878 -0.52923 -0.84534 0.07292 -0.62312 -0.77881 0.07191 0.1932 -0.98068 0.03082 0.08549 -0.98947 0.11678 -0.01673 -0.99284 0.11824 -0.22776 -0.95757 0.1766 -0.33101 -0.92698 0.1765 -0.43192 -0.89118 0.13872 -0.5255 -0.8394 0.13878 -0.61749 -0.78313 0.07353 -0.70469 -0.70586 0.07196 0.08603 -0.99572 0.03384 -0.02168 -0.99291 0.11686 -0.12399 -0.98529 0.11761 -0.32996 -0.92733 0.1766 -0.42929 -0.88575 0.1765 -0.52574 -0.83926 0.13872 -0.61318 -0.77766 0.13878 -0.69852 -0.71176 0.07392 -0.77501 -0.62777 0.07253 -0.01765 -0.99958 0.02301 -0.12708 -0.985 0.11673 -0.22977 -0.96603 0.11824 -0.42828 -0.88622 0.1766 -0.52254 -0.83415 0.1765 -0.6134 -0.77749 0.13872 -0.69366 -0.7068 0.13878 -0.77139 -0.63207 0.07381 -0.83804 -0.54076 0.07256 -0.13152 -0.99084 0.03064 -0.23492 -0.96497 0.11678 -0.33287 -0.93553 0.11824 -0.52159 -0.83472 0.1766 -0.60966 -0.77276 0.1765 -0.69386 -0.70662 0.13872 -0.76602 -0.62766 0.13878 -0.83521 -0.54497 0.07371 -0.89138 -0.44741 0.07258 -0.34004 -0.9399 0.03082 -0.43687 -0.89191 0.11678 -0.5262 -0.8421 0.11824 -0.68884 -0.70308 0.1766 -0.76153 -0.62364 0.1765 -0.82954 -0.54094 0.13872 -0.88304 -0.44832 0.13878 -0.9329 -0.3527 0.07285 -0.96645 -0.2465 0.07213 -0.53415 -0.84483 0.03082 -0.61839 -0.77714 0.11678 -0.69493 -0.70929 0.11824 -0.82387 -0.53856 0.1766 -0.87779 -0.44535 0.1765 -0.92643 -0.34996 0.13872 -0.95877 -0.24801 0.13878 -0.98691 -0.14391 0.07281 -0.99747 0.00249 0.07108 -0.99874 -0.04603 0.02006 -0.99568 0.08161 0.04422 0.4944 -0.86614 0.07322 0.50545 -0.85998 0.07034 0.39634 -0.91545 0.06981 0.49613 -0.85709 0.13872 0.5027 -0.85349 0.1373 0.39344 -0.90904 0.1373 0.30167 -0.95062 0.07292 0.19333 -0.97849 0.07198 0.48922 -0.8541 0.17656 0.29929 -0.94402 0.13872 0.19574 -0.97079 0.13878 0.09027 -0.99325 0.0728 -0.05685 -0.99586 0.07092 -0.01865 -0.99935 0.03094 0.48504 -0.85658 0.17611 0.40635 -0.89659 0.17611 0.40188 -0.89851 0.17656 0.29747 -0.93827 0.1765 0.19547 -0.97085 0.13872 0.08963 -0.98626 0.13878 -0.01763 -0.99594 0.08823 -0.23079 -0.9724 0.03416 0.29852 -0.93792 0.1766 0.19428 -0.96494 0.1765 0.08936 -0.98629 0.13872 -0.01753 -0.99017 0.13878 -0.12537 -0.98945 0.07263 -0.18492 -0.97936 0.08164 0.49901 -0.85859 0.11753 0.49626 -0.86006 0.11847 0.4026 -0.90758 0.11921 0.19536 -0.9647 0.1766 0.08881 -0.98029 0.1765 -0.0178 -0.99017 0.13872 -0.12448 -0.98247 0.13878 -0.23163 -0.97017 0.0715 -0.37444 -0.92463 0.06969 -0.3191 -0.94764 0.01264 -0.42633 -0.90341 0.04574 0.39515 -0.91116 0.11682 0.30116 -0.94621 0.11824 0.08991 -0.98017 0.1766 -0.01769 -0.98414 0.1765 -0.12475 -0.98244 0.13872 -0.22997 -0.96325 0.13878 -0.33471 -0.93818 0.08823 -0.53993 -0.84146 0.02038 -0.49191 -0.86675 0.08231 -0.43474 -0.89762 0.07263 -0.33277 -0.93274 0.13878 -0.23024 -0.96319 0.13872 -0.12399 -0.97646 0.1765 -0.01659 -0.98414 0.1766 0.19709 -0.97323 0.11824 0.2962 -0.94796 0.11678 0.4011 -0.91551 0.03103 0.4062 -0.91335 0.02817 -0.93327 -0.35176 0.07263 -0.88925 -0.45147 0.07361 -0.82939 -0.54116 0.13878 -0.76619 -0.62746 0.13872 -0.68964 -0.70231 0.1765 -0.60878 -0.77343 0.1766 -0.43207 -0.89406 0.11824 -0.33788 -0.93392 0.11678 -0.23643 -0.97116 0.03082 -0.21633 -0.97611 0.02017 -0.98758 -0.13969 0.07187 -0.96556 -0.24976 0.07288 -0.92633 -0.35022 0.13878 -0.88317 -0.44808 0.13872 -0.82449 -0.53764 0.1765 -0.76081 -0.62448 0.1766 -0.61417 -0.78027 0.11824 -0.53074 -0.83945 0.11678 -0.43962 -0.89752 0.03459 -0.41611 -0.90908 0.02084 -0.62228 -0.78203 0.03459 -0.69879 -0.70573 0.11678 -0.76754 -0.63 0.11824 -0.87727 -0.44633 0.1766 -0.92079 -0.34783 0.1765 -0.95884 -0.24775 0.13872 -0.97996 -0.14289 0.13878 -0.99544 -0.03632 0.08823 -0.97982 0.1996 0.01085 -0.70327 -0.71025 0.03082 -0.771 -0.62604 0.11678 -0.83116 -0.54332 0.11824 -0.92039 -0.34886 0.1766 -0.953 -0.24624 0.1765 -0.98001 -0.14263 0.13872 -0.98967 -0.0361 0.13878 -0.99478 0.07162 0.07263 -0.98772 0.13309 0.08186 -0.77594 -0.63005 0.03082 -0.83417 -0.53901 0.11678 -0.88503 -0.45027 0.11824 -0.95271 -0.2473 0.1766 -0.97404 -0.14176 0.1765 -0.98968 -0.03583 0.13872 -0.98777 0.07111 0.13878 -0.98125 0.17876 0.07204 -0.9442 0.3217 0.07068 -0.96378 0.26643 0.01188 -0.92569 0.37555 0.04545 -0.83951 -0.54247 0.03082 -0.88755 -0.44566 0.11678 -0.92852 -0.35194 0.11824 -0.97386 -0.14285 0.1766 -0.98366 -0.03562 0.1765 -0.98776 0.07138 0.13872 -0.97429 0.17749 0.13878 -0.95493 0.28343 0.08823 -0.86969 0.49317 0.02081 -0.89324 -0.44852 0.03082 -0.93053 -0.34709 0.11678 -0.96113 -0.24949 0.11824 -0.9836 -0.03672 0.1766 -0.98174 0.07095 0.1765 -0.97425 0.17776 0.13872 -0.94939 0.28179 0.13878 -0.91984 0.3855 0.07263 -0.89254 0.44341 0.08217 -0.93638 -0.34927 0.03459 -0.96261 -0.24444 0.11678 -0.98247 -0.14411 0.11824 -0.9818 0.06984 0.1766 -0.96832 0.17668 0.1765 -0.94932 0.28205 0.13872 -0.91336 0.38278 0.13878 -0.87277 0.48269 0.07266 -0.81201 0.57921 0.07179 -0.96878 -0.24601 0.03082 -0.9832 -0.14 0.11708 -0.99229 -0.03704 0.1183 -0.9685 0.17558 0.1766 -0.94354 0.28033 0.1765 -0.91326 0.38304 0.13872 -0.86662 0.47929 0.13878 -0.81544 0.57421 0.07313 -0.7443 0.66395 0.07204 -0.59051 0.80639 0.03205 -0.59109 0.79835 0.11513 -0.58386 0.80327 0.11774 -0.58372 0.79251 0.17663 -0.58517 0.79148 0.17647 -0.58138 0.80133 0.14096 -0.59059 0.79496 0.13874 -0.58316 0.8088 0.07588 -0.59299 0.80187 0.07333 -0.99774 0.03365 -0.05823 -0.98842 0.14011 0.05823 -0.84399 0.53163 -0.07104 -0.68555 0.72067 0.10322 -0.54017 0.83915 -0.06357 -0.06205 0.99476 0.08124 0.06205 0.99476 -0.08124 0.54017 0.83915 0.06357 0.68555 0.72067 -0.10322 0.84399 0.53163 0.07104 0.98842 0.14011 -0.05823 0.99774 0.03365 0.05823 0.90013 -0.42676 -0.0874 0.83969 -0.54053 0.05242 0.50585 -0.86257 0.00889 0.49409 -0.86937 -0.00889 0.04826 -0.99746 -0.05242 -0.04826 -0.99746 0.05242 -0.49409 -0.86937 0.00889 -0.50585 -0.86257 -0.00889 -0.83969 -0.54053 -0.05242 -0.90013 -0.42676 0.0874 -0.99838 0.03367 -0.04578 -0.98906 0.14021 0.04578 -0.84481 0.53214 -0.05587 -0.68695 0.72215 0.08126 -0.54059 0.8398 -0.04998 -0.06213 0.99602 0.06391 0.06213 0.99602 -0.06391 0.54059 0.8398 0.04998 0.68695 0.72215 -0.08126 0.84481 0.53214 0.05587 0.98906 0.14021 -0.04578 0.99838 0.03367 0.04578 0.90145 -0.42739 -0.06877 0.84013 -0.54081 0.04121 0.50586 -0.86259 0.00699 0.49409 -0.86938 -0.00699 0.04829 -0.99798 -0.04121 -0.04829 -0.99798 0.04121 -0.49409 -0.86938 0.00699 -0.50586 -0.86259 -0.00699 -0.84013 -0.54081 -0.04121 -0.90145 -0.42739 0.06877 0.95662 0.29038 -0.02352 0.96804 0.24514 0.05287 0.98342 0.17999 -0.02192 0.91882 0.39459 0.0083 0.91547 0.40156 0.02554 0.8363 0.54639 -0.04536 0.85163 0.52242 0.04245 0.81922 0.57257 -0.03232 0.73513 0.67673 0.04025 0.72711 0.68641 0.01202 0.61415 0.78906 -0.01421 0.62101 0.78372 0.01136 0.56898 0.82097 -0.04777 0.47554 0.87871 0.04159 0.44331 0.89599 -0.02591 0.32468 0.94576 -0.01073 0.3536 0.93305 0.06618 0.11967 0.99269 -0.01539 0.16435 0.98491 0.05429 0.22517 0.97409 -0.02099 0.00064 0.99961 0.02777 0 0.99957 0.02934 -0.16454 0.98603 -0.02596 -0.13106 0.98825 0.07861 -0.2243 0.97396 -0.03296 -0.32451 0.94526 0.03431 -0.33878 0.94086 0.00433 -0.47593 0.87944 -0.00872 -0.44634 0.89119 0.08098 -0.55558 0.83116 -0.02248 -0.61342 0.78812 0.05078 -0.65607 0.75337 -0.04478 -0.73564 0.6772 -0.01513 -0.71655 0.69611 0.04455 -0.86045 0.50914 -0.02016 -0.83648 0.5465 0.04057 -0.80399 0.59378 -0.03184 -0.91747 0.39607 0.03705 -0.91555 0.4016 0.02229 -0.96921 0.24544 -0.01986 -0.9549 0.28105 0.09582 -0.98324 0.18101 -0.02167 -0.99533 0.08248 0.05013 -0.99849 0.04075 -0.03687 -0.99586 -0.08252 -0.03818 -0.99566 -0.03228 0.08734 -0.98342 -0.17999 -0.02192 -0.96804 -0.24514 0.05287 -0.95669 -0.29019 -0.02319 -0.91571 -0.40167 0.01186 -0.9181 -0.3954 0.02756 -0.8363 -0.54638 -0.04537 -0.85168 -0.52232 0.04258 -0.81922 -0.57257 -0.03232 -0.73513 -0.67673 0.04025 -0.72711 -0.68641 0.01202 -0.61415 -0.78906 -0.0142 -0.62101 -0.78372 0.01136 -0.56898 -0.82097 -0.04776 -0.47554 -0.87871 0.04159 -0.44331 -0.89599 -0.02592 -0.32468 -0.94576 -0.01073 -0.3536 -0.93305 0.06617 -0.11968 -0.99269 -0.0154 -0.16435 -0.98491 0.05428 -0.22517 -0.97409 -0.02099 -0.00064 -0.99961 0.02776 0 -0.99957 0.02933 0.16454 -0.98603 -0.02596 0.13106 -0.98825 0.07862 0.2243 -0.97396 -0.03295 0.32451 -0.94526 0.03431 0.33878 -0.94086 0.00433 0.47593 -0.87944 -0.00871 0.44634 -0.89119 0.08099 0.55558 -0.83116 -0.02247 0.61342 -0.78812 0.05079 0.65607 -0.75337 -0.04478 0.73564 -0.6772 -0.01513 0.71655 -0.69612 0.04454 0.804 -0.59378 -0.03185 0.83648 -0.5465 0.04057 0.86044 -0.50916 -0.02014 0.91523 -0.40146 0.03451 0.91797 -0.39612 0.02054 0.96921 -0.24544 -0.01987 0.95488 -0.2811 0.09587 0.98324 -0.18101 -0.02168 0.99533 -0.08248 0.05013 0.99849 -0.04075 -0.03687 0.99586 0.08252 -0.03818 0.99566 0.03228 0.08734 -0.99605 0.07986 -0.03874 -0.97615 0.21307 -0.04172 -0.97366 0.22784 -0.00875 -0.99399 0.1091 0.00886 -0.94666 0.32178 0.01692 -0.92657 0.37344 -0.04473 -0.90865 0.4173 0.01458 -0.85925 0.51083 -0.02728 -0.85677 0.51542 -0.01698 -0.77135 0.63613 0.01872 -0.79233 0.60497 -0.07889 -0.72931 0.68393 0.01836 -0.66479 0.74596 -0.03998 -0.56274 0.82526 -0.04762 -0.54356 0.83935 0.00592 -0.64353 0.76536 0.00973 -0.46829 0.8833 0.02177 -0.40868 0.91164 -0.04348 -0.37177 0.92824 0.01214 -0.26493 0.96406 -0.02021 -0.26474 0.96412 -0.0198 -0.11463 0.99289 0.03218 -0.16257 0.98186 -0.0976 -0.05661 0.99822 0.0188 0.03828 0.99855 -0.03794 0.05745 0.99834 -0.0036 0.19038 0.98165 0.0105 0.15905 0.98503 -0.06648 0.37337 0.92755 0.01571 0.33774 0.94035 -0.04088 0.27221 0.96205 0.01882 0.46437 0.88563 -0.00336 0.47747 0.87806 -0.03195 0.64776 0.76158 0.01987 0.60562 0.79449 -0.04487 0.56305 0.82626 0.01638 0.72349 0.68986 -0.02553 0.72043 0.69335 -0.01555 0.81782 0.57524 0.01643 0.79479 0.60228 -0.07464 0.85388 0.52013 0.01859 0.8954 0.44334 -0.04135 0.94427 0.32499 -0.05227 0.95339 0.30172 0.0027 0.90974 0.41498 0.01247 0.97717 0.21173 0.01784 0.98732 0.1525 -0.04404 0.99382 0.11024 0.01298 0.99974 0 -0.02269 0.99972 0.00039 -0.02348 0.988 -0.15261 0.02372 0.98997 -0.111 -0.08741 0.97739 -0.21069 0.0176 0.95275 -0.30151 -0.03693 0.94707 -0.32103 -0.00042 0.89613 -0.4437 0.0084 0.90711 -0.41622 -0.06253 0.85443 -0.51923 0.01869 0.81721 -0.57481 -0.04192 0.79664 -0.60436 0.01046 0.72044 -0.69336 -0.01485 0.72621 -0.68664 -0.0338 0.60591 -0.79489 0.03201 0.63187 -0.77248 -0.06336 0.56911 -0.82188 0.02513 0.47181 -0.88124 -0.02855 0.47767 -0.87843 -0.01387 0.338 -0.94109 0.01037 0.3656 -0.92831 -0.06769 0.26971 -0.96269 0.02196 0.19027 -0.98107 -0.03595 0.0583 -0.99704 -0.05015 0.0383 -0.99925 -0.00533 0.16313 -0.98657 0.00854 -0.15933 -0.98713 0.01381 -0.11457 -0.99242 -0.04445 -0.05623 -0.99825 0.01835 -0.26717 -0.9633 -0.02585 -0.26492 -0.96404 -0.02089 -0.40898 -0.9123 0.02116 -0.37462 -0.92416 -0.07467 -0.47169 -0.88151 0.02118 -0.54324 -0.83886 -0.03485 -0.56434 -0.82551 0.00703 -0.66529 -0.74652 0.00985 -0.64449 -0.7629 -0.05112 -0.72602 -0.68733 0.02199 -0.77078 -0.63566 -0.04278 -0.79519 -0.60625 0.01129 -0.85944 -0.51094 -0.01761 -0.8561 -0.51593 -0.03026 -0.92711 -0.37366 0.02916 -0.90526 -0.41386 -0.09601 -0.94633 -0.32279 0.01657 -0.976 -0.21396 -0.04053 -0.97365 -0.22784 -0.00943 -0.99589 -0.08998 0.01044 -0.99365 -0.10786 -0.03201 -0.99922 -0.00636 0.0391 0.59735 -0.79991 0.05755 -0.13157 0.1762 0.97552 -0.19397 0.2324 0.95308 0.36339 -0.78616 -0.4999 0.5015 -0.75345 0.42521 2E-05 -3E-05 -1 0.00028 -0.00038 -1 -0.27946 0.74366 -0.60734 -0.23267 0.64554 -0.72742 -0.35705 0.69927 -0.6193 -0.3621 0.71421 -0.59898 -0.82505 0.06508 -0.5613 -0.7392 0.21856 -0.63704 -0.75861 0.2275 -0.61054 -0.72601 0.31678 -0.61037 -0.70437 0.30429 -0.6413 -0.63068 0.38023 -0.67651 -0.79828 0.58878 0.12684 -0.54165 0.49152 -0.68193 -0.42826 0.65097 -0.62676 -0.4284 0.65126 -0.62636 -0.01099 0.61435 0.78896 -0.08385 0.80298 -0.59008 0.00035 0.81028 -0.58604 -0.00134 0.79907 -0.60123 0.18052 0.75962 -0.62481 0.17936 0.75676 -0.62861 0.24366 0.72971 -0.63887 0.37753 0.59148 -0.71248 0.61777 0.47807 -0.62435 0.61622 0.18927 -0.76449 0.77106 0.21994 -0.59757 -0.77144 0.13635 -0.62152 -0.77133 0.13631 -0.62166 -0.77714 0.44432 -0.44568 -0.48976 0.60826 -0.62463 -0.15213 0.64228 -0.75122 -0.14449 0.82502 0.54632 0.09118 0.7788 -0.62061 0.09053 0.77645 -0.62364 0.42723 0.87453 0.22951 0.17672 0.48994 -0.85366 0.5135 0.58662 -0.62625 0.5941 0.55742 -0.57994 0.56639 0.53804 -0.62427 0.59909 0.33201 -0.72861 0.91606 0.39303 0.07969 0.76119 0.13661 -0.63397 0.77645 0.13713 -0.61507 0.7942 0.06486 -0.60419 -0.89717 -0.30508 0.31939 -0.91207 0.30929 0.26921 -0.5923 -0.26352 0.76141 -0.66124 -0.30538 0.6852 -0.77922 0.20934 0.59076 -0.94518 0.20804 0.25168 -0.36321 -0.55411 0.74903 -0.63346 -0.38049 0.67376 -0.62492 -0.37384 0.68537 -0.65799 0.07173 0.7496 -0.7212 0.07378 0.68879 -0.07898 0.42394 0.90224 -0.10931 0.72291 0.68225 0.01808 0.67637 0.73634 -0.04794 0.99708 0.05951 -0.05008 0.92487 0.37697 -0.42656 -0.79047 0.43955 -0.57282 -0.43494 0.69476 -0.57887 -0.4408 0.686 -0.97402 -0.07741 -0.21282 -0.72235 0.00011 0.69152 -0.22775 0.80031 0.55465 -0.03901 -0.76981 0.63708 -0.00636 -0.99872 0.0501 -0.19616 -0.70642 0.68007 -0.19601 -0.70538 0.68119 -0.8815 0.32325 -0.34419 -0.53921 0.40992 0.73568 -0.81368 0.55887 -0.15998 -0.43977 0.83788 0.32336 -0.31139 0.49879 0.80885 -0.11083 -0.6787 0.726 -0.11323 -0.7107 0.69432 -0.26627 -0.39012 0.88142 -0.59648 -0.70099 0.39093 -0.2633 -0.67386 0.69035 -0.2064 -0.48376 0.85051 -0.39185 -0.38195 0.837 -0.52926 -0.48908 0.69331 -0.70919 -0.07667 0.70083 -0.71202 -0.07731 0.69789 -0.677 0.31244 0.66637 -0.67847 0.27906 0.67957 -0.69345 -0.16096 0.7023 -0.63722 -0.1437 0.75717 -0.86968 0.46911 -0.1536 -0.59693 0.35845 0.71777 -0.4984 0.47167 0.72741 -0.49053 0.4654 0.73674 -0.28562 0.40273 0.86962 -0.63027 0.74159 0.22979 -0.35184 0.52697 0.77364 -0.25203 0.63134 0.73341 -0.23369 0.5942 0.76962 -0.05669 0.92906 0.36556 -0.03888 -0.79401 0.60667 -0.03126 0.64646 0.7623 -0.37955 0.23154 0.89573 -0.53675 0.27752 0.7968 -0.78114 0.13161 -0.61033 -0.87725 0.15869 -0.45305 -0.63206 0.2493 -0.73372 -0.80222 0.33504 -0.49415 -0.61853 0.42504 -0.66088 -0.69844 0.49052 -0.52112 -0.54528 0.57873 -0.60642 -0.61146 0.66719 -0.42541 -0.3523 0.60351 -0.7153 -0.43742 0.72996 -0.52519 -0.28186 0.84424 -0.45586 0.08415 0.82811 -0.55421 0.26286 0.75808 -0.59684 0.60095 0.63907 -0.48005 0.63504 0.4205 -0.64799 0.72794 0.28141 -0.62523 -0.74918 0.03785 -0.66129 -0.96952 0.06843 -0.23528 -0.85261 0.25191 -0.45781 -0.66536 0.17913 -0.72471 -0.74776 0.41234 -0.52042 -0.67334 0.36356 -0.64377 -0.72951 0.64062 -0.23964 -0.58245 0.49056 -0.64816 -0.57447 0.78128 -0.2441 -0.43521 0.56189 -0.70347 -0.22807 0.4528 -0.86195 -0.3363 0.70967 -0.61909 -0.38727 0.85623 -0.3419 -0.33939 0.8735 -0.34901 -0.2555 0.77801 -0.57395 -0.11752 0.44782 -0.88637 -0.19255 0.85969 -0.47313 -0.19415 0.91944 -0.34195 -0.14369 0.92603 -0.34903 -0.08703 0.82486 -0.55859 -0.08735 0.8725 -0.48074 -0.03924 0.86008 -0.50865 0.00578 0.75321 -0.65775 0.00424 0.77808 -0.62816 0.03164 0.4621 -0.88626 0.10959 0.93334 -0.34186 0.15951 0.92346 -0.34896 0.1798 0.81853 -0.5456 0.20985 0.91596 -0.34202 0.25843 0.90075 -0.34909 0.26742 0.77404 -0.57388 0.1813 0.4352 -0.88189 0.29439 0.66109 -0.69014 0.40184 0.84943 -0.34205 0.44603 0.82413 -0.34909 0.43177 0.7183 -0.54556 0.49132 0.801 -0.34205 0.53251 0.77107 -0.34913 0.50057 0.64812 -0.57391 0.54058 0.70705 -0.4559 0.31095 0.35472 -0.88175 0.65205 0.67667 -0.34197 0.68582 0.63859 -0.34908 0.63849 0.54281 -0.5456 0.72137 0.60219 -0.34204 0.75084 0.56068 -0.3491 0.68241 0.4558 -0.57146 0.43747 0.25113 -0.86346 0.57486 0.31868 -0.75364 0.83399 0.43305 -0.34194 0.85384 0.38618 -0.34903 0.76309 0.29729 -0.57385 0.44917 0.14359 -0.88183 0.79776 0.2275 -0.55842 0.90758 0.24365 -0.34194 0.91689 0.1936 -0.34905 0.82696 0.13594 -0.54558 0.92862 0.14409 -0.3419 0.93247 0.09334 -0.34898 0.76464 0.0327 -0.64363 0.81764 0.0379 -0.57448 -0 1E-05 1 1E-05 1E-05 1 0.00027 0.00056 1 9E-05 -2E-05 1 0.00052 0.00114 1 5E-05 -0.00095 1 0 1E-05 1 1E-05 -1E-05 1 -2E-05 -4E-05 1 0.0001 0.00017 1 0 1E-05 1 2E-05 1E-05 1 4E-05 3E-05 1 -0 -1E-05 1 -0 -1E-05 1 -5E-05 1E-05 1 -5E-05 1E-05 1 0 -0 1 3E-05 1E-05 1 -0 0 1 2E-05 0 1 -0 -1E-05 1 -2E-05 1E-05 1 -2E-05 1E-05 1 -0 -0 1 0 -1E-05 1 4E-05 -0.0014 1 -1E-05 0.00013 1 -0.00012 -0.00023 1 -7E-05 7E-05 1 -1E-05 -1E-05 1 -0.0002 -0.00023 1 0.00017 0.00033 1 3E-05 -1E-05 1 -0.00017 -0.00042 1 1E-05 7E-05 1 7E-05 -0.00011 1 0 0 1 1E-05 -1E-05 1 1E-05 -1E-05 1 -7E-05 0.00025 1 -2E-05 -1E-05 1 -1E-05 -0.00011 1 -0.00011 0.00019 1 -4E-05 5E-05 1 5E-05 -7E-05 1 -1E-05 -1E-05 1 -3E-05 1E-05 1 -0.16682 0.92967 0.32845 -0.99047 0.13128 0.04154 -0.96982 0.02969 0.242 -0.13316 0.20049 0.9706 -0.13902 0.21922 0.96572 -0.02346 0.12931 0.99133 0.00735 0.24781 0.96878 -0.0267 0.06269 0.99768 -0.29275 0.94466 0.14806 -0.07946 0.92846 0.36284 -0.14092 0.96236 0.23237 -0.03695 0.94581 0.32261 -0.0019 0.98576 0.16816 0.01628 0.99382 0.10979 -0.36287 0.83364 0.41637 -0.24548 0.84794 0.46982 -0.12905 0.75095 0.64763 -0.04817 0.82447 0.56386 -0.04857 0.91119 0.40911 -0.17827 0.45478 0.87258 -0.32863 0.57103 0.75228 -0.37433 0.5311 0.76014 -0.27723 0.45298 0.84732 -0.39829 0.43924 0.80525 -0.14853 0.47197 0.86901 0.02171 0.3197 0.94727 -0.04737 0.45943 0.88695 -0.98663 0.14319 0.07789 -0.96478 0.21678 0.14902 -0.98127 0.17716 0.07566 -0.96815 0.21087 0.13498 -0.95691 0.25251 0.14339 -0.92505 0.30003 0.23296 -0.88509 0.38893 0.25562 -0.83576 0.38718 0.38935 -0.78712 0.4934 0.37014 -0.71588 0.4818 0.50537 -0.64362 0.53481 0.54748 -0.99257 0.07999 0.09167 -0.98463 0.09827 0.14439 -0.97115 0.18817 0.14649 -0.95863 0.18824 0.21352 -0.93066 0.24425 0.27241 -0.93158 0.24465 0.26889 -0.86593 0.30991 0.39259 -0.86986 0.32093 0.37464 -0.79685 0.36375 0.48241 -0.99152 0.09673 0.0868 -0.87236 0.30975 0.37821 -0.82694 0.41182 0.38284 -0.73431 0.40633 0.54376 -0.66985 0.46862 0.57593 -0.59571 0.51086 0.6198 -0.56284 0.48803 0.66711 -0.48663 0.51617 0.70482 -0.47146 0.50245 0.72475 -0.98392 0.03631 0.17489 -0.9751 0.03279 0.21932 -0.99204 -0.0185 0.12458 -0.98938 0.01643 0.14444 -0.98734 0.00976 0.15835 -0.96348 0.11373 0.24244 -0.92216 0.15555 0.35415 -0.91263 0.19691 0.35823 -0.85823 0.2217 0.46292 -0.8629 0.22813 0.45097 -0.80086 0.28167 0.52848 -0.80031 0.28116 0.52958 -0.72728 0.33161 0.60092 -0.66123 0.37795 0.64802 -0.95594 0.01565 0.29314 -0.93888 0.08128 0.3345 -0.89759 0.10546 0.42804 -0.9055 0.11441 0.40863 -0.84812 0.15823 0.50562 -0.85198 0.16218 0.49783 -0.7889 0.19528 0.58266 -0.79303 0.20038 0.57528 -0.72 0.22555 0.6563 -0.661 0.2662 0.70158 -0.6504 0.25403 0.71585 -0.57653 0.28495 0.76578 -0.25697 0.22667 0.93946 -0.28204 0.28408 0.91638 -0.36156 0.29187 0.88548 -0.38976 0.32882 0.86021 -0.4723 0.32505 0.81931 -0.48828 0.3419 0.80292 -0.59173 0.30876 0.74466 -0.72982 0.23918 0.64044 -0.95817 0.09396 0.27035 -0.97734 -0.02547 0.21014 -0.04071 0.54896 0.83486 -0.04296 0.4666 0.88342 -0.1709 0.51273 0.84137 -0.56479 0.41728 0.71196 -0.65922 0.37615 0.65111 -0.73864 0.34287 0.58039 -0.86535 0.31105 0.39296 -0.96065 0.14476 0.23706 -0.98275 0.11089 0.14803 -0.98936 0.05937 0.13282 -0.97711 0.21259 -0.00735 -0.99339 0.11474 -0.00321 -0.98721 0.15941 -0.00333 -0.80225 0.59689 0.01108 -0.36699 0.87293 0.32143 -0.44458 0.88807 0.11696 -0.53331 0.83044 0.16108 -0.69059 0.70935 0.1411 -0.74017 0.67124 0.03985 -0.87741 0.47403 0.07379 -0.97101 0.23896 0.0067 -0.97467 0.22266 0.02097 -0.9443 0.32511 0.05102 -0.91817 0.38596 0.0894 -0.89887 0.42886 0.0901 -0.86173 0.4884 0.13745 -0.77236 0.61871 0.14369 -0.72357 0.64933 0.23413 -0.6877 0.68945 0.22744 -0.61506 0.70152 0.35996 -0.55435 0.79003 0.26182 -0.49824 0.78629 0.36538 -0.45918 0.80848 0.36813 -0.43516 0.79509 0.42246 -0.37422 0.81821 0.43645 0.00758 0.70602 0.70815 -0.01505 0.73998 0.67246 -0.41619 0.64761 0.63828 -0.49171 0.68273 0.54046 -0.51361 0.65402 0.5554 -0.57865 0.66439 0.47302 -0.61629 0.62539 0.47861 -0.66816 0.61928 0.41238 -0.68213 0.59875 0.41977 -0.74645 0.58116 0.32413 -0.85905 0.45261 0.23911 -0.91337 0.37322 0.1627 -0.94395 0.3005 0.13659 -0.98171 0.18048 0.06059 -0.03791 0.79013 0.61176 -0.13896 0.72908 0.67018 -0.14446 0.76882 0.62293 -0.27868 0.71839 0.63738 -0.74237 0.58946 0.31846 -0.82069 0.53006 0.21333 -0.81777 0.53105 0.22188 -0.87486 0.45832 0.15671 -0.97233 0.23001 0.04084 -0.99239 0.12299 0.00599 -0.94263 0.33006 0.05009 -0.82443 0.55977 0.08352 -0.792 0.59007 0.15672 -0.6637 0.74141 0.09911 -0.58885 0.76213 0.26909 -0.3161 0.59314 0.74045 -0.41715 0.64558 0.63969 -0.80077 0.46643 0.37578 -0.86124 0.44638 0.24292 -0.89168 0.37481 0.25383 -0.94014 0.31254 0.13586 -0.95995 0.2683 0.08072 -0.99266 0.11308 0.04277 0.02195 0.36462 0.9309 0.11909 0.42587 0.89691 0.0466 0.85406 0.51808 0.99489 0.10031 0.01117 0.9938 0.10466 0.03746 0.99103 0.11697 0.06465 0.99456 0.00297 0.1041 0.99046 0.13709 0.01358 0.04315 0.90087 0.43194 0.18262 0.93152 0.31451 0.57034 0.29482 0.76668 0.44651 0.33922 0.82798 0.44255 0.34469 0.82785 0.24016 0.46154 0.85399 0.04677 0.43762 0.89794 0.08293 0.4683 0.87967 0.05648 0.22805 0.97201 0.08195 0.15512 0.98449 -0.00524 0.55953 0.82879 0.34456 0.31652 0.88379 0.33196 0.5413 0.77252 0.36256 0.41314 0.83539 0.28197 0.49547 0.82158 0.26899 0.25201 0.92959 0.2283 0.29445 0.928 0.14705 0.14804 0.97799 0.20846 0.49321 0.84456 0.01332 0.11535 0.99324 0.02193 0.23698 0.97127 0.98618 0.15171 0.06654 0.98752 0.12414 0.09694 0.99198 0.06606 0.10772 0.96941 0.20707 0.13181 0.93283 0.31127 0.1815 0.91299 0.33456 0.23348 0.87482 0.37159 0.31083 0.82399 0.46686 0.32106 0.80404 0.41995 0.4209 0.75288 0.50246 0.42511 0.55333 0.48751 0.67539 0.43132 0.56019 0.70721 0.44922 0.52328 0.72414 0.32924 0.33338 0.88343 0.54731 0.47971 0.68581 0.62995 0.38736 0.67314 0.70352 0.44534 0.55383 0.76696 0.3689 0.52506 0.81955 0.35703 0.44817 0.90166 0.31305 0.29836 0.94233 0.23492 0.23838 0.97617 0.1366 0.16861 0.54038 0.33393 0.77232 0.61129 0.5247 0.59246 0.69332 0.43739 0.57271 0.79385 0.41647 0.44311 0.86503 0.34184 0.36724 0.94271 0.23549 0.23631 0.96973 0.1827 0.162 0.98133 0.17831 0.07206 0.983 -0.02485 0.18191 0.97249 0.01495 0.23248 0.96969 0.03788 0.2414 0.95304 0.028 0.30154 0.91011 0.09426 0.40351 0.85478 0.19558 0.48073 0.7819 0.30522 0.54358 0.87275 0.19716 0.44658 0.95634 0.1327 0.2604 0.97916 0.05578 0.19527 0.97221 0.12028 0.20082 0.98143 0.08453 0.17218 0.99177 0.06886 0.10798 0.81241 0.15992 0.56073 0.76179 0.24408 0.60008 0.71013 0.23737 0.66285 0.68462 0.27325 0.67574 0.85234 0.20479 0.48123 0.87493 0.1597 0.45716 0.93089 0.11279 0.34746 0.98431 0.03006 0.17386 0.60458 0.23833 0.76006 0.65417 0.32885 0.68112 0.64788 0.40403 0.64576 0.73564 0.33443 0.58906 0.83711 0.29094 0.46324 0.88443 0.2734 0.3782 0.908 0.22222 0.35517 0.91938 0.21859 0.32705 0.95403 0.13273 0.2687 0.96901 0.24694 0.00668 0.95587 0.29378 -0.00094 0.97892 0.20423 -0.0008 0.04021 0.91763 0.39539 0.01926 0.9687 0.24747 0.06965 0.9032 0.42352 0.25047 0.90988 0.33072 0.50626 0.84263 0.1835 0.60886 0.78578 0.10878 0.86443 0.4691 0.18086 0.89406 0.44744 0.02137 0.93103 0.36277 0.03975 0.8708 0.47473 0.12783 0.85118 0.51126 0.1188 0.84725 0.51548 0.12826 0.79682 0.582 0.16233 0.78286 0.60411 0.14895 0.7376 0.64056 0.2136 0.67434 0.71113 0.1989 0.46027 0.80501 0.37431 0.33479 0.85228 0.40192 -0.99998 0.00539 0.00428 0.06201 0.71866 0.69259 0.35449 0.70644 0.6126 0.45333 0.62168 0.63875 0.53759 0.67947 0.49932 0.707 0.61677 0.34604 0.79512 0.51127 0.32617 0.85405 0.47607 0.20965 0.8619 0.45751 0.21865 0.91847 0.35839 0.16726 0.9577 0.2757 0.08242 0.04277 0.79119 0.61008 0.17388 0.7103 0.68208 0.2459 0.7768 0.57976 0.35643 0.70939 0.60805 0.4333 0.72955 0.52916 0.50502 0.7736 0.38275 0.62293 0.6732 0.39844 0.60431 0.71669 0.34809 0.70296 0.61234 0.36178 0.78127 0.56491 0.2655 0.88299 0.45528 0.11427 0.93335 0.33793 0.12106 0.95517 0.29003 0.05943 0.98298 0.18217 0.02362 0.98852 0.14953 0.02143 0.02607 0.68154 0.73132 0.13963 0.84445 0.51711 0.28948 0.81549 0.50117 0.36597 0.90503 0.21676 0.41941 0.8709 0.25618 0.53415 0.80156 0.26866 0.59102 0.78592 0.18171 0.68678 0.70817 0.16378 0.93822 0.34464 0.03097 0.96669 0.2539 0.03244 0.99424 0.10668 -0.01058 0.51564 0.61603 0.5955 0.62317 0.56016 0.54578 0.61172 0.59229 0.5244 0.68798 0.57003 0.44917 0.72777 0.50002 0.4694 0.78748 0.4968 0.36478 0.91703 0.3236 0.23309 0.95193 0.28367 0.11558 0.98347 0.17011 0.06207 -0.0391 -0.9218 0.3857 -0.04316 -0.75671 0.65232 -0.08344 -0.3466 0.9343 -0.93706 -0.11875 0.32836 -0.90683 -0.13309 0.39993 -0.8757 -0.19327 0.44249 -0.85382 -0.19878 0.48113 -0.81305 -0.26658 0.51757 -0.80384 -0.25974 0.53514 -0.96106 -0.01642 0.27586 -0.98198 0.0114 0.18864 -0.99158 0.02763 0.12652 -0.97904 0.00287 0.20367 -0.89939 -0.26148 0.35033 -0.90799 -0.27333 0.31756 -0.95385 -0.18172 0.23906 -0.95232 -0.18875 0.23971 -0.78484 -0.42501 0.45098 -0.94825 -0.06592 0.31062 -0.99044 -0.00774 0.13772 -0.81566 -0.5164 0.26083 -0.77854 -0.62349 0.07169 -0.8834 -0.43142 0.18297 -0.88294 -0.4654 0.06185 -0.9018 -0.42958 0.04711 -0.93244 -0.28095 0.22722 -0.87753 -0.39585 0.27064 -0.82672 -0.53518 0.1735 -0.83116 -0.53165 0.16287 -0.91171 -0.3544 0.20781 -0.94489 -0.29997 0.13116 -0.96157 -0.24974 0.11403 -0.96947 -0.22861 0.08873 -0.9778 -0.19275 0.08225 -0.98337 -0.17396 0.05221 -0.9927 -0.10803 0.0537 -0.73285 -0.67259 0.10272 -0.92652 -0.35634 0.12079 -0.82971 -0.54961 0.09753 -0.85044 -0.52045 0.07674 -0.9135 -0.40251 0.05913 -0.90722 -0.41159 0.08686 -0.94053 -0.33617 0.04885 -0.96835 -0.24857 0.0228 -0.96955 -0.24434 0.0165 -0.98385 -0.17881 0.00788 -0.9819 -0.18859 -0.01737 -0.95784 -0.28727 -0.00442 -0.96055 -0.27808 -0.00303 -0.99264 -0.11936 -0.02038 -0.97965 -0.19971 -0.01982 -0.9855 -0.16966 -0.00212 -0.94203 -0.33249 0.04503 -0.07724 -0.99009 0.11728 -0.43011 -0.84117 0.32776 -0.79556 -0.53217 0.28962 -0.75869 -0.58784 0.28077 -0.72217 -0.60707 0.33158 -0.69384 -0.65055 0.30882 -0.62742 -0.68753 0.36559 -0.60367 -0.7199 0.34253 -0.5496 -0.75305 0.36173 -0.50498 -0.80322 0.31596 -0.43132 -0.83912 0.33141 -0.30369 -0.8879 0.34556 -0.68202 -0.72249 0.11335 -0.42397 -0.89409 0.14437 -0.53982 -0.83259 0.12409 -0.59279 -0.79477 0.13013 -0.2051 -0.96652 0.15417 -0.24808 -0.94821 0.19836 -0.30921 -0.93731 0.16072 -0.33428 -0.91872 0.21025 -0.43731 -0.88096 0.18073 -0.51358 -0.83534 0.19606 -0.60266 -0.77546 0.18831 -0.63189 -0.74065 0.2284 -0.64408 -0.72869 0.23274 -0.70778 -0.68777 0.16132 -0.00448 0.17107 0.98525 -0.03 -0.54502 0.83789 -0.01807 -0.47752 0.87843 -0.03742 -0.64545 0.76289 -0.03414 -0.19633 0.97994 -0.11882 -0.07241 0.99027 -0.02718 -0.07933 0.99648 -0.26437 -0.25421 0.93031 -0.04083 -0.82773 0.55965 -0.13426 -0.9711 0.19732 -0.32204 -0.678 0.66077 -0.19911 -0.70834 0.67721 -0.20448 -0.87803 0.43273 -0.99593 -0.00513 0.09004 -0.94641 -0.01562 0.3226 -0.90268 -0.02492 0.42959 -0.88015 0.00467 0.47468 -0.83528 -0.00142 0.54983 -0.80945 -0.05201 0.58488 -0.75947 0.00149 0.65054 -0.71187 -0.00601 0.70228 -0.6822 -0.07579 0.72723 -0.64135 0.00164 0.76725 -0.55269 -0.06349 0.83097 -0.98222 0.00165 0.18774 -0.89988 -0.07544 0.42956 -0.86713 -0.06078 0.49436 -0.82556 -0.10845 0.55379 -0.76857 -0.02845 0.63913 -0.71667 -0.13902 0.68342 -0.6668 -0.12177 0.73522 -0.62409 -0.20729 0.75335 -0.99645 -0.00272 0.08419 -0.97499 -0.00909 0.22208 -0.95705 -0.00513 0.28988 -0.92761 -0.00425 0.37353 -0.55244 -0.06425 0.83108 -0.21946 -0.41485 0.88303 -0.28293 -0.31653 0.90541 -0.40844 -0.36543 0.83645 -0.35073 -0.45705 0.81737 -0.48118 -0.34612 0.8054 -0.45434 -0.40479 0.79354 -0.22558 0.00699 0.9742 -0.1161 -0.56398 0.81759 -0.97879 0.01758 0.20409 -0.96757 -0.01624 0.25209 -0.93571 -0.06074 0.34749 -0.75163 -0.25277 0.60923 -0.66245 -0.3407 0.66714 -0.67153 -0.31414 0.67109 -0.56618 -0.41301 0.71335 -0.33353 -0.01272 0.94265 -0.20621 -0.87532 0.43737 -0.255 -0.86514 0.43187 -0.3368 -0.75925 0.55688 -0.37472 -0.76093 0.52969 -0.47855 -0.62846 0.61321 -0.54592 -0.63829 0.54273 -0.62747 -0.53873 0.56218 -0.65156 -0.53914 0.53366 -0.73512 -0.42049 0.53178 -0.81864 -0.34329 0.46041 -0.87212 -0.32363 0.36699 -0.91335 -0.25796 0.31504 -0.96992 -0.06212 0.23536 -0.98676 -0.04632 0.15543 -0.03701 -0.28987 0.95635 -0.1221 -0.53063 0.83876 -0.22911 -0.51312 0.82718 -0.4561 -0.56541 0.68723 -0.57916 -0.5295 0.61984 -0.72212 -0.3918 0.57013 -0.93465 -0.06282 0.34998 -0.90192 -0.07138 0.42597 -0.82534 -0.1082 0.55418 -0.74153 -0.21556 0.63534 -0.59394 -0.16673 0.78704 -0.53407 -0.34474 0.77196 -0.44094 -0.08592 0.89342 -0.4275 -0.12799 0.89491 -0.99251 -0.12217 -0.00238 -0.9867 -0.07612 0.14365 -0.98789 -0.07972 0.13309 -0.98262 -0.11877 0.14267 -0.97374 -0.12644 0.18932 -0.75754 -0.62744 0.18016 -0.77634 -0.61054 0.15664 -0.8804 -0.39547 0.26174 -0.8481 -0.38465 0.36436 -0.77362 -0.47113 0.42373 -0.78603 -0.43928 0.43496 -0.69058 -0.55788 0.46029 -0.55783 -0.65749 0.50649 -0.43715 -0.76525 0.47254 -0.21031 -0.87986 0.42616 -0.10217 -0.94133 0.32164 -0.01086 -0.95078 0.30967 -0.03442 -0.8745 0.4838 0.88788 -0.30934 0.34055 0.98177 -0.00115 0.19005 0.90364 -0.09083 0.41855 0.85771 -0.10463 0.50338 0.9808 0.01482 0.19447 0.97817 0.01779 0.20706 0.96565 -0.01649 0.25934 0.93895 -0.05628 0.33942 0.78795 -0.27276 0.55202 0.73398 -0.25075 0.63119 0.99007 0.02791 0.13777 0.93197 -0.1363 0.33593 0.87773 -0.2101 0.43063 0.79537 -0.38801 0.46565 0.94505 -0.22889 0.23342 0.97207 -0.08143 0.22012 0.97182 -0.08124 0.22129 0.98663 -0.08314 0.14018 0.98558 -0.02394 0.16751 0.98457 -0.04514 0.16908 0.98603 -0.02493 0.16469 0.89859 -0.37134 0.23374 0.95029 -0.27449 0.14697 0.97737 -0.15271 0.14641 0.97109 -0.19304 0.14046 0.96975 -0.2326 0.07408 0.96873 -0.23688 0.07378 0.98894 -0.11487 0.09386 0.98419 -0.16268 0.07007 0.98448 -0.17057 0.04118 0.97983 -0.19819 0.02559 0.98187 -0.18916 -0.01217 0.80232 -0.59392 0.05949 0.99226 -0.10585 0.06499 0.98819 -0.1532 -0.00193 0.98703 -0.15983 -0.01474 0.98128 -0.19185 -0.01649 0.96552 -0.26029 -0.00344 0.93399 -0.35727 0.00465 0.90231 -0.43107 0.00389 0.93117 -0.34148 0.12773 0.90359 -0.39209 0.17261 0.46264 -0.85307 0.24132 0.40257 -0.89682 0.18344 0.05533 -0.9949 0.08434 0.20485 -0.96685 0.15246 0.20455 -0.96704 0.15163 0.82914 -0.4474 0.3352 0.39498 -0.79141 0.46654 0.26837 -0.92767 0.25964 0.31059 -0.94001 0.14112 0.49211 -0.86064 0.13087 0.38033 -0.91609 0.12703 0.78156 -0.60896 0.13542 0.86093 -0.50346 0.07305 0.90452 -0.42635 0.00823 0.56308 -0.82638 -0.00507 0.6466 -0.7534 0.11959 0.73563 -0.67399 0.06779 0.73593 -0.67374 0.06699 0.85102 -0.52237 0.05384 0.85678 -0.51292 0.05333 0.96213 -0.27255 -0.00452 0.89938 -0.369 0.23441 0.85377 -0.47245 0.21879 0.84309 -0.49559 0.20876 0.7894 -0.54182 0.28859 0.75822 -0.58828 0.28111 0.72838 -0.60435 0.32284 0.67774 -0.66973 0.30353 0.65602 -0.66976 0.34794 0.5618 -0.75775 0.33196 0.49509 -0.81384 0.30423 0.37817 -0.86954 0.31763 0.94103 -0.33626 0.03725 0.90854 -0.40582 0.09934 0.88082 -0.46306 0.09866 0.83816 -0.52266 0.15593 0.78805 -0.59968 0.13913 0.73775 -0.64664 0.19386 0.71098 -0.68233 0.17009 0.64336 -0.73357 0.21902 0.65939 -0.73422 0.16163 0.57671 -0.79161 0.20188 0.56798 -0.79381 0.21742 0.1115 -0.61784 0.77836 0.00572 0.09938 0.99503 0.06573 -0.23101 0.97073 0.11674 -0.03067 0.99269 0.18534 -0.19588 0.96295 0.21354 -0.02573 0.9766 0.30476 0.01701 0.95228 0.34198 -0.13143 0.93047 0.19976 -0.52699 0.82606 0.28907 -0.47755 0.82969 0.21578 -0.47425 0.85354 0.03696 -0.25757 0.96555 0.03765 -0.44723 0.89363 0.03476 -0.52057 0.85311 0.02784 -0.61543 0.7877 0.0229 -0.66238 0.74882 0.01171 -0.73165 0.68158 0.05429 -0.45772 0.88744 0.04168 -0.76429 0.64352 0.0306 -0.8521 0.52248 0.03355 -0.84158 0.53909 0.12901 -0.7524 0.64595 0.1372 -0.79199 0.59492 0.02749 -0.96506 0.2606 0.10793 -0.97678 0.18508 0.33156 -0.50872 0.79452 0.09706 -0.96004 0.26248 0.0277 -0.9648 0.26153 0.02807 -0.96516 0.26016 0.38496 -0.18721 0.90375 0.2436 -0.60194 0.76048 0.1581 -0.2576 0.95323 0.45031 -0.34798 0.82227 0.14368 -0.91855 0.36827 0.18606 -0.88071 0.43557 0.20528 -0.90407 0.37487 0.03702 -0.92115 0.38744 0.36393 -0.07831 0.92813 0.44356 -0.07257 0.8933 0.46028 -0.10566 0.88146 0.53371 -0.0037 0.84566 0.60237 -0.05732 0.79615 0.60469 -0.06299 0.79397 0.66777 -0.00757 0.74433 0.71451 -0.02332 0.69923 0.72472 -0.04881 0.68731 0.77627 0.0188 0.63012 0.84634 -0.03884 0.53122 0.84104 -0.02708 0.5403 0.89646 0.00013 0.44312 0.92436 -0.01775 0.38112 0.85904 -0.09955 0.50214 0.82295 -0.07158 0.56358 0.78237 -0.11046 0.61293 0.76668 -0.09888 0.63437 0.71798 -0.13083 0.68366 0.65891 -0.05812 0.74998 0.99895 0.00089 0.04588 0.99784 -0.00216 0.06566 0.99515 0.00241 0.09833 0.98397 -0.00366 0.17832 0.96229 -0.01093 0.2718 0.95933 -0.0085 0.28217 0.92652 -0.01441 0.37597 0.45461 -0.32824 0.828 0.30248 -0.71824 0.6266 0.31099 -0.84016 0.4443 0.43631 -0.64569 0.62668 0.42272 -0.60566 0.67415 0.96136 -0.0163 0.27481 0.93672 -0.06236 0.34449 0.90904 -0.08122 0.40871 0.88284 -0.1425 0.44754 0.8139 -0.19244 0.54822 0.67311 -0.43322 0.59936 0.96077 -0.12244 0.24887 0.93065 -0.14251 0.33701 0.89893 -0.22938 0.37326 0.82217 -0.32019 0.47064 0.71131 -0.34894 0.61015 0.73673 -0.40149 0.54409 0.84279 -0.23009 0.48658 0.68187 -0.4791 0.55273 0.62568 -0.44235 0.64253 0.56171 -0.53104 0.63442 0.53926 -0.49993 0.67769 0.71807 -0.2791 0.63756 0.65869 -0.20699 0.72338 0.60684 -0.26608 0.74897 0.57141 -0.23808 0.78537 0.51138 -0.35675 0.7818 0.32645 -0.85052 0.41237 0.95994 -0.27654 0.0452 0.94252 -0.24268 0.2297 0.85513 -0.3569 0.37599 0.77494 -0.45846 0.43507 0.77341 -0.45892 0.43729 0.72368 -0.54149 0.42787 0.69757 -0.52761 0.48479 0.62143 -0.63812 0.45456 0.60348 -0.62642 0.49335 0.51436 -0.72719 0.45456 0.48612 -0.71481 0.50273 0.39397 -0.78861 0.47211 -0.99831 0.02407 0.05283 -0.99795 0.06303 0.01084 -0.99776 0.06568 -0.01251 -0.99238 -0.12161 -0.01991 -0.99549 -0.09439 -0.00997 -0.99569 -0.08178 0.04374 -0.99443 -0.09594 0.04368 -0.9887 -0.06386 0.13562 -0.99543 0.00527 0.09539 -0.99936 -0.00023 0.03567 -0.99777 -0.00283 0.06669 -0.99396 -0.00497 0.1096 -0.99678 0.0059 0.08 -0.99616 -0.07788 0.04005 -0.99971 -0.00531 0.02331 -0.99817 0.05946 0.0113 -0.99958 -0.02421 -0.01621 -0.99975 -0.0173 -0.01407 -0.99967 -0.02367 -0.00967 -0.99971 0.02141 -0.01143 -0.98794 -0.0159 0.15399 -0.99753 -0.02762 0.06451 -0.99961 -0.00797 0.02685 -0.99765 0.05776 0.03674 -0.00014 0.92783 -0.373 5E-05 0.92748 -0.37387 -0.00022 0.92775 -0.37321 -0.00048 0.9279 -0.37284 0.00092 0.92704 -0.37497 1E-05 0.92743 -0.37399 -0.00032 0.92752 -0.37377 -1E-05 0.92744 -0.37398 0.0033 0.92682 -0.37549 -0.00398 0.92858 -0.37112 -0.00012 0.9275 -0.37383 -0.0011 0.92764 -0.37346 -0.00183 0.92772 -0.37327 -0.0002 0.92763 -0.37349 -0.00215 0.92777 -0.37314 0.00255 0.92778 -0.37313 0.00157 0.92775 -0.3732 0.00144 0.92769 -0.37336 0.00058 0.92758 -0.37364 0.00115 0.92774 -0.37324 0.00035 0.92757 -0.37364 -0.0004 0.92741 -0.37405 0.00094 0.92777 -0.37314 -0.0008 0.92724 -0.37447 -6E-05 0.9274 -0.37407 0.00043 0.92769 -0.37334 -0.0001 0.92738 -0.37411 -0.00025 0.92734 -0.37423 -2E-05 0.92755 -0.37371 -0.00027 0.92732 -0.37426 9E-05 0.92774 -0.37322 0.00015 0.92789 -0.37287 0.00011 0.92801 -0.37254 0.00016 0.92784 -0.37298 0.00015 0.92786 -0.37294 0.0001 0.92789 -0.37286 0.00013 0.92787 -0.37292 0.00013 0.92787 -0.37291 0.0001 0.92788 -0.37289 0.0001 0.92788 -0.37289 4E-05 0.92789 -0.37286 -8E-05 0.92791 -0.37282 4E-05 0.9279 -0.37283 0.00017 0.92789 -0.37285 -0.0002 0.92789 -0.37286 0.0001 0.92791 -0.37281 -9E-05 0.92788 -0.37288 -8E-05 0.92788 -0.37287 -0.00012 0.92787 -0.3729 -0.00011 0.92787 -0.37289 -0.0001 0.92788 -0.37288 -0.00014 0.92786 -0.37292 -0.00012 0.92788 -0.37289 -0.00019 0.92781 -0.37305 -0.00014 0.92794 -0.37274 -0.00017 0.92788 -0.37288 0.99875 0.04222 0.02689 0.99937 -0.00038 0.03556 0.99879 -0.0016 0.04914 0.99034 -0.01223 0.13809 0.99704 -0.07164 0.02791 0.99734 -0.07266 0.00633 0.99381 -0.11105 -0.00243 0.99497 -0.09668 -0.02614 0.99883 -0.04569 -0.01593 0.99954 0.02634 -0.01492 0.99949 0.02901 -0.01317 0.99364 0.01184 0.11201 0.99963 -0.00424 0.02703 0.99364 -0.01984 0.11087 0.9978 -0.00215 0.06625 0.99972 0.01938 -0.01338 0.99471 0.10199 0.01192 0.99973 0.02317 -0.00132 0.99998 0.00542 0.0011 0.99965 -0.02573 -0.0053 0.99501 0.01372 0.09882 0.99705 0.03495 0.06829 0.99628 0.05577 0.06576 0.99915 0.00609 0.04065 0.99892 -0.01472 0.04399 0.9942 -0.07168 0.08022 -0 -1 0 0 -1 -0 -0 -1 -0 0 -1 -0 -0 -1 -1E-05 -0 -1 0 0 -1 1E-05 0 -1 -0 -0 -1 0 0.00028 -1 0.00016 -6E-05 -1 -4E-05 0 -1 -3E-05 -1E-05 -1 -0 0.00021 -1 -3E-05 0 -1 -3E-05 -1E-05 -1 -0 -0 -1 -0 2E-05 -1 -2E-05 -1E-05 -1 -0 2E-05 -1 -5E-05 0 -1 -0 0 -1 0 -1E-05 -1 -2E-05 0 -1 1E-05 0 -1 -0 3E-05 -1 3E-05 -0.00018 -1 -2E-05 -0.00022 -1 -3E-05 -0 -1 1E-05 -1E-05 -1 0.0001 -0 -1 -0 -0 -1 -0 1E-05 -1 0 -0 -1 0 0 -1 -0 -0 -1 0 0 -1 0 -0 -1 -0 -1E-05 -1 6E-05 1E-05 -1 -1E-05 -0 -1 -0 1E-05 -1 -2E-05 -1E-05 -1 -7E-05 -0 -1 0 0.10489 0.00191 -0.99448 0.99914 0.00036 -0.04136 0.99994 0.00367 -0.01028 0.97362 0.00227 -0.22816 0.97142 0.00121 -0.23735 0.99487 -0.00254 -0.10115 0.94047 -0.00231 -0.33986 0.89456 0.00053 -0.44694 0.89864 0.00139 -0.43868 0.7671 -0.00221 -0.64153 0.83651 0.00252 -0.54795 0.81548 -0.00197 -0.57878 0.59959 0.00202 -0.8003 0.6652 -0.00278 -0.74666 0.70455 0.00142 -0.70966 0.39678 -0.00268 -0.91791 0.51244 0.00377 -0.85872 0.47398 -0.00364 -0.88053 0.28733 0.00143 -0.95783 0.28842 0.00156 -0.9575 0.17397 -0.00211 -0.98475 0.03694 -0.0029 -0.99931 -0.06366 0.00327 -0.99797 -0.16846 -0.00544 -0.98569 -0.26272 0.00313 -0.96487 -0.39286 -0.00392 -0.91959 -0.42949 0.00116 -0.90307 -0.59557 -0.00198 -0.8033 -0.61109 0.00096 -0.79156 -0.76331 -0.00162 -0.64603 -0.76434 -0.00139 -0.64482 -0.861 0.00184 -0.50861 -0.89098 -0.00395 -0.45402 -0.94123 0.00315 -0.33774 -0.9713 -0.00452 -0.23783 -0.98886 0.00207 -0.14883 -0.99929 -0.00059 -0.03757 -0.99985 0.00054 -0.01738 -0.93734 -0.34839 0.00337 -0.92206 -0.38704 -0.00165 -0.69948 -0.71465 0.00144 -0.64796 -0.76165 -0.00551 -0.30557 -0.95214 0.00783 -0.12584 -0.99203 -0.00648 0.12584 -0.99203 0.00648 0.30557 -0.95214 -0.00783 0.64796 -0.76165 0.00551 0.69948 -0.71465 -0.00144 0.92206 -0.38704 0.00165 0.93734 -0.34839 -0.00337 0.97839 0.20674 0.0037 0.96756 0.25264 -0.00295 0.70258 0.7116 0.00295 0.71465 0.69946 0.00536 0.37792 0.9258 -0.00843 0.14036 0.99004 0.01076 -0.14036 0.99004 -0.01076 -0.37792 0.9258 0.00843 -0.71465 0.69946 -0.00536 -0.70258 0.7116 -0.00295 -0.96756 0.25264 0.00295 -0.97839 0.20674 -0.0037 -0.9959 -0.08935 0.01411 -0.98064 -0.19558 -0.00925 -0.96617 -0.25726 0.01819 -0.92747 -0.3739 0.00022 -0.91785 -0.39678 0.01075 -0.86277 -0.50543 0.01247 -0.87206 -0.48938 0.00418 -0.78333 -0.62111 0.02506 -0.81445 -0.58023 0.00078 -0.74727 -0.66452 -0.00347 -0.63815 -0.76949 0.02551 -0.67503 -0.73384 0.07626 -0.59446 -0.8041 0.00616 -0.50759 -0.8616 -0.00133 -0.44191 -0.8962 0.03924 -0.43462 -0.90015 0.02906 -0.3215 -0.94684 -0.01152 -0.23326 -0.97209 0.02522 -0.24853 -0.96771 0.04209 -0.16728 -0.98591 6E-05 -0.06724 -0.99743 0.02476 -0.0536 -0.99851 0.01061 0.02405 -0.99963 -0.01308 0.12194 -0.99249 0.0093 0.1572 -0.98649 0.04612 0.21817 -0.97591 -0.00257 0.29837 -0.95434 -0.01417 0.39 -0.91984 0.04231 0.3862 -0.92168 0.03692 0.45781 -0.88903 -0.00623 0.55606 -0.83102 0.01424 0.57706 -0.8162 0.02844 0.57239 -0.81964 0.02373 0.66264 -0.74892 0.00584 0.69006 -0.7232 0.0282 0.73398 -0.67915 -0.00456 0.78658 -0.61748 -0.0003 0.81569 -0.57798 0.02403 0.8508 -0.52548 0.00033 0.89117 -0.45345 0.01434 0.99421 -0.10686 0.01085 0.99287 0.11801 0.01656 0.98931 0.14581 0.00025 0.92674 0.37561 0.00816 0.92927 0.36921 0.01219 0.90841 0.41808 -0.00024 0.84867 0.52884 0.00887 0.84105 0.54066 0.01805 0.73001 0.68334 0.0117 0.74359 0.6682 0.02417 0.79185 0.6107 0.00431 0.65686 0.75399 -0.00594 0.58078 0.81309 0.0397 0.59693 0.80205 0.01975 0.51807 0.8553 -0.00846 0.34099 0.93991 0.01726 0.37336 0.9263 0.05063 0.44129 0.89737 0.00182 0.26668 0.96373 -0.0102 0.16429 0.98602 0.02781 0.14741 0.98791 0.04809 0.06652 0.99773 -0.01028 -0.5941 0.78535 0.17397 0.78428 -0.5754 -0.23199 -0.07994 0.99641 0.02801 -0.065 0.99645 0.05349 -0.17508 0.98442 -0.01614 -0.30902 0.95045 0.03389 -0.28099 0.95644 0.07913 -0.39981 0.91641 -0.01879 -0.52493 0.85066 0.02878 -0.51241 0.85734 0.04899 -0.60506 0.79612 -0.0099 -0.69981 0.71406 0.01945 -0.69928 0.71456 0.0201 -0.71696 0.69695 0.01496 -0.79858 0.60171 0.01463 -0.8677 0.49691 0.01327 -0.86953 0.49376 0.01036 -0.90956 0.4155 -0.00751 -0.94177 0.33625 0.00264 -0.94876 0.31581 0.01091 -0.99674 0.07815 0.02005 0.98821 0.00096 0.15313 0.77857 0.00213 0.62756 0.90672 -0.00116 0.42172 0.60141 -0.002 0.79894 0.27114 0.00184 0.96254 0.09201 -0.00119 0.99576 -0.07069 0.00069 0.9975 -0.41277 -0.00139 0.91084 -0.59633 0.00213 0.80273 -0.76513 -0.00178 0.64387 -0.96465 0.00246 0.26354 -0.99794 -0.00253 0.06417 -0.91663 0.00184 -0.39973 -0.8628 -0.00069 -0.50555 -0.57433 0.00025 -0.81863 -0.54607 0.00109 -0.83774 -0.07128 -0.00106 -0.99746 0.00575 0.00075 -0.99998 0.58079 0.00194 -0.81405 0.46174 -0.00111 -0.88701 0.84798 -0.00212 -0.53002 0.94855 0.00191 -0.31663 1 -0.00134 0.00191</float_array>
          <technique_common>
            <accessor source="#norm_0-array" count="19836" stride="3">
              <param name="X" type="float"/>
              <param name="Y" type="float"/>
              <param name="Z" type="float"/>
            </accessor>
          </technique_common>
        </source>
        <vertices id="vert_0">
          <input semantic="POSITION" source="#pos_0"/>
        </vertices>
        <triangles count="6766" material="mat_0">
          <input semantic="VERTEX" source="#vert_0" offset="0"/>
          <input semantic="NORMAL" source="#norm_0" offset="1"/>
          <p>0 0 1 0 2 0 2 1 3 1 0 1 4 2 5 2 6 2 4 3 6 3 1 3 4 4 1 4 0 4 7 5 8 5 9 5 7 6 9 6 10 6 10 7 9 7 11 7 10 8 11 8 12 8 13 9 14 9 15 9 13 10 15 10 16 10 16 11 15 11 17 11 18 12 17 12 19 12 18 13 19 13 20 13 16 14 17 14 18 14 21 15 22 15 23 15 21 16 23 16 24 16 21 17 24 17 25 17 25 18 24 18 26 18 26 19 27 19 25 19 28 20 29 20 30 20 30 21 29 21 31 21 30 22 31 22 32 22 32 23 31 23 33 23 32 24 33 24 34 24 32 25 34 25 35 25 35 26 34 26 36 26 35 27 36 27 37 27 37 28 36 28 38 28 37 29 38 29 39 29 39 30 38 30 40 30 39 31 40 31 41 31 39 32 41 32 42 32 39 33 42 33 43 33 43 34 42 34 44 34 43 35 44 35 45 35 43 36 45 36 28 36 28 37 45 37 29 37 46 38 47 38 48 38 46 39 48 39 49 39 49 40 48 40 50 40 49 41 50 41 51 41 51 42 50 42 52 42 51 43 52 43 53 43 53 44 52 44 54 44 53 45 54 45 55 45 55 46 54 46 56 46 55 47 56 47 57 47 55 48 57 48 58 48 58 49 57 49 59 49 58 50 59 50 60 50 60 51 59 51 61 51 60 52 61 52 62 52 60 53 62 53 63 53 63 54 62 54 64 54 63 55 64 55 46 55 46 56 64 56 47 56 65 57 66 57 67 57 65 58 67 58 68 58 68 59 67 59 69 59 69 60 70 60 68 60 68 61 70 61 71 61 71 62 70 62 72 62 71 63 72 63 73 63 71 64 73 64 74 64 74 65 73 65 75 65 74 66 75 66 76 66 74 67 76 67 77 67 74 68 77 68 78 68 78 69 77 69 79 69 78 70 79 70 80 70 80 71 79 71 81 71 80 72 81 72 82 72 80 73 82 73 83 73 80 74 83 74 65 74 65 75 83 75 66 75 84 76 85 76 86 76 86 77 85 77 87 77 86 78 87 78 88 78 88 79 87 79 89 79 88 80 89 80 90 80 90 81 89 81 91 81 90 82 91 82 92 82 90 83 92 83 93 83 93 84 92 84 94 84 93 85 94 85 95 85 93 86 95 86 96 86 96 87 95 87 97 87 96 88 97 88 98 88 96 89 98 89 99 89 96 90 99 90 100 90 100 91 99 91 101 91 100 92 101 92 102 92 100 93 102 93 103 93 100 94 103 94 84 94 84 95 103 95 85 95 104 96 105 96 106 96 107 97 106 97 105 97 108 98 109 98 110 98 108 99 110 99 111 99 112 100 113 100 114 100 115 101 116 101 117 101 117 102 116 102 118 102 118 103 116 103 119 103 120 104 121 104 122 104 123 105 124 105 125 105 123 106 125 106 126 106 127 107 123 107 126 107 128 108 129 108 122 108 120 109 122 109 129 109 122 110 130 110 131 110 122 111 131 111 132 111 121 112 130 112 122 112 133 113 134 113 135 113 136 114 137 114 138 114 139 115 124 115 140 115 141 116 140 116 134 116 141 117 134 117 142 117 142 118 134 118 133 118 124 119 123 119 140 119 123 120 127 120 143 120 126 121 144 121 127 121 139 122 140 122 145 122 145 123 140 123 141 123 146 124 147 124 148 124 149 125 150 125 151 125 149 126 151 126 152 126 149 127 153 127 154 127 154 128 150 128 149 128 155 129 156 129 157 129 146 130 157 130 156 130 146 131 156 131 158 131 146 132 158 132 147 132 159 133 154 133 153 133 160 134 161 134 162 134 149 135 152 135 163 135 164 136 159 136 153 136 118 137 165 137 117 137 166 138 167 138 168 138 169 139 112 139 114 139 170 140 171 140 172 140 172 141 173 141 170 141 170 142 173 142 169 142 170 143 169 143 114 143 174 144 175 144 166 144 176 145 115 145 117 145 176 146 165 146 177 146 176 147 177 147 178 147 176 148 117 148 165 148 174 149 178 149 175 149 166 150 168 150 179 150 174 151 176 151 178 151 180 152 181 152 179 152 180 153 179 153 168 153 171 154 182 154 183 154 184 155 185 155 186 155 186 156 185 156 187 156 188 157 189 157 190 157 189 158 191 158 192 158 190 159 189 159 192 159 192 160 191 160 104 160 109 161 193 161 110 161 110 162 193 162 194 162 193 163 184 163 194 163 187 164 195 164 186 164 104 165 191 165 105 165 194 166 184 166 186 166 196 167 188 167 190 167 152 168 151 168 197 168 197 169 198 169 152 169 198 170 163 170 152 170 155 171 157 171 199 171 143 172 127 172 200 172 144 173 200 173 127 173 129 174 201 174 120 174 128 175 201 175 129 175 202 176 104 176 106 176 119 177 116 177 115 177 203 178 119 178 115 178 204 179 108 179 111 179 205 180 106 180 107 180 110 181 206 181 111 181 207 182 114 182 113 182 149 183 163 183 208 183 209 184 161 184 210 184 211 185 162 185 161 185 211 186 148 186 162 186 157 187 146 187 212 187 213 188 214 188 215 188 213 189 215 189 216 189 216 190 215 190 217 190 216 191 217 191 218 191 218 192 217 192 219 192 218 193 219 193 220 193 220 194 219 194 221 194 220 195 221 195 222 195 222 196 221 196 223 196 222 197 223 197 224 197 224 198 223 198 225 198 224 199 225 199 226 199 227 200 123 200 143 200 134 201 228 201 135 201 135 202 228 202 229 202 229 203 230 203 138 203 229 204 138 204 135 204 131 205 136 205 231 205 122 206 132 206 232 206 233 207 128 207 122 207 234 208 235 208 236 208 237 209 238 209 236 209 239 210 240 210 241 210 242 211 239 211 241 211 243 212 241 212 244 212 241 213 243 213 242 213 244 214 245 214 243 214 244 215 246 215 245 215 246 216 244 216 247 216 247 217 231 217 138 217 138 218 230 218 247 218 134 219 248 219 228 219 249 220 250 220 251 220 249 221 251 221 252 221 251 222 253 222 252 222 254 223 253 223 251 223 254 224 255 224 253 224 256 225 257 225 258 225 258 226 257 226 259 226 209 227 260 227 261 227 260 228 209 228 262 228 263 229 262 229 209 229 264 230 263 230 265 230 263 231 264 231 262 231 266 232 265 232 267 232 265 233 266 233 264 233 268 234 269 234 267 234 269 235 268 235 270 235 271 236 270 236 268 236 272 237 273 237 271 237 271 238 273 238 274 238 271 239 274 239 270 239 275 240 276 240 277 240 275 241 277 241 278 241 276 242 275 242 279 242 276 243 279 243 280 243 280 244 279 244 281 244 280 245 281 245 208 245 208 246 281 246 149 246 282 247 283 247 284 247 122 248 232 248 233 248 233 249 232 249 285 249 285 250 232 250 286 250 285 251 286 251 287 251 287 252 286 252 288 252 289 253 290 253 251 253 251 254 290 254 254 254 254 255 290 255 291 255 254 256 291 256 258 256 258 257 291 257 292 257 221 258 292 258 223 258 223 259 292 259 291 259 223 260 291 260 225 260 225 261 291 261 290 261 293 262 290 262 289 262 293 263 289 263 123 263 123 264 289 264 140 264 294 265 295 265 296 265 294 266 296 266 292 266 292 267 296 267 258 267 214 268 295 268 215 268 215 269 295 269 294 269 215 270 294 270 217 270 217 271 294 271 219 271 219 272 294 272 292 272 219 273 292 273 221 273 297 274 211 274 298 274 297 275 298 275 299 275 299 276 298 276 214 276 214 277 298 277 295 277 300 278 271 278 268 278 301 279 268 279 265 279 302 280 265 280 263 280 303 281 263 281 209 281 161 282 209 282 211 282 211 283 209 283 304 283 211 284 304 284 298 284 298 285 304 285 305 285 298 286 305 286 295 286 301 287 300 287 268 287 302 288 301 288 265 288 306 289 302 289 263 289 306 290 263 290 303 290 164 291 303 291 209 291 164 292 209 292 210 292 307 293 300 293 308 293 308 294 300 294 301 294 309 295 301 295 302 295 279 296 302 296 306 296 153 297 303 297 164 297 226 298 225 298 290 298 226 299 290 299 310 299 310 300 290 300 293 300 310 301 293 301 311 301 311 302 293 302 227 302 227 303 293 303 123 303 146 304 148 304 211 304 146 305 211 305 312 305 312 306 211 306 297 306 212 307 146 307 312 307 212 308 312 308 313 308 313 309 312 309 297 309 313 310 297 310 314 310 314 311 297 311 299 311 314 312 299 312 213 312 213 313 299 313 214 313 308 314 301 314 309 314 275 315 309 315 302 315 275 316 302 316 279 316 279 317 306 317 281 317 281 318 306 318 303 318 281 319 303 319 153 319 315 320 307 320 308 320 315 321 308 321 316 321 316 322 308 322 278 322 278 323 308 323 309 323 278 324 309 324 275 324 149 325 281 325 153 325 317 326 258 326 259 326 304 327 261 327 318 327 304 328 318 328 319 328 304 329 319 329 305 329 305 330 319 330 320 330 305 331 320 331 321 331 305 332 321 332 322 332 296 333 322 333 256 333 296 334 256 334 258 334 231 335 247 335 244 335 236 336 283 336 237 336 323 337 238 337 240 337 240 338 238 338 241 338 241 339 238 339 237 339 283 340 236 340 235 340 283 341 235 341 324 341 282 342 284 342 325 342 288 343 325 343 326 343 326 344 325 344 284 344 324 345 284 345 283 345 283 346 282 346 237 346 237 347 282 347 241 347 325 348 288 348 286 348 138 349 231 349 136 349 134 350 140 350 248 350 248 351 140 351 250 351 248 352 250 352 249 352 258 353 255 353 254 353 289 354 251 354 250 354 289 355 250 355 140 355 132 356 131 356 232 356 232 357 131 357 231 357 232 358 231 358 244 358 232 359 244 359 286 359 286 360 244 360 325 360 282 361 325 361 244 361 282 362 244 362 241 362 265 363 268 363 267 363 209 364 261 364 304 364 295 365 305 365 322 365 295 366 322 366 296 366 258 367 317 367 255 367 327 368 328 368 329 368 196 369 190 369 330 369 331 370 236 370 238 370 236 371 331 371 332 371 333 372 334 372 335 372 333 373 335 373 336 373 336 374 335 374 337 374 337 375 335 375 338 375 337 376 338 376 332 376 332 377 338 377 234 377 207 378 170 378 114 378 339 379 340 379 182 379 339 380 341 380 340 380 179 381 181 381 342 381 179 382 342 382 341 382 341 383 342 383 340 383 343 384 166 384 179 384 115 385 176 385 203 385 203 386 176 386 344 386 345 387 346 387 347 387 348 388 346 388 345 388 348 389 349 389 350 389 350 390 349 390 351 390 350 391 351 391 352 391 352 392 351 392 353 392 352 393 353 393 354 393 354 394 353 394 355 394 356 395 357 395 358 395 358 396 357 396 355 396 356 397 359 397 357 397 359 398 356 398 360 398 359 399 360 399 361 399 361 400 360 400 362 400 361 401 362 401 363 401 363 402 362 402 364 402 363 403 364 403 202 403 202 404 364 404 104 404 195 405 365 405 366 405 206 406 110 406 194 406 367 407 368 407 206 407 369 408 368 408 367 408 369 409 370 409 368 409 370 410 369 410 371 410 371 411 369 411 372 411 371 412 372 412 373 412 374 413 375 413 272 413 374 414 376 414 375 414 374 415 377 415 376 415 378 416 377 416 374 416 378 417 379 417 377 417 379 418 378 418 380 418 380 419 378 419 381 419 382 420 380 420 381 420 383 421 382 421 381 421 382 422 383 422 384 422 385 423 384 423 383 423 385 424 386 424 384 424 387 425 388 425 389 425 390 426 388 426 387 426 390 427 391 427 392 427 390 428 392 428 388 428 393 429 394 429 395 429 396 430 397 430 398 430 399 431 400 431 396 431 396 432 400 432 397 432 401 433 339 433 402 433 327 434 403 434 328 434 404 435 405 435 327 435 327 436 405 436 403 436 405 437 404 437 406 437 238 438 406 438 404 438 238 439 407 439 406 439 408 440 409 440 410 440 408 441 410 441 411 441 411 442 410 442 412 442 411 443 412 443 300 443 186 444 195 444 413 444 413 445 195 445 366 445 413 446 366 446 414 446 414 447 366 447 409 447 414 448 409 448 408 448 307 449 411 449 300 449 372 450 414 450 408 450 372 451 408 451 415 451 415 452 408 452 411 452 415 453 411 453 307 453 194 454 186 454 367 454 367 455 186 455 413 455 367 456 413 456 369 456 369 457 413 457 414 457 369 458 414 458 372 458 206 459 194 459 367 459 373 460 372 460 415 460 373 461 415 461 416 461 416 462 415 462 315 462 315 463 415 463 307 463 104 464 364 464 192 464 190 465 192 465 330 465 330 466 192 466 364 466 330 467 364 467 362 467 417 468 360 468 356 468 417 469 356 469 358 469 353 470 358 470 355 470 418 471 351 471 419 471 358 472 420 472 417 472 360 473 417 473 421 473 360 474 421 474 362 474 362 475 421 475 422 475 362 476 422 476 330 476 272 477 271 477 412 477 272 478 412 478 374 478 374 479 412 479 410 479 374 480 410 480 378 480 390 481 387 481 419 481 423 482 393 482 419 482 419 483 393 483 390 483 393 484 423 484 396 484 396 485 423 485 424 485 396 486 424 486 399 486 399 487 424 487 425 487 399 488 425 488 344 488 399 489 344 489 174 489 196 490 330 490 426 490 345 491 423 491 349 491 349 492 423 492 419 492 349 493 419 493 351 493 418 494 419 494 387 494 418 495 387 495 420 495 420 496 387 496 427 496 420 497 427 497 417 497 417 498 427 498 428 498 417 499 428 499 421 499 421 500 428 500 422 500 422 501 428 501 385 501 422 502 385 502 330 502 330 503 385 503 426 503 426 504 385 504 365 504 365 505 385 505 383 505 365 506 383 506 366 506 366 507 383 507 381 507 366 508 381 508 409 508 409 509 381 509 378 509 409 510 378 510 410 510 300 511 412 511 271 511 176 512 174 512 344 512 429 513 171 513 170 513 429 514 170 514 430 514 333 515 336 515 431 515 333 516 431 516 432 516 207 517 433 517 170 517 170 518 433 518 430 518 429 519 430 519 432 519 334 520 333 520 434 520 434 521 333 521 432 521 434 522 432 522 435 522 435 523 432 523 433 523 353 524 351 524 418 524 353 525 418 525 358 525 358 526 418 526 420 526 203 527 344 527 425 527 203 528 425 528 436 528 436 529 425 529 347 529 347 530 425 530 424 530 347 531 424 531 423 531 347 532 423 532 345 532 391 533 390 533 395 533 395 534 390 534 393 534 399 535 166 535 343 535 399 536 343 536 400 536 174 537 166 537 399 537 393 538 396 538 398 538 393 539 398 539 394 539 401 540 402 540 329 540 329 541 402 541 327 541 182 542 171 542 429 542 429 543 432 543 431 543 339 544 182 544 429 544 339 545 429 545 402 545 402 546 429 546 431 546 402 547 431 547 327 547 327 548 431 548 336 548 327 549 336 549 404 549 404 550 336 550 331 550 404 551 331 551 238 551 234 552 236 552 332 552 323 553 407 553 238 553 332 554 331 554 337 554 337 555 331 555 336 555 433 556 432 556 430 556 348 557 345 557 349 557 427 558 387 558 389 558 427 559 389 559 437 559 427 560 437 560 438 560 427 561 438 561 428 561 428 562 438 562 439 562 428 563 439 563 385 563 385 564 439 564 386 564 233 565 201 565 128 565 208 566 163 566 198 566 198 567 197 567 440 567 199 568 157 568 212 568 143 569 200 569 441 569 442 570 234 570 443 570 443 571 234 571 338 571 443 572 338 572 444 572 338 573 335 573 444 573 444 574 335 574 445 574 445 575 335 575 446 575 446 576 335 576 334 576 446 577 334 577 447 577 447 578 334 578 434 578 447 579 434 579 448 579 448 580 434 580 435 580 448 581 435 581 449 581 449 582 435 582 433 582 449 583 433 583 450 583 450 584 433 584 207 584 450 585 207 585 451 585 207 586 113 586 451 586 451 587 113 587 452 587 451 588 452 588 453 588 453 589 452 589 454 589 454 590 119 590 455 590 454 591 455 591 453 591 436 592 456 592 457 592 436 593 457 593 203 593 203 594 457 594 455 594 203 595 455 595 119 595 458 596 459 596 346 596 346 597 459 597 460 597 346 598 460 598 347 598 347 599 460 599 456 599 347 600 456 600 436 600 350 601 461 601 462 601 350 602 462 602 458 602 350 603 458 603 348 603 348 604 458 604 346 604 354 605 463 605 464 605 354 606 464 606 352 606 352 607 464 607 461 607 352 608 461 608 350 608 354 609 355 609 463 609 463 610 355 610 465 610 465 611 355 611 357 611 465 612 357 612 466 612 357 613 359 613 466 613 466 614 359 614 467 614 467 615 359 615 468 615 468 616 359 616 361 616 468 617 361 617 469 617 469 618 361 618 363 618 469 619 363 619 470 619 470 620 363 620 202 620 470 621 202 621 471 621 471 622 202 622 106 622 471 623 106 623 472 623 473 624 472 624 205 624 205 625 472 625 106 625 472 626 473 626 474 626 474 627 473 627 204 627 474 628 204 628 111 628 111 629 206 629 474 629 474 630 206 630 475 630 475 631 206 631 368 631 475 632 368 632 476 632 476 633 368 633 477 633 477 634 368 634 370 634 477 635 370 635 478 635 478 636 370 636 371 636 479 637 480 637 373 637 373 638 480 638 478 638 373 639 478 639 371 639 373 640 416 640 479 640 479 641 416 641 481 641 481 642 416 642 315 642 481 643 315 643 482 643 270 644 274 644 483 644 484 645 485 645 274 645 274 646 485 646 486 646 484 647 274 647 273 647 487 648 488 648 270 648 270 649 488 649 489 649 490 650 487 650 270 650 491 651 490 651 270 651 491 652 270 652 483 652 240 653 492 653 493 653 323 654 240 654 494 654 494 655 240 655 495 655 495 656 240 656 496 656 496 657 240 657 497 657 497 658 240 658 498 658 498 659 240 659 499 659 499 660 240 660 500 660 500 661 240 661 501 661 501 662 240 662 502 662 502 663 240 663 503 663 503 664 240 664 504 664 504 665 240 665 505 665 505 666 240 666 506 666 506 667 240 667 507 667 507 668 240 668 493 668 484 669 273 669 272 669 487 670 490 670 272 670 323 671 494 671 407 671 407 672 494 672 495 672 489 673 488 673 272 673 272 674 488 674 487 674 493 675 492 675 407 675 493 676 407 676 507 676 506 677 507 677 407 677 504 678 505 678 407 678 503 679 504 679 407 679 495 680 496 680 407 680 407 681 496 681 497 681 407 682 497 682 498 682 407 683 498 683 499 683 407 684 499 684 500 684 407 685 500 685 501 685 407 686 501 686 502 686 502 687 503 687 407 687 490 688 491 688 272 688 505 689 506 689 407 689 483 690 274 690 272 690 272 691 274 691 486 691 272 692 486 692 485 692 272 693 485 693 484 693 491 694 483 694 272 694 199 695 508 695 509 695 199 696 509 696 510 696 511 697 440 697 509 697 440 698 512 698 509 698 509 699 512 699 510 699 280 700 208 700 513 700 513 701 208 701 511 701 511 702 208 702 198 702 511 703 198 703 440 703 280 704 513 704 514 704 280 705 514 705 276 705 276 706 514 706 515 706 276 707 515 707 277 707 277 708 515 708 516 708 277 709 516 709 278 709 278 710 516 710 517 710 278 711 517 711 518 711 278 712 518 712 316 712 316 713 518 713 482 713 316 714 482 714 315 714 199 715 212 715 508 715 508 716 212 716 519 716 519 717 212 717 313 717 519 718 313 718 520 718 313 719 314 719 520 719 520 720 314 720 521 720 521 721 314 721 522 721 213 722 523 722 522 722 213 723 522 723 314 723 523 724 213 724 216 724 523 725 216 725 524 725 216 726 218 726 524 726 524 727 218 727 525 727 218 728 220 728 525 728 525 729 220 729 526 729 526 730 220 730 527 730 527 731 220 731 222 731 224 732 528 732 222 732 222 733 528 733 527 733 528 734 224 734 529 734 226 735 530 735 529 735 226 736 529 736 224 736 530 737 226 737 531 737 226 738 310 738 531 738 531 739 310 739 532 739 532 740 310 740 311 740 532 741 311 741 533 741 311 742 227 742 533 742 533 743 227 743 534 743 534 744 227 744 143 744 441 745 535 745 534 745 441 746 534 746 143 746 201 747 535 747 441 747 285 748 536 748 537 748 285 749 537 749 233 749 233 750 537 750 535 750 233 751 535 751 201 751 536 752 285 752 287 752 536 753 287 753 538 753 538 754 287 754 288 754 538 755 288 755 539 755 539 756 288 756 540 756 288 757 326 757 540 757 540 758 326 758 284 758 540 759 284 759 541 759 284 760 324 760 541 760 541 761 324 761 542 761 542 762 324 762 235 762 542 763 235 763 442 763 234 764 442 764 235 764 543 765 544 765 545 765 546 766 547 766 548 766 549 767 550 767 551 767 552 768 551 768 553 768 552 769 553 769 554 769 554 770 553 770 555 770 554 771 555 771 556 771 556 772 555 772 557 772 558 773 559 773 560 773 558 774 560 774 561 774 562 775 563 775 564 775 548 776 550 776 549 776 557 777 555 777 559 777 557 778 559 778 558 778 560 779 562 779 565 779 565 780 562 780 564 780 564 781 563 781 566 781 566 782 563 782 567 782 566 783 567 783 568 783 569 784 568 784 567 784 570 785 569 785 567 785 571 786 572 786 573 786 572 787 574 787 545 787 575 788 576 788 577 788 478 789 578 789 477 789 477 790 578 790 579 790 477 791 579 791 476 791 476 792 579 792 475 792 475 793 579 793 474 793 474 794 579 794 472 794 580 795 466 795 467 795 580 796 467 796 468 796 466 797 580 797 581 797 466 798 581 798 465 798 465 799 581 799 463 799 456 800 460 800 582 800 582 801 460 801 459 801 582 802 459 802 458 802 582 803 458 803 583 803 583 804 458 804 462 804 583 805 462 805 584 805 584 806 462 806 461 806 584 807 461 807 585 807 585 808 461 808 464 808 585 809 464 809 586 809 586 810 464 810 463 810 586 811 463 811 581 811 455 812 587 812 453 812 453 813 587 813 451 813 451 814 587 814 588 814 451 815 588 815 450 815 450 816 588 816 449 816 445 817 589 817 577 817 445 818 577 818 444 818 444 819 577 819 576 819 444 820 576 820 443 820 443 821 576 821 442 821 590 822 591 822 592 822 592 823 591 823 593 823 593 824 591 824 594 824 593 825 594 825 595 825 595 826 594 826 596 826 595 827 596 827 597 827 597 828 596 828 598 828 598 829 596 829 599 829 600 830 574 830 572 830 571 831 573 831 547 831 547 832 573 832 548 832 567 833 601 833 570 833 602 834 601 834 603 834 604 835 605 835 602 835 604 836 602 836 606 836 580 837 607 837 608 837 580 838 608 838 581 838 482 839 604 839 481 839 481 840 604 840 479 840 479 841 604 841 606 841 479 842 606 842 480 842 480 843 606 843 609 843 480 844 609 844 478 844 478 845 609 845 610 845 478 846 610 846 578 846 472 847 579 847 611 847 472 848 611 848 471 848 471 849 611 849 612 849 471 850 612 850 470 850 470 851 612 851 613 851 470 852 613 852 469 852 469 853 613 853 614 853 469 854 614 854 468 854 468 855 614 855 607 855 468 856 607 856 580 856 615 857 616 857 617 857 615 858 617 858 618 858 619 859 620 859 621 859 619 860 621 860 622 860 622 861 621 861 623 861 624 862 625 862 626 862 626 863 625 863 627 863 626 864 627 864 628 864 628 865 627 865 608 865 628 866 608 866 616 866 616 867 608 867 629 867 616 868 629 868 617 868 617 869 630 869 618 869 618 870 630 870 631 870 631 871 630 871 632 871 631 872 632 872 633 872 633 873 632 873 634 873 633 874 634 874 635 874 635 875 634 875 603 875 635 876 603 876 601 876 621 877 582 877 623 877 623 878 582 878 624 878 624 879 582 879 583 879 624 880 583 880 584 880 624 881 584 881 625 881 625 882 584 882 585 882 625 883 585 883 586 883 625 884 586 884 627 884 627 885 586 885 581 885 627 886 581 886 608 886 608 887 607 887 629 887 629 888 607 888 614 888 629 889 614 889 613 889 629 890 613 890 617 890 617 891 613 891 612 891 617 892 612 892 630 892 630 893 612 893 611 893 630 894 611 894 636 894 630 895 636 895 632 895 632 896 636 896 578 896 632 897 578 897 634 897 634 898 578 898 610 898 634 899 610 899 609 899 634 900 609 900 603 900 603 901 609 901 606 901 603 902 606 902 602 902 637 903 638 903 639 903 639 904 638 904 588 904 639 905 588 905 640 905 640 906 588 906 587 906 640 907 587 907 620 907 449 908 588 908 448 908 448 909 588 909 638 909 448 910 638 910 447 910 447 911 638 911 637 911 447 912 637 912 446 912 446 913 637 913 589 913 446 914 589 914 445 914 579 915 578 915 636 915 579 916 636 916 611 916 456 917 582 917 621 917 456 918 621 918 457 918 457 919 621 919 620 919 457 920 620 920 455 920 455 921 620 921 587 921 620 922 619 922 640 922 572 923 571 923 600 923 641 924 622 924 544 924 544 925 622 925 545 925 545 926 622 926 572 926 599 927 596 927 642 927 642 928 596 928 643 928 642 929 643 929 644 929 644 930 643 930 645 930 645 931 643 931 646 931 645 932 646 932 647 932 647 933 646 933 648 933 648 934 646 934 641 934 591 935 575 935 594 935 594 936 575 936 649 936 594 937 649 937 650 937 594 938 650 938 596 938 596 939 650 939 643 939 646 940 619 940 641 940 559 941 555 941 618 941 618 942 555 942 615 942 615 943 555 943 553 943 615 944 553 944 616 944 616 945 553 945 551 945 616 946 551 946 628 946 628 947 551 947 550 947 628 948 550 948 548 948 628 949 548 949 573 949 619 950 622 950 641 950 575 951 577 951 649 951 649 952 577 952 589 952 649 953 589 953 637 953 649 954 637 954 650 954 650 955 637 955 639 955 650 956 639 956 643 956 643 957 639 957 640 957 643 958 640 958 646 958 646 959 640 959 619 959 622 960 623 960 572 960 572 961 623 961 624 961 572 962 624 962 626 962 572 963 626 963 573 963 573 964 626 964 628 964 559 965 618 965 631 965 559 966 631 966 560 966 560 967 631 967 633 967 560 968 633 968 562 968 562 969 633 969 563 969 563 970 633 970 635 970 563 971 635 971 567 971 567 972 635 972 601 972 651 973 652 973 653 973 654 974 652 974 655 974 656 975 657 975 658 975 659 976 658 976 660 976 661 977 662 977 663 977 664 978 651 978 665 978 666 979 667 979 668 979 668 980 669 980 670 980 671 981 662 981 672 981 672 982 662 982 661 982 661 983 663 983 673 983 673 984 663 984 674 984 673 985 674 985 675 985 675 986 674 986 676 986 676 987 674 987 677 987 678 988 679 988 532 988 601 989 680 989 681 989 575 990 591 990 590 990 592 991 682 991 590 991 576 992 683 992 442 992 442 993 683 993 542 993 542 994 683 994 684 994 542 995 684 995 541 995 685 996 540 996 684 996 684 997 540 997 541 997 538 998 539 998 685 998 685 999 539 999 540 999 686 1000 527 1000 528 1000 528 1001 529 1001 687 1001 687 1002 529 1002 530 1002 687 1003 530 1003 688 1003 688 1004 530 1004 531 1004 527 1005 686 1005 526 1005 526 1006 686 1006 689 1006 526 1007 689 1007 525 1007 525 1008 689 1008 690 1008 525 1009 690 1009 524 1009 524 1010 690 1010 691 1010 524 1011 691 1011 523 1011 523 1012 691 1012 522 1012 522 1013 691 1013 692 1013 522 1014 692 1014 521 1014 521 1015 692 1015 693 1015 521 1016 693 1016 520 1016 520 1017 693 1017 694 1017 520 1018 694 1018 519 1018 519 1019 694 1019 695 1019 519 1020 695 1020 508 1020 508 1021 695 1021 696 1021 508 1022 696 1022 509 1022 509 1023 696 1023 511 1023 511 1024 696 1024 697 1024 511 1025 697 1025 513 1025 513 1026 697 1026 698 1026 513 1027 698 1027 514 1027 514 1028 698 1028 699 1028 514 1029 699 1029 515 1029 515 1030 699 1030 700 1030 515 1031 700 1031 516 1031 516 1032 700 1032 517 1032 701 1033 570 1033 681 1033 681 1034 570 1034 601 1034 702 1035 667 1035 701 1035 663 1036 662 1036 703 1036 703 1037 662 1037 671 1037 703 1038 671 1038 704 1038 704 1039 671 1039 669 1039 704 1040 669 1040 668 1040 704 1041 668 1041 702 1041 702 1042 668 1042 667 1042 705 1043 677 1043 674 1043 705 1044 674 1044 663 1044 706 1045 664 1045 707 1045 707 1046 664 1046 708 1046 707 1047 708 1047 709 1047 706 1048 651 1048 664 1048 657 1049 710 1049 658 1049 711 1050 658 1050 710 1050 711 1051 660 1051 658 1051 712 1052 713 1052 714 1052 714 1053 713 1053 715 1053 715 1054 713 1054 716 1054 716 1055 713 1055 717 1055 716 1056 717 1056 718 1056 590 1057 682 1057 718 1057 590 1058 718 1058 717 1058 684 1059 683 1059 719 1059 684 1060 719 1060 685 1060 720 1061 721 1061 678 1061 720 1062 678 1062 722 1062 722 1063 678 1063 723 1063 722 1064 723 1064 724 1064 722 1065 724 1065 725 1065 725 1066 724 1066 726 1066 725 1067 726 1067 685 1067 721 1068 679 1068 678 1068 726 1069 724 1069 536 1069 726 1070 536 1070 538 1070 721 1071 727 1071 728 1071 685 1072 726 1072 538 1072 536 1073 724 1073 537 1073 537 1074 724 1074 535 1074 535 1075 724 1075 723 1075 535 1076 723 1076 534 1076 534 1077 723 1077 678 1077 534 1078 678 1078 533 1078 533 1079 678 1079 532 1079 702 1080 681 1080 729 1080 702 1081 729 1081 704 1081 704 1082 729 1082 730 1082 704 1083 730 1083 703 1083 703 1084 730 1084 731 1084 703 1085 731 1085 732 1085 705 1086 732 1086 733 1086 734 1087 705 1087 735 1087 734 1088 735 1088 736 1088 734 1089 736 1089 737 1089 727 1090 738 1090 728 1090 681 1091 680 1091 729 1091 732 1092 731 1092 739 1092 732 1093 739 1093 733 1093 705 1094 733 1094 735 1094 737 1095 736 1095 740 1095 737 1096 740 1096 738 1096 601 1097 602 1097 680 1097 680 1098 602 1098 605 1098 729 1099 680 1099 741 1099 729 1100 741 1100 730 1100 730 1101 741 1101 742 1101 730 1102 742 1102 731 1102 731 1103 742 1103 743 1103 731 1104 743 1104 739 1104 733 1105 739 1105 744 1105 735 1106 733 1106 745 1106 735 1107 745 1107 736 1107 736 1108 745 1108 746 1108 738 1109 740 1109 687 1109 738 1110 687 1110 728 1110 728 1111 687 1111 688 1111 728 1112 688 1112 721 1112 721 1113 688 1113 679 1113 605 1114 747 1114 680 1114 680 1115 747 1115 741 1115 739 1116 743 1116 695 1116 739 1117 695 1117 694 1117 739 1118 694 1118 744 1118 733 1119 744 1119 692 1119 733 1120 692 1120 745 1120 736 1121 746 1121 689 1121 736 1122 689 1122 740 1122 740 1123 689 1123 686 1123 605 1124 604 1124 747 1124 741 1125 747 1125 748 1125 741 1126 748 1126 700 1126 741 1127 700 1127 742 1127 742 1128 700 1128 699 1128 742 1129 699 1129 698 1129 742 1130 698 1130 743 1130 743 1131 698 1131 697 1131 743 1132 697 1132 696 1132 743 1133 696 1133 695 1133 740 1134 686 1134 528 1134 740 1135 528 1135 687 1135 679 1136 688 1136 531 1136 744 1137 694 1137 693 1137 744 1138 693 1138 692 1138 745 1139 692 1139 691 1139 745 1140 691 1140 746 1140 746 1141 691 1141 690 1141 746 1142 690 1142 689 1142 604 1143 482 1143 747 1143 747 1144 482 1144 518 1144 747 1145 518 1145 748 1145 748 1146 518 1146 517 1146 748 1147 517 1147 700 1147 660 1148 711 1148 712 1148 712 1149 711 1149 713 1149 575 1150 590 1150 749 1150 749 1151 590 1151 717 1151 749 1152 717 1152 750 1152 750 1153 717 1153 713 1153 750 1154 713 1154 711 1154 751 1155 710 1155 657 1155 751 1156 657 1156 752 1156 752 1157 655 1157 652 1157 655 1158 752 1158 657 1158 677 1159 705 1159 753 1159 753 1160 705 1160 734 1160 753 1161 734 1161 709 1161 709 1162 734 1162 707 1162 752 1163 706 1163 727 1163 752 1164 727 1164 720 1164 651 1165 706 1165 652 1165 652 1166 706 1166 752 1166 752 1167 720 1167 751 1167 751 1168 720 1168 722 1168 751 1169 722 1169 710 1169 710 1170 722 1170 725 1170 710 1171 725 1171 711 1171 711 1172 725 1172 685 1172 711 1173 685 1173 750 1173 750 1174 685 1174 719 1174 750 1175 719 1175 749 1175 749 1176 719 1176 683 1176 749 1177 683 1177 575 1177 575 1178 683 1178 576 1178 701 1179 681 1179 702 1179 663 1180 703 1180 732 1180 663 1181 732 1181 705 1181 707 1182 734 1182 737 1182 707 1183 737 1183 706 1183 706 1184 737 1184 738 1184 706 1185 738 1185 727 1185 720 1186 727 1186 721 1186 679 1187 531 1187 532 1187 32 1188 35 1188 1 1188 35 1189 2 1189 1 1189 37 1190 2 1190 35 1190 39 1191 3 1191 37 1191 37 1192 3 1192 2 1192 39 1193 0 1193 3 1193 43 1194 0 1194 39 1194 0 1195 43 1195 4 1195 4 1196 43 1196 28 1196 4 1197 28 1197 5 1197 30 1198 5 1198 28 1198 30 1199 6 1199 5 1199 32 1200 1 1200 6 1200 32 1201 6 1201 30 1201 46 1202 12 1202 11 1202 49 1203 12 1203 46 1203 12 1204 49 1204 10 1204 10 1205 49 1205 51 1205 53 1206 10 1206 51 1206 53 1207 7 1207 10 1207 55 1208 7 1208 53 1208 58 1209 8 1209 55 1209 8 1210 7 1210 55 1210 60 1211 8 1211 58 1211 60 1212 9 1212 8 1212 63 1213 9 1213 60 1213 63 1214 11 1214 9 1214 46 1215 11 1215 63 1215 74 1216 20 1216 19 1216 20 1217 74 1217 18 1217 78 1218 18 1218 74 1218 78 1219 80 1219 18 1219 18 1220 80 1220 16 1220 16 1221 80 1221 13 1221 13 1222 80 1222 65 1222 65 1223 14 1223 13 1223 68 1224 15 1224 65 1224 65 1225 15 1225 14 1225 15 1226 68 1226 17 1226 68 1227 71 1227 17 1227 71 1228 19 1228 17 1228 74 1229 19 1229 71 1229 25 1230 84 1230 86 1230 25 1231 86 1231 21 1231 21 1232 86 1232 88 1232 21 1233 88 1233 90 1233 21 1234 90 1234 22 1234 93 1235 22 1235 90 1235 93 1236 23 1236 22 1236 23 1237 93 1237 96 1237 23 1238 96 1238 24 1238 96 1239 100 1239 26 1239 96 1240 26 1240 24 1240 100 1241 27 1241 26 1241 84 1242 27 1242 100 1242 25 1243 27 1243 84 1243 42 1244 754 1244 44 1244 45 1245 755 1245 29 1245 29 1246 756 1246 31 1246 34 1247 757 1247 36 1247 38 1248 758 1248 40 1248 41 1249 759 1249 42 1249 44 1250 760 1250 45 1250 31 1251 761 1251 33 1251 57 1252 762 1252 59 1252 50 1253 763 1253 52 1253 52 1254 764 1254 54 1254 59 1255 765 1255 61 1255 48 1256 766 1256 50 1256 62 1257 767 1257 64 1257 66 1258 768 1258 67 1258 87 1259 769 1259 89 1259 85 1260 770 1260 87 1260 103 1261 771 1261 85 1261 92 1262 772 1262 94 1262 188 1263 196 1263 760 1263 107 1264 759 1264 41 1264 107 1265 41 1265 205 1265 205 1266 41 1266 40 1266 205 1267 40 1267 473 1267 473 1268 40 1268 204 1268 204 1269 40 1269 758 1269 38 1270 204 1270 758 1270 36 1271 109 1271 38 1271 38 1272 109 1272 108 1272 38 1273 108 1273 204 1273 193 1274 109 1274 36 1274 757 1275 193 1275 36 1275 757 1276 184 1276 193 1276 184 1277 757 1277 34 1277 184 1278 34 1278 185 1278 33 1279 185 1279 34 1279 185 1280 33 1280 187 1280 761 1281 187 1281 33 1281 187 1282 761 1282 195 1282 195 1283 761 1283 31 1283 365 1284 195 1284 756 1284 756 1285 195 1285 31 1285 365 1286 756 1286 29 1286 755 1287 426 1287 29 1287 426 1288 365 1288 29 1288 45 1289 426 1289 755 1289 760 1290 196 1290 45 1290 45 1291 196 1291 426 1291 44 1292 189 1292 188 1292 44 1293 188 1293 760 1293 754 1294 189 1294 44 1294 42 1295 191 1295 754 1295 754 1296 191 1296 189 1296 107 1297 105 1297 759 1297 759 1298 105 1298 42 1298 42 1299 105 1299 191 1299 112 1300 169 1300 61 1300 64 1301 182 1301 47 1301 182 1302 64 1302 767 1302 182 1303 767 1303 183 1303 767 1304 171 1304 183 1304 62 1305 172 1305 767 1305 767 1306 172 1306 171 1306 173 1307 61 1307 169 1307 61 1308 173 1308 62 1308 62 1309 173 1309 172 1309 765 1310 113 1310 112 1310 765 1311 112 1311 61 1311 113 1312 765 1312 59 1312 113 1313 59 1313 452 1313 452 1314 59 1314 762 1314 452 1315 762 1315 454 1315 119 1316 454 1316 762 1316 57 1317 118 1317 119 1317 57 1318 119 1318 762 1318 56 1319 118 1319 57 1319 56 1320 165 1320 118 1320 56 1321 177 1321 165 1321 177 1322 56 1322 54 1322 177 1323 54 1323 178 1323 764 1324 178 1324 54 1324 764 1325 175 1325 178 1325 175 1326 764 1326 166 1326 52 1327 167 1327 764 1327 764 1328 167 1328 166 1328 167 1329 52 1329 168 1329 763 1330 168 1330 52 1330 180 1331 168 1331 763 1331 180 1332 763 1332 50 1332 181 1333 180 1333 766 1333 766 1334 180 1334 50 1334 48 1335 342 1335 181 1335 48 1336 181 1336 766 1336 48 1337 340 1337 342 1337 340 1338 48 1338 47 1338 182 1339 340 1339 47 1339 77 1340 197 1340 151 1340 197 1341 77 1341 76 1341 76 1342 440 1342 197 1342 76 1343 512 1343 440 1343 512 1344 76 1344 75 1344 75 1345 510 1345 512 1345 73 1346 510 1346 75 1346 73 1347 155 1347 199 1347 73 1348 199 1348 510 1348 72 1349 156 1349 73 1349 73 1350 156 1350 155 1350 158 1351 156 1351 72 1351 70 1352 158 1352 72 1352 70 1353 147 1353 158 1353 147 1354 70 1354 69 1354 148 1355 147 1355 69 1355 67 1356 162 1356 148 1356 67 1357 148 1357 69 1357 67 1358 160 1358 162 1358 768 1359 160 1359 67 1359 160 1360 768 1360 161 1360 66 1361 161 1361 768 1361 210 1362 161 1362 66 1362 83 1363 210 1363 66 1363 83 1364 164 1364 210 1364 82 1365 164 1365 83 1365 82 1366 159 1366 164 1366 154 1367 159 1367 81 1367 81 1368 159 1368 82 1368 79 1369 150 1369 81 1369 81 1370 150 1370 154 1370 77 1371 151 1371 79 1371 79 1372 151 1372 150 1372 145 1373 141 1373 89 1373 141 1374 142 1374 91 1374 200 1375 144 1375 771 1375 103 1376 441 1376 200 1376 103 1377 200 1377 771 1377 102 1378 441 1378 103 1378 441 1379 102 1379 201 1379 120 1380 201 1380 101 1380 101 1381 201 1381 102 1381 99 1382 120 1382 101 1382 120 1383 99 1383 121 1383 98 1384 130 1384 99 1384 99 1385 130 1385 121 1385 97 1386 131 1386 98 1386 98 1387 131 1387 130 1387 97 1388 136 1388 131 1388 95 1389 136 1389 97 1389 94 1390 137 1390 95 1390 95 1391 137 1391 136 1391 94 1392 138 1392 137 1392 772 1393 138 1393 94 1393 772 1394 135 1394 138 1394 133 1395 135 1395 92 1395 92 1396 135 1396 772 1396 91 1397 142 1397 92 1397 92 1398 142 1398 133 1398 89 1399 141 1399 91 1399 145 1400 89 1400 139 1400 139 1401 89 1401 769 1401 87 1402 139 1402 769 1402 770 1403 124 1403 87 1403 87 1404 124 1404 139 1404 770 1405 125 1405 124 1405 85 1406 126 1406 770 1406 770 1407 126 1407 125 1407 771 1408 144 1408 85 1408 85 1409 144 1409 126 1409 492 1410 592 1410 407 1410 240 1411 682 1411 492 1411 492 1412 682 1412 592 1412 682 1413 240 1413 718 1413 240 1414 239 1414 718 1414 718 1415 239 1415 242 1415 718 1416 242 1416 716 1416 716 1417 242 1417 715 1417 715 1418 242 1418 243 1418 715 1419 243 1419 714 1419 714 1420 243 1420 245 1420 714 1421 245 1421 712 1421 712 1422 245 1422 246 1422 712 1423 246 1423 660 1423 660 1424 246 1424 247 1424 660 1425 247 1425 659 1425 659 1426 247 1426 658 1426 247 1427 230 1427 658 1427 658 1428 230 1428 229 1428 658 1429 229 1429 656 1429 656 1430 229 1430 228 1430 656 1431 228 1431 248 1431 656 1432 248 1432 657 1432 657 1433 248 1433 249 1433 657 1434 249 1434 655 1434 655 1435 249 1435 252 1435 655 1436 252 1436 654 1436 654 1437 252 1437 652 1437 317 1438 651 1438 255 1438 255 1439 651 1439 253 1439 252 1440 253 1440 652 1440 652 1441 253 1441 653 1441 653 1442 253 1442 651 1442 257 1443 708 1443 259 1443 708 1444 664 1444 259 1444 259 1445 664 1445 317 1445 317 1446 664 1446 665 1446 317 1447 665 1447 651 1447 708 1448 257 1448 709 1448 709 1449 257 1449 256 1449 709 1450 256 1450 322 1450 709 1451 322 1451 753 1451 320 1452 676 1452 677 1452 320 1453 677 1453 321 1453 753 1454 322 1454 321 1454 753 1455 321 1455 677 1455 319 1456 675 1456 320 1456 320 1457 675 1457 676 1457 266 1458 668 1458 670 1458 266 1459 670 1459 264 1459 264 1460 670 1460 669 1460 264 1461 669 1461 262 1461 262 1462 669 1462 671 1462 262 1463 671 1463 260 1463 260 1464 671 1464 672 1464 260 1465 672 1465 261 1465 261 1466 672 1466 661 1466 261 1467 661 1467 673 1467 261 1468 673 1468 318 1468 318 1469 673 1469 319 1469 319 1470 673 1470 675 1470 668 1471 266 1471 267 1471 668 1472 267 1472 666 1472 666 1473 267 1473 269 1473 666 1474 269 1474 667 1474 667 1475 269 1475 701 1475 701 1476 269 1476 270 1476 701 1477 270 1477 570 1477 570 1478 270 1478 569 1478 569 1479 270 1479 489 1479 569 1480 489 1480 272 1480 569 1481 272 1481 568 1481 568 1482 272 1482 375 1482 568 1483 375 1483 566 1483 566 1484 375 1484 376 1484 566 1485 376 1485 564 1485 564 1486 376 1486 377 1486 564 1487 377 1487 379 1487 564 1488 379 1488 565 1488 565 1489 379 1489 560 1489 560 1490 379 1490 380 1490 560 1491 380 1491 561 1491 561 1492 380 1492 558 1492 558 1493 380 1493 382 1493 558 1494 382 1494 557 1494 557 1495 382 1495 384 1495 557 1496 384 1496 556 1496 556 1497 384 1497 386 1497 556 1498 386 1498 554 1498 554 1499 386 1499 439 1499 554 1500 439 1500 552 1500 552 1501 439 1501 438 1501 552 1502 438 1502 551 1502 551 1503 438 1503 549 1503 549 1504 438 1504 437 1504 549 1505 437 1505 548 1505 548 1506 437 1506 389 1506 548 1507 389 1507 546 1507 546 1508 389 1508 388 1508 546 1509 388 1509 547 1509 547 1510 388 1510 392 1510 547 1511 392 1511 391 1511 547 1512 391 1512 571 1512 571 1513 391 1513 395 1513 571 1514 395 1514 600 1514 600 1515 395 1515 574 1515 574 1516 395 1516 394 1516 574 1517 394 1517 545 1517 545 1518 394 1518 398 1518 545 1519 398 1519 543 1519 543 1520 398 1520 397 1520 543 1521 397 1521 544 1521 397 1522 400 1522 544 1522 544 1523 400 1523 641 1523 400 1524 343 1524 641 1524 641 1525 343 1525 648 1525 648 1526 343 1526 179 1526 648 1527 179 1527 647 1527 647 1528 179 1528 645 1528 645 1529 179 1529 341 1529 645 1530 341 1530 644 1530 644 1531 341 1531 339 1531 644 1532 339 1532 642 1532 642 1533 339 1533 401 1533 642 1534 401 1534 599 1534 401 1535 329 1535 599 1535 599 1536 329 1536 598 1536 598 1537 329 1537 328 1537 598 1538 328 1538 597 1538 597 1539 328 1539 403 1539 597 1540 403 1540 405 1540 407 1541 592 1541 406 1541 406 1542 592 1542 593 1542 406 1543 593 1543 405 1543 405 1544 593 1544 595 1544 405 1545 595 1545 597 1545 773 1546 774 1546 775 1546 773 1546 776 1546 774 1546 773 1546 777 1546 776 1546 773 1546 778 1546 777 1546 773 1546 779 1546 778 1546 780 1546 781 1546 782 1546 780 1546 783 1546 781 1546 780 1546 784 1546 783 1546 780 1546 785 1546 786 1546 780 1546 782 1546 785 1546 787 1546 788 1546 789 1546 787 1546 790 1546 788 1546 787 1546 791 1546 792 1546 787 1546 793 1546 791 1546 787 1546 789 1546 793 1546 794 1547 795 1547 796 1547 797 1548 798 1548 799 1548 800 1549 801 1549 802 1549 803 1550 800 1550 804 1550 805 1551 806 1551 803 1551 807 1552 805 1552 808 1552 809 1553 810 1553 808 1553 808 1554 810 1554 807 1554 811 1555 812 1555 813 1555 811 1556 813 1556 814 1556 812 1557 811 1557 815 1557 816 1558 815 1558 811 1558 817 1559 818 1559 816 1559 816 1560 818 1560 815 1560 819 1561 817 1561 816 1561 819 1562 820 1562 817 1562 821 1563 822 1563 820 1563 821 1564 820 1564 819 1564 823 1565 822 1565 821 1565 821 1566 824 1566 823 1566 825 1567 826 1567 824 1567 825 1568 824 1568 821 1568 825 1569 827 1569 826 1569 828 1570 827 1570 825 1570 829 1571 828 1571 825 1571 829 1572 830 1572 828 1572 830 1573 829 1573 831 1573 832 1574 831 1574 796 1574 796 1575 831 1575 829 1575 809 1576 808 1576 814 1576 814 1577 808 1577 811 1577 821 1578 819 1578 797 1578 803 1579 804 1579 805 1579 805 1580 804 1580 808 1580 811 1581 808 1581 833 1581 811 1582 833 1582 834 1582 811 1583 834 1583 816 1583 816 1584 834 1584 819 1584 819 1585 834 1585 798 1585 819 1586 798 1586 797 1586 821 1587 797 1587 799 1587 821 1588 799 1588 825 1588 825 1589 799 1589 794 1589 825 1590 794 1590 829 1590 829 1591 794 1591 796 1591 835 1592 836 1592 837 1592 796 1593 838 1593 832 1593 839 1594 838 1594 796 1594 838 1595 839 1595 840 1595 839 1596 841 1596 840 1596 842 1597 843 1597 839 1597 839 1598 843 1598 841 1598 844 1599 843 1599 842 1599 845 1600 846 1600 844 1600 845 1601 844 1601 842 1601 845 1602 836 1602 846 1602 837 1603 836 1603 845 1603 837 1604 847 1604 835 1604 848 1605 849 1605 837 1605 837 1606 849 1606 847 1606 850 1607 848 1607 851 1607 851 1608 852 1608 853 1608 854 1609 855 1609 856 1609 854 1610 857 1610 855 1610 854 1611 858 1611 857 1611 859 1612 860 1612 861 1612 859 1613 862 1613 863 1613 859 1614 863 1614 860 1614 864 1615 862 1615 859 1615 839 1616 796 1616 865 1616 839 1617 865 1617 842 1617 845 1618 842 1618 866 1618 845 1619 866 1619 837 1619 848 1620 837 1620 867 1620 848 1621 867 1621 851 1621 851 1622 867 1622 852 1622 852 1623 867 1623 868 1623 868 1624 867 1624 856 1624 868 1625 856 1625 869 1625 869 1626 856 1626 870 1626 870 1627 856 1627 855 1627 859 1628 861 1628 854 1628 854 1629 861 1629 858 1629 856 1630 867 1630 871 1630 871 1631 867 1631 837 1631 871 1632 837 1632 872 1632 872 1633 837 1633 866 1633 873 1634 866 1634 842 1634 873 1635 842 1635 865 1635 795 1636 865 1636 796 1636 874 1637 875 1637 876 1637 874 1638 877 1638 878 1638 802 1639 879 1639 804 1639 804 1640 879 1640 880 1640 804 1641 800 1641 802 1641 808 1642 804 1642 881 1642 808 1643 881 1643 833 1643 798 1644 834 1644 882 1644 794 1645 799 1645 883 1645 884 1646 795 1646 883 1646 883 1647 795 1647 794 1647 884 1648 865 1648 795 1648 884 1649 873 1649 865 1649 884 1650 866 1650 873 1650 884 1651 872 1651 866 1651 885 1652 871 1652 872 1652 886 1653 856 1653 871 1653 859 1654 854 1654 886 1654 886 1655 854 1655 856 1655 887 1656 864 1656 859 1656 864 1657 887 1657 888 1657 889 1658 890 1658 891 1658 892 1659 890 1659 893 1659 892 1660 893 1660 894 1660 876 1661 895 1661 896 1661 876 1662 896 1662 893 1662 893 1663 896 1663 894 1663 889 1664 888 1664 887 1664 889 1665 887 1665 890 1665 890 1666 887 1666 893 1666 876 1667 893 1667 880 1667 876 1668 880 1668 874 1668 874 1669 880 1669 877 1669 877 1670 880 1670 897 1670 897 1671 880 1671 879 1671 859 1672 886 1672 887 1672 887 1673 886 1673 898 1673 887 1674 898 1674 893 1674 893 1675 898 1675 899 1675 893 1676 899 1676 880 1676 880 1677 899 1677 900 1677 880 1678 900 1678 804 1678 804 1679 900 1679 881 1679 898 1680 886 1680 901 1680 898 1681 901 1681 899 1681 899 1682 901 1682 902 1682 899 1683 902 1683 900 1683 900 1684 902 1684 903 1684 900 1685 903 1685 881 1685 881 1686 903 1686 833 1686 886 1687 871 1687 885 1687 886 1688 885 1688 901 1688 901 1689 885 1689 904 1689 901 1690 904 1690 902 1690 902 1691 904 1691 905 1691 902 1692 905 1692 903 1692 903 1693 905 1693 882 1693 903 1694 882 1694 833 1694 833 1695 882 1695 834 1695 885 1696 872 1696 884 1696 885 1697 884 1697 904 1697 904 1698 884 1698 883 1698 904 1699 883 1699 905 1699 905 1700 883 1700 799 1700 905 1701 799 1701 882 1701 882 1702 799 1702 798 1702 906 1546 907 1546 908 1546 906 1546 909 1546 907 1546 906 1546 910 1546 909 1546 906 1546 911 1546 912 1546 906 1546 908 1546 911 1546 807 1703 806 1703 805 1703 876 1704 875 1704 913 1704 877 1705 897 1705 878 1705 890 1706 892 1706 914 1706 890 1707 914 1707 891 1707 913 1708 895 1708 876 1708 915 1709 916 1709 917 1709 915 1710 917 1710 918 1710 918 1711 917 1711 919 1711 918 1712 919 1712 920 1712 918 1713 920 1713 921 1713 922 1714 923 1714 924 1714 922 1715 924 1715 925 1715 925 1716 924 1716 926 1716 925 1717 926 1717 916 1717 925 1718 916 1718 915 1718 927 1719 928 1719 929 1719 929 1720 928 1720 930 1720 929 1721 930 1721 931 1721 929 1722 931 1722 922 1722 922 1723 931 1723 923 1723 921 1724 920 1724 932 1724 921 1725 932 1725 933 1725 921 1726 933 1726 927 1726 927 1727 933 1727 934 1727 927 1728 934 1728 928 1728 935 1729 936 1729 937 1729 935 1730 937 1730 938 1730 938 1731 937 1731 939 1731 938 1732 939 1732 940 1732 940 1733 939 1733 941 1733 942 1734 943 1734 944 1734 942 1735 944 1735 945 1735 945 1736 944 1736 946 1736 945 1737 946 1737 935 1737 935 1738 946 1738 936 1738 947 1739 948 1739 949 1739 947 1740 949 1740 950 1740 950 1741 949 1741 951 1741 950 1742 951 1742 943 1742 950 1743 943 1743 942 1743 940 1744 941 1744 952 1744 940 1745 952 1745 953 1745 953 1746 952 1746 954 1746 953 1747 954 1747 947 1747 947 1748 954 1748 948 1748 955 1749 956 1749 957 1749 955 1750 957 1750 958 1750 958 1751 957 1751 959 1751 958 1752 959 1752 960 1752 958 1753 960 1753 961 1753 962 1754 963 1754 964 1754 964 1755 963 1755 965 1755 964 1756 965 1756 956 1756 964 1757 956 1757 955 1757 966 1758 967 1758 968 1758 966 1759 968 1759 969 1759 966 1760 969 1760 962 1760 962 1761 969 1761 970 1761 962 1762 970 1762 963 1762 961 1763 960 1763 971 1763 961 1764 971 1764 972 1764 972 1765 971 1765 973 1765 972 1766 973 1766 966 1766 966 1767 973 1767 967 1767 974 1768 975 1768 976 1768 974 1769 976 1769 977 1769 977 1770 976 1770 978 1770 977 1771 978 1771 979 1771 977 1772 979 1772 980 1772 980 1773 979 1773 981 1773 980 1774 981 1774 982 1774 982 1775 981 1775 983 1775 982 1776 983 1776 984 1776 982 1777 984 1777 985 1777 985 1778 984 1778 986 1778 985 1779 986 1779 987 1779 987 1780 986 1780 988 1780 987 1781 988 1781 989 1781 989 1782 988 1782 990 1782 989 1783 990 1783 991 1783 991 1784 990 1784 992 1784 991 1785 992 1785 975 1785 991 1786 975 1786 974 1786 993 1787 994 1787 995 1787 995 1788 994 1788 996 1788 997 1789 998 1789 999 1789 1000 1790 1001 1790 1002 1790 1003 1791 1004 1791 1005 1791 999 1792 1006 1792 997 1792 1007 1793 998 1793 997 1793 999 1794 1005 1794 1006 1794 1008 1795 996 1795 994 1795 1008 1796 1009 1796 996 1796 1010 1797 1009 1797 1011 1797 1011 1798 1009 1798 1008 1798 1012 1799 998 1799 1007 1799 1012 1800 1007 1800 1013 1800 1014 1801 501 1801 500 1801 1015 1802 487 1802 488 1802 483 1803 491 1803 1015 1803 487 1804 1015 1804 490 1804 1015 1805 491 1805 490 1805 489 1806 1015 1806 488 1806 501 1807 1014 1807 502 1807 1016 1808 1017 1808 1018 1808 1019 1809 1020 1809 1014 1809 506 1810 1014 1810 507 1810 507 1811 1014 1811 493 1811 493 1812 1014 1812 492 1812 502 1813 1014 1813 503 1813 503 1814 1014 1814 504 1814 504 1815 1014 1815 505 1815 505 1816 1014 1816 506 1816 494 1817 323 1817 1014 1817 1014 1818 495 1818 494 1818 1014 1819 497 1819 496 1819 1014 1820 499 1820 498 1820 1014 1821 498 1821 497 1821 1014 1822 496 1822 495 1822 273 1823 484 1823 1015 1823 1015 1824 484 1824 485 1824 485 1825 486 1825 1015 1825 1015 1826 486 1826 1021 1826 1021 1827 483 1827 1015 1827 1014 1828 500 1828 499 1828 1022 1829 1023 1829 1024 1829 1025 1830 1026 1830 1022 1830 1022 1831 1026 1831 1023 1831 1027 1832 1028 1832 1029 1832 1030 1833 1031 1833 1032 1833 1032 1834 1031 1834 1033 1834 1034 1835 1035 1835 1036 1835 1036 1836 1035 1836 1028 1836 1033 1837 1037 1837 1038 1837 1034 1838 1036 1838 1038 1838 1034 1839 1038 1839 1037 1839 1032 1840 1033 1840 1038 1840 1029 1841 1028 1841 1039 1841 1029 1842 1040 1842 1027 1842 1041 1843 1042 1843 1043 1843 1042 1844 1026 1844 1025 1844 1025 1845 1043 1845 1042 1845 1044 1846 1045 1846 1024 1846 1039 1847 1028 1847 1035 1847 1045 1848 1030 1848 1024 1848 492 1849 1046 1849 493 1849 493 1850 1046 1850 507 1850 507 1851 1046 1851 506 1851 506 1852 1046 1852 505 1852 505 1853 1046 1853 504 1853 504 1854 1046 1854 503 1854 503 1855 1046 1855 502 1855 502 1856 1046 1856 501 1856 501 1857 1046 1857 500 1857 500 1858 1046 1858 499 1858 499 1859 1046 1859 498 1859 498 1860 1046 1860 497 1860 497 1861 1046 1861 496 1861 496 1862 1046 1862 495 1862 495 1863 1046 1863 494 1863 494 1864 1046 1864 323 1864 1047 1865 1048 1865 1049 1865 1050 1866 1051 1866 1052 1866 488 1867 487 1867 1053 1867 487 1868 490 1868 1053 1868 1053 1869 490 1869 491 1869 1053 1870 491 1870 483 1870 1053 1871 483 1871 1021 1871 486 1872 485 1872 1021 1872 1021 1873 485 1873 484 1873 1021 1874 484 1874 273 1874 489 1875 488 1875 1053 1875 1054 1876 1055 1876 1056 1876 1057 1877 1058 1877 1059 1877 1060 1878 1061 1878 1062 1878 1063 1879 1060 1879 1064 1879 1065 1880 1066 1880 1067 1880 1067 1881 1068 1881 1069 1881 1070 1882 1071 1882 1052 1882 1072 1883 1066 1883 1065 1883 1055 1884 1073 1884 1074 1884 1056 1885 1055 1885 1074 1885 1059 1886 1056 1886 1074 1886 1075 1887 1062 1887 1061 1887 1061 1888 1058 1888 1057 1888 1061 1889 1057 1889 1075 1889 1070 1890 1052 1890 1063 1890 1059 1891 1058 1891 1056 1891 1076 1892 1077 1892 1078 1892 1076 1893 1078 1893 1066 1893 1066 1894 1072 1894 1076 1894 1079 1895 1080 1895 1081 1895 1082 1896 1083 1896 1079 1896 1081 1897 1084 1897 1079 1897 1085 1898 1086 1898 1087 1898 1085 1899 1087 1899 1088 1899 1089 1900 1090 1900 1091 1900 1092 1901 1087 1901 1091 1901 1085 1902 1093 1902 1086 1902 1094 1903 1080 1903 1079 1903 1079 1904 1083 1904 1094 1904 1081 1905 1095 1905 1084 1905 1092 1906 1088 1906 1087 1906 1096 1907 1084 1907 1095 1907 1041 1908 1043 1908 1097 1908 1098 1909 1027 1909 1040 1909 1099 1910 995 1910 996 1910 1099 1911 993 1911 995 1911 1013 1912 1100 1912 1012 1912 1101 1913 1102 1913 1103 1913 1104 1914 1105 1914 1106 1914 1014 1915 323 1915 1107 1915 1108 1916 1109 1916 1110 1916 1110 1917 1109 1917 1111 1917 1111 1918 1109 1918 1112 1918 1112 1919 1107 1919 1111 1919 1112 1920 1019 1920 1014 1920 1112 1921 1014 1921 1107 1921 1020 1922 1019 1922 1112 1922 1113 1923 1020 1923 1114 1923 1017 1924 1016 1924 1115 1924 1115 1925 1018 1925 1017 1925 1032 1926 1018 1926 1115 1926 1032 1927 1038 1927 1116 1927 1117 1928 1116 1928 1038 1928 1118 1929 1119 1929 1117 1929 1120 1930 1121 1930 1118 1930 1118 1931 1121 1931 1122 1931 1118 1932 1122 1932 1119 1932 1120 1933 1123 1933 1121 1933 1124 1934 392 1934 1125 1934 1124 1935 1126 1935 392 1935 1127 1936 1126 1936 1124 1936 1127 1937 1128 1937 1126 1937 1127 1938 1129 1938 1128 1938 1129 1939 1127 1939 1130 1939 1130 1940 1131 1940 1129 1940 1132 1941 1133 1941 1130 1941 1133 1942 1131 1942 1130 1942 1132 1943 1134 1943 1133 1943 1135 1944 1134 1944 1136 1944 1136 1945 1137 1945 1135 1945 1138 1946 1137 1946 1136 1946 1139 1947 1138 1947 1136 1947 1140 1948 1138 1948 1139 1948 1140 1949 1139 1949 1141 1949 1142 1950 1141 1950 1139 1950 1142 1951 1143 1951 1141 1951 1015 1952 1143 1952 1144 1952 1144 1953 1143 1953 1142 1953 1145 1954 1015 1954 1144 1954 1015 1955 1145 1955 273 1955 1146 1956 998 1956 1012 1956 1147 1957 1104 1957 1106 1957 1147 1958 1106 1958 1148 1958 1148 1959 1106 1959 1149 1959 1149 1960 1106 1960 1150 1960 1149 1961 1150 1961 1151 1961 1151 1962 1150 1962 1152 1962 1151 1963 1152 1963 1153 1963 1153 1964 1152 1964 1146 1964 1146 1965 1152 1965 998 1965 1154 1966 1005 1966 999 1966 1152 1967 999 1967 998 1967 1155 1968 1002 1968 1001 1968 1009 1969 1010 1969 1156 1969 1156 1970 1010 1970 1002 1970 996 1971 1009 1971 1156 1971 996 1972 1156 1972 1157 1972 1158 1973 1159 1973 1156 1973 1156 1974 1159 1974 1157 1974 1158 1975 1160 1975 1159 1975 1103 1976 1161 1976 1160 1976 1103 1977 1160 1977 1158 1977 1103 1978 1102 1978 1161 1978 1102 1979 1101 1979 1162 1979 1162 1980 1101 1980 1163 1980 1163 1981 1101 1981 1164 1981 1163 1982 1164 1982 1165 1982 1166 1983 1165 1983 1164 1983 1167 1984 1168 1984 1166 1984 1166 1985 1168 1985 1165 1985 1169 1986 1028 1986 1027 1986 1170 1987 1036 1987 1028 1987 1030 1988 1032 1988 1115 1988 1030 1989 1115 1989 1024 1989 1024 1990 1171 1990 1022 1990 1172 1991 1043 1991 1025 1991 1173 1992 1174 1992 1175 1992 1176 1993 1177 1993 1144 1993 1176 1994 1144 1994 1178 1994 1003 1995 1005 1995 1179 1995 1179 1996 1005 1996 1154 1996 1179 1997 1154 1997 1180 1997 1180 1998 1154 1998 1181 1998 1180 1999 1181 1999 1178 1999 1178 2000 1181 2000 1176 2000 1177 2001 1176 2001 1105 2001 1154 2002 999 2002 1152 2002 1154 2003 1152 2003 1150 2003 1154 2004 1150 2004 1181 2004 1181 2005 1150 2005 1106 2005 1181 2006 1106 2006 1176 2006 1176 2007 1106 2007 1105 2007 1177 2008 1145 2008 1144 2008 1178 2009 1144 2009 1142 2009 1178 2010 1142 2010 1180 2010 1180 2011 1142 2011 1139 2011 1180 2012 1139 2012 1179 2012 1179 2013 1139 2013 1136 2013 1179 2014 1136 2014 1003 2014 1003 2015 1136 2015 1001 2015 1001 2016 1136 2016 1155 2016 1155 2017 1136 2017 1134 2017 1155 2018 1134 2018 1132 2018 1155 2019 1132 2019 1182 2019 1182 2020 1132 2020 1130 2020 1182 2021 1130 2021 1183 2021 1183 2022 1130 2022 1127 2022 1183 2023 1127 2023 1124 2023 1120 2024 1184 2024 1185 2024 1118 2025 1036 2025 1170 2025 1118 2026 1170 2026 1120 2026 1120 2027 1170 2027 1184 2027 1170 2028 1186 2028 1184 2028 1184 2029 1186 2029 1166 2029 1184 2030 1166 2030 1185 2030 1185 2031 1166 2031 1187 2031 1185 2032 1187 2032 1124 2032 1124 2033 1187 2033 1188 2033 1124 2034 1188 2034 1183 2034 1183 2035 1188 2035 1189 2035 1183 2036 1189 2036 1182 2036 1182 2037 1189 2037 1190 2037 1182 2038 1190 2038 1155 2038 1155 2039 1190 2039 1156 2039 1155 2040 1156 2040 1002 2040 1022 2041 1171 2041 1191 2041 1192 2042 1193 2042 1191 2042 1194 2043 1175 2043 1195 2043 1109 2044 1194 2044 1196 2044 1025 2045 1022 2045 1172 2045 1172 2046 1022 2046 1191 2046 1172 2047 1191 2047 1197 2047 1156 2048 1190 2048 1158 2048 1158 2049 1190 2049 1189 2049 1158 2050 1189 2050 1103 2050 1103 2051 1189 2051 1188 2051 1103 2052 1188 2052 1101 2052 1101 2053 1188 2053 1187 2053 1101 2054 1187 2054 1164 2054 1164 2055 1187 2055 1166 2055 1167 2056 1166 2056 1186 2056 1167 2057 1186 2057 1198 2057 1198 2058 1186 2058 1199 2058 1199 2059 1186 2059 1170 2059 1199 2060 1170 2060 1169 2060 1169 2061 1170 2061 1028 2061 1117 2062 1038 2062 1118 2062 1038 2063 1036 2063 1118 2063 1123 2064 1120 2064 1185 2064 1123 2065 1185 2065 1125 2065 1125 2066 1185 2066 1124 2066 1193 2067 1197 2067 1191 2067 1115 2068 1171 2068 1024 2068 1174 2069 1192 2069 1175 2069 1175 2070 1192 2070 1191 2070 1175 2071 1191 2071 1200 2071 1200 2072 1191 2072 1171 2072 1200 2073 1171 2073 1115 2073 1114 2074 1020 2074 1112 2074 1114 2075 1195 2075 1115 2075 1114 2076 1115 2076 1201 2076 1201 2077 1115 2077 1016 2077 1109 2078 1196 2078 1112 2078 1112 2079 1196 2079 1114 2079 1113 2080 1114 2080 1202 2080 1196 2081 1194 2081 1195 2081 1196 2082 1195 2082 1114 2082 1114 2083 1201 2083 1202 2083 1108 2084 1203 2084 1109 2084 1109 2085 1203 2085 1204 2085 1109 2086 1204 2086 1194 2086 1194 2087 1204 2087 1205 2087 1194 2088 1205 2088 1173 2088 1194 2089 1173 2089 1175 2089 1195 2090 1175 2090 1200 2090 1195 2091 1200 2091 1115 2091 1054 2092 1206 2092 1207 2092 1055 2093 1054 2093 1207 2093 1055 2094 1207 2094 1073 2094 1208 2095 1078 2095 1077 2095 1021 2096 273 2096 1145 2096 1087 2097 1086 2097 1209 2097 1210 2098 1056 2098 1211 2098 1210 2099 1054 2099 1056 2099 1212 2100 1213 2100 1214 2100 1213 2101 1215 2101 1216 2101 1216 2102 1215 2102 1217 2102 1216 2103 1217 2103 1218 2103 1216 2104 1218 2104 1219 2104 1220 2105 1221 2105 1222 2105 1222 2106 1221 2106 1219 2106 1222 2107 1219 2107 1218 2107 1221 2108 1220 2108 1223 2108 1223 2109 1220 2109 1224 2109 1223 2110 1224 2110 1225 2110 1225 2111 1224 2111 1226 2111 1225 2112 1226 2112 1227 2112 1227 2113 1226 2113 1228 2113 1228 2114 1226 2114 1229 2114 1229 2115 1209 2115 1228 2115 1091 2116 1087 2116 1229 2116 1229 2117 1087 2117 1209 2117 1230 2118 1231 2118 1089 2118 1230 2119 1089 2119 1091 2119 1232 2120 1233 2120 1234 2120 1233 2121 1232 2121 1231 2121 1234 2122 1233 2122 1235 2122 1234 2123 1235 2123 1096 2123 1084 2124 1096 2124 1236 2124 1082 2125 1079 2125 1237 2125 1238 2126 1105 2126 1104 2126 1079 2127 1084 2127 1237 2127 1237 2128 1084 2128 1236 2128 1237 2129 1236 2129 1239 2129 1239 2130 1236 2130 1240 2130 1239 2131 1240 2131 1241 2131 1241 2132 1240 2132 1242 2132 1241 2133 1242 2133 1243 2133 1243 2134 1242 2134 1244 2134 1243 2135 1244 2135 1245 2135 1245 2136 1244 2136 1238 2136 1245 2137 1238 2137 1104 2137 1021 2138 1145 2138 1053 2138 1053 2139 1246 2139 1247 2139 1248 2140 1249 2140 1247 2140 1248 2141 1247 2141 1246 2141 1248 2142 1250 2142 1249 2142 1250 2143 1248 2143 1251 2143 1251 2144 1252 2144 1250 2144 1233 2145 1253 2145 1251 2145 1251 2146 1253 2146 1252 2146 1254 2147 1253 2147 1233 2147 1255 2148 1256 2148 1257 2148 1255 2149 1258 2149 1256 2149 1258 2150 1255 2150 1259 2150 1260 2151 1259 2151 1261 2151 1261 2152 1259 2152 1255 2152 1261 2153 1262 2153 1260 2153 1263 2154 1264 2154 1262 2154 1263 2155 1262 2155 1261 2155 1264 2156 1265 2156 259 2156 1265 2157 1264 2157 1263 2157 1265 2158 1266 2158 259 2158 1267 2159 1268 2159 1269 2159 1267 2160 1270 2160 1268 2160 1271 2161 1272 2161 1273 2161 1273 2162 1272 2162 1267 2162 1267 2163 1272 2163 1270 2163 1274 2164 1060 2164 1063 2164 1274 2165 1063 2165 1052 2165 1052 2166 1071 2166 1050 2166 1275 2167 1049 2167 1276 2167 1275 2168 1047 2168 1049 2168 1277 2169 1048 2169 1278 2169 1048 2170 1047 2170 1278 2170 1107 2171 1279 2171 1277 2171 1046 2172 1107 2172 323 2172 1280 2173 1281 2173 1282 2173 1283 2174 1066 2174 1078 2174 1068 2175 1051 2175 1071 2175 1071 2176 1051 2176 1050 2176 1274 2177 1061 2177 1060 2177 1284 2178 1285 2178 1110 2178 1286 2179 1281 2179 1284 2179 1284 2180 1281 2180 1285 2180 1286 2181 1282 2181 1281 2181 1285 2182 1287 2182 1110 2182 1110 2183 1287 2183 1108 2183 1288 2184 1282 2184 1289 2184 1289 2185 1282 2185 1286 2185 1288 2186 1289 2186 1067 2186 1288 2187 1067 2187 1066 2187 1288 2188 1066 2188 1283 2188 1288 2189 1283 2189 1290 2189 1288 2190 1290 2190 1282 2190 1282 2191 1290 2191 1291 2191 1282 2192 1291 2192 1280 2192 1292 2193 1058 2193 1061 2193 1267 2194 1266 2194 1293 2194 1267 2195 1293 2195 1294 2195 1266 2196 1295 2196 1293 2196 1295 2197 1217 2197 1293 2197 1293 2198 1217 2198 1215 2198 1293 2199 1215 2199 1212 2199 1293 2200 1212 2200 1294 2200 1294 2201 1212 2201 1296 2201 1294 2202 1296 2202 1292 2202 1292 2203 1296 2203 1211 2203 1292 2204 1211 2204 1058 2204 1058 2205 1211 2205 1056 2205 1230 2206 1297 2206 1298 2206 1298 2207 1297 2207 1299 2207 1298 2208 1299 2208 1300 2208 1300 2209 1299 2209 1220 2209 1300 2210 1220 2210 1301 2210 1301 2211 1220 2211 1222 2211 1301 2212 1222 2212 1295 2212 1295 2213 1222 2213 1218 2213 1053 2214 1145 2214 1246 2214 1254 2215 1233 2215 1257 2215 1257 2216 1233 2216 1230 2216 1257 2217 1230 2217 1255 2217 1255 2218 1230 2218 1298 2218 1255 2219 1298 2219 1261 2219 1261 2220 1298 2220 1300 2220 1261 2221 1300 2221 1263 2221 1263 2222 1300 2222 1301 2222 1263 2223 1301 2223 1265 2223 1265 2224 1301 2224 1295 2224 1265 2225 1295 2225 1266 2225 1295 2226 1218 2226 1217 2226 1145 2227 1177 2227 1246 2227 1246 2228 1177 2228 1302 2228 1246 2229 1302 2229 1248 2229 1248 2230 1302 2230 1303 2230 1248 2231 1303 2231 1251 2231 1251 2232 1303 2232 1235 2232 1251 2233 1235 2233 1233 2233 1233 2234 1231 2234 1230 2234 1230 2235 1091 2235 1297 2235 1177 2236 1105 2236 1304 2236 1302 2237 1305 2237 1303 2237 1303 2238 1305 2238 1242 2238 1303 2239 1242 2239 1240 2239 1177 2240 1304 2240 1302 2240 1302 2241 1304 2241 1305 2241 1303 2242 1240 2242 1235 2242 1235 2243 1240 2243 1236 2243 1235 2244 1236 2244 1096 2244 1297 2245 1091 2245 1229 2245 1297 2246 1229 2246 1226 2246 1297 2247 1226 2247 1299 2247 1299 2248 1226 2248 1224 2248 1299 2249 1224 2249 1220 2249 1212 2250 1215 2250 1213 2250 1296 2251 1212 2251 1214 2251 1296 2252 1214 2252 1306 2252 1296 2253 1306 2253 1211 2253 1304 2254 1105 2254 1238 2254 1304 2255 1238 2255 1305 2255 1305 2256 1238 2256 1244 2256 1305 2257 1244 2257 1242 2257 1278 2258 1107 2258 1277 2258 1276 2259 1051 2259 1275 2259 1046 2260 1279 2260 1107 2260 1107 2261 1278 2261 1284 2261 1284 2262 1111 2262 1107 2262 1047 2263 1275 2263 1278 2263 1278 2264 1275 2264 1286 2264 1278 2265 1286 2265 1284 2265 1051 2266 1068 2266 1067 2266 1051 2267 1067 2267 1289 2267 1051 2268 1289 2268 1275 2268 1275 2269 1289 2269 1286 2269 1061 2270 1274 2270 1273 2270 1273 2271 1274 2271 1271 2271 1110 2272 1111 2272 1284 2272 1269 2273 259 2273 1266 2273 1269 2274 1266 2274 1267 2274 1267 2275 1294 2275 1273 2275 1273 2276 1294 2276 1292 2276 1273 2277 1292 2277 1061 2277 1082 2278 1307 2278 1083 2278 1308 2279 1086 2279 1093 2279 1086 2280 1308 2280 1309 2280 1172 2281 1097 2281 1043 2281 1192 2282 1174 2282 1173 2282 1169 2283 1027 2283 1098 2283 1099 2284 996 2284 1310 2284 1013 2285 1311 2285 1100 2285 1100 2286 1146 2286 1012 2286 1086 2287 1309 2287 1209 2287 1054 2288 1210 2288 1206 2288 1283 2289 1078 2289 1208 2289 1237 2290 1307 2290 1082 2290 1312 2291 1308 2291 1313 2291 1314 2292 1083 2292 1307 2292 1203 2293 1108 2293 1315 2293 1192 2294 1173 2294 1316 2294 1316 2295 1173 2295 1317 2295 1317 2296 1173 2296 1205 2296 1317 2297 1205 2297 1318 2297 1318 2298 1205 2298 1204 2298 1318 2299 1204 2299 1319 2299 1319 2300 1204 2300 1203 2300 1319 2301 1203 2301 1315 2301 1320 2302 1197 2302 1193 2302 1320 2303 1193 2303 1321 2303 1321 2304 1193 2304 1192 2304 1321 2305 1192 2305 1316 2305 1322 2306 1323 2306 1097 2306 1322 2307 1097 2307 1172 2307 1322 2308 1172 2308 1320 2308 1320 2309 1172 2309 1197 2309 1324 2310 1169 2310 1098 2310 1324 2311 1098 2311 1322 2311 1322 2312 1098 2312 1323 2312 1324 2313 1325 2313 1199 2313 1199 2314 1169 2314 1324 2314 1325 2315 1326 2315 1198 2315 1198 2316 1199 2316 1325 2316 1326 2317 1327 2317 1198 2317 1327 2318 1328 2318 1167 2318 1327 2319 1167 2319 1198 2319 1328 2320 1329 2320 1168 2320 1328 2321 1168 2321 1167 2321 1329 2322 1330 2322 1165 2322 1329 2323 1165 2323 1168 2323 1330 2324 1163 2324 1165 2324 1331 2325 1162 2325 1330 2325 1330 2326 1162 2326 1163 2326 1102 2327 1162 2327 1332 2327 1332 2328 1162 2328 1331 2328 1332 2329 1333 2329 1161 2329 1161 2330 1102 2330 1332 2330 1161 2331 1333 2331 1160 2331 1160 2332 1333 2332 1334 2332 1160 2333 1334 2333 1335 2333 1160 2334 1335 2334 1159 2334 1159 2335 1335 2335 1336 2335 1159 2336 1336 2336 1157 2336 1157 2337 1336 2337 1337 2337 1157 2338 1337 2338 996 2338 996 2339 1337 2339 1338 2339 1310 2340 996 2340 1338 2340 1310 2341 1338 2341 1339 2341 1146 2342 1100 2342 1340 2342 1340 2343 1100 2343 1338 2343 1338 2344 1100 2344 1311 2344 1338 2345 1311 2345 1339 2345 1146 2346 1340 2346 1341 2346 1146 2347 1341 2347 1153 2347 1153 2348 1341 2348 1342 2348 1153 2349 1342 2349 1151 2349 1151 2350 1342 2350 1343 2350 1151 2351 1343 2351 1149 2351 1343 2352 1344 2352 1149 2352 1149 2353 1344 2353 1148 2353 1148 2354 1344 2354 1345 2354 1148 2355 1345 2355 1346 2355 1148 2356 1346 2356 1147 2356 1147 2357 1346 2357 1104 2357 1347 2358 1307 2358 1237 2358 1281 2359 1348 2359 1349 2359 1314 2360 1307 2360 1347 2360 1347 2361 1308 2361 1312 2361 1347 2362 1312 2362 1314 2362 1308 2363 1347 2363 1350 2363 1308 2364 1350 2364 1309 2364 1309 2365 1350 2365 1209 2365 1209 2366 1350 2366 1351 2366 1209 2367 1351 2367 1228 2367 1351 2368 1352 2368 1228 2368 1352 2369 1353 2369 1227 2369 1352 2370 1227 2370 1228 2370 1353 2371 1354 2371 1225 2371 1353 2372 1225 2372 1227 2372 1354 2373 1355 2373 1223 2373 1354 2374 1223 2374 1225 2374 1355 2375 1356 2375 1221 2375 1355 2376 1221 2376 1223 2376 1357 2377 1219 2377 1356 2377 1356 2378 1219 2378 1221 2378 1219 2379 1357 2379 1216 2379 1216 2380 1357 2380 1358 2380 1216 2381 1358 2381 1213 2381 1213 2382 1358 2382 1359 2382 1213 2383 1359 2383 1214 2383 1214 2384 1359 2384 1360 2384 1214 2385 1360 2385 1306 2385 1306 2386 1360 2386 1361 2386 1306 2387 1361 2387 1211 2387 1211 2388 1361 2388 1362 2388 1211 2389 1362 2389 1210 2389 1210 2390 1362 2390 1363 2390 1364 2391 1365 2391 1363 2391 1363 2392 1365 2392 1206 2392 1363 2393 1206 2393 1210 2393 1208 2394 1365 2394 1364 2394 1208 2395 1364 2395 1366 2395 1208 2396 1366 2396 1283 2396 1283 2397 1366 2397 1367 2397 1283 2398 1367 2398 1290 2398 1290 2399 1367 2399 1368 2399 1290 2400 1368 2400 1291 2400 1291 2401 1368 2401 1369 2401 1291 2402 1369 2402 1280 2402 1348 2403 1281 2403 1369 2403 1369 2404 1281 2404 1280 2404 1315 2405 1108 2405 1370 2405 1370 2406 1108 2406 1287 2406 1370 2407 1287 2407 1349 2407 1349 2408 1287 2408 1285 2408 1349 2409 1285 2409 1281 2409 1237 2410 1371 2410 1347 2410 1237 2411 1239 2411 1371 2411 1371 2412 1239 2412 1372 2412 1372 2413 1239 2413 1241 2413 1372 2414 1241 2414 1373 2414 1373 2415 1241 2415 1243 2415 1373 2416 1243 2416 1374 2416 1374 2417 1243 2417 1375 2417 1375 2418 1243 2418 1245 2418 1375 2419 1245 2419 1376 2419 1376 2420 1245 2420 1104 2420 1104 2421 1346 2421 1376 2421 1321 2422 1377 2422 1320 2422 1318 2423 1378 2423 1317 2423 1379 2424 1380 2424 1381 2424 1382 2425 1383 2425 1384 2425 1385 2426 1380 2426 1379 2426 1386 2427 1383 2427 1387 2427 1386 2428 1388 2428 1389 2428 1389 2429 1388 2429 1390 2429 1389 2430 1390 2430 1391 2430 1391 2431 1390 2431 1392 2431 1391 2432 1392 2432 1393 2432 1393 2433 1394 2433 1395 2433 1395 2434 1394 2434 1396 2434 1395 2435 1396 2435 1397 2435 1398 2436 1399 2436 1400 2436 1319 2437 1315 2437 1401 2437 1319 2438 1401 2438 1402 2438 1319 2439 1402 2439 1318 2439 1318 2440 1402 2440 1403 2440 1318 2441 1403 2441 1378 2441 1378 2442 1403 2442 1317 2442 1404 2443 1400 2443 1405 2443 1405 2444 1400 2444 1399 2444 1405 2445 1399 2445 1406 2445 1407 2446 1408 2446 1388 2446 1407 2447 1388 2447 1409 2447 1409 2448 1388 2448 1387 2448 1409 2449 1387 2449 1410 2449 1410 2450 1387 2450 1382 2450 1410 2451 1382 2451 1411 2451 1411 2452 1382 2452 1412 2452 1411 2453 1412 2453 1413 2453 1413 2454 1412 2454 1385 2454 1413 2455 1385 2455 1414 2455 1414 2456 1385 2456 1379 2456 1414 2457 1379 2457 1415 2457 1415 2458 1379 2458 1416 2458 1415 2459 1416 2459 1417 2459 1417 2460 1416 2460 1418 2460 1417 2461 1418 2461 1419 2461 1419 2462 1418 2462 1420 2462 1419 2463 1420 2463 1421 2463 1421 2464 1420 2464 1422 2464 1421 2465 1422 2465 1423 2465 1423 2466 1422 2466 1424 2466 1423 2467 1424 2467 1425 2467 1425 2468 1424 2468 1426 2468 1425 2469 1426 2469 1427 2469 1427 2470 1426 2470 1428 2470 1427 2471 1428 2471 1429 2471 1429 2472 1428 2472 1430 2472 1429 2473 1430 2473 1431 2473 1431 2474 1430 2474 1432 2474 1431 2475 1432 2475 1433 2475 1433 2476 1432 2476 1434 2476 1433 2477 1434 2477 1435 2477 1435 2478 1434 2478 1436 2478 1435 2479 1436 2479 1437 2479 1438 2480 1439 2480 1440 2480 1438 2481 1440 2481 1441 2481 1442 2482 1441 2482 1443 2482 1442 2483 1443 2483 1444 2483 1406 2484 1399 2484 1397 2484 1406 2485 1397 2485 1445 2485 1445 2486 1397 2486 1396 2486 1445 2487 1396 2487 1446 2487 1446 2488 1396 2488 1394 2488 1446 2489 1394 2489 1447 2489 1447 2490 1394 2490 1392 2490 1447 2491 1392 2491 1408 2491 1408 2492 1392 2492 1390 2492 1408 2493 1390 2493 1388 2493 1437 2494 1436 2494 1448 2494 1437 2495 1448 2495 1449 2495 1449 2496 1448 2496 1450 2496 1450 2497 1448 2497 1451 2497 1450 2498 1451 2498 1439 2498 1439 2499 1451 2499 1452 2499 1439 2500 1452 2500 1440 2500 1441 2501 1440 2501 1453 2501 1441 2502 1453 2502 1443 2502 1444 2503 1443 2503 1454 2503 1444 2504 1454 2504 1455 2504 1397 2505 1399 2505 1456 2505 1392 2506 1394 2506 1393 2506 1388 2507 1386 2507 1387 2507 1387 2508 1383 2508 1382 2508 1412 2509 1382 2509 1384 2509 1412 2510 1384 2510 1380 2510 1412 2511 1380 2511 1385 2511 1379 2512 1381 2512 1416 2512 1416 2513 1381 2513 1457 2513 1416 2514 1457 2514 1418 2514 1418 2515 1457 2515 1458 2515 1418 2516 1458 2516 1420 2516 1420 2517 1458 2517 1459 2517 1420 2518 1459 2518 1422 2518 1422 2519 1459 2519 1460 2519 1422 2520 1460 2520 1424 2520 1424 2521 1460 2521 1461 2521 1424 2522 1461 2522 1426 2522 1426 2523 1461 2523 1462 2523 1426 2524 1462 2524 1428 2524 1428 2525 1462 2525 1463 2525 1428 2526 1463 2526 1430 2526 1430 2527 1463 2527 1432 2527 1432 2528 1463 2528 1464 2528 1432 2529 1464 2529 1434 2529 1434 2530 1464 2530 1465 2530 1434 2531 1465 2531 1436 2531 1436 2532 1465 2532 1466 2532 1436 2533 1466 2533 1448 2533 1448 2534 1466 2534 1467 2534 1448 2535 1467 2535 1468 2535 1448 2536 1468 2536 1451 2536 1440 2537 1452 2537 1469 2537 1440 2538 1469 2538 1453 2538 1443 2539 1453 2539 1470 2539 1443 2540 1470 2540 1454 2540 1403 2541 1402 2541 1471 2541 1403 2542 1471 2542 1472 2542 1403 2543 1472 2543 1317 2543 1317 2544 1472 2544 1473 2544 1317 2545 1473 2545 1316 2545 1316 2546 1473 2546 1474 2546 1316 2547 1474 2547 1321 2547 1321 2548 1474 2548 1475 2548 1321 2549 1475 2549 1377 2549 1377 2550 1475 2550 1407 2550 1377 2551 1407 2551 1320 2551 1320 2552 1407 2552 1322 2552 1322 2553 1407 2553 1409 2553 1322 2554 1409 2554 1324 2554 1324 2555 1409 2555 1325 2555 1401 2556 1404 2556 1402 2556 1402 2557 1404 2557 1405 2557 1402 2558 1405 2558 1471 2558 1409 2559 1410 2559 1325 2559 1325 2560 1410 2560 1411 2560 1325 2561 1411 2561 1326 2561 1326 2562 1411 2562 1413 2562 1326 2563 1413 2563 1327 2563 1327 2564 1413 2564 1414 2564 1327 2565 1414 2565 1328 2565 1328 2566 1414 2566 1415 2566 1328 2567 1415 2567 1329 2567 1329 2568 1415 2568 1417 2568 1329 2569 1417 2569 1330 2569 1330 2570 1417 2570 1419 2570 1330 2571 1419 2571 1421 2571 1330 2572 1421 2572 1331 2572 1331 2573 1421 2573 1423 2573 1331 2574 1423 2574 1332 2574 1332 2575 1423 2575 1425 2575 1332 2576 1425 2576 1333 2576 1333 2577 1425 2577 1427 2577 1333 2578 1427 2578 1334 2578 1334 2579 1427 2579 1429 2579 1334 2580 1429 2580 1335 2580 1335 2581 1429 2581 1431 2581 1335 2582 1431 2582 1336 2582 1336 2583 1431 2583 1433 2583 1336 2584 1433 2584 1337 2584 1337 2585 1433 2585 1435 2585 1337 2586 1435 2586 1338 2586 1338 2587 1435 2587 1476 2587 1338 2588 1476 2588 1340 2588 1340 2589 1476 2589 1477 2589 1340 2590 1477 2590 1341 2590 1341 2591 1477 2591 1342 2591 1342 2592 1477 2592 1478 2592 1342 2593 1478 2593 1343 2593 1343 2594 1478 2594 1344 2594 1344 2595 1478 2595 1479 2595 1345 2596 1344 2596 1479 2596 1345 2597 1479 2597 1346 2597 1346 2598 1479 2598 1480 2598 1471 2599 1405 2599 1406 2599 1471 2600 1406 2600 1472 2600 1472 2601 1406 2601 1445 2601 1472 2602 1445 2602 1473 2602 1473 2603 1445 2603 1446 2603 1473 2604 1446 2604 1474 2604 1474 2605 1446 2605 1447 2605 1474 2606 1447 2606 1475 2606 1475 2607 1447 2607 1408 2607 1475 2608 1408 2608 1407 2608 1476 2609 1435 2609 1437 2609 1476 2610 1437 2610 1449 2610 1476 2611 1449 2611 1477 2611 1477 2612 1449 2612 1450 2612 1477 2613 1450 2613 1439 2613 1477 2614 1439 2614 1478 2614 1478 2615 1439 2615 1438 2615 1478 2616 1438 2616 1441 2616 1478 2617 1441 2617 1479 2617 1479 2618 1441 2618 1442 2618 1479 2619 1442 2619 1444 2619 1479 2620 1444 2620 1480 2620 1480 2621 1444 2621 1455 2621 1376 2622 1346 2622 1480 2622 1376 2623 1480 2623 1481 2623 1376 2624 1481 2624 1375 2624 1375 2625 1481 2625 1374 2625 1374 2626 1481 2626 1482 2626 1374 2627 1482 2627 1373 2627 1373 2628 1482 2628 1483 2628 1373 2629 1483 2629 1372 2629 1372 2630 1483 2630 1371 2630 1371 2631 1483 2631 1484 2631 1371 2632 1484 2632 1347 2632 1347 2633 1484 2633 1350 2633 1351 2634 1350 2634 1485 2634 1351 2635 1485 2635 1486 2635 1351 2636 1486 2636 1352 2636 1352 2637 1486 2637 1487 2637 1352 2638 1487 2638 1353 2638 1353 2639 1487 2639 1488 2639 1353 2640 1488 2640 1354 2640 1354 2641 1488 2641 1489 2641 1354 2642 1489 2642 1355 2642 1355 2643 1489 2643 1490 2643 1355 2644 1490 2644 1356 2644 1356 2645 1490 2645 1491 2645 1356 2646 1491 2646 1357 2646 1357 2647 1491 2647 1492 2647 1357 2648 1492 2648 1358 2648 1358 2649 1492 2649 1493 2649 1367 2650 1494 2650 1368 2650 1368 2651 1494 2651 1495 2651 1368 2652 1495 2652 1369 2652 1369 2653 1495 2653 1496 2653 1369 2654 1496 2654 1348 2654 1496 2655 1497 2655 1348 2655 1348 2656 1497 2656 1349 2656 1349 2657 1497 2657 1370 2657 1498 2658 1404 2658 1401 2658 1499 2659 1400 2659 1404 2659 1500 2660 1501 2660 1400 2660 1501 2661 1500 2661 1502 2661 1503 2662 1504 2662 1505 2662 1505 2663 1504 2663 1506 2663 1506 2664 1507 2664 1505 2664 1505 2665 1507 2665 1508 2665 1508 2666 1507 2666 1509 2666 1508 2667 1509 2667 1510 2667 1510 2668 1509 2668 1511 2668 1512 2669 1513 2669 1511 2669 1511 2670 1513 2670 1510 2670 1513 2671 1512 2671 1514 2671 1513 2672 1514 2672 1515 2672 1516 2673 1515 2673 1514 2673 1515 2674 1516 2674 1517 2674 1515 2675 1517 2675 1518 2675 1518 2676 1517 2676 1519 2676 1518 2677 1519 2677 1520 2677 1518 2678 1520 2678 1521 2678 1522 2679 1523 2679 1520 2679 1520 2680 1523 2680 1521 2680 1524 2681 1525 2681 1526 2681 1527 2682 1528 2682 1529 2682 1529 2683 1528 2683 1530 2683 1530 2684 1531 2684 1532 2684 1532 2685 1531 2685 1533 2685 1532 2686 1533 2686 1534 2686 1534 2687 1533 2687 1535 2687 1534 2688 1535 2688 1536 2688 1536 2689 1535 2689 1537 2689 1536 2690 1537 2690 1538 2690 1538 2691 1537 2691 1539 2691 1539 2692 1537 2692 1540 2692 1539 2693 1540 2693 1541 2693 1541 2694 1540 2694 1542 2694 1541 2695 1542 2695 1543 2695 1543 2696 1542 2696 1544 2696 1543 2697 1544 2697 1545 2697 1545 2698 1544 2698 1524 2698 1545 2699 1524 2699 1546 2699 1546 2700 1524 2700 1526 2700 1455 2701 1454 2701 1547 2701 1455 2702 1547 2702 1548 2702 1548 2703 1547 2703 1549 2703 1548 2704 1549 2704 1550 2704 1550 2705 1549 2705 1551 2705 1550 2706 1551 2706 1552 2706 1552 2707 1551 2707 1553 2707 1552 2708 1553 2708 1554 2708 1554 2709 1553 2709 1555 2709 1554 2710 1555 2710 1556 2710 1556 2711 1555 2711 1527 2711 1556 2712 1527 2712 1557 2712 1557 2713 1527 2713 1529 2713 1529 2714 1530 2714 1558 2714 1558 2715 1530 2715 1532 2715 1557 2716 1529 2716 1484 2716 1484 2717 1529 2717 1558 2717 1558 2718 1532 2718 1485 2718 1485 2719 1532 2719 1534 2719 1485 2720 1534 2720 1486 2720 1486 2721 1534 2721 1536 2721 1486 2722 1536 2722 1487 2722 1487 2723 1536 2723 1538 2723 1487 2724 1538 2724 1488 2724 1488 2725 1538 2725 1539 2725 1488 2726 1539 2726 1489 2726 1489 2727 1539 2727 1541 2727 1489 2728 1541 2728 1490 2728 1490 2729 1541 2729 1543 2729 1490 2730 1543 2730 1491 2730 1491 2731 1543 2731 1545 2731 1491 2732 1545 2732 1492 2732 1492 2733 1545 2733 1546 2733 1492 2734 1546 2734 1493 2734 1480 2735 1455 2735 1548 2735 1480 2736 1548 2736 1481 2736 1481 2737 1548 2737 1550 2737 1481 2738 1550 2738 1552 2738 1481 2739 1552 2739 1482 2739 1482 2740 1552 2740 1554 2740 1482 2741 1554 2741 1556 2741 1482 2742 1556 2742 1483 2742 1483 2743 1556 2743 1557 2743 1483 2744 1557 2744 1484 2744 1484 2745 1558 2745 1350 2745 1350 2746 1558 2746 1485 2746 1503 2747 1502 2747 1504 2747 1514 2748 1512 2748 1516 2748 1520 2749 1559 2749 1522 2749 1522 2750 1559 2750 1560 2750 1522 2751 1560 2751 1526 2751 1400 2752 1499 2752 1500 2752 1500 2753 1499 2753 1561 2753 1500 2754 1561 2754 1502 2754 1502 2755 1561 2755 1504 2755 1507 2756 1506 2756 1562 2756 1507 2757 1562 2757 1509 2757 1509 2758 1562 2758 1563 2758 1509 2759 1563 2759 1511 2759 1511 2760 1563 2760 1564 2760 1511 2761 1564 2761 1512 2761 1512 2762 1564 2762 1565 2762 1512 2763 1565 2763 1516 2763 1516 2764 1565 2764 1566 2764 1516 2765 1566 2765 1517 2765 1517 2766 1566 2766 1567 2766 1517 2767 1567 2767 1519 2767 1519 2768 1567 2768 1568 2768 1519 2769 1568 2769 1520 2769 1520 2770 1568 2770 1559 2770 1561 2771 1569 2771 1504 2771 1504 2772 1569 2772 1570 2772 1504 2773 1570 2773 1506 2773 1506 2774 1570 2774 1562 2774 1568 2775 1571 2775 1559 2775 1559 2776 1571 2776 1572 2776 1559 2777 1572 2777 1560 2777 1560 2778 1572 2778 1493 2778 1560 2779 1493 2779 1546 2779 1404 2780 1498 2780 1499 2780 1499 2781 1498 2781 1561 2781 1561 2782 1498 2782 1573 2782 1561 2783 1573 2783 1569 2783 1562 2784 1574 2784 1563 2784 1563 2785 1574 2785 1575 2785 1563 2786 1575 2786 1564 2786 1564 2787 1575 2787 1576 2787 1564 2788 1576 2788 1565 2788 1565 2789 1576 2789 1577 2789 1565 2790 1577 2790 1566 2790 1566 2791 1577 2791 1578 2791 1566 2792 1578 2792 1567 2792 1567 2793 1578 2793 1568 2793 1573 2794 1496 2794 1569 2794 1569 2795 1496 2795 1495 2795 1569 2796 1495 2796 1570 2796 1570 2797 1495 2797 1494 2797 1570 2798 1494 2798 1562 2798 1562 2799 1494 2799 1574 2799 1578 2800 1361 2800 1568 2800 1568 2801 1361 2801 1360 2801 1568 2802 1360 2802 1571 2802 1571 2803 1360 2803 1359 2803 1571 2804 1359 2804 1572 2804 1572 2805 1359 2805 1493 2805 1401 2806 1315 2806 1370 2806 1401 2807 1370 2807 1498 2807 1498 2808 1370 2808 1497 2808 1498 2809 1497 2809 1573 2809 1573 2810 1497 2810 1496 2810 1494 2811 1367 2811 1574 2811 1574 2812 1367 2812 1366 2812 1574 2813 1366 2813 1575 2813 1575 2814 1366 2814 1364 2814 1575 2815 1364 2815 1576 2815 1576 2816 1364 2816 1363 2816 1576 2817 1363 2817 1577 2817 1577 2818 1363 2818 1362 2818 1577 2819 1362 2819 1578 2819 1578 2820 1362 2820 1361 2820 1359 2821 1358 2821 1493 2821 1560 2822 1546 2822 1526 2822 1579 2823 1524 2823 1544 2823 1579 2824 1544 2824 1542 2824 1579 2825 1542 2825 1580 2825 1580 2826 1542 2826 1581 2826 1581 2827 1542 2827 1540 2827 1581 2828 1540 2828 1582 2828 1582 2829 1540 2829 1537 2829 1582 2830 1537 2830 1583 2830 1583 2831 1537 2831 1535 2831 1583 2832 1535 2832 1584 2832 1584 2833 1535 2833 1533 2833 1584 2834 1533 2834 1585 2834 1585 2835 1533 2835 1586 2835 1586 2836 1533 2836 1531 2836 1586 2837 1531 2837 1587 2837 1587 2838 1531 2838 1588 2838 1588 2839 1531 2839 1530 2839 1588 2840 1530 2840 1528 2840 1588 2841 1528 2841 1589 2841 1589 2842 1528 2842 1527 2842 1589 2843 1527 2843 1590 2843 1590 2844 1527 2844 1591 2844 1591 2845 1527 2845 1555 2845 1591 2846 1555 2846 1592 2846 1592 2847 1555 2847 1553 2847 1592 2848 1553 2848 1593 2848 1593 2849 1553 2849 1594 2849 1594 2850 1553 2850 1551 2850 1594 2851 1551 2851 1595 2851 1595 2852 1551 2852 1549 2852 1595 2853 1549 2853 1547 2853 1595 2854 1547 2854 1596 2854 1596 2855 1547 2855 1597 2855 1597 2856 1547 2856 1454 2856 1597 2857 1454 2857 1598 2857 1598 2858 1454 2858 1470 2858 1598 2859 1470 2859 1599 2859 1599 2860 1470 2860 1453 2860 1599 2861 1453 2861 1600 2861 1600 2862 1453 2862 1601 2862 1601 2863 1453 2863 1602 2863 1602 2864 1453 2864 1469 2864 1602 2865 1469 2865 1603 2865 1603 2866 1469 2866 1452 2866 1603 2867 1452 2867 1604 2867 1604 2868 1452 2868 1451 2868 1604 2869 1451 2869 1605 2869 1605 2870 1451 2870 1468 2870 1605 2871 1468 2871 1606 2871 1606 2872 1468 2872 1467 2872 1606 2873 1467 2873 1607 2873 1607 2874 1467 2874 1466 2874 1607 2875 1466 2875 1608 2875 1466 2876 1465 2876 1608 2876 1608 2877 1465 2877 1609 2877 1609 2878 1465 2878 1610 2878 1610 2879 1465 2879 1464 2879 1610 2880 1464 2880 1611 2880 1611 2881 1464 2881 1612 2881 1612 2882 1464 2882 1463 2882 1462 2883 1613 2883 1463 2883 1463 2884 1613 2884 1612 2884 1613 2885 1462 2885 1614 2885 1614 2886 1462 2886 1615 2886 1615 2887 1462 2887 1461 2887 1615 2888 1461 2888 1616 2888 1616 2889 1461 2889 1460 2889 1616 2890 1460 2890 1617 2890 1617 2891 1460 2891 1618 2891 1618 2892 1460 2892 1459 2892 1579 2893 1619 2893 1524 2893 1620 2894 1523 2894 1522 2894 1620 2895 1522 2895 1526 2895 1621 2896 1515 2896 1518 2896 1513 2897 1515 2897 1621 2897 1503 2898 1622 2898 1623 2898 1503 2899 1623 2899 1502 2899 1502 2900 1623 2900 1501 2900 1400 2901 1501 2901 1624 2901 1625 2902 1513 2902 1626 2902 1627 2903 1518 2903 1628 2903 1628 2904 1518 2904 1521 2904 1523 2905 1629 2905 1521 2905 1521 2906 1629 2906 1628 2906 1523 2907 1630 2907 1629 2907 1620 2908 1631 2908 1523 2908 1523 2909 1631 2909 1630 2909 1518 2910 1627 2910 1632 2910 1518 2911 1632 2911 1621 2911 1621 2912 1632 2912 1626 2912 1621 2913 1626 2913 1513 2913 1510 2914 1513 2914 1633 2914 1510 2915 1633 2915 1508 2915 1508 2916 1633 2916 1634 2916 1505 2917 1635 2917 1503 2917 1503 2918 1635 2918 1622 2918 1524 2919 1619 2919 1525 2919 1525 2920 1619 2920 1636 2920 1525 2921 1636 2921 1526 2921 1526 2922 1636 2922 1637 2922 1526 2923 1637 2923 1620 2923 1620 2924 1637 2924 1631 2924 1638 2925 1635 2925 1505 2925 1638 2926 1505 2926 1639 2926 1639 2927 1505 2927 1508 2927 1639 2928 1508 2928 1634 2928 1633 2929 1513 2929 1625 2929 1400 2930 1624 2930 1398 2930 1399 2931 1398 2931 1456 2931 1456 2932 1640 2932 1397 2932 1397 2933 1640 2933 1395 2933 1458 2934 1641 2934 1459 2934 1642 2935 1381 2935 1643 2935 1644 2936 1389 2936 1645 2936 1645 2937 1389 2937 1646 2937 1456 2938 1647 2938 1640 2938 1456 2939 1398 2939 1647 2939 1395 2940 1640 2940 1648 2940 1395 2941 1648 2941 1393 2941 1393 2942 1648 2942 1649 2942 1393 2943 1649 2943 1650 2943 1393 2944 1650 2944 1391 2944 1391 2945 1650 2945 1646 2945 1643 2946 1381 2946 1380 2946 1643 2947 1380 2947 1651 2947 1389 2948 1391 2948 1646 2948 1386 2949 1389 2949 1644 2949 1386 2950 1644 2950 1652 2950 1386 2951 1652 2951 1383 2951 1383 2952 1652 2952 1653 2952 1383 2953 1653 2953 1384 2953 1384 2954 1653 2954 1654 2954 1384 2955 1654 2955 1655 2955 1384 2956 1655 2956 1380 2956 1380 2957 1655 2957 1651 2957 1458 2958 1457 2958 1656 2958 1458 2959 1656 2959 1657 2959 1657 2960 1641 2960 1458 2960 1642 2961 1656 2961 1457 2961 1642 2962 1457 2962 1381 2962 1618 2963 1459 2963 1641 2963 1602 2964 1603 2964 1658 2964 1605 2965 1606 2965 1659 2965 1608 2966 1609 2966 1660 2966 1587 2967 1588 2967 1661 2967 1661 2968 1588 2968 1589 2968 1594 2969 1595 2969 1662 2969 1662 2970 1595 2970 1596 2970 1663 2971 1597 2971 1598 2971 1664 2972 1598 2972 1599 2972 1593 2973 1594 2973 1662 2973 1596 2974 1597 2974 1663 2974 1663 2975 1598 2975 1664 2975 1600 2976 1601 2976 1665 2976 1665 2977 1601 2977 1602 2977 1658 2978 1603 2978 1604 2978 1658 2979 1604 2979 1666 2979 1666 2980 1604 2980 1605 2980 1659 2981 1606 2981 1607 2981 1659 2982 1607 2982 1667 2982 1667 2983 1607 2983 1608 2983 1660 2984 1609 2984 1610 2984 1619 2985 1579 2985 1580 2985 1661 2986 1589 2986 1590 2986 1591 2987 1592 2987 1593 2987 1664 2988 1599 2988 1600 2988 1665 2989 1602 2989 1658 2989 1666 2990 1605 2990 1659 2990 1667 2991 1608 2991 1660 2991 1660 2992 1610 2992 1611 2992 1614 2993 1615 2993 1616 2993 1629 2994 1627 2994 1628 2994 1631 2995 1637 2995 1630 2995 1668 2996 1634 2996 1633 2996 1625 2997 1668 2997 1633 2997 1634 2998 1668 2998 1639 2998 1657 2999 1618 2999 1641 2999 1643 3000 1669 3000 1642 3000 1669 3001 1657 3001 1656 3001 1670 3002 1645 3002 1646 3002 1649 3003 1670 3003 1650 3003 1650 3004 1670 3004 1646 3004 1645 3005 1652 3005 1644 3005 1656 3006 1642 3006 1669 3006 1647 3007 1671 3007 1640 3007 1672 3008 1639 3008 1673 3008 1640 3009 1671 3009 1648 3009 1674 3010 1675 3010 1655 3010 1676 3011 1501 3011 1623 3011 1676 3012 1623 3012 1677 3012 1677 3013 1623 3013 1622 3013 1677 3014 1622 3014 1672 3014 1672 3015 1622 3015 1635 3015 1672 3016 1635 3016 1638 3016 1672 3017 1638 3017 1639 3017 1671 3018 1678 3018 1648 3018 1648 3019 1678 3019 1649 3019 1674 3020 1654 3020 1679 3020 1674 3021 1655 3021 1654 3021 1639 3022 1668 3022 1673 3022 1678 3023 1680 3023 1649 3023 1649 3024 1680 3024 1670 3024 1670 3025 1680 3025 1645 3025 1645 3026 1680 3026 1681 3026 1645 3027 1681 3027 1652 3027 1675 3028 1651 3028 1655 3028 1637 3029 1682 3029 1630 3029 1630 3030 1682 3030 1629 3030 1629 3031 1682 3031 1683 3031 1629 3032 1683 3032 1627 3032 1627 3033 1683 3033 1684 3033 1627 3034 1684 3034 1632 3034 1626 3035 1685 3035 1625 3035 1625 3036 1685 3036 1668 3036 1668 3037 1685 3037 1673 3037 1676 3038 1686 3038 1501 3038 1501 3039 1686 3039 1624 3039 1624 3040 1686 3040 1398 3040 1398 3041 1686 3041 1687 3041 1398 3042 1687 3042 1647 3042 1647 3043 1687 3043 1671 3043 1652 3044 1681 3044 1653 3044 1653 3045 1681 3045 1679 3045 1653 3046 1679 3046 1654 3046 1632 3047 1684 3047 1688 3047 1632 3048 1688 3048 1626 3048 1626 3049 1688 3049 1685 3049 1675 3050 1689 3050 1651 3050 1651 3051 1689 3051 1643 3051 1659 3052 1690 3052 1666 3052 1666 3053 1690 3053 1691 3053 1666 3054 1691 3054 1658 3054 1658 3055 1691 3055 1692 3055 1658 3056 1692 3056 1693 3056 1658 3057 1693 3057 1665 3057 1665 3058 1693 3058 1694 3058 1665 3059 1694 3059 1600 3059 1600 3060 1694 3060 1695 3060 1600 3061 1695 3061 1664 3061 1664 3062 1695 3062 1663 3062 1663 3063 1695 3063 1696 3063 1663 3064 1696 3064 1596 3064 1596 3065 1696 3065 1697 3065 1596 3066 1697 3066 1662 3066 1662 3067 1697 3067 1698 3067 1662 3068 1698 3068 1593 3068 1593 3069 1698 3069 1699 3069 1593 3070 1699 3070 1591 3070 1591 3071 1699 3071 1590 3071 1661 3072 1700 3072 1587 3072 1582 3073 1701 3073 1581 3073 1667 3074 1702 3074 1659 3074 1659 3075 1702 3075 1690 3075 1587 3076 1700 3076 1586 3076 1586 3077 1700 3077 1703 3077 1586 3078 1703 3078 1585 3078 1585 3079 1703 3079 1704 3079 1585 3080 1704 3080 1584 3080 1584 3081 1704 3081 1583 3081 1583 3082 1704 3082 1705 3082 1583 3083 1705 3083 1582 3083 1582 3084 1705 3084 1701 3084 1637 3085 1636 3085 1682 3085 1682 3086 1636 3086 1706 3086 1706 3087 1636 3087 1619 3087 1706 3088 1619 3088 1580 3088 1706 3089 1580 3089 1701 3089 1701 3090 1580 3090 1581 3090 1707 3091 1708 3091 1660 3091 1660 3092 1708 3092 1667 3092 1667 3093 1708 3093 1702 3093 1699 3094 1700 3094 1590 3094 1590 3095 1700 3095 1661 3095 1643 3096 1689 3096 1669 3096 1657 3097 1709 3097 1618 3097 1618 3098 1709 3098 1710 3098 1613 3099 1711 3099 1612 3099 1612 3100 1711 3100 1712 3100 1612 3101 1712 3101 1611 3101 1611 3102 1712 3102 1707 3102 1611 3103 1707 3103 1660 3103 1713 3104 1669 3104 1689 3104 1709 3105 1657 3105 1713 3105 1713 3106 1657 3106 1669 3106 1618 3107 1710 3107 1617 3107 1617 3108 1710 3108 1714 3108 1617 3109 1714 3109 1616 3109 1616 3110 1714 3110 1614 3110 1614 3111 1714 3111 1715 3111 1614 3112 1715 3112 1711 3112 1614 3113 1711 3113 1613 3113 1698 3114 1716 3114 1717 3114 1698 3115 1717 3115 1718 3115 1718 3116 1717 3116 1719 3116 1700 3117 1720 3117 1721 3117 1700 3118 1721 3118 1722 3118 1723 3119 1721 3119 1720 3119 1723 3120 1720 3120 1724 3120 1723 3121 1724 3121 1725 3121 1726 3122 1717 3122 1716 3122 1727 3123 1728 3123 1729 3123 1730 3124 1731 3124 1722 3124 1730 3125 1722 3125 1721 3125 1725 3126 1724 3126 1718 3126 1725 3127 1718 3127 1719 3127 1727 3128 1726 3128 1728 3128 1732 3129 1733 3129 1734 3129 1735 3130 1705 3130 1736 3130 1731 3131 1730 3131 1737 3131 1738 3132 1701 3132 1739 3132 1740 3133 1736 3133 1705 3133 1735 3134 1701 3134 1705 3134 1733 3135 1704 3135 1703 3135 1699 3136 1720 3136 1700 3136 1738 3137 1706 3137 1701 3137 1731 3138 1703 3138 1700 3138 1731 3139 1700 3139 1722 3139 1724 3140 1720 3140 1699 3140 1724 3141 1699 3141 1718 3141 1716 3142 1698 3142 1697 3142 1729 3143 1728 3143 1696 3143 1739 3144 1701 3144 1741 3144 1741 3145 1701 3145 1735 3145 1740 3146 1705 3146 1704 3146 1740 3147 1704 3147 1732 3147 1732 3148 1704 3148 1733 3148 1737 3149 1703 3149 1731 3149 1718 3150 1699 3150 1698 3150 1728 3151 1697 3151 1696 3151 1742 3152 1706 3152 1738 3152 1734 3153 1733 3153 1703 3153 1734 3154 1703 3154 1737 3154 1726 3155 1716 3155 1697 3155 1726 3156 1697 3156 1728 3156 1729 3157 1696 3157 1743 3157 1743 3158 1696 3158 1695 3158 1743 3159 1695 3159 1744 3159 1744 3160 1695 3160 1694 3160 1744 3161 1694 3161 1745 3161 1746 3162 1745 3162 1693 3162 1747 3163 1746 3163 1692 3163 1747 3164 1692 3164 1748 3164 1748 3165 1691 3165 1749 3165 1749 3166 1690 3166 1750 3166 1751 3167 1750 3167 1702 3167 1752 3168 1751 3168 1708 3168 1753 3169 1752 3169 1707 3169 1753 3170 1707 3170 1754 3170 1754 3171 1707 3171 1755 3171 1754 3172 1755 3172 1756 3172 1756 3173 1755 3173 1712 3173 1756 3174 1712 3174 1757 3174 1757 3175 1712 3175 1758 3175 1758 3176 1712 3176 1711 3176 1758 3177 1711 3177 1759 3177 1759 3178 1711 3178 1715 3178 1759 3179 1715 3179 1760 3179 1760 3180 1715 3180 1714 3180 1760 3181 1714 3181 1761 3181 1761 3182 1714 3182 1710 3182 1761 3183 1710 3183 1762 3183 1745 3184 1694 3184 1693 3184 1746 3185 1693 3185 1692 3185 1748 3186 1692 3186 1691 3186 1749 3187 1691 3187 1690 3187 1750 3188 1690 3188 1702 3188 1751 3189 1702 3189 1708 3189 1752 3190 1708 3190 1707 3190 1755 3191 1707 3191 1712 3191 1671 3192 1763 3192 1764 3192 1671 3193 1764 3193 1678 3193 1671 3194 1765 3194 1763 3194 1766 3195 1767 3195 1681 3195 1768 3196 1769 3196 1709 3196 1770 3197 1768 3197 1713 3197 1713 3198 1768 3198 1709 3198 1679 3199 1771 3199 1674 3199 1767 3200 1772 3200 1681 3200 1674 3201 1773 3201 1675 3201 1675 3202 1773 3202 1774 3202 1675 3203 1774 3203 1689 3203 1774 3204 1770 3204 1689 3204 1771 3205 1773 3205 1674 3205 1681 3206 1772 3206 1679 3206 1679 3207 1772 3207 1771 3207 1681 3208 1775 3208 1766 3208 1687 3209 1765 3209 1671 3209 1680 3210 1775 3210 1681 3210 1762 3211 1709 3211 1769 3211 1689 3212 1770 3212 1713 3212 1709 3213 1762 3213 1710 3213 1683 3214 1776 3214 1777 3214 1684 3215 1777 3215 1778 3215 1684 3216 1778 3216 1779 3216 1684 3217 1779 3217 1688 3217 1688 3218 1779 3218 1780 3218 1682 3219 1706 3219 1781 3219 1781 3220 1706 3220 1742 3220 1782 3221 1682 3221 1783 3221 1781 3222 1783 3222 1682 3222 1682 3223 1782 3223 1683 3223 1683 3224 1782 3224 1776 3224 1683 3225 1777 3225 1684 3225 1784 3226 1785 3226 1672 3226 1784 3227 1672 3227 1786 3227 1787 3228 1786 3228 1673 3228 1786 3229 1672 3229 1673 3229 1788 3230 1673 3230 1685 3230 1785 3231 1677 3231 1672 3231 1780 3232 1685 3232 1688 3232 1789 3233 1788 3233 1685 3233 1789 3234 1685 3234 1780 3234 1790 3235 1791 3235 1792 3235 1792 3236 1793 3236 1790 3236 1792 3237 1794 3237 1793 3237 1792 3237 1795 3237 1794 3237 1792 3238 1796 3238 1795 3238 1792 3239 1797 3239 1796 3239 1792 3240 1798 3240 1797 3240 1792 3241 1799 3241 1798 3241 1800 3242 1799 3242 1792 3242 1726 3243 1801 3243 1717 3243 1717 3244 1801 3244 1802 3244 1717 3245 1802 3245 1719 3245 1719 3246 1802 3246 1725 3246 1725 3247 1802 3247 1803 3247 1725 3248 1803 3248 1723 3248 1723 3249 1803 3249 1721 3249 1721 3250 1803 3250 1804 3250 1721 3251 1804 3251 1730 3251 1730 3252 1804 3252 1737 3252 1737 3253 1804 3253 1805 3253 1737 3254 1805 3254 1734 3254 1734 3255 1805 3255 1732 3255 1732 3256 1805 3256 1806 3256 1732 3257 1806 3257 1740 3257 1740 3258 1806 3258 1736 3258 1736 3259 1806 3259 1807 3259 1736 3260 1807 3260 1735 3260 1735 3261 1807 3261 1741 3261 1741 3262 1807 3262 1808 3262 1741 3263 1808 3263 1739 3263 1739 3264 1808 3264 1738 3264 1738 3265 1808 3265 1809 3265 1738 3266 1809 3266 1742 3266 1726 3267 1727 3267 1801 3267 1801 3268 1727 3268 1810 3268 1810 3269 1727 3269 1729 3269 1810 3270 1729 3270 1743 3270 1810 3271 1743 3271 1811 3271 1811 3272 1743 3272 1744 3272 1811 3273 1744 3273 1745 3273 1811 3274 1745 3274 1812 3274 1745 3275 1746 3275 1812 3275 1746 3276 1747 3276 1812 3276 1812 3277 1747 3277 1813 3277 1813 3278 1747 3278 1748 3278 1813 3279 1748 3279 1749 3279 1813 3280 1749 3280 1814 3280 1751 3281 1814 3281 1750 3281 1750 3282 1814 3282 1749 3282 1814 3283 1751 3283 1815 3283 1751 3284 1752 3284 1815 3284 1752 3285 1753 3285 1815 3285 1815 3286 1753 3286 1816 3286 1816 3287 1753 3287 1754 3287 1816 3288 1754 3288 1756 3288 1816 3289 1756 3289 1817 3289 1817 3290 1756 3290 1757 3290 1817 3291 1757 3291 1758 3291 1817 3292 1758 3292 1818 3292 1758 3293 1759 3293 1818 3293 1762 3294 1819 3294 1761 3294 1761 3295 1819 3295 1820 3295 1761 3296 1820 3296 1760 3296 1760 3297 1820 3297 1818 3297 1760 3298 1818 3298 1759 3298 1819 3299 1762 3299 1769 3299 1819 3300 1769 3300 1821 3300 1821 3301 1769 3301 1768 3301 1821 3302 1768 3302 1770 3302 1821 3303 1770 3303 1822 3303 1822 3304 1770 3304 1774 3304 1822 3305 1774 3305 1823 3305 1823 3306 1774 3306 1773 3306 1823 3307 1773 3307 1824 3307 1825 3308 1767 3308 1826 3308 1824 3309 1773 3309 1771 3309 1824 3310 1771 3310 1825 3310 1825 3311 1771 3311 1772 3311 1825 3312 1772 3312 1767 3312 1826 3313 1767 3313 1766 3313 1826 3314 1766 3314 1775 3314 1826 3315 1775 3315 1827 3315 1827 3316 1775 3316 1680 3316 1827 3317 1680 3317 1678 3317 1827 3318 1678 3318 1828 3318 1828 3319 1678 3319 1764 3319 1828 3320 1764 3320 1763 3320 1828 3321 1763 3321 1829 3321 1829 3322 1763 3322 1765 3322 1829 3323 1765 3323 1687 3323 1829 3324 1687 3324 1686 3324 1829 3325 1686 3325 1830 3325 1830 3326 1686 3326 1676 3326 1830 3327 1676 3327 1677 3327 1830 3328 1677 3328 1831 3328 1832 3329 1788 3329 1833 3329 1833 3330 1788 3330 1789 3330 1677 3331 1785 3331 1831 3331 1831 3332 1785 3332 1784 3332 1831 3333 1784 3333 1834 3333 1834 3334 1784 3334 1786 3334 1834 3335 1786 3335 1787 3335 1834 3336 1787 3336 1832 3336 1832 3337 1787 3337 1673 3337 1832 3338 1673 3338 1788 3338 1833 3339 1789 3339 1780 3339 1833 3340 1780 3340 1835 3340 1835 3341 1780 3341 1779 3341 1835 3342 1779 3342 1778 3342 1835 3343 1778 3343 1777 3343 1835 3344 1777 3344 1836 3344 1777 3345 1776 3345 1836 3345 1836 3346 1776 3346 1782 3346 1836 3347 1782 3347 1837 3347 1837 3348 1782 3348 1783 3348 1837 3349 1783 3349 1781 3349 1837 3350 1781 3350 1742 3350 1837 3351 1742 3351 1809 3351 1838 3352 1801 3352 1810 3352 1839 3353 1837 3353 1809 3353 1819 3354 1840 3354 1820 3354 1830 3355 1841 3355 1842 3355 1843 3356 1818 3356 1840 3356 1840 3357 1818 3357 1820 3357 1803 3358 1838 3358 1844 3358 1844 3359 1804 3359 1803 3359 1842 3360 1829 3360 1830 3360 1842 3361 1828 3361 1829 3361 1810 3362 1811 3362 1838 3362 1838 3363 1811 3363 1812 3363 1838 3364 1812 3364 1845 3364 1845 3365 1812 3365 1813 3365 1838 3366 1803 3366 1802 3366 1838 3367 1802 3367 1801 3367 1844 3368 1805 3368 1804 3368 1841 3369 1830 3369 1831 3369 1846 3370 1827 3370 1842 3370 1827 3371 1846 3371 1826 3371 1824 3372 1825 3372 1846 3372 1845 3373 1813 3373 1814 3373 1847 3374 1806 3374 1805 3374 1847 3375 1805 3375 1844 3375 1846 3376 1825 3376 1826 3376 1847 3377 1807 3377 1806 3377 1841 3378 1831 3378 1834 3378 1842 3379 1827 3379 1828 3379 1848 3380 1823 3380 1846 3380 1846 3381 1823 3381 1824 3381 1848 3382 1822 3382 1823 3382 1843 3383 1817 3383 1818 3383 1814 3384 1815 3384 1845 3384 1845 3385 1815 3385 1843 3385 1843 3386 1815 3386 1816 3386 1839 3387 1809 3387 1808 3387 1839 3388 1808 3388 1847 3388 1847 3389 1808 3389 1807 3389 1832 3390 1833 3390 1849 3390 1841 3391 1834 3391 1849 3391 1849 3392 1834 3392 1832 3392 1848 3393 1821 3393 1822 3393 1843 3394 1816 3394 1817 3394 1849 3395 1836 3395 1839 3395 1839 3396 1836 3396 1837 3396 1849 3397 1833 3397 1835 3397 1840 3398 1819 3398 1821 3398 1840 3399 1821 3399 1848 3399 1849 3400 1835 3400 1836 3400 773 3401 927 3401 779 3401 779 3402 927 3402 778 3402 778 3403 927 3403 929 3403 778 3404 929 3404 777 3404 777 3405 929 3405 922 3405 777 3406 922 3406 776 3406 776 3407 922 3407 925 3407 776 3408 925 3408 774 3408 774 3409 925 3409 915 3409 774 3410 915 3410 918 3410 774 3411 918 3411 775 3411 775 3412 918 3412 921 3412 775 3413 921 3413 773 3413 773 3414 921 3414 927 3414 782 3415 938 3415 785 3415 785 3416 938 3416 940 3416 785 3417 940 3417 953 3417 785 3418 953 3418 786 3418 786 3419 953 3419 947 3419 786 3420 947 3420 780 3420 780 3421 947 3421 950 3421 780 3422 950 3422 784 3422 784 3423 950 3423 942 3423 784 3424 942 3424 783 3424 783 3425 942 3425 945 3425 783 3426 945 3426 781 3426 781 3427 945 3427 935 3427 781 3428 935 3428 782 3428 782 3429 935 3429 938 3429 789 3430 958 3430 793 3430 793 3431 958 3431 961 3431 793 3432 961 3432 791 3432 791 3433 961 3433 972 3433 791 3434 972 3434 792 3434 792 3435 972 3435 966 3435 792 3436 966 3436 787 3436 787 3437 966 3437 962 3437 787 3438 962 3438 964 3438 787 3439 964 3439 790 3439 790 3440 964 3440 788 3440 788 3441 964 3441 955 3441 788 3442 955 3442 789 3442 789 3443 955 3443 958 3443 908 3444 982 3444 911 3444 911 3445 982 3445 985 3445 911 3446 985 3446 912 3446 912 3447 985 3447 987 3447 912 3448 987 3448 906 3448 906 3449 987 3449 989 3449 906 3450 989 3450 991 3450 906 3451 991 3451 910 3451 910 3452 991 3452 974 3452 910 3453 974 3453 909 3453 909 3454 974 3454 977 3454 909 3455 977 3455 907 3455 907 3456 977 3456 980 3456 907 3457 980 3457 908 3457 908 3458 980 3458 982 3458 830 3459 1247 3459 1249 3459 830 3460 1249 3460 828 3460 832 3461 1015 3461 489 3461 832 3462 489 3462 831 3462 831 3463 489 3463 1053 3463 831 3464 1053 3464 830 3464 830 3465 1053 3465 1247 3465 828 3466 1249 3466 1250 3466 828 3467 1250 3467 827 3467 827 3468 1250 3468 826 3468 826 3469 1250 3469 1252 3469 826 3470 1252 3470 824 3470 824 3471 1252 3471 1253 3471 824 3472 1253 3472 823 3472 823 3473 1253 3473 1254 3473 823 3474 1254 3474 822 3474 1258 3475 817 3475 1256 3475 1256 3476 817 3476 820 3476 1254 3477 1257 3477 822 3477 822 3478 1257 3478 820 3478 820 3479 1257 3479 1256 3479 1259 3480 818 3480 1258 3480 1258 3481 818 3481 817 3481 818 3482 1259 3482 1260 3482 818 3483 1260 3483 815 3483 812 3484 1264 3484 813 3484 815 3485 1260 3485 1262 3485 815 3486 1262 3486 812 3486 812 3487 1262 3487 1264 3487 813 3488 1264 3488 814 3488 814 3489 1264 3489 259 3489 814 3490 259 3490 809 3490 806 3491 807 3491 1270 3491 1270 3492 807 3492 810 3492 1270 3493 810 3493 1268 3493 1268 3494 810 3494 809 3494 1268 3495 809 3495 1269 3495 1269 3496 809 3496 259 3496 1270 3497 1272 3497 806 3497 806 3498 1272 3498 803 3498 803 3499 1272 3499 1271 3499 803 3500 1271 3500 800 3500 800 3501 1271 3501 1274 3501 800 3502 1274 3502 801 3502 801 3503 1274 3503 1052 3503 801 3504 1052 3504 802 3504 802 3505 1052 3505 1051 3505 802 3506 1051 3506 879 3506 879 3507 1051 3507 897 3507 1051 3508 1276 3508 897 3508 875 3509 874 3509 1048 3509 1048 3510 874 3510 878 3510 1048 3511 878 3511 1049 3511 1049 3512 878 3512 897 3512 1049 3513 897 3513 1276 3513 875 3514 1048 3514 913 3514 913 3515 1048 3515 1277 3515 913 3516 1277 3516 1279 3516 913 3517 1279 3517 895 3517 895 3518 1279 3518 1046 3518 895 3519 1046 3519 896 3519 896 3520 1046 3520 492 3520 896 3521 492 3521 1014 3521 896 3522 1014 3522 894 3522 894 3523 1014 3523 892 3523 892 3524 1014 3524 1020 3524 892 3525 1020 3525 914 3525 914 3526 1020 3526 1113 3526 914 3527 1113 3527 891 3527 891 3528 1113 3528 1202 3528 891 3529 1202 3529 889 3529 889 3530 1202 3530 888 3530 888 3531 1202 3531 1201 3531 888 3532 1201 3532 1016 3532 1016 3533 1018 3533 862 3533 888 3534 1016 3534 864 3534 864 3535 1016 3535 862 3535 1121 3536 855 3536 1122 3536 1122 3537 855 3537 857 3537 862 3538 1018 3538 1032 3538 862 3539 1032 3539 863 3539 863 3540 1032 3540 1116 3540 863 3541 1116 3541 860 3541 860 3542 1116 3542 861 3542 861 3543 1116 3543 1117 3543 861 3544 1117 3544 1119 3544 861 3545 1119 3545 858 3545 858 3546 1119 3546 1122 3546 858 3547 1122 3547 857 3547 392 3548 868 3548 1125 3548 1125 3549 868 3549 869 3549 1125 3550 869 3550 1123 3550 1123 3551 869 3551 870 3551 1123 3552 870 3552 1121 3552 1121 3553 870 3553 855 3553 1128 3554 853 3554 1126 3554 1126 3555 853 3555 852 3555 1126 3556 852 3556 392 3556 392 3557 852 3557 868 3557 1129 3558 851 3558 1128 3558 1128 3559 851 3559 853 3559 1135 3560 835 3560 1134 3560 1134 3561 835 3561 847 3561 1134 3562 847 3562 1133 3562 1133 3563 847 3563 849 3563 1133 3564 849 3564 1131 3564 1131 3565 849 3565 848 3565 1131 3566 848 3566 850 3566 1131 3567 850 3567 1129 3567 1129 3568 850 3568 851 3568 843 3569 844 3569 1138 3569 1138 3570 844 3570 1137 3570 1137 3571 844 3571 846 3571 1137 3572 846 3572 836 3572 1137 3573 836 3573 1135 3573 1135 3574 836 3574 835 3574 1138 3575 1140 3575 843 3575 843 3576 1140 3576 1141 3576 843 3577 1141 3577 841 3577 1141 3578 1143 3578 841 3578 841 3579 1143 3579 840 3579 840 3580 1143 3580 1015 3580 840 3581 1015 3581 838 3581 838 3582 1015 3582 832 3582 1850 3583 928 3583 934 3583 1851 3584 919 3584 917 3584 1852 3585 917 3585 916 3585 1853 3586 916 3586 926 3586 1854 3587 1855 3587 954 3587 1856 3588 941 3588 939 3588 1857 3589 936 3589 946 3589 1858 3590 946 3590 944 3590 1859 3591 944 3591 943 3591 1855 3592 948 3592 954 3592 1860 3593 973 3593 971 3593 1861 3594 971 3594 960 3594 1862 3595 960 3595 959 3595 1863 3596 956 3596 965 3596 1864 3597 976 3597 975 3597 1865 3598 988 3598 986 3598 1866 3599 986 3599 984 3599 1867 3600 981 3600 979 3600 1868 3601 979 3601 978 3601 1869 3602 975 3602 992 3602 924 3603 1098 3603 926 3603 926 3604 1098 3604 1040 3604 923 3605 1323 3605 1098 3605 923 3606 1098 3606 924 3606 1097 3607 1323 3607 923 3607 931 3608 1041 3608 1097 3608 931 3609 1097 3609 923 3609 930 3610 1041 3610 931 3610 930 3611 1042 3611 1041 3611 930 3612 1026 3612 1042 3612 1026 3613 930 3613 928 3613 1026 3614 928 3614 1023 3614 1850 3615 1023 3615 928 3615 934 3616 1024 3616 1850 3616 1850 3617 1024 3617 1023 3617 934 3618 1044 3618 1024 3618 933 3619 1044 3619 934 3619 933 3620 1045 3620 1044 3620 932 3621 1030 3621 933 3621 933 3622 1030 3622 1045 3622 932 3623 1031 3623 1030 3623 920 3624 1031 3624 932 3624 920 3625 1033 3625 1031 3625 1033 3626 920 3626 919 3626 919 3627 1037 3627 1033 3627 1037 3628 919 3628 1851 3628 917 3629 1034 3629 1851 3629 1851 3630 1034 3630 1037 3630 917 3631 1035 3631 1034 3631 1852 3632 1035 3632 917 3632 916 3633 1039 3633 1035 3633 916 3634 1035 3634 1852 3634 1029 3635 1039 3635 1853 3635 1853 3636 1039 3636 916 3636 1040 3637 1029 3637 926 3637 926 3638 1029 3638 1853 3638 1858 3639 1013 3639 946 3639 1858 3640 1311 3640 1013 3640 1311 3641 1858 3641 944 3641 1859 3642 1339 3642 944 3642 944 3643 1339 3643 1311 3643 1859 3644 1310 3644 1339 3644 943 3645 1310 3645 1859 3645 993 3646 1099 3646 951 3646 951 3647 1099 3647 943 3647 943 3648 1099 3648 1310 3648 993 3649 951 3649 994 3649 1008 3650 994 3650 949 3650 949 3651 994 3651 951 3651 1008 3652 949 3652 948 3652 1008 3653 948 3653 1011 3653 1855 3654 1011 3654 948 3654 1011 3655 1855 3655 1010 3655 1854 3656 1010 3656 1855 3656 954 3657 1002 3657 1854 3657 1854 3658 1002 3658 1010 3658 1000 3659 1002 3659 954 3659 1000 3660 954 3660 952 3660 1001 3661 1000 3661 952 3661 941 3662 1001 3662 952 3662 1856 3663 1001 3663 941 3663 1003 3664 1001 3664 1856 3664 939 3665 1004 3665 1856 3665 1856 3666 1004 3666 1003 3666 937 3667 1004 3667 939 3667 937 3668 1005 3668 1004 3668 937 3669 1006 3669 1005 3669 936 3670 1006 3670 937 3670 1857 3671 997 3671 936 3671 936 3672 997 3672 1006 3672 946 3673 1013 3673 1007 3673 946 3674 1007 3674 1857 3674 1857 3675 1007 3675 997 3675 1072 3676 1065 3676 967 3676 969 3677 1069 3677 1068 3677 968 3678 1069 3678 969 3678 967 3679 1067 3679 968 3679 1067 3680 1069 3680 968 3680 967 3681 1065 3681 1067 3681 1076 3682 1072 3682 973 3682 973 3683 1072 3683 967 3683 1077 3684 1076 3684 1860 3684 1860 3685 1076 3685 973 3685 1860 3686 1208 3686 1077 3686 971 3687 1365 3687 1208 3687 971 3688 1208 3688 1860 3688 1365 3689 971 3689 1861 3689 1206 3690 1365 3690 1861 3690 960 3691 1206 3691 1861 3691 1073 3692 1207 3692 1862 3692 1862 3693 1207 3693 960 3693 960 3694 1207 3694 1206 3694 959 3695 1073 3695 1862 3695 959 3696 1074 3696 1073 3696 1059 3697 1074 3697 959 3697 1059 3698 959 3698 957 3698 957 3699 1057 3699 1059 3699 1057 3700 957 3700 956 3700 1075 3701 1057 3701 956 3701 1863 3702 1062 3702 956 3702 956 3703 1062 3703 1075 3703 1863 3704 1060 3704 1062 3704 965 3705 1064 3705 1863 3705 1863 3706 1064 3706 1060 3706 963 3707 1063 3707 1064 3707 963 3708 1064 3708 965 3708 963 3709 1070 3709 1063 3709 970 3710 1071 3710 1070 3710 970 3711 1070 3711 963 3711 969 3712 1068 3712 970 3712 970 3713 1068 3713 1071 3713 981 3714 1308 3714 983 3714 983 3715 1308 3715 1093 3715 1308 3716 981 3716 1313 3716 1313 3717 981 3717 1867 3717 1867 3718 1312 3718 1313 3718 979 3719 1312 3719 1867 3719 1868 3720 1314 3720 1312 3720 1868 3721 1312 3721 979 3721 978 3722 1314 3722 1868 3722 1083 3723 978 3723 1094 3723 978 3724 1083 3724 1314 3724 1094 3725 978 3725 976 3725 1094 3726 976 3726 1080 3726 1864 3727 1081 3727 976 3727 976 3728 1081 3728 1080 3728 1864 3729 1095 3729 1081 3729 975 3730 1095 3730 1864 3730 1096 3731 1095 3731 1869 3731 1869 3732 1095 3732 975 3732 1096 3733 1869 3733 1234 3733 1234 3734 1869 3734 992 3734 990 3735 1232 3735 1234 3735 990 3736 1234 3736 992 3736 1232 3737 990 3737 988 3737 1232 3738 988 3738 1231 3738 1865 3739 1231 3739 988 3739 1090 3740 1865 3740 986 3740 1090 3741 1089 3741 1865 3741 1865 3742 1089 3742 1231 3742 1866 3743 1090 3743 986 3743 1866 3744 1091 3744 1090 3744 1092 3745 1091 3745 1866 3745 1088 3746 1092 3746 984 3746 984 3747 1092 3747 1866 3747 983 3748 1085 3748 984 3748 984 3749 1085 3749 1088 3749 983 3750 1093 3750 1085 3750 1798 3751 1849 3751 1797 3751 1797 3752 1849 3752 1839 3752 1799 3753 1841 3753 1798 3753 1798 3754 1841 3754 1849 3754 1799 3755 1842 3755 1841 3755 1800 3756 1842 3756 1799 3756 1846 3757 1842 3757 1800 3757 1846 3758 1800 3758 1792 3758 1846 3759 1792 3759 1848 3759 1848 3760 1792 3760 1791 3760 1848 3761 1791 3761 1840 3761 1840 3762 1791 3762 1790 3762 1840 3763 1790 3763 1843 3763 1843 3764 1790 3764 1845 3764 1845 3765 1790 3765 1793 3765 1845 3766 1793 3766 1838 3766 1838 3767 1793 3767 1794 3767 1795 3768 1844 3768 1794 3768 1794 3769 1844 3769 1838 3769 1796 3770 1847 3770 1795 3770 1795 3771 1847 3771 1844 3771 1797 3772 1839 3772 1796 3772 1796 3773 1839 3773 1847 3773 1870 3774 1871 3774 1872 3774 1873 3774 1871 3774 1870 3774 1870 3774 1874 3774 1873 3774 1870 3774 1875 3774 1874 3774 1870 3774 1876 3774 1875 3774 1870 3774 1877 3774 1876 3774 1870 3774 1878 3774 1877 3774 1870 3774 1879 3774 1880 3774 1870 3774 1872 3774 1879 3774 1881 3775 1882 3775 1883 3775 1881 3775 1884 3775 1882 3775 1881 3775 1885 3775 1884 3775 1881 3775 1886 3775 1885 3775 1881 3775 1887 3775 1886 3775 1888 3775 1889 3775 1881 3775 1881 3775 1890 3775 1888 3775 1881 3775 1891 3775 1890 3775 1881 3775 1883 3775 1891 3775 1892 3774 1893 3774 1894 3774 1892 3774 1894 3774 1895 3774 1895 3774 1894 3774 1896 3774 1895 3774 1896 3774 1897 3774 1895 3774 1897 3774 1898 3774 1898 3774 1897 3774 1899 3774 1898 3774 1899 3774 1900 3774 1898 3774 1900 3774 1901 3774 1898 3774 1901 3774 1902 3774 1898 3774 1902 3774 1903 3774 1903 3774 1902 3774 1904 3774 1903 3774 1904 3774 1905 3774 1903 3774 1905 3774 1906 3774 1903 3774 1906 3774 1907 3774 1907 3774 1906 3774 1908 3774 1907 3774 1908 3774 1909 3774 1907 3774 1909 3774 1910 3774 1907 3774 1910 3774 1911 3774 1907 3774 1911 3774 1912 3774 1912 3774 1911 3774 1913 3774 1912 3774 1913 3774 1914 3774 1912 3774 1914 3774 1915 3774 1915 3774 1916 3774 1912 3774 1912 3774 1916 3774 1917 3774 1912 3774 1917 3774 1918 3774 1918 3774 1917 3774 1919 3774 1918 3774 1919 3774 1920 3774 1918 3774 1920 3774 1921 3774 1918 3774 1921 3774 1922 3774 1918 3774 1922 3774 1923 3774 1923 3774 1922 3774 1924 3774 1923 3774 1924 3774 1925 3774 1923 3774 1925 3774 1926 3774 1926 3774 1925 3774 1927 3774 1926 3774 1927 3774 1928 3774 1926 3774 1928 3774 1929 3774 1926 3774 1929 3774 1930 3774 1930 3774 1929 3774 1931 3774 1930 3774 1931 3774 1932 3774 1930 3774 1932 3774 1933 3774 1930 3774 1933 3774 1934 3774 1930 3774 1934 3774 1935 3774 1935 3774 1934 3774 1936 3774 1935 3774 1936 3774 1937 3774 1935 3774 1937 3774 1892 3774 1892 3774 1937 3774 1938 3774 1892 3774 1938 3774 1939 3774 1892 3774 1939 3774 1940 3774 1892 3774 1940 3774 1893 3774 1941 3775 1942 3775 1943 3775 1941 3775 1943 3775 1944 3775 1944 3775 1943 3775 1945 3775 1944 3775 1945 3775 1946 3775 1944 3775 1946 3775 1947 3775 1944 3775 1947 3775 1948 3775 1944 3775 1948 3775 1949 3775 1949 3775 1948 3775 1950 3775 1950 3775 1951 3775 1949 3775 1949 3775 1951 3775 1952 3775 1949 3775 1952 3775 1953 3775 1949 3775 1953 3775 1954 3775 1954 3775 1953 3775 1955 3775 1954 3775 1955 3775 1956 3775 1954 3775 1956 3775 1957 3775 1954 3775 1957 3775 1958 3775 1954 3775 1958 3775 1959 3775 1959 3775 1958 3775 1960 3775 1959 3775 1960 3775 1961 3775 1962 3775 1963 3775 1964 3775 1964 3775 1963 3775 1965 3775 1964 3775 1965 3775 1966 3775 1964 3775 1966 3775 1967 3775 1967 3775 1966 3775 1968 3775 1967 3775 1968 3775 1969 3775 1967 3775 1969 3775 1970 3775 1967 3775 1970 3775 1971 3775 1967 3775 1971 3775 1941 3775 1941 3775 1971 3775 1972 3775 1941 3775 1972 3775 1942 3775 1973 3775 1974 3775 1975 3775 1975 3775 1974 3775 1976 3775 1975 3775 1976 3775 1977 3775 1975 3775 1977 3775 1978 3775 1975 3775 1978 3775 1962 3775 1962 3776 1978 3776 1979 3776 1962 3777 1979 3777 1980 3777 1962 3775 1980 3775 1981 3775 1962 3775 1981 3775 1982 3775 1962 3775 1982 3775 1963 3775 1961 3775 1983 3775 1959 3775 1959 3775 1983 3775 1984 3775 1959 3775 1984 3775 1985 3775 1959 3775 1985 3775 1986 3775 1986 3775 1985 3775 1987 3775 1986 3775 1987 3775 1988 3775 1986 3775 1988 3775 1989 3775 1986 3775 1989 3775 1990 3775 1986 3775 1990 3775 1973 3775 1973 3775 1990 3775 1991 3775 1973 3775 1991 3775 1992 3775 1973 3775 1992 3775 1974 3775 1993 3778 1994 3778 1995 3778 1995 3779 1994 3779 1996 3779 1997 3780 1993 3780 1995 3780 1997 3781 1995 3781 1998 3781 1999 3782 2000 3782 2001 3782 2002 3783 2003 3783 2004 3783 2002 3784 2004 3784 2005 3784 2006 3785 2002 3785 2005 3785 2006 3786 2005 3786 2007 3786 2008 3787 2009 3787 2010 3787 2011 3788 2008 3788 2010 3788 1998 3789 2012 3789 2013 3789 1998 3790 2013 3790 1997 3790 2014 3791 2015 3791 2016 3791 2014 3792 2016 3792 2017 3792 2018 3793 2014 3793 2017 3793 2018 3794 2017 3794 2019 3794 2020 3795 2021 3795 2022 3795 2020 3796 2022 3796 2023 3796 2024 3797 2020 3797 2023 3797 2025 3798 2026 3798 2027 3798 2028 3799 2029 3799 2030 3799 2031 3800 2032 3800 2033 3800 2031 3801 2033 3801 2034 3801 2001 3802 2004 3802 2003 3802 2001 3803 2003 3803 1999 3803 2007 3804 2009 3804 2006 3804 2006 3805 2009 3805 2008 3805 2012 3806 2011 3806 2013 3806 1994 3807 2016 3807 2015 3807 1994 3808 2015 3808 1996 3808 2019 3809 2022 3809 2021 3809 2019 3810 2021 3810 2018 3810 2024 3811 2027 3811 2026 3811 2024 3812 2026 3812 2020 3812 2035 3813 2025 3813 2036 3813 2036 3814 2030 3814 2029 3814 2036 3815 2029 3815 2035 3815 2032 3816 2028 3816 2037 3816 2037 3817 2033 3817 2032 3817 2038 3818 2031 3818 2034 3818 2038 3819 2034 3819 2039 3819 2040 3820 2038 3820 2039 3820 2041 3821 2042 3821 2043 3821 2044 3822 2045 3822 2046 3822 2047 3823 2048 3823 2049 3823 2050 3824 2041 3824 2043 3824 2050 3825 2043 3825 2051 3825 2052 3826 2044 3826 2046 3826 2052 3827 2046 3827 2053 3827 2054 3828 2047 3828 2049 3828 2054 3829 2049 3829 2055 3829 2056 3830 2050 3830 2051 3830 2056 3831 2051 3831 2057 3831 2058 3832 2059 3832 2060 3832 2060 3833 2059 3833 2061 3833 2059 3834 2062 3834 2063 3834 2059 3835 2063 3835 2061 3835 2061 3836 2063 3836 2064 3836 2065 3837 2052 3837 2053 3837 2066 3838 2054 3838 2055 3838 2066 3839 2055 3839 2067 3839 2068 3840 2056 3840 2057 3840 2068 3841 2057 3841 2069 3841 2058 3842 2060 3842 2070 3842 2071 3843 2072 3843 2073 3843 2071 3844 2073 3844 2074 3844 2075 3845 2076 3845 2077 3845 2075 3846 2077 3846 2078 3846 2079 3847 2080 3847 2081 3847 2079 3848 2081 3848 2082 3848 2083 3849 2084 3849 2085 3849 2085 3850 2084 3850 2086 3850 2076 3851 2071 3851 2074 3851 2076 3852 2074 3852 2077 3852 2065 3853 2075 3853 2078 3853 2065 3854 2078 3854 2052 3854 2048 3855 2087 3855 2088 3855 2048 3856 2047 3856 2087 3856 2044 3857 2066 3857 2045 3857 2045 3858 2066 3858 2067 3858 2069 3859 2089 3859 2090 3859 2069 3860 2090 3860 2068 3860 2091 3861 2042 3861 2092 3861 2092 3862 2042 3862 2041 3862 2087 3863 2090 3863 2089 3863 2087 3864 2089 3864 2088 3864 2092 3865 2081 3865 2080 3865 2092 3866 2080 3866 2091 3866 2093 3867 2079 3867 2082 3867 2093 3868 2082 3868 2094 3868 2094 3869 2086 3869 2095 3869 2094 3870 2095 3870 2093 3870 2095 3871 2086 3871 2084 3871 2070 3872 2083 3872 2085 3872 2070 3873 2085 3873 2058 3873 2096 3874 2097 3874 2021 3874 2021 3875 2020 3875 2096 3875 2096 3876 2020 3876 2098 3876 2028 3877 2099 3877 2100 3877 2101 3878 2018 3878 2097 3878 2097 3879 2018 3879 2021 3879 2006 3880 2102 3880 2103 3880 2098 3881 2020 3881 2026 3881 2104 3882 2026 3882 2025 3882 2104 3883 2025 3883 2105 3883 2105 3884 2025 3884 2035 3884 2105 3885 2035 3885 2106 3885 2106 3886 2035 3886 2029 3886 2106 3887 2029 3887 2100 3887 2100 3888 2029 3888 2028 3888 2107 3889 2108 3889 2038 3889 2107 3890 2038 3890 2040 3890 2107 3891 2040 3891 2109 3891 2109 3892 2040 3892 2110 3892 2109 3893 2110 3893 2111 3893 2112 3894 2113 3894 2114 3894 2112 3895 2114 3895 2000 3895 2112 3896 2000 3896 2115 3896 2115 3897 2000 3897 1999 3897 2115 3898 1999 3898 2116 3898 2116 3899 1999 3899 2003 3899 2116 3900 2003 3900 2117 3900 2028 3901 2032 3901 2099 3901 2118 3902 2032 3902 2031 3902 2118 3903 2031 3903 2108 3903 2108 3904 2031 3904 2038 3904 2111 3905 2110 3905 2119 3905 2111 3906 2119 3906 2120 3906 2121 3907 2122 3907 2123 3907 2117 3908 2003 3908 2002 3908 2117 3909 2002 3909 2103 3909 2103 3910 2002 3910 2006 3910 2124 3911 2125 3911 2126 3911 2126 3912 2127 3912 2124 3912 2124 3913 2127 3913 2128 3913 1995 3914 2129 3914 2130 3914 2120 3915 2119 3915 2131 3915 2120 3916 2131 3916 2132 3916 2132 3917 2131 3917 2133 3917 2128 3918 2127 3918 2134 3918 2135 3919 2134 3919 2136 3919 2135 3920 2136 3920 2137 3920 2137 3921 2136 3921 2138 3921 2137 3922 2138 3922 2139 3922 2139 3923 2138 3923 2140 3923 2139 3924 2140 3924 2123 3924 2123 3925 2140 3925 2121 3925 2141 3926 2142 3926 2011 3926 2141 3927 2011 3927 2012 3927 2141 3928 2012 3928 2143 3928 2144 3929 2145 3929 2146 3929 2121 3930 2147 3930 2122 3930 2148 3931 2147 3931 2149 3931 2148 3932 2149 3932 2113 3932 2113 3933 2149 3933 2114 3933 2012 3934 1998 3934 2143 3934 2143 3935 1998 3935 2130 3935 2130 3936 1998 3936 1995 3936 2015 3937 2014 3937 2101 3937 2101 3938 2014 3938 2018 3938 2150 3939 2151 3939 2152 3939 2150 3940 2152 3940 2153 3940 2150 3941 2153 3941 2154 3941 2006 3942 2008 3942 2102 3942 2142 3943 2008 3943 2011 3943 2153 3944 2155 3944 2154 3944 2154 3945 2155 3945 2146 3945 2146 3946 2155 3946 2144 3946 2151 3947 2156 3947 2152 3947 1995 3948 1996 3948 2129 3948 2157 3949 2158 3949 2159 3949 2157 3950 2159 3950 2160 3950 2157 3951 2160 3951 2125 3951 2125 3952 2160 3952 2126 3952 2144 3953 2161 3953 2145 3953 2162 3954 2163 3954 2164 3954 2090 3955 2165 3955 2166 3955 2167 3956 2168 3956 2169 3956 2170 3957 2171 3957 2172 3957 2086 3958 2173 3958 2174 3958 2066 3959 2175 3959 2176 3959 2177 3960 2178 3960 2179 3960 2177 3961 2179 3961 2180 3961 2180 3962 2179 3962 2169 3962 2181 3963 2182 3963 2058 3963 2181 3964 2058 3964 2183 3964 2183 3965 2058 3965 2085 3965 2183 3966 2085 3966 2174 3966 2174 3967 2085 3967 2086 3967 2162 3968 2184 3968 2163 3968 2185 3969 2184 3969 2186 3969 2185 3970 2186 3970 2187 3970 2187 3971 2186 3971 2188 3971 2187 3972 2188 3972 2172 3972 2172 3973 2188 3973 2170 3973 2189 3974 2062 3974 2059 3974 2182 3975 2059 3975 2058 3975 2090 3976 2087 3976 2165 3976 2087 3977 2047 3977 2190 3977 2190 3978 2047 3978 2054 3978 2176 3979 2054 3979 2066 3979 2074 3980 2073 3980 2191 3980 2178 3981 2191 3981 2179 3981 2081 3982 2192 3982 2193 3982 2194 3983 2195 3983 2164 3983 2164 3984 2195 3984 2162 3984 2170 3985 2196 3985 2171 3985 2197 3986 2198 3986 2199 3986 2056 3987 2068 3987 2166 3987 2166 3988 2068 3988 2090 3988 2066 3989 2044 3989 2175 3989 2175 3990 2044 3990 2200 3990 2201 3991 2202 3991 2203 3991 2167 3992 2203 3992 2168 3992 2204 3993 2196 3993 2205 3993 2082 3994 2206 3994 2094 3994 2086 3995 2094 3995 2173 3995 2206 3996 2082 3996 2193 3996 2193 3997 2082 3997 2081 3997 2200 3998 2044 3998 2207 3998 2207 3999 2044 3999 2052 3999 2207 4000 2052 4000 2208 4000 2209 4001 2210 4001 2194 4001 2199 4002 2205 4002 2197 4002 2197 4003 2211 4003 2198 4003 2198 4004 2211 4004 2212 4004 2212 4005 2211 4005 2189 4005 2213 4006 2050 4006 2214 4006 2214 4007 2050 4007 2056 4007 2208 4008 2052 4008 2078 4008 2078 4009 2077 4009 2215 4009 2215 4010 2077 4010 2216 4010 2216 4011 2077 4011 2074 4011 2217 4012 2041 4012 2213 4012 2213 4013 2041 4013 2050 4013 2218 4014 2219 4014 2220 4014 2081 4015 2092 4015 2192 4015 2217 4016 2092 4016 2041 4016 2221 4017 2222 4017 2223 4017 2222 4018 2224 4018 2225 4018 2224 4019 2226 4019 2225 4019 2221 4020 2223 4020 2227 4020 2227 4021 2223 4021 2228 4021 2227 4022 2228 4022 2229 4022 2229 4023 2228 4023 2230 4023 2229 4024 2230 4024 2231 4024 2232 4025 2233 4025 2234 4025 2234 4026 2233 4026 2230 4026 2230 4027 2233 4027 2231 4027 2235 4028 2236 4028 2237 4028 2236 4029 2238 4029 2237 4029 2237 4030 2238 4030 2234 4030 2234 4031 2238 4031 2232 4031 2236 4032 2235 4032 2239 4032 2239 4033 2235 4033 2240 4033 2239 4034 2240 4034 2241 4034 2241 4035 2240 4035 2242 4035 2241 4036 2242 4036 2243 4036 2243 4037 2242 4037 2244 4037 2243 4038 2244 4038 2245 4038 2245 4039 2244 4039 2246 4039 2245 4040 2246 4040 2247 4040 2247 4041 2246 4041 2248 4041 2247 4042 2248 4042 2249 4042 2249 4043 2248 4043 2250 4043 2250 4044 2248 4044 2251 4044 2250 4045 2251 4045 2252 4045 2252 4046 2251 4046 2253 4046 2253 4047 2251 4047 2254 4047 2255 4048 2256 4048 2254 4048 2254 4049 2256 4049 2253 4049 2255 4050 2257 4050 2258 4050 2258 4051 2259 4051 2255 4051 2255 4052 2259 4052 2256 4052 2260 4053 2261 4053 2262 4053 2261 4054 2263 4054 2262 4054 2262 4055 2263 4055 2257 4055 2257 4056 2263 4056 2258 4056 2261 4057 2260 4057 2264 4057 2264 4058 2260 4058 2265 4058 2264 4059 2265 4059 2266 4059 2223 4060 2267 4060 2268 4060 2223 4061 2268 4061 2228 4061 2228 4062 2268 4062 2269 4062 2228 4063 2269 4063 2270 4063 2228 4064 2270 4064 2230 4064 2230 4065 2270 4065 2271 4065 2230 4066 2271 4066 2234 4066 2234 4067 2271 4067 2272 4067 2234 4068 2272 4068 2237 4068 2246 4069 2273 4069 2248 4069 2248 4070 2273 4070 2274 4070 2248 4071 2274 4071 2275 4071 2248 4072 2275 4072 2251 4072 2251 4073 2275 4073 2276 4073 2251 4074 2276 4074 2277 4074 2251 4075 2277 4075 2254 4075 2254 4076 2277 4076 2278 4076 2254 4077 2278 4077 2255 4077 2255 4078 2278 4078 2279 4078 2255 4079 2279 4079 2257 4079 2265 4080 2280 4080 2266 4080 2272 4081 2281 4081 2237 4081 2237 4082 2281 4082 2235 4082 2235 4083 2281 4083 2282 4083 2235 4084 2282 4084 2240 4084 2240 4085 2282 4085 2283 4085 2240 4086 2283 4086 2242 4086 2242 4087 2283 4087 2244 4087 2244 4088 2283 4088 2284 4088 2244 4089 2284 4089 2246 4089 2246 4090 2284 4090 2273 4090 2279 4091 2285 4091 2257 4091 2257 4092 2285 4092 2262 4092 2262 4093 2285 4093 2286 4093 2262 4094 2286 4094 2260 4094 2260 4095 2286 4095 2265 4095 2265 4096 2286 4096 2280 4096 2267 4097 2287 4097 2288 4097 2267 4098 2288 4098 2268 4098 2268 4099 2288 4099 2289 4099 2268 4100 2289 4100 2269 4100 2269 4101 2289 4101 2290 4101 2269 4102 2290 4102 2270 4102 2270 4103 2290 4103 2291 4103 2270 4104 2291 4104 2271 4104 2271 4105 2291 4105 2292 4105 2271 4106 2292 4106 2272 4106 2272 4107 2292 4107 2293 4107 2272 4108 2293 4108 2281 4108 2281 4109 2293 4109 2294 4109 2281 4110 2294 4110 2295 4110 2281 4111 2295 4111 2282 4111 2282 4112 2295 4112 2296 4112 2282 4113 2296 4113 2283 4113 2283 4114 2296 4114 2297 4114 2283 4115 2297 4115 2298 4115 2283 4116 2298 4116 2284 4116 2284 4117 2298 4117 2299 4117 2284 4118 2299 4118 2273 4118 2273 4119 2299 4119 2300 4119 2273 4120 2300 4120 2274 4120 2274 4121 2300 4121 2301 4121 2274 4122 2301 4122 2275 4122 2275 4123 2301 4123 2302 4123 2275 4124 2302 4124 2276 4124 2276 4125 2302 4125 2303 4125 2276 4126 2303 4126 2277 4126 2277 4127 2303 4127 2304 4127 2277 4128 2304 4128 2278 4128 2278 4129 2304 4129 2305 4129 2278 4130 2305 4130 2279 4130 2279 4131 2305 4131 2306 4131 2279 4132 2306 4132 2285 4132 2285 4133 2306 4133 2307 4133 2285 4134 2307 4134 2308 4134 2285 4135 2308 4135 2286 4135 2286 4136 2309 4136 2280 4136 2308 4137 2310 4137 2286 4137 2286 4138 2310 4138 2311 4138 2286 4139 2311 4139 2309 4139 2287 4140 2312 4140 2313 4140 2287 4141 2313 4141 2288 4141 2288 4142 2313 4142 2314 4142 2288 4143 2314 4143 2289 4143 2289 4144 2314 4144 2315 4144 2289 4145 2315 4145 2290 4145 2290 4146 2315 4146 2316 4146 2290 4147 2316 4147 2291 4147 2291 4148 2316 4148 2317 4148 2291 4149 2317 4149 2292 4149 2292 4150 2317 4150 2318 4150 2292 4151 2318 4151 2293 4151 2293 4152 2318 4152 2319 4152 2293 4153 2319 4153 2294 4153 2294 4154 2319 4154 2320 4154 2294 4155 2320 4155 2295 4155 2295 4156 2320 4156 2321 4156 2295 4157 2321 4157 2296 4157 2296 4158 2321 4158 2322 4158 2296 4159 2322 4159 2297 4159 2297 4160 2322 4160 2323 4160 2297 4161 2323 4161 2298 4161 2298 4162 2323 4162 2324 4162 2298 4163 2324 4163 2299 4163 2299 4164 2324 4164 2325 4164 2299 4165 2325 4165 2300 4165 2300 4166 2325 4166 2326 4166 2300 4167 2326 4167 2301 4167 2301 4168 2326 4168 2327 4168 2301 4169 2327 4169 2302 4169 2302 4170 2327 4170 2328 4170 2302 4171 2328 4171 2303 4171 2303 4172 2328 4172 2329 4172 2303 4173 2329 4173 2304 4173 2304 4174 2329 4174 2330 4174 2304 4175 2330 4175 2305 4175 2305 4176 2330 4176 2331 4176 2305 4177 2331 4177 2306 4177 2306 4178 2331 4178 2332 4178 2306 4179 2332 4179 2307 4179 2307 4180 2332 4180 2333 4180 2307 4181 2333 4181 2308 4181 2308 4182 2333 4182 2310 4182 2333 4183 2334 4183 2310 4183 2310 4184 2334 4184 2335 4184 2310 4185 2335 4185 2311 4185 2154 4186 2336 4186 2337 4186 2337 4187 2336 4187 2338 4187 2337 4188 2338 4188 2339 4188 2339 4189 2338 4189 2340 4189 2339 4190 2340 4190 2341 4190 2341 4191 2340 4191 2342 4191 2342 4192 2340 4192 2225 4192 2342 4193 2225 4193 2226 4193 2342 4194 2226 4194 2343 4194 2154 4195 2146 4195 2336 4195 2336 4196 2146 4196 2344 4196 2336 4197 2344 4197 2338 4197 2338 4198 2344 4198 2345 4198 2338 4199 2345 4199 2340 4199 2340 4200 2345 4200 2346 4200 2340 4201 2346 4201 2225 4201 2146 4202 2145 4202 2344 4202 2344 4203 2145 4203 2347 4203 2344 4204 2347 4204 2345 4204 2345 4205 2347 4205 2348 4205 2345 4206 2348 4206 2346 4206 2346 4207 2348 4207 2349 4207 2346 4208 2349 4208 2225 4208 2225 4209 2349 4209 2223 4209 2225 4210 2223 4210 2222 4210 2145 4211 2161 4211 2347 4211 2347 4212 2161 4212 2312 4212 2347 4213 2312 4213 2348 4213 2348 4214 2312 4214 2287 4214 2348 4215 2287 4215 2349 4215 2349 4216 2287 4216 2267 4216 2349 4217 2267 4217 2223 4217 2143 4218 2335 4218 2141 4218 2141 4219 2335 4219 2334 4219 2141 4220 2334 4220 2142 4220 2142 4221 2334 4221 2333 4221 2142 4222 2333 4222 2008 4222 2008 4223 2333 4223 2332 4223 2008 4224 2332 4224 2102 4224 2102 4225 2332 4225 2331 4225 2102 4226 2331 4226 2103 4226 2103 4227 2331 4227 2330 4227 2103 4228 2330 4228 2117 4228 2117 4229 2330 4229 2329 4229 2117 4230 2329 4230 2116 4230 2116 4231 2329 4231 2328 4231 2116 4232 2328 4232 2115 4232 2115 4233 2328 4233 2327 4233 2115 4234 2327 4234 2112 4234 2112 4235 2327 4235 2326 4235 2112 4236 2326 4236 2113 4236 2113 4237 2326 4237 2325 4237 2113 4238 2325 4238 2148 4238 2148 4239 2325 4239 2324 4239 2148 4240 2324 4240 2147 4240 2147 4241 2324 4241 2323 4241 2147 4242 2323 4242 2122 4242 2122 4243 2323 4243 2322 4243 2122 4244 2322 4244 2123 4244 2123 4245 2322 4245 2321 4245 2123 4246 2321 4246 2139 4246 2139 4247 2321 4247 2320 4247 2139 4248 2320 4248 2137 4248 2137 4249 2320 4249 2319 4249 2137 4250 2319 4250 2135 4250 2135 4251 2319 4251 2318 4251 2135 4252 2318 4252 2134 4252 2134 4253 2318 4253 2317 4253 2134 4254 2317 4254 2128 4254 2128 4255 2317 4255 2316 4255 2128 4256 2316 4256 2124 4256 2124 4257 2316 4257 2315 4257 2124 4258 2315 4258 2125 4258 2125 4259 2315 4259 2314 4259 2125 4260 2314 4260 2350 4260 2350 4261 2314 4261 2313 4261 2350 4262 2313 4262 2312 4262 2350 4263 2312 4263 2158 4263 2158 4264 2312 4264 2161 4264 2351 4265 2352 4265 2015 4265 2157 4266 2125 4266 2350 4266 2101 4267 2351 4267 2015 4267 2353 4268 2163 4268 2184 4268 2353 4269 2184 4269 2185 4269 2354 4270 2171 4270 2196 4270 2354 4271 2196 4271 2204 4271 2355 4272 2204 4272 2205 4272 2355 4273 2205 4273 2199 4273 2356 4274 2194 4274 2164 4274 2214 4275 2056 4275 2357 4275 2092 4276 2217 4276 2358 4276 2192 4277 2092 4277 2358 4277 2094 4278 2206 4278 2359 4278 2173 4279 2094 4279 2359 4279 2173 4280 2360 4280 2174 4280 2059 4281 2361 4281 2189 4281 2189 4282 2361 4282 2212 4282 2182 4283 2362 4283 2059 4283 2059 4284 2362 4284 2361 4284 2363 4285 2364 4285 2365 4285 2365 4286 2364 4286 2366 4286 2365 4287 2366 4287 2367 4287 2368 4288 2367 4288 2369 4288 2370 4289 2368 4289 2371 4289 2372 4290 2373 4290 2370 4290 2374 4291 2373 4291 2375 4291 2376 4292 2374 4292 2377 4292 2378 4293 2379 4293 2380 4293 2381 4294 2382 4294 2378 4294 2383 4295 2382 4295 2384 4295 2385 4296 2383 4296 2386 4296 2387 4297 2388 4297 2385 4297 2389 4298 2390 4298 2388 4298 2391 4299 2390 4299 2392 4299 2393 4300 2394 4300 2391 4300 2395 4301 2394 4301 2396 4301 2397 4302 2398 4302 2395 4302 2357 4303 2399 4303 2400 4303 2400 4304 2399 4304 2401 4304 2401 4305 2399 4305 2398 4305 2214 4306 2357 4306 2402 4306 2402 4307 2357 4307 2400 4307 2402 4308 2400 4308 2403 4308 2213 4309 2214 4309 2404 4309 2404 4310 2214 4310 2402 4310 2404 4311 2402 4311 2405 4311 2405 4312 2402 4312 2403 4312 2217 4313 2213 4313 2406 4313 2406 4314 2213 4314 2404 4314 2406 4315 2404 4315 2407 4315 2407 4316 2404 4316 2405 4316 2358 4317 2217 4317 2408 4317 2408 4318 2217 4318 2406 4318 2408 4319 2406 4319 2409 4319 2409 4320 2406 4320 2407 4320 2409 4321 2407 4321 2410 4321 2192 4322 2358 4322 2411 4322 2411 4323 2358 4323 2408 4323 2411 4324 2408 4324 2412 4324 2412 4325 2408 4325 2409 4325 2412 4326 2409 4326 2413 4326 2413 4327 2409 4327 2410 4327 2193 4328 2192 4328 2414 4328 2414 4329 2192 4329 2411 4329 2414 4330 2411 4330 2415 4330 2415 4331 2411 4331 2412 4331 2415 4332 2412 4332 2416 4332 2416 4333 2412 4333 2413 4333 2416 4334 2413 4334 2417 4334 2206 4335 2193 4335 2418 4335 2418 4336 2193 4336 2414 4336 2418 4337 2414 4337 2419 4337 2419 4338 2414 4338 2415 4338 2419 4339 2415 4339 2420 4339 2420 4340 2415 4340 2416 4340 2420 4341 2416 4341 2421 4341 2421 4342 2416 4342 2417 4342 2422 4343 2206 4343 2423 4343 2423 4344 2206 4344 2418 4344 2423 4345 2418 4345 2424 4345 2424 4346 2418 4346 2419 4346 2424 4347 2419 4347 2425 4347 2425 4348 2419 4348 2420 4348 2425 4349 2420 4349 2426 4349 2426 4350 2420 4350 2421 4350 2426 4351 2421 4351 2261 4351 2360 4352 2422 4352 2427 4352 2427 4353 2422 4353 2423 4353 2427 4354 2423 4354 2428 4354 2428 4355 2423 4355 2424 4355 2428 4356 2424 4356 2429 4356 2429 4357 2424 4357 2425 4357 2429 4358 2425 4358 2430 4358 2430 4359 2425 4359 2426 4359 2430 4360 2426 4360 2264 4360 2264 4361 2426 4361 2261 4361 2431 4362 2432 4362 2224 4362 2431 4363 2224 4363 2222 4363 2433 4364 2434 4364 2431 4364 2433 4365 2431 4365 2435 4365 2436 4366 2435 4366 2221 4366 2436 4367 2221 4367 2437 4367 2437 4368 2221 4368 2227 4368 2437 4369 2227 4369 2229 4369 2368 4370 2369 4370 2371 4370 2372 4371 2371 4371 2438 4371 2372 4372 2438 4372 2439 4372 2440 4373 2441 4373 2442 4373 2440 4374 2442 4374 2443 4374 2444 4375 2443 4375 2445 4375 2444 4376 2445 4376 2446 4376 2447 4377 2446 4377 2238 4377 2447 4378 2238 4378 2236 4378 2370 4379 2371 4379 2372 4379 2375 4380 2372 4380 2439 4380 2375 4381 2439 4381 2441 4381 2448 4382 2440 4382 2443 4382 2448 4383 2443 4383 2444 4383 2449 4384 2444 4384 2446 4384 2449 4385 2446 4385 2447 4385 2450 4386 2447 4386 2236 4386 2450 4387 2236 4387 2239 4387 2373 4388 2372 4388 2375 4388 2377 4389 2375 4389 2441 4389 2377 4390 2441 4390 2440 4390 2451 4391 2448 4391 2444 4391 2451 4392 2444 4392 2449 4392 2452 4393 2449 4393 2447 4393 2452 4394 2447 4394 2450 4394 2453 4395 2450 4395 2239 4395 2453 4396 2239 4396 2241 4396 2374 4397 2375 4397 2377 4397 2454 4398 2377 4398 2440 4398 2454 4399 2440 4399 2448 4399 2455 4400 2451 4400 2449 4400 2455 4401 2449 4401 2452 4401 2456 4402 2452 4402 2450 4402 2456 4403 2450 4403 2453 4403 2457 4404 2453 4404 2241 4404 2457 4405 2241 4405 2243 4405 2376 4406 2377 4406 2454 4406 2380 4407 2454 4407 2448 4407 2380 4408 2448 4408 2451 4408 2458 4409 2455 4409 2452 4409 2458 4410 2452 4410 2456 4410 2459 4411 2456 4411 2453 4411 2459 4412 2453 4412 2457 4412 2460 4413 2457 4413 2243 4413 2460 4414 2243 4414 2245 4414 2378 4415 2380 4415 2381 4415 2384 4416 2381 4416 2455 4416 2384 4417 2455 4417 2458 4417 2461 4418 2462 4418 2459 4418 2461 4419 2459 4419 2463 4419 2464 4420 2463 4420 2460 4420 2464 4421 2460 4421 2465 4421 2466 4422 2465 4422 2247 4422 2466 4423 2247 4423 2249 4423 2383 4424 2384 4424 2386 4424 2387 4425 2386 4425 2462 4425 2387 4426 2462 4426 2461 4426 2467 4427 2468 4427 2464 4427 2467 4428 2464 4428 2469 4428 2470 4429 2469 4429 2466 4429 2470 4430 2466 4430 2471 4430 2472 4431 2471 4431 2250 4431 2472 4432 2250 4432 2473 4432 2473 4433 2250 4433 2252 4433 2473 4434 2252 4434 2253 4434 2474 4435 2343 4435 2432 4435 2432 4436 2343 4436 2226 4436 2432 4437 2226 4437 2224 4437 2475 4438 2474 4438 2434 4438 2434 4439 2474 4439 2432 4439 2434 4440 2432 4440 2431 4440 2435 4441 2431 4441 2222 4441 2435 4442 2222 4442 2221 4442 2476 4443 2475 4443 2434 4443 2477 4444 2433 4444 2435 4444 2477 4445 2435 4445 2436 4445 2478 4446 2436 4446 2437 4446 2479 4447 2476 4447 2434 4447 2479 4448 2434 4448 2480 4448 2480 4449 2434 4449 2433 4449 2480 4450 2433 4450 2477 4450 2481 4451 2477 4451 2436 4451 2481 4452 2436 4452 2478 4452 2482 4453 2478 4453 2437 4453 2482 4454 2437 4454 2483 4454 2483 4455 2437 4455 2229 4455 2483 4456 2229 4456 2231 4456 2484 4457 2480 4457 2477 4457 2484 4458 2477 4458 2481 4458 2485 4459 2481 4459 2478 4459 2485 4460 2478 4460 2482 4460 2486 4461 2482 4461 2483 4461 2483 4462 2231 4462 2233 4462 2364 4463 2476 4463 2366 4463 2366 4464 2476 4464 2479 4464 2366 4465 2479 4465 2480 4465 2438 4466 2484 4466 2481 4466 2438 4467 2481 4467 2485 4467 2487 4468 2485 4468 2482 4468 2487 4469 2482 4469 2486 4469 2488 4470 2486 4470 2483 4470 2488 4471 2483 4471 2489 4471 2489 4472 2483 4472 2233 4472 2489 4473 2233 4473 2232 4473 2369 4474 2366 4474 2480 4474 2369 4475 2480 4475 2484 4475 2439 4476 2438 4476 2485 4476 2439 4477 2485 4477 2487 4477 2442 4478 2487 4478 2486 4478 2442 4479 2486 4479 2488 4479 2445 4480 2488 4480 2489 4480 2489 4481 2232 4481 2238 4481 2489 4482 2238 4482 2446 4482 2489 4483 2446 4483 2445 4483 2488 4484 2445 4484 2443 4484 2488 4485 2443 4485 2442 4485 2487 4486 2442 4486 2441 4486 2487 4487 2441 4487 2439 4487 2484 4488 2438 4488 2371 4488 2484 4489 2371 4489 2369 4489 2366 4490 2369 4490 2367 4490 2245 4491 2247 4491 2465 4491 2245 4492 2465 4492 2460 4492 2457 4493 2460 4493 2463 4493 2457 4494 2463 4494 2459 4494 2456 4495 2459 4495 2462 4495 2456 4496 2462 4496 2458 4496 2451 4497 2455 4497 2381 4497 2451 4498 2381 4498 2380 4498 2454 4499 2380 4499 2379 4499 2454 4500 2379 4500 2376 4500 2249 4501 2250 4501 2471 4501 2249 4502 2471 4502 2466 4502 2465 4503 2466 4503 2469 4503 2465 4504 2469 4504 2464 4504 2463 4505 2464 4505 2468 4505 2463 4506 2468 4506 2461 4506 2458 4507 2462 4507 2386 4507 2458 4508 2386 4508 2384 4508 2381 4509 2384 4509 2382 4509 2385 4510 2386 4510 2387 4510 2389 4511 2387 4511 2461 4511 2389 4512 2461 4512 2468 4512 2490 4513 2467 4513 2469 4513 2490 4514 2469 4514 2470 4514 2491 4515 2470 4515 2471 4515 2491 4516 2471 4516 2472 4516 2492 4517 2472 4517 2473 4517 2388 4518 2387 4518 2389 4518 2392 4519 2389 4519 2468 4519 2392 4520 2468 4520 2467 4520 2493 4521 2490 4521 2470 4521 2493 4522 2470 4522 2491 4522 2494 4523 2491 4523 2472 4523 2494 4524 2472 4524 2492 4524 2495 4525 2492 4525 2473 4525 2495 4526 2473 4526 2496 4526 2496 4527 2473 4527 2253 4527 2496 4528 2253 4528 2256 4528 2390 4529 2389 4529 2392 4529 2393 4530 2392 4530 2467 4530 2393 4531 2467 4531 2490 4531 2497 4532 2493 4532 2491 4532 2497 4533 2491 4533 2494 4533 2498 4534 2494 4534 2492 4534 2498 4535 2492 4535 2495 4535 2499 4536 2495 4536 2496 4536 2496 4537 2256 4537 2259 4537 2391 4538 2392 4538 2393 4538 2396 4539 2393 4539 2490 4539 2396 4540 2490 4540 2493 4540 2500 4541 2497 4541 2494 4541 2500 4542 2494 4542 2498 4542 2501 4543 2498 4543 2495 4543 2501 4544 2495 4544 2499 4544 2502 4545 2499 4545 2496 4545 2502 4546 2496 4546 2503 4546 2503 4547 2496 4547 2259 4547 2503 4548 2259 4548 2258 4548 2394 4549 2393 4549 2396 4549 2397 4550 2396 4550 2493 4550 2397 4551 2493 4551 2497 4551 2403 4552 2500 4552 2498 4552 2403 4553 2498 4553 2501 4553 2504 4554 2501 4554 2499 4554 2504 4555 2499 4555 2502 4555 2505 4556 2502 4556 2503 4556 2503 4557 2258 4557 2263 4557 2395 4558 2396 4558 2397 4558 2401 4559 2397 4559 2497 4559 2401 4560 2497 4560 2500 4560 2405 4561 2403 4561 2501 4561 2405 4562 2501 4562 2504 4562 2410 4563 2504 4563 2502 4563 2410 4564 2502 4564 2505 4564 2417 4565 2505 4565 2503 4565 2417 4566 2503 4566 2263 4566 2398 4567 2397 4567 2401 4567 2400 4568 2401 4568 2500 4568 2400 4569 2500 4569 2403 4569 2407 4570 2405 4570 2504 4570 2407 4571 2504 4571 2410 4571 2413 4572 2410 4572 2505 4572 2413 4573 2505 4573 2417 4573 2421 4574 2417 4574 2263 4574 2421 4575 2263 4575 2261 4575 2360 4576 2427 4576 2506 4576 2506 4577 2427 4577 2428 4577 2506 4578 2428 4578 2507 4578 2507 4579 2428 4579 2429 4579 2507 4580 2429 4580 2508 4580 2508 4581 2429 4581 2430 4581 2508 4582 2430 4582 2509 4582 2509 4583 2430 4583 2264 4583 2509 4584 2264 4584 2266 4584 2510 4585 2511 4585 2512 4585 2511 4586 2513 4586 2514 4586 2513 4587 2515 4587 2514 4587 2510 4588 2512 4588 2516 4588 2516 4589 2512 4589 2517 4589 2516 4590 2517 4590 2518 4590 2518 4591 2517 4591 2519 4591 2518 4592 2519 4592 2520 4592 2521 4593 2522 4593 2523 4593 2523 4594 2522 4594 2519 4594 2519 4595 2522 4595 2520 4595 2524 4596 2525 4596 2526 4596 2525 4597 2527 4597 2526 4597 2526 4598 2527 4598 2523 4598 2523 4599 2527 4599 2521 4599 2525 4600 2524 4600 2528 4600 2528 4601 2524 4601 2529 4601 2528 4602 2529 4602 2530 4602 2530 4603 2529 4603 2531 4603 2530 4604 2531 4604 2532 4604 2532 4605 2531 4605 2533 4605 2532 4606 2533 4606 2534 4606 2534 4607 2533 4607 2535 4607 2534 4608 2535 4608 2536 4608 2536 4609 2535 4609 2537 4609 2536 4610 2537 4610 2538 4610 2538 4611 2537 4611 2539 4611 2539 4612 2537 4612 2540 4612 2539 4613 2540 4613 2541 4613 2541 4614 2540 4614 2542 4614 2542 4615 2540 4615 2543 4615 2544 4616 2545 4616 2543 4616 2543 4617 2545 4617 2546 4617 2543 4618 2546 4618 2542 4618 2544 4619 2547 4619 2548 4619 2548 4620 2549 4620 2544 4620 2544 4621 2549 4621 2545 4621 2550 4622 2551 4622 2552 4622 2551 4623 2553 4623 2552 4623 2552 4624 2553 4624 2547 4624 2547 4625 2553 4625 2548 4625 2551 4626 2550 4626 2554 4626 2554 4627 2550 4627 2555 4627 2554 4628 2555 4628 2343 4628 2512 4629 2556 4629 2557 4629 2512 4630 2557 4630 2517 4630 2517 4631 2557 4631 2558 4631 2517 4632 2558 4632 2559 4632 2517 4633 2559 4633 2519 4633 2519 4634 2559 4634 2560 4634 2519 4635 2560 4635 2523 4635 2523 4636 2560 4636 2561 4636 2523 4637 2561 4637 2526 4637 2535 4638 2562 4638 2537 4638 2537 4639 2562 4639 2563 4639 2537 4640 2563 4640 2564 4640 2537 4641 2564 4641 2540 4641 2540 4642 2564 4642 2565 4642 2540 4643 2565 4643 2566 4643 2540 4644 2566 4644 2543 4644 2543 4645 2566 4645 2567 4645 2543 4646 2567 4646 2544 4646 2544 4647 2567 4647 2568 4647 2544 4648 2568 4648 2547 4648 2555 4649 2342 4649 2343 4649 2561 4650 2569 4650 2526 4650 2526 4651 2569 4651 2524 4651 2524 4652 2569 4652 2570 4652 2524 4653 2570 4653 2529 4653 2529 4654 2570 4654 2531 4654 2531 4655 2570 4655 2571 4655 2531 4656 2571 4656 2533 4656 2533 4657 2571 4657 2535 4657 2535 4658 2571 4658 2562 4658 2568 4659 2572 4659 2547 4659 2547 4660 2572 4660 2573 4660 2547 4661 2573 4661 2552 4661 2552 4662 2573 4662 2550 4662 2550 4663 2573 4663 2341 4663 2550 4664 2341 4664 2555 4664 2555 4665 2341 4665 2342 4665 2556 4666 2574 4666 2575 4666 2556 4667 2575 4667 2557 4667 2557 4668 2575 4668 2576 4668 2557 4669 2576 4669 2558 4669 2558 4670 2576 4670 2577 4670 2558 4671 2577 4671 2559 4671 2559 4672 2577 4672 2578 4672 2559 4673 2578 4673 2560 4673 2560 4674 2578 4674 2579 4674 2560 4675 2579 4675 2561 4675 2561 4676 2579 4676 2580 4676 2561 4677 2580 4677 2569 4677 2569 4678 2580 4678 2581 4678 2569 4679 2581 4679 2582 4679 2569 4680 2582 4680 2570 4680 2570 4681 2582 4681 2583 4681 2570 4682 2583 4682 2584 4682 2570 4683 2584 4683 2571 4683 2571 4684 2584 4684 2585 4684 2571 4685 2585 4685 2586 4685 2571 4686 2586 4686 2562 4686 2562 4687 2586 4687 2587 4687 2562 4688 2587 4688 2563 4688 2563 4689 2587 4689 2588 4689 2563 4690 2588 4690 2564 4690 2564 4691 2588 4691 2589 4691 2564 4692 2589 4692 2565 4692 2565 4693 2589 4693 2590 4693 2565 4694 2590 4694 2566 4694 2566 4695 2590 4695 2591 4695 2566 4696 2591 4696 2567 4696 2567 4697 2591 4697 2592 4697 2567 4698 2592 4698 2568 4698 2568 4699 2592 4699 2593 4699 2568 4700 2593 4700 2572 4700 2572 4701 2593 4701 2594 4701 2572 4702 2594 4702 2573 4702 2573 4703 2594 4703 2595 4703 2573 4704 2595 4704 2341 4704 2595 4705 2596 4705 2341 4705 2341 4706 2596 4706 2339 4706 2574 4707 2597 4707 2598 4707 2574 4708 2598 4708 2575 4708 2575 4709 2598 4709 2599 4709 2575 4710 2599 4710 2576 4710 2576 4711 2599 4711 2600 4711 2576 4712 2600 4712 2577 4712 2577 4713 2600 4713 2601 4713 2577 4714 2601 4714 2578 4714 2578 4715 2601 4715 2602 4715 2578 4716 2602 4716 2579 4716 2579 4717 2602 4717 2603 4717 2579 4718 2603 4718 2580 4718 2580 4719 2603 4719 2604 4719 2580 4720 2604 4720 2581 4720 2581 4721 2604 4721 2605 4721 2581 4722 2605 4722 2582 4722 2582 4723 2605 4723 2606 4723 2582 4724 2606 4724 2583 4724 2583 4725 2606 4725 2607 4725 2583 4726 2607 4726 2584 4726 2584 4727 2607 4727 2608 4727 2584 4728 2608 4728 2585 4728 2585 4729 2608 4729 2609 4729 2585 4730 2609 4730 2586 4730 2586 4731 2609 4731 2610 4731 2586 4732 2610 4732 2587 4732 2587 4733 2610 4733 2611 4733 2587 4734 2611 4734 2588 4734 2588 4735 2611 4735 2612 4735 2588 4736 2612 4736 2589 4736 2589 4737 2612 4737 2613 4737 2589 4738 2613 4738 2590 4738 2590 4739 2613 4739 2614 4739 2590 4740 2614 4740 2591 4740 2591 4741 2614 4741 2615 4741 2591 4742 2615 4742 2592 4742 2592 4743 2615 4743 2616 4743 2592 4744 2616 4744 2593 4744 2593 4745 2616 4745 2617 4745 2593 4746 2617 4746 2594 4746 2594 4747 2617 4747 2618 4747 2594 4748 2618 4748 2595 4748 2595 4749 2618 4749 2596 4749 2618 4750 2619 4750 2596 4750 2596 4751 2619 4751 2337 4751 2596 4752 2337 4752 2339 4752 2143 4753 2620 4753 2335 4753 2335 4754 2620 4754 2621 4754 2335 4755 2621 4755 2311 4755 2311 4756 2621 4756 2622 4756 2311 4757 2622 4757 2309 4757 2309 4758 2622 4758 2280 4758 2280 4759 2622 4759 2514 4759 2280 4760 2514 4760 2515 4760 2280 4761 2515 4761 2266 4761 2143 4762 2130 4762 2620 4762 2620 4763 2130 4763 2623 4763 2620 4764 2623 4764 2621 4764 2621 4765 2623 4765 2624 4765 2621 4766 2624 4766 2622 4766 2622 4767 2624 4767 2625 4767 2622 4768 2625 4768 2514 4768 2130 4769 2129 4769 2623 4769 2623 4770 2129 4770 2626 4770 2623 4771 2626 4771 2624 4771 2624 4772 2626 4772 2627 4772 2624 4773 2627 4773 2625 4773 2625 4774 2627 4774 2628 4774 2625 4775 2628 4775 2514 4775 2514 4776 2628 4776 2512 4776 2514 4777 2512 4777 2511 4777 2129 4778 1996 4778 2626 4778 2626 4779 1996 4779 2597 4779 2626 4780 2597 4780 2627 4780 2627 4781 2597 4781 2574 4781 2627 4782 2574 4782 2628 4782 2628 4783 2574 4783 2556 4783 2628 4784 2556 4784 2512 4784 2154 4785 2337 4785 2150 4785 2150 4786 2337 4786 2619 4786 2150 4787 2619 4787 2151 4787 2151 4788 2619 4788 2618 4788 2151 4789 2618 4789 2156 4789 2156 4790 2618 4790 2617 4790 2156 4791 2617 4791 2629 4791 2629 4792 2617 4792 2616 4792 2629 4793 2616 4793 2132 4793 2132 4794 2616 4794 2615 4794 2132 4795 2615 4795 2120 4795 2120 4796 2615 4796 2614 4796 2120 4797 2614 4797 2111 4797 2111 4798 2614 4798 2613 4798 2111 4799 2613 4799 2109 4799 2109 4800 2613 4800 2612 4800 2109 4801 2612 4801 2107 4801 2107 4802 2612 4802 2611 4802 2107 4803 2611 4803 2108 4803 2108 4804 2611 4804 2610 4804 2108 4805 2610 4805 2118 4805 2118 4806 2610 4806 2609 4806 2118 4807 2609 4807 2032 4807 2032 4808 2609 4808 2608 4808 2032 4809 2608 4809 2099 4809 2099 4810 2608 4810 2607 4810 2099 4811 2607 4811 2100 4811 2100 4812 2607 4812 2606 4812 2100 4813 2606 4813 2106 4813 2106 4814 2606 4814 2605 4814 2106 4815 2605 4815 2105 4815 2105 4816 2605 4816 2604 4816 2105 4817 2604 4817 2104 4817 2104 4818 2604 4818 2603 4818 2104 4819 2603 4819 2026 4819 2026 4820 2603 4820 2602 4820 2026 4821 2602 4821 2098 4821 2098 4822 2602 4822 2601 4822 2098 4823 2601 4823 2096 4823 2096 4824 2601 4824 2600 4824 2096 4825 2600 4825 2097 4825 2097 4826 2600 4826 2599 4826 2097 4827 2599 4827 2352 4827 2352 4828 2599 4828 2598 4828 2352 4829 2598 4829 2597 4829 2352 4830 2597 4830 2015 4830 2015 4831 2597 4831 1996 4831 2630 4832 2631 4832 2632 4832 2633 4833 2634 4833 2635 4833 2636 4834 2637 4834 2638 4834 2639 4835 2640 4835 2641 4835 2642 4836 2643 4836 2644 4836 2645 4837 2646 4837 2647 4837 2648 4838 2649 4838 2650 4838 2651 4839 2652 4839 2653 4839 2654 4840 2356 4840 2655 4840 2656 4841 2657 4841 2506 4841 2506 4842 2657 4842 2360 4842 2181 4843 2183 4843 2658 4843 2182 4844 2181 4844 2659 4844 2362 4845 2182 4845 2660 4845 2661 4846 2361 4846 2362 4846 2361 4847 2661 4847 2212 4847 2199 4848 2198 4848 2662 4848 2204 4849 2355 4849 2663 4849 2354 4850 2204 4850 2664 4850 2171 4851 2354 4851 2665 4851 2172 4852 2171 4852 2666 4852 2187 4853 2172 4853 2667 4853 2185 4854 2187 4854 2668 4854 2353 4855 2185 4855 2669 4855 2163 4856 2353 4856 2670 4856 2163 4857 2671 4857 2164 4857 2164 4858 2671 4858 2672 4858 2164 4859 2672 4859 2356 4859 2364 4860 2363 4860 2630 4860 2655 4861 2356 4861 2672 4861 2655 4862 2672 4862 2673 4862 2652 4863 2654 4863 2653 4863 2653 4864 2654 4864 2655 4864 2653 4865 2655 4865 2674 4865 2674 4866 2655 4866 2673 4866 2649 4867 2651 4867 2650 4867 2650 4868 2651 4868 2653 4868 2650 4869 2653 4869 2675 4869 2675 4870 2653 4870 2674 4870 2646 4871 2648 4871 2647 4871 2647 4872 2648 4872 2650 4872 2647 4873 2650 4873 2676 4873 2676 4874 2650 4874 2675 4874 2676 4875 2675 4875 2677 4875 2643 4876 2645 4876 2644 4876 2644 4877 2645 4877 2647 4877 2644 4878 2647 4878 2678 4878 2678 4879 2647 4879 2676 4879 2678 4880 2676 4880 2679 4880 2679 4881 2676 4881 2677 4881 2640 4882 2642 4882 2641 4882 2641 4883 2642 4883 2644 4883 2641 4884 2644 4884 2680 4884 2680 4885 2644 4885 2678 4885 2680 4886 2678 4886 2681 4886 2681 4887 2678 4887 2679 4887 2681 4888 2679 4888 2682 4888 2637 4889 2639 4889 2638 4889 2638 4890 2639 4890 2641 4890 2638 4891 2641 4891 2683 4891 2683 4892 2641 4892 2680 4892 2683 4893 2680 4893 2684 4893 2684 4894 2680 4894 2681 4894 2684 4895 2681 4895 2685 4895 2685 4896 2681 4896 2682 4896 2634 4897 2636 4897 2635 4897 2635 4898 2636 4898 2638 4898 2635 4899 2638 4899 2686 4899 2686 4900 2638 4900 2683 4900 2686 4901 2683 4901 2687 4901 2687 4902 2683 4902 2684 4902 2687 4903 2684 4903 2688 4903 2688 4904 2684 4904 2685 4904 2688 4905 2685 4905 2551 4905 2631 4906 2633 4906 2632 4906 2632 4907 2633 4907 2635 4907 2632 4908 2635 4908 2689 4908 2689 4909 2635 4909 2686 4909 2689 4910 2686 4910 2690 4910 2690 4911 2686 4911 2687 4911 2690 4912 2687 4912 2691 4912 2691 4913 2687 4913 2688 4913 2691 4914 2688 4914 2554 4914 2554 4915 2688 4915 2551 4915 2692 4916 2693 4916 2513 4916 2692 4917 2513 4917 2511 4917 2694 4918 2695 4918 2692 4918 2694 4919 2692 4919 2696 4919 2697 4920 2696 4920 2510 4920 2697 4921 2510 4921 2516 4921 2181 4922 2658 4922 2659 4922 2660 4923 2659 4923 2698 4923 2660 4924 2698 4924 2699 4924 2700 4925 2701 4925 2702 4925 2700 4926 2702 4926 2703 4926 2704 4927 2703 4927 2705 4927 2704 4928 2705 4928 2706 4928 2707 4929 2706 4929 2527 4929 2707 4930 2527 4930 2525 4930 2182 4931 2659 4931 2660 4931 2708 4932 2660 4932 2699 4932 2708 4933 2699 4933 2701 4933 2709 4934 2700 4934 2703 4934 2709 4935 2703 4935 2704 4935 2710 4936 2704 4936 2706 4936 2710 4937 2706 4937 2707 4937 2711 4938 2707 4938 2525 4938 2711 4939 2525 4939 2528 4939 2362 4940 2660 4940 2708 4940 2661 4941 2708 4941 2701 4941 2661 4942 2701 4942 2700 4942 2712 4943 2709 4943 2704 4943 2712 4944 2704 4944 2710 4944 2713 4945 2710 4945 2707 4945 2713 4946 2707 4946 2711 4946 2714 4947 2711 4947 2528 4947 2714 4948 2528 4948 2530 4948 2362 4949 2708 4949 2661 4949 2715 4950 2661 4950 2700 4950 2715 4951 2700 4951 2709 4951 2716 4952 2712 4952 2710 4952 2716 4953 2710 4953 2713 4953 2717 4954 2713 4954 2711 4954 2717 4955 2711 4955 2714 4955 2718 4956 2714 4956 2530 4956 2718 4957 2530 4957 2532 4957 2212 4958 2661 4958 2715 4958 2662 4959 2715 4959 2709 4959 2662 4960 2709 4960 2712 4960 2719 4961 2716 4961 2713 4961 2719 4962 2713 4962 2717 4962 2720 4963 2717 4963 2714 4963 2720 4964 2714 4964 2718 4964 2721 4965 2718 4965 2532 4965 2721 4966 2532 4966 2534 4966 2199 4967 2662 4967 2722 4967 2663 4968 2722 4968 2716 4968 2663 4969 2716 4969 2719 4969 2723 4970 2724 4970 2720 4970 2723 4971 2720 4971 2725 4971 2726 4972 2725 4972 2721 4972 2726 4973 2721 4973 2727 4973 2728 4974 2727 4974 2536 4974 2728 4975 2536 4975 2538 4975 2204 4976 2663 4976 2664 4976 2665 4977 2664 4977 2724 4977 2665 4978 2724 4978 2723 4978 2729 4979 2730 4979 2726 4979 2729 4980 2726 4980 2731 4980 2732 4981 2731 4981 2728 4981 2732 4982 2728 4982 2733 4982 2734 4983 2733 4983 2539 4983 2734 4984 2539 4984 2735 4984 2735 4985 2539 4985 2541 4985 2735 4986 2541 4986 2542 4986 2509 4987 2266 4987 2693 4987 2693 4988 2266 4988 2515 4988 2693 4989 2515 4989 2513 4989 2508 4990 2509 4990 2695 4990 2695 4991 2509 4991 2693 4991 2695 4992 2693 4992 2692 4992 2696 4993 2692 4993 2511 4993 2696 4994 2511 4994 2510 4994 2507 4995 2508 4995 2695 4995 2736 4996 2694 4996 2696 4996 2736 4997 2696 4997 2697 4997 2737 4998 2697 4998 2516 4998 2737 4999 2516 4999 2738 4999 2738 5000 2516 5000 2518 5000 2739 5001 2507 5001 2695 5001 2739 5002 2695 5002 2740 5002 2740 5003 2695 5003 2694 5003 2740 5004 2694 5004 2736 5004 2741 5005 2736 5005 2697 5005 2741 5006 2697 5006 2737 5006 2742 5007 2737 5007 2738 5007 2738 5008 2518 5008 2520 5008 2743 5009 2740 5009 2736 5009 2743 5010 2736 5010 2741 5010 2744 5011 2741 5011 2737 5011 2744 5012 2737 5012 2742 5012 2745 5013 2742 5013 2738 5013 2745 5014 2738 5014 2520 5014 2506 5015 2507 5015 2656 5015 2656 5016 2507 5016 2739 5016 2656 5017 2739 5017 2740 5017 2698 5018 2743 5018 2741 5018 2698 5019 2741 5019 2744 5019 2746 5020 2744 5020 2742 5020 2746 5021 2742 5021 2745 5021 2747 5022 2745 5022 2520 5022 2747 5023 2520 5023 2748 5023 2748 5024 2520 5024 2522 5024 2748 5025 2522 5025 2521 5025 2658 5026 2656 5026 2740 5026 2658 5027 2740 5027 2743 5027 2699 5028 2698 5028 2744 5028 2699 5029 2744 5029 2746 5029 2702 5030 2746 5030 2745 5030 2702 5031 2745 5031 2747 5031 2705 5032 2747 5032 2748 5032 2748 5033 2521 5033 2527 5033 2748 5034 2527 5034 2706 5034 2748 5035 2706 5035 2705 5035 2747 5036 2705 5036 2703 5036 2747 5037 2703 5037 2702 5037 2746 5038 2702 5038 2701 5038 2746 5039 2701 5039 2699 5039 2743 5040 2698 5040 2659 5040 2743 5041 2659 5041 2658 5041 2656 5042 2658 5042 2183 5042 2656 5043 2183 5043 2657 5043 2534 5044 2536 5044 2727 5044 2534 5045 2727 5045 2721 5045 2718 5046 2721 5046 2725 5046 2718 5047 2725 5047 2720 5047 2717 5048 2720 5048 2724 5048 2717 5049 2724 5049 2719 5049 2712 5050 2716 5050 2722 5050 2712 5051 2722 5051 2662 5051 2715 5052 2662 5052 2198 5052 2715 5053 2198 5053 2212 5053 2538 5054 2539 5054 2733 5054 2538 5055 2733 5055 2728 5055 2727 5056 2728 5056 2731 5056 2727 5057 2731 5057 2726 5057 2725 5058 2726 5058 2730 5058 2725 5059 2730 5059 2723 5059 2719 5060 2724 5060 2664 5060 2719 5061 2664 5061 2663 5061 2722 5062 2663 5062 2355 5062 2722 5063 2355 5063 2199 5063 2354 5064 2664 5064 2665 5064 2666 5065 2665 5065 2723 5065 2666 5066 2723 5066 2730 5066 2749 5067 2729 5067 2731 5067 2749 5068 2731 5068 2732 5068 2750 5069 2732 5069 2733 5069 2750 5070 2733 5070 2734 5070 2751 5071 2734 5071 2735 5071 2735 5072 2542 5072 2546 5072 2171 5073 2665 5073 2666 5073 2667 5074 2666 5074 2730 5074 2667 5075 2730 5075 2729 5075 2752 5076 2749 5076 2732 5076 2752 5077 2732 5077 2750 5077 2753 5078 2750 5078 2734 5078 2753 5079 2734 5079 2751 5079 2754 5080 2751 5080 2735 5080 2754 5081 2735 5081 2546 5081 2172 5082 2666 5082 2667 5082 2668 5083 2667 5083 2729 5083 2668 5084 2729 5084 2749 5084 2755 5085 2752 5085 2750 5085 2755 5086 2750 5086 2753 5086 2756 5087 2753 5087 2751 5087 2756 5088 2751 5088 2754 5088 2757 5089 2754 5089 2546 5089 2757 5090 2546 5090 2758 5090 2758 5091 2546 5091 2545 5091 2758 5092 2545 5092 2549 5092 2187 5093 2667 5093 2668 5093 2669 5094 2668 5094 2749 5094 2669 5095 2749 5095 2752 5095 2759 5096 2755 5096 2753 5096 2759 5097 2753 5097 2756 5097 2760 5098 2756 5098 2754 5098 2760 5099 2754 5099 2757 5099 2761 5100 2757 5100 2758 5100 2758 5101 2549 5101 2548 5101 2185 5102 2668 5102 2669 5102 2670 5103 2669 5103 2752 5103 2670 5104 2752 5104 2755 5104 2673 5105 2759 5105 2756 5105 2673 5106 2756 5106 2760 5106 2762 5107 2760 5107 2757 5107 2762 5108 2757 5108 2761 5108 2763 5109 2761 5109 2758 5109 2763 5110 2758 5110 2548 5110 2353 5111 2669 5111 2670 5111 2671 5112 2670 5112 2755 5112 2671 5113 2755 5113 2759 5113 2674 5114 2673 5114 2760 5114 2674 5115 2760 5115 2762 5115 2677 5116 2762 5116 2761 5116 2677 5117 2761 5117 2763 5117 2682 5118 2763 5118 2548 5118 2682 5119 2548 5119 2553 5119 2163 5120 2670 5120 2671 5120 2672 5121 2671 5121 2759 5121 2672 5122 2759 5122 2673 5122 2675 5123 2674 5123 2762 5123 2675 5124 2762 5124 2677 5124 2679 5125 2677 5125 2763 5125 2679 5126 2763 5126 2682 5126 2685 5127 2682 5127 2553 5127 2685 5128 2553 5128 2551 5128 2630 5129 2632 5129 2364 5129 2364 5130 2632 5130 2689 5130 2364 5131 2689 5131 2476 5131 2476 5132 2689 5132 2690 5132 2476 5133 2690 5133 2475 5133 2475 5134 2690 5134 2691 5134 2475 5135 2691 5135 2474 5135 2474 5136 2691 5136 2554 5136 2474 5137 2554 5137 2343 5137 1930 5138 1872 5138 1926 5138 1926 5139 1872 5139 1871 5139 1926 5140 1871 5140 1923 5140 1923 5141 1871 5141 1873 5141 1923 5142 1873 5142 1918 5142 1918 5143 1873 5143 1874 5143 1918 5144 1874 5144 1912 5144 1912 5145 1874 5145 1875 5145 1912 5146 1875 5146 1907 5146 1907 5147 1875 5147 1876 5147 1907 5148 1876 5148 1903 5148 1903 5149 1876 5149 1877 5149 1903 5150 1877 5150 1898 5150 1898 5151 1877 5151 1878 5151 1898 5152 1878 5152 1870 5152 1898 5153 1870 5153 1895 5153 1895 5154 1870 5154 1892 5154 1892 5155 1870 5155 1880 5155 1892 5156 1880 5156 1879 5156 1892 5157 1879 5157 1935 5157 1935 5158 1879 5158 1930 5158 1930 5159 1879 5159 1872 5159 1882 5160 1949 5160 1883 5160 1883 5161 1949 5161 1954 5161 1883 5162 1954 5162 1891 5162 1891 5163 1954 5163 1959 5163 1891 5164 1959 5164 1890 5164 1890 5165 1959 5165 1986 5165 1890 5166 1986 5166 1888 5166 1888 5167 1986 5167 1973 5167 1888 5168 1973 5168 1889 5168 1889 5169 1973 5169 1975 5169 1889 5170 1975 5170 1881 5170 1881 5171 1975 5171 1962 5171 1881 5172 1962 5172 1887 5172 1887 5173 1962 5173 1964 5173 1887 5174 1964 5174 1967 5174 1887 5175 1967 5175 1886 5175 1886 5176 1967 5176 1885 5176 1885 5177 1967 5177 1941 5177 1885 5178 1941 5178 1944 5178 1885 5179 1944 5179 1884 5179 1884 5180 1944 5180 1882 5180 1882 5181 1944 5181 1949 5181 2764 5182 1933 5182 2765 5182 2765 5183 1933 5183 1932 5183 2765 5184 1932 5184 2766 5184 1933 5185 2764 5185 2767 5185 1933 5186 2767 5186 1934 5186 1934 5187 2767 5187 1936 5187 1936 5188 2767 5188 2121 5188 2121 5189 2768 5189 1936 5189 1936 5190 2768 5190 1937 5190 2768 5191 2769 5191 1937 5191 1937 5192 2769 5192 1938 5192 1938 5193 2769 5193 2136 5193 2136 5194 2770 5194 1938 5194 1938 5195 2770 5195 1939 5195 2770 5196 2771 5196 1939 5196 1939 5197 2771 5197 1940 5197 1940 5198 2771 5198 2772 5198 2773 5199 1893 5199 2774 5199 2774 5200 1893 5200 1940 5200 2774 5201 1940 5201 2772 5201 1893 5202 2773 5202 2775 5202 1893 5203 2775 5203 1894 5203 1894 5204 2775 5204 1896 5204 1896 5205 2775 5205 2776 5205 2776 5206 2777 5206 1896 5206 1896 5207 2777 5207 1897 5207 2777 5208 2778 5208 1897 5208 1897 5209 2778 5209 1899 5209 1899 5210 2778 5210 2779 5210 1899 5211 2779 5211 2780 5211 1899 5212 2780 5212 1900 5212 2780 5213 2152 5213 1900 5213 1900 5214 2152 5214 1901 5214 1901 5215 2152 5215 2781 5215 2782 5216 1902 5216 2783 5216 2783 5217 1902 5217 1901 5217 2783 5218 1901 5218 2781 5218 1902 5219 2782 5219 2784 5219 1902 5220 2784 5220 1904 5220 1904 5221 2784 5221 1905 5221 1905 5222 2784 5222 2785 5222 2785 5223 2786 5223 1905 5223 1905 5224 2786 5224 1906 5224 1906 5225 2786 5225 2040 5225 1906 5226 2040 5226 1908 5226 1908 5227 2040 5227 2039 5227 1908 5228 2039 5228 2034 5228 1908 5229 2034 5229 1909 5229 2034 5230 2033 5230 1909 5230 1909 5231 2033 5231 1910 5231 2033 5232 2037 5232 1910 5232 1910 5233 2037 5233 1911 5233 1911 5234 2037 5234 2028 5234 2028 5235 2030 5235 1911 5235 1911 5236 2030 5236 1913 5236 2030 5237 2036 5237 1913 5237 1913 5238 2036 5238 1914 5238 1914 5239 2036 5239 2025 5239 2025 5240 2027 5240 1914 5240 1914 5241 2027 5241 1915 5241 2027 5242 2024 5242 1915 5242 1915 5243 2024 5243 1916 5243 1916 5244 2024 5244 2023 5244 2019 5245 1917 5245 2022 5245 2022 5246 1917 5246 1916 5246 2022 5247 1916 5247 2023 5247 1917 5248 2019 5248 2017 5248 1917 5249 2017 5249 1919 5249 1919 5250 2017 5250 1920 5250 1920 5251 2017 5251 2016 5251 2016 5252 1994 5252 1920 5252 1920 5253 1994 5253 1921 5253 1994 5254 1993 5254 1921 5254 1921 5255 1993 5255 1922 5255 1922 5256 1993 5256 1997 5256 1922 5257 1997 5257 2013 5257 1922 5258 2013 5258 1924 5258 2013 5259 2011 5259 1924 5259 1924 5260 2011 5260 1925 5260 1925 5261 2011 5261 2010 5261 1925 5262 2010 5262 2009 5262 1925 5263 2009 5263 1927 5263 2009 5264 2007 5264 1927 5264 1927 5265 2007 5265 1928 5265 2007 5266 2005 5266 1928 5266 1928 5267 2005 5267 1929 5267 1929 5268 2005 5268 2004 5268 2004 5269 2001 5269 1929 5269 1929 5270 2001 5270 1931 5270 1931 5271 2001 5271 2000 5271 1931 5272 2000 5272 1932 5272 1932 5273 2000 5273 2766 5273 1979 5274 2787 5274 1980 5274 2788 5275 1981 5275 2789 5275 2789 5276 1981 5276 1980 5276 2789 5277 1980 5277 2787 5277 1981 5278 2788 5278 2790 5278 1981 5279 2790 5279 1982 5279 2790 5280 2791 5280 1982 5280 1982 5281 2791 5281 1963 5281 2791 5282 2792 5282 1963 5282 1963 5283 2792 5283 1965 5283 1965 5284 2792 5284 2793 5284 2793 5285 2794 5285 1965 5285 1965 5286 2794 5286 1966 5286 2795 5287 1968 5287 2796 5287 2796 5288 1968 5288 1966 5288 2796 5289 1966 5289 2794 5289 1968 5290 2795 5290 2797 5290 1968 5291 2797 5291 1969 5291 2797 5292 2798 5292 1969 5292 1969 5293 2798 5293 1970 5293 2798 5294 2799 5294 1970 5294 1970 5295 2799 5295 1971 5295 1971 5296 2799 5296 2800 5296 2800 5297 2072 5297 1971 5297 1971 5298 2072 5298 1972 5298 2072 5299 2071 5299 1972 5299 1972 5300 2071 5300 1942 5300 1942 5301 2071 5301 2076 5301 2065 5302 1943 5302 2075 5302 2075 5303 1943 5303 1942 5303 2075 5304 1942 5304 2076 5304 1943 5305 2065 5305 2053 5305 1943 5306 2053 5306 1945 5306 2045 5307 1946 5307 2046 5307 2046 5308 1946 5308 1945 5308 2046 5309 1945 5309 2053 5309 1946 5310 2045 5310 2067 5310 1946 5311 2067 5311 1947 5311 1947 5312 2067 5312 1948 5312 1948 5313 2067 5313 2055 5313 2055 5314 2049 5314 1948 5314 1948 5315 2049 5315 1950 5315 2088 5316 1951 5316 2048 5316 2048 5317 1951 5317 1950 5317 2048 5318 1950 5318 2049 5318 1951 5319 2088 5319 2089 5319 1951 5320 2089 5320 1952 5320 2089 5321 2069 5321 1952 5321 1952 5322 2069 5322 1953 5322 2069 5323 2057 5323 1953 5323 1953 5324 2057 5324 1955 5324 1955 5325 2057 5325 2051 5325 2051 5326 2043 5326 1955 5326 1955 5327 2043 5327 1956 5327 2043 5328 2042 5328 1956 5328 1956 5329 2042 5329 1957 5329 1957 5330 2042 5330 2091 5330 1957 5331 2091 5331 2080 5331 1957 5332 2080 5332 1958 5332 2080 5333 2079 5333 1958 5333 1958 5334 2079 5334 1960 5334 2079 5335 2093 5335 1960 5335 1960 5336 2093 5336 1961 5336 1961 5337 2093 5337 2095 5337 1961 5338 2095 5338 2084 5338 1961 5339 2084 5339 2083 5339 1961 5340 2083 5340 1983 5340 1983 5341 2083 5341 1984 5341 1984 5342 2083 5342 2070 5342 2070 5343 2060 5343 1984 5343 1984 5344 2060 5344 1985 5344 2064 5345 1987 5345 2061 5345 2061 5346 1987 5346 1985 5346 2061 5347 1985 5347 2060 5347 2801 5348 1988 5348 2802 5348 2802 5349 1988 5349 1987 5349 2802 5350 1987 5350 2064 5350 1988 5351 2801 5351 2803 5351 1988 5352 2803 5352 1989 5352 1989 5353 2803 5353 1990 5353 1990 5354 2803 5354 2804 5354 1990 5355 2804 5355 2805 5355 1990 5356 2805 5356 1991 5356 2805 5357 2806 5357 1991 5357 1991 5358 2806 5358 1992 5358 1992 5359 2806 5359 2807 5359 1992 5360 2807 5360 2808 5360 1992 5361 2808 5361 1974 5361 2808 5362 2809 5362 1974 5362 1974 5363 2809 5363 1976 5363 2809 5364 2810 5364 1976 5364 1976 5365 2810 5365 1977 5365 1977 5366 2810 5366 2811 5366 1977 5367 2811 5367 2812 5367 1977 5368 2812 5368 2813 5368 1977 5369 2813 5369 1978 5369 1978 5370 2813 5370 1979 5370 1979 5371 2813 5371 2814 5371 1979 5372 2814 5372 2787 5372 2360 5373 2173 5373 2359 5373 2360 5374 2359 5374 2174 5374 2422 5375 2359 5375 2206 5375 2183 5376 2174 5376 2657 5376 2657 5377 2174 5377 2359 5377 2657 5378 2359 5378 2360 5378 2360 5379 2359 5379 2422 5379 2778 5380 2777 5380 2144 5380 2144 5381 2777 5381 2161 5381 2779 5382 2778 5382 2144 5382 2779 5383 2144 5383 2155 5383 2110 5384 2040 5384 2786 5384 2131 5385 2119 5385 2785 5385 2131 5386 2785 5386 2784 5386 2133 5387 2131 5387 2784 5387 2133 5388 2784 5388 2782 5388 2156 5389 2133 5389 2783 5389 2156 5390 2783 5390 2781 5390 2152 5391 2156 5391 2781 5391 2155 5392 2153 5392 2780 5392 2155 5393 2780 5393 2779 5393 2159 5394 2158 5394 2776 5394 2159 5395 2776 5395 2775 5395 2160 5396 2159 5396 2775 5396 2160 5397 2775 5397 2773 5397 2127 5398 2126 5398 2774 5398 2127 5399 2774 5399 2772 5399 2771 5400 2127 5400 2772 5400 2136 5401 2134 5401 2770 5401 2121 5402 2140 5402 2768 5402 2149 5403 2147 5403 2764 5403 2149 5404 2764 5404 2765 5404 2786 5405 2785 5405 2119 5405 2786 5406 2119 5406 2110 5406 2782 5407 2783 5407 2133 5407 2153 5408 2152 5408 2780 5408 2777 5409 2776 5409 2158 5409 2777 5410 2158 5410 2161 5410 2773 5411 2774 5411 2126 5411 2773 5412 2126 5412 2160 5412 2771 5413 2770 5413 2134 5413 2771 5414 2134 5414 2127 5414 2138 5415 2136 5415 2769 5415 2769 5416 2768 5416 2140 5416 2769 5417 2140 5417 2138 5417 2147 5418 2121 5418 2767 5418 2767 5419 2764 5419 2147 5419 2114 5420 2149 5420 2765 5420 2114 5421 2765 5421 2766 5421 2000 5422 2114 5422 2766 5422 2184 5423 2812 5423 2811 5423 2220 5424 2790 5424 2788 5424 2186 5425 2184 5425 2811 5425 2186 5426 2811 5426 2810 5426 2210 5427 2220 5427 2788 5427 2210 5428 2788 5428 2789 5428 2205 5429 2806 5429 2805 5429 2188 5430 2186 5430 2810 5430 2188 5431 2810 5431 2809 5431 2194 5432 2210 5432 2789 5432 2194 5433 2789 5433 2787 5433 2179 5434 2191 5434 2799 5434 2799 5435 2191 5435 2800 5435 2191 5436 2073 5436 2815 5436 2191 5437 2815 5437 2800 5437 2800 5438 2815 5438 2072 5438 2804 5439 2205 5439 2805 5439 2170 5440 2188 5440 2809 5440 2170 5441 2809 5441 2808 5441 2195 5442 2194 5442 2787 5442 2195 5443 2787 5443 2814 5443 2179 5444 2799 5444 2798 5444 2802 5445 2064 5445 2062 5445 2802 5446 2062 5446 2189 5446 2803 5447 2801 5447 2211 5447 2803 5448 2211 5448 2197 5448 2219 5449 2218 5449 2791 5449 2793 5450 2792 5450 2816 5450 2793 5451 2816 5451 2201 5451 2797 5452 2795 5452 2169 5452 2169 5453 2795 5453 2167 5453 2801 5454 2802 5454 2189 5454 2801 5455 2189 5455 2211 5455 2205 5456 2196 5456 2806 5456 2806 5457 2196 5457 2807 5457 2804 5458 2803 5458 2197 5458 2804 5459 2197 5459 2205 5459 2196 5460 2170 5460 2807 5460 2807 5461 2170 5461 2808 5461 2814 5462 2813 5462 2162 5462 2814 5463 2162 5463 2195 5463 2791 5464 2790 5464 2219 5464 2219 5465 2790 5465 2220 5465 2184 5466 2162 5466 2813 5466 2184 5467 2813 5467 2812 5467 2218 5468 2816 5468 2792 5468 2218 5469 2792 5469 2791 5469 2794 5470 2793 5470 2201 5470 2794 5471 2201 5471 2203 5471 2203 5472 2167 5472 2796 5472 2203 5473 2796 5473 2794 5473 2167 5474 2795 5474 2796 5474 2798 5475 2797 5475 2169 5475 2798 5476 2169 5476 2179 5476 2817 5477 2350 5477 2158 5477 2101 5478 2097 5478 2352 5478 2157 5479 2817 5479 2158 5479 2133 5480 2156 5480 2629 5480 2133 5481 2629 5481 2132 5481 2210 5482 2209 5482 2652 5482 2210 5483 2652 5483 2649 5483 2218 5484 2220 5484 2646 5484 2218 5485 2646 5485 2643 5485 2201 5486 2816 5486 2640 5486 2201 5487 2640 5487 2637 5487 2203 5488 2202 5488 2634 5488 2203 5489 2634 5489 2631 5489 2169 5490 2168 5490 2365 5490 2365 5491 2168 5491 2363 5491 2177 5492 2180 5492 2368 5492 2216 5493 2074 5493 2374 5493 2078 5494 2215 5494 2378 5494 2175 5495 2200 5495 2385 5495 2054 5496 2176 5496 2391 5496 2087 5497 2190 5497 2395 5497 2209 5498 2194 5498 2356 5498 2209 5499 2356 5499 2652 5499 2649 5500 2646 5500 2220 5500 2649 5501 2220 5501 2210 5501 2643 5502 2640 5502 2816 5502 2643 5503 2816 5503 2218 5503 2637 5504 2634 5504 2202 5504 2637 5505 2202 5505 2201 5505 2631 5506 2363 5506 2168 5506 2631 5507 2168 5507 2203 5507 2818 5508 2180 5508 2365 5508 2365 5509 2180 5509 2169 5509 2818 5510 2367 5510 2180 5510 2180 5511 2367 5511 2819 5511 2180 5512 2819 5512 2368 5512 2820 5513 2178 5513 2368 5513 2368 5514 2178 5514 2177 5514 2820 5515 2370 5515 2178 5515 2178 5516 2370 5516 2821 5516 2178 5517 2821 5517 2191 5517 2191 5518 2821 5518 2373 5518 2191 5519 2373 5519 2822 5519 2822 5520 2374 5520 2191 5520 2191 5521 2374 5521 2074 5521 2374 5522 2823 5522 2216 5522 2216 5523 2823 5523 2376 5523 2216 5524 2376 5524 2824 5524 2824 5525 2215 5525 2216 5525 2824 5526 2379 5526 2215 5526 2215 5527 2379 5527 2825 5527 2215 5528 2825 5528 2378 5528 2826 5529 2208 5529 2378 5529 2378 5530 2208 5530 2078 5530 2826 5531 2382 5531 2208 5531 2208 5532 2382 5532 2827 5532 2208 5533 2827 5533 2207 5533 2207 5534 2827 5534 2383 5534 2207 5535 2383 5535 2828 5535 2828 5536 2385 5536 2207 5536 2207 5537 2385 5537 2200 5537 2385 5538 2829 5538 2175 5538 2175 5539 2829 5539 2388 5539 2175 5540 2388 5540 2830 5540 2830 5541 2176 5541 2175 5541 2830 5542 2390 5542 2176 5542 2176 5543 2390 5543 2831 5543 2176 5544 2831 5544 2391 5544 2832 5545 2190 5545 2391 5545 2391 5546 2190 5546 2054 5546 2832 5547 2394 5547 2190 5547 2190 5548 2394 5548 2833 5548 2190 5549 2833 5549 2395 5549 2834 5550 2165 5550 2395 5550 2395 5551 2165 5551 2087 5551 2834 5552 2398 5552 2165 5552 2165 5553 2398 5553 2835 5553 2165 5554 2835 5554 2166 5554 2166 5555 2835 5555 2399 5555 2166 5556 2399 5556 2836 5556 2056 5557 2166 5557 2357 5557 2357 5558 2166 5558 2836 5558 2837 3774 2838 3774 2839 3774 2840 3774 2837 3774 2839 3774 2839 3774 2841 3774 2840 3774 2842 3774 2843 3774 2839 3774 2844 3774 2845 3774 2839 3774 2839 3774 2845 3774 2842 3774 2846 3774 2847 3774 2839 3774 2839 3774 2847 3774 2844 3774 2848 3774 2846 3774 2839 3774 2839 3774 2838 3774 2848 3774 2849 5559 2850 5559 2851 5559 2851 5560 2850 5560 2852 5560 2853 5561 2854 5561 2855 5561 2853 5562 2855 5562 2856 5562 2856 5563 2855 5563 2857 5563 2856 5564 2857 5564 2858 5564 2859 5565 2860 5565 2861 5565 2851 5566 2862 5566 2853 5566 2853 5567 2862 5567 2863 5567 2853 5568 2863 5568 2854 5568 2851 5569 2852 5569 2864 5569 2851 5570 2864 5570 2865 5570 2851 5571 2865 5571 2862 5571 2866 5572 2867 5572 2849 5572 2867 5573 2868 5573 2849 5573 2849 5574 2868 5574 2869 5574 2849 5575 2869 5575 2850 5575 2870 5576 2871 5576 2872 5576 2860 5577 2873 5577 2861 5577 2861 5578 2873 5578 2870 5578 2870 5579 2873 5579 2874 5579 2870 5580 2874 5580 2871 5580 2859 5581 2875 5581 2876 5581 2859 5582 2876 5582 2860 5582 2877 5583 2878 5583 2859 5583 2859 5584 2878 5584 2875 5584 2858 5585 2879 5585 2856 5585 2856 5586 2879 5586 2880 5586 2881 5587 2882 5587 2883 5587 2881 5588 2883 5588 1979 5588 2871 5589 2884 5589 2872 5589 2872 5590 2884 5590 2885 5590 2872 5591 2885 5591 2886 5591 2872 5592 2886 5592 2881 5592 2881 5593 2886 5593 2882 5593 2880 5594 2887 5594 2856 5594 2856 5595 2887 5595 2888 5595 2856 5596 2888 5596 2877 5596 2877 5597 2888 5597 2889 5597 2877 5598 2889 5598 2878 5598 1979 5599 2890 5599 2881 5599 2881 5600 2890 5600 2891 5600 2891 5601 2890 5601 2892 5601 2892 5602 2893 5602 2891 5602 2891 5603 2893 5603 2894 5603 2891 5604 2894 5604 2895 5604 2891 5605 2895 5605 2866 5605 2866 5606 2895 5606 2867 5606 2896 5607 2897 5607 2898 5607 2899 5608 2900 5608 2901 5608 2902 5609 2903 5609 2904 5609 2905 5610 2906 5610 2907 5610 2907 5611 2906 5611 2908 5611 2906 5612 2905 5612 2909 5612 2906 5613 2909 5613 2910 5613 2906 5614 2910 5614 2911 5614 2897 5615 2912 5615 2898 5615 2913 5616 2896 5616 2914 5616 2913 5617 2897 5617 2896 5617 2915 5618 2913 5618 2916 5618 2916 5619 2913 5619 2917 5619 2917 5620 2913 5620 2914 5620 2918 5621 2912 5621 2919 5621 2919 5622 2912 5622 2897 5622 2920 5623 2897 5623 2913 5623 2913 5624 2921 5624 2922 5624 2913 5625 2915 5625 2921 5625 2923 5626 2907 5626 2919 5626 2919 5627 2907 5627 2924 5627 2924 5628 2925 5628 2926 5628 2907 5629 2927 5629 2924 5629 2924 5630 2927 5630 2925 5630 2923 5631 2905 5631 2907 5631 2928 5632 2929 5632 2909 5632 2928 5633 2909 5633 2905 5633 2930 5634 2931 5634 2932 5634 2930 5635 2932 5635 2933 5635 2931 5636 2900 5636 2932 5636 2933 5637 2932 5637 2934 5637 2933 5638 2934 5638 2935 5638 2935 5639 2934 5639 2936 5639 2936 5640 2937 5640 2938 5640 2938 5641 2937 5641 2939 5641 2939 5642 2940 5642 2941 5642 2941 5643 2940 5643 2942 5643 2941 5644 2942 5644 2943 5644 2944 5645 2945 5645 2931 5645 2944 5646 2931 5646 2930 5646 2930 5647 2933 5647 2946 5647 2946 5648 2933 5648 2935 5648 2946 5649 2935 5649 2947 5649 2947 5650 2935 5650 2936 5650 2947 5651 2936 5651 2948 5651 2949 5652 2948 5652 2938 5652 2949 5653 2938 5653 2950 5653 2945 5654 2901 5654 2931 5654 2948 5655 2936 5655 2938 5655 2938 5656 2939 5656 2950 5656 2950 5657 2939 5657 2941 5657 2951 5658 2941 5658 2943 5658 2951 5659 2943 5659 2952 5659 2952 5660 2943 5660 2953 5660 2952 5661 2953 5661 2925 5661 2925 5662 2953 5662 2926 5662 2903 5663 2954 5663 2944 5663 2903 5664 2944 5664 2955 5664 2954 5665 2902 5665 2956 5665 2956 5666 2957 5666 2954 5666 2954 5667 2957 5667 2944 5667 2958 5668 2955 5668 2946 5668 2958 5669 2946 5669 2947 5669 2958 5670 2947 5670 2959 5670 2959 5671 2947 5671 2960 5671 2960 5672 2947 5672 2949 5672 2960 5673 2949 5673 2961 5673 2961 5674 2949 5674 2950 5674 2961 5675 2950 5675 2962 5675 2962 5676 2941 5676 2963 5676 2904 5677 2903 5677 2958 5677 2904 5678 2958 5678 2964 5678 2964 5679 2958 5679 2965 5679 2965 5680 2958 5680 2959 5680 2965 5681 2959 5681 2966 5681 2966 5682 2959 5682 2960 5682 2966 5683 2960 5683 2967 5683 2967 5684 2960 5684 2961 5684 2967 5685 2961 5685 2968 5685 2968 5686 2962 5686 2969 5686 2969 5687 2962 5687 2963 5687 2969 5688 2963 5688 2970 5688 2907 5689 2908 5689 2927 5689 2927 5690 2908 5690 2971 5690 2927 5691 2971 5691 2925 5691 2925 5692 2971 5692 2972 5692 2925 5693 2972 5693 2952 5693 2952 5694 2972 5694 2970 5694 2952 5695 2970 5695 2963 5695 2962 5696 2968 5696 2961 5696 2955 5697 2958 5697 2903 5697 2954 5698 2903 5698 2902 5698 2973 5699 2929 5699 2928 5699 2920 5700 2928 5700 2905 5700 2920 5701 2905 5701 2923 5701 2951 5702 2952 5702 2963 5702 2951 5703 2963 5703 2941 5703 2941 5704 2962 5704 2950 5704 2948 5705 2949 5705 2947 5705 2930 5706 2946 5706 2955 5706 2930 5707 2955 5707 2944 5707 2945 5708 2944 5708 2957 5708 2883 5709 2882 5709 2974 5709 2899 5710 2975 5710 2883 5710 2899 5711 2883 5711 2976 5711 2977 5712 2885 5712 2978 5712 2912 5713 2979 5713 2980 5713 2980 5714 2979 5714 2981 5714 2980 5715 2981 5715 2982 5715 2983 5716 2984 5716 2985 5716 2985 5717 2984 5717 2978 5717 2977 5718 2986 5718 2987 5718 2883 5719 2974 5719 2976 5719 2988 5720 2976 5720 2974 5720 2988 5721 2989 5721 2990 5721 2990 5722 2989 5722 2987 5722 2990 5723 2987 5723 2991 5723 2991 5724 2987 5724 2986 5724 2992 5725 2978 5725 2993 5725 2993 5726 2978 5726 2984 5726 2993 5727 2984 5727 2994 5727 2994 5728 2984 5728 2995 5728 2995 5729 2982 5729 2996 5729 2996 5730 2982 5730 2981 5730 2996 5731 2981 5731 2918 5731 2918 5732 2981 5732 2979 5732 2918 5733 2979 5733 2912 5733 2997 5734 2973 5734 2913 5734 2913 5735 2973 5735 2928 5735 2918 5736 2926 5736 2996 5736 2996 5737 2926 5737 2953 5737 2996 5738 2953 5738 2995 5738 2995 5739 2953 5739 2943 5739 2995 5740 2943 5740 2994 5740 2994 5741 2943 5741 2942 5741 2994 5742 2942 5742 2993 5742 2993 5743 2942 5743 2940 5743 2991 5744 2998 5744 2937 5744 2991 5745 2937 5745 2990 5745 2990 5746 2934 5746 2988 5746 2988 5747 2932 5747 2900 5747 2922 5748 2997 5748 2913 5748 2913 5749 2928 5749 2920 5749 2897 5750 2920 5750 2923 5750 2897 5751 2923 5751 2919 5751 2992 5752 2993 5752 2940 5752 2992 5753 2940 5753 2986 5753 2986 5754 2940 5754 2998 5754 2986 5755 2998 5755 2991 5755 2976 5756 2988 5756 2900 5756 2976 5757 2900 5757 2899 5757 2988 5758 2974 5758 2989 5758 2986 5759 2977 5759 2992 5759 2992 5760 2977 5760 2978 5760 2984 5761 2983 5761 2995 5761 2995 5762 2983 5762 2982 5762 2919 5763 2924 5763 2918 5763 2918 5764 2924 5764 2926 5764 2940 5765 2939 5765 2998 5765 2998 5766 2939 5766 2937 5766 2937 5767 2936 5767 2990 5767 2990 5768 2936 5768 2934 5768 2988 5769 2934 5769 2932 5769 2900 5770 2931 5770 2901 5770 2999 5771 3000 5771 2929 5771 3001 5772 3002 5772 3003 5772 3004 5773 2921 5773 3005 5773 3006 5774 3007 5774 3008 5774 3007 5775 3009 5775 3010 5775 3007 5776 3011 5776 3009 5776 3012 5777 3013 5777 3014 5777 3008 5778 3007 5778 3010 5778 2921 5779 3015 5779 3005 5779 3005 5780 3016 5780 3017 5780 3018 5781 3019 5781 3020 5781 3021 5782 3022 5782 3023 5782 3023 5783 3019 5783 3021 5783 3002 5784 3024 5784 3025 5784 2999 5785 3026 5785 3001 5785 2999 5786 3001 5786 3003 5786 3027 5787 2911 5787 2999 5787 3003 5788 3027 5788 2999 5788 2999 5789 2929 5789 3026 5789 3028 5790 3022 5790 3029 5790 3030 5791 3023 5791 3024 5791 3024 5792 3023 5792 3028 5792 3024 5793 3028 5793 3025 5793 3025 5794 3028 5794 3029 5794 3029 5795 3027 5795 3025 5795 3025 5796 3027 5796 3003 5796 3025 5797 3003 5797 3002 5797 2999 5798 2911 5798 2909 5798 2999 5799 2909 5799 3000 5799 3009 5800 3031 5800 3010 5800 3032 5801 3009 5801 3033 5801 3011 5802 3034 5802 3009 5802 3035 5803 3032 5803 3036 5803 3035 5804 3036 5804 3037 5804 3038 5805 3037 5805 3039 5805 3038 5806 3039 5806 3040 5806 3040 5807 3039 5807 3041 5807 3042 5808 3041 5808 3043 5808 3042 5809 3043 5809 3044 5809 3045 5810 3046 5810 3019 5810 3045 5811 3019 5811 3030 5811 3030 5812 3019 5812 3023 5812 3028 5813 3023 5813 3022 5813 3019 5814 3046 5814 3020 5814 3020 5815 3046 5815 3047 5815 3048 5816 3047 5816 3044 5816 3048 5817 3044 5817 3043 5817 3048 5818 3043 5818 3049 5818 3050 5819 3039 5819 3037 5819 3051 5820 3050 5820 3036 5820 3051 5821 3036 5821 3033 5821 3018 5822 3021 5822 3019 5822 3047 5823 3046 5823 3052 5823 3047 5824 3052 5824 3044 5824 3043 5825 3041 5825 3049 5825 3049 5826 3041 5826 3039 5826 3050 5827 3037 5827 3036 5827 3033 5828 3036 5828 3032 5828 3009 5829 3032 5829 3031 5829 3053 5830 3014 5830 3013 5830 3053 5831 3013 5831 3054 5831 3054 5832 3013 5832 3055 5832 3054 5833 3055 5833 3056 5833 3056 5834 3055 5834 3057 5834 3058 5835 3057 5835 3059 5835 3058 5836 3048 5836 3049 5836 3058 5837 3049 5837 3060 5837 3056 5838 3051 5838 3054 5838 3054 5839 3051 5839 3053 5839 3053 5840 3051 5840 3033 5840 3053 5841 3033 5841 3009 5841 3053 5842 3009 5842 3034 5842 3058 5843 3059 5843 3048 5843 3048 5844 3059 5844 3061 5844 3048 5845 3061 5845 3062 5845 3062 5846 3061 5846 3063 5846 3058 5847 3060 5847 3057 5847 3057 5848 3060 5848 3064 5848 3057 5849 3064 5849 3056 5849 3014 5850 3053 5850 3034 5850 3062 5851 3063 5851 3018 5851 3062 5852 3018 5852 3020 5852 3020 5853 3047 5853 3062 5853 3062 5854 3047 5854 3048 5854 3060 5855 3049 5855 3039 5855 3060 5856 3039 5856 3064 5856 3064 5857 3039 5857 3050 5857 3064 5858 3050 5858 3056 5858 3056 5859 3050 5859 3051 5859 2887 5860 2880 5860 3065 5860 3066 5861 2887 5861 3065 5861 3065 5862 2880 5862 3008 5862 3015 5863 2915 5863 3005 5863 3005 5864 2915 5864 2917 5864 3005 5865 2917 5865 3016 5865 3067 5866 3017 5866 3068 5866 3069 5867 3070 5867 3071 5867 3069 5868 3071 5868 3072 5868 3073 5869 3074 5869 3075 5869 3075 5870 3076 5870 3077 5870 3077 5871 3076 5871 3066 5871 3075 5872 3078 5872 3073 5872 3073 5873 3078 5873 3079 5873 3073 5874 3079 5874 3074 5874 3074 5875 3079 5875 3080 5875 3080 5876 3079 5876 3081 5876 3080 5877 3081 5877 3082 5877 3082 5878 3081 5878 3083 5878 3084 5879 3085 5879 3086 5879 3084 5880 3086 5880 3067 5880 3026 5881 2973 5881 2922 5881 3026 5882 2922 5882 3001 5882 3030 5883 3024 5883 3086 5883 3030 5884 3086 5884 3045 5884 3045 5885 3085 5885 3087 5885 3042 5886 3088 5886 3081 5886 3042 5887 3081 5887 3040 5887 3040 5888 3079 5888 3038 5888 3038 5889 3079 5889 3078 5889 3038 5890 3078 5890 3035 5890 3035 5891 3077 5891 3089 5891 3001 5892 2922 5892 3005 5892 3001 5893 3005 5893 3002 5893 3002 5894 3067 5894 3024 5894 3024 5895 3067 5895 3086 5895 3045 5896 3086 5896 3085 5896 3087 5897 3085 5897 3069 5897 3087 5898 3069 5898 3088 5898 3088 5899 3069 5899 3083 5899 3088 5900 3083 5900 3081 5900 3040 5901 3081 5901 3079 5901 3035 5902 3078 5902 3075 5902 3035 5903 3075 5903 3077 5903 3031 5904 3089 5904 3065 5904 3031 5905 3065 5905 3010 5905 3010 5906 3065 5906 3008 5906 2922 5907 3004 5907 3005 5907 3002 5908 3005 5908 3017 5908 3002 5909 3017 5909 3067 5909 3067 5910 3068 5910 3084 5910 3085 5911 3084 5911 3070 5911 3085 5912 3070 5912 3069 5912 3083 5913 3069 5913 3072 5913 3083 5914 3072 5914 3082 5914 3089 5915 3077 5915 3066 5915 3089 5916 3066 5916 3065 5916 3008 5917 3090 5917 3006 5917 3046 5918 3045 5918 3087 5918 3046 5919 3087 5919 3052 5919 3052 5920 3087 5920 3088 5920 3052 5921 3088 5921 3044 5921 3044 5922 3088 5922 3042 5922 3041 5923 3042 5923 3040 5923 3037 5924 3038 5924 3035 5924 3032 5925 3035 5925 3089 5925 3032 5926 3089 5926 3031 5926 3091 5927 3092 5927 3093 5927 3094 5928 3095 5928 3092 5928 3096 5929 3097 5929 3098 5929 3099 5930 3100 5930 3101 5930 3099 5931 3101 5931 3102 5931 3102 5932 3101 5932 3103 5932 3102 5933 3103 5933 3104 5933 3104 5934 3103 5934 3105 5934 3104 5935 3105 5935 3106 5935 3107 5936 3108 5936 3109 5936 3110 5937 3107 5937 3111 5937 3110 5938 3111 5938 3112 5938 3111 5939 3109 5939 3113 5939 3102 5940 3114 5940 3115 5940 3099 5941 3115 5941 3116 5941 3099 5942 3116 5942 3117 5942 3117 5943 3116 5943 3118 5943 3106 5944 3119 5944 3104 5944 3100 5945 3099 5945 3117 5945 3112 5946 3111 5946 3113 5946 3114 5947 3120 5947 3121 5947 3122 5948 3123 5948 3124 5948 3124 5949 3125 5949 3126 5949 3127 5950 3128 5950 3129 5950 3129 5951 3128 5951 3130 5951 3116 5952 3115 5952 3126 5952 3126 5953 3115 5953 3114 5953 3121 5954 3122 5954 3124 5954 3121 5955 3124 5955 3126 5955 3126 5956 3130 5956 3116 5956 3116 5957 3130 5957 3118 5957 3118 5958 3130 5958 3131 5958 3118 5959 3131 5959 3132 5959 3132 5960 3131 5960 3133 5960 3132 5961 3133 5961 3134 5961 3134 5962 3133 5962 3135 5962 3136 5963 3123 5963 3122 5963 3126 5964 3125 5964 3130 5964 3123 5965 3127 5965 3124 5965 3124 5966 3127 5966 3125 5966 3125 5967 3129 5967 3130 5967 3129 5968 3125 5968 3127 5968 3131 5969 3130 5969 3137 5969 3131 5970 3137 5970 3138 5970 3131 5971 3138 5971 3133 5971 3138 5972 3139 5972 3133 5972 3138 5973 3140 5973 3139 5973 3140 5974 3138 5974 2892 5974 2892 5975 3138 5975 3137 5975 3141 5976 3142 5976 3139 5976 3141 5977 3139 5977 3140 5977 3133 5978 3139 5978 3135 5978 3128 5979 3137 5979 3130 5979 3091 5980 3093 5980 3143 5980 3144 5981 3145 5981 3146 5981 3121 5982 3120 5982 3147 5982 3147 5983 3120 5983 3148 5983 3147 5984 3148 5984 3149 5984 3149 5985 3148 5985 3150 5985 3149 5986 3150 5986 3151 5986 3151 5987 3150 5987 3152 5987 3151 5988 3152 5988 3153 5988 3153 5989 3152 5989 3145 5989 3153 5990 3145 5990 3144 5990 3144 5991 3146 5991 3154 5991 3155 5992 3136 5992 3156 5992 3153 5993 3157 5993 3158 5993 3153 5994 3158 5994 3159 5994 3156 5995 3159 5995 3155 5995 3160 5996 3161 5996 3154 5996 3154 5997 3161 5997 3162 5997 3154 5998 3162 5998 3144 5998 3144 5999 3162 5999 3157 5999 3144 6000 3157 6000 3153 6000 3151 6001 3153 6001 3159 6001 3151 6002 3159 6002 3149 6002 3149 6003 3159 6003 3156 6003 3149 6004 3156 6004 3136 6004 3149 6005 3136 6005 3147 6005 3098 6006 3163 6006 3096 6006 3092 6007 3096 6007 3164 6007 3092 6008 3164 6008 3165 6008 3165 6009 3094 6009 3092 6009 3166 6010 3096 6010 3167 6010 3097 6011 3096 6011 3168 6011 3163 6012 3167 6012 3096 6012 3097 6013 3169 6013 3170 6013 3095 6014 3171 6014 3092 6014 3160 6015 3091 6015 3161 6015 3172 6016 3173 6016 3174 6016 3174 6017 3173 6017 3175 6017 3175 6018 3160 6018 3174 6018 3110 6019 3176 6019 3177 6019 3108 6020 3178 6020 3179 6020 3180 6021 3179 6021 3181 6021 3180 6022 3181 6022 3182 6022 3182 6023 3181 6023 3183 6023 3183 6024 3181 6024 3184 6024 3183 6025 3184 6025 3185 6025 3185 6026 3184 6026 3186 6026 3186 6027 3184 6027 3187 6027 3186 6028 3187 6028 3188 6028 3188 6029 3187 6029 3189 6029 3107 6030 3110 6030 3177 6030 3101 6031 3180 6031 3182 6031 3101 6032 3182 6032 3103 6032 3103 6033 3182 6033 3183 6033 3183 6034 3185 6034 3190 6034 3190 6035 3185 6035 3186 6035 3190 6036 3186 6036 3191 6036 3191 6037 3186 6037 3188 6037 3112 6038 3176 6038 3110 6038 3107 6039 3177 6039 3178 6039 3107 6040 3178 6040 3108 6040 3180 6041 3108 6041 3179 6041 3192 6042 3189 6042 3187 6042 3169 6043 3168 6043 3173 6043 3169 6044 3173 6044 3172 6044 3172 6045 3193 6045 3194 6045 3172 6046 3194 6046 3169 6046 3195 6047 3189 6047 3193 6047 3193 6048 3189 6048 3194 6048 3168 6049 3169 6049 3097 6049 3175 6050 3168 6050 3092 6050 3109 6051 3111 6051 3107 6051 3117 6052 3109 6052 3108 6052 3117 6053 3108 6053 3100 6053 3196 6054 3105 6054 3190 6054 3196 6055 3190 6055 3197 6055 3197 6056 3190 6056 3191 6056 3197 6057 3191 6057 3195 6057 3169 6058 3194 6058 3170 6058 3174 6059 3160 6059 3154 6059 3174 6060 3154 6060 3172 6060 3172 6061 3154 6061 3146 6061 3172 6062 3146 6062 3193 6062 3193 6063 3146 6063 3198 6063 3198 6064 3152 6064 3197 6064 3197 6065 3152 6065 3150 6065 3197 6066 3150 6066 3196 6066 3196 6067 3150 6067 3106 6067 3104 6068 3119 6068 3114 6068 3104 6069 3114 6069 3102 6069 3099 6070 3102 6070 3115 6070 3109 6071 3117 6071 3199 6071 3109 6072 3199 6072 3113 6072 3166 6073 3164 6073 3096 6073 3168 6074 3096 6074 3092 6074 3168 6075 3175 6075 3173 6075 3195 6076 3193 6076 3198 6076 3195 6077 3198 6077 3197 6077 3105 6078 3196 6078 3106 6078 3100 6079 3108 6079 3180 6079 3100 6080 3180 6080 3101 6080 3105 6081 3103 6081 3183 6081 3105 6082 3183 6082 3190 6082 3191 6083 3188 6083 3195 6083 3195 6084 3188 6084 3189 6084 3189 6085 3192 6085 3194 6085 3194 6086 3192 6086 3170 6086 2890 6087 3142 6087 3141 6087 3199 6088 3134 6088 3113 6088 3134 6089 3199 6089 3132 6089 3132 6090 3199 6090 3117 6090 3132 6091 3117 6091 3118 6091 3136 6092 3122 6092 3147 6092 3147 6093 3122 6093 3121 6093 3114 6094 3121 6094 3126 6094 3120 6095 3114 6095 3119 6095 3120 6096 3119 6096 3148 6096 3148 6097 3119 6097 3106 6097 3148 6098 3106 6098 3150 6098 3145 6099 3152 6099 3198 6099 3145 6100 3198 6100 3146 6100 3091 6101 3160 6101 3175 6101 3091 6102 3175 6102 3092 6102 3093 6103 3092 6103 3200 6103 3200 6104 3092 6104 3171 6104 3201 6105 3202 6105 3203 6105 3204 6106 3205 6106 3206 6106 3207 6107 3208 6107 3209 6107 3207 6108 3209 6108 3210 6108 3205 6109 3211 6109 3206 6109 3206 6110 3211 6110 3212 6110 3213 6111 3212 6111 3214 6111 3213 6112 3214 6112 3215 6112 3216 6113 3217 6113 3218 6113 3216 6114 3218 6114 3219 6114 3211 6115 3205 6115 3220 6115 3209 6116 3215 6116 3202 6116 3209 6117 3202 6117 3221 6117 3218 6118 3222 6118 3219 6118 3203 6119 3223 6119 3224 6119 3223 6120 3214 6120 3225 6120 3225 6121 3214 6121 3212 6121 3226 6122 3225 6122 3227 6122 3227 6123 3225 6123 3211 6123 3211 6124 3225 6124 3212 6124 3220 6125 3227 6125 3211 6125 3201 6126 3203 6126 3228 6126 3203 6127 3224 6127 3229 6127 3223 6128 3225 6128 3224 6128 3225 6129 3230 6129 3224 6129 3231 6130 3232 6130 3230 6130 3230 6131 3232 6131 3224 6131 3225 6132 3226 6132 3230 6132 3230 6133 3226 6133 3233 6133 3230 6134 3233 6134 3231 6134 3231 6135 3233 6135 3234 6135 3231 6136 3234 6136 3235 6136 3236 6137 3237 6137 3238 6137 3226 6138 3239 6138 3233 6138 3233 6139 3239 6139 3234 6139 3240 6140 2857 6140 3234 6140 3234 6141 2857 6141 3235 6141 3235 6142 2857 6142 2855 6142 3241 6143 2855 6143 2854 6143 3241 6144 2854 6144 3242 6144 3224 6145 3232 6145 3229 6145 3228 6146 3229 6146 3243 6146 3244 6147 3245 6147 3246 6147 3247 6148 3246 6148 3248 6148 3249 6149 3250 6149 3143 6149 3251 6150 3252 6150 3253 6150 3253 6151 3252 6151 3254 6151 3201 6152 3228 6152 3255 6152 3256 6153 3257 6153 3247 6153 3252 6154 3247 6154 3248 6154 3252 6155 3248 6155 3254 6155 3246 6156 3245 6156 3258 6156 3246 6157 3258 6157 3248 6157 3238 6158 3237 6158 3259 6158 3238 6159 3259 6159 3260 6159 3242 6160 3260 6160 3241 6160 3261 6161 3245 6161 3262 6161 3262 6162 3263 6162 3264 6162 3264 6163 3263 6163 3236 6163 3236 6164 3263 6164 3237 6164 3242 6165 3238 6165 3260 6165 2855 6166 3241 6166 3232 6166 2855 6167 3232 6167 3235 6167 3203 6168 3229 6168 3228 6168 3228 6169 3243 6169 3259 6169 3228 6170 3259 6170 3255 6170 3255 6171 3259 6171 3265 6171 3255 6172 3265 6172 3266 6172 3266 6173 3265 6173 3267 6173 3266 6174 3267 6174 3268 6174 3268 6175 3267 6175 3269 6175 3268 6176 3269 6176 3244 6176 3257 6177 3244 6177 3246 6177 3257 6178 3246 6178 3247 6178 3232 6179 3241 6179 3229 6179 3229 6180 3241 6180 3260 6180 3229 6181 3260 6181 3243 6181 3243 6182 3260 6182 3259 6182 3259 6183 3237 6183 3265 6183 3265 6184 3237 6184 3263 6184 3265 6185 3263 6185 3267 6185 3267 6186 3263 6186 3269 6186 3269 6187 3263 6187 3262 6187 3269 6188 3262 6188 3244 6188 3244 6189 3262 6189 3245 6189 3270 6190 3271 6190 3272 6190 3271 6191 3167 6191 3098 6191 3271 6192 3098 6192 3273 6192 3271 6193 3273 6193 3272 6193 3272 6194 3273 6194 3274 6194 3272 6195 3274 6195 3275 6195 3275 6196 3274 6196 3276 6196 3276 6197 3274 6197 3277 6197 3278 6198 3272 6198 3275 6198 3276 6199 3279 6199 3275 6199 3275 6200 3279 6200 3278 6200 3167 6201 3271 6201 3164 6201 3164 6202 3271 6202 3280 6202 3280 6203 3271 6203 3165 6203 3165 6204 3271 6204 3281 6204 3281 6205 3271 6205 3094 6205 3094 6206 3271 6206 3282 6206 3282 6207 3271 6207 3270 6207 3282 6208 3270 6208 3095 6208 3095 6209 3270 6209 3200 6209 3200 6210 3270 6210 3283 6210 3270 6211 3284 6211 3283 6211 3278 6212 3284 6212 3270 6212 3093 6213 3285 6213 3283 6213 3250 6214 3251 6214 3253 6214 3279 6215 3286 6215 3287 6215 3283 6216 3284 6216 3250 6216 3283 6217 3250 6217 3093 6217 3093 6218 3250 6218 3249 6218 3276 6219 3286 6219 3279 6219 3278 6220 3279 6220 3284 6220 3278 6221 3270 6221 3272 6221 3286 6222 3288 6222 3287 6222 3284 6223 3251 6223 3250 6223 3284 6224 3279 6224 3252 6224 3284 6225 3252 6225 3251 6225 3285 6226 3200 6226 3283 6226 3286 6227 3276 6227 3277 6227 3286 6228 3277 6228 3288 6228 3288 6229 3277 6229 3289 6229 3288 6230 3289 6230 3290 6230 3290 6231 3289 6231 3291 6231 3291 6232 3289 6232 3292 6232 3291 6233 3292 6233 3293 6233 3293 6234 3292 6234 3294 6234 3294 6235 3292 6235 3295 6235 3294 6236 3295 6236 3296 6236 3296 6237 3295 6237 3207 6237 3207 6238 3295 6238 3297 6238 3207 6239 3297 6239 3208 6239 3208 6240 3297 6240 3298 6240 3207 6241 3210 6241 3296 6241 3296 6242 3210 6242 3217 6242 3296 6243 3217 6243 3294 6243 3294 6244 3217 6244 3216 6244 3294 6245 3216 6245 3293 6245 3293 6246 3216 6246 3291 6246 3299 6247 3300 6247 3220 6247 3299 6248 3220 6248 3301 6248 3301 6249 3220 6249 3205 6249 3301 6250 3205 6250 3204 6250 3204 6251 3206 6251 3298 6251 3298 6252 3206 6252 3213 6252 3298 6253 3213 6253 3208 6253 3288 6254 3302 6254 3287 6254 3287 6255 3256 6255 3279 6255 3279 6256 3247 6256 3252 6256 3287 6257 3302 6257 3303 6257 3287 6258 3303 6258 3256 6258 3206 6259 3212 6259 3213 6259 3208 6260 3213 6260 3215 6260 3208 6261 3215 6261 3209 6261 3210 6262 3209 6262 3221 6262 3210 6263 3221 6263 3217 6263 3219 6264 3304 6264 3305 6264 3215 6265 3214 6265 3223 6265 3215 6266 3223 6266 3202 6266 3221 6267 3202 6267 3201 6267 3221 6268 3201 6268 3218 6268 3219 6269 3222 6269 3304 6269 3304 6270 3222 6270 3306 6270 3217 6271 3221 6271 3218 6271 3305 6272 3304 6272 3306 6272 3305 6273 3306 6273 3307 6273 3305 6274 3307 6274 3302 6274 3302 6275 3307 6275 3303 6275 3216 6276 3219 6276 3291 6276 3291 6277 3219 6277 3305 6277 3291 6278 3305 6278 3290 6278 3290 6279 3305 6279 3302 6279 3290 6280 3302 6280 3288 6280 3279 6281 3256 6281 3247 6281 3231 6282 3235 6282 3232 6282 3223 6283 3203 6283 3202 6283 3218 6284 3201 6284 3255 6284 3218 6285 3255 6285 3222 6285 3222 6286 3255 6286 3266 6286 3222 6287 3266 6287 3306 6287 3306 6288 3266 6288 3268 6288 3306 6289 3268 6289 3307 6289 3307 6290 3268 6290 3244 6290 3307 6291 3244 6291 3303 6291 3303 6292 3244 6292 3257 6292 3303 6293 3257 6293 3256 6293 2901 6294 2945 6294 3308 6294 3309 6295 2899 6295 2901 6295 2975 6296 2899 6296 3310 6296 3139 6297 3142 6297 3311 6297 3135 6298 3139 6298 3311 6298 3311 6299 3312 6299 3135 6299 3312 6300 3134 6300 3135 6300 3113 6301 3134 6301 3312 6301 2957 6302 2956 6302 3308 6302 3308 6303 2956 6303 3176 6303 3313 6304 3308 6304 3112 6304 3112 6305 3308 6305 3176 6305 2945 6306 2957 6306 3308 6306 3313 6307 3312 6307 3311 6307 3313 6308 3311 6308 3309 6308 3309 6309 3310 6309 2899 6309 3142 6310 1979 6310 3310 6310 3142 6311 3310 6311 3311 6311 3311 6312 3310 6312 3309 6312 1979 6313 2975 6313 3310 6313 3112 6314 3113 6314 3313 6314 3313 6315 3113 6315 3312 6315 3308 6316 3313 6316 3309 6316 3308 6317 3309 6317 2901 6317 3314 6318 3013 6318 3012 6318 3314 6319 3055 6319 3013 6319 3315 6320 3057 6320 3314 6320 3314 6321 3057 6321 3055 6321 3315 6322 3059 6322 3057 6322 3315 6323 3061 6323 3059 6323 3316 6324 3063 6324 3315 6324 3315 6325 3063 6325 3061 6325 3316 6326 3021 6326 3018 6326 3316 6327 3018 6327 3063 6327 3316 6328 3022 6328 3021 6328 3316 6329 3029 6329 3022 6329 3316 6330 3027 6330 3029 6330 3317 6331 3027 6331 3316 6331 3317 6332 2911 6332 3027 6332 3317 6333 2908 6333 2906 6333 3317 6334 2906 6334 2911 6334 3317 6335 2971 6335 2908 6335 3317 6336 2972 6336 2971 6336 3318 6337 2969 6337 2970 6337 3318 6338 2970 6338 3317 6338 3317 6339 2970 6339 2972 6339 3318 6340 2967 6340 2968 6340 3318 6341 2968 6341 2969 6341 3318 6342 2966 6342 2967 6342 3319 6343 2965 6343 3318 6343 3318 6344 2965 6344 2966 6344 3319 6345 2964 6345 2965 6345 3319 6346 2902 6346 2904 6346 3319 6347 2904 6347 2964 6347 3319 6348 2956 6348 2902 6348 3320 6349 3321 6349 3319 6349 3319 6350 3321 6350 2956 6350 3320 6351 3322 6351 3321 6351 3322 6352 3320 6352 3323 6352 3323 6353 3320 6353 3324 6353 3323 6354 3324 6354 3325 6354 3325 6355 3324 6355 3326 6355 3327 6356 3326 6356 3324 6356 3327 6357 3328 6357 3326 6357 3329 6358 3328 6358 3327 6358 3329 6359 3327 6359 3330 6359 3330 6360 3327 6360 3331 6360 3331 6361 3332 6361 3330 6361 3333 6362 3332 6362 3331 6362 3333 6363 3331 6363 3334 6363 3335 6364 3336 6364 3331 6364 3331 6365 3336 6365 3334 6365 3337 6366 3338 6366 3335 6366 3335 6367 3338 6367 3336 6367 3339 6368 3337 6368 3335 6368 3339 6369 3340 6369 3337 6369 3339 6370 3341 6370 3340 6370 3339 6371 3342 6371 3341 6371 3314 6372 3012 6372 3342 6372 3314 6373 3342 6373 3339 6373 3007 6374 3343 6374 3011 6374 3012 6375 3344 6375 3300 6375 3300 6376 3344 6376 3220 6376 3220 6377 3345 6377 3227 6377 3226 6378 3346 6378 3239 6378 3347 6379 3234 6379 3346 6379 3346 6380 3234 6380 3239 6380 3234 6381 3347 6381 3240 6381 3347 6382 2858 6382 3240 6382 2858 6383 3347 6383 3090 6383 2858 6384 3090 6384 2879 6384 3344 6385 3012 6385 3014 6385 3345 6386 3344 6386 3348 6386 3226 6387 3227 6387 3345 6387 3345 6388 3220 6388 3344 6388 3347 6389 3006 6389 3090 6389 3007 6390 3006 6390 3343 6390 3343 6391 3006 6391 3348 6391 3006 6392 3347 6392 3348 6392 3348 6393 3347 6393 3346 6393 3014 6394 3034 6394 3344 6394 3344 6395 3034 6395 3011 6395 3344 6396 3011 6396 3343 6396 3344 6397 3343 6397 3348 6397 3345 6398 3348 6398 3346 6398 3345 6399 3346 6399 3226 6399 3349 6400 3350 6400 3351 6400 3351 6401 3350 6401 3352 6401 3351 6402 3352 6402 3353 6402 3353 6403 3352 6403 3354 6403 3355 3237 3356 3237 3357 3237 3357 3237 3356 3237 3358 3237 3357 6404 3358 6404 3299 6404 3359 6405 3360 6405 3361 6405 3177 6406 3362 6406 3178 6406 3178 6407 3362 6407 3363 6407 3187 6408 3363 6408 3364 6408 3170 6409 3192 6409 3364 6409 3364 6410 3192 6410 3187 6410 3365 6411 3098 6411 3364 6411 3366 6412 3274 6412 3273 6412 3366 6413 3273 6413 3098 6413 3366 6414 3098 6414 3365 6414 3289 6415 3277 6415 3366 6415 3366 6416 3277 6416 3274 6416 3292 6417 3289 6417 3367 6417 3367 6418 3289 6418 3366 6418 3298 6419 3357 6419 3204 6419 3354 6420 3368 6420 3355 6420 3349 6421 3369 6421 3350 6421 3363 6422 3181 6422 3179 6422 3363 6423 3179 6423 3178 6423 3181 6424 3363 6424 3184 6424 3187 6425 3184 6425 3363 6425 3097 6426 3170 6426 3364 6426 3098 6427 3097 6427 3364 6427 3357 6428 3299 6428 3301 6428 3357 6429 3301 6429 3204 6429 3368 6430 3370 6430 3355 6430 3355 3237 3370 3237 3371 3237 3355 3237 3371 3237 3372 3237 3355 3237 3372 3237 3373 3237 3355 3237 3373 3237 3356 3237 3352 6431 3374 6431 3354 6431 3354 3237 3374 3237 3375 3237 3354 3237 3375 3237 3376 3237 3354 3237 3376 3237 3377 3237 3354 6432 3377 6432 3368 6432 3359 6433 3378 6433 3360 6433 3360 6434 3378 6434 3349 6434 3349 6435 3378 6435 3379 6435 3349 6436 3379 6436 3369 6436 3361 6437 3360 6437 3362 6437 3361 6438 3362 6438 3176 6438 3367 6439 3295 6439 3292 6439 3297 6440 3367 6440 3357 6440 3297 6441 3357 6441 3298 6441 3362 6442 3177 6442 3176 6442 3367 6443 3297 6443 3295 6443 3332 6444 3333 6444 3374 6444 3342 6445 3012 6445 3300 6445 3342 6446 3300 6446 3299 6446 3356 6447 3341 6447 3358 6447 3358 6448 3341 6448 3342 6448 3358 6449 3342 6449 3299 6449 3373 6450 3341 6450 3356 6450 3372 6451 3340 6451 3373 6451 3373 6452 3340 6452 3341 6452 3337 6453 3371 6453 3370 6453 3371 6454 3337 6454 3372 6454 3372 6455 3337 6455 3340 6455 3336 6456 3338 6456 3368 6456 3368 6457 3338 6457 3370 6457 3370 6458 3338 6458 3337 6458 3376 6459 3334 6459 3377 6459 3377 6460 3334 6460 3368 6460 3368 6461 3334 6461 3336 6461 3375 6462 3333 6462 3376 6462 3376 6463 3333 6463 3334 6463 3374 6464 3333 6464 3375 6464 3332 6465 3374 6465 3352 6465 3352 6466 3330 6466 3332 6466 3330 6467 3352 6467 3350 6467 3350 6468 3329 6468 3330 6468 3329 6469 3350 6469 3369 6469 3329 6470 3369 6470 3328 6470 3328 6471 3369 6471 3379 6471 3328 6472 3379 6472 3326 6472 3326 6473 3379 6473 3378 6473 3326 6474 3378 6474 3325 6474 3323 6475 3325 6475 3378 6475 3323 6476 3378 6476 3359 6476 3359 6477 3322 6477 3323 6477 3322 6478 3359 6478 3361 6478 3361 6479 3321 6479 3322 6479 3361 6480 3176 6480 3321 6480 3321 6481 3176 6481 2956 6481 2838 6482 2856 6482 2848 6482 2848 6483 2856 6483 2877 6483 2848 6484 2877 6484 2846 6484 2846 6485 2877 6485 2859 6485 2846 6486 2859 6486 2847 6486 2847 6487 2859 6487 2861 6487 2847 6488 2861 6488 2844 6488 2844 6489 2861 6489 2870 6489 2844 6490 2870 6490 2845 6490 2845 6491 2870 6491 2872 6491 2845 6492 2872 6492 2842 6492 2842 6493 2872 6493 2881 6493 2842 6494 2881 6494 2843 6494 2843 6495 2881 6495 2891 6495 2843 6496 2891 6496 2839 6496 2839 6497 2891 6497 2866 6497 2839 6498 2866 6498 2849 6498 2839 6499 2849 6499 2841 6499 2841 6500 2849 6500 2851 6500 2841 6501 2851 6501 2840 6501 2840 6502 2851 6502 2837 6502 2837 6503 2851 6503 2853 6503 2837 6504 2853 6504 2838 6504 2838 6505 2853 6505 2856 6505 3142 6506 2890 6506 1979 6506 3141 6507 3140 6507 2890 6507 2890 6508 3140 6508 2892 6508 2892 6509 3137 6509 3128 6509 2892 6510 3128 6510 2893 6510 3127 6511 2894 6511 2893 6511 3127 6512 2893 6512 3128 6512 3123 6513 2895 6513 2894 6513 3123 6514 2894 6514 3127 6514 2895 6515 3123 6515 3136 6515 2895 6516 3136 6516 2867 6516 2867 6517 3136 6517 3155 6517 2867 6518 3155 6518 3159 6518 3159 6519 3158 6519 2867 6519 2867 6520 3158 6520 2868 6520 2868 6521 3158 6521 3157 6521 3157 6522 3162 6522 2868 6522 2868 6523 3162 6523 2869 6523 2869 6524 3162 6524 3161 6524 2869 6525 3161 6525 3091 6525 2869 6526 3091 6526 2850 6526 2850 6527 3091 6527 3143 6527 2850 6528 3143 6528 3250 6528 3250 6529 3253 6529 2850 6529 2850 6530 3253 6530 2852 6530 2852 6531 3253 6531 3254 6531 2852 6532 3254 6532 3248 6532 2852 6533 3248 6533 3258 6533 2852 6534 3258 6534 2864 6534 2864 6535 3258 6535 3245 6535 2864 6536 3245 6536 3261 6536 2864 6537 3261 6537 3262 6537 2864 6538 3262 6538 2865 6538 2865 6539 3262 6539 3264 6539 2865 6540 3264 6540 2862 6540 3264 6541 3236 6541 2862 6541 3236 6542 3238 6542 2862 6542 2862 6543 3238 6543 2863 6543 2863 6544 3238 6544 3242 6544 2863 6545 3242 6545 2854 6545 3240 6546 2858 6546 2857 6546 2879 6547 3090 6547 2880 6547 3008 6548 2880 6548 3090 6548 3076 6549 2888 6549 3066 6549 3066 6550 2888 6550 2887 6550 2888 6551 3076 6551 3075 6551 2888 6552 3075 6552 3074 6552 2888 6553 3074 6553 2889 6553 3082 6554 2878 6554 3080 6554 3080 6555 2878 6555 2889 6555 3080 6556 2889 6556 3074 6556 3072 6557 2878 6557 3082 6557 3071 6558 2875 6558 2878 6558 3071 6559 2878 6559 3072 6559 3070 6560 2875 6560 3071 6560 3068 6561 2876 6561 3084 6561 3084 6562 2876 6562 2875 6562 3084 6563 2875 6563 3070 6563 2876 6564 3068 6564 3017 6564 2876 6565 3017 6565 3016 6565 2876 6566 3016 6566 2860 6566 3016 6567 2917 6567 2860 6567 2860 6568 2917 6568 3380 6568 3380 6569 2914 6569 2860 6569 2860 6570 2914 6570 2873 6570 2873 6571 2914 6571 2896 6571 2896 6572 2898 6572 2873 6572 2873 6573 2898 6573 2874 6573 2874 6574 2898 6574 2912 6574 2874 6575 2912 6575 2980 6575 2874 6576 2980 6576 2871 6576 2871 6577 2980 6577 2982 6577 2871 6578 2982 6578 2983 6578 2871 6579 2983 6579 2884 6579 2884 6580 2983 6580 2985 6580 2884 6581 2985 6581 2978 6581 2884 6582 2978 6582 2885 6582 2886 6583 2885 6583 2977 6583 2886 6584 2977 6584 2987 6584 2886 6585 2987 6585 2989 6585 2886 6586 2989 6586 2974 6586 2974 6587 2882 6587 2886 6587 2883 6588 2975 6588 1979 6588 3320 6589 3362 6589 3360 6589 3360 6590 3349 6590 3324 6590 3360 6591 3324 6591 3320 6591 3349 6592 3327 6592 3324 6592 3349 6593 3351 6593 3327 6593 3351 6594 3331 6594 3327 6594 3331 6595 3351 6595 3354 6595 3331 6596 3354 6596 3335 6596 3335 6597 3354 6597 3355 6597 3335 6598 3355 6598 3339 6598 3339 6599 3355 6599 3357 6599 3339 6600 3357 6600 3314 6600 3314 6601 3357 6601 3367 6601 3314 6602 3367 6602 3315 6602 3315 6603 3367 6603 3316 6603 3316 6604 3367 6604 3366 6604 3316 6605 3366 6605 3317 6605 3364 6606 3317 6606 3366 6606 3363 6607 3318 6607 3364 6607 3364 6608 3318 6608 3317 6608 3363 6609 3319 6609 3318 6609 3362 6610 3319 6610 3363 6610 3320 6611 3319 6611 3362 6611</p>
        </triangles>
      </mesh>
    </geometry>
  </library_geometries>
  <library_visual_scenes>
    <visual_scene id="DefaultScene">
      <node id="node_2f7e19dc_3b3f_444c_b5d2_85d709486224" type="NODE">
        <matrix>1 0 0 0 0 1 0 0 0 0 1 0 0 0 0 1</matrix>
        <node id="node_348a7833_721a_4336_b356_83f56a667ada" type="NODE">
          <matrix>1 0 0 0 0 1 0 0 0 0 1 0 0 0 0 1</matrix>
          <node id="node_348a7833_721a_4336_b356_83f56a667ada_mesh0" type="NODE">
            <matrix>1 0 0 0 0 1 0 0 0 0 1 0 0 0 0 1</matrix>
            <instance_geometry url="#geometry_fd6af94f_cc11_4ab6_becb_97b30d4f3f8e">
              <bind_material>
                <technique_common>
                  <instance_material symbol="mat_0" target="#mat_0"/>
                </technique_common>
              </bind_material>
            </instance_geometry>
          </node>
        </node>
      </node>
    </visual_scene>
  </library_visual_scenes>
  <scene>
    <instance_visual_scene url="#DefaultScene"/>
  </scene>
</COLLADA>
