<?xml version="1.0" encoding="UTF-8"?>
<COLLADA xmlns="http://www.collada.org/2005/11/COLLADASchema" version="1.4.1">
<!--
# File generated by ImageToStl.com - Free Image and 3D model conversion tools
-->
  <asset>
    <contributor>
      <author>ImageToStl.com</author>
      <authoring_tool>ImageToStl.com</authoring_tool>
    </contributor>
    <created>2026-10-01T05:18:29</created>
    <modified>2026-10-01T05:18:29</modified>
    <up_axis>Z_UP</up_axis>
  </asset>
  <library_effects>
    <effect id="effect_0">
        <profile_COMMON>
          <technique sid="common">
            <phong>
              <diffuse>
                <color>0.9 0.9 0.9 1</color>
              </diffuse>
              <specular>
                <color>0.05 0.05 0.05 1</color>
              </specular>
              <shininess>
                <float>64</float>
              </shininess>
            </phong>
          </technique>
        </profile_COMMON>
    </effect>
  </library_effects>
  <library_materials>
    <material id="mat_0">
      <instance_effect url="#effect_0"/>
    </material>
  </library_materials>
  <library_geometries>
    <geometry id="geometry_1040e73e_090a_4ad3_b687_c4fe4118190e">
      <mesh>
        <source id="pos_0">
          <float_array id="pos_0-array" count="9846">0.03117445 0.18782228 0.54313618 0.02811349 0.18972743 0.54390287 0.02930078 0.1904251 0.5421887 0.03074726 0.18633598 0.54474521 0.02955706 0.18701592 0.54521024 0.03003668 0.20073801 0.48578161 0.02869186 0.20140839 0.48540407 0.02889773 0.20027873 0.48297888 0.0282088 0.20128492 0.48431769 0.03053835 0.19907075 0.48305112 0.03123355 0.19932194 0.48453304 -0.0308599 0.20003697 0.48538092 -0.03073464 0.19895408 0.48308578 -0.02884206 0.20036437 0.48306042 -0.02892075 0.20137328 0.48561513 -0.02819373 0.20130655 0.48429981 -0.03120523 0.18732852 0.5435335 -0.02891715 0.18789937 0.5449779 -0.03050356 0.18627372 0.54501182 -0.02814502 0.19011462 0.54347146 -0.03041301 0.18931484 0.54238439 -0.02918732 0.19040737 0.54230082 0.03096415 0.18000002 0.54281247 0.03140102 0.18002868 0.54127389 0.03246998 0.18004575 0.54270023 0.0293412 0.18000001 0.54222232 0.02970422 0.18003756 0.54075801 0.03260007 0.18003738 0.54417068 0.03102814 0.18000001 0.54435486 0.03186856 0.18004589 0.54571813 0.02990017 0.18000001 0.54522479 0.02960742 0.18002249 0.54663789 0.02835161 0.18003109 0.54629207 0.0283722 0.18000001 0.54444999 0.02722431 0.18006381 0.54534686 0.02678845 0.18002978 0.54395163 0.02835383 0.18000001 0.54308414 0.02699502 0.18005417 0.54245913 0.02820918 0.18002808 0.54116356 0.0268809 0.19507907 0.48526311 0.02679956 0.19502784 0.48396626 0.02833034 0.19500004 0.48348716 0.02724741 0.1950359 0.48267794 0.02852312 0.19505547 0.48157293 0.0302582 0.19500004 0.48287582 0.03047442 0.19504362 0.48143792 0.03212982 0.195043 0.48260242 0.03114157 0.19499999 0.48396945 0.03265389 0.19504265 0.48454744 0.03058736 0.19500001 0.48564991 0.03181412 0.19503579 0.48637962 0.02911652 0.19502956 0.48716873 0.02861845 0.19500002 0.48536408 0.02787834 0.19503842 0.48660898 -0.03119216 0.19500005 0.48386496 -0.03265801 0.19505224 0.48426712 -0.03214739 0.19503611 0.48267418 -0.02942078 0.19499999 0.48273078 -0.03089006 0.1950534 0.48158294 -0.02898115 0.19505124 0.48142222 -0.02736598 0.19503957 0.48247144 -0.02819129 0.19500001 0.48417214 -0.02676956 0.19505252 0.48404461 -0.02693165 0.1950307 0.48523518 -0.02905594 0.19499999 0.48573449 -0.02768018 0.19504327 0.48647428 -0.03057333 0.1950213 0.48711285 -0.03069707 0.19500002 0.48540539 -0.03211848 0.19503924 0.48602408 -0.02930574 0.18000001 0.5422352 -0.03007684 0.18003491 0.54075372 -0.02825498 0.18006209 0.54110861 -0.02725864 0.1800317 0.5420934 -0.02831364 0.18000001 0.543154 -0.02679382 0.18005328 0.54321074 -0.02840616 0.18000002 0.54445708 -0.02701568 0.1800361 0.54496193 -0.02980066 0.17999999 0.54523337 -0.02939029 0.18004294 0.54664844 -0.03078226 0.1800264 0.54641122 -0.0309942 0.18000002 0.54442805 -0.03212811 0.18004714 0.5454129 -0.0326536 0.18004394 0.54346341 -0.03098146 0.18000002 0.54280925 -0.03188671 0.18004799 0.54169327 0.03027678 0.19510351 0.48721033 -0.0291697 0.19510022 0.48721531 0.03014721 0.18402924 0.54684275 0.02818968 0.18675175 0.54651278 0.02904983 0.18534024 0.54662204 0.02682506 0.18993504 0.54458594 0.02774073 0.18754189 0.54595518 0.03105599 0.18997242 0.54104668 0.03248775 0.18771048 0.54203492 0.03204482 0.18808043 0.54184973 0.03297263 0.18450642 0.54407609 0.03264496 0.18561241 0.54321247 0.03266846 0.18437743 0.54415637 0.03008458 0.18390018 0.5466485 0.03269192 0.19777584 0.4845565 0.03279504 0.19732828 0.48362163 0.03285448 0.198221 0.48507589 0.02671176 0.20197196 0.48407325 0.02776157 0.20047927 0.48201683 0.02711398 0.20119679 0.48281112 0.03037209 0.19797006 0.48113242 0.03043992 0.19783619 0.48139593 0.02962011 0.19844933 0.48132548 0.02872758 0.19945376 0.48145553 0.03260031 0.19719757 0.48360357 0.03229493 0.19887835 0.48578659 0.03140493 0.20013072 0.48678064 0.01773171 0.20387417 0.47971442 0.01772608 0.20388235 0.47972637 0.01609038 0.2040365 0.47889251 0.01690006 0.20399234 0.47931162 0.01771229 0.2039488 0.47976404 0.01607784 0.20410332 0.47893107 0.01930308 0.20379484 0.48067781 0.01930247 0.20378123 0.48067632 0.0208485 0.20360088 0.48166767 -1.19E-06 0.20481239 0.47527972 -1.21E-06 0.20479707 0.47527853 0.00193735 0.20479272 0.47532827 0.03695867 0.1980215 0.5168097 0.03699874 0.19806176 0.51645762 0.0367576 0.19779654 0.51828039 0.03675678 0.19780733 0.51828176 0.0363548 0.19749174 0.52044445 0.03642785 0.19754639 0.52008045 0.03601354 0.19727902 0.52185422 0.03601261 0.19728968 0.52185547 0.03551171 0.19702706 0.52360666 0.03496648 0.19680491 0.52521664 0.03492435 0.19677733 0.5253334 0.03492394 0.19677758 0.52533394 0.03424944 0.19653185 0.5270372 0.03424838 0.19654241 0.52703822 0.03341531 0.19627327 0.52886701 0.03348542 0.19630034 0.5287174 0.03264255 0.19605383 0.53035355 0.03264143 0.19606429 0.53035444 0.03172363 0.19582498 0.53193879 0.0317225 0.19583541 0.53193963 0.03084879 0.19563454 0.53330153 0.03072946 0.19561349 0.53347343 0.02911235 0.19528277 0.53568375 0.02966276 0.19539842 0.5349561 0.02852212 0.19519019 0.53638756 0.02730803 0.19497848 0.53776675 0.02730688 0.19498886 0.53776717 0.02601735 0.19478439 0.53909338 0.02601622 0.19479468 0.53909373 0.02490903 0.19464099 0.5401389 0.02466445 0.19460994 0.54035187 0.02326013 0.19442521 0.54153556 0.02325905 0.19443548 0.54153574 0.02222078 0.194317 0.5423373 0.02180146 0.19426109 0.54264551 0.02180043 0.19427136 0.54264557 0.02028997 0.19410722 0.54368228 0.02028898 0.19411755 0.54368228 0.01872562 0.19396396 0.54464579 0.01872469 0.19397427 0.54464573 0.01860524 0.19396397 0.54471493 0.01710766 0.19383147 0.54553491 0.01710678 0.19384179 0.54553479 0.01543689 0.19370988 0.54634768 0.01543609 0.19372012 0.54634744 0.01473833 0.19367352 0.54665703 0.01373389 0.19360051 0.54707348 0.01373317 0.19361074 0.54707325 0.01200524 0.19350486 0.54771096 0.0120046 0.19351509 0.5477106 0.01067207 0.19345146 0.54813701 0.01025118 0.19342282 0.54826081 0.01025063 0.19343305 0.54826045 0.0084719 0.19335286 0.54872352 0.00847143 0.19336316 0.5487231 0.00666721 0.19329554 0.54909861 0.00666684 0.19330585 0.54909813 0.00646152 0.19330025 0.54913491 0.00483681 0.19325241 0.54938501 0.00483654 0.19326271 0.54938453 0.00277571 0.19322197 0.54959965 0.00298497 0.19323063 0.54958028 -0.00015886 0.19317628 0.54970962 0.0011362 0.19320349 0.54968309 0.00113704 0.19315711 0.54969847 -0.00068403 0.1931259 0.54976553 0.00572467 0.19320014 0.54931098 0.00848067 0.19329172 0.54875177 0.0089555 0.1933018 0.54864603 0.01196181 0.19342482 0.54780251 0.01854688 0.19387814 0.54479319 0.0168349 0.19374405 0.54571599 0.01874454 0.19390276 0.54466915 0.02032509 0.19403972 0.54370499 0.02031037 0.19404602 0.54370463 0.02272682 0.19429673 0.54201412 0.03478253 0.20059636 0.49907979 0.03452552 0.20069715 0.49850237 0.03380086 0.20096153 0.49682999 0.0333257 0.20112237 0.49582663 0.02948183 0.20211771 0.48964205 0.03131707 0.20169237 0.49229044 0.03008137 0.20198889 0.49050942 0.02260003 0.20331191 0.4828319 0.0208711 0.20352693 0.48162094 0.01692542 0.20393147 0.47914153 0.01932352 0.20370691 0.48062807 0.00552615 0.20471905 0.47569126 0.00369963 0.20477775 0.47546408 0.00369946 0.20476353 0.47546303 0.0018572 0.20480505 0.47532606 0.0091329 0.204579 0.47641686 0.00733762 0.20467162 0.47601032 0.00733729 0.2046575 0.47600925 0.00646157 0.20470363 0.47584498 0.00552641 0.20473322 0.47569233 0.01439901 0.20424443 0.47817752 0.01267588 0.20438558 0.47750533 0.01267537 0.20437163 0.47750407 0.0109133 0.20449774 0.47691604 0.01091284 0.20448369 0.47691488 0.0107796 0.20571053 0.47686467 0.0091333 0.20459309 0.47641799 0.01860545 0.20387056 0.48026466 0.01771288 0.20396253 0.47976547 0.01607841 0.20411712 0.47893241 0.01533739 0.20543846 0.47849387 0.01439957 0.20425832 0.4781788 0.0251858 0.20299044 0.48509753 0.02380224 0.20321688 0.48388827 0.02380166 0.20320362 0.4838866 0.02235076 0.20342143 0.48274022 0.02235016 0.20340805 0.48273864 0.02164863 0.20474675 0.48215377 0.02084911 0.20361438 0.48166922 0.02797852 0.20250601 0.48795113 0.02650273 0.20278206 0.4863708 0.02650222 0.2027691 0.4863691 0.02648426 0.20408495 0.48626095 0.02518634 0.20300356 0.48509917 0.03005025 0.20206332 0.49054396 0.02893531 0.20231622 0.48909372 0.02893491 0.20230351 0.48909187 0.02775239 0.2025529 0.48770231 0.03296114 0.20129237 0.49522084 0.03207167 0.20156425 0.49362171 0.03207147 0.20155191 0.49361986 0.03109892 0.20182092 0.4920581 0.03109864 0.20180847 0.49205622 0.03020996 0.20337699 0.49062446 0.03449181 0.20076525 0.49852672 0.03376764 0.20104216 0.49685821 0.03376758 0.20103014 0.49685627 0.03325234 0.20121317 0.49579009 0.03296128 0.2013045 0.49522272 0.03616975 0.19995502 0.50375074 0.03569347 0.20023915 0.50197423 0.03569365 0.20022747 0.50197238 0.03513394 0.20050949 0.50023383 0.03508423 0.20052698 0.50008607 0.03449179 0.20077713 0.4985286 0.03685426 0.19940838 0.50734866 0.03655682 0.1996921 0.50554723 0.03655716 0.19968066 0.50554538 0.03620711 0.19994171 0.50390869 0.03718023 0.19886734 0.51097387 0.03706139 0.19914851 0.50915992 0.03706186 0.19913733 0.50915825 0.03695901 0.19929662 0.50817001 0.03685386 0.19941968 0.50735044 0.03699797 0.19807261 0.51645905 0.03714892 0.19834056 0.51462561 0.03714963 0.1983296 0.51462412 0.03720899 0.19860919 0.51279724 0.03720963 0.19859818 0.51279569 0.03721027 0.1986545 0.51248997 0.03717967 0.19887844 0.51097554 0.03494899 0.19672334 0.52533466 0.03465768 0.19658417 0.5262565 0.03427373 0.19647805 0.52703977 0.03351041 0.19623619 0.52872032 0.03055642 0.19547085 0.5340327 0.03266598 0.19600029 0.53035867 0.03174656 0.19577157 0.53194523 0.03075297 0.1955498 0.53348023 0.02968565 0.19533487 0.53496426 0.0277241 0.19496626 0.53740638 0.02854432 0.19512673 0.53639686 0.02732832 0.19492549 0.53777778 0.02518817 0.19460611 0.53994232 0.02603683 0.1947314 0.53910553 0.02468415 0.1945467 0.54036486 0.02327779 0.19437231 0.54154974 0.02181813 0.19420822 0.54266071 0.02030557 0.19405445 0.54369843 0.0187401 0.19391121 0.54466283 0.01712096 0.19377872 0.54555285 0.01457675 0.19358826 0.54677796 0.01544897 0.1936571 0.54636627 0.0137447 0.19354773 0.5470928 0.01201469 0.19345209 0.5477308 0.01025928 0.19337006 0.54828125 0.00847864 0.19330017 0.54874438 0.00667253 0.19324286 0.54911977 0.00484066 0.19319974 0.54940659 0.00258698 0.19315998 0.54965019 0.00298771 0.19316764 0.54960251 0.00113729 0.19314773 0.54970515 0.00113654 0.19318914 0.54968518 0.00298548 0.19320905 0.5495826 0.00400796 0.19320714 0.54950196 0.00666784 0.1932843 0.54910028 0.00847269 0.19334161 0.54872519 0.01025213 0.1934115 0.54826248 0.01200634 0.19349353 0.54771256 0.01373515 0.19358918 0.54707497 0.01543829 0.19369856 0.54634905 0.01710918 0.19382021 0.54553622 0.0180092 0.19387344 0.54507232 0.02029174 0.19409594 0.54368329 0.02180335 0.19424975 0.54264647 0.02326211 0.19441384 0.54153627 0.02466762 0.19458827 0.54035234 0.02601949 0.19477302 0.53909391 0.02731023 0.19496715 0.53776711 0.02852554 0.19516845 0.53638715 0.02966622 0.19537663 0.5349555 0.03073295 0.19559164 0.5334726 0.031726 0.19581351 0.53193855 0.03264493 0.19604231 0.53035325 0.03348891 0.19627832 0.52871591 0.03425184 0.1965203 0.52703655 0.03492673 0.19676574 0.52533257 0.0355146 0.19701464 0.52360469 0.0360159 0.19726726 0.52185309 0.03643106 0.19752388 0.52007782 0.03675991 0.19778466 0.51827896 0.037001 0.19804981 0.51645601 0.03715184 0.19831759 0.51462245 0.03721179 0.19858605 0.5127939 0.03718233 0.19885512 0.51097196 0.0370639 0.19912499 0.50915617 0.03685625 0.19939594 0.50734651 0.03655908 0.19966814 0.50554311 0.03617127 0.19994177 0.50374597 0.03569542 0.20021471 0.50196987 0.03513573 0.20048478 0.50022936 0.03449343 0.20075215 0.49852401 0.0337691 0.2010169 0.4968535 0.03296258 0.20127898 0.49521792 0.03207282 0.20153841 0.49361685 0.0310999 0.2017948 0.49205315 0.03005182 0.20204577 0.49054044 0.028936 0.20228951 0.48908868 0.02775292 0.20252588 0.48769724 0.02650312 0.2027548 0.48636571 0.02518661 0.20297599 0.48509407 0.02380238 0.20318905 0.48388317 0.0223508 0.20339333 0.48273516 0.02084906 0.20358603 0.48166418 0.02076464 0.20357163 0.48155159 0.00113666 0.19317803 0.5496884 0.00759201 0.19328859 0.54893863 0.01114795 0.19342855 0.54801255 0.01461863 0.1936205 0.54673094 0.02107805 0.19415008 0.54317969 0.02399539 0.19447845 0.54095739 0.02602589 0.19475082 0.53909785 0.02794756 0.19504513 0.53708851 0.030231 0.19546181 0.53422111 0.03221925 0.19590631 0.53114694 0.03390259 0.19637713 0.52787822 0.03525347 0.19686842 0.5244652 0.03625558 0.19737366 0.52095991 0.03691277 0.19789574 0.51735604 0.03716033 0.19829409 0.51462007 0.0372274 0.19869865 0.51186794 0.03698931 0.1992382 0.5082345 0.03639292 0.19978268 0.50462341 0.03544256 0.20032665 0.5010795 0.03415421 0.20086195 0.49766093 0.03209342 0.20151806 0.49357259 0.02951075 0.20214441 0.48978135 0.02714285 0.2026166 0.48699766 0.02450257 0.20305923 0.48444951 0.00113682 0.19316728 0.54969275 0.03553717 0.19697212 0.5236057 0.03603874 0.19722459 0.52185285 0.03645413 0.19748099 0.52007651 0.03678317 0.19774157 0.51827639 0.03702442 0.19800651 0.51645231 0.0371754 0.19827405 0.51461744 0.03723544 0.19854225 0.5127877 0.03720603 0.19881104 0.51096445 0.03708762 0.19908065 0.50914741 0.03687995 0.19935128 0.5073365 0.03658272 0.19962312 0.50553179 0.03619482 0.19989643 0.50373334 0.03571883 0.200169 0.50195599 0.03515896 0.20043871 0.5002141 0.03451642 0.20070571 0.49850741 0.03379182 0.20097005 0.49683553 0.03298497 0.20123175 0.49519861 0.03209481 0.20149082 0.49359614 0.03112144 0.20174679 0.4920311 0.03007284 0.2019974 0.49051708 0.02895644 0.20224074 0.48906392 0.02777272 0.20247674 0.4876712 0.0265222 0.20270528 0.48633838 0.02520491 0.20292613 0.48506549 0.02381982 0.20313883 0.48385331 0.02236732 0.2033428 0.48270416 0.02086458 0.2035352 0.48163202 0.03597026 0.19716629 0.52217412 0.03665281 0.19758406 0.51923138 0.0367474 0.19701505 0.52152449 0.03730172 0.19862416 0.51216739 0.03715849 0.19905688 0.50915784 0.03672414 0.19953312 0.50613886 0.03599774 0.20001374 0.50279236 0.03336232 0.2011275 0.4956907 0.02600853 0.20279859 0.48573849 2.174E-05 0.20473988 0.47525507 0.00185716 0.20477515 0.4753215 0.01353244 0.20427461 0.47780153 0.01004823 0.2044906 0.47663388 0.0073374 0.20464189 0.47600567 0.00552624 0.20470342 0.47568771 0.00369951 0.20474786 0.47545946 0.00546468 0.20468342 0.47563469 0.00185733 0.20475984 0.47531527 0.00185763 0.20474555 0.47530645 0.00185807 0.20473294 0.47529536 0.01441027 0.20417731 0.47813809 0.0126853 0.20430422 0.4774639 0.00914007 0.20451114 0.47637552 0.00734306 0.20458946 0.47596747 0.0055305 0.20465089 0.47564915 0.00185862 0.20472249 0.47528255 0.01268944 0.20429611 0.47745094 0.010925 0.20440796 0.47686082 0.00914309 0.20450309 0.47636205 0.00738711 0.20459297 0.47593364 0.00553235 0.20464289 0.47563532 0.00370359 0.20468727 0.47540674 0.00185924 0.20471451 0.47526854 -0.00391185 0.2043207 0.47409651 0.00411724 0.20467331 0.47543588 0.01119946 0.20438918 0.47691727 -0.03036316 0.19785286 0.48138532 -0.0303987 0.19797668 0.48117119 -0.02873636 0.19942871 0.48121652 -0.02915655 0.19894585 0.48137203 -0.02736539 0.20094085 0.48242834 -0.02822372 0.19990052 0.48172882 -0.03091878 0.20059225 0.48703685 -0.03227345 0.19903544 0.48585826 -0.03169842 0.19970979 0.48650575 -0.03283427 0.1979897 0.48468319 -0.03267182 0.19780076 0.4846347 -0.03279373 0.19734532 0.48363006 -0.03259446 0.19719711 0.48363602 -0.03266731 0.18438056 0.54415613 -0.03292642 0.18448584 0.54412591 -0.0327559 0.186211 0.54296237 -0.03101741 0.18995358 0.54103458 -0.0320301 0.18829998 0.54178762 -0.02979154 0.19132639 0.54070157 -0.03264629 0.18560189 0.54322308 -0.02702482 0.18920636 0.54504877 -0.02670813 0.19100899 0.54356569 -0.02752239 0.18798938 0.54597157 -0.02913867 0.18520375 0.54664797 -0.02841359 0.18631254 0.54672194 -0.02788066 0.18725568 0.54604876 -0.03014654 0.18398136 0.54669797 -0.00371047 0.20468321 0.47539234 -0.00370915 0.20468861 0.47540659 -0.00554233 0.20464508 0.4756363 -0.0055443 0.2046397 0.47562221 -0.00736173 0.20458436 0.47595677 -0.00736434 0.20457894 0.47594279 -0.00916735 0.2045065 0.47636789 -0.00917058 0.20450103 0.47635412 -0.01095868 0.2044113 0.47687083 -0.01096252 0.20440581 0.47685727 -0.01271763 0.20430009 0.4774608 -0.01272207 0.20429453 0.47744754 -0.01443474 0.20417415 0.47813338 -0.01443974 0.20416853 0.47812042 -0.0161108 0.20403425 0.47888708 -0.01611633 0.20402856 0.4788745 -0.01774593 0.20388076 0.47972172 -0.01775197 0.20387501 0.47970951 -0.01933997 0.20371389 0.48063758 -0.01934649 0.20370805 0.48062581 -0.02089277 0.2035338 0.48163515 -0.02089974 0.20352787 0.4816238 -0.02240097 0.20334104 0.48271313 -0.02240836 0.20333505 0.48270223 -0.02384584 0.20313844 0.48385826 -0.02385361 0.20313236 0.48384789 -0.02522525 0.2029269 0.48506704 -0.02523337 0.20292073 0.48505712 -0.02653993 0.20270681 0.48633868 -0.02654836 0.20270059 0.48632926 -0.0277903 0.20247854 0.48767287 -0.02779901 0.20247221 0.48766401 -0.02897611 0.20224229 0.48906991 -0.02898506 0.20223588 0.48906159 -0.03009679 0.20199814 0.49053034 -0.03010595 0.20199165 0.49052259 -0.03114675 0.20174721 0.49204865 -0.03115609 0.20174065 0.49204147 -0.03211461 0.20149261 0.49360707 -0.0321241 0.20148598 0.4936004 -0.03300082 0.20123461 0.49520409 -0.03301043 0.20122793 0.49519795 -0.03380586 0.2009733 0.49683955 -0.03381557 0.20096657 0.49683398 -0.03453022 0.20070872 0.49851316 -0.03453999 0.20070192 0.49850813 -0.0351738 0.20044093 0.50022507 -0.03518362 0.20043406 0.5002206 -0.0357353 0.20016977 0.50197577 -0.03574514 0.20016287 0.50197184 -0.03621049 0.19989681 0.50375497 -0.03622033 0.19988984 0.50375152 -0.03659512 0.19962469 0.50554454 -0.03660496 0.19961771 0.50554156 -0.0368907 0.19935335 0.50734377 -0.03690051 0.19934635 0.50734138 -0.03709764 0.19908266 0.50915283 -0.0371074 0.19907561 0.50915092 -0.03721566 0.19881237 0.51097172 -0.03722536 0.1988053 0.51097035 -0.03724451 0.19854231 0.5128004 -0.03725411 0.19853523 0.51279938 -0.03718303 0.19827229 0.51463938 -0.03719255 0.19826519 0.5146389 -0.03703106 0.19800426 0.51647395 -0.03704047 0.19799712 0.51647395 -0.03679013 0.19774015 0.51828879 -0.03679942 0.19773303 0.51828915 -0.03646159 0.1974798 0.52008331 -0.03647075 0.19747266 0.52008426 -0.03604631 0.19722305 0.52185798 -0.03605533 0.1972159 0.52185935 -0.03554396 0.19696969 0.52361256 -0.03555281 0.19696255 0.52361429 -0.03495352 0.19671959 0.52534682 -0.03496221 0.19671242 0.52534896 -0.034274 0.1964725 0.52706045 -0.03428249 0.1964653 0.52706307 -0.03351068 0.19623032 0.52873927 -0.03351897 0.19622314 0.52874225 -0.03267002 0.19599506 0.53036934 -0.0326781 0.19598788 0.53037274 -0.0317528 0.19576646 0.53195101 -0.03176064 0.19575927 0.53195477 -0.03075976 0.1955443 0.5334847 -0.03076736 0.19553711 0.53348887 -0.02969108 0.19532859 0.5349704 -0.02969841 0.19532138 0.53497493 -0.02854577 0.19511947 0.53640765 -0.02855283 0.19511226 0.53641254 -0.02732295 0.19491699 0.53779513 -0.02732971 0.19490978 0.53780031 -0.02681817 0.19478959 0.53842151 -0.02603289 0.19472292 0.5391205 -0.02603935 0.19471569 0.53912604 -0.02468641 0.19453885 0.5403735 -0.02469253 0.19453162 0.54037935 -0.02328376 0.19436474 0.54155517 -0.02328955 0.19435751 0.54156125 -0.02182504 0.19420059 0.54266548 -0.02183047 0.19419336 0.54267198 -0.0203103 0.19404638 0.54370481 -0.02031536 0.19403917 0.54371148 -0.01873917 0.19390237 0.54467243 -0.01874385 0.19389513 0.54467934 -0.01711101 0.19376904 0.54556674 -0.01711529 0.1937618 0.54557401 -0.01544369 0.19364798 0.54637736 -0.01544756 0.19364074 0.54638469 -0.01374691 0.19353975 0.54710031 -0.01375036 0.1935325 0.54710793 -0.01202115 0.19344419 0.54773712 -0.01202416 0.19343694 0.54774487 -0.0102664 0.19336139 0.54828781 -0.01026897 0.19335414 0.54829568 -0.00848245 0.19329152 0.54875171 -0.00848458 0.19328426 0.54875982 -0.00666909 0.19323473 0.54912829 -0.00667077 0.19322747 0.54913652 -0.00482826 0.19319169 0.54941607 -0.00482948 0.19318444 0.54942429 -0.00298342 0.19316208 0.54961061 -0.00298417 0.19315483 0.5496189 -0.00114088 0.19314551 0.54971284 -0.00114118 0.19313826 0.54972112 -0.0011401 0.19317318 0.54969287 -0.03715005 0.19834784 0.51460725 -0.03721168 0.19859691 0.51279628 -0.03721027 0.19866541 0.51248997 -0.03718069 0.19887647 0.51098263 -0.03718003 0.19888848 0.51098448 -0.03706263 0.19914722 0.50916564 -0.03656024 0.19969007 0.50556099 -0.03685524 0.1994305 0.50736034 -0.03685573 0.19941834 0.50735843 -0.03695901 0.19930872 0.50817001 -0.03706207 0.19915926 0.50916749 -0.03509092 0.20053509 0.50010377 -0.03570051 0.20024869 0.50199825 -0.03570076 0.20023613 0.50199616 -0.03617569 0.19996281 0.50377423 -0.03617575 0.19996266 0.50377339 -0.03620726 0.19995469 0.50390869 -0.03655982 0.19970238 0.5055629 -0.03377236 0.20104122 0.49686584 -0.03449623 0.20078892 0.49853954 -0.0344963 0.2007761 0.49853748 -0.03513937 0.20052049 0.50024945 -0.03111499 0.20181663 0.49208093 -0.03208235 0.20157477 0.49363935 -0.03208218 0.20156151 0.49363732 -0.0329679 0.20131613 0.49523443 -0.03296781 0.20130304 0.49523234 -0.0332527 0.20122673 0.49578992 -0.03377236 0.20105416 0.49686787 -0.02894599 0.20231277 0.48910609 -0.03006611 0.20208165 0.49056664 -0.0300658 0.20206806 0.49056458 -0.03113499 0.2030836 0.49211392 -0.03111523 0.20183006 0.49208292 -0.02651183 0.20277825 0.48637864 -0.02776158 0.20256335 0.48771295 -0.02797335 0.2025218 0.48794693 -0.02894637 0.20232645 0.48910812 -0.02237566 0.20341599 0.48275822 -0.02382073 0.20322505 0.48390368 -0.02382016 0.20321074 0.4839018 -0.02519884 0.20301291 0.48511067 -0.02519831 0.20299879 0.48510882 -0.02644637 0.20411059 0.48621482 -0.02651233 0.20279223 0.48638058 -0.0193187 0.20378736 0.48068598 -0.02087054 0.20362145 0.48168373 -0.02086993 0.20360689 0.48168203 -0.02305218 0.20456021 0.48325667 -0.01609289 0.20410833 0.47893813 -0.01772689 0.20396933 0.4797731 -0.0177263 0.20395455 0.47977147 -0.01860545 0.20387921 0.48026466 -0.01931931 0.20380202 0.48068765 -0.01094636 0.2044861 0.47692502 -0.01270391 0.20438974 0.47751546 -0.01270339 0.20437467 0.47751406 -0.01441919 0.20426348 0.47818702 -0.01441863 0.2042485 0.47818559 -0.01534601 0.20543921 0.47850677 -0.01609347 0.20412321 0.47893968 -0.00709729 0.204676 0.47595882 -0.00915742 0.20459664 0.47642413 -0.00915702 0.20458147 0.47642282 -0.01039016 0.20577641 0.47671443 -0.01094683 0.20450121 0.47692636 -0.0011406 0.19315384 0.54970521 -0.00389565 0.19319607 0.54951924 -0.00666677 0.19325694 0.54911041 -0.00936384 0.19334526 0.54852724 -0.01287343 0.19351077 0.54742736 -0.0171017 0.19378799 0.54558456 -0.02105969 0.19414267 0.54319555 -0.02397729 0.19447105 0.54097605 -0.02667253 0.19483955 0.5384692 -0.02911066 0.19524314 0.53570485 -0.03125313 0.19567552 0.53272873 -0.03351268 0.19625016 0.52875888 -0.03524636 0.19686469 0.52449524 -0.03625206 0.19737144 0.52098781 -0.03691094 0.19789343 0.51739252 -0.03721457 0.19842818 0.51373529 -0.03715795 0.19896883 0.51007712 -0.03660439 0.19964699 0.50555855 -0.03545882 0.20032704 0.50111842 -0.03417146 0.20086361 0.49769127 -0.0321273 0.20151611 0.49362245 -0.02954403 0.20214346 0.48981845 -0.0271721 0.20261666 0.48702276 -0.02454051 0.20305753 0.4844768 -0.020854 0.203565 0.48160759 -0.01693485 0.20398898 0.47932467 -0.01357385 0.20426983 0.47781312 -0.01006874 0.2044917 0.47663769 -0.00555375 0.2046743 0.47564167 -0.00114034 0.19316313 0.54969859 -0.0011399 0.19318381 0.54968846 -0.00113974 0.19319482 0.54968524 -0.00298061 0.19321139 0.54958314 -0.00482373 0.193241 0.54938877 -0.00666283 0.19328403 0.54910141 -0.00847449 0.19334082 0.54872519 -0.01025679 0.19341071 0.54826182 -0.01200994 0.1934935 0.54771167 -0.01373414 0.19358908 0.54707551 -0.01542939 0.1936973 0.54635328 -0.01709523 0.19381838 0.54554367 -0.01872195 0.19395173 0.5446502 -0.02029171 0.19409576 0.54368353 -0.02180516 0.19424999 0.54264528 -0.02326265 0.19441415 0.54153603 -0.02466412 0.19458829 0.54035562 -0.02600951 0.19477239 0.53910387 -0.02729852 0.19496652 0.53777975 -0.02852038 0.19516905 0.53639358 -0.02966478 0.19537823 0.53495771 -0.03073262 0.19559403 0.53347343 -0.03172489 0.19581626 0.53194112 -0.03264141 0.19604497 0.53036088 -0.03348142 0.19628035 0.5287323 -0.03424415 0.19652262 0.52705508 -0.03492314 0.19676986 0.52534294 -0.0355131 0.19702014 0.52361012 -0.03601504 0.19727364 0.52185714 -0.03642995 0.1975306 0.52008414 -0.03675817 0.19779116 0.51829112 -0.03699882 0.19805549 0.516478 -0.03715056 0.19832377 0.51464498 -0.03721186 0.19859406 0.51280779 -0.03718289 0.1988644 0.51098073 -0.03706477 0.19913498 0.50916362 -0.03685781 0.199406 0.50735623 -0.03656225 0.19967765 0.50555873 -0.03617769 0.19995011 0.50377101 -0.03570263 0.20022343 0.50199366 -0.03514133 0.20049495 0.5002448 -0.03449802 0.20076312 0.49853474 -0.03377398 0.20102805 0.49686301 -0.03296936 0.20128974 0.49522945 -0.03208364 0.2015481 0.49363425 -0.03111636 0.20180306 0.49207777 -0.03006708 0.20205435 0.4905614 -0.02894717 0.20229885 0.48910281 -0.02776223 0.20253545 0.48770761 -0.02651283 0.20276405 0.48637521 -0.02519922 0.20298444 0.48510534 -0.02382098 0.20319626 0.48389831 -0.02237739 0.20339914 0.48275477 -0.02087058 0.20359215 0.4816784 -0.00735356 0.20464401 0.47600862 -0.00553616 0.20470482 0.47568864 -0.00370502 0.20474839 0.47545922 -0.00258478 0.19322541 0.54961246 -0.00569761 0.19327715 0.54927415 -0.01044843 0.19344288 0.54823357 -0.0155444 0.1937179 0.54632258 -0.01928425 0.1940257 0.5443303 -0.02254446 0.19436118 0.54210955 -0.02557122 0.19473478 0.53953886 -0.02862981 0.19521269 0.5362922 -0.03113091 0.19571176 0.53289789 -0.03311177 0.1961965 0.5294953 -0.03563641 0.19709051 0.52347827 -0.0368901 0.19793992 0.51745278 -0.00553604 0.20472029 0.47569233 -0.00370494 0.20476389 0.47546294 -0.00195159 0.20479482 0.47532907 -0.0037051 0.20477919 0.47546417 -0.00553629 0.20473558 0.47569358 -0.00735373 0.20467472 0.4760136 -0.00186006 0.20477414 0.47532102 -0.00186024 0.204759 0.47531471 -0.00186055 0.20474492 0.47530586 -0.00186099 0.20473251 0.47529483 -0.00186153 0.20472221 0.47528207 -0.00186215 0.20471433 0.47526821 -0.00186281 0.20470896 0.47525394 -0.00186009 0.20480499 0.47532594 0.02833824 0.20204054 0.48700181 0.03004447 0.20120162 0.48727933 0.0324021 0.20062932 0.48992884 0.03504202 0.19827309 0.48917794 0.00227055 0.19071627 0.5525583 0.00374002 0.20397097 0.47341886 0.01197508 0.2038693 0.47569692 0.01797234 0.20300534 0.47720796 0.03554469 0.19973603 0.49549979 0.03805385 0.1985932 0.50244349 0.02224995 0.19326214 0.54393697 0.0090815 0.19094165 0.55146766 0.02603485 0.18348837 0.55034322 0.02794043 0.19216672 0.54125172 0.02682341 0.19154835 0.54283607 0.02984694 0.19129191 0.54069197 0.03361138 0.19158056 0.53669882 0.03604914 0.18511403 0.54043323 0.03868614 0.18581049 0.53642517 0.03971726 0.19036879 0.52956182 0.04198285 0.18711293 0.529401 0.04397161 0.18855193 0.52206552 0.04133035 0.19524947 0.50207478 0.04267401 0.19322485 0.50051051 0.04440514 0.19145769 0.50830054 0.03897516 0.19691364 0.49651229 0.04027409 0.19464386 0.4945046 0.02697866 0.20229673 0.48559096 0.02534114 0.19906043 0.4769679 0.02404473 0.18916894 0.54737186 0.01671659 0.19103529 0.5491485 0.03642393 0.19413529 0.52885902 0.04089172 0.19598679 0.5095551 0.04098707 0.19449401 0.51731414 0.00352534 0.20267922 0.47111669 0.01151595 0.20245519 0.47276622 0.02361317 0.20172343 0.47943768 -0.0041729 0.20113179 0.46928978 0.00617671 0.20106265 0.46951196 0.01439721 0.20051372 0.47155246 0.01882662 0.20002957 0.47331741 0.02178887 0.18308643 0.55300009 0.01924018 0.18707284 0.55164123 0.01672811 0.18272719 0.55540878 0.01184842 0.18671742 0.554528 0.01104677 0.18246055 0.55730939 0.00442728 0.18650763 0.55594981 0.00307032 0.18227388 0.55858755 -0.00122765 0.18453014 0.55741131 -0.00074714 0.18844949 0.55463392 0.03721157 0.19596297 0.48905197 0.04466742 0.18969853 0.51643902 0.04029949 0.19176522 0.5259198 0.03125954 0.18419439 0.54627472 0.03181774 0.19773623 0.48216155 -0.03221675 0.19757187 0.48272777 -0.0353227 0.18898329 0.53776681 -0.02680468 0.20174274 0.48356169 -0.02428226 0.20250073 0.48207587 -0.02631566 0.19888346 0.47768456 -0.02523626 0.20049353 0.47898045 -0.02675123 0.20218436 0.48476201 -0.04287034 0.19311836 0.5010668 -0.03964371 0.19497803 0.49313003 -0.0384416 0.19742596 0.49635801 -0.04176032 0.19511028 0.50564331 -0.04454096 0.19114882 0.50975806 -0.04311623 0.19137102 0.51859123 -0.04460983 0.18953501 0.51730305 -0.04350103 0.18809798 0.52435523 -0.03981407 0.18935379 0.53070611 -0.04192847 0.18711837 0.52941215 -0.03984357 0.18621284 0.53423417 -0.03625242 0.18516311 0.54016733 -0.02841019 0.19203292 0.5410198 -0.03257983 0.19297306 0.53606111 -0.02382046 0.1931062 0.54316676 -0.02719244 0.19200419 0.5420323 -0.02597501 0.18347378 0.55034572 -0.02146482 0.1858373 0.5514735 -0.01888928 0.18284328 0.55451673 -0.00647466 0.18234828 0.55826449 -0.00773658 0.19182757 0.55072987 -0.01537578 0.19227295 0.54822594 -0.03449957 0.20029438 0.49410307 -0.03778302 0.19886938 0.50353903 -0.03944581 0.19718105 0.51093358 -0.03874388 0.19662005 0.51729351 -0.03646341 0.19562408 0.52559119 -0.03312225 0.19457209 0.53268617 -0.03135509 0.20169297 0.49221513 -0.02825574 0.20209011 0.48695585 -0.02715691 0.20231891 0.48586982 -0.01887913 0.20333585 0.47883976 -0.01148946 0.20385842 0.47535366 -0.01290054 0.20226845 0.47306898 -0.01981073 0.20183745 0.47638494 -0.00500816 0.2022765 0.47081172 -0.01318831 0.20063633 0.47113183 -0.01969946 0.19992945 0.47373274 -0.02981128 0.20136395 0.48729348 -0.03516643 0.19844675 0.48975706 -0.04208976 0.19411609 0.51307625 -0.04002938 0.19383101 0.52216351 -0.03743329 0.19256169 0.53002614 -0.03568853 0.19650972 0.48695514 -0.03996091 0.19668901 0.50088465 -0.02285031 0.18959303 0.54761797 -0.01640273 0.18897222 0.55125141 -0.00766892 0.18867895 0.55387026 -0.01290765 0.18570848 0.55490494 -0.01216656 0.18249483 0.55699849 0.03392592 0.19789924 0.48299623 0.02988918 0.19887619 0.47911403 0.03852566 0.19642287 0.48890305 0.04209559 0.19481602 0.49556437 0.04360888 0.19394079 0.49949995 0.04551595 0.19208017 0.50751925 0.04578997 0.18949464 0.51959443 0.04200339 0.18697874 0.53274244 0.036485 0.18537202 0.54196441 0.03235238 0.18437169 0.54509068 0.03070937 0.1843397 0.54824275 0.02036623 0.18329701 0.55527395 0.01047692 0.18279631 0.55878258 0.00156224 0.18264106 0.55992126 0.02561129 0.19976068 0.47584581 0.0208638 0.20047331 0.47307163 0.01654423 0.20100582 0.47113106 0.01108522 0.20148665 0.46939883 0.00568123 0.20174438 0.46840984 7.584E-05 0.20185794 0.46803674 0.00805691 0.20589842 0.47609773 -2.281E-05 0.19464281 0.54972148 -0.00199028 0.19471315 0.54977322 0.00398177 0.19473244 0.54954565 0.02144276 0.20484284 0.48185694 -0.03259956 0.20277601 0.49444497 -0.0299636 0.20343977 0.49031577 -0.02092753 0.20490292 0.48162726 -0.02990634 0.19691725 0.5347873 -0.03223094 0.19736941 0.53122139 -0.03426838 0.19800413 0.52719533 -0.01089377 0.18278736 0.55874884 -0.0237825 0.18356305 0.55341542 -0.03109705 0.18440771 0.54782844 -0.03213221 0.1843604 0.54546183 -0.03119549 0.18418378 0.54628009 -0.03867109 0.18586455 0.53900343 -0.04327738 0.18759979 0.52945751 -0.04561387 0.18945244 0.5201624 -0.04581278 0.19154817 0.50996542 -0.04498679 0.19282487 0.50432426 -0.04220676 0.19477774 0.49580744 -0.03973227 0.19592495 0.49095041 -0.03241055 0.19830924 0.48141339 -0.03659761 0.19709931 0.48620436 -0.03150477 0.19781809 0.4819153 -0.02731085 0.19944467 0.4770416 -0.02246057 0.20026524 0.47393084 -0.01719136 0.20094037 0.4713673 -0.01111297 0.20150843 0.46941155 -0.00564021 0.20176807 0.46840993 0.02213629 0.20227599 0.4761537 0.03109486 0.20050284 0.48292324 0.04321633 0.19489324 0.51321232 0.04239769 0.19636437 0.50476277 0.03657082 0.18985635 0.5378074 0.04103795 0.19001473 0.53080499 0.04357524 0.19153707 0.5223341 0.02423684 0.18751305 0.5505392 0.00856067 0.19300231 0.55130845 0.00880201 0.19486704 0.54873925 0.01830204 0.1954183 0.54496723 0.01385249 0.19509161 0.54710203 0.01760181 0.1936297 0.54781258 0.0296904 0.19521886 0.53812224 0.02968955 0.19686383 0.53503722 0.02547605 0.19618119 0.53974366 0.02185104 0.19577381 0.54271162 0.03196503 0.19735323 0.53167957 0.03651069 0.19899186 0.51997972 0.03552687 0.19847827 0.52380651 0.03897594 0.19805406 0.51746047 0.03723787 0.19979469 0.51445264 0.03903788 0.19951522 0.50778514 0.03704651 0.20068246 0.50818616 0.03598101 0.20147777 0.50282723 0.01625737 0.20467308 0.47651663 0.00204516 0.20519984 0.47273281 0.00281441 0.20602703 0.47530907 -0.0021831 0.20604882 0.47528479 -0.00281311 0.2034393 0.46993512 0.00500535 0.2034217 0.47016406 0.03686179 0.20080285 0.49841073 0.03477202 0.20205179 0.49908093 0.03302088 0.20263173 0.49521184 0.03423513 0.20114534 0.49024257 0.02913757 0.202757 0.48537406 0.02359446 0.20357987 0.48021737 0.01179566 0.20401445 0.47279385 0.0385098 0.19476382 0.5277878 0.03408797 0.19793999 0.52758867 0.03443071 0.19439431 0.53442693 0.02394605 0.19196177 0.54664892 -0.00074756 0.19134992 0.55377287 0.03908901 0.19845614 0.49562332 0.04120756 0.19498619 0.52094984 0.03011719 0.19045445 0.5438323 0.01586709 0.18876186 0.55346394 0.0074955 0.18832341 0.5559237 -0.0020448 0.18641044 0.55782104 -0.04169207 0.19687095 0.50175536 -0.03537501 0.19954431 0.48835796 -0.03104838 0.20040302 0.48272115 -0.02680491 0.20150635 0.47938281 -0.02058827 0.20205143 0.4746328 -0.00823737 0.20501044 0.47342342 -0.00644658 0.20594108 0.47580418 -0.01618435 0.20469245 0.47648695 -0.01325247 0.19506882 0.5473507 -0.00820369 0.19307771 0.55122352 -0.00836609 0.19484177 0.54881787 -0.02027727 0.18588363 0.55372679 -0.04447533 0.19306542 0.51375407 -0.04129777 0.19244841 0.52659649 -0.03927498 0.19030194 0.53348333 -0.03425899 0.18920113 0.54119563 -0.02855907 0.18851039 0.54687196 -0.01691225 0.19531246 0.54573005 -0.01703022 0.19349387 0.54823071 -0.02245803 0.19581345 0.54227871 -0.03546307 0.19577672 0.53078657 -0.03580339 0.19861117 0.52281344 -0.03830802 0.19754808 0.52116162 -0.03696674 0.19936457 0.51745963 -0.03928191 0.19865006 0.51344037 -0.03726364 0.20025334 0.51133275 -0.03683383 0.20090574 0.50682592 -0.03919788 0.19944289 0.50570405 -0.03597855 0.20149523 0.5028109 -0.03721023 0.20048513 0.49748319 -0.03458121 0.20213604 0.49856991 -0.03362725 0.20182037 0.49148339 -0.02914954 0.20275789 0.4853456 -0.02360635 0.20358032 0.48019469 -0.00653985 0.18937746 0.55511123 -0.01216253 0.18851769 0.55480707 -0.02059139 0.19024168 0.55015773 -0.02512187 0.19276831 0.54495245 -0.04140356 0.19519907 0.51977903 -0.04194631 0.19650957 0.51147544 -0.01084717 0.20350564 0.47166869 -0.02593064 0.19627386 0.53930473 -0.03099343 0.1936695 0.53918999 -0.03924001 0.19796176 0.49445564 0.03040172 0.18008935 0.5465762 -0.0280105 0.18009067 0.54611051 0.00698091 0.20617476 0.48950228 0.00896055 0.20624438 0.47836411 -0.00088067 0.20644775 0.47766116 0.02456645 0.20487025 0.48805612 0.0162745 0.20578891 0.4815954 -0.00802751 0.2018681 0.52924949 -5.722E-05 0.19961882 0.53900081 0.00825806 0.20046031 0.53528404 -0.01235413 0.1994767 0.53835744 -0.02201461 0.20015591 0.53211719 -0.02758161 0.20105514 0.524454 -0.0267848 0.20449403 0.49059594 -0.03088087 0.20313638 0.50492036 -0.01253362 0.20569965 0.49522245 -0.01898582 0.20552257 0.48300177 -0.01191235 0.20610633 0.47957093 0.02271005 0.20025995 0.53146511 0.01711845 0.20282753 0.52056545 0.0035488 0.20345613 0.52095413 0.02980166 0.20161009 0.51930833 -0.01543069 0.20398402 0.51326489 -0.03166112 0.2017871 0.51593655 0.00145393 0.20534384 0.50528896 0.01755662 0.20463684 0.50521725 0.03146169 0.20275795 0.50789607 0.02927537 0.20397395 0.49563915 0.02945095 0.17500001 0.54202211 0.03101075 0.17500001 0.54486495 0.03109141 0.17500001 0.54277897 0.02895202 0.17500001 0.54519135 0.02798643 0.17500001 0.54349983 0.02974846 0.19000001 0.48254654 0.03061811 0.19000001 0.48569444 0.03137485 0.19000001 0.48405385 0.02881061 0.19000001 0.48574489 0.02803852 0.19000001 0.48396087 -0.03084599 0.17500001 0.54248649 -0.02891299 0.17500001 0.54514647 -0.02800459 0.17500001 0.5437457 -0.03044495 0.17500001 0.54519135 -0.03132777 0.17500001 0.5439415 -0.02907479 0.17500001 0.5421229 -0.02964851 0.19000001 0.48254654 -0.02877887 0.19000001 0.48569444 -0.02802212 0.19000001 0.48405385 -0.03058636 0.19000001 0.48574489 -0.03135845 0.19000001 0.48396087 0.00459138 0.20604119 0.47553423 -0.00176829 0.20607102 0.47530809 0.00982279 0.20583493 0.47660094 0.01848244 0.20518142 0.48014379 0.01357006 0.20560274 0.47785026 0.02384398 0.20453352 0.48390344 0.03360704 0.20265326 0.50222218 0.0350671 0.20197758 0.5000264 0.03254038 0.20283267 0.49435547 0.03642133 0.19904515 0.52022296 0.03211186 0.19988045 0.52497268 0.03520526 0.19844666 0.52453232 0.03310582 0.19771281 0.52960241 0.023986 0.19609602 0.54094088 0.02721635 0.19653593 0.53790116 0.02168058 0.19759716 0.53967214 0.02029072 0.19567831 0.54371572 0.01666103 0.19550702 0.54571378 -7.8E-07 0.19644774 0.54736787 0.00323449 0.19480312 0.54958242 0.00754829 0.19491696 0.54892427 0.01182025 0.19508888 0.54779887 -0.00144703 0.19478723 0.54969084 4.545E-05 0.198511 0.54286593 0.01357982 0.19865797 0.54065239 0.03498684 0.20118997 0.5135904 0.02535572 0.19903216 0.53400832 0.00891179 0.19755656 0.5443238 0.03621968 0.20137653 0.50384337 0.03717758 0.20048681 0.51012397 0.02839781 0.20378467 0.48837653 0.03005589 0.19705637 0.53442907 0.03707925 0.19968192 0.51571131 -0.00753577 0.19491291 0.548971 -0.0116283 0.19631571 0.54605103 -0.01288332 0.19514042 0.54740274 -0.01781857 0.19546109 0.54520732 -0.01974637 0.19782446 0.5403353 -0.02249215 0.19590852 0.5421434 -0.02567698 0.19848336 0.53527725 -0.02606192 0.19635001 0.5390811 -0.02910399 0.19686387 0.53567654 -0.03185266 0.19743703 0.53176069 -0.0342592 0.19807282 0.52706814 -0.03386575 0.20019737 0.52116942 -0.035762 0.19867286 0.52280504 -0.03678333 0.19932413 0.51825225 -0.03542539 0.20183858 0.50098842 -0.0336413 0.20266166 0.50169021 -0.03258104 0.20283636 0.49444386 -0.018506 0.20517841 0.48015594 -0.02380423 0.20453365 0.48385856 -0.01428112 0.20554081 0.47813734 -0.01001431 0.20582658 0.47661003 -0.0048074 0.20606519 0.47561693 -0.03485293 0.20160934 0.51033968 -0.00950831 0.19803071 0.54315728 -0.02917268 0.19946243 0.52948833 -0.03726115 0.20022924 0.5119195 -0.0367044 0.2010363 0.50633228 -0.02836706 0.20379278 0.48831993 0.02800459 0.17700002 0.5437457 0.02672308 0.17702258 0.54369956 0.02776686 0.17702985 0.54598272 0.02891299 0.17700002 0.54514647 0.02907479 0.17700002 0.5421229 0.02996859 0.17702994 0.54074234 0.02834946 0.17703927 0.54099339 0.02710448 0.177035 0.54221201 0.03132777 0.17700002 0.5439415 0.03268912 0.17704335 0.54370922 0.03084599 0.17700002 0.54248649 0.03127044 0.17701934 0.5411644 0.03057608 0.17701191 0.54652202 0.03044495 0.17700002 0.54519135 0.03232318 0.17702498 0.54510105 0.02964851 0.19200002 0.48254654 0.02907101 0.19201952 0.48140073 0.02785083 0.19203639 0.48194814 0.02703116 0.192027 0.48301166 0.02802212 0.19200002 0.48405385 0.02669074 0.19204073 0.48451868 0.02877887 0.19200002 0.48569444 0.0272055 0.19204369 0.48592538 0.02828762 0.19204825 0.48696902 0.0308716 0.19201121 0.48702863 0.03058636 0.19200002 0.48574489 0.03196168 0.19202085 0.48622167 0.03135845 0.19200002 0.48396087 0.03253189 0.19202673 0.48335955 0.03183567 0.1920422 0.48223379 0.03053724 0.19205488 0.48139882 -0.03109141 0.17700002 0.54277897 -0.03268531 0.17702928 0.54376751 -0.03101075 0.17700002 0.54486495 -0.03171885 0.17704915 0.54590821 -0.03070506 0.17702985 0.54648638 -0.02945095 0.17700002 0.54202211 -0.02996827 0.17704675 0.54069072 -0.03157198 0.17703636 0.54136443 -0.03238166 0.17702757 0.54243833 -0.02798643 0.17700002 0.54349983 -0.0267076 0.17704348 0.54371786 -0.02796833 0.17703085 0.54123276 -0.02856386 0.17700931 0.54644698 -0.02895202 0.17700002 0.54519135 -0.02719083 0.17704248 0.54537189 -0.03137485 0.19200002 0.48405385 -0.03268496 0.19202891 0.48436156 -0.03061811 0.19200002 0.48569444 -0.03234155 0.19204889 0.48571137 -0.03132229 0.19204305 0.48681271 -0.02974846 0.19200002 0.48254654 -0.02956533 0.1920315 0.48133138 -0.03075675 0.19204974 0.48149681 -0.03217681 0.19204086 0.48258165 -0.02803852 0.19200002 0.48396087 -0.02689647 0.19202189 0.48329243 -0.02796867 0.192039 0.48183465 -0.02972711 0.19204855 0.487313 -0.02881061 0.19200002 0.48574489 -0.02836772 0.19202918 0.48695406 -0.02717922 0.19204313 0.48595914 0.03170938 0.17711465 0.54594952 0.02927332 0.17710166 0.54670382 0.02686064 0.17708164 0.54469967 0.02992951 0.19210508 0.48730335 0.03264269 0.1920933 0.4850378 0.00298516 0.19322032 0.54958081 0.00963077 0.19340728 0.54843235 0.0084719 0.19335294 0.54872352 0.01423982 0.19364174 0.54686773 0.01860522 0.19396396 0.54471493 0.02265256 0.19436526 0.54201108 0.02466556 0.19459957 0.54035163 0.02631168 0.19483751 0.53880155 0.02730802 0.19497855 0.53776675 0.02852328 0.19517985 0.53638697 0.02961871 0.19538416 0.53501606 0.03073062 0.19560306 0.53347266 0.0322251 0.19595741 0.53109497 0.03348652 0.19628982 0.52871639 0.03428669 0.19654794 0.52695197 0.03551223 0.19702631 0.5236057 0.03594267 0.19725138 0.52212059 0.03642873 0.19753565 0.52007914 0.03689196 0.1979433 0.51734674 0.03689221 0.19937719 0.50763297 0.03616942 0.19995445 0.50374836 0.03577087 0.20019695 0.50222778 0.03513405 0.20049769 0.50023204 0.03437781 0.2008211 0.49825025 0.03212104 0.20154411 0.49370277 0.03005064 0.20205963 0.49054363 0.02952127 0.20219079 0.48983765 0.02775193 0.20254003 0.48770055 0.02631168 0.20281544 0.4861784 0.02348521 0.2032631 0.48362133 0.00485696 0.20475158 0.47559804 0.00971087 0.20453145 0.47637525 0.01497374 0.20414072 0.47819921 0.01532575 0.20410249 0.47851974 0.02004239 0.20361474 0.48102257 0.02915641 0.20219201 0.48928058 0.03179942 0.20157979 0.49277169 0.03156651 0.20162958 0.49268964 0.03690354 0.1995178 0.50181401 0.03459368 0.20066744 0.49864224 0.00597462 0.1931947 0.54929543 0.00952508 0.1933369 0.54850143 -7.785E-05 0.19316995 0.5497067 1.238E-05 0.2047399 0.47525477 0.00185712 0.20479082 0.47532502 0.00214763 0.20470604 0.4752695 0.00563186 0.20464715 0.47561646 0.02547938 0.20287046 0.4850941 0.03615201 0.19994977 0.50294012 0.03689533 0.19933638 0.50739992 0.03739344 0.19858873 0.51203448 0.03658417 0.19736785 0.52045518 0.03390421 0.19629784 0.52808684 0.03220439 0.19586194 0.53123707 0.02924959 0.1950994 0.53597152 0.02310199 0.19428764 0.54183918 0.01919684 0.19393925 0.5444116 0.01614887 0.19368342 0.54608357 0.01394629 0.19355267 0.54702234 0.01641518 0.19336508 0.54657376 0.01200524 0.1935048 0.54771096 0.00128713 0.19306001 0.54983425 0.02938649 0.18478459 0.54671836 0.02818797 0.18672813 0.5465005 0.03007356 0.18405117 0.54690057 0.03282001 0.18715872 0.54224432 0.03088597 0.19025695 0.5408808 0.03206717 0.18808351 0.54181844 0.03291526 0.1845046 0.5441165 0.03272989 0.18444122 0.5440973 0.03268661 0.18593392 0.54304099 0.02820067 0.18655142 0.5463326 0.0270672 0.1890455 0.54525232 0.03005867 0.18394759 0.5467115 0.03288226 0.19819047 0.48507735 0.03283961 0.19733362 0.48370197 0.03272978 0.19734082 0.48406816 0.02665342 0.20199679 0.48409086 0.02702931 0.20128405 0.48288351 0.02774978 0.20045173 0.48194638 0.02922444 0.19894399 0.4811244 0.02866143 0.19935293 0.481446 0.03002708 0.19802792 0.48129523 0.03030228 0.19800723 0.48120722 0.03255172 0.19837391 0.48533908 0.03207676 0.19923681 0.4861691 0.0313953 0.20016736 0.48683926 0.02872148 0.20188983 0.48717427 0.02776831 0.20219117 0.48662946 0.02697188 0.20232153 0.48565683 -0.0294936 0.17708319 0.54669964 -0.03243455 0.17708069 0.54491025 -0.02668929 0.19207743 0.48431051 -0.02053521 0.19295146 0.54519743 -0.00186001 0.20478967 0.47532475 -0.0073534 0.20465946 0.47601232 -0.00963084 0.20457315 0.47654766 -0.02237666 0.20341377 0.48275834 -0.02382016 0.20321074 0.48390186 -0.02631168 0.20282722 0.4861784 -0.02776114 0.20254946 0.48771095 -0.02990984 0.20211419 0.4903475 -0.03212246 0.20155373 0.49370447 -0.03437782 0.20083463 0.49825025 -0.03513954 0.20050779 0.50024736 -0.03579199 0.2001974 0.50229973 -0.0368922 0.19938946 0.50763297 -0.03721169 0.19859685 0.51279628 -0.03693735 0.19796866 0.51733977 -0.03585982 0.19723547 0.52246761 -0.03460522 0.19666937 0.52618992 -0.03324079 0.19622159 0.52924764 -0.03198268 0.1959096 0.53151494 -0.03010113 0.1954795 0.53438872 -0.02786908 0.1950727 0.53715932 -0.02550369 0.19472125 0.53960735 -0.02183277 0.19427904 0.54265285 -0.01817701 0.19395265 0.54497319 -0.01381827 0.19362545 0.54706526 -0.00956079 0.19341412 0.54846632 -0.00393943 0.19329026 0.54953474 -0.03028341 0.19797508 0.48129803 -0.02927778 0.19889042 0.48125124 -0.03044225 0.19797044 0.4812496 -0.02685606 0.20159942 0.48326054 -0.02783854 0.20037264 0.48183116 -0.02741389 0.20077255 0.4823156 -0.03289969 0.19816801 0.48501208 -0.03141223 0.20018069 0.48683357 -0.03238653 0.19879866 0.48576549 -0.03271638 0.19767493 0.48450857 -0.03286746 0.19734968 0.4837102 -0.03269537 0.19728732 0.48372984 -0.03283387 0.185938 0.54310834 -0.03253627 0.1866937 0.54258984 -0.03170386 0.1890422 0.5413931 -0.02817112 0.18666473 0.54660678 -0.02670199 0.19037846 0.54423124 -0.02730803 0.18840763 0.5455783 -0.03007394 0.1840546 0.54687905 -0.02866058 0.18587919 0.54658371 -0.03004909 0.18394794 0.54671395 -0.03274651 0.18448587 0.54404616 -0.03284708 0.18449633 0.54413956 0.0325949 0.19732124 0.48336795 0.03080908 0.19787173 0.48146284 0.02973951 0.19139633 0.54066396 0.03444067 0.19079694 0.53672189 0.02669192 0.1835649 0.54986358 0.02110536 0.18302543 0.55340111 0.01943571 0.18546665 0.55270755 0.01229107 0.18250133 0.5570094 0.00695959 0.18572673 0.55622613 0.00405824 0.18228917 0.55848664 -0.0013165 0.18473746 0.55731088 -0.00306293 0.18227988 0.55859286 0.03696909 0.19509584 0.52588725 0.03944963 0.19748703 0.50732195 0.02119217 0.20294192 0.47979379 0.00353623 0.20352763 0.47240394 0.01829464 0.20179096 0.47525004 0.02534327 0.19905412 0.47699404 0.01944131 0.19994508 0.47362849 0.03020198 0.2011213 0.48732445 0.03485794 0.19896238 0.49032506 0.04049791 0.19453326 0.49493763 0.04125898 0.19523993 0.50112665 0.0431684 0.19283585 0.50219321 0.04451457 0.19129895 0.50899404 0.04250838 0.19252501 0.51772475 0.04465025 0.18980113 0.51600254 0.04394131 0.18851914 0.52220303 0.04048198 0.19190374 0.5254215 0.04203292 0.18715741 0.52919006 0.03913132 0.19068745 0.53007376 0.03850816 0.18574476 0.53675991 0.02664482 0.19091399 0.54369307 0.02706112 0.19202834 0.54215509 0.0221057 0.18954679 0.54810911 0.01306208 0.18826023 0.5530659 0.00827016 0.19044201 0.55219358 0.03917873 0.19572142 0.51893848 0.03520664 0.19339822 0.53195727 0.02831676 0.19214192 0.5409832 0.03790924 0.19800529 0.49669474 0.04041702 0.19603495 0.51258188 -0.00141425 0.1894486 0.5538156 -0.00299394 0.2023271 0.47063139 -0.00327455 0.20397827 0.47333506 0.02397306 0.20170516 0.47989017 0.01070047 0.20251429 0.47257209 -0.00303574 0.20114532 0.4692362 0.00614876 0.20106548 0.4695141 0.01436217 0.20051569 0.47153106 0.03648651 0.19624296 0.48795894 -0.02649396 0.18354283 0.55000269 -0.0234414 0.18949172 0.5473659 -0.02739217 0.1921654 0.5416823 -0.02673778 0.19141237 0.54306835 -0.02600214 0.19327222 0.54133999 -0.02907132 0.19183919 0.54071283 -0.03021034 0.19402252 0.53676528 -0.03550719 0.18499333 0.54111779 -0.03558106 0.18871747 0.53774488 -0.03989476 0.18622494 0.53420711 -0.04272801 0.18753715 0.52720702 -0.04183726 0.19268098 0.51999021 -0.04446366 0.18920171 0.51890016 -0.04282377 0.19324647 0.51278287 -0.04454407 0.19119349 0.50957447 -0.04140125 0.19555691 0.50637931 -0.04290653 0.19305675 0.50128019 -0.02832243 0.2020787 0.48705289 -0.03019573 0.20113948 0.4873209 -0.03289889 0.20077011 0.49157286 -0.02448414 0.20122609 0.47938666 -0.02594636 0.19894066 0.47744367 -0.01015134 0.20370226 0.47448546 -0.01797758 0.2034467 0.47829282 -0.02663877 0.20220891 0.48455504 -0.02713647 0.20233157 0.48591974 -0.03550263 0.19975851 0.49544245 -0.03814328 0.19845577 0.50043249 -0.03850062 0.19810823 0.50931484 -0.03901315 0.19667889 0.51607889 -0.03834009 0.19494784 0.52360076 -0.03499792 0.19455822 0.53026617 -0.01257681 0.1920194 0.5494141 -0.00535169 0.1911342 0.55187106 -0.00970553 0.18241292 0.55764043 -0.02283798 0.18576443 0.55083966 -0.01827988 0.18281454 0.554829 -0.01434338 0.18531078 0.55475116 -0.00957769 0.18842137 0.55370271 -0.01723621 0.18907684 0.5508334 -0.0343618 0.1919603 0.53525442 -0.03053213 0.19066614 0.54078054 -0.035844 0.19793156 0.49008867 -0.03905992 0.19118367 0.52941227 -0.04085284 0.19438368 0.49565482 -0.03530198 0.19662826 0.48649025 -0.03858655 0.19543102 0.49129504 -0.01792712 0.20202491 0.47538641 -0.01080507 0.20215826 0.4721081 -0.02025962 0.19985488 0.47400865 -0.01501903 0.20045744 0.47177443 -0.01008925 0.20085764 0.47031534 0.03114982 0.18417922 0.54637504 0.03220696 0.18438005 0.54544985 -0.03099655 0.18414807 0.54643077 -0.03210829 0.18435879 0.54558998 -0.03218134 0.19765672 0.48254439 -0.03131009 0.19785744 0.48173887 0.00062461 0.20181578 0.467998 -0.00013428 0.18261173 0.55992126 0.00847705 0.18271585 0.55915916 0.01514612 0.18296276 0.55732977 0.02198974 0.18338831 0.5543626 0.02878594 0.1840729 0.54978967 0.03337852 0.18475512 0.54550713 0.03666303 0.18538769 0.54164255 0.04050976 0.18641287 0.53571492 0.04353883 0.18772174 0.5286262 0.04542885 0.18921378 0.52099609 0.04593211 0.19075318 0.5135482 0.04555196 0.19194523 0.50800854 0.04404245 0.19357479 0.5006839 0.04061347 0.19553128 0.49238986 0.03642147 0.19711883 0.48590654 0.03189944 0.19772945 0.48222312 0.03125043 0.19855282 0.48025054 0.02679588 0.19948897 0.47663519 0.02072753 0.20048048 0.47290608 0.01304039 0.20129678 0.46987244 0.00657519 0.20168294 0.4684636 -0.02900613 0.19907904 0.47827554 -0.03517138 0.19752181 0.48435992 -0.03889819 0.19626187 0.48945436 -0.04225434 0.19470385 0.49594808 -0.04457686 0.19315237 0.50264567 -0.04582147 0.19139372 0.51060236 -0.04584874 0.19011536 0.51664078 -0.04525315 0.18905923 0.52181649 -0.04406857 0.18805625 0.52691424 -0.04165843 0.18683271 0.53342575 -0.03673693 0.18539362 0.54162925 -0.03161753 0.18447167 0.54727727 -0.02557505 0.18370685 0.55219793 -0.01858192 0.183155 0.55599296 -0.01258527 0.18285516 0.55814236 -0.00719684 0.18269078 0.55933607 -0.02256593 0.20022178 0.47392854 -0.01507785 0.20114236 0.47048163 -0.0059452 0.20171657 0.46838328 -0.0012615 0.19957303 0.46616277 0.0043312 0.20030452 0.4669036 0.03442921 0.19257399 0.47972018 0.0370436 0.1935114 0.4830142 0.03960394 0.19145845 0.48596641 0.01072554 0.18031126 0.55977696 0.00460111 0.17992899 0.56085443 0.01917322 0.18065186 0.5569557 0.03017869 0.18069892 0.55058008 0.04360121 0.19225949 0.49497196 0.03840961 0.19450885 0.48582354 0.03236163 0.19620472 0.4789297 0.02465597 0.19822213 0.47344607 0.01850945 0.19896281 0.47025102 0.01232643 0.19961376 0.46808025 -0.00149842 0.17969647 0.56115615 0.00520734 0.19785374 0.46584496 0.00980029 0.19770783 0.46658528 0.02229762 0.17534423 0.55696344 0.02689443 0.17894711 0.55345702 0.01529162 0.17666368 0.55959934 0.00597333 0.17620319 0.56175876 -0.00177744 0.17449677 0.56237906 0.04603599 0.1899918 0.50074369 0.04720989 0.18874249 0.50636351 0.04780187 0.18739372 0.5114392 0.04698308 0.18757829 0.51783907 0.04566302 0.18582931 0.52586687 0.04302089 0.18443687 0.53317356 0.03967445 0.18283333 0.53973329 0.03522271 0.18054688 0.54608047 0.02834613 0.19498515 0.47465351 0.04346854 0.18986127 0.49236619 0.0374205 0.17691454 0.54485726 0.03152394 0.17481153 0.55085146 0.02721144 0.17429486 0.55412465 0.01706904 0.17299853 0.55939454 0.0107818 0.17221597 0.56133968 0.00373791 0.17226002 0.56235135 0.04613617 0.18125504 0.52871716 0.04747166 0.18113758 0.52387309 0.04817084 0.18374923 0.51885533 0.04846415 0.18420079 0.51195353 0.04771641 0.18617594 0.50509799 0.04601271 0.18782023 0.49865925 -0.00033306 0.19722414 0.46546757 0.01437841 0.19697531 0.46770006 0.01910696 0.19662769 0.46948946 0.02275113 0.19563772 0.47112894 0.04381565 0.17957364 0.53461915 0.04152985 0.17854419 0.53890294 -0.00813249 0.20004821 0.46732348 -0.01371826 0.19940843 0.46846473 -0.02023597 0.19881296 0.47098973 -0.02829764 0.19738834 0.47579694 -0.04018272 0.19390461 0.48848629 -0.04364755 0.19182158 0.4945066 -0.02969833 0.18106991 0.55069387 -0.03453485 0.18168963 0.54629529 -0.01479715 0.18009001 0.55876899 -0.00856058 0.17815703 0.56094944 -0.03023764 0.19402903 0.4759793 -0.03652599 0.19225155 0.48190704 -0.03427293 0.19502786 0.48027426 -0.01541894 0.17584607 0.55973876 -0.02382362 0.17940988 0.55516493 -0.0458746 0.18972692 0.49965838 -0.04695552 0.18907018 0.5048601 -0.02595645 0.19562384 0.47304979 -0.01081866 0.19757149 0.4667615 -0.00524196 0.19798237 0.4658789 -0.04035291 0.18302543 0.53864723 -0.04435055 0.18487084 0.53018302 -0.04663704 0.18684398 0.52113986 -0.04715112 0.18887828 0.5118506 -0.00706469 0.1724335 0.56199557 -0.04432135 0.18944676 0.49421743 -0.04089039 0.19087672 0.48784918 -0.0150252 0.17152455 0.56018847 -0.02214117 0.17427877 0.55710822 -0.04266239 0.17755431 0.53717965 -0.03839753 0.17769262 0.54352874 -0.04335454 0.18077706 0.53502846 -0.0462399 0.1799065 0.52874213 -0.04659765 0.18292011 0.52616215 -0.04813955 0.18299589 0.51985365 -0.04818984 0.18597122 0.50905222 -0.04702511 0.18703923 0.50212365 -0.02853026 0.17517182 0.55322897 -0.03407523 0.17626512 0.54842579 -0.04843168 0.18494236 0.51316321 -0.01895873 0.19660574 0.46934023 0.01080233 0.19448647 0.46655747 0.00224704 0.19500801 0.46539178 0.02587279 0.19158646 0.47280273 0.03293271 0.18905969 0.47824618 0.01872583 0.19327512 0.46915492 0.03739036 0.18686444 0.48304924 0.04121654 0.18430513 0.4885433 0.04846863 0.17269351 0.51356733 0.04392586 0.18185768 0.49382362 0.04579986 0.1796623 0.49860966 0.04745426 0.17679606 0.50477964 0.04828236 0.17413878 0.51045668 -0.0321414 0.18942161 0.47749671 -0.025299 0.19172637 0.47248858 -0.01992123 0.19303674 0.46968916 -0.00483831 0.19492267 0.46559629 -0.01324954 0.1941705 0.46721175 -0.0476863 0.17619848 0.50603706 -0.03750142 0.18678954 0.4831892 -0.04069741 0.18467677 0.48774391 -0.04285665 0.18289752 0.49158537 -0.04513207 0.18052936 0.4967052 -0.04837549 0.17368999 0.51143509 -0.04675474 0.17823309 0.50180686 -0.04845759 0.17190756 0.51528448 0.03255975 0.15590951 0.54992944 0.03750449 0.15831076 0.54472518 0.04345092 0.16257088 0.53544611 0.04088467 0.16047642 0.54001236 0.04571383 0.16504133 0.53017354 0.04730771 0.16763899 0.52454048 0.04826643 0.17032894 0.51876962 -0.01854327 0.15177768 0.55876523 -0.01394375 0.15110479 0.56046635 -0.00828621 0.15041681 0.56171101 -0.00366929 0.15023099 0.56234491 0.00090553 0.15008676 0.56242156 0.00697235 0.15038763 0.56200045 0.01230005 0.15081474 0.56084794 0.01739559 0.15160042 0.55921787 0.02280847 0.15273945 0.55677527 0.02784845 0.15415755 0.55363315 -0.02494748 0.15329839 0.55556506 -0.03007417 0.15492161 0.55197531 -0.03353555 0.15638578 0.54902047 -0.03666705 0.15785326 0.54565698 -0.04025852 0.16002375 0.54103637 -0.04318495 0.16233394 0.53598452 -0.04520559 0.16443273 0.53143787 -0.04701529 0.16701859 0.52590984 -0.04806836 0.16963342 0.52019757 -0.04567356 0.17627802 0.50551379 -0.04317346 0.18057099 0.49642688 -0.00351136 0.19399175 0.46738839 0.00574129 0.193887 0.46763059 0.01726187 0.19252102 0.47059706 -0.01091605 0.19342616 0.4686324 -0.01692646 0.19254011 0.47052613 -0.02133452 0.19163306 0.47249806 -0.02705453 0.19002776 0.47593746 -0.03976005 0.18354887 0.48982161 -0.0369433 0.18554325 0.48559639 -0.00225718 0.15067272 0.56087804 0.00740344 0.15088592 0.56047916 0.01572449 0.15191327 0.55821621 0.02415553 0.15368944 0.55450761 0.02318106 0.19114809 0.47349206 0.03075469 0.18866514 0.47889051 -0.01061794 0.15121312 0.55967468 -0.01792957 0.15230158 0.55744487 -0.02571183 0.15417895 0.55338436 -0.03654398 0.15879565 0.5434227 -0.039958 0.16105671 0.53853106 -0.04238723 0.16317894 0.53393435 -0.04476665 0.16600539 0.52786654 -0.0466228 0.17306033 0.51253211 0.04490624 0.17779699 0.50228155 0.04659516 0.1732164 0.51220822 0.03635415 0.18586367 0.48487395 0.03885798 0.1842286 0.48840287 0.04143566 0.18210974 0.49297228 0.03072172 0.15600926 0.54934406 0.03590431 0.15841271 0.54425013 0.03934808 0.16069384 0.53906035 0.04363877 0.16446866 0.53115207 0.04625367 0.16879447 0.52185714 -0.04325493 0.17989051 0.49725795 -0.03237436 0.1879136 0.48037255 0.027078 0.18988289 0.47603127 0.01397486 0.19289926 0.46951467 0.04328967 0.17997018 0.49734527 0.04579644 0.175776 0.50643462 0.0336502 0.18721566 0.48176438 -0.04580413 0.16820769 0.5227387 -0.04654938 0.17179883 0.51485014 -0.04628927 0.16979697 0.51896024 -0.04383262 0.16477312 0.52968478 -0.04049375 0.16132317 0.53703177 -0.03662432 0.15868783 0.54271042 -0.03332227 0.15708694 0.54660833 -0.02686138 0.15439692 0.55202395 -0.02295863 0.15321106 0.55449057 -0.01888986 0.15224731 0.55654109 -0.01373938 0.15132795 0.55848992 -0.00794243 0.15078279 0.55990118 -0.0034612 0.15040581 0.56041342 -0.03053357 0.15578149 0.54916203 0.00229008 0.1504534 0.56053859 0.04655179 0.17175549 0.51495862 0.00798789 0.15078233 0.55989301 0.02673616 0.1544295 0.55217695 0.03052488 0.15566725 0.5491128 0.04343906 0.16430365 0.53068173 0.04523597 0.16697828 0.52498895 0.01336994 0.15127102 0.55861056 0.01882149 0.15221839 0.556566 0.04619854 0.16951308 0.51968145 0.04156712 0.16241574 0.53498846 0.03663972 0.15870474 0.54269588 0.03363006 0.15720293 0.54623634 0.02363093 0.15345579 0.55415142 -0.04643127 0.17032433 0.5120126 -0.03278781 0.18473893 0.48092097 -0.03686428 0.18257885 0.48563549 -0.03898261 0.18109716 0.48879424 -0.04156046 0.17894639 0.49343726 -0.04378554 0.17643288 0.49891353 -0.04546496 0.17360088 0.50503284 -0.02412508 0.18788837 0.47411793 -0.01696455 0.18952097 0.47057581 -0.02846325 0.18648842 0.47711846 -0.00805033 0.19070877 0.46803409 -0.00014409 0.19101147 0.4673557 0.04627677 0.17115895 0.51026404 0.04530261 0.173868 0.50441819 0.04360406 0.17667937 0.49833548 0.04110326 0.17936204 0.49255407 0.03838502 0.18155681 0.48781061 0.03437646 0.18395668 0.48260933 0.0289468 0.18635316 0.47742519 0.02198202 0.18844734 0.47289455 0.01557425 0.18977648 0.47007304 0.00773145 0.190716 0.46799675 0.04646933 0.16902092 0.51491517 0.04612875 0.16684294 0.51956671 0.04527027 0.16457306 0.52447653 0.04375764 0.16215761 0.52969635 0.041464 0.15973142 0.5349443 0.03935803 0.15804893 0.53874147 0.03684122 0.15632324 0.5422976 0.03440324 0.1549805 0.54517603 0.03114752 0.15348132 0.54849917 0.02628687 0.15169092 0.55228347 0.02279674 0.1507647 0.55451107 0.01839628 0.14968573 0.55663699 0.01346976 0.14886689 0.55848527 0.00797032 0.14826147 0.5597465 0.00353659 0.14809185 0.56035793 -0.00239545 0.14802851 0.56045163 -0.00796002 0.14824644 0.55973554 -0.01347129 0.14886728 0.55847561 -0.01933551 0.1498699 0.55621552 -0.02302106 0.15081993 0.55437845 -0.0267195 0.15185528 0.55200016 -0.03117085 0.15349069 0.54846752 -0.03578688 0.15571952 0.54367739 -0.03918433 0.15786654 0.53894508 -0.04208496 0.16030356 0.53375268 -0.04410266 0.16268966 0.5287056 -0.04526548 0.16456398 0.52446884 -0.04627302 0.16733243 0.51854676 0.00043063 0.14791816 0.5603528 -0.03404278 0.15570666 0.54374707 -0.03052953 0.15398189 0.54739475 -0.01743165 0.15007773 0.55575943 -0.01106553 0.14909531 0.5578984 -0.0043169 0.14855054 0.55904609 0.00245362 0.14849842 0.55919427 0.00897172 0.1488751 0.55835116 -0.02457929 0.15179712 0.55205768 0.03265732 0.15493785 0.54529846 0.02877742 0.15327638 0.54891098 0.02420875 0.15171713 0.55221426 0.01460877 0.14957865 0.55682361 0.01943659 0.15049182 0.55486715 -0.02192594 0.18783355 0.47436562 -0.03013815 0.18512964 0.48019028 -0.00451299 0.19035192 0.46890497 -0.01563842 0.18915081 0.47145402 0.01045821 0.18988639 0.46992761 0.00182502 0.19044752 0.46873751 -0.01093782 0.18987188 0.47005844 0.04205676 0.17721823 0.49724579 0.0438653 0.17465125 0.50276536 0.04018769 0.1791186 0.49316335 0.03638512 0.18195076 0.48703122 0.03413479 0.18323828 0.48424917 0.04458487 0.16586375 0.52172118 0.04361993 0.16387996 0.52601016 0.04202347 0.16167569 0.53077197 0.03935923 0.15906648 0.53639865 0.03570177 0.15656818 0.54177743 0.03122009 0.18465896 0.48121223 -0.03639546 0.18194774 0.48703104 -0.04116197 0.17818035 0.49514633 -0.04393295 0.17453359 0.50303513 -0.04487927 0.17216116 0.50813681 -0.04526778 0.16959617 0.51368099 -0.04459468 0.16588199 0.52167439 0.02786784 0.18598542 0.4783026 0.02074545 0.18812384 0.47374392 -0.037966 0.15803087 0.53865075 -0.04230387 0.16198879 0.53007376 0.01643861 0.18899935 0.47173333 -0.04362417 0.16384421 0.52604473 0.04481448 0.17243171 0.50755411 0.04512994 0.16790824 0.51730323 0.01528154 0.18938757 0.47142404 0.00550956 0.19034448 0.46908653 0.04521841 0.16999923 0.51289529 0.02410607 0.18728533 0.47572124 0.03816942 0.18083487 0.48977375 -0.01755204 0.18897893 0.47231829 -0.00121301 0.19062893 0.46880996 -0.04509618 0.1680138 0.51727569 -0.04039114 0.16010301 0.53431708 -0.02600075 0.18669611 0.47698244 -0.03339861 0.1836707 0.48346305 -0.03937351 0.17984354 0.49173841 -0.04254048 0.17665181 0.49857923 0.03233105 0.17707825 0.54224384 -0.02697942 0.17706858 0.54246467 -0.00086824 0.08500001 0.51892412 -0.00447897 0.08500001 0.56234962 -0 0.08500001 0.51899999 0.00797959 0.08500001 0.56200016 0.00086824 0.08500001 0.51892412 -0.02753104 0.08500001 0.47380987 -0.0025 0.08500001 0.5096699 -0.0017101 0.08500001 0.50930154 -0.00086824 0.08500001 0.50907594 -0.01248071 0.08500001 0.46691048 -1.6E-07 0.08500001 0.46549937 -0 0.08500001 0.509 0.00536781 0.08500001 0.46573216 0.00086824 0.08500001 0.50907594 -0.0017101 0.08500001 0.51869845 -0.01411932 0.08500001 0.56045854 -0.04818644 0.08500001 0.50814658 -0.005 0.08500001 0.514 -0.00492404 0.08500001 0.51313174 -0.03940695 0.08500001 0.48535931 -0.00383022 0.08500001 0.51078612 -0.00321394 0.08500001 0.5101698 0.0017101 0.08500001 0.50930154 0.01405229 0.08500001 0.46753755 0.0025 0.08500001 0.5096699 0.02532095 0.08500001 0.47237977 -0.0025 0.08500001 0.51833016 -0.02318279 0.08500001 0.55666506 -0.00383022 0.08500001 0.51721394 -0.03307352 0.08500001 0.54969072 -0.00321394 0.08500001 0.51783025 -0.0485 0.08500001 0.514 -0.04792878 0.08500001 0.52178323 -0.00492404 0.08500001 0.51486832 -0.00469846 0.08500001 0.51571018 -0.00469846 0.08500001 0.51228988 -0.04597185 0.08500001 0.49819577 0.0017101 0.08500001 0.51869845 0.02198297 0.08500001 0.55741006 0.0025 0.08500001 0.51833016 0.00321394 0.08500001 0.51783025 -0.00433013 0.08500001 0.5115 0.00321394 0.08500001 0.5101698 0.00383022 0.08500001 0.51078612 0.03369607 0.08500001 0.47911686 -0.00433013 0.08500001 0.5165 -0.04097548 0.08500001 0.54005295 -0.04538101 0.08500001 0.53127164 0.00492404 0.08500001 0.51313174 0.0479438 0.08500001 0.50543308 0.00469846 0.08500001 0.51228988 0.005 0.08500001 0.514 0.03397036 0.08500001 0.5488382 0.00383022 0.08500001 0.51721394 0.00433013 0.08500001 0.5115 0.03771157 0.08500001 0.4834376 0.04336985 0.08500001 0.49203452 0.00492404 0.08500001 0.51486832 0.0480607 0.08500001 0.52092206 0.0485 0.08500001 0.514 0.00433013 0.08500001 0.5165 0.04568357 0.08500001 0.5304547 0.00469846 0.08500001 0.51571018 0.04143631 0.08500001 0.53931361 -0.04844656 0.07800001 0.51846755 -0.0480926 0.07800001 0.50741953 -0.04493269 0.07800001 0.49517897 -0.03736727 0.07800001 0.48290491 -0.02654822 0.07800001 0.47315392 -0.01133669 0.07800001 0.46662202 -8E-08 0.07800001 0.4654997 0.04851145 0.07800001 0.51182324 0.04792878 0.07800001 0.52178323 0.04538101 0.07800001 0.53127164 0.04097548 0.07800001 0.54005295 0.03307352 0.07800001 0.54969072 0.02318279 0.07800001 0.55666506 0.01411932 0.07800001 0.56045854 0.00447897 0.07800001 0.56234962 -0.00797959 0.07800001 0.56200016 -0.02198297 0.07800001 0.55741006 -0.03397036 0.07800001 0.5488382 -0.04143631 0.07800001 0.53931361 -0.04568357 0.07800001 0.5304547 -0 0.07800001 0.46550003 4.9E-07 0.08500001 0.46546468 0.00569682 0.07800001 0.46574673 0.01475886 0.07800001 0.46775714 0.02447388 0.07800001 0.47199449 0.03582506 0.07800001 0.48099425 0.04383382 0.07800001 0.49297583 0.04720961 0.07800001 0.50270826 -0 0.07800001 0.509 0.00086824 0.07800001 0.50907594 0.0025 0.07800001 0.5096699 0.0017101 0.07800001 0.50930154 -0.00086824 0.07800001 0.50907594 -0.0017101 0.07800001 0.50930154 -0.0025 0.07800001 0.5096699 -0.0017101 0.07800001 0.51869845 -0.0025 0.07800001 0.51833016 -0.00321394 0.07800001 0.51783025 -0.00086824 0.07800001 0.51892412 -0 0.07800001 0.51899999 0.0017101 0.07800001 0.51869845 0.00086824 0.07800001 0.51892412 0.00383022 0.07800001 0.51078612 0.00321394 0.07800001 0.5101698 0.0025 0.07800001 0.51833016 0.00383022 0.07800001 0.51721394 0.00321394 0.07800001 0.51783025 0.005 0.07800001 0.514 0.00492404 0.07800001 0.51313174 0.00469846 0.07800001 0.51228988 -0.00321394 0.07800001 0.5101698 -0.00383022 0.07800001 0.51078612 0.00433013 0.07800001 0.5115 -0.00383022 0.07800001 0.51721394 0.00492404 0.07800001 0.51486832 0.00469846 0.07800001 0.51571018 -0.00433013 0.07800001 0.5165 -0.00469846 0.07800001 0.51571018 -0.00492404 0.07800001 0.51486832 0.00433013 0.07800001 0.5165 -0.00433013 0.07800001 0.5115 -0.00469846 0.07800001 0.51228988 -0.00492404 0.07800001 0.51313174 -0.005 0.07800001 0.514 -0 0.07800001 0.509 -0 0.08500001 0.51899999 0.00245497 0.14252476 0.46450001 -0.00455961 0.13573359 0.46450001 -0.0049497 0.13919465 0.46450001 -0.00163202 0.13311772 0.46450001 0.00226654 0.13344045 0.46450001 0.00466707 0.13596404 0.46450001 0.00488389 0.13944027 0.46450001 -0.0023327 0.14266519 0.46450001 -0.00245497 0.14252476 0.45450002 -0.02997348 0.1762455 0.45449987 -0.02010538 0.1822286 0.45450005 -0.00905357 0.18571809 0.45450044 0.0023327 0.14266519 0.45450002 0.0023372 0.18654203 0.45449999 -0.00488389 0.13944027 0.45450002 -0.04778302 0.14650993 0.45450041 -0.04440534 0.15767595 0.4545005 -0.00466707 0.13596404 0.45450002 -0.03991472 0.11044887 0.45450002 -0.04439086 0.11829536 0.45450047 0.00207431 0.13321434 0.45450002 0.03013185 0.099888 0.45450005 0.02021629 0.09383713 0.45450053 -0.03844195 0.16774064 0.4544999 -0.04774456 0.12913048 0.45450035 -0.04855106 0.1384877 0.45450363 -0.00226654 0.13344045 0.45450002 -0.02510512 0.09635124 0.45449916 -0.0344125 0.10373442 0.45450038 0.00942637 0.09034251 0.45450032 -0.00234191 0.08945667 0.45449993 -0.01394632 0.09145026 0.45449993 0.04149795 0.16322808 0.45450032 0.0049497 0.13919465 0.45450002 0.00470448 0.13616925 0.45450002 0.04176499 0.11323315 0.4545005 0.03630278 0.10583857 0.45450002 0.02521636 0.17950353 0.45450038 0.03430197 0.17238948 0.45450047 0.04642292 0.15248196 0.45449916 0.04853398 0.13992541 0.45450479 0.01442173 0.18442997 0.45449948 0.04775584 0.12915288 0.45450026 0.04515636 0.120271 0.45450139 -0 0.18678109 0.46348494 -0 0.186867 0.46360719 0.00369939 0.18717597 0.46409768 0.04849947 0.17300278 0.51236087 0.0480081 0.15940091 0.50579602 0.04709658 0.16662672 0.50186121 0.04311908 0.18246417 0.49184757 0.04719866 0.17710021 0.50347632 0.04510916 0.17195036 0.49583265 0.02314183 0.18122381 0.46588311 0.02271393 0.18095632 0.46321172 0.01661867 0.18361601 0.46308255 0.01699484 0.18407473 0.46516764 0.01167166 0.18516786 0.46332866 0.01238011 0.18561818 0.46464506 0.00788235 0.18681896 0.46447244 0.00721558 0.18605325 0.46327919 3E-08 0.18704367 0.46380734 -1E-08 0.1873422 0.46403968 -0 0.18741593 0.4640865 4E-08 0.18768702 0.46424097 5.1E-07 0.18669423 0.46315953 0.02248044 0.18245682 0.46733057 0.02134191 0.18479401 0.46839893 0.01329215 0.18696909 0.46589056 -0 0.18827784 0.46448344 1E-08 0.18898867 0.46469614 0.00585009 0.18940103 0.46512672 0.04768571 0.15379293 0.49698129 0.04634225 0.15999629 0.49260041 0.03509092 0.17760642 0.47687063 0.03580064 0.17452031 0.47514486 0.02921347 0.1804007 0.47164279 0.03225697 0.18197939 0.47593465 0.02779047 0.18361852 0.47237352 0.0202339 0.18826237 0.46913484 0.01526212 0.18858612 0.46715498 0.04056695 0.16972312 0.48004049 0.0404785 0.17292619 0.48319939 0.04480869 0.16066529 0.48299596 0.04458314 0.16592279 0.48944348 0.0431053 0.17510363 0.49100855 0.03693979 0.1814585 0.4816345 0.03048223 0.18628448 0.47564468 0.02510971 0.18823108 0.47196734 0.01803079 0.19310063 0.46882373 0.02656643 0.19107677 0.47321093 0.03382122 0.18838049 0.47904259 0.03845924 0.18587185 0.48447064 0.04049622 0.17829919 0.4865045 0.00996152 0.19423039 0.46637765 0.04788822 0.14723125 0.48480904 0.04686601 0.15333401 0.48309341 0.04308543 0.16044983 0.463862 0.04300781 0.16146085 0.47167397 0.04640218 0.15258299 0.46823367 0.04779812 0.14659584 0.47240311 0.03017743 0.17610878 0.46358883 0.0316436 0.17546472 0.46744338 0.03751657 0.16897348 0.46401554 0.03894676 0.16788551 0.47010371 0.03077124 0.17730859 0.47006443 0.03777735 0.17064664 0.47343302 0.04230515 0.16481523 0.47767705 -4.75E-06 0.19470209 0.465307 -0 0.19092295 0.46504211 -0.03939107 0.18530795 0.48568991 -0.04402079 0.17735113 0.49358934 -0.04397657 0.18159309 0.493743 -0.04806269 0.16389036 0.50757933 -0.04731322 0.17673767 0.50424212 -0.04696737 0.16507423 0.50040227 -0.04738982 0.15163906 0.48622334 -0.04806015 0.14514983 0.48656109 -0.04763232 0.15534492 0.49862847 -0.0033578 0.18645115 0.46308738 -3E-08 0.18661514 0.46314487 -1E-08 0.1865159 0.4626421 -0 0.18693957 0.46369508 -0.006186 0.18625361 0.46339116 -0.01905299 0.18321466 0.46541038 -0.01465345 0.18478891 0.46467662 -0.01419305 0.18450487 0.46328181 -0 0.18792549 0.46434787 -0.00492686 0.18711871 0.46415472 -0 0.18714322 0.46389177 -0.01508594 0.1859659 0.4659923 -0.00998678 0.18705854 0.46499985 -0.0032509 0.18942265 0.46495214 -0.01033008 0.18597592 0.46428198 -0 0.18868534 0.46461159 -0.02091551 0.18313205 0.46685606 -0.02388961 0.18086573 0.4663974 -0.00928093 0.1895586 0.4657588 -0.006484 0.19453973 0.46570987 -0.04531223 0.16124092 0.48732325 -0.0463554 0.16013494 0.49263051 -0.04478842 0.16768181 0.49211866 -0.03079004 0.18086961 0.47376397 -0.02591539 0.18232366 0.47016454 -0.03166647 0.17786136 0.47219455 -0.02412114 0.1879663 0.47132614 -0.02037211 0.18655005 0.46875608 -0.02798416 0.18604557 0.47358236 -0.04267085 0.16655768 0.4825359 -0.04151135 0.17154402 0.48458207 -0.03912624 0.17029242 0.47710648 -0.03644963 0.17713554 0.47863808 -0.03635224 0.17338997 0.47492874 -0.01520584 0.18860883 0.46716285 -0.01698694 0.19329871 0.46839219 -0.0485376 0.17234668 0.51378375 -0.02638913 0.19112547 0.47310406 -0.03365405 0.18845463 0.47888139 -0.03333864 0.18382229 0.47786835 -0.03906699 0.17941876 0.48424518 -0.04318971 0.17352022 0.4904131 -0.04746873 0.14825642 0.4703933 -0.04589935 0.15538439 0.47692001 -0.04576466 0.15437698 0.46621877 -0.04412268 0.16055366 0.47771895 -0.0219939 0.18130276 0.46313632 -0.02855394 0.17748311 0.46568853 -0.03355447 0.17389734 0.46898016 -0.03357098 0.17315505 0.46371084 -0.03880322 0.16806379 0.47000328 -0.03880632 0.16719139 0.46383488 -0.04251048 0.16157287 0.46612248 -0.02839543 0.17860998 0.46850601 -0.04198772 0.16446768 0.47567326 -0.00339897 0.08956618 0.46274614 0 0.08942767 0.4627839 3E-08 0.08917266 0.46336946 -0.02761912 0.09333163 0.47178391 -0.03340901 0.09748451 0.47526458 -0.03262866 0.09951442 0.47178429 -0.02090464 0.09069825 0.46852413 -0.02721158 0.09574248 0.46909988 -0 0.08902476 0.46357539 -0 0.08884442 0.46379301 -0.00477708 0.08933246 0.46353903 -0.04792837 0.12664251 0.50590241 -0.04692418 0.12674788 0.49483833 -0.04538665 0.11557212 0.49340892 -0.0479927 0.08500002 0.50599378 -0.04847375 0.10955144 0.51202965 -0.04580352 0.09403048 0.49791056 -0.04704046 0.1012693 0.50176704 -0.04557846 0.10962146 0.4959501 -0.04367048 0.09198578 0.49274856 -0.04431766 0.10741096 0.49192536 -0.04261345 0.09971152 0.4893468 -0.0430114 0.10604942 0.48824808 -0.04792687 0.10633717 0.50651616 -0.04330616 0.11137587 0.48532003 -0.04062209 0.10160246 0.48462489 -0.04067387 0.10672556 0.48107651 -0.03764636 0.10179576 0.47872618 -0.03859689 0.10633912 0.47464004 -0.04279151 0.11347558 0.47806576 -0.03221907 0.10096624 0.46764344 -0.03797658 0.10766815 0.46492758 -0.03110074 0.10059871 0.46436903 -0.0382003 0.10724154 0.47016954 -0.0450263 0.11823981 0.48630583 -0.04284839 0.11498496 0.47078496 -0.04556406 0.12148999 0.47880584 -0.04748073 0.12783423 0.46584293 -0.04717962 0.12948275 0.48757452 -0.04835561 0.13411255 0.46700907 -0 0.0885977 0.46404397 -0.00497053 0.08666086 0.46553701 -0.01142999 0.09003076 0.46439475 -0.01244276 0.08858551 0.46594706 -0.01673661 0.09139284 0.46539009 -4E-08 0.08684032 0.46519068 -0.02142654 0.09233852 0.46746472 -0.01644884 0.09223425 0.46339425 -0 0.08945762 0.46263424 0 0.08949798 0.46221897 -0.00947291 0.09034982 0.46298799 -0.02521808 0.09584661 0.46597552 -0.02335248 0.09536509 0.46384481 -0.01180904 0.08500268 0.46674496 -9.2E-07 0.08607681 0.46536458 -0.01255159 0.08652981 0.46694633 -0.02433982 0.08966593 0.47127014 -0.01901828 0.08727543 0.46917558 -0.02560107 0.08754691 0.47261706 -0.04433636 0.08499995 0.49415812 -0.04021348 0.08500382 0.48678523 -0.03982345 0.09176305 0.48606974 -0.03687952 0.09069541 0.48226038 -0.0321389 0.08501817 0.47768259 -0.02373614 0.08500025 0.47162324 -0.02994889 0.090652 0.47516572 -0.03331818 0.09274483 0.4777784 -0.03653777 0.09726912 0.47976077 0.04478813 0.11903249 0.47869357 0.0457416 0.12083897 0.48889107 0.04363211 0.11327461 0.48457405 0.03889208 0.10447919 0.47880533 0.03406955 0.09925165 0.47455859 0.03398794 0.10124634 0.47162428 0.04847626 0.10882395 0.512146 0.04813112 0.08499976 0.50734544 0.04407561 0.10748415 0.49111998 0.04635255 0.10999671 0.49898326 0.04581916 0.09437636 0.49793634 0.04369799 0.09492046 0.49263531 0.04125385 0.10159785 0.48573565 0.04797041 0.10468006 0.50671577 0.04810205 0.11883081 0.50874269 0.04483093 0.11390603 0.49077886 0.0417228 0.1074512 0.48356339 0.03748092 0.09708138 0.48130685 0.0326859 0.09540319 0.47568119 0.04771458 0.12796246 0.50295848 0.04169843 0.11068916 0.47879463 0.03886646 0.10803302 0.47141084 0.03460078 0.10322571 0.46854359 0.03395927 0.10322609 0.46460405 0.03907492 0.10912571 0.46637446 0.041805 0.113176 0.47005638 0.04640361 0.12495463 0.48212463 0.04760272 0.13312294 0.49215704 0.04584976 0.12225476 0.46900573 0.04366239 0.1159329 0.47772256 0.04765302 0.12886181 0.46620023 0.04838078 0.13430484 0.46618053 1.5E-06 0.08801217 0.46443784 0.00459583 0.08888433 0.4640137 -0 0.08870402 0.46393985 0.01784916 0.09052912 0.46689382 0.01904118 0.0925124 0.46525967 0.02088151 0.09181216 0.46766302 0.02690741 0.09505986 0.46954641 0.02780341 0.09742574 0.4669022 0.02330405 0.09530906 0.46417186 0.01057376 0.08906221 0.46509677 0.01087511 0.0906419 0.46313751 0.00463622 0.08963764 0.46280816 -0 0.08930399 0.46312323 0.01655372 0.09230518 0.46320152 0.02906284 0.09908184 0.46435377 0.007599 0.0862163 0.46594623 0.00670159 0.08499815 0.46586508 0.01944444 0.08499988 0.46937934 0.01462114 0.0871942 0.46741265 0.02273531 0.08787458 0.47081587 0.02884194 0.08500017 0.47493222 0.02908917 0.08798249 0.47506514 0.03449533 0.08804595 0.47974434 0.03968218 0.08500014 0.48570612 0.04038447 0.09166419 0.486837 0.04572225 0.08499993 0.4976038 0.03589933 0.09291738 0.48061386 0.03098203 0.09111103 0.4758848 0.0260239 0.09170453 0.47150919 0.04823379 0.14217854 0.50509232 0.04810467 0.14216302 0.49360034 0.00558656 0.1499669 0.56229472 0.00108806 0.16992514 0.51904041 -0.00580835 0.14998919 0.56224722 -0.01716203 0.15125732 0.55949754 -0.00254957 0.17022967 0.51838064 -0.02778852 0.15385628 0.55386424 -0.03613919 0.15725671 0.54649365 -0.0046794 0.17132092 0.51601589 -0.04543415 0.16432427 0.53117621 -0.0413339 0.16050993 0.53944296 -0.0479708 0.16862293 0.52185929 -0.00488692 0.17287794 0.51264119 -0.00293141 0.17418818 0.50980258 6.35E-06 0.17457646 0.5089612 0.00293287 0.17418644 0.50980639 0.00488393 0.17288008 0.51263666 0.00454887 0.17114069 0.5164063 0.04787173 0.16809516 0.5230037 0.04308662 0.16184255 0.53655571 0.03454342 0.15638819 0.54837632 0.02333055 0.15257709 0.55663675 0.01441367 0.15086687 0.56034404 -0.0482725 0.14706576 0.50617015 -0.04796751 0.13705243 0.49629769 0.01986846 0.08500001 0.55824363 0.01108627 0.08500005 0.56129253 -0 0.08500001 0.51899999 0.00012164 0.08500007 0.56255651 -0.01073192 0.08500023 0.56135851 0.03600924 0.08500004 0.54660332 0.02734546 0.08500002 0.55415523 0.04792927 0.08500012 0.52291536 -0 0.08500001 0.509 -0.04816108 0.0850002 0.52046806 0.04276787 0.08500001 0.53705466 -0.02183049 0.0850001 0.55738062 -0.04507295 0.08500005 0.53208613 -0.03143644 0.08500016 0.55100423 -0.0393695 0.08500022 0.54242277 0.0203549 0.03778601 0.86099756 -0.02425952 0.02883139 0.86099756 -0.02384244 0.01800718 0.86099756 -0.01859367 0.04031385 0.86099756 -0.00143633 0.04838361 0.86099756 -0.01004197 0.04643957 0.86099756 0.00582616 0.04798619 0.86099756 0 0.04850001 0.86099756 0.01441223 0.0439164 0.86099756 0.02114406 0.01116274 0.86099756 0.02445423 0.02147683 0.86099756 0.02384244 0.02999282 0.86099756 0.01378598 0.00364509 0.86099756 0.00548485 -1.697E-05 0.86099756 -0.01073481 0.00188351 0.86099756 -0.00281968 -0.00026257 0.86099756 0 -0.00049999 0.86099756 -0.0192948 0.00852174 0.86099756 -0.01859368 0.00768617 0.58050245 -0.02364458 0.01726875 0.58050245 -0.02444892 0.02775721 0.58050245 -0.00176162 -0.00052087 0.58050245 -0.01004194 0.0015604 0.58050245 0.00673132 0.00035544 0.58050245 0.02168943 0.01210736 0.58050245 0.01441221 0.00408359 0.58050245 0.02452086 0.02223841 0.58050245 0.02364458 0.03073126 0.58050245 0.01859367 0.04031385 0.58050245 0.0017616 0.04852086 0.58050245 0.01004199 0.04643957 0.58050245 -0.00673124 0.04764459 0.58050245 -0.02035489 0.03778601 0.58050245 -0.01441223 0.0439164 0.58050245 -0.00176162 -0.00052087 0.8635 0.00589787 -0.01357491 0.86344844 0.00673132 0.00035544 0.8635 -0.00673124 0.04764459 0.8635 -0.00794752 0.06119083 0.86345065 -0.01457357 0.05907119 0.86344099 -0.01441223 0.0439164 0.8635 -0.01895898 0.05688371 0.86345792 -0.01004194 0.0015604 0.8635 -0.00802354 -0.0131737 0.86345172 -0.00112597 -0.01395459 0.86344379 0.01004199 0.04643957 0.8635 0.01905638 0.05691762 0.86344838 0.01262912 0.05980328 0.86345184 0.0017616 0.04852086 0.8635 -0.01859368 0.00768617 0.8635 -0.02823444 -0.00147817 0.86345065 -0.0230858 -0.00615664 0.86344099 -0.01899863 -0.00886083 0.86345792 -0.01467083 -0.0110279 0.86344033 0.00803227 0.06111468 0.86344182 0.0010813 0.06201744 0.86344957 -0.02364458 0.01726875 0.8635 -0.03346473 0.00592773 0.86344957 0.01859367 0.04031385 0.8635 0.02959192 0.04789516 0.86344844 0.02473253 0.05280256 0.86345261 -0.02035489 0.03778601 0.8635 -0.03548978 0.03767977 0.86344844 -0.02444892 0.02775721 0.8635 -0.03731002 0.03101771 0.86345261 0.02364458 0.03073126 0.8635 0.03620514 0.03563828 0.86345172 0.03343258 0.04200227 0.86344379 -0.03803569 0.02404449 0.86344838 -0.03732112 0.01703554 0.86345184 -0.03615839 0.01239876 0.86344182 -0.02299966 0.05421925 0.86344033 -0.02818162 0.04953542 0.86345172 -0.03230671 0.04395234 0.86344379 0.02168943 0.01210736 0.8635 0.03618196 0.01228733 0.86345065 0.02452086 0.02223841 0.8635 0.03765932 0.01908547 0.86344099 0.03795762 0.02397712 0.86345792 0.03767047 0.02880865 0.86344033 0.01257958 -0.01182082 0.86345029 0.01897877 -0.0089616 0.86344963 0.01441221 0.00408359 0.8635 0.02469196 -0.00483878 0.86345184 0.02812616 -0.00151345 0.86344182 0.03238342 0.00405484 0.86344957 -0.01859367 0.04031385 0.57800001 -0.02959194 0.04789515 0.57805163 -0.02473252 0.05280259 0.57804745 -0.01004197 0.04643957 0.57800001 -0.00143633 0.04838361 0.57800001 -0.00108131 0.06201745 0.57805043 -0 0.04850001 0.57800001 0.00582616 0.04798619 0.57800001 -0.01905639 0.05691764 0.57805169 -0.01262917 0.05980328 0.57804817 -0.00803233 0.06111468 0.57805824 0.00794751 0.06119084 0.57804936 0.01457361 0.05907118 0.57805908 0.01441223 0.0439164 0.57800001 0.01895899 0.05688373 0.57804215 -0.02425952 0.02883139 0.57800001 -0.03620514 0.03563828 0.57804835 -0.03343262 0.04200222 0.57805628 -0.01073481 0.00188351 0.57800001 -0.01897877 -0.00896162 0.57805043 -0.0192948 0.00852174 0.57800001 -0.02469194 -0.00483881 0.57804817 0.02114406 0.01116274 0.57800001 0.02823446 -0.00147815 0.57804936 0.01378598 0.00364509 0.57800001 0.02308577 -0.00615667 0.57805908 0.01899864 -0.00886084 0.57804215 0.00548485 -1.697E-05 0.57800001 0 -0.00049999 0.57800001 -0.00589786 -0.01357493 0.57805163 -0.00281968 -0.00026257 0.57800001 -0.01257961 -0.01182084 0.57804978 0.03346474 0.00592774 0.57805043 -0.02384244 0.01800718 0.57800001 -0.03618196 0.01228733 0.57804936 -0.03765934 0.01908552 0.57805908 -0.03795764 0.02397712 0.57804215 -0.03767049 0.02880859 0.57805973 -0.02812613 -0.00151351 0.57805824 -0.03238342 0.00405483 0.57805043 0.01467089 -0.01102789 0.57805967 0.00802355 -0.0131737 0.57804835 0.00112602 -0.01395459 0.57805628 0.02445423 0.02147683 0.57800001 0.0380357 0.0240445 0.57805169 0.03732114 0.01703557 0.57804817 0.03615842 0.01239882 0.57805824 0.0203549 0.03778601 0.57800001 0.03548978 0.03767979 0.57805163 0.02384244 0.02999282 0.57800001 0.03731004 0.03101768 0.57804745 0.02299962 0.0542193 0.57805973 0.02818162 0.04953542 0.57804835 0.03230669 0.04395239 0.57805628 -0.00238961 0.05131302 0.86099768 0.00589785 0.06157493 0.86105168 0.00477532 0.05108222 0.86099768 0.01166575 0.0490172 0.86099881 -0.01951859 0.04351856 0.86099881 -0.02823444 0.04947817 0.86104941 -0.02308579 0.05415665 0.86105913 -0.01166575 0.0490172 0.86099881 -0.01899861 0.05686083 0.8610422 -0.01467084 0.0590279 0.86105973 -0.00802349 0.06117371 0.86104834 -0.00112592 0.0619546 0.86105633 0.01257949 0.05982088 0.86104977 0.0189788 0.05696159 0.86105049 0.01951859 0.04351856 0.86099881 0.02469196 0.05283879 0.86104822 -0.02501719 0.03566574 0.86099881 -0.03346473 0.04207228 0.86105049 -0.03791468 0.02188289 0.86105621 -0.03771636 0.02881562 0.86103964 -0.02749839 0.0215942 0.86099887 -0.02708222 0.02877533 0.86099881 -0.03615838 0.03560124 0.86105829 -0.02261139 0.00816728 0.86099881 -0.03548978 0.01032025 0.86105168 -0.02584155 0.01459446 0.86099881 -0.03731153 0.01698373 0.86104983 -0.00640485 -0.00293145 0.86099774 -0.00794753 -0.01319082 0.86104941 -0.01457358 -0.01107118 0.86105913 -0.01583264 0.00138856 0.86099881 -0.01895899 -0.00888371 0.8610422 0.02501719 0.03566574 0.86099881 0.03618196 0.03571266 0.86104941 0.02708222 0.02877533 0.86099863 0.03765932 0.02891453 0.86105913 0.02749839 0.0215942 0.86099887 0.03795762 0.02402287 0.8610422 0.02812615 0.04951347 0.86105829 0.03238341 0.04394517 0.86105049 0.02261139 0.00816728 0.86099881 0.0295919 0.00010483 0.86105168 0.01583264 0.00138856 0.86099881 0.02473254 -0.00480253 0.86104745 -0.02299966 -0.00621925 0.86105973 -0.02818162 -0.00153542 0.86104834 -0.03230672 0.00404768 0.86105633 0.00640485 -0.00293145 0.86099774 0.00108125 -0.01401743 0.86105049 -0 -0.00350001 0.86099762 0.01905637 -0.00891763 0.86105168 0.01262919 -0.01180324 0.86104822 0.00803224 -0.01311468 0.86105829 0.03767047 0.01919135 0.86105973 0.03620513 0.01236171 0.86104834 0.02584155 0.01459446 0.86099863 0.03343258 0.00599773 0.86105633 0.01951859 0.04351856 0.58050126 0.02622909 0.05146325 0.580441 0.02088454 0.0557661 0.58046472 0.01166575 0.0490172 0.58050126 0.00640485 -0.00293145 0.58050019 0.01066923 -0.0124467 0.580441 0.01706795 -0.00996961 0.58046472 0.01583264 0.00138856 0.58050126 -0.00640485 -0.00293145 0.58050019 -0.00108126 -0.01401743 0.58044958 0 -0.0035 0.58050001 0.00581824 -0.01351985 0.5804466 -0.01583264 0.00138856 0.58050126 -0.01905637 -0.00891763 0.58044839 -0.01262924 -0.01180324 0.58045185 -0.0080323 -0.01311466 0.58044183 -0 0.05150001 0.58050001 -0.00589783 0.06157493 0.58044845 -0.00238961 0.05131302 0.58050007 -0.01166575 0.0490172 0.58050126 0.02501719 0.03566574 0.58050126 0.03346473 0.04207227 0.58044958 0.02958399 0.0477987 0.5804466 0.0146709 0.05902788 0.58044034 0.0080235 0.06117371 0.58045173 0.00477532 0.05108222 0.58050013 0.00112598 0.0619546 0.5804438 0.03791468 0.02188281 0.58044386 0.03771637 0.02881561 0.58046043 0.02749839 0.0215942 0.58050114 0.02708222 0.02877533 0.58050126 0.03615841 0.03560118 0.58044183 0.02261139 0.00816728 0.58050126 0.03548978 0.01032022 0.58044845 0.02584155 0.01459446 0.58050126 0.03731154 0.01698375 0.5804503 -0.02261139 0.00816728 0.58050126 -0.02959192 0.00010484 0.58044845 -0.02473252 -0.00480255 0.58045262 -0.02749839 0.0215942 0.58050114 -0.03620513 0.01236171 0.58045173 -0.02584155 0.01459446 0.58050144 -0.03343261 0.00599779 0.5804438 -0.02501719 0.03566574 0.58050126 -0.03689841 0.03298347 0.580441 -0.02708222 0.02877533 0.58050144 -0.03795252 0.02620347 0.58046472 -0.03767048 0.01919142 0.58044034 0.02299962 -0.00621928 0.58044034 0.02818162 -0.00153542 0.58045173 0.03230668 0.00404763 0.5804438 -0.01951859 0.04351856 0.58050126 -0.0323834 0.04394519 0.58044958 -0.03540226 0.03772116 0.5804466 -0.01257951 0.05982088 0.5804503 -0.0189788 0.0569616 0.58044964 -0.02469194 0.05283883 0.58045185 -0.02812611 0.04951352 0.58044183 -0.00656646 -0.01358598 0.86099738 0 -0.0035 0.86099756 9.2E-07 -0.01400101 0.86098897 0.0066391 0.06158359 0.86099744 0 0.05150001 0.86099756 -2E-08 0.06199996 0.86080241 0.02151991 0.05537758 0.86098057 0.01758086 0.05774273 0.86098057 0.01338558 0.05961553 0.86097217 -0.02151989 -0.00737759 0.86098057 -0.01758082 -0.00974275 0.86098057 -0.01338561 -0.01161551 0.86097217 -0.02170747 0.05524812 0.86098057 -0.02531575 0.05240373 0.86098057 -0.00458996 0.06177112 0.86079752 -0.00921611 0.06091506 0.86098057 -0.01359854 0.05953503 0.86098057 -0.01778236 0.05763669 0.86097217 0.0312481 0.04570749 0.86098057 0.02840372 0.04931575 0.86098057 0.02514516 0.05255453 0.86097217 0.03137759 0.00248012 0.86098057 0.03374273 0.00641914 0.86098057 -0.03124812 0.00229254 0.86098057 -0.02840371 -0.00131576 0.86098057 -0.02514516 -0.00455451 0.86097217 -0.0369696 0.03299483 0.86098057 -0.03778426 0.02847304 0.86098057 -0.03804794 0.02388605 0.86098057 -0.02855451 0.04914518 0.86097217 -0.03137758 0.04551989 0.86098057 -0.03374273 0.04158086 0.86098057 -0.03561553 0.03738558 0.86097217 0.03561554 0.01061444 0.86097217 0.0369696 0.01500518 0.86098057 0.03778426 0.01952696 0.86098057 0.03804794 0.02411396 0.86098057 0.03775657 0.02869904 0.86097217 0.03691506 0.03321611 0.86098057 0.03553503 0.03759854 0.86098057 0.03363672 0.04178233 0.86097217 -0.03775657 0.01930097 0.86097217 -0.03691506 0.0147839 0.86098057 -0.03553503 0.01040146 0.86098057 -0.03363671 0.00621767 0.86097217 0.02170747 -0.00724812 0.86098057 0.02531574 -0.00440373 0.86098057 0.02855452 -0.00114515 0.86097217 0.00458695 -0.01377697 0.86096787 0.00921617 -0.01291505 0.86098057 0.01359851 -0.01153505 0.86098057 0.01778236 -0.0096367 0.86097217 0.00462171 0.06177776 0.86079538 0 0.06200001 0.86099756 -0 0.06199955 0.86079657 -0.00464431 -0.0137908 0.86079526 0 -0.01399955 0.86079657 0 -0.014 0.86099756 -0.00897296 0.06095666 0.5805124 -0.00459668 0.06177002 0.58070183 -2E-08 0.06199996 0.5806976 -0.00663874 -0.01358664 0.58050263 -0.01360917 -0.01151195 0.5805124 0.00663868 0.06158666 0.58050263 0.01360918 0.05951195 0.5805124 -0.02149489 0.05537322 0.5805124 -0.01552606 0.05879223 0.58051455 -0.03641001 0.01278089 0.58051455 -0.03776878 0.0195471 0.5805124 -0.03802231 0.02642109 0.58051455 -0.03006558 0.00059876 0.58051455 -0.03373539 0.00644347 0.5805124 -0.01745684 -0.00977105 0.58052015 -0.02359168 -0.00591645 0.58051252 0.0065852 -0.01353604 0.58051562 -0 -0.00350001 0.58050007 -1.55E-06 -0.01400372 0.58051342 0.03254197 0.00418642 0.58051455 0.02837836 -0.00131752 0.5805124 -0.02991641 0.04759174 0.58051252 -0.0253862 0.05229782 0.58052015 -0.03696765 0.03286776 0.58051431 -0.03469294 0.03974667 0.58051455 0.02340122 -0.00606561 0.58051455 0.015526 -0.01079224 0.58051455 0.03745325 0.01701346 0.58051455 0.03551196 0.01039083 0.5805124 0.03641001 0.03521913 0.58051455 0.0377099 0.02881742 0.58051431 0.03803014 0.02386793 0.5805124 0.03137323 0.04549487 0.5805124 0.03355108 0.04187648 0.58051431 0.01981365 0.05654193 0.58051455 0.02702568 0.05085462 0.58051455 0.0045537 0.06176472 0.58070457 -0 0.06200007 0.58050245 0 0.06199949 0.58070344 0.00419037 -0.01051058 0.81363612 3E-07 -0.00839235 0.76577568 2.5E-07 -0.00774737 0.70854688 0.00572433 -0.00723645 0.72712177 0.01625599 -0.00355297 0.74307221 0.01125148 -0.00563511 0.7272799 0.0157244 -0.00362267 0.70740545 0.01971198 -0.0009481 0.71687764 0.02333286 0.001592 0.76324189 0.02277718 0.00176345 0.70506203 0.02719845 0.00715752 0.74307239 0.02722024 0.00752762 0.70686376 0.02980294 0.01340475 0.71847588 0.03110306 0.01745268 0.70740533 0.03167796 0.02219026 0.71658564 0.03195149 0.02558942 0.74307239 0.03129784 0.02972063 0.70686382 0.03064267 0.03318974 0.74307239 0.02901935 0.03704446 0.7068637 0.02800433 0.04008434 0.76173741 0.02505436 0.04361019 0.706864 0.022408 0.04733285 0.76324177 0.02124541 0.04760969 0.7068491 0.01733044 0.05047888 0.71645308 0.01380012 0.05256832 0.72772878 0.01149268 0.05360918 0.7068485 0.00560824 0.05526256 0.72075045 2.3E-07 0.05738939 0.79188049 0.00376462 0.05589486 0.754035 1.76E-06 0.05566216 0.72075081 0.00592234 -0.00831735 0.77537632 0.01348134 -0.00594035 0.77484965 0.02025483 -0.001844 0.77484965 0.02810301 0.00701788 0.77485013 0.03135047 0.01423684 0.77484977 0.03254409 0.02005294 0.77501953 0.03277528 0.0259883 0.77485007 0.03134705 0.03377414 0.77484983 0.02584403 0.04425482 0.77484989 0.01698214 0.05210299 0.77484977 0.0097632 0.05535045 0.77484953 0.00408287 0.05762533 0.79858893 0.01041031 -0.00931789 0.814937 0.01624026 -0.00685851 0.81536537 0.02154847 -0.00346117 0.81493592 0.02749421 0.00249368 0.81493652 0.03089512 0.00782944 0.81536567 0.03333376 0.01364082 0.81493616 0.03484426 0.02191915 0.81493616 0.03432975 0.03031836 0.81493634 0.03259107 0.03640226 0.81536525 0.02985834 0.04208124 0.81493604 0.02466358 0.04870144 0.8149364 0.01803547 0.05388602 0.8149361 0.01035921 0.05733377 0.81493634 5.4E-07 0.06208633 0.86079419 -0.00402167 0.05712158 0.79138666 -3.9E-07 0.06208626 0.86079419 -3.6E-07 0.05669572 0.77669287 -2.5E-07 0.05574739 0.70854628 -0.00482809 0.05535227 0.72684228 -0.00736161 0.05489647 0.7068485 -0.0128163 0.05331155 0.74307239 -0.01304445 0.05301935 0.706864 -0.01850852 0.04964975 0.71847582 -0.02248718 0.04650793 0.70686418 -0.02497005 0.04399804 0.74307251 -0.02676014 0.04115116 0.70740533 -0.02897766 0.03692529 0.7165854 -0.03043879 0.03384399 0.74307251 -0.03110306 0.03054732 0.70740533 -0.03167796 0.02580975 0.71658564 -0.03195149 0.02241058 0.74307239 -0.03129784 0.01827938 0.70686382 -0.03064267 0.01481027 0.74307245 -0.02901935 0.01095554 0.70686364 -0.02800433 0.00791566 0.76173747 -0.02552588 0.0050607 0.70740545 -0.02245114 0.00154047 0.72727406 -0.01344124 -0.00503029 0.74307263 -0.0179976 -0.00209448 0.72727913 -0.01307125 -0.00500731 0.70686364 -0.00560828 -0.00726254 0.72075045 -2.3E-07 -0.00938936 0.79188001 -0.00376462 -0.00789484 0.75403476 -1.76E-06 -0.00766216 0.72075081 -0.00977416 0.05534703 0.77484947 -0.01699198 0.05209704 0.77484971 -0.02322228 0.04721417 0.77485001 -0.028103 0.04098213 0.77484977 -0.03135046 0.03376318 0.77484977 -0.03254409 0.02794707 0.77501953 -0.03277528 0.02201171 0.77485007 -0.03134705 0.01422587 0.77484983 -0.02584403 0.0037452 0.77484989 -0.02173556 -0.00054103 0.77501941 -0.0169821 -0.004103 0.77484977 -0.0097632 -0.00735044 0.77484965 -0.00590862 -0.00969632 0.8039645 -0.01041035 0.05731782 0.81493628 -0.01808131 0.05385831 0.81493604 -0.02470144 0.04866357 0.81493628 -0.02988606 0.04203542 0.81493616 -0.03333376 0.0343592 0.8149361 -0.03484426 0.02608085 0.81493616 -0.03461211 0.01975769 0.81536567 -0.03331784 0.0135897 0.81493628 -0.02985835 0.00591873 0.81493652 -0.02466359 -0.00070143 0.8149364 -0.0197766 -0.00472069 0.81536484 -0.01430156 -0.00784206 0.81493592 -5.4E-07 -0.01408634 0.86079419 -0.00455375 -0.01376472 0.58070457 0 -0.01400007 0.58050245 0 -0.01399948 0.58070344 -1E-08 -0.00966042 0.64468908 0.01042173 -0.00954433 0.62339216 0.01814652 -0.00607552 0.62339246 0.02481668 -0.00085887 0.62339276 0.03004472 0.00580257 0.62339264 0.0335266 0.01352149 0.62339264 0.03506004 0.02184942 0.6233927 0.03354432 0.03442163 0.62339264 0.02766893 0.04563939 0.62339246 0.02126554 0.05034601 0.64203906 0.01444327 0.05601908 0.62339312 0.00635489 0.05867761 0.62151104 -0 0.06209181 0.58070755 3.5E-07 0.05700795 0.65741491 0.0039821 -0.00879535 0.6567955 0.00985911 -0.00766124 0.65867758 0.01714967 -0.00438173 0.65867811 0.0234435 0.00054716 0.65867823 0.02837495 0.00683908 0.65867794 0.03165729 0.01412827 0.65867776 0.03309984 0.02199124 0.65867788 0.03261875 0.02997091 0.65867782 0.03024199 0.03760359 0.65867782 0.02610764 0.04444568 0.65867794 0.01716096 0.05237491 0.65867805 0.00987176 0.05565728 0.6586777 0.00514293 0.05612683 0.67259908 0.0095551 -0.00667588 0.69143403 -3.6E-07 0.05571435 0.72074991 1E-08 0.05766046 0.64468873 -7.4E-07 0.06207312 0.58070672 -0.01042165 0.05754431 0.62339276 -0.01814647 0.05407551 0.62339288 -0.02763218 0.04568627 0.62339258 -0.03066966 0.03834256 0.64203858 -0.03506004 0.02615058 0.6233927 -0.03455594 0.01769768 0.62339258 -0.03204354 0.00961103 0.62339288 -0.02766894 0.00236061 0.62339222 -0.0216863 -0.0036322 0.62339222 -0.01047864 -0.00952657 0.62339252 -0.00405502 -0.00939617 0.64503992 0 -0.0140918 0.58070755 -3.5E-07 -0.00900795 0.65741467 -0.00413467 0.0580522 0.63529408 -0.00563522 0.05618589 0.67017704 -0.01360356 0.05424199 0.65867805 -0.02044563 0.05010766 0.65867829 -0.02609949 0.04445609 0.65867794 -0.03165729 0.03387173 0.65867782 -0.03309984 0.02600877 0.65867794 -0.03261876 0.01802909 0.65867776 -0.03024198 0.01039641 0.65867782 -0.02610765 0.00355434 0.65867805 -0.02055679 -0.00128767 0.67085195 -0.01716099 -0.00437489 0.65867835 -0.00987175 -0.0076573 0.65867746 -0.0058014 -0.00765732 0.68875235 3.6E-07 -0.00771435 0.72074991 -0.00302382 0.06800001 0.51809675 -0.00478909 0.06800001 0.5121119 -0.00478064 0.06800001 0.5156216 -0.00242711 0.06800001 0.50957364 0.0014871 0.06800001 0.50900066 0.00466707 0.06800001 0.51196402 0.00488389 0.06800001 0.51544029 0.00315869 0.06800001 0.51793784 0.0003168 0.06800001 0.51908201 -0.00520651 0.02368761 0.56800002 0.00466517 0.02166729 0.56800002 0.00466706 0.02603599 0.56800002 0.00119464 0.0190503 0.56800002 -0.00269103 0.01961154 0.56800002 -0.0007668 0.02898958 0.56800002 -0.00350944 0.02768925 0.56800002 0.00226645 0.0285596 0.56800002 -0.03817628 0.07800005 0.48397648 -0.03138009 0.07798889 0.47682956 -0.02416249 0.07800005 0.47187299 -0.01606268 0.07799996 0.4681825 -0.00830672 0.07799967 0.46612468 0.00145293 0.07800002 0.46545595 0.01048585 0.07800004 0.46658161 -0.00716609 0.07797964 0.56192291 -0.01425298 0.07800011 0.5604338 -0.04741599 0.07799996 0.50308537 0.00489847 0.07799994 0.56236959 0.01527418 0.07800011 0.56010926 -0.04323935 0.07800005 0.49187979 0.02814476 0.07799049 0.47434011 0.01910172 0.07800004 0.46935326 -1.6E-07 0.07800002 0.56250072 -0 0.07800001 0.51899999 -0.02337634 0.07800008 0.55658001 0.03228346 0.07799986 0.55024463 0.02510187 0.07800007 0.55561459 0.03400498 0.07799965 0.47922656 -0.03236485 0.07799983 0.5502795 -0.04470852 0.07799301 0.53315759 -0.03968102 0.0779976 0.54214656 -0.04856332 0.07799986 0.51486117 -0.04699109 0.07799405 0.52666813 0.04527517 0.07799435 0.49631134 0.04854729 0.07799904 0.51413471 0.04783667 0.07799509 0.50541145 0.04800776 0.07799973 0.52155858 0.04096752 0.07800003 0.48791346 0.03743509 0.07799935 0.54495609 0.04521148 0.07799299 0.53192872 0.0423363 0.07799178 0.53792512 0.00165898 -0.01407184 0.57800001 -0.00031699 0.01891805 0.57800001 -0.00749069 -0.01331925 0.57800007 -0.02106807 0.05591176 0.57799971 -0.00188811 0.02878908 0.57800001 -0.00884979 0.06112362 0.57800007 -8E-08 0.06200039 0.57800001 0.00287379 0.02835278 0.57800001 0.00985871 0.06067247 0.57798147 0.00315671 0.06192414 0.57800001 -0.00350944 0.02031076 0.57800001 -0.03091775 0.00161186 0.57800031 -0.02227562 -0.0069031 0.57800007 -0.00495092 0.02301401 0.57800001 -0.0357107 0.01087835 0.57799864 -0.03237743 0.04401854 0.57800007 -0.03656605 0.03495122 0.57799983 -0.00466706 0.02603599 0.57800001 -0.02848603 0.04906835 0.57798272 -0.01490873 -0.01100188 0.57800007 -0.03813582 0.02218187 0.57799995 0.01229374 -0.01210693 0.57800001 0.0030238 0.01990326 0.57800001 0.01766237 0.05774644 0.57800007 0.03555587 0.03783425 0.57800019 0.03055966 0.04667574 0.57800001 0.02523468 0.05250155 0.57800019 0.00520651 0.02368761 0.57800001 0.0381303 0.02536014 0.57800019 0.02106093 -0.00770468 0.57800007 0.0369387 0.01531899 0.57799518 0.02723172 -0.00259374 0.57800007 0.03238901 0.00399598 0.57800007 0.03507164 0.00938927 0.577999 -0.00186825 -0.00432695 0.51560247 0.00241324 0.00152594 0.50372005 0.00421411 -0.00148028 0.50981069 0.00441256 0.06359787 0.56859154 1.6E-07 0.06502698 0.56699276 9E-07 0.06363189 0.56919909 0.03175391 0.04552053 0.57199544 0.02243306 0.06411021 0.55918431 0.02791018 0.06467882 0.55456859 0.02133665 0.06830902 0.55821967 0.012701 0.00798464 0.49739563 0.01580605 0.01210041 0.4938398 0.01905099 0.00762665 0.50279224 0.00210946 0.03622078 0.47151309 0.00756565 0.04061253 0.47053289 0.00550188 0.03044777 0.47461632 0.02239646 0.01435219 0.49660996 0.02919423 0.02077223 0.49691355 0.02739222 0.01413772 0.50312418 -0.00322533 0.02784658 0.47588593 0.00109964 0.04400025 0.46878707 0.02076703 0.05087319 0.47219416 0.0139083 0.04121684 0.47196075 0.01187611 0.04826875 0.4693253 0.00585641 0.04986975 0.46776813 0.01381532 0.03323516 0.47539034 0.02196702 0.04262394 0.47524294 0.0043074 0.02080321 0.48096105 -0.00029039 0.02260307 0.47926512 0.00855352 0.02498762 0.47866368 0.02738906 0.04979897 0.47665322 0.00137128 0.05325288 0.46677333 0.01384929 0.05505777 0.46861523 0.00107785 0.01547442 0.48538557 0.01273411 0.0256019 0.47959182 0.02183179 0.03600515 0.47807622 0.00742144 0.01685956 0.48501429 0.01811437 0.02794392 0.48051494 0.02813631 0.04026997 0.48079482 0.00533026 0.006721 0.49614036 -0.00306756 0.00649366 0.49603546 0.00087069 0.01170434 0.48933443 0.00841574 0.01153259 0.49095863 0.01362713 0.01784278 0.4863078 0.02544572 0.03193672 0.48307002 0.03346559 0.04397562 0.48456356 0.03108198 0.05069346 0.47955102 0.02244296 0.06960132 0.471008 0.01495101 0.0657529 0.46793595 0.00472498 0.06537344 0.46577638 0.00142385 0.06827189 0.46554503 0.03261078 0.02881559 0.4935441 0.03565368 0.02612484 0.5020113 0.0326889 0.01760811 0.50763726 0.03822657 0.03352063 0.49942648 0.03759843 0.02521232 0.50815797 0.0367923 0.04049561 0.49102217 0.0322587 0.03576867 0.48760054 0.02786254 0.02634065 0.48970804 0.02348039 0.02634513 0.48545381 0.02148113 0.02011327 0.48923215 0.04522257 0.05133623 0.52572668 0.04175462 0.03710579 0.54048574 0.04242609 0.03469031 0.53530735 0.04497193 0.04378036 0.51566666 0.04328411 0.03509852 0.52587175 0.04355663 0.03766594 0.51484001 0.04145014 0.02723251 0.52688378 0.0370697 0.01935339 0.51768845 0.04017638 0.02619378 0.51702881 0.04233977 0.03750356 0.50731474 0.04538074 0.0469064 0.52113146 0.04396366 0.04514288 0.50550598 0.04557789 0.05026732 0.50864875 0.04093483 0.04206584 0.49822974 0.04688754 0.05754258 0.50993711 0.04793047 0.06551879 0.51449919 0.04464462 0.05302374 0.50134701 0.04084149 0.04880238 0.49362099 0.03449406 0.05242812 0.55316657 0.03251366 0.05895083 0.5521304 0.03096828 0.05507537 0.55673647 0.02635265 0.05780829 0.56048036 0.02725014 0.0605657 0.55708611 0.01582427 0.0642257 0.56319553 0.02054301 0.06131794 0.56277066 0.00653657 0.06849986 0.56369907 8.4E-07 0.06639168 0.56574625 0.00964152 0.0654842 0.56492043 0.01459781 0.06822675 0.56141657 0.03390965 0.06369568 0.54892194 0.02503874 0.07072131 0.55555284 0.02970347 0.06962489 0.55220616 7.8E-07 0.06905663 0.56396562 -0 0.06811866 0.56442755 0.04796867 0.06977893 0.51908582 0.03789135 0.05075852 0.48765424 0.043017 0.05635402 0.49487662 0.03625673 0.05803908 0.48317838 0.04646567 0.06691618 0.50115579 0.03898259 0.05910946 0.48670024 0.04805059 0.07041242 0.5087713 0.04310612 0.06703638 0.49226865 0.03063109 0.06128217 0.47704279 0.02325633 0.06025689 0.47202519 0.00877218 0.05916544 0.46687976 0.03871953 0.06360537 0.54239982 0.0378905 0.05499192 0.54573357 0.04180729 0.06200666 0.53716171 0.03733501 0.04956011 0.54945326 0.0393362 0.06987058 0.4857136 0.033568 0.06970391 0.47905326 0.04082355 0.04950503 0.54120606 0.04192457 0.04458184 0.53899837 0.04470254 0.05480896 0.52896357 0.04327157 0.05832291 0.53376746 0.04723937 0.07339789 0.52484339 3.7E-07 0.07427652 0.56261635 -9E-08 0.07028133 0.56340945 0.00557379 0.07182372 0.56267679 0.00847965 0.0738702 0.5619148 0.01737076 0.07266519 0.55942678 0.03527135 0.06901704 0.54698986 0.03524478 0.03915986 0.5713774 0.03757655 0.03226056 0.56893104 0.03332816 0.04572304 0.56426293 0.03028977 0.04908902 0.56709093 0.02743409 0.05065351 0.57361603 4.2E-07 0.06210068 0.57447368 -0 0.06200001 0.57800001 0.00288165 0.06206649 0.57352799 0.00737986 0.0613609 0.57528263 0.01677236 0.0582609 0.57485253 0.02255316 0.05487011 0.57416344 0.00680821 0.06203768 0.57141149 0.01244363 0.06056013 0.57173312 0.01950855 0.05761574 0.57047403 0.02590434 0.05339503 0.56867939 0.01399188 0.06134436 0.56808865 0.02150436 0.05830589 0.56583637 0.0278501 0.05408453 0.56313813 0.01110011 0.0630623 0.56705296 -2.7E-07 0.06324584 0.56989098 -0 0.06284882 0.57096231 -0 0.06258386 0.57184124 0.00102248 -0.01395471 0.56580234 0.00890142 -0.01290812 0.56554425 0.01558079 -0.01062301 0.56614238 0.01893406 -0.00868142 0.55771089 0.02499844 -0.00458866 0.56085664 0.03037907 0.00106494 0.55886579 0.03254436 0.0041256 0.55318195 0.00273778 -0.0133353 0.55531633 0.01034492 -0.01216552 0.55692512 0.03904674 0.02697417 0.5602538 0.03824772 0.02482636 0.57085508 0.03813162 0.01598592 0.55187088 0.03789712 0.01863136 0.56819892 0.03534395 0.00908972 0.55614883 0.03913447 0.03119055 0.55791086 0.03867006 0.03603549 0.55681884 0.03583812 0.0407977 0.563748 0.01993758 -0.00662954 0.54392308 0.01303849 -0.01019414 0.54633272 0.04041803 0.02423206 0.5430789 0.03909799 0.02345218 0.55890614 0.02682616 -0.00201349 0.54867685 0.00711252 -0.01169491 0.54588073 0.00136562 -0.0124568 0.54645103 0.03188002 0.05050123 0.56029326 0.03422753 0.00908117 0.53558433 0.03574262 0.01054302 0.54201967 0.02989031 0.00233737 0.54045975 0.01860419 -0.00419104 0.52943844 0.02394639 -0.00284645 0.53836274 0.01214733 -0.00871125 0.53613669 0.00484256 -0.0095042 0.53230488 -0.0018688 -0.00766364 0.52496159 0.00437914 -0.0058863 0.52033794 0.01191144 -0.0059032 0.52521884 0.03884798 0.01827048 0.53529292 0.04034023 0.03934213 0.54677796 0.03879208 0.04291266 0.55002677 0.03594233 0.04667673 0.55527139 0.03020182 0.00467931 0.53134483 0.02415279 -0.00032023 0.52869678 -0.00231069 -0.01062557 0.53602576 0.01132203 -0.00249903 0.51548362 0.01139883 0.00224349 0.50572461 0.01906695 0.00023644 0.51726663 0.01955985 0.00456667 0.50865579 0.02601529 0.00421622 0.51988906 0.02627034 0.0085346 0.51083034 0.03189214 0.00920177 0.5232597 0.03228438 0.01321407 0.51474512 0.03649994 0.01493944 0.52724838 0 0.07800001 0.5625 -0.00608351 -0.01190928 0.54562694 -4.32E-06 0.06540839 0.56673574 -0.00503237 0.06724029 0.56466341 -0.00365046 0.07088109 0.56302738 -0.03069598 0.0592851 0.55423319 -0.02986072 0.05691079 0.55691051 -0.024949 0.0620188 0.55838192 -0.02466907 0.05909568 0.56101167 -0.0094388 0.06432703 0.56614602 -0.01394932 0.06541099 0.56332934 -0.01746917 0.06238768 0.56398368 -0.01832365 0.06600846 0.56071651 -0 0.06739046 0.56488663 -0.01001376 0.06825324 0.56300861 -0.0257191 0.06527346 0.55617672 -0.02095971 0.06818838 0.5584169 -0.0063711 0.07269122 0.56235611 -0 0.07317292 0.56274289 -0.01721693 0.07191327 0.55945343 -0.02357487 0.07138029 0.55644733 -0.03807888 0.06141331 0.54387248 -0.03720589 0.06765355 0.54464281 -0.04163839 0.06531052 0.53788626 -0.03300284 0.06846361 0.54929757 -0.0127375 0.07242689 0.56094944 -0.04455595 0.04813834 0.52858579 -0.04548572 0.06004386 0.52753955 -0.04772057 0.07215413 0.52203453 -0.04757039 0.06499387 0.51899505 -0.04354942 0.05823529 0.53310156 -0.02916974 0.06961139 0.55266219 -0.04055008 0.02986876 0.51063746 -0.04070555 0.02478978 0.52506155 -0.0432116 0.03534816 0.5156154 -0.04475266 0.04135737 0.52105081 -0.04173076 0.02789032 0.53384936 -0.04151879 0.03794019 0.54237562 -0.04348192 0.04991278 0.53332585 -0.04022584 0.04585046 0.54446459 -0.0365788 0.05592725 0.54770279 -0.036372 0.04934574 0.55177987 -0.03365413 0.0526761 0.55445796 -0.04128351 0.05520017 0.53886646 -0.03180827 0.06313169 0.55139041 -0.04578441 0.04812788 0.51420867 -0.04220434 0.03278136 0.53685361 -0.04809494 0.06691781 0.51463264 -0.00529644 0.01295297 0.48849374 -0.01155062 0.01376799 0.48951325 -0.01145381 0.00765935 0.49710804 -0.01955401 0.01586743 0.49208358 -0.01889084 0.00955324 0.49964729 -0.02604985 0.01423325 0.50081861 -0.02701118 0.0222648 0.49243832 -0.03285583 0.02333336 0.49952644 -0.00533638 0.02055851 0.48131841 -0.01165056 0.0212782 0.48239723 -0.01975044 0.02313662 0.48514163 -0.03209119 0.02834748 0.49318585 -0.0327567 0.01777322 0.50716084 -0.03689609 0.02802006 0.50216413 -0.03770332 0.02264708 0.51259369 -0.02732351 0.02957101 0.48637068 -0.036511 0.03465022 0.49468338 -0.01172447 0.02744606 0.47798687 -0.01989082 0.02909921 0.48083675 -0.03248899 0.03564829 0.48797688 -0.04037163 0.03826401 0.49974844 -0.04263036 0.04061063 0.50455719 -0.00561609 0.03264441 0.47352678 -0.0138925 0.03321928 0.47542268 -0.02198236 0.03487848 0.47871676 -0.02896119 0.03741466 0.48297298 -0.0364993 0.04184197 0.4896085 -0.04407264 0.05007309 0.50109076 -0.04567263 0.05078466 0.50778526 -0.04796212 0.06818253 0.50867009 -0.04116323 0.04860139 0.49428448 -0.03917543 0.05282666 0.48873597 -0.03370639 0.04528783 0.48424563 -0.04607706 0.06201138 0.5016169 -0.0434464 0.06043707 0.49437779 -0.03316774 0.05220496 0.48115689 -0.03834273 0.06056932 0.48548111 -0.00297375 0.03890356 0.47058392 -0.00793228 0.04095194 0.47043791 -0.00442621 0.04975536 0.46761465 -0.01198267 0.04986545 0.46897492 -0.01400219 0.04124437 0.47204077 -0.0194266 0.05073618 0.47160405 -0.02018559 0.04218399 0.47438285 -0.02624341 0.05179915 0.47531897 -0.02784 0.04395541 0.47889104 -0.00419425 0.05872674 0.46628132 -0.01099789 0.05925598 0.4672935 -0.01950621 0.05987477 0.47015411 -0.02741571 0.06078242 0.47459787 -0.03443079 0.06193603 0.48052761 -0.0422182 0.06804159 0.49037674 -0.04608647 0.07162494 0.4990083 -0.00682617 0.06899179 0.46596804 -0.03698856 0.07077571 0.48264524 -0.02468708 0.06973004 0.47225428 -0.01646244 0.06927918 0.4683775 -0.02254977 -0.00647697 0.56063938 -0.02717527 -0.00261769 0.56008786 -0.03182526 0.00301105 0.55496496 -0.01365057 -0.01149313 0.56609851 -0.01919455 -0.00863525 0.56042731 -0.00538042 -0.01338653 0.55944377 -0.01281081 -0.01131128 0.55627072 -0.01388756 -0.00991127 0.5464403 -0.02107464 -0.00640684 0.54748166 -0.02731826 -0.0016485 0.54892159 -0.00537716 0.0026385 0.50248241 -0.00501782 -0.00083788 0.50868607 -0.0051443 0.06187426 0.57344288 -0.01186583 0.06022775 0.5751636 -0.01866212 0.05729777 0.57465148 -0.02474958 0.05312718 0.5740236 -0.03300948 0.04349941 0.57192701 -0.03557453 0.00934087 0.55541372 -0.03834088 0.01663613 0.55353487 -0.03780538 0.01801039 0.568389 -0.03849861 0.02342856 0.56634665 -0.0380627 0.02964783 0.56856644 -0.0366035 0.03560695 0.57024312 -0.03519275 0.0392155 0.57124919 -0.04024377 0.03035972 0.55144197 -0.03933607 0.03540095 0.55396551 -0.03692739 0.03928915 0.56150591 -0.03364129 0.04573355 0.56334513 -0.03061154 0.04764714 0.57025784 -0.02989977 0.05052504 0.56497109 -0.0263107 0.053081 0.56851649 -0.01954211 0.05758227 0.57050204 -0.01245565 0.06055247 0.5717417 -7.2E-07 0.06243401 0.57257915 -0.00304601 0.06328346 0.56953311 -0.03471867 0.04731863 0.55790323 -0.03009612 0.05374718 0.55962199 -0.02441443 0.05659407 0.56468904 -0.00918867 -0.00674164 0.52542573 -0.01109037 -0.00900762 0.5359931 -0.01696794 -0.00429276 0.52677351 -0.01863053 -0.00611082 0.53722215 -0.02401567 -0.00053693 0.52887219 -0.0253425 -0.00191338 0.53903723 -0.03005589 0.00431028 0.53164619 -0.03097609 0.00335081 0.54137987 -0.03483105 0.00923872 0.53833282 -0.03851513 0.01650582 0.54066169 -0.03849145 0.04177594 0.552486 -0.01677703 0.06036773 0.56739581 -0.00907627 0.0625542 0.56899291 -0.00927183 -0.00293098 0.51521194 -0.0379158 0.01817219 0.52428418 -0.01337763 0.0027121 0.50619721 -0.01521654 -0.0013693 0.51633435 -0.02103299 0.00549795 0.50859553 -0.02258032 0.00191052 0.51863492 -0.02785414 0.0093575 0.51198816 -0.02901728 0.00628379 0.52176869 -0.03359067 0.01409892 0.51625645 -0.03429284 0.01152609 0.52562821</float_array>
          <technique_common>
            <accessor source="#pos_0-array" count="9846" stride="3">
              <param name="X" type="float"/>
              <param name="Y" type="float"/>
              <param name="Z" type="float"/>
            </accessor>
          </technique_common>
        </source>
        <source id="norm_0">
          <float_array id="norm_0-array" count="21135">-0.52409 -0.59801 -0.60639 -0.55426 -0.53289 -0.6394 -0.51815 -0.57926 -0.62927 -0.49385 -0.80352 0.33236 -0.52413 -0.78816 0.32263 -0.55787 -0.73458 0.38622 -0.54356 -0.76466 0.34619 0.55614 -0.7395 0.37927 0.50835 -0.79549 0.32981 0.52016 -0.78877 0.32752 0.5412 -0.54156 -0.64328 0.50657 -0.61457 -0.60473 0.50799 -0.59839 -0.61958 0.53498 -0.5727 -0.62113 0.02959 -0.99951 -0.01021 0.00238 -0.99968 -0.02505 0.00615 -0.99984 -0.01688 0.02973 -0.99952 -0.00832 0.02365 -0.99972 -0.00099 0.02584 -0.99951 0.01771 0.01758 -0.99959 0.0228 0.01836 -0.99964 0.01971 -0.01062 -0.99985 0.01371 -0.00851 -0.99982 0.01678 -0.04273 -0.99895 0.01638 -0.02933 -0.99901 0.03353 -0.01888 -0.99982 0.00025 -0.03039 -0.99933 -0.02054 -0.03431 -0.99934 -0.01202 -0.01197 -0.99983 -0.01371 -0.00066 -0.99967 -0.0258 -0.00568 -0.99919 0.03983 -0.02257 -0.99965 -0.0141 -0.01067 -0.99949 -0.03002 -0.00948 -0.99951 -0.0299 -0.00825 -0.99947 -0.03154 0.01893 -0.99944 -0.02745 0.02052 -0.99965 -0.01661 0.03151 -0.99947 -0.00867 0.02504 -0.99965 0.00827 0.02466 -0.99967 0.00755 0.01116 -0.99948 0.03025 -0.00248 -0.99985 0.01705 -0.01663 -0.99964 0.02095 -0.04566 -0.99895 0.00367 -0.04585 -0.99892 0.00703 -0.03596 -0.99935 -0.00141 -0.01283 -0.99972 -0.01998 -0.01261 -0.99946 -0.03036 -0.00455 -0.99916 -0.04066 0.01494 -0.99931 -0.03411 0.01739 -0.99974 -0.01482 0.03641 -0.99932 -0.00558 0.0357 -0.99927 -0.01345 0.01661 -0.99982 0.00918 0.01962 -0.99957 0.02198 0.01453 -0.9994 0.03144 -0.00255 -0.99992 0.01265 -0.02148 -0.99967 0.01402 -0.02421 -0.99968 0.00776 -0.03468 -0.99939 0.00326 0.02169 -0.99916 -0.03483 0.01246 -0.99898 -0.04343 0.0144 -0.99978 -0.01555 0.03485 -0.99938 0.0048 0.03494 -0.99939 0.00249 0.0282 -0.99958 -0.00623 0.0157 -0.99948 0.02817 0.01548 -0.99955 0.02585 0.00706 -0.99957 0.02829 -0.0097 -0.99985 0.01433 -0.02744 -0.99949 0.01623 -0.03249 -0.99942 0.0104 -0.02633 -0.99965 -0.00021 -0.03268 -0.99933 -0.01645 -0.02078 -0.99944 -0.0261 -0.00685 -0.99978 -0.01998 0.05597 -0.98141 0.18359 0.0435 -0.98563 0.16319 -0.36665 -0.15239 0.91779 -0.56792 0.23417 0.78907 0.10541 -0.34135 -0.93401 -0.10842 -0.54574 -0.83091 0.96803 0.11127 -0.2248 0.04738 -0.606 -0.79405 -0.6868 -0.48352 0.54269 -0.85069 -0.52271 -0.05577 0.61211 -0.68484 0.39537 0.47187 0.81037 -0.34733 -0.56535 -0.78501 -0.25327 -0.36474 -0.20654 -0.90791 0.4781 -0.7705 0.4216 -0.04634 -0.75126 0.65838 0.86285 0.27824 0.42199 -0.30265 -0.84697 0.43709 -0.37514 -0.70149 0.60596 -0.54412 -0.06746 0.83629 -0.02575 -0.07753 0.99666 -0.8592 0.51012 -0.03944 -0.98793 -0.05745 -0.14386 -0.98051 -0.05106 -0.1897 -0.27352 0.95775 0.08892 -0.9684 -0.05645 -0.24293 -0.95814 -0.05099 -0.28171 -0.93438 0.21061 -0.28738 -0.79835 -0.45424 -0.39535 -0.79342 -0.47347 -0.3825 -0.92536 -0.05738 -0.37472 -0.90599 -0.05106 -0.42022 -0.87391 0.33919 -0.34817 -0.88262 -0.05471 -0.46689 -0.86103 -0.04903 -0.50619 -0.86056 -0.05322 -0.50655 -0.83752 -0.04768 -0.54433 -0.56081 0.77379 -0.29452 -0.34902 0.92988 -0.11622 -0.29454 -0.8839 -0.36328 -0.4496 0.85307 -0.26483 -0.74515 -0.05602 -0.66454 -0.71209 -0.05092 -0.70024 -0.71175 -0.05383 -0.70037 -0.68196 -0.04954 -0.72971 -0.25739 0.95354 -0.15655 -0.63941 -0.05381 -0.76698 -0.60676 -0.04992 -0.79332 -0.49159 0.67866 -0.54567 -0.58665 -0.05449 -0.808 -0.56129 -0.05182 -0.826 -0.56108 -0.05384 -0.82601 -0.52045 -0.04994 -0.85243 -0.52025 -0.05201 -0.85243 -0.49743 -0.05002 -0.86606 -0.48171 0.25381 -0.83877 -0.47621 -0.05041 -0.87788 -0.43419 -0.04711 -0.89959 -0.43353 -0.05475 -0.89947 -0.40206 -0.05264 -0.9141 -0.29041 0.77228 -0.56502 -0.37956 -0.04831 -0.92391 -0.34338 -0.04609 -0.93807 -0.34281 -0.054 -0.93785 -0.30211 -0.05197 -0.95185 -0.25475 0.65034 -0.71565 -0.27881 -0.04854 -0.95912 -0.24966 -0.04726 -0.96718 -0.24948 -0.05051 -0.96706 -0.20177 -0.0488 -0.97822 -0.2016 -0.05247 -0.97806 -0.1747 -0.05175 -0.98326 -0.15127 0.39099 -0.90788 -0.15053 -0.04964 -0.98736 -0.10274 -0.04868 -0.99352 -0.10056 0.47724 -0.873 -0.02625 0.95203 -0.30486 -0.01624 -0.66212 -0.74922 -0.13256 0.84714 -0.51457 -0.05161 -0.9454 -0.3218 -0.17723 -0.87239 -0.45556 -0.4596 -0.37235 -0.80631 -0.30236 -0.74004 -0.60077 -0.31399 -0.76501 -0.56228 -0.78687 -0.56337 0.2519 -0.05288 0.9818 0.18243 -0.82494 -0.1191 0.55253 -0.08395 0.95359 0.28918 -0.35775 0.64564 0.67466 -0.12537 -0.07107 0.98956 -0.07725 -0.07202 0.99441 -0.02486 0.01722 0.99954 -0.2237 -0.06864 0.97224 -0.18748 -0.07006 0.97977 -0.12829 0.53598 0.83443 -0.16289 -0.07161 0.98404 -0.1254 -0.07268 0.98944 -0.36749 -0.06978 0.9274 -0.32041 -0.07303 0.94446 -0.32018 -0.0677 0.94493 -0.65804 -0.04069 0.75188 -0.26893 0.01021 0.96311 -0.21524 -0.07218 0.97389 -0.22381 -0.07179 0.97199 -0.49238 -0.06931 0.86762 -0.45835 -0.07266 0.8858 -0.45807 -0.06698 0.88639 -0.57912 -0.05482 0.81339 -0.40308 0.07512 0.91208 -0.22475 -0.08065 0.97107 -0.36755 -0.07093 0.9273 -0.6627 -0.06494 0.74606 -0.62491 -0.07055 0.7775 -0.62458 -0.06388 0.77835 -0.6973 -0.05312 0.71481 -0.57505 0.05527 0.81625 -0.42677 -0.08399 0.90045 -0.54431 -0.07124 0.83585 -0.73475 -0.05982 0.67569 -0.97074 0.00648 0.24006 -0.68952 0.04998 0.72254 -0.63228 -0.07004 0.77157 -0.66273 -0.06557 0.74598 -0.79648 -0.06257 0.60142 -0.77045 -0.06809 0.63385 -0.41283 0.75016 0.51656 -0.87658 -0.05701 0.47788 -0.85203 -0.06367 0.51961 -0.85193 -0.05944 0.52028 -0.8736 -0.05344 0.4837 -0.81508 0.06381 0.57582 -0.91926 -0.05844 0.38928 -0.90279 -0.06431 0.42524 -0.68103 0.59214 0.43077 -0.89203 -0.05922 0.44808 -0.8767 -0.06384 0.47678 -0.9666 -0.05471 0.2504 -0.95295 -0.06183 0.29676 -0.89398 0.29658 0.33592 -0.93615 -0.05662 0.347 -0.91928 -0.06315 0.38851 -0.98653 -0.05415 0.15436 -0.978 -0.06117 0.19942 -0.92897 0.27905 0.2432 -0.99704 -0.05111 0.0574 -0.99394 -0.0565 0.09433 -0.71847 0.67107 0.18294 -0.99141 -0.05416 0.11907 -0.98636 -0.05944 0.1535 -0.99142 -0.0541 -0.11901 -0.99422 -0.05808 -0.09034 -0.99461 -0.05237 -0.08951 -0.99739 -0.05908 -0.04145 -0.99783 -0.05204 -0.04038 -0.99835 -0.05601 -0.01241 -0.89173 0.44542 0.0802 -0.99859 -0.05148 0.01256 -0.99673 -0.05797 0.05632 -0.08728 -0.98058 -0.17563 -0.222 -0.94582 -0.23696 -0.03108 0.9916 0.12557 -0.00196 0.98993 0.14152 0.01062 -0.99056 -0.13665 0.00538 -0.9902 -0.13958 0.00527 -0.99019 -0.13962 -0.03708 -0.9833 -0.1782 -0.60512 0.69933 -0.38049 -0.18209 -0.93737 -0.29695 -0.38321 -0.78043 -0.49404 -0.08503 0.99441 0.06265 -0.04999 -0.97907 -0.19729 -0.58551 -0.32249 -0.74376 -0.64287 -0.01844 -0.76575 -0.11236 -0.95099 -0.28808 -0.38654 0.81502 -0.43166 -0.36798 -0.67759 -0.63676 -0.34116 -0.67508 -0.65412 -0.34311 -0.67157 -0.65671 -0.31379 -0.66895 -0.67383 -0.40971 -0.42283 -0.8083 -0.15466 -0.87574 -0.45733 -0.24964 0.89069 -0.37995 -0.01739 -0.97951 -0.20065 -0.13297 0.97732 -0.16479 -0.10519 -0.90125 -0.42033 -0.08572 -0.9086 -0.40877 -0.18616 0.79989 -0.57054 -0.16172 -0.67154 -0.7231 -0.12613 -0.6702 -0.73138 -0.19815 0.40843 -0.89102 -0.04608 -0.9017 -0.42991 -0.10752 0.0034 -0.9942 0.00301 -0.99099 -0.13388 0.00672 -0.99463 -0.10328 -0.01379 0.9984 -0.05491 0.00403 -0.95698 -0.29011 -0.05579 0.33515 -0.94051 -0.09509 -0.28565 -0.9536 -0.05431 -0.73932 -0.67116 -0.14899 0.43875 -0.88617 -0.14321 -0.15323 -0.97776 -0.19633 -0.15478 -0.96825 -0.19615 -0.15739 -0.96786 -0.24262 -0.15906 -0.95699 -0.24243 -0.1613 -0.95667 -0.28815 -0.1632 -0.94357 -0.28825 -0.16222 -0.94371 -0.33326 -0.16443 -0.92839 -0.33382 -0.15942 -0.92906 -0.37806 -0.16203 -0.91149 -0.37865 -0.15727 -0.91208 -0.42234 -0.16027 -0.89216 -0.42223 -0.16108 -0.89206 -0.46469 -0.16429 -0.8701 -0.27543 -0.73571 -0.61876 -0.49965 0.44081 -0.74568 -0.50247 -0.15522 -0.85055 -0.54728 -0.15965 -0.82158 -0.54725 -0.15988 -0.82156 -0.58562 -0.16392 -0.79384 -0.58765 -0.15223 -0.79466 -0.62627 -0.157 -0.76363 -0.58414 -0.32908 -0.74195 -0.65082 0.42035 -0.63226 -0.661 -0.15881 -0.73339 -0.69502 -0.16363 -0.70013 -0.69629 -0.15714 -0.70035 -0.73382 -0.16312 -0.65947 -0.30972 -0.86321 -0.39868 -0.40727 0.89231 -0.19474 -0.45671 -0.76944 -0.44652 -0.75312 -0.30038 -0.58531 -0.82828 0.26243 -0.49506 -0.81843 -0.15752 -0.55259 -0.8431 -0.16345 -0.51232 -0.84354 -0.16135 -0.51225 -0.86458 -0.16669 -0.47405 -0.87892 0.2249 -0.42063 -0.86683 -0.25125 -0.43066 -0.88983 -0.16002 -0.4273 -0.90833 -0.16632 -0.38377 -0.90975 -0.1595 -0.3833 -0.92602 -0.16604 -0.33901 -0.92682 -0.16218 -0.33869 -0.94014 -0.17236 -0.294 -0.94251 -0.16082 -0.29293 -0.95235 -0.16639 -0.25564 -0.89994 0.40889 -0.15135 -0.90208 -0.37118 -0.22019 -0.96606 -0.16315 -0.20025 -0.97338 -0.1702 -0.15353 -0.97454 -0.16413 -0.15276 -0.97952 -0.17142 -0.10565 -0.98057 -0.16579 -0.10488 -0.98326 -0.17284 -0.05765 -0.98422 -0.16754 -0.05687 -0.9846 -0.17454 -0.0099 -0.98568 -0.1684 -0.00893 -0.98376 -0.1754 0.03805 -0.98475 -0.16953 0.03903 -0.98049 -0.17677 0.086 -0.98128 -0.17187 0.08687 -0.97476 -0.17888 0.13359 -0.9755 -0.17414 0.13446 -0.96665 -0.1812 0.18097 -0.96739 -0.17621 0.18193 -0.95514 -0.19084 0.22647 -0.957 -0.17799 0.22904 -0.94333 -0.18518 0.27537 -0.93167 -0.2535 0.26026 -0.91966 0.13259 0.36965 -0.92938 -0.18106 0.32166 -0.91166 -0.18794 0.36545 -0.91236 -0.18188 0.36677 -0.89245 -0.18861 0.40983 -0.89276 -0.18577 0.41046 -0.87066 -0.19259 0.45261 -0.87109 -0.18838 0.45357 -0.8468 -0.19514 0.49482 -0.84731 -0.18964 0.49609 -0.82102 -0.1962 0.53612 -0.82215 -0.18171 0.53948 -0.79377 -0.18704 0.57875 -0.79334 -0.19315 0.57733 -0.76813 -0.19835 0.60879 -0.70295 0.29401 0.64763 -0.71112 -0.36044 0.60365 -0.73128 -0.20072 0.65188 -0.6975 -0.20673 0.68612 -0.69769 -0.20332 0.68694 -0.66193 -0.20918 0.71979 -0.66224 -0.2025 0.72141 -0.62461 -0.208 0.75273 -0.62471 -0.20553 0.75332 -0.5854 -0.21082 0.78286 -0.58556 -0.2061 0.78399 -0.54495 -0.21102 0.81148 -0.34443 -0.86342 0.36862 -0.01536 -0.27824 -0.96039 -0.05022 -0.27827 -0.95919 -0.05 0.75674 -0.65181 -0.12708 0.69458 -0.7081 -0.107 -0.76744 -0.63212 -0.2186 0.62952 -0.7456 -0.21381 0.6586 -0.72147 -0.15797 -0.76957 -0.61872 -0.29233 0.65804 -0.69392 -0.28613 0.68241 -0.67264 -0.20723 -0.77087 -0.60234 -0.37759 0.62576 -0.68254 -0.29827 0.82249 -0.4843 -0.43198 0.67126 -0.60233 -0.3046 -0.77152 -0.55854 -0.52025 0.61484 -0.59271 -0.50724 0.646 -0.57043 -0.34802 -0.77511 -0.52735 -0.58045 0.61546 -0.53319 -0.62013 -0.30669 -0.72206 -0.65804 -0.31117 -0.68568 -0.6959 0.37891 -0.61004 -0.41144 -0.77742 -0.47575 -0.66668 0.59857 -0.44414 -0.65898 0.61313 -0.43568 -0.45307 -0.7762 -0.43846 -0.71947 0.58014 -0.38184 -0.70356 0.6085 -0.36705 -0.4863 -0.7797 -0.39442 -0.75548 0.57937 -0.30591 -0.74198 0.60183 -0.29542 -0.51707 -0.78218 -0.3476 -0.78823 0.5708 -0.22998 -0.78045 0.58335 -0.22493 -0.54921 -0.78027 -0.29926 -0.81993 0.55103 -0.15519 -0.80949 0.56775 -0.14959 -0.57513 -0.77981 -0.24722 -0.84088 0.53586 -0.07603 -0.82413 0.5622 -0.06884 -0.58985 -0.78433 -0.19209 -0.84731 0.53104 0.00785 -0.93647 -0.32494 -0.13205 -0.94007 -0.33157 -0.0795 -0.95873 0.28371 0.01834 -0.61614 -0.78056 -0.10531 -0.86012 0.4934 0.12943 -0.84992 0.51024 0.13146 -0.62196 -0.78172 -0.04567 -0.85266 0.47728 0.21254 -0.84082 0.49729 0.21385 -0.61934 -0.78499 0.01413 -0.8358 0.463 0.29508 -0.83005 0.47314 0.29522 -0.61514 -0.78475 0.07604 -0.81581 0.43929 0.37614 -0.8118 0.44685 0.37591 -0.60482 -0.78433 0.13794 -0.79282 0.4046 0.45578 -0.49272 0.78551 0.37443 -0.51439 -0.84451 0.14902 -0.49076 -0.85551 0.16508 -0.35446 0.85131 0.38682 -0.63384 0.56749 0.52554 -0.53948 -0.79358 0.28141 -0.6823 0.35314 0.64012 -0.67817 0.36374 0.63858 -0.50454 -0.79495 0.3369 -0.62876 0.32332 0.70719 -0.61985 0.34895 0.70287 -0.45841 -0.80202 0.38291 -0.56307 0.30817 0.7668 -0.36889 0.70889 0.60116 -0.39115 -0.82921 0.39927 -0.01467 -0.37553 -0.92669 -0.05626 -0.37553 -0.9251 -0.01475 -0.49026 -0.87145 -0.05101 -0.49025 -0.87009 -0.02003 -0.58038 -0.8141 -0.04554 -0.58035 -0.81309 -0.02116 -0.83868 -0.54421 -0.10517 0.31624 -0.94283 -0.07514 -0.80103 -0.59389 -0.06524 -0.83745 -0.5426 -0.19085 0.50643 -0.8409 -0.10598 -0.839 -0.53372 -0.1046 -0.84202 -0.52922 -0.28209 0.48604 -0.82716 -0.14997 -0.83398 -0.53103 -0.1454 -0.84146 -0.52038 -0.36623 0.50196 -0.78353 -0.18776 -0.83841 -0.51168 -0.19153 -0.83347 -0.51831 -0.4791 0.29024 -0.82839 -0.26305 -0.79741 -0.54308 -0.22485 -0.84218 -0.49008 -0.5325 0.46499 -0.70727 -0.26514 -0.84062 -0.47228 -0.25989 -0.84556 -0.46636 -0.60409 0.46257 -0.64892 -0.35144 -0.79169 -0.49971 -0.5263 -0.55248 -0.64635 -0.55757 -0.55766 -0.61493 -0.31272 -0.84789 -0.42812 -0.70195 0.44926 -0.55265 -0.34855 -0.84732 -0.4007 -0.34521 -0.84973 -0.39848 -0.76159 0.42918 -0.48558 -0.37957 -0.84873 -0.36821 -0.3753 -0.8516 -0.36597 -0.81142 0.41632 -0.41021 -0.40784 -0.85035 -0.33251 -0.40173 -0.85421 -0.33005 -0.84884 0.41648 -0.32561 -0.42976 -0.85407 -0.29304 -0.42903 -0.85451 -0.29283 -0.88857 0.3868 -0.24663 -0.45404 -0.85432 -0.25294 -0.4524 -0.85528 -0.25264 -0.91698 0.36464 -0.1618 -0.47184 -0.85629 -0.21009 -0.46602 -0.85959 -0.20961 -0.93104 0.35792 -0.07115 -0.56325 -0.80887 -0.16874 -0.79961 -0.58134 -0.15056 -0.80147 -0.58856 -0.10605 -0.48675 -0.86187 -0.14231 -0.94877 0.31001 0.06101 -0.49658 -0.86271 -0.09557 -0.49236 -0.86505 -0.09627 -0.9463 0.28575 0.15122 -0.49658 -0.86662 -0.04866 -0.49163 -0.86937 -0.04998 -0.93331 0.26557 0.24166 -0.49108 -0.87111 -0.00202 -0.48819 -0.87273 -0.0031 -0.91628 0.22742 0.32972 -0.48227 -0.87488 0.04476 -0.47944 -0.8765 0.04338 -0.89071 0.1849 0.41527 -0.41244 -0.90887 0.06204 -0.28082 -0.95964 -0.015 -0.77772 0.38782 0.49472 -0.7389 0.41859 0.52802 -0.3146 -0.94747 0.05778 -0.42811 -0.89136 0.14897 -0.78043 0.10262 0.61676 -0.40514 -0.89364 0.19304 -0.4015 -0.89606 0.18941 -0.72264 0.06121 0.68851 -0.37204 -0.89946 0.22925 -0.36546 -0.90413 0.22134 -0.65463 0.0394 0.75492 -0.28111 -0.93935 0.19649 -0.16402 -0.98593 0.03232 -0.52655 0.30641 0.79301 -0.27385 -0.93445 -0.22762 -0.05033 0.99046 0.12826 -0.32797 -0.91476 -0.23589 -0.84227 -0.46956 -0.26474 -0.95815 -0.15041 -0.24359 -0.3914 -0.89788 -0.20152 -0.97278 0.20992 -0.09817 -0.47239 -0.85981 -0.19387 -0.86483 -0.48174 -0.1414 -0.96671 0.25554 -0.01332 -0.19047 -0.9704 -0.14849 -0.12276 -0.98211 -0.1428 -0.43404 -0.89481 -0.10448 -0.03849 0.98763 0.15201 -0.16568 -0.97722 -0.13262 -0.6672 0.71251 0.21721 0.10444 -0.97996 -0.16961 0.20631 -0.95979 -0.19035 -0.91773 -0.36935 0.14616 -0.44094 -0.89732 -0.01952 -0.90481 -0.35447 0.23593 -0.91346 0.23071 0.3352 -0.36427 -0.93125 -0.00855 -0.6324 -0.76022 0.14878 -0.63064 -0.76084 0.15302 -0.62756 -0.76374 0.15119 -0.61425 -0.76832 0.17994 -0.19648 -0.97843 -0.0638 -0.62032 0.64339 0.4486 -0.15292 -0.98513 -0.07834 -0.46178 0.78372 0.41538 -0.27498 -0.96143 0.00568 -0.56306 -0.78441 0.26013 -0.55797 -0.78948 0.25569 -0.53922 -0.79378 0.28134 -0.28295 -0.95765 0.05335 -0.55667 -0.75567 0.34508 -0.29538 0.86146 0.41308 -0.19067 -0.9816 0.01058 -0.09979 -0.99262 -0.06895 -0.26101 -0.95649 0.13041 -0.02835 0.97744 0.20932 -0.09981 -0.99329 -0.05838 -0.14676 -0.98877 0.02826 -0.38227 -0.8341 0.39768 -0.52463 -0.80072 0.28916 -0.53752 0.02749 0.84281 -0.02588 -0.38819 0.92122 -0.37986 0.24464 0.89211 -0.37623 0.26347 0.88828 -0.30183 -0.70765 0.63885 -0.29426 0.23819 0.92557 -0.30303 0.17552 0.93668 -0.22997 -0.68559 0.69071 -0.20999 0.18338 0.96035 -0.23186 -0.21894 0.94779 -0.17593 -0.22116 0.95924 -0.17593 -0.21869 0.9598 -0.12621 -0.22012 0.96727 -0.12621 -0.22103 0.96707 -0.07801 -0.22198 0.97193 -0.07521 -0.0404 0.99635 -0.02537 -0.25629 0.96627 -0.12342 0.70179 0.70161 -0.11081 -0.88057 0.46078 -0.0753 -0.90099 0.42726 -0.03864 0.74685 0.66387 -0.08963 -0.376 0.92227 -0.02627 -0.37679 0.92593 -0.08611 -0.52468 0.84694 -0.02218 -0.5255 0.8505 -0.07936 -0.65985 0.74719 -0.01896 -0.66064 0.75046 -0.46023 -0.17179 0.87102 -0.24424 -0.89313 0.37772 -0.24122 -0.89727 0.36975 -0.36953 -0.18189 0.91124 -0.1852 -0.90396 0.38542 -0.10108 -0.95483 0.27942 -0.0721 -0.98919 0.12767 -0.16913 0.09373 0.98113 -0.06977 -0.77468 0.62849 -0.01678 -0.77536 0.6313 -0.16178 -0.97825 0.12986 -0.19722 -0.94444 0.26294 -0.32787 0.30086 0.89553 -0.25435 -0.85446 0.45299 -0.20849 -0.85783 0.46975 -0.18201 -0.91034 0.37168 -0.26558 -0.32482 0.90772 -0.17888 -0.86179 0.47468 -0.14723 -0.86333 0.48269 -0.01943 -0.99153 -0.12839 -0.01263 -0.99273 -0.11966 -0.10183 -0.86685 0.48805 -0.47532 -0.78747 0.39238 -0.12631 -0.19584 0.97247 -0.03608 -0.96427 0.26244 -0.04977 -0.86858 0.49305 -0.01563 -0.86889 0.49476 -0.01557 -0.92215 0.38651 -0.05305 -0.83815 0.54286 -0.07033 -0.77661 0.62604 -0.04529 -0.98418 0.17126 -0.0163 0.96472 0.26277 0.01163 0.98714 0.15944 -0.10721 -0.97449 0.19717 -0.07614 -0.99634 0.03883 -0.12393 0.85948 0.49591 -0.23403 -0.94339 0.23503 -0.33084 -0.84414 0.42187 -0.21765 -0.95538 0.1997 -0.26716 -0.91954 0.28822 -0.44384 0.33915 0.82945 -0.38871 0.50537 0.77039 -0.3698 0.55349 0.74626 -0.51397 -0.07083 0.85488 0.58576 -0.65572 -0.47636 0.59676 -0.66427 -0.45014 0.80068 -0.32012 -0.50639 -0.72896 0.68169 -0.06259 -0.43799 -0.55754 0.70521 -0.65219 -0.65753 0.37723 -0.55502 -0.73023 0.39839 0.73138 -0.67264 -0.11238 -0.12533 -0.54621 -0.82822 -0.48746 0.59116 0.64258 -0.80836 -0.34853 -0.47443 -0.20405 0.6431 0.73809 0.82652 -0.52736 -0.19685 0.78544 -0.32833 0.52467 0.49452 -0.37567 0.78378 -0.22432 -0.4173 -0.88065 0.8888 -0.44537 -0.10811 0.06582 -0.93517 0.34803 0.06578 -0.93528 0.34773 0.09175 -0.93454 0.34383 0.092 -0.93398 0.34528 0.11767 -0.93299 0.34011 0.11819 -0.93207 0.34246 0.1438 -0.93084 0.33595 0.14374 -0.93093 0.33573 0.16879 -0.92946 0.32804 0.17006 -0.92782 0.33202 0.1945 -0.92615 0.32315 0.1954 -0.92511 0.32556 0.219 -0.92326 0.31565 0.22081 -0.92136 0.31992 0.24393 -0.91931 0.30882 0.24508 -0.91819 0.31122 0.26767 -0.91594 0.299 0.2702 -0.91365 0.30372 0.2922 -0.91122 0.29033 0.29444 -0.90929 0.29409 0.31576 -0.90669 0.27964 0.31738 -0.90537 0.2821 0.33791 -0.90261 0.26667 0.34144 -0.89983 0.27153 0.3611 -0.89695 0.25511 0.36389 -0.89482 0.2586 0.38271 -0.89179 0.24132 0.38508 -0.89004 0.24403 0.40298 -0.88689 0.22592 0.40779 -0.88338 0.23095 0.42489 -0.88012 0.2118 0.4284 -0.8776 0.21516 0.44465 -0.87421 0.19506 0.44928 -0.87093 0.1991 0.46466 -0.86742 0.17797 0.46815 -0.86497 0.18074 0.48244 -0.8614 0.15889 0.48614 -0.85882 0.16157 0.49943 -0.85513 0.139 0.50255 -0.85297 0.14104 0.51481 -0.84918 0.11773 0.51863 -0.84654 0.11999 0.52973 -0.84271 0.09605 0.5337 -0.83996 0.09816 0.54366 -0.83607 0.0736 0.54818 -0.83292 0.07575 0.55702 -0.82897 0.05026 0.55955 -0.8272 0.05132 0.56719 -0.8232 0.02519 0.57151 -0.82016 0.02677 0.57796 -0.81606 0.00013 0.57838 -0.81577 0.00026 0.58356 -0.81163 -0.02653 0.58537 -0.81034 -0.02605 0.5891 -0.8063 -0.05326 0.59139 -0.80466 -0.05278 0.59383 -0.80056 -0.08043 0.59426 -0.80025 -0.08036 0.59525 -0.79622 -0.10819 0.59717 -0.79481 -0.10797 0.59703 -0.7906 -0.13605 0.59635 -0.7911 -0.13609 0.5947 -0.78699 -0.16424 0.59613 -0.78592 -0.16421 0.59303 -0.78183 -0.1925 0.59236 -0.78234 -0.19249 0.58807 -0.77815 -0.22056 0.58515 -0.78042 -0.22033 0.57926 -0.77654 -0.24789 0.57859 -0.77706 -0.24781 0.57135 -0.77318 -0.27523 0.57025 -0.77406 -0.27503 0.56174 -0.7701 -0.30231 0.56114 -0.7706 -0.30217 0.55125 -0.76668 -0.32914 0.54959 -0.76807 -0.32867 0.53829 -0.76434 -0.35501 0.53622 -0.76612 -0.3543 0.52371 -0.76239 -0.38012 0.52083 -0.76493 -0.37897 0.50706 -0.76132 -0.40408 0.50606 -0.76223 -0.40362 0.49118 -0.75869 -0.42793 0.48769 -0.76197 -0.42611 0.4717 -0.75862 -0.44944 0.47025 -0.76002 -0.44859 0.4531 -0.75677 -0.47117 0.45071 -0.75917 -0.46959 0.43239 -0.75602 -0.4914 0.43133 -0.75713 -0.49062 0.42565 -0.75628 -0.49684 0.29341 -0.86269 -0.41192 0.39892 -0.75515 -0.5202 0.38952 -0.75373 -0.5293 0.388 -0.75549 -0.52791 0.367 -0.75274 -0.54654 0.36671 -0.75308 -0.54625 0.34479 -0.75041 -0.56393 0.3397 -0.75704 -0.55812 0.31722 -0.75468 -0.5743 0.31732 -0.75454 -0.57443 0.29415 -0.75226 -0.58956 0.29396 -0.75254 -0.58929 0.26994 -0.75042 -0.60333 0.26609 -0.75672 -0.59713 0.24162 -0.7549 -0.60971 0.24369 -0.75117 -0.61348 0.2185 -0.7494 -0.62502 0.21606 -0.75435 -0.6199 0.19076 -0.75287 -0.62992 0.19094 -0.75245 -0.63037 0.16514 -0.75113 -0.63917 0.1648 -0.75203 -0.63819 0.13851 -0.75088 -0.64575 0.13699 -0.75569 -0.64044 0.11064 -0.75479 -0.64657 0.11023 -0.75636 -0.6448 0.08388 -0.75567 -0.64956 0.08432 -0.75336 -0.65218 0.05707 -0.75283 -0.65574 0.05697 -0.75358 -0.65489 0.02968 -0.75324 -0.65707 0.02973 -0.75244 -0.65799 0.01278 -0.79954 -0.60048 0.90887 -0.40789 -0.08703 0.9833 0.17657 0.04402 0.99835 -0.0563 0.01171 0.99648 -0.06292 0.05537 0.98623 -0.0641 0.15244 0.99124 -0.05893 0.11819 0.74766 0.63882 0.18143 0.99376 -0.06079 0.09356 0.99687 -0.05524 0.05649 0.95268 -0.06813 0.29625 0.96664 -0.06054 0.24888 0.69384 -0.71619 0.07523 0.60693 -0.78908 0.09485 0.95532 0.18163 0.23317 0.97797 -0.06423 0.19864 0.98648 -0.05752 0.15343 0.91941 -0.06752 0.38746 0.93623 -0.06097 0.34605 0.92433 0.19645 0.32713 0.85236 -0.06845 0.51846 0.87685 -0.06177 0.47679 0.8769 -0.06976 0.47559 0.89218 -0.0651 0.44696 0.70673 0.5562 0.43724 0.90292 -0.06603 0.42471 0.91945 -0.06035 0.38856 0.79693 -0.07229 0.59974 0.79822 -0.072 0.59804 0.82248 -0.00183 0.56879 0.99971 0.0153 0.01837 0.85227 -0.06188 0.51943 0.40145 0.76759 0.49964 0.77043 -0.07244 0.6334 0.79681 -0.06683 0.60052 0.62556 -0.07681 0.77639 0.66337 -0.07116 0.7449 0.6634 -0.07231 0.74476 0.6211 -0.07849 0.77979 0.68921 0.05497 0.72248 0.95145 -0.00892 0.30768 0.7336 -0.06771 0.6762 0.54493 -0.07451 0.83516 0.56261 -0.07241 0.82355 0.58228 -0.00986 0.81293 0.45895 -0.07962 0.88489 0.4928 -0.07625 0.8668 0.38186 0.52469 0.76084 0.51436 -0.07586 0.85421 0.54486 -0.07245 0.83539 0.3213 -0.07673 0.94386 0.36827 -0.07354 0.9268 0.36831 -0.07473 0.9267 0.22794 -0.08413 0.97003 0.4042 0.06878 0.91208 0.57965 -0.06195 0.8125 0.45878 -0.07427 0.88544 0.2225 -0.07812 0.9718 0.15434 -0.08104 0.98469 0.26793 0.0416 0.96254 0.47799 -0.06306 0.8761 0.32123 -0.07392 0.94411 0.04353 -0.7523 -0.65738 0.05582 -0.67541 -0.73533 0.03478 -0.67566 -0.73639 0.02489 -0.82997 -0.55725 0.10561 0.24066 -0.96485 0.0618 -0.85041 -0.52248 0.09976 -0.63016 -0.77003 0.13901 -0.62967 -0.76432 0.10106 -0.80192 -0.58882 0.25333 0.23099 -0.9394 0.12098 -0.84966 -0.51327 0.12377 -0.84396 -0.52194 0.34834 0.22221 -0.91065 0.16022 -0.84921 -0.50317 0.11684 -0.90703 -0.40453 0.40524 0.51265 -0.75695 0.45153 0.48336 -0.74999 0.12702 -0.93009 -0.34466 0.1916 -0.8737 -0.44714 0.56825 0.19676 -0.79899 0.2527 -0.85228 -0.45799 0.25792 -0.84724 -0.46439 0.64634 0.18809 -0.7395 0.28709 -0.85397 -0.43396 0.29271 -0.84919 -0.43954 0.71716 0.19198 -0.66994 0.31826 -0.85688 -0.40554 0.32598 -0.851 -0.41175 0.78211 0.17696 -0.59749 0.34884 -0.85863 -0.37559 0.35839 -0.85194 -0.38177 0.83966 0.15037 -0.52188 0.3789 -0.85917 -0.3439 0.27273 -0.91794 -0.2881 0.8225 0.43976 -0.36071 0.85108 0.41012 -0.32781 0.24201 -0.94217 -0.23182 0.3709 -0.88593 -0.27851 0.94468 0.1236 -0.3038 0.43355 -0.866 -0.24918 0.44515 -0.85933 -0.25179 0.97243 0.09208 -0.21423 0.45158 -0.86752 -0.20854 0.45979 -0.86295 -0.20955 0.98963 0.07912 -0.11986 0.4623 -0.87113 -0.16556 0.47172 -0.86602 -0.16579 0.99807 0.05691 -0.02501 0.46866 -0.87494 -0.12182 0.48026 -0.86875 -0.12096 0.99766 0.01446 0.06688 0.47302 -0.87766 -0.07722 0.35378 -0.93036 -0.09629 0.94303 0.26921 0.19552 0.94067 0.24104 0.23883 0.29209 -0.95395 -0.06834 0.42484 -0.9048 -0.02897 0.95319 -0.0585 0.29665 0.45318 -0.89088 0.03101 0.46387 -0.88518 0.03566 0.9183 -0.11169 0.3798 0.44026 -0.89484 0.07374 0.33289 -0.94283 0.01604 0.85655 0.13721 0.49748 0.83763 0.10129 0.53676 0.25982 -0.96545 0.02011 0.37164 -0.92296 0.10017 0.79354 -0.19558 0.57623 0.37547 -0.91213 0.16444 0.3826 -0.90796 0.17093 0.72827 -0.24217 0.64108 0.34516 -0.91741 0.19806 0.34844 -0.91539 0.20164 0.65774 -0.26931 0.70345 0.30743 -0.92476 0.22429 0.21795 -0.96991 0.10849 0.58185 -0.00434 0.81329 0.53168 0.08403 0.84277 0.15704 -0.98309 0.09421 0.24901 -0.93463 0.2539 0.44375 -0.41863 0.79236 0.22194 -0.92009 0.32276 0.22336 -0.91861 0.32599 0.35626 -0.43166 0.8287 0.17215 -0.92493 0.33892 0.17276 -0.92416 0.3407 0.26478 -0.43473 0.86076 0.11909 -0.93033 0.34685 0.08281 -0.97705 0.19627 0.17598 -0.11083 0.97813 0.12633 -0.13117 0.98328 0.07168 -0.58022 -0.8113 0.04597 -0.58062 -0.81288 0.08659 -0.49414 -0.86506 0.05056 -0.49473 -0.86758 0.01697 -0.38364 -0.92333 0.0549 -0.38373 -0.92181 0.01854 -0.28075 -0.9596 0.05758 -0.28087 -0.95802 0.05275 0.48662 -0.87202 0.05951 -0.73435 -0.67616 0.14667 0.25133 -0.95672 0.13816 -0.33029 -0.93371 0.18872 -0.33421 -0.92341 0.19252 0.48315 -0.85411 0.145 -0.73005 -0.66783 0.27973 0.50487 -0.81661 0.28401 0.47337 -0.83382 0.20019 -0.73095 -0.65241 0.32718 0.68861 -0.64712 0.17565 0.94658 -0.27044 0.21427 -0.79996 -0.5605 0.23918 -0.79711 -0.55444 0.30362 0.87682 -0.37284 0.49408 0.46825 -0.73255 0.33154 -0.7343 -0.59236 0.56424 0.48184 -0.67042 0.56911 0.46347 -0.6792 0.38026 -0.73603 -0.56005 0.63175 0.48003 -0.60866 0.63642 0.46466 -0.61568 0.42425 -0.74028 -0.52154 0.69412 0.4723 -0.54326 0.70299 0.44522 -0.55461 0.46948 -0.7398 -0.48195 0.75098 0.45995 -0.47379 0.76023 0.43344 -0.48392 0.51183 -0.7387 -0.43858 0.71314 0.62612 -0.31527 0.41587 0.90268 -0.11056 0.47169 -0.80508 -0.35965 0.48878 -0.80409 -0.33843 0.56726 0.81574 -0.11308 0.86749 0.40759 -0.28517 0.59299 -0.74344 -0.30927 0.88791 0.41694 -0.19436 0.90094 0.38382 -0.20246 0.62201 -0.74103 -0.25295 0.91021 0.39961 -0.10879 0.91803 0.38013 -0.11281 0.63881 -0.74467 -0.19335 0.92122 0.38854 -0.01967 0.93043 0.36573 -0.02349 0.65241 -0.74635 -0.13157 0.92486 0.37388 0.06957 0.93822 0.33984 0.06516 0.66379 -0.74484 -0.06776 0.8265 0.53297 0.18124 0.50606 0.84258 0.18429 0.58807 -0.80841 -0.02548 0.58818 -0.80873 0.00326 0.6233 0.73277 0.27304 0.91225 0.29075 0.28854 0.65352 -0.75116 0.09313 0.87638 0.30063 0.37627 0.88996 0.25894 0.37541 0.64203 -0.74997 0.15921 0.76604 0.45173 0.4573 0.48749 0.79224 0.36704 0.55105 -0.81618 0.17378 0.54229 -0.81518 0.20348 0.56261 0.66463 0.49167 0.78802 0.20741 0.57966 0.56939 -0.76157 0.30952 0.72558 0.21839 0.65256 0.73481 0.17854 0.65435 0.53177 -0.76287 0.36776 0.66602 0.19002 0.72133 0.67222 0.15929 0.72301 0.48461 -0.76809 0.41856 0.54345 0.35443 0.76094 0.3627 0.7243 0.58637 0.39686 -0.82215 0.40814 0.15478 0.57091 0.80629 0.11823 -0.8523 0.50952 0.08539 -0.84978 0.52017 -0.02562 -0.95119 0.30754 0.04469 0.52107 -0.85234 0.08143 -0.5186 -0.85113 0.06911 -0.67074 -0.73846 0.10935 0.80809 -0.57882 0.10926 -0.75986 -0.64084 0.07638 -0.8699 -0.48728 0.21625 0.64285 -0.73483 0.21714 0.79024 -0.57303 0.15568 -0.82343 -0.54564 0.09507 -0.91775 -0.3856 0.28872 0.77548 -0.56149 0.26753 0.86679 -0.42084 0.11096 -0.93337 -0.34133 0.35565 -0.55348 -0.75311 0.42416 0.69051 -0.5859 0.3083 -0.7666 -0.56328 0.39739 -0.61951 -0.67698 0.53058 0.58847 -0.61007 0.48562 -0.57211 -0.66096 0.3781 -0.7424 -0.55307 0.57156 0.63387 -0.52108 0.64052 -0.36295 -0.67676 0.32638 -0.84111 -0.43128 0.6913 0.48117 -0.53905 0.64429 0.63885 -0.42043 0.33107 -0.87027 -0.36471 0.65483 -0.51024 -0.55754 0.73548 0.54934 -0.3966 0.58933 -0.67765 -0.43988 0.57946 -0.6889 -0.43548 0.71317 0.64496 -0.27463 0.69433 -0.59693 -0.40198 0.30701 -0.91417 -0.26464 0.82157 -0.41922 -0.38635 0.54642 0.83495 -0.06544 0.51409 0.85742 -0.02321 0.97405 0.01392 -0.22592 0.28953 -0.93825 -0.18935 0.56841 -0.79005 -0.22964 0.78903 0.61417 -0.01519 0.68597 -0.70967 -0.16065 0.97137 -0.20603 -0.11827 0.99436 -0.09502 -0.04716 0.90701 -0.41191 -0.08752 0.99987 -9E-05 0.01584 0.98406 -0.17753 -0.01055 0.98214 -0.18459 0.03635 0.9833 -0.17814 0.03734 0.97908 -0.18517 0.08435 0.97992 -0.18031 0.08514 0.97339 -0.18754 0.13171 0.97433 -0.1819 0.13268 0.96556 -0.1889 0.17891 0.96635 -0.18394 0.1798 0.95523 -0.19099 0.22595 0.95606 -0.18558 0.22696 0.94264 -0.19261 0.27264 0.93057 -0.25876 0.25901 0.92029 0.13469 0.36733 0.9271 -0.19082 0.3226 0.91062 -0.19721 0.36314 0.91144 -0.19097 0.36443 0.89155 -0.19776 0.40746 0.89215 -0.19286 0.4085 0.87006 -0.19948 0.45078 0.87025 -0.19778 0.45115 0.84606 -0.20457 0.49228 0.84655 -0.20005 0.49328 0.82026 -0.20672 0.53333 0.82086 -0.20077 0.53468 0.79243 -0.2072 0.57369 0.79284 -0.20275 0.57471 0.76257 -0.20901 0.61221 0.7187 0.2512 0.64836 0.71333 -0.34581 0.60957 0.7323 -0.20798 0.64844 0.69725 -0.21412 0.6841 0.6975 -0.21061 0.68493 0.66184 -0.21633 0.71775 0.66221 -0.21067 0.7191 0.62475 -0.21607 0.75034 0.62464 -0.21783 0.74992 0.58553 -0.22003 0.78022 0.58562 -0.21835 0.78062 0.95806 -0.10766 0.26557 0.41612 -0.75154 0.51189 0.43046 0.39387 0.81214 0.4824 0.13742 0.8651 0.3846 -0.67541 0.62921 0.39561 0.14583 0.90677 0.39704 0.13304 0.90811 0.31024 -0.67962 0.66473 0.30729 0.13554 0.94191 0.30775 0.12992 0.94255 0.23012 -0.68676 0.68949 0.21988 0.09158 0.97122 0.22089 -0.35597 0.90802 0.16386 0.19323 0.96737 0.17008 -0.23023 0.95816 0.12636 -0.23144 0.96461 0.12634 -0.23248 0.96436 0.07727 -0.07853 0.99391 0.12576 -0.07762 0.98902 0.12576 -0.07893 0.98892 0.16989 -0.07768 0.9824 0.19507 0.33689 0.92112 0.07687 -0.04726 0.99592 0.07587 -0.23343 0.96941 0.07428 -0.38481 0.92 0.06431 0.509 0.85836 0.08678 -0.53155 0.84257 0.08032 -0.66358 0.74378 0.07093 -0.77763 0.62471 0.05915 -0.86883 0.49156 0.02256 -0.99292 0.11663 0.03925 -0.93597 0.3499 0.03931 -0.93567 0.35067 0.01515 -0.93621 0.35111 0.01524 -0.86941 0.49385 0.0163 -0.77835 0.62762 0.01838 -0.66439 0.74716 0.02141 -0.53239 0.84623 0.02532 -0.38526 0.92246 0.02946 -0.24648 0.9687 0.02449 -0.3709 0.92835 0.02575 0.07514 0.99684 0.02509 -0.07759 0.99667 -0.45908 -0.86002 0.22274 -0.59109 -0.73841 0.32459 -0.01475 -0.76471 -0.6442 -0.0138 -0.94349 0.33111 -0.07484 -0.93731 0.34037 -0.13185 -0.93942 0.3164 -0.18522 -0.94102 0.28317 -0.21457 -0.92106 0.32498 -0.28482 -0.91546 0.28427 -0.51748 -0.85049 0.09422 -0.57469 -0.81506 0.07352 -0.56135 -0.8258 0.05415 -0.56783 -0.82313 0.00504 -0.35406 -0.91101 -0.21145 -0.38189 -0.88984 -0.24967 -0.26953 -0.81856 -0.50727 -0.25821 -0.80054 -0.5408 -0.26435 -0.75496 -0.60012 -0.29082 -0.63897 -0.71213 -0.14584 -0.76204 -0.6309 -0.10665 -0.76501 -0.63513 -0.53545 -0.47004 -0.70168 -0.40527 -0.71796 -0.56595 -0.47807 -0.72014 -0.50285 -0.53592 -0.6393 -0.55144 -0.62721 -0.48377 -0.61039 -0.64334 -0.56117 -0.52078 -0.74621 -0.4974 -0.44245 -0.78571 -0.53107 -0.3172 -0.81408 -0.57863 0.04965 -0.77129 -0.62071 0.14087 -0.78227 -0.59899 0.17107 -0.39916 -0.89501 0.19905 -0.41648 -0.87629 0.24222 -0.41233 -0.87332 0.25939 -0.53936 -0.69981 0.46835 -0.40286 -0.68554 -0.60642 -0.33171 -0.68753 -0.64597 -0.65081 -0.751 0.11157 -0.54321 -0.72119 -0.42989 -0.47816 -0.72009 -0.50283 -0.523 -0.80059 0.29245 -0.6329 -0.77361 -0.03097 -0.6329 -0.77361 -0.03098 -0.62788 -0.77404 -0.08141 -0.64894 -0.74858 -0.13605 -0.62194 -0.76475 -0.16836 -0.57233 -0.7544 -0.32144 -0.51039 -0.7716 -0.37966 -0.46904 -0.72634 -0.50242 -0.41429 -0.74673 -0.52034 -0.39819 -0.74013 -0.5419 -0.32884 -0.79521 -0.50942 -0.25251 -0.76353 -0.59436 -0.19951 -0.75132 -0.62905 -0.1877 -0.73836 -0.64776 -0.08064 -0.74845 -0.65827 -0.0601 -0.76097 -0.64599 -0.5208 -0.83868 0.15931 -0.12616 -0.86006 0.49435 -0.45992 -0.85916 0.22432 -0.46066 -0.86921 0.17962 -0.49609 -0.85405 0.15651 -0.5401 -0.82288 -0.17652 -0.12239 -0.90744 0.40195 -0.32797 -0.88943 0.31835 -0.38345 -0.87514 0.29511 -0.36017 -0.88722 0.28832 -0.13475 -0.884 0.44765 -0.23775 -0.85971 0.45207 -0.4634 -0.81267 0.35332 -0.01969 -0.72045 0.69322 -0.14159 -0.80464 0.57663 -0.21132 -0.72407 0.65655 -0.30134 -0.78531 0.54082 -0.40516 -0.74905 0.52418 -0.50073 -0.74056 0.44816 -0.51305 -0.73023 0.45116 -0.45814 -0.53271 -0.71157 -0.41259 -0.5315 -0.73978 -0.42651 -0.52399 -0.73724 -0.34515 -0.49292 -0.79869 -0.28695 -0.52742 -0.79968 -0.25471 -0.49487 -0.8308 -0.14629 -0.52164 -0.84053 -0.12616 -0.49513 -0.85961 -0.03901 -0.51935 -0.85367 -0.48072 -0.59561 -0.64354 -0.43002 -0.66397 -0.61174 -0.33122 -0.64448 -0.68916 -0.25718 -0.6266 -0.73568 -0.21084 -0.6603 -0.7208 -0.12792 -0.63546 -0.76147 -0.09838 -0.6545 -0.74963 -0.04564 -0.64089 -0.76628 -0.00908 -0.57742 -0.8164 -0.67084 -0.56735 -0.47759 -0.64829 -0.54495 -0.53174 -0.7131 -0.5841 0.3877 -0.66439 -0.64459 0.37829 -0.69883 -0.66997 0.25057 -0.72604 -0.63937 0.25311 -0.78811 -0.61537 0.01444 -0.7995 -0.59191 -0.10218 -0.79808 -0.59345 -0.10437 -0.79337 -0.56979 -0.21423 -0.77199 -0.58553 -0.24735 -0.79251 -0.51627 -0.32464 -0.30192 -0.78806 0.53647 -0.37706 -0.77376 0.50904 -0.58467 -0.75204 0.3043 -0.6127 -0.75788 0.2241 -0.65766 -0.72076 0.21908 -0.70648 -0.7021 0.08908 -0.71248 -0.70116 0.02733 -0.67646 -0.68474 -0.27117 -0.65333 -0.69446 -0.30148 -0.66923 -0.65175 -0.35688 -0.63574 -0.63718 -0.43571 -0.56914 -0.604 -0.55791 0.34712 -0.82885 0.43876 0.50621 -0.68102 -0.52911 -0.50699 -0.70181 -0.50042 0.55699 -0.61306 -0.56029 0.45414 -0.81765 0.35384 0.51581 -0.71977 0.46463 0.5658 -0.66305 0.49014 0.43007 -0.85331 0.2948 0.7749 -0.60807 0.17255 0.83526 -0.54867 0.03622 0.80877 -0.57658 -0.11594 0.82807 -0.50945 -0.23401 0.77343 -0.53261 -0.34369 0.7678 -0.48171 -0.42243 0.70282 -0.49319 -0.51265 0.69854 -0.53734 -0.47254 0.63185 -0.47536 -0.61221 0.61898 -0.53724 -0.57291 0.47917 -0.69593 -0.53487 0.41875 -0.74119 -0.52467 0.40921 -0.76969 -0.49002 0.4229 -0.69329 -0.58353 0.5694 -0.41599 -0.70904 0.45526 -0.52597 -0.71839 0.42703 -0.43719 -0.79152 0.02742 -0.42054 -0.90686 0.01377 -0.91768 -0.39709 0.03564 -0.71341 -0.69984 0.05705 -0.753 -0.65554 0.07992 -0.77473 -0.62722 0.10359 -0.78053 -0.61647 0.13131 -0.77262 -0.62114 0.16707 -0.74767 -0.64271 0.16687 -0.74663 -0.64397 0.18136 -0.77331 -0.60754 0.20116 -0.78256 -0.58918 0.22857 -0.77721 -0.58627 0.29 -0.74067 -0.60605 0.30263 -0.69315 -0.65419 0.2922 -0.75515 -0.58682 0.29373 -0.78554 -0.54465 0.30625 -0.79729 -0.52013 0.33078 -0.79426 -0.50965 0.52701 -0.641 -0.55801 0.39854 -0.75561 -0.51982 0.37073 -0.77475 -0.51217 0.55983 -0.8246 0.08143 0.64544 -0.75855 0.08949 0.57613 -0.81366 0.0776 0.54507 -0.83822 0.01694 0.54765 -0.83666 -0.00952 0.57154 -0.82003 -0.02979 0.62116 -0.78233 -0.04603 0.60838 -0.79242 -0.04412 0.58933 -0.8038 -0.08121 0.58805 -0.80143 -0.10909 0.60188 -0.78695 -0.13584 0.6022 -0.78674 -0.13565 0.57092 -0.8043 -0.16481 0.55963 -0.80629 -0.19162 0.56675 -0.79426 -0.21897 0.59342 -0.76523 -0.24956 0.60283 -0.75556 -0.25637 0.55856 -0.78324 -0.27301 0.5292 -0.7956 -0.2949 0.52146 -0.79068 -0.32077 0.53477 -0.76735 -0.35382 0.54795 -0.75056 -0.36933 0.51107 -0.77334 -0.37516 0.47692 -0.7875 -0.39038 0.46232 -0.78468 -0.41297 0.46531 -0.76474 -0.44572 0.46222 -0.77032 -0.43926 0.44632 -0.76352 -0.46673 0.43996 -0.74613 -0.49973 0.47743 -0.87347 0.09542 0.50742 -0.8576 0.084 0.20714 -0.97782 -0.03112 0.23385 -0.97227 0.00101 0.54243 -0.79908 0.25932 0.47727 -0.8497 0.22412 0.41943 -0.884 0.20646 0.40241 -0.88865 0.21994 0.39532 -0.89237 0.21772 0.37714 -0.89373 0.24293 0.3895 -0.88668 0.24918 0.34834 -0.90643 0.23883 0.32398 -0.91321 0.24714 0.30967 -0.90782 0.28277 0.32943 -0.89498 0.30082 0.27742 -0.92347 0.26504 0.24669 -0.9338 0.25915 0.2302 -0.93214 0.2795 0.22474 -0.91337 0.33947 0.23337 -0.90702 0.35051 0.18801 -0.93357 0.30512 0.15666 -0.94445 0.28893 0.13371 -0.94537 0.2973 0.11604 -0.93602 0.33227 0.11382 -0.93232 0.34325 0.08255 -0.95412 0.28782 0.05558 -0.96374 0.26097 0.03324 -0.96382 0.26447 0.01551 -0.95592 0.29321 0.26306 -0.86046 0.43635 0.26304 -0.86467 0.42797 0.36055 -0.85073 0.38245 0.02152 -0.85203 0.52306 0.14069 -0.86096 0.48884 0.13615 -0.85061 0.50787 0.399 -0.82061 0.40915 0.45148 -0.80574 0.38333 0.01584 -0.79489 0.60655 0.49268 -0.77063 0.40422 0.17363 -0.73891 0.65105 0.17768 -0.76543 0.61851 0.31449 -0.74845 0.58388 0.31754 -0.76339 0.5625 0.43532 -0.72205 0.53771 0.43552 -0.72329 0.53588 0.00345 -0.87223 0.48909 0.38458 -0.88893 0.24879 0.44687 -0.87836 0.1697 0.51063 -0.82605 0.23854 0.46262 -0.87843 0.11978 0.87255 0.02381 0.48794 0.58207 -0.74797 0.31897 0.65099 -0.7294 0.2102 0.73564 -0.67491 -0.05767 0.69969 -0.70078 -0.13904 0.72801 -0.65992 -0.18577 0.55632 -0.61932 -0.55404 0.60955 -0.71399 0.34449 0.73553 -0.65112 -0.18719 0.77286 -0.57259 -0.27354 0.7505 -0.57739 -0.32153 0.72089 -0.60622 -0.33589 0.66629 -0.59091 -0.45484 0.62675 -0.62806 -0.46123 0.65595 -0.63234 0.41216 0.63707 -0.68447 0.35448 0.71556 -0.62985 0.3021 0.7024 -0.66823 0.24517 0.76948 -0.61895 0.1575 0.77455 -0.62678 0.08494 0.79467 -0.60531 -0.04574 0.82695 -0.54942 -0.11956 0.61457 -0.5215 -0.59189 0.55936 -0.79028 0.25014 0.62192 -0.77679 0.0991 0.64541 -0.75813 0.0932 0.69313 -0.72044 0.02308 0.68317 -0.73015 -0.01309 0.62123 -0.73942 -0.25948 0.65598 -0.68052 -0.32646 0.57238 -0.72794 -0.37748 0.58391 -0.69331 -0.42233 0.52024 -0.82276 0.22895 0.44563 -0.71709 -0.53591 0.04239 -0.73384 -0.678 0.4035 -0.67341 -0.61944 0.28635 -0.72076 -0.63128 0.3193 -0.6924 -0.64701 0.18509 -0.6947 -0.69508 0.18827 -0.69152 -0.69739 0.05104 -0.70471 -0.70766 0.05361 -0.71223 -0.69989 0.44141 -0.62895 -0.63999 0.43918 -0.55096 -0.70963 0.4421 -0.55791 -0.70234 0.34479 -0.60745 -0.71563 0.30449 -0.54692 -0.77985 0.20508 -0.62425 -0.75383 0.1462 -0.54533 -0.82537 0.09654 -0.5552 -0.8261 0.07004 -0.58246 -0.80983 0.30744 -0.53524 -0.78677 0.28251 -0.47703 -0.83225 0.17439 -0.50894 -0.84296 0.31104 -0.69314 -0.65024 0.2146 -0.87082 -0.44229 0.23922 -0.83941 -0.48802 0.22705 -0.88792 -0.40006 0.22372 -0.88659 -0.40486 0.25747 -0.87109 -0.41822 0.26996 -0.89019 -0.36698 0.29974 -0.87829 -0.3725 0.27378 -0.90579 -0.32341 0.32921 -0.88699 -0.32384 0.36264 -0.88513 -0.29161 0.31481 -0.90815 -0.27597 0.36629 -0.90814 -0.20276 0.41516 -0.88636 -0.20497 0.45682 -0.88873 -0.0385 0.36917 -0.92578 -0.08152 0.27522 -0.94811 -0.15918 0.42548 -0.89966 0.09786 0.29194 -0.95559 -0.04017 0.34067 -0.9382 0.06111 0.4169 -0.89879 0.13552 0.74461 -0.54698 0.38258 0.31087 -0.94136 0.13119 0.28373 -0.95554 0.08024 0.21042 -0.96888 0.13037 0.32405 -0.93251 0.15944 0.23046 -0.96546 0.12156 0.30586 -0.89783 0.31679 0.23644 -0.94274 0.23524 0.15878 -0.96904 0.18909 0.13491 -0.9535 0.26951 0.15828 -0.93665 0.31247 0.06182 -0.96768 0.24447 0.058 -0.94379 0.32542 0.17055 -0.88303 -0.43723 0.19442 -0.85251 -0.48521 0.16068 -0.85425 -0.49441 0.13341 -0.87266 -0.46975 0.12398 -0.85143 -0.5096 0.10158 -0.86459 -0.4921 0.09145 -0.84719 -0.52337 0.06376 -0.86903 -0.49064 0.05973 -0.8367 -0.5444 0.01825 -0.84662 -0.53189 0.00468 -0.87201 -0.48946 -0.10233 -0.98732 0.12139 -0.03551 -0.28977 -0.95644 -0.28168 0.83835 0.46672 -0.11984 0.91719 0.38 0.82721 -0.28959 0.48152 0.33813 -0.90726 0.25008 0.20036 -0.9471 -0.25071 -0.04792 -0.9176 0.39461 -0.01596 -0.96848 0.24858 -0.07308 -0.97368 0.21587 -0.1478 -0.9524 0.26664 -0.22206 -0.88564 0.40783 -0.28228 -0.93167 0.22871 -0.17789 -0.97172 0.15532 -0.24889 -0.95661 0.15152 -0.74866 0.5829 0.31582 -0.31245 -0.93714 0.1554 -0.24603 -0.95694 0.15404 -0.38798 -0.90536 0.17259 -0.2777 -0.96067 -0.00188 -0.32705 -0.93807 0.1143 -0.36295 -0.91798 0.15996 -0.41722 -0.90808 0.03626 -0.3369 -0.94103 -0.03105 -0.33743 -0.93821 -0.07682 -0.43893 -0.89593 -0.06824 -0.3221 -0.93627 -0.14014 -0.42363 -0.88888 -0.17442 -0.32313 -0.92482 -0.20076 -0.32814 -0.90572 -0.26832 -0.25305 -0.93496 -0.24865 -0.37443 -0.86968 -0.32164 -0.26352 -0.90991 -0.32034 -0.31534 -0.875 -0.36733 -0.3319 -0.84273 -0.42384 -0.23851 -0.89422 -0.3788 -0.25725 -0.88648 -0.38467 -0.22484 -0.87985 -0.4187 -0.23073 -0.87708 -0.42129 -0.19862 -0.86238 -0.46568 -0.21784 -0.86454 -0.45289 -0.19707 -0.85452 -0.48058 -0.19626 -0.86882 -0.45458 -0.19837 -0.86669 -0.4577 -0.16793 -0.85665 -0.48781 -0.13968 -0.8741 -0.46522 -0.13981 -0.84827 -0.51077 -0.09438 -0.87536 -0.47417 -0.05562 -0.86189 -0.50404 -0.09527 -0.8368 -0.53916 -0.05534 -0.85062 -0.52286 -0.02352 -0.82831 -0.55978 0.34998 0.73843 -0.5764 0.44243 0.68245 -0.58183 0.50786 0.72242 -0.46924 0.79991 0.59951 0.02688 0.82671 0.55862 -0.06699 0.72326 0.46198 0.51329 0.71251 0.52421 0.4664 0.82072 0.46911 0.32613 0.82727 0.45499 0.32956 0.78142 0.59496 0.18816 0.85307 0.51386 0.09067 0.47998 0.42267 0.76874 0.0231 0.74284 0.66907 0.07633 0.80352 0.59037 0.20806 0.80421 0.55674 0.35725 0.82421 0.43938 0.38503 0.72592 0.56991 0.27722 0.78123 0.55931 0.45029 0.78793 0.42001 0.55639 0.7926 0.24942 0.51197 0.83794 0.18907 0.58606 0.80062 0.12466 0.51848 0.84869 0.1044 0.50945 0.8601 0.02635 0.23219 0.93857 -0.25529 0.15592 0.94342 -0.29265 0.07193 0.94321 -0.32432 0.00564 0.95162 -0.30723 0.01997 0.78293 -0.62179 0.55791 0.82976 -0.01554 0.50542 0.86232 -0.03098 0.48911 0.86742 -0.09135 0.51184 0.84934 -0.12898 0.46907 0.87102 -0.14592 0.46113 0.86533 -0.19637 0.38931 0.90212 -0.18604 0.36537 0.89676 -0.24965 0.34747 0.90596 -0.24186 0.29232 0.9038 -0.31257 0.1559 0.92359 -0.35024 0.11343 0.91287 -0.39218 0.58919 0.7618 0.2693 0.54375 0.7769 0.31743 0.53124 0.76271 0.36885 0.51002 0.7738 0.37566 0.46435 0.77869 0.42191 0.36858 0.75815 0.53791 0.30507 0.76017 0.57366 0.18359 0.76866 0.61275 0.15595 0.79238 0.58976 0.03209 0.76987 0.6374 0.01812 0.83174 -0.55487 0.10896 0.87167 -0.47782 0.29963 0.81095 -0.50258 0.32629 0.85973 -0.39294 0.46979 0.77751 -0.41805 0.46374 0.80499 -0.37004 0.53533 0.78994 -0.29902 0.61089 0.77455 -0.16397 0.67594 0.73293 -0.07696 0.65897 0.75052 -0.04988 0.70843 0.70372 0.05389 0.66549 0.73739 0.11562 0.69351 0.6997 0.17164 0.61083 0.74601 0.26525 0.5241 0.67278 0.52219 0.42868 0.7092 0.5597 0.30101 0.6749 0.67373 0.21165 0.70745 0.67433 0.17659 0.67054 0.72055 0.06707 0.69288 0.71792 0.6473 0.62755 0.43263 0.54988 0.65003 0.52448 0.338 0.63196 0.69741 0.02832 0.62916 0.77676 0.05995 0.73291 -0.67768 0.15459 0.74316 -0.65102 0.16918 0.77324 -0.61113 0.25977 0.74773 -0.61109 0.30723 0.78346 -0.54019 0.49358 0.73819 -0.45984 0.64704 0.68363 -0.33762 0.67512 0.68851 -0.26491 0.75267 0.64652 -0.12451 0.77112 0.60676 0.19291 0.72337 0.61918 0.30552 0.73234 0.59743 0.32673 0.65374 0.62191 0.43111 0.44817 0.60489 0.65822 0.6051 0.64487 -0.4669 0.64388 0.69092 -0.32871 0.74459 0.61905 -0.24971 0.76081 0.63086 -0.15224 0.60184 0.5367 0.59139 0.59012 0.50908 0.62657 0.50344 0.53699 0.6769 0.34828 0.54042 0.76593 0.26825 0.49464 0.82666 0.21186 0.53673 0.81672 0.10119 0.49959 0.86033 0.06183 0.53029 0.84556 -0.80805 0.57411 -0.13212 -0.71011 0.63073 -0.31294 -0.55413 0.68047 -0.47948 -0.46471 0.71193 -0.5265 -0.46546 0.7005 -0.54096 -0.39439 0.66333 -0.63596 -0.06308 0.94469 -0.32183 -0.10691 0.95067 -0.2912 -0.16178 0.93252 -0.32286 -0.16584 0.94537 -0.28068 -0.23098 0.93986 -0.25161 -0.14075 0.79383 0.59162 -0.07267 0.80194 0.59297 -0.07983 0.42579 0.90129 -0.33259 0.38698 0.86002 -0.78181 0.62296 0.02651 -0.87023 0.47893 0.11541 -0.8058 0.50829 0.30386 -0.7508 0.53507 0.38729 -0.76477 0.45873 0.45242 -0.64397 0.44063 0.62542 -0.57693 0.50632 0.64094 -0.49807 0.47695 0.72419 -0.19943 0.79695 0.57017 -0.27574 0.78353 0.55681 -0.43301 0.82344 0.36668 -0.54972 0.77941 0.30055 -0.53475 0.78873 0.30322 -0.50342 0.83377 0.22672 -0.57008 0.80023 0.18611 -0.51626 0.84365 0.1474 -0.58015 0.81213 0.06224 -0.55143 0.83046 0.07912 -0.53012 0.84784 0.01155 -0.55576 0.83084 -0.02904 -0.51884 0.85384 -0.04194 -0.49727 0.86118 -0.10528 -0.49729 0.86117 -0.10532 -0.43638 0.88949 -0.13559 -0.4475 0.87319 -0.19309 -0.39065 0.90122 -0.18763 -0.36704 0.89542 -0.25202 -0.32654 0.91558 -0.23469 -0.28717 0.90896 -0.3022 -0.04242 0.92485 -0.37796 -0.07743 0.70542 0.70455 -0.14343 0.68549 0.71382 -0.19737 0.70592 0.68024 -0.24386 0.67794 0.69349 -0.31647 0.71555 0.62277 -0.63133 0.70783 0.31688 -0.65739 0.69522 0.2907 -0.64549 0.7405 0.1871 -0.68629 0.71019 0.15694 -0.6556 0.75187 0.06993 -0.66374 0.74504 -0.06602 -0.62187 0.75634 -0.20305 -0.54264 0.7938 -0.27463 -0.54867 0.77943 -0.3024 -0.48921 0.79477 -0.35918 -0.44609 0.82438 -0.34844 -0.40692 0.8001 -0.44075 -0.33367 0.84697 -0.41388 -0.27617 0.81649 -0.50703 -0.20559 0.87278 -0.44271 -0.11109 0.83001 -0.54658 -0.04787 0.88076 -0.47113 -0.04726 0.75724 0.65143 -0.17429 0.7647 0.62037 -0.29995 0.76399 0.57127 -0.35115 0.77217 0.52957 -0.39893 0.75241 0.52415 -0.41147 0.77903 0.47308 -0.47519 0.76004 0.44333 -0.12929 0.55477 0.8219 -0.29241 0.5932 0.75007 -0.41712 0.55766 0.71765 -0.77365 0.58333 0.24736 -0.78548 0.58831 0.19213 -0.74645 0.64806 0.15107 -0.79685 0.60353 0.02782 -0.77441 0.63268 0.00327 -0.28689 0.77557 -0.56231 -0.26849 0.73689 -0.62041 -0.15351 0.74894 -0.64461 -0.12664 0.77699 -0.61664 -0.0563 0.72332 -0.68821 -0.13455 0.54119 0.83006 -0.2726 0.50358 0.81982 -0.42512 0.54519 0.72253 -0.66546 0.54454 0.51053 -0.75505 0.63621 -0.15856 -0.75901 0.60357 -0.24413 -0.70635 0.65062 -0.27886 -0.63928 0.66292 -0.3897 -0.6397 0.66109 -0.39211 -0.5639 0.66916 -0.48399 -0.04048 0.63969 0.76756 -0.40931 0.62856 0.66135 -0.4781 0.65149 0.58904 -0.50644 0.63295 0.58557 -0.59308 0.64795 0.47793 -0.59275 0.64818 0.47803 -0.65219 0.64793 0.3935 -0.72303 0.69078 0.00677 -0.69308 0.70962 -0.12678 -0.62881 0.75037 -0.20383 -0.96013 -0.02541 -0.27839 -0.61056 0.02171 -0.79167 -0.37385 -0.02021 -0.92727 0.45217 0.02026 -0.8917 0.64391 -0.02588 -0.76467 0.99958 0.02583 -0.01345 0.82685 -0.02685 0.56177 0.65758 0.00498 0.75337 -0.34173 0.00171 0.9398 -0.47698 -0.02354 0.8786 -0.99882 0.02514 0.04144 -0.94792 0.06094 -0.31262 -0.75229 -0.05713 -0.65635 0.14357 0.03648 -0.98897 0.27162 0.00289 -0.9624 0.91405 -0.00794 -0.40553 0.98767 0.03913 -0.15161 0.87332 -0.04718 0.48486 0.30174 0.05919 0.95155 -0.07185 -0.03798 0.99669 -0.77765 0.02647 0.62814 -0.9023 -0.03681 0.42953 -0.87491 0.00946 -0.4842 -0.87496 0.00949 -0.4841 0.19662 0.00159 -0.98048 0.13441 -0.0214 -0.99069 0.95163 0.02928 -0.30585 0.99054 -0.09512 0.09894 0.53636 0.10301 0.83768 0.06408 -0.06809 0.99562 -0.76013 0.04216 0.6484 -0.88295 -0.00984 0.46936 -0.87448 -0.02463 -0.48443 -0.48623 0.02614 -0.87344 0.01327 -0.0338 -0.99934 0.55901 0.03337 -0.82849 0.89498 -0.02857 -0.44518 0.99953 0.02974 0.00787 0.84429 -0.02711 0.5352 0.32399 0.02337 0.94577 0.07435 -0.00713 0.99721 -0.67944 -0.0117 0.73364 -0.74632 0.0043 0.66558 -0.99731 0.01885 -0.07081 0.30155 0.00701 0.95342 0.50356 -0.04185 0.86294 0.9472 -0.01387 0.32036 0.9033 -0.03906 0.42722 0.73351 0.01652 0.67948 0.99583 -0.02318 -0.08824 0.99883 -0.01589 -0.04566 0.91988 0.00717 -0.39212 0.80016 -0.02111 -0.59942 0.63548 0.00441 -0.77211 0.26872 -0.01268 -0.96314 0.29083 -0.0093 -0.95673 -0.28139 0.00074 -0.95959 -0.26179 -0.00234 -0.96512 -0.72973 -0.01119 -0.68365 -0.81849 0.00662 -0.57448 -0.99051 0.01243 -0.13689 -0.99982 -0.01452 -0.01245 -0.95428 -0.01559 0.2985 -0.82258 0.01056 0.56855 -0.64271 -0.01792 0.7659 -0.26557 -0.02497 0.96377 -0.44917 0.00354 0.89344 0.07846 -0.01238 0.99684 -0.02508 0.00035 0.99969 0.94777 -0.01424 0.31864 0.96168 -0.08959 -0.25913 0.88258 0.02542 -0.46947 0.57404 -0.06707 -0.81607 0.48531 -0.00715 -0.87431 0.07517 -0.01406 -0.99707 -0.06924 -0.05026 -0.99633 -0.16471 -0.01866 -0.98617 -0.50218 0.00026 -0.86476 -0.65417 -0.03 -0.75576 -0.77646 -0.00319 -0.63016 -0.94445 -0.01335 -0.32839 -0.95407 -0.00745 -0.29948 -0.99791 -0.01359 0.06313 -0.98507 0.00553 0.17205 -0.80354 -0.01614 0.59503 -0.71929 0.00827 0.69466 -0.41196 -0.02404 0.91088 -0.03503 -0.01264 0.99931 -0.15766 0.00601 0.98748 0.34594 0.00256 0.93825 0.4741 -0.03118 0.87992 0.75011 0.0082 0.66126 0.90802 -0.04942 0.416 0.99607 -0.01357 -0.08752 0.93491 -0.02066 -0.35427 0.89723 -0.00331 -0.44155 0.63588 -0.0057 -0.77177 0.35378 0.00388 -0.93532 0.54431 -0.03202 -0.83827 -0.08384 -0.05446 -0.99499 0.00063 -0.01286 -0.99992 -0.42141 0.01531 -0.90674 -0.65405 -0.05473 -0.75447 -0.75108 -0.00659 -0.66018 -0.99672 0.00579 -0.08071 -0.95066 -0.06131 -0.30412 -0.92071 -0.01694 -0.38988 -0.9436 -0.02288 0.33031 -0.95511 -0.04398 0.29297 -0.74699 -0.00138 0.66483 -0.57595 -0.03244 0.81684 -0.54543 -0.02239 0.83786 -0.22529 -0.00068 0.97429 -0.07168 -0.01979 0.99723 0.20804 0.0091 0.97808 0.70201 0.00867 0.71211 0.44452 -0.02489 0.89542 0.93898 -0.00093 0.34397 0.85571 -0.01858 0.51712 0.99898 0.00198 -0.04521 0.99077 -0.01609 0.1346 0.19133 -0.00937 -0.98148 -0.96456 -0.04459 0.26007 -0.92533 -0.00518 0.37914 -0.65883 -0.00916 0.75224 -0.37136 -0.00763 0.92846 -0.59576 -0.03391 0.80245 0.05254 -0.00247 0.99862 -0.16732 -0.04452 0.9849 0.36371 -0.01765 0.93135 0.43004 -1E-05 0.90281 0.75568 -0.00805 0.6549 0.76485 -0.00534 0.64418 0.99202 -0.01183 0.12556 0.9782 -0.00099 0.20767 0.95398 0.00225 -0.29985 0.92332 -0.00707 -0.38397 0.70284 -0.00752 -0.71131 0.63937 0.00259 -0.7689 0.22658 -0.00429 -0.97398 -0.46077 -0.01857 -0.88733 -0.26447 0.00223 -0.96439 -0.59549 -0.00116 -0.80336 -0.91111 -0.01112 -0.41201 -0.91746 -0.01598 -0.39751 -0.99976 0.00036 -0.02206 -0.85313 -0.00677 0.52166 -0.8507 -0.02564 0.52503 -0.87032 0.0431 0.49059 -0.88604 0.04357 0.46155 -0.89817 0.03218 0.43846 -0.91109 -0.00109 0.4122 -0.91555 0.02741 0.40126 -0.93101 0.04789 0.36183 -0.94701 0.01752 0.32072 -0.95133 0.00706 0.30809 -0.95155 0.00924 0.30735 -0.9634 0.04123 0.26488 -0.97259 0.01996 0.23168 -0.98099 -0.0079 0.19388 -0.97824 -0.05167 0.20092 -0.98499 0.03899 0.16815 -0.98884 0.06085 0.13601 -0.99184 0.06132 0.11175 -0.99693 0.03485 0.07014 -0.99909 -0.03403 0.02569 -0.99979 -0.00842 0.01895 -0.99969 0.02501 -0.00047 -0.99801 0.05816 -0.02424 -0.99587 0.05207 -0.07438 -0.99389 0.01044 -0.10988 -0.99082 -0.02141 -0.13347 -0.9905 -0.00914 -0.13718 -0.98384 0.04429 -0.17349 -0.98077 0.04294 -0.19038 -0.969 0.02454 -0.24582 -0.97152 -0.00833 -0.2368 -0.96222 0.04698 -0.26818 -0.94803 0.05311 -0.31373 -0.94208 0.03434 -0.33364 -0.93521 0.01377 -0.35383 -0.93072 0.0365 -0.36389 -0.91202 0.05539 -0.4064 -0.90772 0.04652 -0.41698 -0.88791 0.00555 -0.45998 -0.88754 0.00785 -0.46067 -0.86724 0.05377 -0.49498 -0.84378 0.04317 -0.53495 -0.82116 -0.00523 -0.57067 -0.82851 0.01114 -0.55986 -0.81407 0.04693 -0.57887 -0.78458 0.04856 -0.61812 -0.74338 -0.02087 -0.66855 -0.74634 -0.04527 -0.66403 -0.71929 0.04474 -0.69327 -0.68986 0.06904 -0.72065 -0.65948 0.05032 -0.75003 -0.6466 0.0391 -0.76183 -0.63426 0.01192 -0.77303 -0.61376 0.04673 -0.78811 -0.59438 0.05529 -0.80228 -0.46859 -0.12315 -0.87479 -0.56858 0.05523 -0.82077 -0.52409 -0.00483 -0.85165 -0.53829 0.02997 -0.84223 -0.50367 0.04467 -0.86274 -0.43553 0.06496 -0.89783 -0.1767 0.01543 -0.98414 -0.16493 -0.0027 -0.9863 -0.43683 -0.00949 -0.89949 -0.40714 0.03211 -0.9128 -0.38473 0.04892 -0.92173 -0.34783 0.04623 -0.93642 -0.30812 -0.00607 -0.95133 -0.30488 0.00242 -0.95239 -0.28233 0.03489 -0.95868 -0.25354 0.0661 -0.96506 -0.20485 0.05553 -0.97722 -0.02069 0.01 -0.99974 -0.04367 -0.00853 -0.99901 -0.05089 0.00493 -0.99869 -0.09372 0.03926 -0.99482 -0.10582 0.04733 -0.99326 -0.15225 0.01977 -0.98814 0.14735 -0.03692 -0.98839 0.10887 0.06368 -0.99201 -0.02196 0.11607 -0.993 0.0401 0.00436 -0.99919 0.47379 0.08057 -0.87694 0.40534 0.00802 -0.91413 0.35416 0.10626 -0.92913 0.28636 -0.02621 -0.95776 0.21601 0.08475 -0.97271 0.7973 -0.07645 -0.59873 0.83583 0.16316 -0.52419 0.74876 -0.02407 -0.6624 0.73115 0.06748 -0.67887 0.65287 0.03738 -0.75655 0.6501 0.04962 -0.75822 0.56624 0.06203 -0.8219 0.52506 -0.04328 -0.84997 0.94099 -0.04342 -0.33565 0.92166 0.12045 -0.36882 0.89196 -0.00452 -0.4521 0.86639 0.07574 -0.49359 0.97753 0.01542 -0.21024 0.97911 0.05362 -0.19616 0.99507 0.05393 -0.08317 0.9981 -0.03146 -0.05293 0.99955 0.01446 -0.02626 0.99815 0.05398 0.02804 0.99655 0.0429 0.07109 0.99552 -0.00348 0.09444 0.99451 0.00975 0.10421 0.99068 0.03345 0.13201 0.98452 0.0469 0.16891 0.97794 0.0035 0.20884 0.97791 0.00375 0.20899 0.97309 0.01917 0.22963 0.96343 0.04239 0.26459 0.94943 0.00713 0.3139 0.95271 -0.01354 0.30359 0.94888 0.0003 0.31563 0.93078 0.05055 0.36207 0.91375 0.04855 0.40337 0.90172 -0.00591 0.43228 0.90099 -0.00322 0.43383 0.888 0.02428 0.4592 0.87022 0.04571 0.49054 0.8463 0.00715 0.53266 0.84936 0.00033 0.52782 0.83373 0.03882 0.55081 0.78766 0.05392 0.61375 0.76622 0.00307 0.64257 0.76079 -0.02414 0.64855 0.73913 0.02349 0.67315 0.72425 0.05023 0.6877 0.65775 -0.01007 0.75317 0.66018 -0.01612 0.75094 0.61905 0.02406 0.78498 0.60109 0.06185 0.79679 0.53429 0.06092 0.84311 0.50903 0.009 0.8607 0.49078 -0.04493 0.87012 0.49139 -0.04669 0.86969 0.45142 0.03688 0.89155 0.36232 0.03229 0.93149 0.34162 -0.02734 0.93944 0.31672 0.01934 0.94832 0.22508 -0.00456 0.97433 0.22183 0.00234 0.97508 0.20881 0.01213 0.97788 0.16611 0.03502 0.98548 0.12092 0.00024 0.99266 0.12452 -0.00909 0.99218 0.07628 0.04925 0.99587 0.02963 0.04074 0.99873 -0.00472 0.03185 0.99948 0.0251 -0.08227 0.99629 -0.02478 0.0333 0.99914 -0.02264 0.03162 0.99924 -0.07606 0.06951 0.99468 -0.12305 0.03586 0.99175 -0.1624 -0.04848 0.98553 -0.149 -0.01022 0.98878 -0.18399 0.0379 0.9822 -0.21857 0.05875 0.97405 -0.27025 0.01334 0.9627 -0.33645 0.0028 0.9417 -0.32052 -0.07626 0.94417 -0.3612 0.03829 0.9317 -0.45042 0.04337 0.89176 -0.49088 -0.04025 0.8703 -0.50691 -0.08815 0.85748 -0.51354 -0.06162 0.85585 -0.5381 0.01934 0.84266 -0.61851 0.01992 0.78553 -0.65087 -0.05803 0.75696 -0.65971 -0.01542 0.75136 -0.72422 0.04774 0.68792 -0.76207 -0.02198 0.64712 -0.74576 -0.10746 0.6575 -0.76703 -0.00418 0.6416 -0.78655 0.05795 0.6148 0.09865 -0.97099 0.21783 0.0794 -0.99009 0.11581 0.01996 0.99975 0.0098 0.07737 0.9961 0.04233 0.00136 0.97466 0.22371 -0.02393 0.96967 0.24323 -0.0739 0.97264 0.22027 -0.08396 0.98079 0.17608 -0.10477 0.99243 0.0641 -0.09591 0.99473 0.03622 -0.01471 0.99935 0.03281 -0.02662 0.99934 0.02491 0.06557 0.97825 0.1968 0.05083 0.98079 0.18834 0.01001 0.97944 0.20147 0.11113 0.97854 0.1735 -0.03142 0.98887 0.14545 -0.08205 0.98236 0.16804 -0.11059 0.9843 0.13756 -0.11503 0.98694 0.11274 -0.02204 0.99222 0.12251 0.04408 0.99254 0.11371 0.04933 0.99175 0.11832 0.10659 0.98711 0.11941 0.11893 0.98991 0.07699 0.10093 0.99339 0.05474 0.11114 0.98708 0.11545 -0.03836 0.99534 0.08849 -0.09698 0.99216 0.07877 0.0776 0.99596 0.04524 0.04406 0.99672 0.06789 -0.00993 0.99874 0.04909 0.05509 0.99835 0.01603 -0.0711 0.9972 0.02309 0 1 0 0.01039 0.98675 -0.1619 0.07724 0.97883 -0.18954 0.16003 0.9734 -0.16395 0.12161 0.98312 -0.13669 0.19482 0.97448 -0.11148 0.1971 0.97382 -0.11326 0.38145 0.92388 -0.03065 0.43619 0.86631 0.2434 0.43592 0.84739 0.30316 0.30381 0.84253 0.4448 0.27212 0.82976 0.48729 0.22397 0.84842 0.4796 0.05979 0.84122 0.53738 0.08503 0.88491 0.45794 0.01082 0.81028 0.58594 0.02556 0.96116 0.27481 0.0363 0.95768 0.28554 0.07852 0.96596 0.24647 0.22099 0.96666 0.12937 0.27249 0.94562 0.17762 0.18782 0.95816 0.21598 0.20615 0.94783 0.24313 0.14272 0.94129 0.30596 0.04532 0.93952 0.33948 0.20649 0.9766 0.06006 0.02878 0.99286 -0.11573 0.11726 0.97846 -0.16988 0.43352 0.90108 0.01099 0.40385 0.91232 0.06765 0.40187 0.91311 0.06876 0.28017 0.95166 -0.12591 0.27666 0.95919 -0.05843 0.30756 0.94951 -0.06191 0.32214 0.94643 -0.02209 0.28151 0.95544 0.08881 0.169 0.87959 0.44471 0.15058 0.87778 0.45479 0.07738 0.84233 0.53338 0.1385 0.85852 0.49372 0.29672 0.86202 0.41094 0.3257 0.85895 0.39512 0.33924 0.87859 0.33614 0.34397 0.87659 0.33657 0.39756 0.89476 0.20336 0.44151 0.87729 0.18821 0.48731 0.86306 0.1329 0.16245 0.92626 0.34009 0.02929 0.90857 0.4167 -0.04919 0.82678 0.56038 -0.06718 0.85933 0.50699 -0.13463 0.80626 0.57603 -0.1869 0.82065 0.54001 -0.18424 0.85373 0.48704 -0.24885 0.82911 0.50066 -0.28656 0.8477 0.44642 -0.28723 0.84222 0.45626 -0.34348 0.83353 0.43272 -0.35941 0.85354 0.37721 -0.3451 0.89014 0.29758 -0.44559 0.85133 0.2769 -0.48218 0.84558 0.22913 -0.40643 0.91291 -0.03746 -0.22489 0.9621 -0.15427 -0.12773 0.9764 -0.17413 -0.07184 0.98763 -0.13937 -0.02555 0.9608 0.27606 -0.04727 0.99433 -0.09528 -0.01731 0.98828 -0.1517 -0.15004 0.97896 -0.13827 -0.1504 0.97813 -0.14365 -0.20723 0.97772 0.03341 -0.25988 0.96227 0.08067 -0.03835 0.95028 0.30902 -0.11475 0.93033 0.3483 -0.12975 0.94392 0.3036 -0.16037 0.93708 0.31011 -0.19242 0.94185 0.27549 -0.18186 0.9526 0.2439 -0.24456 0.94403 0.22137 -0.23081 0.95376 0.19251 -0.23269 0.96719 0.10198 -0.03299 0.90871 0.41613 -0.31687 0.93638 0.15097 -0.35049 0.86544 0.35802 -0.39885 0.86603 0.30152 -0.42596 0.89059 0.15943 -0.41291 0.89755 0.15466 -0.45401 0.88713 0.0829 -0.4018 0.91408 0.05493 -0.42928 0.90258 0.03276 -0.2155 0.97238 -0.08962 -0.26441 0.95796 -0.11134 -0.31739 0.94565 -0.07071 -0.28645 0.95791 -0.01882 -0.13631 0.89283 0.42928 -0.06364 0.87828 0.47389 0.01801 0.99977 -0.01142 0.01766 0.99978 -0.01146 0.01014 0.99955 0.02823 0.01878 0.99957 0.02268 0.0183 0.99976 0.01207 0.01714 0.99977 0.01275 -0.03011 0.9995 0.00997 -0.02737 0.99961 0.00583 -0.00282 0.9999 0.01371 0.00092 0.99975 0.02226 0.01048 0.99972 -0.02131 0.00026 0.99996 -0.00896 -0.01365 0.99988 -0.00759 -0.01375 0.99986 -0.00972 -0.03095 0.99951 0.00506 0.0175 0.99981 0.0082 0.01376 0.99972 0.01943 0.01275 0.99982 0.01376 0.02973 0.99956 -0.00239 0.02632 0.99958 -0.01214 0.02604 0.99959 -0.01164 0.02352 0.99931 -0.02875 0.01507 0.99937 -0.03201 0.00024 0.99996 -0.00877 -0.01314 0.9999 -0.0058 -0.01317 0.9999 -0.0057 -0.02418 0.9997 -0.00276 -0.01194 0.99971 0.02112 -0.01644 0.99967 0.01988 -0.01399 0.99922 0.03693 -0.02406 0.99929 0.02914 0.01793 0.99984 -0.00069 0.03343 0.99914 -0.02436 0.03306 0.99915 -0.02462 0.0071 0.99945 0.03232 0.01024 0.9997 0.0222 0.016 0.99967 0.02025 0.02046 0.99979 0.00338 -0.03623 0.99925 0.0133 -0.01361 0.99982 0.01349 -0.00175 0.99936 0.03575 0.00922 0.99975 -0.02013 0.00123 0.99997 -0.00779 -0.02411 0.99971 5E-05 -0.02277 0.99966 -0.013 -0.03246 0.99943 -0.00888 0.01989 0.99976 -0.00918 0.02813 0.99936 -0.02195 0.02814 0.99939 -0.02074 0.0193 0.9994 0.0288 0.01725 0.99938 0.03077 0.01708 0.99968 0.01843 0.02532 0.99958 0.01394 -0.00859 0.9998 0.01805 -0.01476 0.99973 0.01784 -0.01227 0.99964 0.02405 0.0072 0.9994 -0.03393 0.00085 0.99954 -0.03044 0.00718 0.99962 -0.02674 -0.02442 0.99959 -0.01516 -0.02499 0.99963 -0.01082 -0.02538 0.99962 -0.01065 -0.21409 0.94307 -0.25455 0.04181 0.98183 -0.18511 0.17163 0.98178 -0.08159 0.01987 0.96497 -0.26162 -0.15531 0.98744 -0.02891 0.05468 0.05292 0.9971 0.10417 0.04871 0.99337 0.15322 0.05114 0.98687 0.24114 0.0505 0.96918 0.37294 0.04791 0.92662 0.49738 0.05002 0.86609 0.56109 0.05384 0.826 0.56128 0.05182 0.826 0.5924 0.05509 0.80376 0.44998 -0.75307 0.48 0.61245 0.05059 0.78889 0.63942 0.05381 0.76697 0.6397 0.05107 0.76693 0.67618 0.05573 0.73463 0.6769 0.04882 0.73445 0.6984 0.05189 0.71383 0.61053 -0.6104 0.50465 0.71589 0.05148 0.69631 0.74519 0.05603 0.6645 0.74636 0.04508 0.66402 0.77655 0.05052 0.62803 0.81347 -0.12083 0.56891 0.80772 0.04591 0.58777 0.83487 0.05187 0.548 0.83536 0.04718 0.54767 0.85491 0.05183 0.51619 0.62987 -0.73209 0.25943 0.86742 0.05068 0.49498 0.88423 0.05514 0.46378 0.88498 0.04784 0.46316 0.90637 0.05432 0.41899 0.91052 -0.11512 0.39711 0.91903 0.19734 0.34124 0.92038 0.24591 0.30403 0.87937 -0.43718 0.18862 0.96358 0.05379 0.26197 0.97023 0.05751 0.23525 0.97074 0.05148 0.23454 0.98052 0.05801 0.18768 0.98104 0.05146 0.18687 0.98693 0.05648 0.1509 0.70932 -0.70483 -0.00872 0.9906 0.05312 0.12605 0.99422 0.05808 0.09031 0.99461 0.05236 0.08954 0.99739 0.05908 0.0414 0.99783 0.05203 0.04043 0.99673 0.05797 -0.05636 0.99704 0.05111 -0.05736 0.99318 0.05752 -0.10143 0.89357 -0.41748 -0.16504 0.99048 0.05525 -0.12612 0.98635 0.05944 -0.15353 0.98653 0.05414 -0.15433 0.97755 0.0615 -0.20155 0.96479 0.19202 -0.17977 0.93606 0.29012 -0.19907 0.71198 -0.6244 -0.32128 0.95304 0.05359 -0.29807 0.93721 0.06033 -0.34349 0.93724 0.05617 -0.34413 0.92704 0.06025 -0.37008 0.81655 -0.39891 -0.41728 0.91769 0.05903 -0.39288 0.89909 0.06555 -0.43283 0.89905 0.05698 -0.43412 0.87762 0.06357 -0.47513 0.83589 -0.11292 -0.53716 0.85194 0.05943 -0.52025 0.82529 0.06614 -0.56082 0.82447 0.13681 -0.54912 0.80456 0.13723 -0.5778 0.57751 -0.60709 -0.54583 0.78919 0.06416 -0.61079 0.76579 0.06904 -0.63938 0.76554 0.06046 -0.64054 0.7332 0.06654 -0.67674 0.73299 0.06014 -0.67758 0.71365 0.06352 -0.69762 0.62705 -0.32846 -0.70634 0.69614 0.06035 -0.71536 0.66011 0.06597 -0.74827 0.0653 -0.96731 -0.24506 0.61774 0.06482 -0.78371 0.58513 0.06915 -0.80799 0.58501 0.06623 -0.80831 0.45831 0.07266 -0.88582 0.45811 0.06698 -0.88637 0.41342 0.07093 -0.90777 0.4133 0.06733 -0.9081 0.26653 0.07647 -0.96079 0.35064 0.06581 -0.9342 0.14106 0.07225 -0.98736 0.17483 0.07124 -0.98202 0.17482 0.07052 -0.98207 -0.05493 0.92624 0.3729 0.04506 0.99657 0.0694 0.07815 0.99639 0.03304 0.29111 -0.69927 -0.65289 0.77825 0.33653 -0.53017 0.20063 0.97936 0.02474 0.70543 0.66447 -0.24667 0.56337 0.81835 -0.11366 -0.00451 -0.98063 -0.19581 0.01165 0.5803 0.81432 0.01108 0.49023 0.87153 0.01147 0.37551 0.92675 0.01262 0.27822 0.96043 0.01525 0.1442 0.98943 0.03109 0.21905 -0.97522 0.02435 0.38846 -0.92114 0.02519 0.07294 -0.99702 0.02516 0.07754 -0.99667 0.019 0.66064 -0.75046 0.01681 0.77536 -0.63129 0.01074 0.25697 -0.96636 0.02941 0.97948 -0.19939 0.02338 -0.92009 -0.391 -0.00234 0.978 0.20859 0.01563 0.86889 -0.49476 -0.00595 0.98169 0.19038 0.11473 0.86637 -0.48605 0.02221 0.5255 -0.8505 -0.055 0.89977 0.43288 0.13839 0.86359 -0.48483 0.05328 -0.91078 -0.40945 0.02629 0.37679 -0.92593 -0.0372 0.94975 0.31078 -0.11346 0.85753 0.50177 0.07608 0.22201 -0.97207 0.07612 0.21861 -0.97284 0.07557 0.07205 -0.99453 0.07557 0.07247 -0.9945 0.36376 -0.00243 -0.93149 0.45518 0.06382 -0.88811 0.17591 0.22116 -0.95924 0.17595 0.21869 -0.9598 0.22378 0.07179 -0.97199 0.22372 0.06864 -0.97223 0.11628 0.07127 -0.99066 0.09467 -0.50725 -0.85659 0.12621 0.22103 -0.96707 0.12622 0.22012 -0.96727 0.24183 0.85559 -0.4577 0.17504 -0.79822 -0.57637 0.05458 0.99643 0.06443 0.08226 -0.93866 -0.33488 0.29852 0.84731 -0.43927 0.42202 0.66796 -0.61297 0.43002 -0.59122 -0.68231 0.19331 0.97315 -0.12491 0.26911 -0.00666 -0.96309 0.12572 0.07593 -0.98916 0.32022 0.0677 -0.94492 0.32037 0.07304 -0.94447 0.38774 0.83336 -0.39391 0.28088 -0.80369 -0.52458 0.42829 0.81161 -0.3973 0.20464 0.97684 -0.06242 0.20262 0.97844 -0.03992 0.35498 0.91823 -0.17561 0.34675 -0.83073 -0.43549 0.69226 0.49154 -0.52836 0.34605 0.93176 -0.10983 0.54235 0.79313 -0.27714 0.55794 0.78949 -0.25574 0.76164 -0.30877 -0.56971 0.25865 0.96597 -0.00287 0.28603 -0.90814 -0.30571 0.19324 0.98007 0.04616 0.88588 0.23709 -0.39875 0.61199 0.769 -0.18466 0.6963 0.69148 -0.1924 0.3423 0.93902 0.03269 0.64256 0.7562 -0.12361 0.91212 -0.18553 -0.36555 0.49634 0.86776 -0.02517 0.37319 0.9268 0.04219 0.46373 0.8853 0.03451 0.98345 -0.05996 -0.171 0.78789 0.61403 -0.04687 0.55475 0.82982 0.0604 0.97708 -0.16705 -0.13196 0.47281 0.87557 0.0991 0.35173 0.92689 0.13097 0.42794 0.89213 0.14481 0.99161 0.0882 0.09445 0.7236 -0.68955 -0.03043 0.53048 0.8261 0.19015 0.276 0.94281 0.18693 0.25346 0.94728 0.196 0.36038 0.90318 0.23321 0.88989 -0.38312 0.24761 0.45128 -0.89175 0.03344 0.51942 0.79246 0.3197 0.25948 0.93228 0.25203 0.38093 0.86703 0.32118 0.35639 -0.93154 0.07224 0.09846 0.97716 0.18834 0.8414 -0.03887 0.53901 0.60587 0.63424 0.48028 0.27988 0.90089 0.33177 0.22448 0.92287 0.31292 0.24449 0.90535 0.34723 0.41307 0.75322 0.51189 0.47175 -0.79041 0.39079 0.64921 -0.44195 0.61904 0.22336 0.89059 0.39619 0.18591 0.90687 0.3782 0.34775 0.71021 0.61211 0.3672 0.67753 0.63727 0.16991 0.89659 0.40897 0.32573 0.6701 0.66698 0.48173 -0.25349 0.83885 0.47622 0.0504 0.87788 0.47297 0.06771 0.87847 0.3152 0.66909 0.67303 0.12264 0.9132 0.38863 0.13712 0.88029 0.45419 0.24731 0.69337 0.67681 0.16513 -0.9745 0.15191 0.34782 0.67577 0.64989 0.25473 -0.93124 0.26058 0.54414 0.06746 -0.83628 0.54429 0.07124 -0.83587 0.58559 0.2061 -0.78397 0.58537 0.21082 -0.78288 0.61694 0.20663 -0.7594 0.56876 -0.28807 -0.77041 0.6392 0.3862 -0.66503 0.66189 0.20918 -0.71982 0.69771 0.20332 -0.68693 0.69748 0.20673 -0.68614 0.73129 0.20071 -0.65186 0.73108 0.20357 -0.65121 0.76316 0.19742 -0.61532 0.76301 0.19934 -0.61488 0.79337 0.19314 -0.57729 0.7928 0.19984 -0.57579 0.82121 0.1933 -0.53688 0.82094 0.19622 -0.53624 0.84749 0.18959 -0.4958 0.84363 0.22327 -0.48829 0.87249 -0.02957 -0.48774 0.87065 0.1926 -0.45264 0.89276 0.18577 -0.41044 0.89244 0.18861 -0.40985 0.91238 0.18187 -0.36673 0.91164 0.18795 -0.3655 0.9294 0.18105 -0.32161 0.9285 0.18799 -0.32024 0.94458 0.18052 -0.27421 0.9184 0.30876 -0.24742 0.90812 -0.30518 -0.28669 0.9564 0.18227 -0.22822 0.96755 0.17521 -0.18207 0.96664 0.1812 -0.18101 0.9755 0.17413 -0.13443 0.97475 0.17889 -0.13362 0.98129 0.17186 -0.08683 0.98048 0.17678 -0.08604 0.98475 0.16953 -0.03899 0.98376 0.1754 -0.03809 0.98568 0.16839 0.00897 0.9846 0.17454 0.00985 0.98422 0.16754 0.0569 0.98326 0.17285 0.05761 0.98057 0.16578 0.10492 0.97952 0.17142 0.10562 0.97453 0.16412 0.1528 0.97338 0.1702 0.15349 0.96606 0.16315 0.20029 0.96502 0.1685 0.20084 0.95551 0.16149 0.24684 0.95431 0.16758 0.2474 0.9425 0.16082 0.29297 0.94141 0.16629 0.29341 0.92731 0.15949 0.33861 0.92339 0.17845 0.33987 0.90842 0.17005 0.38191 0.93059 -0.08176 0.3568 0.88054 0.20181 0.42885 0.88839 0.16697 0.42765 0.86763 0.16088 0.47046 0.86634 0.16714 0.47065 0.84354 0.16135 0.51226 0.84311 0.16345 0.5123 0.81841 0.15751 0.55262 0.81707 0.16418 0.55267 0.79031 0.15851 0.59184 0.78375 0.18993 0.59133 0.78356 -0.04144 0.61993 0.76044 0.16059 0.62924 0.73001 0.15513 0.66559 0.72878 0.16163 0.6654 0.69638 0.15647 0.70041 0.69505 0.16364 0.7001 0.66096 0.15881 0.73342 0.65956 0.16649 0.73298 0.62392 0.162 0.76451 0.62481 0.15683 0.76486 0.5876 0.15223 0.79471 0.58568 0.16392 0.79379 0.54725 0.15988 0.82156 0.54728 0.15965 0.82158 0.27216 0.512 0.81473 0.16363 0.81127 0.56131 0.42233 0.16027 0.89216 0.42223 0.16108 0.89206 0.43357 0.05475 0.89946 0.43415 0.0471 0.89961 0.37809 0.16203 0.91148 0.37863 0.15727 0.91209 0.3139 -0.71086 0.6294 0.39542 0.05219 0.91702 0.20173 0.04908 0.97821 0.20161 0.05248 0.97806 0.19622 0.15645 0.968 0.19631 0.15478 0.96825 0.26507 0.04794 0.96304 0.19599 -0.74152 0.64166 0.24245 0.1613 0.95666 0.24268 0.15811 0.95714 0.29654 0.05155 0.95363 0.29666 0.04931 0.95371 0.28819 0.16291 0.94361 0.28816 0.1632 0.94357 0.34334 0.04608 0.93808 0.34286 0.05388 0.93784 0.33379 0.15942 0.92907 0.33322 0.16512 0.92828 0.15325 0.04969 0.98694 0.10409 0.05366 0.99312 0.1011 0.15872 0.98213 0.05334 0.14488 0.98801 0.053 0.15799 0.98602 0.52044 0.04994 0.85243 0.52026 0.05201 0.85242 0.21596 0.5915 0.77684 0.24204 0.4268 0.87136 -0.00062 0.98915 0.14689 0.14525 0.67103 0.72706 0.13054 0.67042 0.73041 0.11264 0.74901 0.65292 0.04624 0.90126 0.43081 0.09348 0.33219 0.93857 0.08245 0.52334 0.84813 0.02121 0.83821 0.54493 0.01598 0.83554 0.54919 0.38814 0.1372 -0.91133 -0.10025 0.34769 0.93223 -0.26951 0.54861 0.79145 -0.3223 0.54058 0.77711 0.79664 0.44547 -0.40855 0.91728 0.30699 -0.25369 0.17169 0.52395 0.83427 0.72106 0.58215 -0.37573 -0.84594 0.46401 -0.26284 -0.51889 -0.79705 0.30898 0.67271 0.65396 0.34612 0.3045 0.4257 0.85209 0.51727 0.03986 0.85489 -0.07661 0.76841 -0.63535 -0.28389 0.57896 -0.76434 -0.83497 -0.54169 -0.09688 -0.40151 -0.89163 0.20927 0.00435 0.964 -0.26586 0.15165 0.98538 -0.07761 -0.14879 0.98859 -0.02365 -0.14374 0.93093 -0.33573 -0.01349 0.75241 0.65855 -0.02974 0.75244 0.65799 -0.02967 0.75324 0.65707 -0.05697 0.75358 0.65489 -0.05708 0.75283 0.65574 -0.08434 0.75336 0.65218 -0.08386 0.75567 0.64957 -0.11022 0.75636 0.6448 -0.11065 0.75479 0.64657 -0.13695 0.75569 0.64045 -0.13856 0.75088 0.64574 -0.16479 0.75203 0.6382 -0.16515 0.75113 0.63917 -0.19094 0.75245 0.63036 -0.19075 0.75287 0.62993 -0.21601 0.75435 0.61992 -0.21854 0.74941 0.625 -0.24372 0.75117 0.61347 -0.24159 0.7549 0.60972 -0.26604 0.75672 0.59716 -0.26999 0.75043 0.6033 -0.20658 0.74218 0.63757 -0.26248 0.79649 0.54472 -0.43185 0.75706 0.49028 -0.31733 0.75454 0.57443 -0.31722 0.75468 0.5743 -0.33965 0.75703 0.55816 -0.34484 0.75041 0.56389 -0.36671 0.75308 0.54625 -0.367 0.75274 0.54653 -0.38799 0.75549 0.52792 -0.38953 0.75374 0.52929 -0.4097 0.75662 0.50958 -0.41206 0.75406 0.51147 -0.43132 0.75713 0.49063 -0.43239 0.75602 0.49139 -0.4507 0.75917 0.46961 -0.45311 0.75677 0.47116 -0.47024 0.76002 0.4486 -0.47171 0.75862 0.44943 -0.48767 0.76196 0.42613 -0.4912 0.75869 0.42791 -0.50606 0.76223 0.40363 -0.50706 0.76132 0.40407 -0.52082 0.76493 0.37899 -0.52372 0.76239 0.3801 -0.53622 0.76611 0.35432 -0.5383 0.76434 0.35499 -0.22077 0.92136 -0.31993 -0.24396 0.9193 -0.30881 -0.24506 0.9182 -0.31123 -0.26771 0.91594 -0.29898 -0.27016 0.91365 -0.30374 -0.29224 0.91122 -0.29031 -0.29441 0.9093 -0.29411 -0.31578 0.90669 -0.27963 -0.31736 0.90537 -0.28212 -0.33795 0.9026 -0.26664 -0.3414 0.89983 -0.27156 -0.36113 0.89695 -0.25508 -0.36386 0.89483 -0.25863 -0.38274 0.89179 -0.2413 -0.38506 0.89004 -0.24405 -0.40302 0.88688 -0.22588 -0.40775 0.88339 -0.23099 -0.42491 0.88011 -0.21177 -0.42838 0.8776 -0.21519 -0.44468 0.8742 -0.19502 -0.44925 0.87093 -0.19914 -0.46468 0.86741 -0.17794 -0.46813 0.86497 -0.18077 -0.48246 0.86139 -0.15886 -0.48612 0.85882 -0.1616 -0.49945 0.85513 -0.13897 -0.50254 0.85297 -0.14107 -0.51483 0.84917 -0.1177 -0.51861 0.84654 -0.12003 -0.52974 0.84271 -0.09601 -0.53369 0.83996 -0.0982 -0.54368 0.83606 -0.07356 -0.54817 0.83293 -0.07579 -0.55703 0.82897 -0.05024 -0.55955 0.82721 -0.05134 -0.5672 0.82319 -0.02516 -0.5715 0.82016 -0.02681 -0.57796 0.81606 -0.00013 -0.57838 0.81577 -0.00026 -0.58357 0.81163 0.02654 -0.58537 0.81035 0.02604 -0.58911 0.8063 0.05328 -0.59139 0.80466 0.05276 -0.59383 0.80056 0.08044 -0.59426 0.80025 0.08036 -0.59526 0.79622 0.10821 -0.59717 0.79481 0.10796 -0.59703 0.7906 0.13604 -0.59635 0.7911 0.1361 -0.5947 0.78699 0.16425 -0.59613 0.78592 0.1642 -0.59303 0.78183 0.1925 -0.59236 0.78234 0.19249 -0.58808 0.77816 0.22054 -0.58514 0.78042 0.22035 -0.57926 0.77654 0.24789 -0.57859 0.77706 0.24781 -0.57135 0.77318 0.27522 -0.57025 0.77406 0.27504 -0.56174 0.77011 0.3023 -0.56114 0.77059 0.30217 -0.19452 0.92614 -0.32314 -0.14379 0.93084 -0.33596 -0.11817 0.93207 -0.34246 -0.11769 0.93299 -0.34011 -0.09199 0.93398 -0.34528 -0.09176 0.93454 -0.34383 -0.06578 0.93528 -0.34773 -0.06581 0.93517 -0.34803 -0.0393 0.93567 -0.35067 -0.03925 0.93597 -0.3499 -0.01529 0.93621 -0.3511 -0.02509 0.07759 -0.99667 -0.02509 0.07743 -0.99668 -0.07554 0.07698 -0.99417 -0.07557 0.07856 -0.99404 -0.04582 0.07902 -0.99582 -0.12457 0.01187 -0.99214 -0.23931 0.07538 -0.96801 -0.17621 0.23003 -0.9571 -0.12635 0.23144 -0.96461 -0.12635 0.23248 -0.96436 -0.07587 0.23343 -0.96941 -0.07587 0.23284 -0.96955 -0.0251 0.2333 -0.97208 -0.02582 0.37827 -0.92533 -0.17543 0.07865 -0.98135 -0.22442 0.07677 -0.97146 -0.22446 0.07803 -0.97135 -0.0154 0.86941 -0.49385 -0.01649 0.77835 -0.62761 -0.25529 0.07656 -0.96383 -0.22402 -0.4222 -0.87838 -0.27959 0.07635 -0.95708 -0.3212 0.07392 -0.94412 -0.32132 0.07673 -0.94386 -0.19538 0.92511 -0.32557 -0.21904 0.92325 -0.31564 -0.0186 0.66439 -0.74715 -0.02165 0.53239 -0.84622 -0.02559 0.38526 -0.92245 -0.31655 0.07704 -0.94544 -0.36482 0.00406 -0.93107 -0.67781 0.04473 -0.73387 -0.41388 0.0712 -0.90754 -0.41421 0.07823 -0.90682 -0.45874 0.07427 -0.88546 -0.45899 0.07961 -0.88487 -0.1754 0.07752 -0.98144 -0.17621 0.23065 -0.95695 -0.22543 0.22877 -0.94702 -0.32107 0.09158 -0.94262 -0.49425 -0.0421 -0.8683 -0.61903 0.06339 -0.7828 -0.54484 0.07245 -0.8354 -0.54494 0.07451 -0.83516 -0.58575 0.06957 -0.8075 -0.58647 0.22089 -0.77927 -0.50681 0.1818 -0.84267 -0.61927 -0.01824 -0.78497 -0.95067 0.00129 -0.31019 -0.66322 0.06812 -0.74532 -0.66341 0.07231 -0.74475 -0.69658 0.06708 -0.71434 -0.63293 -0.31145 -0.7088 -0.71412 0.0712 -0.69639 -0.73357 0.06772 -0.67624 -0.7338 0.07387 -0.67533 -0.7661 0.06765 -0.63915 -0.76629 0.07328 -0.6383 -0.79328 0.06761 -0.60509 -0.66179 -0.51167 -0.54794 -0.8257 0.06839 -0.55995 -0.85253 0.06181 -0.51901 -0.84688 -0.02909 -0.53099 -0.87767 0.06953 -0.47419 -0.89927 0.0628 -0.43286 -0.8993 0.06719 -0.43213 -0.91781 0.06094 -0.39231 -0.82672 -0.37681 -0.41779 -0.92709 0.06464 -0.36923 -0.93734 0.06051 -0.34312 -0.93728 0.06854 -0.34178 -0.95386 0.06091 -0.29402 -0.61292 -0.72695 -0.30965 -0.97756 0.06451 -0.20054 -0.98648 0.05752 -0.15348 -0.98624 0.06409 -0.1524 -0.99031 0.06 -0.12524 -0.91338 -0.37405 -0.16068 -0.993 0.06184 -0.10064 -0.99687 0.05525 -0.05654 -0.99648 0.06291 -0.05532 -0.98348 -0.17562 -0.04389 -0.7893 0.59995 0.13061 -0.16882 0.92946 -0.32803 -0.17002 0.92782 -0.33203 -0.58561 0.21835 -0.78063 -0.58554 0.21998 -0.78023 -0.62482 0.21472 -0.75067 -0.62462 0.21897 -0.7496 -0.66201 0.21346 -0.71845 -0.66186 0.21633 -0.71774 -0.69748 0.21062 -0.68495 -0.69727 0.21412 -0.68408 -0.73105 0.20822 -0.64978 -0.73082 0.21159 -0.64895 -0.76285 0.20553 -0.61304 -0.76259 0.20901 -0.61219 -0.79282 0.20275 -0.57474 -0.74327 -0.25608 -0.61804 -0.80605 0.30497 -0.50722 -0.81959 0.20688 -0.5343 -0.84654 0.20006 -0.49331 -0.84243 0.23549 -0.48462 -0.87484 0.00865 -0.48434 -0.87094 0.19924 -0.44919 -0.89213 0.19287 -0.40853 -0.89157 0.19776 -0.40743 -0.91142 0.19098 -0.36447 -0.91064 0.1972 -0.3631 -0.92832 0.19031 -0.31939 -0.92792 0.19331 -0.31874 -0.94351 0.18654 -0.27386 -0.90513 0.35489 -0.23407 -0.90063 -0.32329 -0.29044 -0.95456 0.20565 -0.21568 -0.96415 0.19744 -0.1773 -0.96555 0.18891 -0.17897 -0.97432 0.1819 -0.13272 -0.97339 0.18753 -0.13167 -0.97991 0.18032 -0.08517 -0.97908 0.18517 -0.08431 -0.98329 0.17814 -0.03739 -0.98215 0.18459 -0.03631 -0.98406 0.17751 0.01066 -0.99936 -0.02864 -0.0215 -0.88889 0.44805 0.09558 -0.32341 0.9345 0.14873 -0.96893 -0.24326 0.04461 -0.59098 -0.80574 -0.03903 -0.97896 -0.12537 0.16099 -0.28071 0.93836 0.20168 -0.85001 0.46618 0.24527 -0.91075 -0.35598 0.2093 -0.7219 0.6064 0.33336 -0.62326 0.71414 0.31868 -0.75467 -0.62176 0.2095 -0.52284 0.77724 0.35004 -0.76716 0.48991 0.41407 -0.52387 -0.83867 0.14899 -0.30243 0.9027 0.30605 -0.79096 -0.48576 0.37206 -0.73182 0.42201 0.53511 -0.51198 0.73465 0.44516 -0.01127 0.67559 0.73719 -0.00994 0.58053 0.81418 -0.00981 0.49462 0.86905 -0.01085 0.38357 0.92345 -0.01282 0.2807 0.95971 -0.55125 0.76668 0.32913 -0.54959 0.76806 0.32868 -0.54405 -0.79228 0.27622 -0.60425 0.5632 0.56364 -0.38265 0.81854 0.42845 -0.51577 -0.78649 0.33973 -0.36494 0.80202 0.47285 -0.57347 0.5244 0.62939 -0.49408 -0.7618 0.41899 -0.35467 0.7673 0.53429 -0.27405 0.8481 0.45347 -0.51127 -0.63638 0.5776 -0.48528 -0.62144 0.61508 -0.19546 0.87269 0.44744 -0.47438 0.3689 0.79929 -0.46496 -0.40818 0.78562 -0.31621 0.59427 0.73949 -0.23465 0.75882 0.60756 -0.34635 -0.59718 0.72348 -0.32101 -0.51925 0.79204 -0.11789 0.85538 0.50441 -0.242 0.52676 0.81483 -0.22428 -0.59318 0.7732 -0.13684 0.64058 0.7556 -0.09961 0.78238 0.61478 -0.15595 -0.10951 0.98168 -0.09101 -0.63628 0.76607 -0.05586 -0.0678 0.99613 0.01619 0.95284 0.30303 -0.2821 0.35548 0.8911 -0.12278 -0.70982 0.6936 0.86965 -0.43983 -0.22417 0.09916 0.72876 -0.67756 0.34558 0.79831 -0.49324 0.79221 0.55457 -0.25466 0.95014 -0.22881 0.21186 0.3566 -0.59945 -0.71659 -0.74357 0.50505 -0.43821 -0.8382 0.51719 0.17304 -0.69916 0.4519 -0.55404 0.07419 0.54417 0.83569 0.63346 0.44632 0.63208 -0.01686 0.99955 -0.0247 0.14433 0.96369 0.22468 0.53782 0.64458 0.54338 0.53724 0.48187 0.69223 0.42646 0.50489 0.75048 0.31471 0.45233 0.83448 0.14594 0.45461 0.87865 0.01268 0.45536 0.89022 0.15266 0.86467 0.47859 0.52546 0.79754 0.29634 0.58646 0.80718 0.06718 0.55359 0.83125 0.05058 0.58666 0.80972 0.01359 0.4713 0.88165 -0.02366 0.29804 0.92678 -0.22858 0.24951 0.92852 -0.27495 0.09741 0.91836 -0.38358 0.05144 0.93215 -0.3584 0.01728 0.92763 -0.3731 0.41745 0.73215 -0.53824 0.57975 0.62037 -0.52823 0.40842 0.88618 -0.2188 0.46694 0.85666 -0.21932 0.40463 0.88976 -0.2112 0.58912 0.73747 -0.33027 0.80661 0.56787 -0.16403 0.78643 0.61747 -0.01613 0.81323 0.57211 0.10652 0.82796 0.52285 0.20277 0.78645 0.56366 0.25255 0.79747 0.5129 0.31778 0.76262 0.53632 0.36162 0.74454 0.50177 0.44032 0.67758 0.44001 0.58931 0.38162 0.69635 0.60784 0.33604 0.73675 0.58675 0.2746 0.68186 0.67798 0.20417 0.71553 0.66808 0.66638 0.69332 0.27432 0.52113 0.71108 0.472 0.50864 0.7009 0.50002 0.48633 0.70989 0.50944 0.53773 0.80314 -0.25653 0.52468 0.82157 -0.22302 0.56986 0.80763 -0.15163 0.56191 0.81677 -0.13093 0.63207 0.76894 0.09603 0.62015 0.76826 0.1587 0.59723 0.78363 0.17101 0.62211 0.73701 0.26418 0.557 0.74368 0.36971 0.5269 0.75575 0.38888 0.50619 0.74422 0.43578 0.39661 0.75638 0.52018 0.39835 0.76815 0.50127 0.34777 0.69709 0.627 0.3711 0.6604 0.6528 0.18185 0.86688 0.46416 0.17709 0.74439 0.64384 0.11175 0.76322 0.6364 0.05496 0.74535 0.66441 0.04043 0.72627 0.68622 -0.01499 0.85264 -0.52228 0.37659 0.81203 -0.44585 0.46152 0.81472 -0.35104 0.47724 0.85288 -0.21174 0.38881 0.87015 -0.30276 0.41935 0.86819 -0.26532 0.13605 0.88943 -0.43635 0.22842 0.88343 -0.40912 0.21881 0.8682 -0.44536 0.27053 0.87799 -0.39491 0.39508 0.86402 -0.31207 0.02619 0.76241 -0.64657 0.02947 0.77385 -0.63268 0.1279 0.80904 -0.57368 0.20956 0.72543 -0.65562 0.27089 0.78586 -0.55592 0.32922 0.73031 -0.59855 0.50196 0.73737 -0.45201 0.2728 0.51844 0.81044 0.2029 0.53461 0.82038 0.04979 0.51908 0.85327 0.39301 0.5761 0.7167 0.45669 0.55423 0.69589 0.42603 0.53961 0.72616 0.31014 0.61455 0.72536 0.03392 0.59595 0.80231 0.43327 0.63317 0.64138 0.14198 0.62027 0.77143 0.06298 0.63849 0.76705 0.77428 0.63283 -0.0034 0.76872 0.63863 0.03492 0.78742 0.60898 0.09542 0.56698 0.60158 0.56271 0.66497 0.62449 -0.40967 0.64382 0.684 -0.343 0.717 0.64953 -0.25301 0.7144 0.65595 -0.24366 0.74873 0.64192 -0.16537 0.68426 0.55446 0.47366 0.65319 0.52995 0.54083 0.41819 0.75987 -0.49771 0.49215 0.74546 -0.44953 0.69258 0.71733 -0.07588 0.69499 0.71675 -0.057 0.71415 0.67839 0.17258 0.7164 0.65458 0.24145 0.65248 0.66504 0.3633 0.64184 0.66965 0.37364 0.64364 0.62347 0.44386 0.00893 0.92414 -0.38194 -0.54208 0.46799 0.69795 -0.46342 0.60029 0.65184 -0.41649 0.70181 0.57793 -0.44545 0.72282 0.5283 -0.44545 0.72282 0.52831 -0.62957 0.45582 0.62918 -0.62078 0.51948 0.58717 -0.7062 0.46754 0.53169 -0.80696 0.52346 0.2735 -0.81123 0.56373 0.15527 -0.84458 0.52208 0.11879 -0.82294 0.56704 -0.03509 -0.46218 0.85928 -0.21918 -0.47073 0.80296 -0.3656 -0.52902 0.67054 -0.52011 -0.53254 0.71959 -0.44564 -0.01532 0.93813 -0.34596 -0.03794 0.94283 -0.33111 -0.06437 0.93978 -0.33566 -0.09476 0.92727 -0.3622 -0.09862 0.92471 -0.36767 -0.11719 0.93393 -0.33771 -0.1411 0.93492 -0.32559 -0.19531 0.92003 -0.33971 -0.21432 0.85164 -0.47831 -0.20365 0.9149 -0.34855 -0.20498 0.93734 -0.28175 -0.21659 0.94351 -0.25076 -0.23959 0.93924 -0.2458 -0.27841 0.92268 -0.26672 -0.37635 0.85739 -0.35105 -0.39807 0.82056 -0.41014 -0.36931 0.87574 -0.31096 -0.36224 0.8961 -0.25649 -0.37764 0.89978 -0.2186 -0.38659 0.88889 -0.24579 -0.40215 0.88807 -0.22271 -0.40302 0.88688 -0.22588 -0.42097 0.88291 -0.20796 -0.46269 0.85883 -0.21983 -0.45589 0.86611 -0.20497 -0.44619 0.87996 -0.16308 -0.45339 0.88062 -0.13767 -0.5129 0.8505 -0.11654 -0.52691 0.84466 -0.09448 -0.55748 0.8264 -0.07926 -0.55788 0.82601 -0.08048 -0.55749 0.82865 -0.05044 -0.56872 0.82213 -0.02572 -0.59245 0.80559 -0.00483 -0.61548 0.78813 0.00608 -0.59316 0.80473 0.02393 -0.5647 0.82321 0.0586 -0.5614 0.82308 0.08588 -0.58265 0.80528 0.10975 -0.60574 0.78652 0.1203 -0.58704 0.79792 0.13678 -0.57062 0.80451 0.16481 -0.57156 0.79779 0.19197 -0.59012 0.77656 0.22068 -0.60117 0.76533 0.22992 -0.58068 0.77542 0.24806 -0.56426 0.7788 0.274 -0.55946 0.77196 0.30179 -0.5651 0.75718 0.32761 -0.55547 0.76313 0.33029 -0.51921 0.78031 0.34862 -0.49957 0.78299 0.37061 -0.49442 0.77257 0.39836 -0.50313 0.74831 0.43231 -0.49933 0.751 0.43205 -0.44978 0.77913 0.43664 -0.42157 0.78702 0.45042 -0.41048 0.7782 0.47531 -0.41469 0.7566 0.50556 -0.40348 0.76335 0.50448 -0.37022 0.7753 0.51171 -0.33891 0.76749 0.54415 -0.39756 0.71344 0.57702 -0.33028 0.76887 0.54749 -0.28812 0.79252 0.5375 -0.2484 0.78392 0.569 -0.2452 0.74846 0.61618 -0.24661 0.73768 0.6285 -0.21073 0.7647 0.60896 -0.17895 0.77837 0.60176 -0.15452 0.77773 0.6093 -0.13464 0.76278 0.63248 -0.12841 0.75068 0.64807 -0.10833 0.76347 0.63669 -0.08042 0.77238 0.63004 -0.05454 0.77104 0.63444 -0.02925 0.7591 0.65032 -0.11097 0.52049 0.84663 -0.4769 0.51701 0.71082 -0.43402 0.4125 0.80092 -0.32775 0.54101 0.77452 -0.26132 0.43891 0.85969 -0.09246 0.65209 0.75248 -0.45036 0.56863 0.68836 -0.3571 0.60525 0.71145 -0.32471 0.55059 0.76903 -0.23162 0.61022 0.75762 -0.1732 0.54243 0.82205 -0.11872 0.54603 0.82931 -0.08563 0.5925 0.801 -0.29109 0.71051 0.64066 -0.38557 0.69714 0.60442 -0.3863 0.70056 0.59999 -0.32154 0.68189 0.657 -0.25765 0.71921 0.64526 -0.20846 0.67258 0.71006 -0.15018 0.70318 0.69497 -0.51297 0.84954 -0.12307 -0.47766 0.86968 -0.12453 -0.01101 0.69612 0.71784 -0.00759 0.73883 0.67384 -0.01108 0.74436 0.66768 -0.52868 0.80603 -0.26609 -0.66198 0.74952 0.0027 -0.7094 0.69853 0.09386 -0.68109 0.69787 0.22155 -0.52305 0.72678 0.44521 -0.52422 0.67358 0.52104 -0.51858 0.67601 0.52352 -0.60358 0.73202 -0.31597 -0.58969 0.75782 -0.27923 -0.61794 0.7553 -0.21834 -0.69959 0.68871 -0.19041 -0.71 0.69789 0.09408 -0.73092 0.66526 0.15224 -0.63973 0.67884 0.36045 -0.63049 0.65258 0.42027 -0.56135 0.62641 0.54083 -0.57199 0.61671 0.54082 -0.69948 0.68882 -0.19039 -0.7641 0.63589 -0.10864 -0.72184 0.61823 0.31102 -0.66211 0.59692 0.4531 -0.65776 0.63027 -0.41245 -0.64749 0.68009 -0.34385 -0.71112 0.61994 -0.33165 -0.70715 0.67668 -0.20503 -0.73534 0.66859 -0.11074 -0.79634 0.60348 0.04083 -0.75762 0.57207 0.31424 -0.75564 0.51659 0.40268 -0.6949 0.5569 0.45495 -0.59906 0.54315 0.58831 -0.40819 0.85043 -0.33189 -0.35355 0.88082 -0.31489 -0.35558 0.83712 -0.41569 -0.23771 0.87089 -0.43016 -0.23776 0.84317 -0.48222 -0.12053 0.84735 -0.51718 -0.11773 0.84202 -0.52645 -0.52804 0.70054 -0.48001 -0.41919 0.72866 -0.54161 -0.41959 0.7631 -0.49155 -0.3357 0.73493 -0.58922 -0.27193 0.78338 -0.5589 -0.24662 0.73496 -0.63167 -0.13329 0.77615 -0.6163 -0.12866 0.75861 -0.63872 -0.31371 0.84294 -0.43708 -0.31515 0.94574 -0.07907 0.32612 0.93303 -0.15201 0.31642 0.81781 -0.4807 0.12925 0.99121 0.02816 0.27349 0.87825 0.39227 -0.06413 0.99127 0.11518 -0.00626 0.88698 0.46177 -0.00474 0.97258 -0.23252 -0.04068 0.9428 -0.33087 -0.06254 0.97605 -0.20835 -0.11855 0.94506 -0.30464 -0.15545 0.96293 -0.22044 -0.13577 0.97227 -0.19043 -0.21092 0.96272 -0.16934 -0.23708 0.94375 -0.23049 -0.15442 0.98506 -0.07623 -0.23801 0.96463 -0.11333 -0.29342 0.9417 -0.16465 -0.37148 0.89972 -0.22915 -0.30097 0.95098 -0.07105 -0.2782 0.95721 -0.07976 -0.24214 0.97002 -0.02056 -0.34491 0.9366 -0.06185 -0.29785 0.9538 0.03931 -0.34177 0.93938 0.02741 -0.31359 0.94353 0.10683 -0.36762 0.92651 0.08016 -0.30926 0.93767 0.15851 -0.36516 0.91626 0.16471 -0.35678 0.90795 0.21986 -0.29966 0.93178 0.20494 -0.31365 0.91113 0.26734 -0.30954 0.91249 0.26748 -0.2351 0.9198 0.31417 -0.33656 0.88187 0.33019 -0.29316 0.87595 0.38311 -0.19447 0.9163 0.35011 -0.26094 0.84819 0.46096 -0.24207 0.86451 0.44049 -0.1842 0.88403 0.4296 0.14752 0.97847 -0.14435 -0.18636 0.90149 0.39062 -0.16561 0.88432 0.43653 -0.1605 0.88939 0.42805 -0.14527 0.87162 0.46815 -0.11965 0.8876 0.4448 -0.09558 0.87356 0.47725 -0.10582 0.86447 0.49143 -0.05367 0.88623 0.46012 -0.05466 0.87035 0.48939 -0.01985 0.86544 0.50062 0.21563 0.86699 0.44925 0.17746 0.9036 0.38989 0.1653 0.92541 0.34101 0.24394 0.85104 0.465 0.22921 0.89252 0.38841 0.21417 0.90339 0.37151 0.27367 0.89318 0.35683 0.27848 0.89132 0.35778 0.27344 0.9091 0.31427 0.30888 0.89742 0.315 0.26652 0.92781 0.26104 0.34579 0.90335 0.25375 0.30571 0.9312 0.19852 0.29513 0.9349 0.19713 0.36929 0.91796 0.14482 0.29879 0.94582 0.1271 0.33904 0.93488 0.10515 0.3521 0.93486 0.04534 0.30319 0.95131 0.05561 0.34136 0.93908 -0.04005 0.30137 0.95326 -0.02145 0.29099 0.94523 -0.14787 0.34555 0.92425 -0.16233 0.24466 0.96906 -0.03273 0.27604 0.95733 -0.08555 0.20212 0.95506 -0.21682 0.23305 0.96636 -0.10877 0.26887 0.94559 -0.1832 0.17133 0.97455 -0.14453 0.1986 0.95335 -0.22733 0.13598 0.95982 -0.24547 0.11325 0.97186 -0.20655 0.03696 0.94732 -0.31814 0.05357 0.96974 -0.23817 0.09447 0.95064 -0.29556 0.0387 0.95639 0.28952 0.15421 0.89512 0.41832 0.1278 0.89616 0.42493 0.17879 0.83616 0.51853 0.12016 0.8626 0.49141 0.09587 0.88137 0.46259 0.03577 0.88246 0.46903 0.06594 0.8516 0.52003 0.06589 0.88296 0.46479 0.01727 0.85697 0.51507 0.02237 0.62179 -0.78286 0.77384 0.0581 -0.63071 0.139 0.36635 0.92004 0.22346 0.43328 0.87312 0.28395 0.35035 0.89254 0.33273 0.44527 0.83128 0.48821 0.38501 0.78321 0.58992 0.4069 0.69745 0.79574 0.57386 -0.19361 0.74309 0.57683 -0.33922 0.68564 0.53788 -0.49048 0.67917 0.57676 -0.45395 0.4649 0.67043 -0.57827 0.42929 0.58152 -0.69104 0.30176 0.69698 -0.6505 0.34583 0.6113 -0.71183 0.19538 0.67488 -0.7116 0.16678 0.60745 -0.77665 0.07154 0.69415 -0.71626 0.07381 0.44135 0.89429 0.0314 0.37736 0.92553 0.06584 0.41543 -0.90724 0.15659 0.4383 -0.88508 0.16806 0.4608 -0.87145 0.71837 0.4674 -0.51525 0.8126 0.46916 -0.34579 0.44582 0.26369 0.8554 0.37994 0.22497 0.89724 0.28883 0.31758 0.90317 0.21021 0.21673 0.95333 0.14884 0.28467 0.947 0.03838 0.24902 0.96774 0.02783 0.22744 0.97339 0.86142 0.47634 -0.17623 0.87194 0.4839 -0.07456 0.87046 0.48709 -0.07103 0.89136 0.45299 0.01641 0.8835 0.46674 0.03981 0.89506 0.43413 0.10199 0.85154 0.49905 0.16069 0.88845 0.39583 0.23233 0.82114 0.48643 0.29852 0.83924 0.39091 0.37797 0.78426 0.4571 0.41952 0.78843 0.36873 0.49235 0.7165 0.44025 0.54112 0.69789 0.35998 0.61916 0.67272 0.3812 0.63414 0.62518 0.36777 0.6884 0.48765 0.37809 0.78692 0.44897 0.3262 0.83188 0.57468 0.55146 -0.60468 0.57983 0.59029 -0.56157 0.67518 0.23205 -0.7002 0.71621 0.26752 -0.64457 0.81384 0.2952 -0.50053 0.84595 0.31092 -0.43324 0.8432 0.37349 -0.38667 0.92197 0.26042 -0.28661 0.67358 0.16493 0.72047 0.65742 0.1839 0.73074 0.58281 0.1698 0.79467 0.60356 0.15341 0.78242 0.51888 0.15597 0.8405 0.37029 0.12816 0.92003 0.28485 0.08478 0.95482 0.21546 0.15856 0.96355 0.14225 0.06776 0.98751 0.05318 0.11885 0.99149 0.9385 0.23493 0.25304 0.97585 0.21132 0.0553 0.97949 0.19501 -0.05065 0.97405 0.21949 -0.05528 0.95547 0.25863 -0.14209 0.96035 0.18763 -0.2062 0.92077 0.26496 -0.28632 0.03151 0.29509 -0.95495 0.27365 0.34234 -0.89884 0.35041 0.3949 -0.84927 0.34222 0.36935 -0.86399 0.46338 0.37971 -0.80069 0.46244 0.37818 -0.80196 0.53208 0.31314 -0.78666 0.59601 0.42543 -0.68101 0.94047 0.32121 0.11106 0.91223 0.34259 0.22464 0.93169 0.25659 0.25712 0.86829 0.32392 0.37571 0.86888 0.26608 0.41742 0.82554 0.28048 0.48971 0.82475 0.2595 0.50244 0.77377 0.2197 0.59415 0.74945 0.24654 0.61445 -0.05394 0.65915 -0.75008 -0.08976 0.61522 -0.78323 -0.20149 0.69963 -0.68551 -0.2222 0.66026 -0.71741 -0.3382 0.58877 -0.73415 -0.3718 0.68715 -0.62418 -0.50502 0.63899 -0.58022 -0.72886 0.55933 -0.39486 -0.80235 0.52749 -0.27926 -0.79092 0.54515 -0.27797 -0.59679 0.37551 0.70911 -0.63084 0.43464 0.64275 -0.53803 0.42662 0.72699 -0.28672 0.42403 0.85907 -0.20313 0.3681 0.90732 -0.07043 0.41684 0.90625 -0.10592 0.3615 0.92633 -0.18909 0.37921 0.90578 -0.70066 0.15962 -0.69542 -0.63948 0.58563 -0.4981 -0.62971 0.54609 -0.5525 -0.49431 0.56341 -0.66199 -0.079 0.23224 0.96944 -0.24948 0.25031 0.93547 -0.37495 0.25838 0.89031 -0.88551 0.44676 -0.1276 -0.85953 0.47961 -0.17656 -0.73682 0.49281 -0.46285 -0.51442 0.45201 -0.72873 -0.2279 0.44382 -0.86665 -0.17191 0.39156 -0.90395 -0.11796 0.4529 -0.88372 -0.37151 0.32793 0.86858 -0.4133 0.3973 0.81936 -0.50665 0.34042 0.7921 -0.72041 0.33601 0.60672 -0.72462 0.45788 0.51504 -0.8136 0.3538 0.4614 -0.79904 0.46362 0.38287 -0.86907 0.38967 0.30476 -0.84967 0.44382 0.28476 -0.85746 0.47586 0.19577 -0.90174 0.40915 0.13951 -0.85739 0.50427 0.10288 -0.88649 0.46259 -0.01211 -0.87007 0.49217 -0.02732 -0.84797 0.49912 -0.17843 -0.12806 0.14583 0.98099 -0.21219 0.12176 0.96961 -0.86872 0.29493 -0.39792 -0.8686 0.28787 -0.40333 -0.80114 0.29661 -0.5198 -0.78655 0.33213 -0.52061 -0.64618 0.33597 -0.68525 -0.61308 0.31472 -0.72463 -0.03902 0.26937 -0.96225 -0.22935 0.08005 0.97005 -0.3762 0.06193 0.92447 -0.81717 0.18816 0.54482 -0.91015 0.07632 0.40718 -0.89775 0.2201 0.38158 -0.96735 0.08849 0.2375 -0.9691 0.20925 -0.13066 -0.95244 0.25579 -0.16562 -0.94855 0.15055 -0.27854 -0.9152 0.29332 -0.27637 -0.3981 0.20785 0.89348 -0.49574 0.16068 0.85347 -0.54483 0.23773 0.80414 -0.61765 0.20413 0.7595 -0.6375 0.23426 0.73397 -0.70252 0.2078 0.68065 -0.73688 0.28916 0.61106 -0.81194 0.2032 0.54723 -0.81639 0.3474 0.46132 -0.89248 0.23708 0.38375 -0.87362 0.3801 0.30382 -0.93003 0.28601 0.23075 -0.93746 0.32113 0.13436 -0.92999 0.34493 0.12701 -0.94835 0.31635 0.02338 -0.9364 0.35054 -0.01658 -0.47778 0.3315 -0.81353 -0.3614 0.4149 -0.83502 -0.32042 0.32068 -0.89134 0.24864 0.08567 -0.9648 0.05635 0.09958 -0.99343 0.16067 0.05848 -0.98527 0.53738 0.06674 -0.8407 0.60823 -0.01042 -0.79369 0.64922 0.04207 -0.75944 0.45043 -0.02168 -0.89255 0.31021 -0.0093 -0.95062 0.35681 0.0525 -0.9327 0.41955 0.04278 -0.90672 0.13596 0.01631 -0.99058 0.77239 0.03068 -0.63441 0.85683 0.00744 -0.51555 0.9935 -0.01543 -0.11281 0.72768 -0.02233 -0.68555 0.81487 -0.02491 -0.5791 0.88249 -0.03498 -0.46902 0.92882 -0.01435 -0.37027 0.9244 -0.0218 -0.38079 0.96496 -0.02359 -0.26135 0.96362 -0.01788 -0.26669 0.98773 -0.02236 -0.15455 0.99852 0.02563 -0.04789 -0.69241 0.04903 -0.71983 -0.58486 -0.02535 -0.81074 -0.57017 0.02207 -0.82123 -0.47031 0.04755 -0.88122 -0.18905 0.00513 -0.98195 -0.02886 0.00059 -0.99958 -0.16095 0.0697 -0.9845 -0.07055 0.08251 -0.99409 -0.31103 0.09715 -0.94542 -0.34845 0.00233 -0.93732 -0.47249 0.04135 -0.88036 -0.98617 0.00032 -0.16573 -0.80653 0.00526 -0.59117 -0.81508 -0.01554 -0.57914 -0.87981 -0.00575 -0.4753 -0.94576 -0.00464 -0.32484 -0.99127 -0.01052 -0.13145 -0.99832 0.00389 -0.05776 -0.71966 -0.03427 -0.69348 -0.86788 -0.01859 -0.49643 -0.90726 -0.03445 -0.41915 -0.95043 -0.01801 -0.31041 -0.97411 -0.02181 -0.22501 -0.99976 -0.0016 -0.02206 0.605 -0.00568 0.7962 0.72532 -0.00161 0.68841 0.71204 0.00477 0.70212 0.88185 0.00402 0.47152 0.87197 -0.00108 0.48956 0.8223 0.00558 0.56903 0.8127 -0.00047 0.58268 0.92975 0.00884 0.36807 0.91903 -0.00054 0.39418 0.96404 0.00143 0.26575 0.9623 -0.00063 0.27199 0.98677 -0.00397 0.16208 0.98997 0.00615 0.14114 0.9991 0.00685 0.04195 0.99906 0.0064 0.04288 -0.3476 -0.00565 0.93762 -0.22154 0.00154 0.97515 -0.21494 -0.0007 0.97663 -0.13623 -0.00525 0.99066 -0.07404 0.00437 0.99725 -0.01676 -0.0001 0.99986 0.006 0.0024 0.99998 0.06953 -0.00572 0.99756 0.14219 0.00515 0.98983 0.212 -0.00741 0.97724 0.30473 -0.00027 0.95244 0.29594 -0.00337 0.9552 0.41153 -0.00124 0.91139 0.42089 0.00196 0.90711 0.50089 0.00412 0.8655 0.52984 -0.00394 0.84809 0.61794 0.00036 0.78622 -0.39583 0.00433 0.91831 -0.4481 -0.00582 0.89397 -0.51833 0.00643 0.85516 -0.57501 -0.00681 0.81812 -0.64869 0.00234 0.76105 -0.65418 0.00487 0.75632 -0.73178 0.00052 0.68154 -0.74889 0.00577 0.66267 -0.79027 -0.0032 0.61275 -0.83016 0.0088 0.55745 -0.86711 -0.00934 0.49803 -0.9139 -0.0005 0.40593 -0.91996 0.00679 0.39196 -0.95172 -0.01017 0.30681 -0.97699 0.01198 0.21296 -0.98348 -0.00058 0.18104 -0.99699 -0.00332 0.07745 -0.99888 0.00953 0.04639 -0.26637 -0.8444 -0.46479 0.03439 -0.97844 -0.20363 -0.03022 -0.99694 -0.07212 -0.08392 -0.98321 -0.16201 -0.2345 -0.95194 -0.197 -0.08008 -0.89258 -0.44372 -0.04194 -0.90184 -0.43002 0.00166 -0.89313 -0.4498 0.0082 -0.88896 -0.45792 0.01019 -0.89266 -0.45061 -0.01039 -0.89265 -0.45063 -0.01923 -0.88853 -0.45842 -0.02042 -0.89019 -0.45513 -0.01987 -0.89032 -0.45491 -0.01994 -0.89286 -0.44989 -0.03353 -0.88972 -0.45527 0.0124 -0.8912 -0.45343 -0.00813 -0.89118 -0.45357 -0.00806 -0.88981 -0.45625 -0.00256 -0.88819 -0.45948 -0.0427 -0.89942 -0.435 -0.05912 -0.89824 -0.43551 -0.06997 -0.88959 -0.45136 -0.05627 -0.88789 -0.45661 -0.05145 -0.89168 -0.44973 -0.04204 -0.8912 -0.45166 -0.03018 -0.89444 -0.44618 0.00549 -0.9311 -0.36472 0.01233 -0.93856 -0.3449 0.0162 -0.91957 -0.39259 0.02495 -0.94163 -0.33573 0.03705 -0.93462 -0.35372 0.03318 -0.9287 -0.36935 0.02976 -0.9281 -0.37113 0.02957 -0.89172 -0.45162 0.01419 -0.89191 -0.45199 0.02616 -0.88665 -0.46171 -0.01338 -0.94361 -0.3308 -0.00581 -0.93355 -0.35841 -0.02858 -0.94161 -0.3355 -0.02259 -0.92562 -0.37777 -0.02547 -0.92509 -0.3789 -0.04028 -0.93133 -0.36195 -0.04182 -0.93145 -0.36146 -0.02909 -0.91861 -0.39409 -0.03535 -0.92012 -0.39004 -0.04937 -0.91929 -0.39047 -0.05891 -0.92038 -0.38655 -0.06999 -0.91925 -0.38741 -0.04277 -0.91773 -0.3949 -0.05432 -0.91556 -0.3985 -0.04509 -0.91221 -0.40724 -0.05549 -0.91125 -0.40809 -0.05675 -0.91172 -0.40688 -0.03823 -0.90955 -0.41383 -0.05361 -0.90781 -0.41595 -0.06202 -0.90519 -0.42046 -0.06027 -0.90425 -0.42272 -0.07572 -0.90053 -0.42815 0.06449 -0.90188 -0.42714 0.0476 -0.90198 -0.42914 0.02826 -0.89218 -0.45079 0.02986 -0.89422 -0.44663 0.05426 -0.88817 -0.4563 0.05924 -0.88905 -0.45396 0.05586 -0.8896 -0.4533 0.05553 -0.89349 -0.44564 0.06199 -0.89302 -0.44573 0.05878 -0.89725 -0.43759 0.06958 -0.89613 -0.4383 0.07614 -0.89633 -0.4368 0.02694 -0.9242 -0.38095 0.06386 -0.93108 -0.35919 0.06721 -0.927 -0.369 0.05285 -0.9249 -0.37653 0.05525 -0.92171 -0.38392 0.0864 -0.9319 -0.35228 0.09782 -0.92428 -0.36898 0.06479 -0.91378 -0.40102 0.06304 -0.91385 -0.40113 0.06164 -0.91289 -0.40353 0.04698 -0.91061 -0.41058 0.05773 -0.9085 -0.41389 0.06301 -0.90949 -0.41093 0.05479 -0.90427 -0.42343 0.04727 -0.9087 -0.41477 -0.80887 -0.41359 -0.41794 -0.5459 -0.62124 -0.56218 -0.06559 0.92902 0.36418 0.27892 0.95902 0.04979 0.12985 0.99036 -0.04825 0.44006 0.86608 0.23717 0.47187 0.82835 0.30195 0.4503 0.89287 -0.00335 -0.66629 0.65294 0.36019 -0.61011 -0.76528 -0.20523 -0.86236 -0.49469 0.10773 -0.63834 -0.7642 0.09228 -0.72219 -0.6672 0.18246 -0.59727 -0.7803 0.18549 -0.39172 -0.90095 0.18665 -0.4309 -0.74932 0.50283 -0.29655 -0.88126 0.36801 -0.31881 -0.52512 0.78906 -0.83746 -0.50474 0.20954 -0.63516 -0.76898 -0.07244 -0.17818 -0.90701 0.38154 -0.13994 -0.65749 0.74035 -0.31842 0.84596 0.42774 -0.46858 0.48863 0.73598 -0.15456 -0.51825 0.84115 -0.59788 0.22678 0.76883 -0.77361 0.54597 0.32163 -0.00386 -0.86274 0.50563 -0.4688 -0.65023 0.59786 -0.5566 -0.75366 0.34957 0.95445 0.257 0.15156 0.04671 -0.42825 0.90245 0.08445 -0.96339 0.25446 0.59222 -0.65664 0.46702 0.74017 -0.66763 -0.08004 0.30331 -0.86008 0.4102 0.5583 -0.78346 -0.27292 0.93009 -0.35436 0.09674 0.67617 -0.73618 -0.02881 0.77104 -0.5834 0.25521 0.52892 -0.8437 0.09174 0.66785 -0.64061 0.37894 0.57141 -0.71303 0.40629 0.31599 -0.93696 0.14922 0.42765 -0.57689 0.69593 0.28171 -0.55009 0.78616 0.16233 -0.93118 0.32643 0.35148 -0.93153 0.09339 0.87049 0.03853 0.49068 0.6743 -0.62691 0.39025 0.80457 -0.55752 -0.20453 -0.99762 -0.06874 -0.00581 -0.75279 -0.01564 -0.65808 -0.74592 -0.02866 -0.66541 -0.82523 -0.02944 -0.56403 -0.82484 -0.02487 -0.56482 -0.86044 -0.06085 -0.50591 -0.91063 0.03262 -0.41193 -0.91743 -0.04831 -0.39494 -0.96714 0.0274 -0.25275 -0.95673 -0.02243 -0.2901 -0.98607 -0.04824 -0.15916 -0.98756 -0.04027 -0.15203 -0.42957 -0.06936 -0.90036 -0.64889 -0.04669 -0.75945 -0.63995 -0.00169 -0.76842 -0.55578 -0.05557 -0.82947 -0.51869 0.01676 -0.8548 -0.26519 -0.0679 -0.9618 -0.29889 -0.01193 -0.95421 -0.40663 -0.0099 -0.91354 -0.16846 0.0392 -0.98493 -0.08209 -0.08186 -0.99326 0.98939 -0.01675 -0.1443 0.97546 -0.0208 -0.21921 0.98054 -0.05444 -0.18863 0.95295 -0.06488 -0.29609 0.9499 -0.00329 -0.31253 0.91398 -0.03434 -0.4043 0.90871 -0.0468 -0.41479 0.86494 -0.02837 -0.50108 0.8591 -0.03895 -0.51033 0.81229 -0.01454 -0.58307 0.77674 -0.06115 -0.62684 0.75413 -0.00221 -0.65672 0.69632 -0.03074 -0.71707 0.67488 -0.06167 -0.73535 0.61711 0.01605 -0.78671 0.53357 -0.0509 -0.84423 0.53392 -0.05031 -0.84403 0.43998 0.00334 -0.898 0.39081 -0.065 -0.91817 0.31169 -0.01025 -0.95013 0.25068 -0.04452 -0.96705 0.22634 0.02963 -0.9736 0.02661 0.04102 -0.9988 0.07851 -0.06559 -0.99475 0.99272 -0.11213 -0.04391 0.99807 -0.02923 -0.05476 0.9978 -0.03102 0.05853 0.99773 -0.0287 0.061 0.98698 -0.03256 0.15752 0.98549 -0.02181 0.16832 0.96464 -0.04169 0.26025 0.95325 0.00276 0.30218 0.92258 -0.03927 0.38379 0.92245 -0.04175 0.38386 0.88145 -0.0416 0.47044 0.88599 -0.05222 0.46075 0.82894 -0.06388 0.55568 0.80928 -0.02964 0.58667 0.77175 -0.04083 0.63461 0.76906 -0.03689 0.63811 0.72845 -0.07164 0.68135 0.6824 -0.0108 0.7309 0.63543 -0.03553 0.77134 0.62932 -0.07315 0.7737 0.54846 -0.05754 0.83419 0.54806 -0.05837 0.8344 0.43807 -0.01567 0.89881 0.45876 -0.05216 0.88703 0.35595 -0.03358 0.9339 0.35611 -0.03388 0.93383 0.22766 -0.04125 0.97287 0.23639 -0.05802 0.96993 0.13857 -0.05842 0.98863 0.11349 -0.0161 0.99341 0.01648 -0.06762 0.99758 -0.02181 0.00629 0.99974 -0.12914 -0.04197 0.99074 -0.11864 -0.06389 0.99088 -0.22905 -0.06185 0.97145 -0.23923 -0.03171 0.97044 -0.36598 -0.04528 0.92952 -0.36253 -0.05941 0.93008 -0.45341 -0.03695 0.89053 -0.45547 -0.02983 0.88975 -0.54565 -0.02503 0.83764 -0.54212 -0.03812 0.83943 -0.6306 -0.04245 0.77494 -0.62771 -0.06067 0.77608 -0.72209 -0.00884 0.69174 -0.70907 -0.18212 0.68122 -0.76411 -0.00544 0.64507 -0.82133 -0.04651 0.56855 -0.82678 -0.00183 0.56252 -0.88612 -0.08332 0.45591 -0.90341 0.03566 0.4273 -0.93471 -0.04457 0.3526 -0.96428 0.0005 0.26488 -0.96398 -0.01645 0.26547 -0.99081 -0.10755 0.08198 -0.9877 -0.03218 0.153 -0.99834 -0.01588 0.05544 -0.99772 -0.0672 -0.00661 -0.22123 -0.91286 -0.34313 -0.17643 -0.97294 -0.14919 -0.03904 -0.99924 -0.00073 0.17794 -0.97582 -0.12695 0.25575 -0.92841 -0.26953 0.05519 -0.99057 0.12538 0.01858 -0.35972 0.93287 -0.00869 -0.90721 -0.42059 -0.00247 -0.90866 -0.41754 0.00162 -0.91252 -0.40903 -0.00825 -0.91779 -0.39698 -0.01046 -0.91434 -0.40481 -0.00274 -0.90953 -0.41564 -0.00436 -0.90624 -0.42274 0.00282 -0.89608 -0.44388 0.00549 -0.89792 -0.44013 0.00092 -0.91563 -0.40201 0.01014 -0.91801 -0.39643 -0.01377 -0.91208 -0.40977 -0.01392 -0.91377 -0.40599 -0.00703 -0.90891 -0.41693 0.00735 -0.91147 -0.41131 0.00497 -0.90638 -0.42243 0.00269 -0.90574 -0.42382 -0.00131 -0.90791 -0.41917 0.00547 -0.91125 -0.41182 0.00382 -0.91089 -0.41263 0.00237 -0.90946 -0.41579 0.00989 -0.92161 -0.38799 0.00683 -0.92089 -0.38977 0.02325 -0.91891 -0.39379 0.02757 -0.91965 -0.39176 0.00696 -0.91507 -0.40323 0.0218 -0.91771 -0.39666 0.00773 -0.91723 -0.39828 0.02029 -0.92295 -0.38439 -0.00661 -0.92211 -0.38686 -0.00451 -0.92808 -0.37234 0.00383 -0.92393 -0.38254 0.00214 -0.92225 -0.38659 0.04242 -0.98397 -0.1732 0.01778 -0.91145 -0.41102 -0.02451 -0.90951 -0.41495 -0.02778 -0.91318 -0.40661 -0.03066 -0.91146 -0.41025 -0.02814 -0.91133 -0.4107 -0.02045 -0.91243 -0.40873 -0.02244 -0.91425 -0.40454 -0.02362 -0.91442 -0.40408 -0.01129 -0.90659 -0.42187 -0.01246 -0.90609 -0.4229 -0.01055 -0.90608 -0.42297 -0.01246 -0.90487 -0.42551 -0.00459 -0.90692 -0.42128 -0.00695 -0.90559 -0.4241 -0.00203 -0.90641 -0.42238 -0.00132 -0.90582 -0.42366 -0.00775 -0.90485 -0.42567 -0.01801 -0.90949 -0.41533 -0.02453 -0.91435 -0.40418 -0.03064 -0.91912 -0.39279 0.02541 -0.91696 -0.39816 0.00939 -0.90993 -0.41465 0.01521 -0.90913 -0.41624 0.01916 -0.91122 -0.41147 0.01778 -0.91083 -0.4124 0.01534 -0.91108 -0.41194 0.0042 -0.90826 -0.41839 0.00755 -0.90829 -0.41828 0.0029 -0.90695 -0.42122 0.01552 -0.90594 -0.42313 0.031 -0.90797 -0.41789 0.00921 -0.90526 -0.42476 -0.01637 -0.91481 -0.40355 -0.02505 -0.92155 -0.38746 0.02894 -0.90857 -0.41672 0.00182 -0.90682 -0.42151 0.01053 -0.90269 -0.43016 0.01015 -0.90683 -0.42138 0.0195 -0.90514 -0.42466 0.01885 -0.90416 -0.42677 -0.02053 -0.90942 -0.41537 -0.00266 -0.90921 -0.41633 -0.01413 -0.91586 -0.40124 -0.01407 -0.92743 -0.37372 -0.00156 -0.90601 -0.42326 0.00433 -0.90482 -0.42577 -0.03025 -0.93315 -0.35822 0.0048 -0.90771 -0.41958 -0.01522 -0.90817 -0.41832 -0.01406 -0.90825 -0.41818 -0.01015 -0.90719 -0.4206 0.00944 -0.90841 -0.41797 -0.00425 -0.90551 -0.4243 -0.01265 -0.90687 -0.42123 -0.0131 -0.90674 -0.42149 0.01054 -0.90537 -0.42449 -0.39296 -0.7665 0.50799 -0.04046 0.75807 0.65092 -0.17636 0.8907 0.41898 -0.22801 0.69476 0.68215 -0.6941 0.38505 0.60825 -0.30813 -0.17309 0.93547 0.40354 0.08703 0.91081 0.24684 -0.89635 0.36827 0.02588 0.03438 0.99907 0.52751 0.78655 0.32105 0.28426 0.91712 0.27945 0.15874 0.79092 0.59097 0.19246 0.81059 0.55308 0.29917 0.78622 0.5407 0.28059 0.82991 0.4822 -0.00073 -0.90822 -0.4185 0.0027 -0.90999 -0.41463 -0.00218 -0.90659 -0.42201 -3E-05 -0.90753 -0.41998 0.02714 -0.91963 -0.39184 -0.00053 -0.90732 -0.42043 -0.00394 -0.90346 -0.42865 -0.00043 -0.90751 -0.42002 -0.01592 -0.90048 -0.4346 0.00448 -0.90706 -0.42098 -0.00038 -0.90758 -0.41987 0.00227 -0.90441 -0.42666 0.02535 -0.91451 -0.40377 0.00607 -0.90772 -0.41953 0.00018 -0.90397 -0.4276 0.00015 -0.9044 -0.4267 0.00634 -0.9075 -0.41999 0.0016 -0.90618 -0.42289 0.00294 -0.90862 -0.41761 -0.00125 -0.90681 -0.42154 -0.00114 -0.90688 -0.42139 -0.00492 -0.90254 -0.43058 -0.00047 -0.90743 -0.42021 -0.00062 -0.90709 -0.42093 -0.0189 -0.89649 -0.44267 -0.00055 -0.90746 -0.42013 0.01873 -0.9105 -0.41308 0.01433 -0.91156 -0.41091 -0.01535 -0.90185 -0.43178 0.02253 -0.91663 -0.3991 -0.01387 -0.89571 -0.44442 -0.00071 -0.90676 -0.42165 -0.00016 -0.90892 -0.41698 0.0011 -0.90613 -0.423 -0.00067 -0.90722 -0.42065 -3E-05 -0.90613 -0.42301 -0.00949 -0.90419 -0.42702 -0.02342 -0.90006 -0.43513 0.02081 -0.91758 -0.397 -0.00532 -0.89873 -0.43846 -0.00069 -0.90733 -0.42043 -0.00155 -0.9085 -0.41787 0.00277 -0.89698 -0.44205 0.02232 -0.92121 -0.38842 0.00749 -0.90763 -0.4197 -0.06395 -0.89353 -0.44442 0.01384 -0.90982 -0.41477 -0.01139 -0.90475 -0.42578 0.03098 -0.914 -0.40452 -0.00365 -0.89671 -0.4426 0.02942 -0.93265 -0.35957 -0.02984 -0.84381 -0.53581 0.04193 -0.96507 -0.25862 0.08523 -0.9945 0.06087 -0.98953 0.13919 -0.03826 -0.94696 -0.07034 0.31356 -0.41755 0.08111 0.90502 -0.20033 -0.08686 0.97587 0.70688 0.09764 0.70057 0.83245 -0.07505 0.54899 0.86724 0.05299 -0.49506 0.83901 0.00416 -0.5441 0.02928 -0.02185 -0.99933 -0.15553 0.1161 -0.98099 -0.80924 -0.13565 -0.5716 -0.67947 0.02851 0.73315 -0.63703 -0.03183 0.77018 0.63703 0.03183 0.77018 0.67947 -0.02851 0.73315 0.91743 0.02598 -0.39705 0.90805 0.00384 -0.41885 0.0279 -0.02477 -0.9993 -0.0279 0.02477 -0.9993 -0.90805 -0.00385 -0.41885 -0.91743 -0.02598 -0.39705 -0.83245 0.07505 0.54899 -0.70688 -0.09764 0.70057 0.20032 0.08686 0.97587 0.41755 -0.08111 0.90502 0.94696 0.07034 0.31356 0.98953 -0.13919 -0.03826 0.80924 0.13565 -0.5716 0.15553 -0.1161 -0.98099 -0.02928 0.02185 -0.99933 -0.83901 -0.00416 -0.5441 -0.86724 -0.05299 -0.49506 -0.67947 0.02851 0.73315 -0.63703 -0.03183 0.77018 0.63703 0.03183 0.77018 0.67947 -0.02851 0.73315 0.91743 0.02598 -0.39705 0.90805 0.00385 -0.41885 0.0279 -0.02477 -0.9993 -0.90805 -0.00385 -0.41885 -0.91743 -0.02598 -0.39705 0.02304 0.02931 0.9993 0.01835 0.0388 0.99908 0.05568 -0.0102 0.9984 0.10542 -0.01809 0.99426 0.15001 0.02906 0.98826 0.15404 0.02232 0.98781 0.20365 -0.00576 0.97903 0.2537 0.02554 0.96695 0.24111 0.05116 0.96915 0.26658 0.01593 0.96368 0.29987 -0.01837 0.9538 0.34651 -0.01202 0.93797 0.37419 0.02924 0.92689 0.39035 0.0616 0.9186 0.39526 0.05421 0.91697 0.43614 0.02005 0.89965 0.4807 0.03449 0.8762 0.47686 0.04287 0.87793 0.50038 0.01262 0.86571 0.52557 -0.01881 0.85054 0.5668 -0.01828 0.82365 0.59504 0.02756 0.80322 0.59757 0.03493 0.80105 0.61592 0.01254 0.78771 0.64485 -0.00852 0.76426 0.67972 0.01971 0.7332 0.68288 0.02927 0.72994 0.70296 0.0026 0.71122 0.7218 -0.01769 0.69187 0.75128 -0.01319 0.65985 0.77121 0.03331 0.6357 0.77985 0.01577 0.62576 0.80623 -0.00312 0.59159 0.81222 -0.00717 0.58331 0.83715 0.02905 0.5462 0.84118 0.05046 0.5384 0.8591 0.00414 0.51179 0.87289 -0.02358 0.48734 0.89054 -0.04434 0.45274 0.91107 -0.01332 0.41203 0.91382 0.00236 0.40611 0.92023 0.04954 0.38822 0.92925 0.02054 0.36889 0.94691 -0.00521 0.32147 0.96101 0.02808 0.27509 0.95758 0.04552 0.28456 0.96632 0.01396 0.25695 0.97412 -0.01719 0.22539 0.98393 -0.01265 0.1781 0.98825 0.03423 0.14895 0.98851 0.03237 0.14762 0.99284 0.00531 0.11935 0.9967 -0.0131 0.08014 0.99909 0.02264 0.03615 0.99831 0.05248 0.02513 0.99955 0.02865 0.00838 0.99971 -0.01019 -0.0217 0.99688 -0.03592 -0.07029 0.99379 -0.00629 -0.11105 0.99099 0.03519 -0.12921 0.98771 0.06717 -0.14113 0.98688 0.03905 -0.15667 0.97674 -0.0204 -0.21343 0.96655 -0.01727 -0.25589 0.95737 0.02935 -0.28739 0.95306 0.04987 -0.29865 0.95743 0.00281 -0.28867 0.93544 -0.00734 -0.35342 0.9265 0.02451 -0.37551 0.91511 0.0656 -0.39784 0.91744 0.08576 -0.38853 0.89663 -0.00432 -0.44276 0.87213 -0.03668 -0.4879 0.85257 -0.01282 -0.52245 0.84852 -0.00746 -0.52911 0.8253 0.09004 -0.55748 0.82543 0.09087 -0.55714 0.80181 0.01759 -0.59732 0.78417 -0.01595 -0.62035 0.75783 -0.04066 -0.65119 0.72856 -0.00684 -0.68495 0.71308 0.05098 -0.69923 0.70517 0.07998 -0.70451 0.69566 0.0503 -0.71661 0.65733 -0.01216 -0.7535 0.64306 -0.01157 -0.76573 0.61358 0.00207 -0.78963 0.5785 0.07299 -0.81241 0.58632 0.10339 -0.80345 0.53938 -0.00508 -0.84205 0.50674 -0.03189 -0.86151 0.48506 -0.03506 -0.87378 0.45336 -0.00961 -0.89127 0.42665 0.06318 -0.90221 0.41151 0.03131 -0.91087 0.31803 0.03486 -0.94744 0.31898 0.03697 -0.94704 0.20092 0.03268 -0.97906 0.22469 0.11414 -0.96772 0.17308 0.00468 -0.9849 0.1389 -0.02038 -0.9901 0.11437 -0.02558 -0.99311 0.07474 0.00262 -0.9972 0.03581 0.08843 -0.99544 0.02512 0.05776 -0.99801 -0.02481 -0.0123 -0.99962 -0.07458 -0.00865 -0.99718 -0.10111 0.03146 -0.99438 -0.18923 0.04719 -0.9808 -0.17581 0.10097 -0.97923 -0.22163 -0.00702 -0.9751 -0.25104 -0.02865 -0.96755 -0.27454 -0.03617 -0.9609 -0.31772 -0.00275 -0.94818 -0.33924 0.04286 -0.93972 -0.43189 0.01161 -0.90185 -0.41477 0.09481 -0.90497 -0.4537 -0.0102 -0.8911 -0.5398 -0.00622 -0.84177 -0.5775 0.07979 -0.81248 -0.58479 0.04964 -0.80966 -0.65721 -0.01769 -0.7535 -0.70286 0.06105 -0.7087 -0.69735 0.09206 -0.7108 -0.71251 0.0373 -0.70067 -0.72765 -0.01984 -0.68566 -0.75694 -0.05114 -0.65148 -0.78771 -0.01976 -0.61573 -0.81684 0.05742 -0.574 -0.82696 0.09305 -0.55451 -0.82592 0.09909 -0.55501 -0.84944 0.00074 -0.52769 -0.8512 -0.00178 -0.52483 -0.87277 -0.03123 -0.48713 -0.897 -0.00161 -0.44203 -0.91836 0.0896 -0.38547 -0.91725 0.09671 -0.38638 -0.92704 0.0472 -0.37197 -0.9357 -0.00527 -0.35277 -0.9502 -0.03243 -0.30994 -0.9557 -0.02109 -0.29358 -0.97311 0.03554 -0.22757 -0.96727 0.08947 -0.23747 -0.97803 0.01397 -0.208 -0.98639 -0.01233 -0.16398 -0.99106 0.00782 -0.1332 -0.99255 0.07065 -0.09927 -0.99484 0.03968 -0.0934 -0.99767 -0.01376 -0.06682 -0.99877 -0.04209 -0.02629 -0.99844 -0.01265 0.05437 -0.9949 0.05703 0.08322 -0.94188 0.02248 0.33519 -0.94804 -0.01013 0.318 -0.97903 -0.02486 0.20217 -0.9752 0.01453 0.22085 -0.88526 0.05652 0.46166 -0.91435 -0.02737 0.404 -0.87461 -0.00355 0.48482 -0.83765 -0.01653 0.54596 -0.8142 0.04823 0.57858 -0.78001 -0.02 0.62545 -0.74181 0.0426 0.66926 -0.7206 -0.02308 0.69296 -0.64928 0.02309 0.7602 -0.63972 -0.01864 0.76838 -0.40355 0.04548 0.91382 -0.43464 -0.03639 0.89987 -0.53611 -0.00363 0.84414 -0.54503 0.04125 0.8374 -0.31335 -0.01812 0.94946 -0.27889 0.05396 0.95881 -0.1878 -0.07601 0.97926 -0.11514 0.08854 0.9894 -0.04536 -0.02861 0.99856 -0.89499 -0.00422 0.44606 -0.80937 0.01505 -0.58711 -0.93275 0.00236 -0.36052 -0.96702 0.01866 -0.254 -0.45212 0.0179 -0.89178 -0.65784 -0.00674 -0.75313 -0.0077 0.00201 -0.99997 -0.13705 0.01683 -0.99042 -0.29546 0.00406 -0.95535 0.30571 -0.0027 -0.95212 0.43119 0.01351 -0.90216 0.68479 -0.00442 -0.72873 0.81698 0.01253 -0.57653 0.96388 -0.00434 -0.2663 0.99061 0.00552 -0.13657 0.96456 0.00379 0.26383 0.96864 0.00557 0.2484 0.68221 0.00197 0.73116 0.69948 0.00474 0.71463 0.15326 0.00784 0.98815 0.21951 0.00113 0.97561 -0.18351 0.00244 0.98302 -0.30829 0.01142 0.95122 -0.71354 0.00997 0.70055 -0.62325 -0.00135 0.78202 -0.97117 0.01759 0.23773 -0.99897 0.00313 0.04536 0.48673 0.00603 0.87353 0.97543 0.00324 0.22031 0.95732 0.01599 0.2886 0.79198 0.00964 0.61047 0.7964 0.00853 0.6047 0.40946 0.01724 0.91217 0.10973 -1E-05 0.99396 0.00088 0.01742 0.99985 -0.20975 -0.00096 0.97775 -0.57033 0.01762 0.82123 -0.54081 0.00764 0.84111 -0.8504 0.00928 0.52606 -0.85294 0.01054 0.5219 -0.98194 0.01139 0.18883 -0.9975 0.02851 0.06473 -0.99117 -0.00801 -0.13236 -0.86334 0.01009 -0.50452 -0.86706 0.01133 -0.49807 -0.59498 0.01955 -0.8035 -0.69706 0.00589 -0.71699 -0.27895 0.01068 -0.96025 -0.37489 0.00255 -0.92707 0.19913 0.01166 -0.9799 0.10055 -0.00071 -0.99493 0.49535 -0.00372 -0.86868 0.69412 0.01144 -0.71976 0.77377 0.00104 -0.63346 0.93902 0.01237 -0.34365 0.98013 -0.00485 -0.19832 0.28719 0.00428 -0.95786 0.17267 0.01602 -0.98485 0.49555 0.01351 -0.86847 0.60288 -0.00261 -0.79783 0.81276 0.01795 -0.58232 0.92396 -0.0057 -0.38244 0.97648 0.01605 -0.215 0.97482 0.0121 0.22268 0.98916 0.00263 0.14679 0.81391 0.00755 0.58094 0.79846 0.00333 0.60204 0.44936 0.01271 0.89326 0.38729 0.00205 0.92195 0.04992 -0.00452 0.99874 -0.26146 0.01441 0.96511 -0.49901 -0.00674 0.86657 -0.77994 0.01111 0.62575 -0.90484 -0.00267 0.42575 -0.99955 -0.00074 0.0301 -0.97722 0.00754 0.21211 -0.95982 0.0112 -0.2804 -0.91091 -0.0019 -0.41259 -0.61657 0.00541 -0.78728 -0.60637 0.00819 -0.79514 -0.08658 -0.00493 -0.99623 -0.26134 0.01203 -0.96517 0.96093 0.03489 0.27457 0.91707 0.00339 0.39871 0.60678 0.0247 0.79448 0.67819 0.00542 0.73487 0.39461 -0.0007 0.91885 0.03729 0.01011 0.99925 0.13783 0.02221 0.99021 -0.30064 0.02374 0.95344 -0.37932 0.00631 0.92525 -0.75686 0.01209 0.65347 -0.80533 0.01853 0.59254 -0.86316 0.00532 0.5049 -0.98627 0.00093 0.16511 -0.97995 0.0048 0.19916 -0.95857 0.01165 -0.28462 -0.9394 0.00259 -0.34282 -0.69083 0.0001 -0.72301 -0.64193 0.01043 -0.76669 -0.25514 0.01066 -0.96685 -0.13854 -0.00628 -0.99034 0.29916 0.01625 -0.95406 0.36748 0.00645 -0.93001 0.73392 0.01034 -0.67916 0.73239 0.00984 -0.68081 0.96902 0.01182 -0.24671 0.96532 0.00853 -0.26095 0.99969 0.00492 0.02452 -0.10546 0.99319 0.04942 -0.08607 0.99554 0.0386 -0.9977 -0.04173 -0.05345 -0.99944 -0.01007 -0.03202 -0.97607 0.00948 -0.21723 -0.96763 -0.03599 -0.24979 -0.8885 0.06394 -0.4544 -0.84954 -0.06394 -0.52364 -0.69638 0.04816 -0.71606 -0.66929 -0.02438 -0.7426 -0.41657 0.02666 -0.90871 -0.39443 -0.02661 -0.91854 -0.11232 0.02258 -0.99342 -0.09852 -5E-05 -0.99514 0.99783 -0.01806 0.06333 0.99823 -0.01163 0.0584 0.97022 0.01148 0.24194 0.96573 -0.01148 0.25931 0.90166 0.01148 0.43229 0.89376 -0.01148 0.44839 0.78696 0.01335 0.61686 0.77312 -0.02185 0.63388 0.58149 0.02454 0.81319 0.57624 0.0118 0.8172 0.38589 -0.03198 0.92199 0.31084 0.06379 0.94832 0.19228 -0.04722 0.9802 0.02802 0.03586 0.99896 -0.02802 -0.03586 0.99896 -0.19228 0.04722 0.9802 -0.31084 -0.06379 0.94832 -0.38589 0.03198 0.92199 -0.57624 -0.0118 0.8172 -0.58149 -0.02454 0.81319 -0.77312 0.02185 0.63388 -0.78696 -0.01335 0.61686 -0.89376 0.01148 0.44839 -0.90166 -0.01148 0.43229 -0.96573 0.01148 0.25931 -0.97388 -0.03429 0.22447 -0.99656 0.03907 0.07314 0.04977 -0.00505 -0.99875 0.04326 -5E-05 -0.99906 0.20353 0.00753 -0.97904 0.21657 -0.00876 -0.97623 0.39478 0.01103 -0.91871 0.39979 0.00207 -0.9166 0.62095 -0.03203 -0.78319 0.62669 -0.01834 -0.77906 0.73192 0.04017 -0.68021 0.83485 -0.0332 -0.54948 0.83122 -0.01962 -0.5556 0.9462 0.01928 -0.32301 0.9444 0.02846 -0.32757 0.98878 -0.04873 -0.14122 0.99766 0.02177 -0.06477 -0 -1 0 -0.99619 0 0.08715 -0.96593 0 0.25882 -0.9063 0 0.42263 -0.81913 0 0.57361 -0.70712 0 0.70709 -0.57358 0 0.81915 -0.42264 0 0.9063 -0.25885 0 0.96592 -0.08713 0 0.9962 0.08713 0 0.9962 0.08713 0 0.9962 0.25885 0 0.96592 0.42264 0 0.9063 0.57358 0 0.81915 0.70712 0 0.70709 0.81913 0 0.57361 0.9063 0 0.42263 0.96593 0 0.25882 0.99619 0 0.08715 0.9962 0 -0.08715 0.96593 0 -0.25882 0.90629 0 -0.42265 0.81915 0 -0.57357 0.70712 0 -0.70709 0.57358 0 -0.81915 0.42258 0 -0.90632 0.25891 0 -0.9659 0.08706 0 -0.9962 -0.08706 -0 -0.9962 -0.08706 0 -0.9962 -0.25891 -0 -0.9659 -0.42258 -0 -0.90632 -0.57358 -0 -0.81915 -0.70712 -0 -0.70709 -0.81915 -0 -0.57357 -0.90629 -0 -0.42265 -0.96593 -0 -0.25882 -0.9962 -0 -0.08715 0 0 -1 1E-05 1E-05 -1 3E-05 1E-05 -1 -0 1E-05 -1 -4E-05 -0 -1 -1E-05 1E-05 -1 -3E-05 4E-05 -1 -3E-05 -3E-05 -1 -3E-05 -4E-05 -1 0 -0 -1 0 -0 -1 -1E-05 -1E-05 -1 -1E-05 -0 -1 -9E-05 0.00034 -1 -7E-05 -0.00039 -1 -8E-05 7E-05 -1 -1E-05 -1E-05 -1 2E-05 -3E-05 -1 2E-05 -0 -1 3E-05 -0 -1 0 0 -1 0 0 -1 6E-05 -2E-05 -1 1E-05 0 -1 1E-05 -1E-05 -1 3E-05 4E-05 -1 -0 -0 -1 1E-05 0 -1 -0 2E-05 -1 -5E-05 9E-05 -1 0.00012 -0.00043 -1 0.00011 -1E-05 -1 -4E-05 -0 -1 7E-05 -3E-05 -1 7E-05 0.00042 -1 -1E-05 -0.00012 -1 7E-05 9E-05 -1 0.00789 0.81817 -0.57493 0.98698 0.0396 -0.15592 0.9506 0.06487 -0.30356 0.39789 0.90436 -0.15429 0.27798 0.92641 -0.25396 0.2482 0.86782 -0.43044 0.12081 0.8034 -0.58305 0.02511 0.74948 -0.66155 0.43086 0.86191 -0.26735 0.32812 0.82562 -0.45901 0.03994 0.6137 -0.78853 0.03729 0.53568 -0.8436 0.03471 0.49476 -0.86834 -0.06029 0.96439 -0.25751 0.07628 0.73225 -0.67675 0.4155 0.77735 -0.47232 0.44174 0.54199 -0.71492 0.38057 0.65091 -0.65687 0.27242 0.54632 -0.79204 0.18856 0.59384 -0.78218 0.05024 0.28631 -0.95682 0.02381 0.4006 -0.91595 0.01661 0.37962 -0.92499 0.98255 0.10379 -0.15434 0.70163 0.46383 -0.5409 0.65912 0.27755 -0.69894 0.53783 0.33588 -0.77326 0.22587 0.41426 -0.88169 0.36945 0.30432 -0.87801 0.53218 0.40427 -0.74387 0.70467 0.43833 -0.55795 0.82091 0.41068 -0.3968 0.82136 0.41187 -0.39463 0.89751 0.32197 -0.30135 0.91534 0.32717 -0.23476 0.99015 0.01186 -0.1395 0.93165 0.03943 -0.36122 0.95785 0.03464 -0.28518 0.75569 0.27138 -0.59605 0.6012 0.19565 -0.77478 0.47804 0.1346 -0.86797 0.57841 0.05945 -0.81358 0.65369 0.15832 -0.74002 0.69789 0.04682 -0.71467 0.78191 0.12347 -0.61104 0.82739 0.073 -0.55686 0.86116 0.09766 -0.49886 0.87975 0.05222 -0.47257 0.21583 0.06855 -0.97402 0.30671 0.15879 -0.93846 0.37391 0.11105 -0.92079 0.49574 0.17099 -0.85147 0.98703 0.14758 -0.06313 0.9546 0.2661 -0.13389 0.9671 0.21269 -0.1396 0.99319 0.07836 -0.08618 0.92827 0.36989 -0.03865 0.98876 0.1488 -0.0148 0.54283 0.8226 -0.16932 0.56904 0.81844 -0.07969 0.69395 0.70503 -0.14616 0.72773 0.68413 -0.0487 0.83232 0.54556 -0.09803 0.85028 0.52299 -0.05924 0.56959 0.74939 -0.33761 0.7255 0.65285 -0.2178 0.91159 0.394 -0.11731 0.96204 0.26939 -0.04364 0.98371 0.16812 -0.06362 0.72391 0.55218 -0.41359 0.57498 0.73362 -0.3622 0.83116 0.53494 -0.15171 0.85092 0.49465 -0.1768 0.90943 0.39918 -0.1166 0.98684 0.16096 -0.01541 0.97897 0.19993 -0.04066 0.73942 0.62246 -0.25651 0.94433 0.19693 -0.26354 0.90321 0.20927 -0.37473 0.90934 0.21581 -0.35571 0.8526 0.27175 -0.44634 0.82021 0.2454 -0.51676 0.7379 0.3554 -0.57376 0.65962 0.32363 -0.67836 0.49196 0.21156 -0.84452 0.11286 0.15801 -0.98097 0.03261 0.06992 -0.99702 0.05993 0.17575 -0.98261 0.16289 0.7865 -0.59572 0.11192 0.32596 -0.93873 0.22199 0.40004 -0.88921 0.35237 0.27112 -0.89573 0.55 0.55372 -0.62522 0.56569 0.58278 -0.5834 0.71944 0.56712 -0.40097 0.80583 0.52889 -0.26629 0.84674 0.44227 -0.29567 0.91355 0.3857 -0.12906 0.95937 0.16152 -0.23136 0.97074 0.15069 -0.18696 -0.87393 0.02669 -0.48531 -0.98884 0.01931 -0.14773 -0.99376 0.10009 -0.04933 -0.04455 0.9801 -0.19346 0.00793 0.18222 -0.98323 0.00307 0.7711 -0.6367 -0.09438 0.96299 -0.25247 -0.36535 0.88119 -0.30004 -0.0312 0.40886 -0.91206 -0.04299 0.50366 -0.86283 -0.04838 0.69962 -0.71287 -0.02084 0.59645 -0.80238 -0.03128 0.64647 -0.76229 -0.04785 0.73244 -0.67915 -0.05968 0.93125 -0.35946 -0.27216 0.55822 -0.78379 -0.36658 0.81711 -0.44492 -0.15427 0.42151 -0.89361 -0.14114 0.57781 -0.80388 -0.03998 0.26829 -0.96251 -0.27784 0.91925 -0.27891 -0.18 0.78509 -0.59265 -0.0167 0.33786 -0.94105 -0.03188 0.29984 -0.95346 -0.43482 0.73655 -0.5181 -0.06399 0.10604 -0.9923 -0.02221 0.35901 -0.93307 -0.17195 0.82134 -0.5439 -0.45375 0.70561 -0.54426 -0.25003 0.34521 -0.90461 -0.13091 0.06379 -0.98934 -0.06436 0.10627 -0.99225 -0.96991 0.19116 -0.1508 -0.98636 0.09226 -0.13631 -0.96296 0.18675 -0.19451 -0.60607 0.49951 -0.619 -0.45253 0.31559 -0.83404 -0.59446 0.33912 -0.72912 -0.62283 0.31247 -0.71725 -0.91928 0.31215 -0.23976 -0.87703 0.34228 -0.33713 -0.84802 0.40752 -0.33879 -0.80083 0.41078 -0.43582 -0.73392 0.46822 -0.49206 -0.73326 0.46998 -0.49137 -0.25126 0.15502 -0.95542 -0.98651 0.0921 -0.13536 -0.99303 0.0282 -0.11445 -0.49949 0.20516 -0.84168 -0.53491 0.08884 -0.84022 -0.64627 0.13216 -0.75158 -0.65025 0.11979 -0.75022 -0.78055 0.08236 -0.61964 -0.7759 0.1097 -0.62124 -0.88747 0.06316 -0.45652 -0.95554 0.02062 -0.29414 -0.96965 0.05003 -0.23931 -0.95052 0.1191 -0.28692 -0.90801 0.13253 -0.39744 -0.88595 0.16665 -0.43281 -0.47061 0.15135 -0.86926 -0.26026 0.13675 -0.95581 -0.33519 0.11773 -0.93477 -0.66967 0.33986 -0.66033 -0.72336 0.26305 -0.6384 -0.80388 0.31599 -0.50392 -0.83876 0.23944 -0.48903 -0.89932 0.26425 -0.34841 -0.98303 0.18342 -0.00072 -0.99466 0.10187 -0.01681 -0.98235 0.17308 -0.07091 -0.95784 0.28466 -0.03885 -0.97002 0.2386 -0.04615 -0.97348 0.21843 -0.06803 -0.93111 0.33702 -0.13944 -0.93809 0.2527 -0.23694 -0.96389 0.2249 -0.14259 -0.9326 0.16101 -0.323 -0.45629 0.87749 -0.14765 -0.55219 0.80606 -0.21298 -0.62494 0.77331 -0.10698 -0.74817 0.65734 -0.09026 -0.74924 0.65582 -0.09238 -0.8462 0.52767 -0.0742 -0.66614 0.70466 -0.24436 -0.53309 0.79547 -0.28816 -0.74432 0.59708 -0.29914 -0.6307 0.64739 -0.42792 -0.64203 0.62627 -0.44225 -0.50361 0.60968 -0.6121 -0.86282 0.46979 -0.18664 -0.79755 0.56428 -0.21331 -0.73561 0.61032 -0.29392 -0.54073 0.77554 -0.32581 -0.9079 0.40937 -0.09024 -0.89275 0.44242 -0.08523 -0.82951 0.54547 -0.11993 -0.1186 0.31894 -0.94032 -0.23209 0.5876 -0.77515 -0.35977 0.88928 -0.28239 -0.2705 0.37957 -0.88473 -0.40191 0.35551 -0.84385 -0.35848 0.49646 -0.79058 -0.53806 0.47327 -0.6975 -0.85021 0.47402 -0.229 -0.90031 0.38324 -0.20634 -0.92962 0.34108 -0.13955 -0.94277 0.33067 -0.043 -0.03291 -0.91633 -0.39906 -0.68328 -0.55359 -0.47609 -0.52794 -0.59042 -0.61048 -0.04469 -0.7692 -0.63744 -0.98807 -0.12432 -0.09086 -0.99799 -0.00401 -0.06324 -0.96241 -0.02016 -0.27084 -0.93057 -0.05833 -0.36143 -0.90614 -0.06036 -0.41865 -0.94874 -0.11088 -0.29596 -0.9775 0.02526 -0.20941 -0.96895 -0.07003 -0.23713 -0.98745 0.07256 -0.14025 -0.98442 -0.03065 -0.17312 -0.94461 -0.19669 -0.26272 -0.91785 -0.22901 -0.3242 -0.91962 -0.2299 -0.31851 -0.84451 -0.31067 -0.43621 -0.79207 -0.43308 -0.4302 -0.76815 -0.50948 -0.3878 -0.87334 -0.41382 -0.25697 -0.88174 -0.39301 -0.26093 -0.91602 -0.36326 -0.17013 -0.71333 -0.68058 -0.16724 -0.74856 -0.59912 -0.2841 -0.73824 -0.66904 -0.08596 -0.77707 -0.60003 -0.19006 -0.97483 -0.09066 -0.2037 -0.96575 -0.22296 -0.13273 -0.877 -0.47181 -0.09096 -0.85016 -0.49636 -0.17562 -0.85751 -0.50853 -0.07798 -0.94467 -0.32024 -0.07105 -0.94506 -0.32147 -0.05926 -0.97257 -0.23055 0.03097 -0.9895 -0.14244 0.02452 -0.98764 -0.12353 -0.0965 -0.98227 -0.1842 -0.03481 -0.98231 -0.18694 -0.01058 -0.03556 -0.71266 -0.7006 -0.16356 -0.58321 -0.79568 -0.29327 -0.59674 -0.74692 -0.00739 -0.59854 -0.80106 -0.0386 -0.54606 -0.83686 -0.39696 -0.72007 -0.56914 -0.20656 -0.64525 -0.73552 -0.29797 -0.86347 -0.40698 -0.03775 -0.97987 -0.19604 -0.03495 -0.9947 -0.09668 -0.04376 -0.93509 -0.3517 -0.04782 -0.81129 -0.58268 -0.34993 -0.84408 -0.4063 -0.14713 -0.90062 -0.40895 -0.24967 -0.80976 -0.53099 -0.54658 -0.74939 -0.37372 -0.54741 -0.78008 -0.30301 -0.64188 -0.70159 -0.30947 -0.6415 -0.51973 -0.56423 -0.60048 -0.68884 -0.4061 -0.60432 -0.78796 -0.11795 -0.51729 -0.57436 -0.63444 -0.13094 -0.86588 -0.48281 -0.10386 -0.26916 -0.95748 -0.04539 -0.09253 -0.99467 -0.18329 0.0404 -0.98223 -0.45493 -0.26886 -0.84897 -0.95494 -0.03256 -0.29501 -0.92272 0.0102 -0.38533 -0.8727 -0.01529 -0.48802 -0.79363 -0.01858 -0.60812 -0.74504 -0.08911 -0.66104 -0.58142 -0.11126 -0.80596 -0.46308 0.00676 -0.88629 -0.37039 -0.2063 -0.90568 -0.32938 -0.03574 -0.94352 -0.57256 -0.13844 -0.80809 -0.64426 -0.08891 -0.75962 -0.75401 -0.10704 -0.64808 -0.86657 -0.00282 -0.49905 -0.99478 0.00556 -0.10192 -0.98148 0.00771 -0.19142 -0.96045 -0.01601 -0.278 -0.95747 -0.02235 -0.28766 -0.89228 -0.13566 -0.43062 -0.8022 -0.14998 -0.57792 -0.82259 -0.16424 -0.5444 -0.71387 -0.21616 -0.66608 -0.48859 -0.41531 -0.76733 -0.34103 -0.35371 -0.87097 -0.35631 -0.39316 -0.84762 -0.15835 -0.42487 -0.8913 -0.68721 -0.25907 -0.6787 -0.56809 -0.40804 -0.71468 -0.86367 -0.09942 -0.49416 -0.58192 -0.16041 -0.79727 -0.05982 -0.22161 -0.9733 -0.89374 -0.13052 -0.42918 -0.84565 -0.30691 -0.43667 -0.77386 -0.30827 -0.55327 -0.65734 -0.36289 -0.66047 -0.51706 -0.35329 -0.77964 -0.36641 -0.58428 -0.72412 -0.96572 -0.22291 -0.13303 -0.96286 -0.0792 -0.25813 -0.77183 -0.31523 -0.55219 -0.45162 -0.71478 -0.53397 -0.41631 -0.89461 -0.16234 0.96885 -0.24306 -0.04753 0.81267 -0.47116 -0.34289 0.99846 -0.00331 -0.05535 0.96167 -0.01448 -0.27384 0.92332 -0.07322 -0.37698 0.91473 -0.07537 -0.39698 0.99536 0.00452 -0.09617 0.96292 -0.12593 -0.23859 0.93882 -0.1834 -0.29151 0.89252 -0.21802 -0.39481 0.8557 -0.30467 -0.41828 0.79828 -0.32396 -0.50774 0.74893 -0.41901 -0.51335 0.9836 0.00441 -0.18032 0.9848 -0.06118 -0.16255 0.98111 0.01846 -0.19258 0.97901 0.00147 -0.20382 0.99531 0.00504 -0.09656 0.89324 -0.404 -0.19726 0.77653 -0.56685 -0.27512 0.79034 -0.57479 -0.21209 0.77829 -0.61497 -0.12679 0.76677 -0.63317 -0.10564 0.84405 -0.51841 -0.13724 0.85717 -0.50953 -0.07507 0.92399 -0.25321 -0.28659 0.97652 -0.1242 -0.17603 0.97042 -0.23641 -0.04885 0.97007 -0.17365 -0.16975 0.98851 -0.15105 0.00484 0.94812 -0.31792 -0.00184 0.96237 -0.27133 0.01521 0.91743 -0.37231 -0.1404 0.8763 -0.39648 -0.27369 0.94471 -0.30709 -0.11497 0.94194 -0.27553 -0.1919 0.98248 -0.18358 0.03204 0.96596 -0.25838 0.01239 0.99091 -0.1324 0.02366 0.92605 -0.36581 -0.09281 0.94463 -0.30584 -0.11888 0.8934 -0.44925 -0.00395 0.02933 -0.55785 -0.82942 0.0389 -0.69918 -0.71389 0.03943 -0.72221 -0.69055 0.03626 -0.7899 -0.61216 0.44018 -0.71361 -0.54498 0.51941 -0.62713 -0.58045 0.58303 -0.69362 -0.42305 0.45295 -0.82339 -0.34186 0.13368 -0.78144 -0.60949 0.0443 -0.93862 -0.34211 0.04554 -0.99132 -0.12337 0.01061 -0.88229 -0.47059 0.02508 -0.84816 -0.52915 0.41833 -0.80286 -0.42475 0.53511 -0.80434 -0.25825 0.27542 -0.93111 -0.23913 0.32086 -0.76083 -0.56408 0.30062 -0.70759 -0.63948 0.16248 -0.83921 -0.51896 0.64911 -0.66288 -0.37316 0.68726 -0.59172 -0.42135 0.61728 -0.76323 -0.19093 0.09843 -0.00622 -0.99512 0.2636 -0.13052 -0.95576 0.23543 -0.30853 -0.92162 0.38527 0.01998 -0.92259 0.55599 -0.00905 -0.83114 0.65444 -0.02057 -0.75583 0.65287 -0.0153 -0.75732 0.73903 -0.05561 -0.67138 0.76155 0.02961 -0.64743 0.87015 -0.00809 -0.49272 0.89078 -0.04472 -0.45222 0.92855 0.00357 -0.37119 0.79819 0.01311 -0.60227 0.9707 -0.01123 -0.24003 0.79334 -0.1222 -0.59639 0.70576 -0.07772 -0.70417 0.64317 -0.19514 -0.74044 0.50293 -0.15042 -0.85114 0.89019 -0.12644 -0.4377 0.81753 -0.13365 -0.56016 0.58779 -0.37493 -0.71689 0.50207 -0.28318 -0.81715 0.43586 -0.66951 -0.60148 0.77442 -0.19392 -0.60222 0.71553 -0.31366 -0.62421 0.61627 -0.27957 -0.73624 0.37267 -0.48391 -0.7918 0.24323 -0.50197 -0.82998 0.09467 -0.37429 -0.92246 0.77657 -0.19527 -0.59901 0.55337 -0.11881 -0.82442 0.03923 -0.54012 -0.84067 0.05896 -0.14699 -0.98738 0.70209 -0.65439 -0.28078 0.64559 -0.75641 -0.1052 0.98879 -0.13051 -0.07259 0.98706 -0.14707 -0.06396 0.67235 -0.41961 -0.60982 0.6418 -0.50606 -0.5762 0.50015 -0.53157 -0.68358 0.29657 -0.42047 -0.85747 0.1164 -0.85717 -0.5017 0.9937 0.01755 -0.11073 0.9984 0.05609 0.00775 0.99474 -0.02128 -0.10024 0.99937 -0.00024 -0.0355 0.97283 -0.04111 -0.22785 0.99913 -0.0326 -0.02592 0.99916 0.03927 -0.01128 0.99993 -0.00397 0.01121 0.99931 0.03696 -0.0033 0.9985 -0.05366 -0.01115 0.99784 -0.05974 0.02717 0.99883 0.01497 -0.04606 3E-05 0.908 0.41896 -5E-05 0.90801 0.41895 2E-05 0.908 0.41898 -3E-05 0.908 0.41896 -4E-05 0.90801 0.41896 0 0.90799 0.419 -3E-05 0.908 0.41897 -3E-05 0.908 0.41897 -4E-05 0.90801 0.41895 -9E-05 0.90801 0.41895 -7E-05 0.9081 0.41875 -0.00049 0.9077 0.41962 -0.00011 0.90843 0.41804 -0.00014 0.90798 0.41901 -6E-05 0.90806 0.41885 -0.00039 0.90787 0.41926 -0.00037 0.90787 0.41924 0.0001 0.90799 0.41899 0 0.90798 0.41902 -0.00025 0.90794 0.41911 0.00328 0.90813 0.41867 -0.002 0.90814 0.41867 -2E-05 0.90796 0.41905 9E-05 0.90795 0.41907 -8E-05 0.90798 0.41902 0.00039 0.90786 0.41927 0.00038 0.90787 0.41926 0.0002 0.908 0.41897 0.00032 0.9079 0.41919 9E-05 0.90809 0.41878 0.0001 0.90807 0.41882 9E-05 0.908 0.41898 7E-05 0.9081 0.41875 3E-05 0.90801 0.41895 1E-05 0.90799 0.41898 -1E-05 0.90799 0.419 3E-05 0.908 0.41896 4E-05 0.90801 0.41896 1E-05 0.908 0.41897 -0.99425 0.02119 -0.10499 -0.99991 0.00401 0.01285 -0.99988 -0.00057 0.01543 -0.9994 -5E-05 -0.03464 -0.99139 -0.015 -0.13008 -0.99772 0.01789 -0.06505 -0.99976 -0.01666 -0.01399 -0.99972 -0.02188 -0.00869 -0.99795 0.06182 -0.01685 -0.99067 -0.13371 0.02655 -0.99495 -0.10034 -0.00279 -0.99201 -0.08757 -0.09087 -0 -1 0 0 -1 0 0 -1 0 -0 -1 0 -0 -1 0 -2E-05 -1 0 -0 -1 0 0 -1 0 0 -1 -0 0 -1 0 0 -1 -0 0 -1 0 0 -1 0 -0 -1 4E-05 -1E-05 -1 0 0 -1 4E-05 0 -1 1E-05 -0 -1 0 2E-05 -1 1E-05 0 -1 -0 -0.00028 -1 -0 0 -1 3E-05 -0 -1 0 0 -1 -1E-05 -0 -1 0 -0 -1 0 -2E-05 -1 -2E-05 1E-05 -1 1E-05 0 -1 -0 0.00012 -1 6E-05 -0 -1 0 -0.00023 -1 -0 0.00016 -1 -0.0001 -3E-05 -1 -6E-05 -1E-05 -1 -2E-05 -2E-05 -1 -6E-05 -0 -1 -0 -0.00154 -1 0.00082 0.00059 -1 -0.00105 -0.0003 -1 -0.0003 0 -1 -0 -0 -1 -0 1E-05 -1 1E-05 -0 -1 0 -0 -1 0 0 -1 -0 -1E-05 -1 -1E-05 0 -1 -0 -0 -1 -0 -0 -1 0 -0 -1 0 -1E-05 -1 -1E-05 -1E-05 -1 -0 -0 -1 0 -1E-05 -1 -0 -0 -1 0 0 -1 1E-05 -0 -1 1E-05 0 -1 0 0.00018 -1 -0.00042 -7E-05 -1 -5E-05 0.7984 -0.60205 -0.00953 0.78565 -0.61867 -0.00092 0.02932 -0.99948 0.01368 -0.02932 -0.99948 -0.01368 -0.78565 -0.61867 0.00092 -0.7984 -0.60205 0.00953 -0.99803 0.06225 -0.0081 -0.99673 0.08079 -0.00207 -0.74692 0.66483 0.01085 -0.72455 0.68922 -0.00166 -0.08248 0.99637 -0.02094 0.052 0.99823 0.02892 0.66618 0.74557 -0.01821 0.72453 0.6892 0.0081 0.99368 0.112 -0.0081 0.99803 0.06225 0.0081 0.99717 -0.07202 -0.02159 0.99117 -0.1325 0.00541 0.95971 -0.28088 -0.00746 0.96492 -0.26253 0.00195 0.90083 -0.43409 -0.00851 0.83097 -0.55631 -0.00418 0.80413 -0.59399 -0.0233 0.75471 -0.65604 0.00542 0.69392 -0.71961 -0.02512 0.6458 -0.76347 0.0076 0.52056 -0.85305 -0.03637 0.54818 -0.83631 -0.00895 0.40538 -0.9141 0.0097 0.3079 -0.95067 -0.03777 0.28121 -0.95955 -0.01391 0.15853 -0.98733 0.00763 0.075 -0.99633 -0.04129 0.03061 -0.99952 -0.00394 -0.01837 -0.99977 0.01092 -0.12808 -0.99176 -0.00325 -0.16919 -0.98483 -0.03851 -0.26012 -0.9655 0.01192 -0.40191 -0.9151 -0.03242 -0.41394 -0.91012 -0.01841 -0.55884 -0.82909 0.01732 -0.62097 -0.7828 -0.04034 -0.716 -0.69786 0.01854 -0.77323 -0.63363 -0.02525 -0.83025 -0.55736 0.00568 -0.86846 -0.49542 -0.01845 -0.91958 -0.39283 0.00725 -0.95353 -0.30122 -0.00643 -0.95522 -0.29566 -0.01157 -0.9962 -0.08586 -0.01447 -0.99022 -0.13931 0.00711 -0.99544 0.0953 -0.00456 -0.95675 0.28941 -0.02951 -0.96501 0.26205 -0.00971 -0.91106 0.41214 0.01035 -0.85992 0.50951 -0.03064 -0.83493 0.55036 -0.00021 -0.75137 0.65981 0.00949 -0.70805 0.70503 -0.03999 -0.65299 0.75736 -0.00093 -0.51824 0.85475 -0.0288 -0.50858 0.86081 -0.01893 -0.37994 0.92487 0.01607 -0.30079 0.95266 -0.04443 -0.21349 0.97689 0.01002 -0.07351 0.99663 -0.03632 -0.0721 0.9967 -0.03727 -0.0196 0.9998 -0.00242 -0.75237 0.62303 -0.21397 0.08839 0.99607 0.00634 0.17202 0.98425 -0.04079 0.19506 0.98056 -0.02119 0.29991 0.95387 0.01369 0.40017 0.91631 -0.01553 0.41497 0.90926 -0.03243 0.54404 0.8389 0.01638 0.61595 0.78665 -0.04239 0.69624 0.71746 0.02236 0.78565 0.61711 -0.04388 0.83716 0.54659 0.02025 0.90865 0.41644 -0.0305 0.92174 0.3878 -0.00146 0.97391 0.22693 -0.0002 0.98594 0.16575 -0.02124 -0.96593 0.00041 -0.25882 -0.99619 -0.00278 -0.08715 -0.81915 0.00146 -0.57357 -0.90629 0.00184 -0.42265 -0.57357 -0.00269 -0.81915 -0.6048 -0.00379 -0.79637 -0.70712 -0.00073 -0.70709 -0.25891 0.00199 -0.9659 -0.42258 0.00055 -0.90632 -0.08706 0.00159 -0.9962 0.08706 -0.00064 -0.9962 0.17824 -0.00276 -0.98398 0.25891 -0.00105 -0.9659 0.42258 0.00078 -0.90632 0.57358 0.00082 -0.81915 0.70712 -0.00095 -0.70709 0.74259 -0.00199 -0.66974 0.81915 0.0001 -0.57357 0.90629 0.0013 -0.42265 0.96593 0.0007 -0.25882 0.99619 -0.00166 -0.08715 0.99805 -0.00225 -0.06241 0.99619 7E-05 0.08715 0.96593 0.00104 0.25882 0.9063 0.00025 0.42263 0.82396 -0.00214 0.56664 0.81913 -0.00193 0.5736 0.70712 0.00067 0.70709 0.57358 0.00156 0.81915 0.42264 0.0007 0.9063 0.25885 -0.00188 0.96592 0.27551 -0.00146 0.9613 0.08713 0.00043 0.9962 -0.08713 0.00044 0.9962 -0.25885 -0.00192 0.96592 -0.27764 -0.00144 0.96068 -0.42264 0.00066 0.9063 -0.57358 0.00153 0.81915 -0.70712 0.00065 0.70709 -0.81913 -0.00194 0.5736 -0.9063 0.00025 0.42263 -0.82379 -0.00214 0.5669 -0.96593 0.00102 0.25882 -0.99596 -0.00271 -0.08978 -0.99619 4E-05 0.08715 -0.99862 0.00527 0.05233 -0.99764 -0.00293 0.06867 -0.99913 0.00158 0.04162 -0.96644 -0.00145 0.25688 -0.96513 -0.00216 0.26177 -0.80453 0.00251 0.59391 -0.87555 -0.00371 0.48311 -0.89567 0.00102 0.44472 -0.73429 -0.00542 0.67881 -0.66086 0.00384 0.7505 -0.46747 0.00469 0.88399 -0.55304 -0.00531 0.83314 -0.2349 0.0045 0.97201 -0.33739 -0.0063 0.94134 -0.10971 -0.00528 0.99395 -0.00416 0.00438 0.99998 0.11452 -0.00563 0.99341 0.21547 0.00318 0.9765 0.38352 0.00231 0.92353 0.32796 -0.00296 0.94469 0.47976 -0.00372 0.87739 0.59188 0.00557 0.806 0.65707 -0.00523 0.75381 0.81622 0.00241 0.57773 0.81038 0.00044 0.5859 0.93937 -0.00167 0.34291 0.9429 0.0003 0.33307 0.99794 0.00597 0.06388 0.99864 0.00064 0.05213 0.99828 -0.00056 0.05862 0 -0 1 0.00038 -0.00372 0.99999 -0.00255 0.00341 0.99999 -0.00188 0.00387 0.99999 0.00191 0.00391 0.99999 -0.00085 -0.00339 0.99999 0.00068 -0.00415 0.99999 -0.00043 -0.0042 0.99999 0.00198 0.00322 0.99999 0.00086 0.00344 0.99999 -0.00154 -0.00376 0.99999 -0.00248 -0.00346 0.99999 -0.00434 -0.0003 0.99999 0.00143 -0.00526 0.99999 -0.0029 -0.00367 0.99999 -0.00075 0.00499 0.99999 0.00161 0.00382 0.99999 -0.00038 0.00372 0.99999 -0.00021 0.00362 0.99999 -0.00319 -0.00168 0.99999 -0.00315 -0.00208 0.99999 0.00313 0.00225 0.99999 0.00201 0.00281 0.99999 0.00174 0.00343 0.99999 -0.00342 0.00139 0.99999 -0.0033 0.00153 0.99999 0.00319 0.00168 0.99999 0.00347 0.00276 0.99999 0.00361 0.00156 0.99999 -0.00374 -0.00022 0.99999 -0.00372 -0.00029 0.99999 -0.00352 0.00013 0.99999 -0.00347 -0.00303 0.99999 -0.0044 -0.00063 0.99999 -0.00527 0.0014 0.99999 -0.00173 0.00435 0.99999 -0.00251 0.00244 0.99999 -0.00394 0.00149 0.99999 -0.00342 0.00248 0.99999 0.00342 -0.00096 0.99999 0.00459 0.00042 0.99999 0.00361 -0.00368 0.99999 0.00309 0.00032 1 0.00479 0.00392 0.99998 0.00415 -0.00078 0.99999 0.00071 -0.00374 0.99999 0.00159 -0.00332 0.99999 0.0016 -0.0033 0.99999 0.00192 -0.00319 0.99999 0.00262 -0.00238 0.99999 0.00484 -0.00198 0.99999 0.00233 -0.00317 0.99999 0.00343 -0.00171 0.99999 -0.00314 0.00226 -0.99999 -0.00201 0.00281 -0.99999 -0.0003 0.00371 -0.99999 0.00033 0.00376 -0.99999 -0.00174 0.00343 -0.99999 -0.00199 0.00322 -0.99999 -0.00078 0.00345 -0.99999 0.00077 0.00497 -0.99999 -0.00161 0.00374 -0.99999 0.00022 0.0037 -0.99999 0.00253 0.00333 -0.99999 0.00184 0.00388 -0.99999 -0.00191 0.00392 -0.99999 -0.00316 0.00156 -0.99999 -0.00348 0.00276 -0.99999 -0.00361 0.00157 -0.99999 -0.00227 -0.00293 -0.99999 -0.00171 -0.00292 -0.99999 0.00254 -0.00248 -0.99999 0.00193 -0.0042 -0.99999 0.00499 -0.00129 -0.99999 0.00126 -0.00285 -1 -0.00032 -0.0038 -0.99999 -0.00099 -0.00365 -0.99999 -0.00065 -0.00354 -0.99999 -0.00163 -0.00341 -0.99999 0.0032 -0.00211 -0.99999 -0.00424 0.00051 -0.99999 -0.00429 -0.00017 -0.99999 -0.00181 -0.00357 -0.99999 -0.00446 0.0039 -0.99998 -0.00445 -0.00071 -0.99999 -0.00462 -0.00174 -0.99999 -0.00268 -0.00345 -0.99999 -0.00331 -0.00159 -0.99999 -0.00325 -0.00163 -0.99999 -0.00094 -0.0062 -0.99998 0.00272 -0.00315 -0.99999 0.00032 -0.00361 -0.99999 -0.00067 -0.00424 -0.99999 0.00044 -0.00415 -0.99999 0.00378 0.00012 -0.99999 0.00337 -0.00108 -0.99999 0.00414 -0.00321 -0.99999 0.00391 -0.00042 -0.99999 0.00342 0.00153 -0.99999 0.0034 0.00156 -0.99999 0.0035 0.00025 -0.99999 0.00384 -0.00021 -0.99999 0.00527 0.0014 -0.99999 0.00174 0.00435 -0.99999 0.00252 0.00244 -0.99999 0.00394 0.00149 -0.99999 0.00343 0.00248 -0.99999 0.00017 0.00513 -0.99999 0.00165 0.00497 -0.99999 -0.0025 0.00483 -0.99999 -0.00322 0.00459 -0.99998 -0.00482 0.00103 -0.99999 0.00087 0.00635 -0.99998 -0.00335 0.00508 -0.99998 -0.00122 0.00444 -0.99999 0.00054 0.00545 -0.99999 -0.00036 0.00555 -0.99998 0.00093 0.00464 -0.99999 0.00214 0.00454 -0.99999 0.00277 0.00396 -0.99999 0.00245 0.00394 -0.99999 -0.004 0.0028 -0.99999 -0.00398 0.00267 -0.99999 -0.00557 -0.00223 -0.99998 -0.00384 0.00021 -0.99999 -0.00384 0.00115 -0.99999 -0.00536 0.00398 -0.99998 -0.00535 0.00102 -0.99999 -0.00448 -0.00225 -0.99999 -0.00496 -0.00117 -0.99999 -0.00449 -0.0015 -0.99999 -0.00549 0.00063 -0.99998 -0.00294 -0.0046 -0.99999 -0.00245 -0.00509 -0.99998 0.00152 -0.00469 -0.99999 0.00453 0.00138 -0.99999 0.00572 -0.00019 -0.99998 0.00572 0.0003 -0.99998 0.00329 0.00366 -0.99999 0.00525 0.00239 -0.99998 0.00387 0.00436 -0.99998 0.00393 0.00275 -0.99999 0.00452 0.00222 -0.99999 0.00351 -0.00351 -0.99999 0.00359 -0.00269 -0.99999 -0.00593 -0.00242 -0.99998 -0.00272 -0.00544 -0.99998 -0.00324 -0.00324 -0.99999 -0.00498 -0.00225 -0.99999 -0.00462 -0.00309 -0.99998 0.00046 -0.00498 -0.99999 -0.00047 -0.00507 -0.99999 -0.00034 -0.00499 -0.99999 0.00242 -0.00437 -0.99999 0.00216 -0.00446 -0.99999 0.00235 -0.00404 -0.99999 -0.00047 -0.00602 -0.99998 0.00186 -0.00565 -0.99998 0.00505 -0.00393 -0.99998 0.00607 0.00036 -0.99998 0.00457 -0.00105 -0.99999 0.00432 -0.0022 -0.99999 0.00466 -0.00328 -0.99998 0.00484 -0.00237 -0.99999 0.00628 0.00228 0.99998 0.00194 0.00277 0.99999 -0.00111 -0.00672 0.99998 0.0013 -0.00308 0.99999 -0.00039 -0.00475 0.99999 0.0004 -0.00484 0.99999 0.0008 -0.0051 0.99999 0.0023 -0.00519 0.99998 -0.00196 -0.00452 0.99999 -0.00227 -0.00386 0.99999 0.00052 -0.00581 0.99998 -0.00182 -0.00544 0.99998 -0.00036 0.00491 0.99999 -0.00103 0.00468 0.99999 0.004 0.0028 0.99999 0.00404 0.00326 0.99999 0.00344 0.00468 0.99998 -0.00063 0.00627 0.99998 0.00335 0.00508 0.99998 0.00116 0.00442 0.99999 0.00038 0.00467 0.99999 -0.00053 0.00543 0.99999 0.00037 0.00534 0.99999 0.00556 -0.00223 0.99998 0.00384 0.00021 0.99999 0.00384 0.00115 0.99999 0.00536 0.00397 0.99998 0.00534 0.00103 0.99999 0.00448 -0.00225 0.99999 0.00496 -0.00116 0.99999 0.00448 -0.0015 0.99999 0.00548 0.00064 0.99998 -0.00351 -0.00351 0.99999 -0.00359 -0.0027 0.99999 -0.00242 -0.00437 0.99999 -0.00457 -0.00104 0.99999 -0.00432 -0.0022 0.99999 -0.00465 -0.00327 0.99998 -0.00484 -0.00236 0.99999 -0.00545 0.00166 0.99998 -0.00437 0.00418 0.99998 -0.00341 0.00016 0.99999 -0.00511 -0.00368 0.99998 -0.00606 0.00037 0.99998 0.00575 -0.00259 0.99998 0.00272 -0.00544 0.99998 0.00324 -0.00324 0.99999 0.00497 -0.00225 0.99999 0.00462 -0.00308 0.99998 -0.00393 0.00275 0.99999 -0.00489 0.00189 0.99999 -0.00517 0.00045 0.99999 -0.00094 0.00464 0.99999 -0.00213 0.00454 0.99999 -0.00277 0.00395 0.99999 -0.00246 0.00394 0.99999 -0.00524 0.0024 0.99998 -0.00387 0.00435 0.99998 2E-05 -3E-05 1 0.00123 -0.00082 1 4E-05 -0.00082 1 -0.00015 5E-05 1 -2E-05 3E-05 1 -0.02819 0.01857 0.99943 -0.0014 0.01858 0.99983 0.00096 0.00138 1 0.00089 0.00149 1 -0.00082 0.00265 1 0.00428 0.00182 0.99999 -0.0009 -0.0015 1 -0.00059 -0.00155 1 0.00051 -0.00335 0.99999 -0.00369 2E-05 0.99999 -0.00096 0.00138 1 -0.00107 0.00136 1 -0.002 0.01871 0.99982 0.03464 0.02641 0.99905 -0.00027 0.00159 1 -0.00052 0.00164 1 -0.00258 0.00126 1 0.00018 0.00322 0.99999 0.00138 0.00096 1 0.00136 0.00107 1 0.00022 0.00281 1 0.00311 0.00101 0.99999 0.0015 -0.0009 1 0.00152 -0.00074 1 -0.00137 -0.00108 1 -0.00119 -0.00119 1 -0.00073 -0.00333 0.99999 -0.00262 -0.00038 1 -0.00164 0.00049 1 -0.00171 0.00031 1 -0.00171 0.00011 1 -0.00171 0.0001 1 -0.00281 0.00022 1 -0.00101 0.00311 0.99999 -0.00138 0.00096 1 -0.00149 0.00089 1 -0.00265 -0.00082 1 -0.0021 0.00256 0.99999 0.00298 0.00067 1 0.00171 -0.00244 1 0.00164 -0.00042 1 0.00172 -0.00031 1 0.00176 -0.0001 1 0.0017 0.00013 1 0.00249 0.00199 0.99999 0.00247 -0.0014 1 0.00163 0.00046 1 0.00164 0.00052 1 0.00126 0.00258 1 0.00322 -0.00018 0.99999 -0.00216 -0.00197 1 -0.0029 0.00132 0.99999 -0.00165 -0.0004 1 -0.00166 -0.00052 1 -0.00155 -0.00078 1 -0.00191 -0.00287 0.99999 -0.00252 0.00061 1 0.00108 -0.00137 1 0.00119 -0.00119 1 0.00333 -0.00073 0.99999 0.00038 -0.00262 1 0.00477 -0.00355 0.99998 -0.0023 -0.00237 0.99999 0.0005 -0.00158 1 0.00058 -0.00151 1 0.00287 -0.00191 0.99999 -0.00061 -0.00252 1 0.05938 0.94664 0.31678 0.04793 0.99885 -0.00226 -0.03892 -0.86275 0.50413 -0.06292 -0.99802 -0.00222 -0.00038 0.00102 -1 0.03816 0.02733 -0.9989 -0.00187 0.0189 -0.99982 0.0006 0.01835 -0.99983 -0.00146 -0.0002 -1 -0.00055 -0.00096 -1 -0.02902 0.00539 -0.99956 0.00022 0.0002 -1 0.00163 0.00076 -1 -0.00059 0.00084 -1 -0.00034 0.00122 -1 -0.00069 0.00109 -1 -0.00119 -0.00032 -1 -0.00099 -0.00052 -1 -0.00115 0.00027 -1 -0.00122 0.00011 -1 -0.00086 -0.00091 -1 -0.00093 -0.00044 -1 -0.00121 -0.00017 -1 -0.00261 -0.00131 -1 0.00016 -0.00172 -1 -0.00075 -0.00075 -1 -0.00104 -0.00073 -1 0.00015 -0.00145 -1 0.00043 -0.00127 -1 -0.00013 -0.00127 -1 0.00161 -0.00026 -1 0.00115 -0.00048 -1 0.00073 -0.00073 -1 -0.00085 0.0006 -1 -0.00033 0.00193 -1 -0.00242 0.00054 -1 -0.00123 0.00016 -1 -0.00117 0.00032 -1 -0.00119 0.00043 -1 -0.00118 0.00046 -1 0.00065 -0.00113 -1 0.00066 -0.00111 -1 0.00062 -0.00111 -1 0.00033 -0.00145 -1 0.00121 -0.0003 -1 0.00115 -1E-05 -1 0.00095 -0.00048 -1 0.00101 -0.00083 -1 0.00118 0.00035 -1 0.00123 0.00029 -1 0.00123 9E-05 -1 0.00097 0.00045 -1 0.00116 -0.00041 -1 0.00084 0.00059 -1 0.00133 0.00027 -1 0.00119 0.00047 -1 0.00078 0.00092 -1 0.0007 0.001 -1 0.00079 0.001 -1 0.00077 0.00102 -1 0.06047 0.97089 -0.23176 0.05149 0.99867 0.00285 0.16475 -0.98463 -0.058 0.12484 -0.99211 -0.01118 0.39511 -0.91862 -0.00409 0.56821 -0.82286 -0.00686 0.59188 -0.80603 -0.00206 0.64418 -0.76483 -0.00841 0.80494 -0.59328 -0.00944 0.79288 -0.60936 -0.00575 0.91802 -0.39651 -0.0035 0.97892 -0.19991 0.04186 0.99939 0.03185 -0.01441 0.98549 0.16971 0.00157 0.9548 0.29704 -0.01118 0.93125 0.36437 -0.00296 0.85595 0.5169 -0.0128 0.79121 0.61154 -0.00324 0.72412 0.68958 -0.01154 0.57839 0.81572 -0.00792 0.30145 0.95338 0.01421 0.15112 0.98822 -0.02399 0.07109 0.99736 -0.01501 0.04923 -0.99853 -0.02257 0.2788 -0.96008 -0.02265 0.29864 -0.95415 -0.02012 0.4556 -0.88977 -0.02707 0.51739 -0.85553 -0.0191 0.66609 -0.74459 -0.04378 0.77659 -0.62952 -0.02487 0.88021 -0.47381 -0.02714 0.91181 -0.41018 -0.01898 0.97665 -0.21353 -0.02366 0.97948 -0.20038 -0.02185 0.99953 0.02725 -0.01382 0.99889 -0.03963 -0.0254 0.98512 0.16964 -0.02767 0.98328 0.18037 -0.02511 0.90611 0.42213 -0.02785 0.78287 0.61849 -0.06773 0.63868 0.76927 -0.01759 0.45619 0.88961 -0.02202 0.41018 0.91181 -0.01869 0.33308 0.94251 -0.02711 0.13029 0.99141 -0.01162 0.22514 0.97353 -0.03942 0.00609 0.99923 -0.03885 0.09777 -0.99382 -0.05254 0.19762 -0.97914 -0.04718 0.29582 -0.9535 -0.05767 0.3912 -0.91908 -0.04747 0.51672 -0.85442 -0.05455 0.53541 -0.84304 -0.05129 0.65098 -0.75734 -0.05156 0.70695 -0.70586 -0.0446 0.80482 -0.59101 -0.05448 0.84405 -0.53416 -0.04747 0.91061 -0.40964 -0.05455 0.91953 -0.38966 -0.05129 0.97858 -0.19933 -0.05138 0.98261 -0.17929 -0.04824 0.99763 -0.04045 -0.0556 0.99711 0.06108 -0.04526 0.98196 0.18013 -0.05754 0.95953 0.27757 -0.04747 0.92376 0.37928 -0.05297 0.90148 0.4302 -0.04757 0.81376 0.57903 -0.0501 0.7859 0.61669 -0.04526 0.75522 0.65354 -0.05025 0.60049 0.79823 -0.04733 0.61531 0.78662 -0.05116 0.40971 0.91077 -0.05128 0.40918 0.91102 -0.05116 0.17919 0.98248 -0.05127 0.21939 0.97334 -0.06687 0.05245 0.99638 -0.06696 0.06649 0.99548 -0.06785 0.04836 -0.99643 -0.06917 0.20179 -0.97699 -0.06911 0.18276 -0.98053 -0.07186 0.29969 -0.95171 -0.06658 0.39214 -0.91714 -0.07132 0.41208 -0.90851 -0.06928 0.53378 -0.84277 -0.06939 0.51862 -0.85198 -0.07186 0.6177 -0.78359 -0.06658 0.70581 -0.70472 -0.07217 0.70733 -0.70322 -0.07188 0.78732 -0.61294 -0.06658 0.84372 -0.53203 -0.07132 0.85527 -0.51354 -0.06927 0.91804 -0.39037 -0.06938 0.91073 -0.4067 -0.07188 0.95351 -0.29393 -0.06658 0.98119 -0.17903 -0.07217 0.98161 -0.17685 -0.07187 0.99614 -0.05726 -0.06658 0.99553 0.06098 -0.07217 0.99541 0.06312 -0.07188 0.98088 0.18286 -0.06658 0.95772 0.27873 -0.07132 0.95153 0.29964 -0.06927 0.90097 0.4283 -0.06938 0.90834 0.412 -0.07188 0.8523 0.5188 -0.06658 0.78466 0.61571 -0.07217 0.7833 0.61747 -0.07187 0.70347 0.7076 -0.06658 0.61451 0.7856 -0.07218 0.61271 0.78703 -0.07186 0.51363 0.85543 -0.06658 0.40865 0.90984 -0.07217 0.4067 0.91073 -0.07188 0.27921 0.95797 -0.06584 0.10371 0.99113 -0.08307 -0.127 0.98987 -0.06345 -0.13337 0.99097 -0.01379 -0.23336 0.97236 0.0074 -0.31366 0.94952 -0.00569 -0.53027 0.84782 -0.0035 -0.63707 0.77075 0.00974 -0.78223 0.62291 -0.01046 -0.87984 0.47522 0.00623 -0.94276 0.33322 -0.01324 -0.99118 0.13235 0.00623 -0.99939 -0.03185 -0.01441 -0.98549 -0.16971 0.00157 -0.9548 -0.29704 -0.01118 -0.93125 -0.36437 -0.00296 -0.85971 -0.51063 -0.01239 -0.75361 -0.65732 0.00016 -0.52703 -0.84982 -0.00592 -0.28329 -0.95903 -0.0035 -0.15112 -0.98822 -0.02399 -0.07109 -0.99736 -0.01501 0.00548 0.99961 -0.02747 -0.23168 0.9725 -0.02376 -0.30706 0.95117 -0.03153 -0.4105 0.91166 -0.0191 -0.45815 0.88849 -0.02625 -0.61676 0.78695 -0.01757 -0.7211 0.69216 -0.03039 -0.78715 0.61647 -0.0191 -0.8226 0.56796 -0.0272 -0.93555 0.35305 -0.01054 -0.91168 0.41012 -0.02511 -0.97052 0.23947 -0.02723 -0.97948 0.20038 -0.02185 -0.99953 -0.02725 -0.01382 -0.99889 0.03963 -0.0254 -0.98512 -0.16964 -0.02767 -0.98328 -0.18037 -0.02511 -0.90611 -0.42213 -0.02785 -0.83877 -0.54338 -0.03464 -0.7214 -0.69225 -0.01937 -0.63211 -0.7745 -0.02429 -0.60001 -0.79972 -0.02096 -0.47346 -0.8804 -0.02707 -0.41018 -0.91181 -0.0191 -0.3475 -0.93726 -0.02821 -0.13029 -0.99141 -0.01162 -0.24571 -0.96827 -0.04549 -0.02392 -0.99903 -0.03707 -0.15765 0.98618 -0.05099 -0.41003 0.91063 -0.05128 -0.41057 0.91039 -0.05116 -0.61605 0.78604 -0.05128 -0.61652 0.78568 -0.05116 -0.78626 0.61577 -0.05128 -0.78662 0.61531 -0.05116 -0.91077 0.40971 -0.05128 -0.91102 0.40918 -0.05116 -0.97858 0.19933 -0.05138 -0.98261 0.17929 -0.04824 -0.99763 0.04045 -0.0556 -0.99808 -0.03987 -0.04747 -0.98212 -0.18016 -0.05455 -0.97811 -0.20167 -0.05129 -0.92275 -0.38195 -0.05143 -0.91057 -0.41065 -0.04715 -0.81376 -0.57903 -0.0501 -0.7859 -0.61669 -0.04526 -0.7197 -0.69205 -0.05557 -0.60007 -0.79855 -0.04723 -0.63133 -0.77353 -0.05534 -0.49752 -0.86615 -0.04752 -0.40957 -0.91046 -0.05754 -0.26772 -0.96258 -0.04211 -0.09065 -0.99345 -0.06956 -0.06338 -0.99568 -0.06786 -0.0684 0.99539 -0.06724 -0.2171 0.97385 -0.06701 -0.18423 0.98026 -0.0718 -0.29969 0.95171 -0.06658 -0.41004 0.90921 -0.07217 -0.412 0.90834 -0.07188 -0.5188 0.8523 -0.06658 -0.61571 0.78466 -0.07217 -0.61747 0.7833 -0.07187 -0.7076 0.70347 -0.06658 -0.7856 0.61451 -0.07218 -0.78703 0.61271 -0.07186 -0.85542 0.51363 -0.06658 -0.90984 0.40864 -0.07217 -0.91073 0.4067 -0.07188 -0.95351 0.29393 -0.06658 -0.98119 0.17903 -0.07217 -0.98161 0.17685 -0.07187 -0.99614 0.05726 -0.06658 -0.99659 -0.04143 -0.07132 -0.9956 -0.06314 -0.06928 -0.97729 -0.20024 -0.06939 -0.98052 -0.1828 -0.07186 -0.95171 -0.29969 -0.06658 -0.90921 -0.41004 -0.07217 -0.90834 -0.412 -0.07188 -0.8523 -0.5188 -0.06658 -0.78466 -0.61571 -0.07217 -0.7833 -0.61747 -0.07187 -0.70347 -0.7076 -0.06658 -0.62985 -0.77343 -0.07132 -0.61283 -0.78717 -0.06927 -0.49818 -0.86429 -0.06938 -0.51344 -0.85511 -0.07187 -0.40684 -0.91107 -0.06658 -0.30378 -0.95003 -0.07183 -0.27672 -0.9585 -0.06856 -0.11287 -0.99122 -0.0689 -0.06047 -0.97087 -0.23186 -0.05148 -0.99867 0.00296 0.07064 -0.99523 0.06735 0.29281 -0.95412 0.06263 0.40848 -0.90967 0.0751 0.5136 -0.85573 0.06274 0.61431 -0.78548 0.0751 0.68882 -0.72202 0.06494 0.7954 -0.60173 0.0725 0.78479 -0.61592 0.06892 0.89987 -0.43073 0.06864 0.90918 -0.41012 0.07204 0.9576 -0.28072 0.06483 0.98069 -0.18058 0.0751 0.99438 -0.08367 0.06494 0.99533 0.06437 0.07197 0.97766 0.19851 0.06903 0.91669 0.39367 0.06859 0.85453 0.51437 0.07209 0.77501 0.62862 0.06483 0.7201 0.69001 0.07312 0.61793 0.78359 0.06433 0.50971 0.85713 0.07429 0.43084 0.90009 0.06494 0.28443 0.95596 0.07234 0.29684 0.95239 0.06961 0.09171 0.99324 0.07109 0.0715 0.99483 0.07211 0.11078 0.99167 0.06572 0.02558 -0.99769 0.06288 0.24232 -0.96778 0.06842 0.17211 -0.98353 0.05523 0.40902 -0.91086 0.05513 0.4096 -0.91059 0.05528 0.61511 -0.78651 0.05513 0.61562 -0.7861 0.05528 0.78546 -0.61645 0.05513 0.78586 -0.61593 0.05528 0.91017 -0.41056 0.05513 0.91042 -0.40997 0.05528 0.98197 -0.18081 0.05513 0.98208 -0.18017 0.05528 0.99775 -0.03742 0.05558 0.99614 0.06006 0.064 0.96226 0.2657 0.05876 0.95292 0.29673 0.06242 0.94113 0.33303 0.05805 0.83054 0.5531 0.0654 0.85458 0.51638 0.05528 0.69029 0.72144 0.05495 0.57064 0.82019 0.04076 0.40979 0.91004 0.06242 0.3016 0.95218 0.04884 0.25558 0.96527 0.05426 0.02232 0.99848 0.05038 0.17973 -0.98322 0.03124 0.41003 -0.91154 0.03123 0.38912 -0.92083 0.02573 0.61628 -0.78694 0.03029 0.61285 -0.78965 0.02951 0.78676 -0.61664 0.02747 0.78752 -0.61567 0.02767 0.91147 -0.41044 0.02771 0.89811 -0.4392 0.02254 0.97103 -0.23738 0.02724 0.98331 -0.1804 0.02349 0.98554 -0.1676 0.02478 0.99789 0.06016 0.0243 0.9959 0.08609 0.02775 0.95441 0.2972 0.02771 0.95449 0.29695 0.02766 0.85556 0.51697 0.02771 0.85569 0.51674 0.02766 0.73285 0.67983 0.02781 0.72378 0.68941 0.02933 0.55414 0.83167 0.03529 0.6281 0.77777 0.02368 0.41043 0.91144 0.02871 0.44249 0.89647 0.02323 0.19998 0.97918 0.0349 0.11033 0.99369 0.0203 0.08028 0.99663 0.01711 0.30142 0.95338 0.0142 0.48534 0.87427 -0.01005 0.60094 -0.79882 -0.02743 0.43151 -0.90209 0.00577 0.27786 -0.96051 0.01474 0.27555 -0.96118 0.01448 0.01883 -0.99959 0.02169 0.12512 -0.9917 0.02971 -0.06572 0.99547 0.06866 -0.18526 0.98007 0.07173 -0.31295 0.94756 0.06483 -0.40848 0.90967 0.0751 -0.49601 0.86588 0.06494 -0.61836 0.78259 0.07197 -0.71878 0.6918 0.06903 -0.85213 0.51884 0.06845 -0.84974 0.52285 0.0675 -0.94717 0.31321 0.06909 -0.98453 0.16107 0.06903 -0.99696 -0.03679 0.06864 -0.99563 -0.05938 0.07204 -0.97837 -0.19645 0.06483 -0.95228 -0.29586 0.0751 -0.91936 -0.38802 0.06494 -0.84468 -0.53034 0.0725 -0.85418 -0.51538 0.06892 -0.70768 -0.70321 0.06845 -0.70602 -0.70483 0.06892 -0.53082 -0.8447 0.06859 -0.41103 -0.90877 0.07208 -0.28459 -0.95644 0.06506 -0.09302 -0.99198 0.08558 -0.2089 -0.97558 0.06786 -0.07152 -0.99511 0.06813 -0.1057 -0.99222 0.06576 -0.06091 0.9958 0.06833 -0.20795 0.97576 0.06821 -0.16584 0.9851 0.04557 -0.31739 0.9464 0.05995 -0.40916 0.91118 0.04838 -0.51616 0.85422 0.06242 -0.54857 0.83409 0.05805 -0.7358 0.67404 0.0654 -0.70588 0.70617 0.05528 -0.86568 0.49758 0.05495 -0.90973 0.41133 0.05652 -0.98844 0.13675 0.0654 -0.98208 0.18017 0.05528 -0.99671 -0.05944 0.05513 -0.99666 -0.06009 0.05528 -0.95352 -0.29624 0.05513 -0.95332 -0.29686 0.05528 -0.85492 -0.51583 0.05513 -0.85458 -0.51638 0.05528 -0.70663 -0.70543 0.05513 -0.71809 -0.69405 0.05138 -0.55836 -0.82783 0.05418 -0.58536 -0.80869 0.05805 -0.36932 -0.927 0.0654 -0.40997 -0.91042 0.05528 -0.16539 -0.98469 0.05501 -0.02439 0.99833 0.05236 -0.26594 0.96375 0.02137 -0.31346 0.9492 0.02772 -0.51697 0.85556 0.02771 -0.48963 0.87164 0.02254 -0.6674 0.7442 0.02732 -0.70678 0.70706 0.02288 -0.77979 0.62523 0.03183 -0.83348 0.55194 0.02613 -0.93329 0.35685 0.04049 -0.87204 0.48922 0.01456 -0.96038 0.2771 0.02983 -0.98331 0.1804 0.02349 -0.98554 0.1676 0.02478 -0.99789 -0.06016 0.0243 -0.9959 -0.08609 0.02775 -0.95441 -0.2972 0.02771 -0.95449 -0.29695 0.02766 -0.85555 -0.51697 0.02771 -0.86103 -0.50789 0.02598 -0.69422 -0.71912 0.03052 -0.59079 -0.80586 0.03957 -0.41049 -0.91158 0.02288 -0.26284 -0.96418 0.03557 -0.22121 -0.97477 0.02994 -0.02285 -0.99898 0.03883 -0.12155 -0.99238 0.02027 -0.08029 -0.99669 0.01278 -0.31235 -0.94987 0.0136 -0.48029 -0.87706 0.00924 -0.63223 -0.77458 0.0176 -0.77002 -0.63799 0.00613 -0.31631 0.94848 0.01846 -0.02474 0.99958 0.01506 -0.12512 0.9917 0.02971 0.92192 -0.37635 -0.09177 0.88194 -0.43518 0.18111 0.70438 -0.6828 -0.19399 0.57132 -0.79758 0.19357 0.43217 -0.89038 -0.14301 0.21693 -0.9603 0.17541 0.10233 -0.99181 -0.07638 -0.05422 -0.99085 0.12364 -0.23954 -0.95301 -0.18545 -0.42273 -0.89184 0.16097 -0.57132 -0.79758 -0.19356 -0.70438 -0.6828 0.19399 -0.87464 -0.46102 -0.14988 -0.9117 -0.408 0.04831 -0.99356 -0.10251 -0.04831 -0.99626 -0.07157 0.04831 -0.96157 0.26874 -0.05619 -0.94815 0.3043 0.09177 -0.7376 0.66897 -0.09177 -0.71352 0.69838 0.05618 -0.43615 0.89858 -0.04831 -0.40277 0.91301 0.06475 -0.10216 0.99008 -0.09646 -0.02937 0.99294 0.11491 0.24377 0.96983 -0.00296 0.26133 0.96384 0.05209 0.58141 0.81167 -0.05618 0.61023 0.78689 0.09177 0.8809 0.46432 -0.09177 0.9003 0.43163 0.05618 0.9955 0.07634 -0.05618 0.99504 0.03834 0.09177 -0.9967 0.02833 -0.07602 -0.994 -0.10132 0.04127 -0.99251 -0.12219 -0.00133 -0.96997 -0.24323 0.00137 -0.96381 -0.26351 -0.04046 -0.9206 -0.38312 0.07565 -0.88917 -0.45127 -0.07574 -0.81547 -0.5759 0.05783 -0.80428 -0.59424 -0.00352 -0.6725 -0.74009 0.00285 -0.67054 -0.74186 -0.00475 -0.55179 -0.83398 0.00197 -0.5505 -0.83483 -0.00112 -0.44773 -0.89417 0.00113 -0.44635 -0.89486 -0.00197 -0.3072 -0.95163 0.00475 -0.30469 -0.95245 -0.00285 -0.11249 -0.99365 0.00352 -0.09101 -0.99417 -0.05783 0.05377 -0.99568 0.07573 0.12851 -0.98882 -0.07565 0.2537 -0.96644 0.04046 0.27434 -0.96163 -0.00137 0.40794 -0.91301 0.00174 0.40958 -0.91227 -0.00347 0.58517 -0.8109 0.00407 0.58695 -0.80962 -0.0023 0.69563 -0.7184 0.00091 0.71 -0.70303 -0.04059 0.79209 -0.6057 0.07565 0.8354 -0.54441 -0.07573 0.90648 -0.41827 0.05783 0.91677 -0.39941 -0.00352 0.97719 -0.21236 0.00285 0.97774 -0.20977 -0.00475 0.99814 -0.06087 0.00197 0.99824 -0.05933 -0.00113 0.99824 0.05933 0.00112 0.99814 0.06087 -0.00197 0.97774 0.20977 0.00475 0.97719 0.21236 -0.00285 0.91677 0.39941 0.00352 0.90648 0.41827 -0.05783 0.8354 0.54441 0.07573 0.79209 0.6057 -0.07564 0.71001 0.70303 0.04059 0.69563 0.7184 -0.00091 0.58695 0.80962 0.0023 0.58517 0.8109 -0.00406 0.40958 0.91227 0.00347 0.40794 0.91301 -0.00174 0.27433 0.96163 0.00137 0.2537 0.96644 -0.04046 0.12851 0.98882 0.07565 0.05377 0.99568 -0.07574 -0.09101 0.99417 0.05783 -0.11249 0.99365 -0.00352 -0.30469 0.95245 0.00285 -0.3072 0.95163 -0.00475 -0.44635 0.89485 0.00197 -0.44774 0.89416 -0.00112 -0.5505 0.83483 0.00112 -0.55179 0.83398 -0.00197 -0.67054 0.74186 0.00475 -0.6725 0.74009 -0.00285 -0.80428 0.59424 0.00352 -0.81547 0.5759 -0.05783 -0.88917 0.45127 0.07573 -0.9206 0.38312 -0.07565 -0.96384 0.26337 0.04059 -0.97383 0.2237 -0.04016 -0.99199 0.10319 0.07288 0.9967 0.02833 0.07602 0.994 -0.10132 -0.04127 0.99251 -0.12219 0.00133 0.96997 -0.24323 -0.00137 0.96381 -0.26351 0.04046 0.9206 -0.38312 -0.07564 0.88917 -0.45127 0.07574 0.81547 -0.5759 -0.05783 0.80428 -0.59424 0.00352 0.6725 -0.74009 -0.00285 0.67054 -0.74186 0.00475 0.55179 -0.83398 -0.00197 0.53411 -0.84451 0.03915 0.44695 -0.89302 -0.05252 0.36039 -0.93143 0.05066 0.30688 -0.9504 -0.05056 0.2157 -0.97475 0.05766 0.11236 -0.99286 -0.03999 0.07189 -0.9966 0.04014 -0.05377 -0.99568 -0.07573 -0.12851 -0.98882 0.07565 -0.2537 -0.96644 -0.04045 -0.27433 -0.96163 0.00138 -0.40794 -0.91301 -0.00174 -0.40958 -0.91227 0.00348 -0.58517 -0.8109 -0.00406 -0.58695 -0.80962 0.0023 -0.69563 -0.7184 -0.00091 -0.71001 -0.70303 0.04059 -0.79209 -0.6057 -0.07564 -0.8354 -0.5444 0.07574 -0.90648 -0.41827 -0.05783 -0.91677 -0.39941 0.00353 -0.97719 -0.21236 -0.00285 -0.97774 -0.20977 0.00475 -0.99814 -0.06088 -0.00196 -0.99842 -0.0403 0.03914 -0.99685 0.05944 -0.05252 -0.98683 0.1536 0.05066 -0.97651 0.20943 -0.05056 -0.95201 0.30057 0.05766 -0.91602 0.39913 -0.03998 -0.89903 0.43604 0.04014 -0.8354 0.5444 -0.07573 -0.79209 0.6057 0.07565 -0.71001 0.70302 -0.04059 -0.69563 0.7184 0.00091 -0.58695 0.80962 -0.0023 -0.58517 0.8109 0.00407 -0.40958 0.91227 -0.00347 -0.40794 0.91301 0.00175 -0.27433 0.96163 -0.00137 -0.25369 0.96644 0.04046 -0.12851 0.98882 -0.07564 -0.05377 0.99568 0.07574 0.09101 0.99417 -0.05783 0.11249 0.99365 0.00353 0.30469 0.95245 -0.00285 0.3072 0.95163 0.00475 0.44635 0.89486 -0.00196 0.46431 0.8848 0.03914 0.5499 0.83358 -0.05252 0.62644 0.77782 0.05066 0.66963 0.74097 -0.05056 0.73631 0.67418 0.05766 0.80367 0.59374 -0.03998 0.82714 0.56056 0.04014 0.88917 0.45127 -0.07573 0.9206 0.38312 0.07565 0.96384 0.26337 -0.04058 0.97383 0.2237 0.04016 0.99199 0.10319 -0.07288 0 1 0 0.00068 1 -0.00091 -0.00015 1 -0.00021 -0.00111 1 0.00064 1E-05 1 -0 0 1 0 3E-05 1 -1E-05 -0 1 -0 -4E-05 1 -0 0 1 0 -0 1 0 -0 1 0 0.00271 1 0.00087 -0 1 -0 0 1 0 -2E-05 1 0 -0 1 -0 0 1 0 0 1 0 -0 1 0 0.00086 1 0.00036 -0 1 0 -0 1 0 0 1 -0 -0.00285 1 6E-05 0 1 -0 0 1 0 -0 1 1E-05 2E-05 1 -1E-05 -0 1 -0 -0 1 -0 0 1 -0 2E-05 1 -0 0 1 0 -0 1 -0 0 1 -0 1E-05 1 -1E-05 -0 1 0 -0.00031 1 -0.00034 -0 1 0.00049 -0.00013 1 4E-05 -0 1 1E-05 -0 1 0 -0.00085 1 -0.00086 0.00013 1 -0.00018 0 1 0 -0 1 0 -2E-05 1 -1E-05 0.00012 1 -5E-05 2E-05 1 -0 3E-05 1 -0.00046 2E-05 1 -9E-05 2E-05 1 0 -5E-05 1 3E-05 -0.00016 1 -0.00013 -9E-05 1 0.00019 -0.00015 1 7E-05 0.00033 1 0.00051 5E-05 1 -4E-05 1E-05 1 1E-05 -0 1 0 -2E-05 1 -3E-05 0.00011 1 -3E-05 0.0001 1 -0.00011 0.00016 1 4E-05 -9E-05 1 0.00063 0.00059 1 -0.00066 0.00017 1 8E-05 8E-05 1 0.00024 1E-05 0 1 -3E-05 -1E-05 1 1E-05 -0 1 0.00276 -2E-05 1 2E-05 -1E-05 1 -4E-05 -2E-05 1 -1E-05 -2E-05 1 -0.00139 -0.00097 1 -0.00037 0.00037 1 0.00149 0.00229 1 0 0 1 0 0 1 0 0 1 -8E-05 0.00014 1 0 -0.00012 1 -0.00201 0.00101 1 -1E-05 1E-05 1 1E-05 -2E-05 1 -0 1E-05 1 -0 0 1 -1E-05 0 1 -0 -0 1 -1E-05 -0 1 -1E-05 -0 1 2E-05 -0.0005 1 -0 0 1 -0 0 1 -0 0 1 0.0001 0.00015 1 0.0003 0.00055 1 -0.00138 -0.89688 -0.44227 0.07986 0.84252 0.53271 0.86794 0.49046 0.07826 0.58977 0.32395 0.73974 0.40087 -0.75311 -0.52165 0.15551 -0.39526 -0.90531 0.61048 -0.62329 -0.4887 0.55991 -0.69424 -0.45225 0.01108 -0.46838 -0.88346 0.08749 -0.3193 -0.94361 0.35993 -0.23382 -0.9032 0.23614 -0.27973 -0.93058 0.17931 -0.25099 -0.95124 0.12029 -0.26364 -0.95709 0.2135 -0.38778 -0.89669 0.40305 -0.2651 -0.87594 0.08783 -0.55504 -0.82717 0.10082 -0.55548 -0.8254 0.24148 -0.48715 -0.83927 0.5178 -0.22929 -0.8242 0.05499 -0.21388 -0.97531 0.35311 -0.19826 -0.91433 0.2068 -0.16104 -0.96504 0.02696 -0.64819 -0.761 0.25699 -0.49369 -0.8308 0.40513 -0.36491 -0.83828 0.40697 -0.36648 -0.8367 0.10377 -0.67183 -0.7334 0.41745 -0.43403 -0.79834 0.57809 -0.2867 -0.76394 0.02912 -0.79731 -0.60287 0.12845 -0.72778 -0.67368 0.37672 -0.58107 -0.72142 0.57181 -0.38274 -0.72563 0.67462 -0.27251 -0.68602 0.20115 -0.62034 -0.7581 0.35003 -0.48926 -0.79881 0.25307 -0.61728 -0.74493 0.25593 -0.61565 -0.7453 0.55561 -0.33676 -0.76019 0.63414 -0.26585 -0.72608 0.48282 0.01959 -0.8755 0.39062 -0.0259 -0.92019 0.30623 0.00638 -0.95194 0.20767 -0.0324 -0.97766 0.12366 0.00686 -0.9923 0.06176 -0.00932 -0.99805 0.75257 -0.49945 -0.42917 0.75099 -0.52552 -0.3998 0.71621 -0.57063 -0.40177 0.79983 -0.42602 -0.42282 0.80372 -0.49645 -0.32799 0.76052 -0.32075 -0.56456 0.6557 -0.44249 -0.61177 0.60989 -0.48241 -0.62874 0.42236 -0.65776 -0.62366 0.6018 -0.57427 -0.55502 0.23277 -0.77788 -0.58371 0.29227 -0.74188 -0.60348 0.80162 -0.38562 -0.45684 0.77727 -0.38561 -0.49715 0.68566 -0.50917 -0.52021 0.59007 -0.5992 -0.5411 0.46435 -0.7134 -0.52482 0.58144 -0.55001 -0.59951 0.11964 -0.76205 -0.63637 0.25033 -0.69983 -0.66901 0.51084 -0.48279 -0.71131 0.42607 -0.58502 -0.69008 0.46231 -0.56344 -0.68469 0.65168 -0.3883 -0.65156 0.68876 -0.33853 -0.6411 0.98422 -0.07245 0.16141 0.97468 -0.22188 -0.02756 0.9726 -0.23058 -0.02964 0.88244 -0.42101 -0.20987 0.95034 -0.29747 -0.09148 0.94113 -0.30508 -0.1456 0.90437 -0.36413 -0.22253 0.98582 -0.16643 0.02146 0.88887 -0.36214 -0.28064 0.84987 -0.41096 -0.3299 0.98771 -0.09414 0.12475 0.95927 -0.23941 -0.14995 0.97148 -0.20997 -0.1102 0.96579 -0.22133 -0.13518 0.89565 -0.3262 -0.30232 0.92529 -0.26168 -0.2745 0.84833 -0.32717 -0.4163 0.99104 -0.13339 0.00666 0.99066 -0.13629 0.00385 0.98395 -0.16514 -0.06769 0.92888 -0.23244 -0.28836 0.91762 -0.21569 -0.33385 0.85692 -0.28291 -0.43088 0.69136 -0.44892 -0.56612 0.47076 -0.66609 -0.57853 0.78205 0.32219 0.53347 0.70853 0.40462 0.57816 0.67631 0.47397 0.56387 0.42599 0.59123 0.68482 0.11944 0.47588 0.87136 0.24201 0.56782 0.78677 0.32448 0.46556 0.82339 0.46271 0.47472 0.74869 0.68409 0.25965 0.68162 0.70189 0.28651 0.65212 0.6096 0.43691 0.66144 0.59982 0.15725 0.78453 0.69042 0.09237 0.71748 0.40531 0.30392 0.86218 0.07402 0.44055 0.89467 0.05311 0.60605 0.79365 0.98896 -0.11257 0.09632 0.98822 -0.09174 0.12246 0.97338 -0.14359 -0.17862 0.96357 -0.18514 -0.19305 0.83241 -0.25123 -0.49393 0.79139 -0.26546 -0.55066 0.30116 -0.71431 -0.63171 0.91781 -0.2082 -0.33804 0.86067 -0.16803 -0.48063 0.7561 -0.21108 -0.61948 0.74336 -0.21008 -0.63504 0.50359 -0.4545 -0.73472 0.11756 -0.72135 -0.68252 0.97392 -0.13022 -0.18579 0.94424 -0.12795 -0.30338 0.86057 -0.16741 -0.48104 0.80363 -0.17016 -0.57028 0.23737 -0.40323 -0.88378 0.0339 -0.52792 -0.84862 0.99361 -0.09528 -0.06057 0.98219 -0.10299 -0.15713 0.93083 -0.09398 -0.35315 0.87301 -0.12253 -0.47206 0.69252 -0.13823 -0.70803 0.63272 -0.15288 -0.75914 0.57011 -0.13345 -0.81066 0.53404 -0.15663 -0.83082 0.39702 -0.1217 -0.9097 0.20388 -0.15631 -0.96644 0.11915 -0.13143 -0.98414 0.79536 0.16112 0.58433 0.80026 0.1479 0.58113 0.81338 0.32374 0.48333 0.87031 0.10267 0.48169 0.851 0.23469 0.46981 0.84987 -0.07574 -0.52152 0.79996 -0.0808 -0.59459 0.38661 -0.09807 -0.91701 0.25795 -0.08768 -0.96217 0.10167 -0.10946 -0.98878 0.9822 -0.05224 -0.18043 0.93377 -0.05434 -0.35372 0.7554 -0.05673 -0.6528 0.71257 -0.08216 -0.69677 0.6267 -0.03268 -0.77858 0.56648 -0.04877 -0.82263 0.55035 -0.04286 -0.83383 0.40651 -0.06383 -0.91141 0.20783 -0.03823 -0.97742 0.99702 -0.02654 0.07246 0.99817 -0.04827 0.03652 0.99851 -0.04999 -0.02177 0.64033 -0.01769 -0.7679 0.94294 0.06439 0.32667 0.9551 -0.01556 0.29588 0.94458 -0.05726 0.32325 0.96522 0.02462 0.26029 0.96656 0.02872 0.25481 0.97516 -0.05415 0.21477 0.97233 -0.06386 0.22472 0.97878 -0.09312 0.18251 0.98612 -0.05211 0.15767 0.89739 -0.04749 0.43868 0.91323 -0.01225 0.40726 0.8928 0.1187 0.43453 0.90809 0.1694 0.38299 0.85309 -0.05302 0.51906 0.94763 -0.06421 0.31286 0.07484 0.19416 0.97811 0.26688 -0.0202 0.96352 0.4232 0.13711 0.8956 0.48201 0.20262 0.85241 0.68614 0.08667 0.72229 0.58104 -0.01194 0.81379 0.68094 -0.03849 0.73132 0.71624 -0.01456 0.6977 0.81842 -0.06796 0.57059 0.79361 -0.0103 0.60833 0.09122 0.23114 0.96864 0.59884 0.00309 0.80086 0.00526 0.41348 0.9105 0.06513 0.31053 0.94833 0.22624 0.34562 0.91069 0.27172 0.2472 0.93008 0.53015 0.11509 0.84006 0.94915 0.31429 0.01832 0.97506 0.20124 0.09358 0.87758 0.47637 0.05413 0.80015 0.57281 0.1779 0.76945 0.63799 0.03029 0.73542 0.67219 0.08559 0.02122 0.99937 0.02853 0.02401 0.99925 0.03033 0.14636 0.98898 0.02248 0.18319 0.97968 0.08164 0.35047 0.93503 0.05373 0.50577 0.86267 -0.00201 0.56601 0.81718 0.10889 0.65431 0.75617 0.00951 0.09249 0.98306 0.15821 0.24435 0.96068 0.13187 0.20037 0.97754 0.06532 0.38266 0.91293 0.14189 0.39961 0.90935 0.11573 0.51339 0.83506 0.19778 0.57143 0.81008 0.1313 0.65307 0.72963 0.20282 0.72001 0.67693 0.15281 0.77986 0.59348 0.199 0.19256 0.91874 0.34473 0.22643 0.928 0.29588 0.44094 0.82047 0.36387 0.41217 0.85849 0.30513 0.61846 0.6936 0.36937 0.58262 0.75589 0.29864 0.1587 0.91484 0.37133 0.30679 0.81388 0.49343 0.34631 0.83762 0.42245 0.44956 0.7036 0.55031 0.58478 0.66274 0.46777 0.61677 0.60631 0.50198 0.69141 0.58279 0.42698 0.78068 0.43597 0.44774 0.07365 0.87084 0.48602 0.02751 0.93733 0.34735 -0.00353 0.9554 0.29529 0.00295 0.95744 0.28863 0.07075 0.98111 0.18007 0.13113 -0.99123 -0.01636 0.18167 -0.98326 0.01377 0.32581 -0.94502 -0.02795 0.4487 -0.89359 0.01256 0.4846 -0.87469 -0.00869 0.5663 -0.82397 -0.0197 0.63786 -0.77013 0.00652 0.72193 -0.69184 -0.01354 0.78744 -0.61627 0.01169 0.81821 -0.57492 0.00212 0.13039 -0.99076 -0.0372 0.1636 -0.98485 -0.05745 0.32573 -0.94508 -0.02687 0.38 -0.92295 -0.06141 0.9886 0.11454 0.09772 0.95323 -0.30011 0.03587 0.99568 0.09234 0.00946 0.99762 -0.06559 0.0213 0.9914 -0.11768 0.0572 0.87029 -0.49253 0.00288 0.89522 -0.44528 0.01726 0.93053 -0.36584 0.01661 0.98941 0.05421 0.13461 0.98554 -0.16448 0.0408 0.92883 0.34079 0.14539 0.95047 0.26187 0.16742 0.98422 0.12301 0.1272 0.42813 -0.89789 -0.10246 0.99224 -0.09684 0.07798 0.75359 -0.65411 -0.06515 0.71681 -0.69615 -0.03962 0.59262 -0.80145 -0.08052 0.58505 -0.80728 -0.07756 0.3807 -0.92167 -0.07472 0.2521 -0.96088 -0.11473 0.17025 -0.98113 -0.09164 0.1192 -0.98605 -0.11616 0.99255 -0.09094 0.08109 0.99728 -0.01322 0.07249 0.87111 0.46187 0.1669 0.88252 0.42977 0.19093 0.74694 0.57501 0.33383 0.72153 0.6247 0.29858 0.8359 -0.54397 -0.07323 0.8082 -0.58249 -0.08673 0.52339 -0.83107 -0.18809 0.42472 -0.88555 -0.18818 0.05639 -0.95508 -0.29093 0.18641 -0.93841 -0.29092 0.96121 -0.27578 0.00353 0.96751 -0.25238 0.0149 0.986 0.06485 0.15363 0.9898 -0.02542 0.1402 0.97176 0.13653 0.19247 0.97819 0.08349 0.19021 0.95185 0.20671 0.2264 0.82215 0.48768 0.29365 0.81885 0.49502 0.29057 0.86357 0.40929 0.29448 0.90673 0.34122 0.2478 0.94673 0.21762 0.23736 0.99288 -0.02969 0.11535 0.98714 -0.14099 0.07538 0.78989 -0.59993 -0.12715 0.66999 -0.72421 -0.16318 0.68121 -0.71173 -0.17147 0.54213 -0.81575 -0.20162 0.37894 -0.89424 -0.23819 0.23171 -0.9409 -0.24701 0.01728 -0.96601 -0.25792 0.063 -0.92028 -0.38616 0.17521 -0.90721 -0.38245 0.21367 -0.87931 -0.42563 0.38577 -0.83099 -0.40079 0.38057 -0.83473 -0.39799 0.56123 -0.75188 -0.34598 0.55802 -0.75506 -0.34423 0.71003 -0.64319 -0.28662 0.69631 -0.6611 -0.27945 0.82807 -0.52089 -0.20731 0.817 -0.54052 -0.20087 0.89624 -0.42062 -0.14079 0.91368 -0.3929 -0.10399 0.97426 -0.22451 0.02049 0.85442 0.35425 0.38009 0.84022 0.35998 0.40552 0.01943 -0.94175 -0.33575 0.21434 -0.9179 -0.33394 0.38066 -0.86547 -0.32568 0.40869 -0.86258 -0.29822 0.52558 -0.80572 -0.2731 0.55514 -0.78138 -0.28506 0.67677 -0.70289 -0.21891 0.70285 -0.67325 -0.22964 0.79947 -0.57978 -0.15716 0.82115 -0.54755 -0.16096 0.87342 -0.47716 -0.09724 0.89767 -0.43281 -0.0828 0.98294 -0.16452 0.08227 0.75041 0.51489 0.41446 0.97476 -0.21774 0.04928 0.92391 -0.3824 -0.01277 0.92417 -0.38176 -0.01319 0.87699 -0.47988 -0.02461 0.75363 -0.65405 -0.06529 0.67742 -0.72389 -0.13068 0.60229 -0.79144 -0.10425 0.40621 -0.89854 -0.16619 0.25382 -0.95378 -0.1609 0.20344 -0.96066 -0.18904 0.11212 -0.97789 -0.17655 0.05416 -0.98005 -0.19125 0.0266 0.03122 0.99916 0.08049 -0.03988 0.99596 0.21223 0.07675 0.9742 0.26714 -0.01827 0.96349 0.41545 0.04706 0.9084 0.44858 -0.01147 0.89367 0.75598 -0.02616 -0.65407 0.78024 0.01266 -0.62536 0.85979 -0.03467 -0.50947 0.88974 -0.00774 -0.45639 0.96248 -0.01504 -0.27092 0.99667 -0.00786 -0.08119 -0.04904 0.67361 0.73746 0.1256 0.79826 0.58907 0.21072 0.71442 0.66723 0.31777 0.72716 0.60849 0.42228 0.58398 0.69329 0.94569 0.14558 0.29065 0.97696 0.02006 0.21247 0.93317 -0.34955 -0.08377 0.39068 -0.80174 -0.45231 0.17518 -0.86131 -0.47692 0.90056 -0.05042 0.43179 0.80484 0.0095 0.59342 0.58054 0.35527 0.73264 0.57307 0.55533 0.60266 0.87353 0.31936 0.36737 0.91372 0.19525 0.35636 0.95488 0.08608 0.28425 0.98639 -0.1416 0.08357 0.81766 -0.50957 -0.2679 0.81794 -0.50901 -0.26811 0.70212 -0.62285 -0.34508 0.70606 -0.61769 -0.34633 0.56632 -0.70363 -0.42916 0.55887 -0.71429 -0.42126 0.36968 -0.79103 -0.48746 0.23005 -0.8177 -0.52767 0.18056 -0.84232 -0.50783 0.02943 -0.82974 -0.55737 0.99977 0.02154 -0.00241 0.99617 0.00772 -0.08715 0.96591 -0.00564 -0.25882 0.90629 -0.0037 -0.42265 0.81538 0.0141 -0.57875 0.81906 0.01542 -0.57351 0.70711 -0.0054 -0.70708 0.57354 -0.01092 -0.8191 0.42258 -0.00098 -0.90632 0.28283 0.02055 -0.95895 0.25888 0.01543 -0.96579 0.08706 -0.00541 -0.99619 -0.08705 -0.01093 -0.99614 -0.25891 -0.00097 -0.9659 -0.37343 0.01645 -0.92751 -0.42257 0.00772 -0.9063 -0.57357 -0.00564 -0.81914 -0.70712 -0.0037 -0.70709 -0.82271 0.01411 -0.56829 -0.81906 0.01542 -0.57351 -0.90628 -0.0054 -0.42265 -0.96587 -0.01093 -0.2588 -0.99619 -0.00099 -0.08715 -0.99785 0.02055 0.06224 -0.99608 0.01542 0.08714 -0.96591 -0.0054 0.25882 -0.90625 -0.01093 0.4226 -0.81913 -0.00098 0.57361 -0.68146 0.02911 0.73127 -0.70657 0.03941 0.70654 -0.57357 0.00328 0.81915 -0.42257 -0.01784 0.90615 -0.25878 -0.02328 0.96566 -0.08712 -0.01289 0.99611 0.08712 0.01302 0.99611 0.14479 0.02666 0.9891 0.25884 0.00772 0.96589 0.42263 -0.00564 0.90628 0.57357 -0.0037 0.81915 0.73197 0.01699 0.68113 0.70688 0.02593 0.70685 0.81913 -0.0025 0.5736 0.90619 -0.01573 0.42257 0.96584 -0.01336 0.2588 0.99618 0.00456 0.08715 -0.99854 0.00043 0.05397 -0.89298 -0.44651 -0.05669 -0.72422 -0.68892 0.02974 -0.14034 -0.99003 -0.01195 -0.0912 -0.99538 -0.03018 0.42821 -0.90318 0.02991 0.70334 -0.70995 -0.03595 0.91982 -0.39009 0.04199 0.99512 -0.09347 -0.03173 0.88235 0.4705 0.00914 0.85053 0.52489 0.03291 0.39966 0.91613 -0.03135 0.14287 0.98913 0.03468 -0.28273 0.95873 -0.03006 -0.60154 0.79774 0.04199 -0.86498 0.4989 -0.05397 -0.05551 -0.98655 -0.15372 -0.03201 0.70905 0.70444 -0.02471 0.4258 0.90448 -0.65333 0.45363 0.60611 -0.66086 0.46599 0.58832 -0.11725 0.58556 0.80211 -0.24434 0.70721 0.66344 -0.33876 0.5583 0.75733 -0.35928 0.57703 0.73345 -0.5162 0.50341 0.6929 -0.54741 0.53013 0.64754 -0.05301 0.65139 0.75689 -0.21514 0.39851 0.89157 -0.3584 0.57891 0.7324 -0.50845 0.39731 0.76395 -0.5257 0.22865 0.81936 -0.19347 0.46229 0.86537 -0.03067 0.41935 0.90731 -0.05336 0.53253 0.84473 -0.04849 0.031 0.99834 -0.08037 0.06937 0.99435 -0.06495 0.22415 0.97239 -0.43264 0.18943 0.88144 -0.84316 0.05189 0.53515 -0.7408 -0.0152 0.67155 -0.21738 0.04719 0.97495 -0.0941 0.21875 0.97123 0.00591 0.11391 0.99347 -0.95913 -0.05044 0.27842 -0.98387 -0.087 0.15634 -0.89732 -0.05388 0.43807 -0.94186 -0.05619 0.33128 -0.94877 -0.06455 0.30931 -0.96826 -0.06955 0.24009 -0.56039 0.00021 0.82823 -0.65351 -0.03414 0.75615 -0.74331 -0.01912 0.66867 -0.82461 -0.06161 0.56234 -0.87239 -0.02926 0.48794 -0.20541 0.03464 0.97806 -0.31694 0.00157 0.94845 -0.38879 0.04107 0.92041 -0.42707 -0.00531 0.9042 -0.57393 0.01397 0.81879 -0.93291 -0.3364 -0.12851 -0.97207 -0.23409 -0.0168 -0.97571 0.00555 0.219 -0.94948 0.0747 0.3048 -0.82529 0.27842 0.49131 -0.77723 0.36531 0.51232 -0.75431 0.35638 0.55137 -0.93027 0.00234 0.36688 -0.77783 0.21226 0.59155 -0.6525 0.31924 0.68726 -0.64947 0.31518 0.69199 -0.86394 0.2453 0.4398 -0.90213 0.14191 0.40746 -0.9494 0.07519 0.30495 -0.7741 0.20622 0.59853 -0.88249 0.08204 0.46311 -0.9778 -0.2027 -0.05313 -0.94428 0.00121 0.32913 -0.96922 -0.0546 0.24005 -0.74656 0.22313 0.62679 -0.98896 -0.10918 0.10023 -0.09353 0.21955 0.97111 -0.21724 0.31419 0.92417 -0.31856 0.24401 0.91596 -0.33251 0.25646 0.90756 -0.49675 0.26957 0.82497 -0.48759 0.13297 0.86289 -0.58869 0.1717 0.78991 -0.63788 0.11014 0.76222 -0.67602 0.13302 0.72477 -0.74695 0.09116 0.6586 -0.77089 0.0293 0.63629 -0.85342 0.02054 0.52083 -0.93016 0.00295 0.36715 -0.99125 -0.1121 0.06975 -0.99205 -0.12263 0.02825 -0.06856 -0.76764 -0.6372 -0.19897 -0.7726 -0.60291 -0.18519 -0.7669 -0.61447 -0.37565 -0.72449 -0.57793 -0.38046 -0.72607 -0.57277 -0.52594 -0.67504 -0.51741 -0.56393 -0.62758 -0.53678 -0.67376 -0.57058 -0.46955 -0.08275 -0.68411 -0.72467 -0.19844 -0.67314 -0.71239 -0.20357 -0.67482 -0.70935 -0.37418 -0.64045 -0.67068 -0.38185 -0.64368 -0.66322 -0.53553 -0.59078 -0.60348 -0.69576 -0.5202 -0.49528 -0.05177 -0.72096 -0.69104 -0.69944 -0.58201 -0.4148 -0.79798 -0.49206 -0.348 -0.81831 -0.48272 -0.31202 -0.86417 -0.41696 -0.28169 -0.5622 -0.54245 -0.62424 -0.66993 -0.49107 -0.55682 -0.78001 -0.44165 -0.44332 -0.78933 -0.43874 -0.42949 -0.09641 -0.57675 -0.81121 -0.1748 -0.55538 -0.81301 -0.20107 -0.57137 -0.79568 -0.37256 -0.54273 -0.75276 -0.37848 -0.54766 -0.74621 -0.53671 -0.50218 -0.67805 -0.69588 -0.44185 -0.56614 -0.75513 -0.40753 -0.51351 -0.84648 -0.37607 -0.37688 -0.90681 -0.32652 -0.2666 -0.93958 -0.28731 -0.18611 -0.18441 -0.50616 -0.8425 -0.22822 -0.4655 -0.85512 -0.37398 -0.49014 -0.78734 -0.41456 -0.44186 -0.79555 -0.54999 -0.45577 -0.69985 -0.57888 -0.42287 -0.69719 -0.67214 -0.40799 -0.61788 -0.7737 -0.36444 -0.51824 -0.72395 -0.30585 -0.61835 -0.02395 -0.45071 -0.89235 -0.84972 -0.30306 -0.43143 -0.91737 -0.25253 -0.30767 -0.95375 -0.2203 -0.20453 -0.95834 -0.23509 -0.16225 -0.04131 -0.65541 -0.75414 -0.88001 -0.36907 -0.29897 -0.99152 -0.12085 -0.04772 -0.83952 -0.24312 -0.48591 -0.79066 -0.23745 -0.56434 -0.9895 -0.12667 -0.06961 -0.96477 -0.15254 -0.21437 -0.91849 -0.17438 -0.35491 -0.88119 -0.1665 -0.44248 -0.77496 -0.20639 -0.59736 -0.9803 -0.12107 -0.15607 -0.9397 -0.14411 -0.31015 -0.779 -0.16994 -0.60355 -0.08376 -0.27111 -0.9589 -0.00217 -0.33095 -0.94365 -0.01375 -0.21226 -0.97712 -0.0825 -0.2744 -0.95807 -0.17547 -0.23659 -0.95563 -0.25798 -0.26951 -0.9278 -0.34815 -0.24065 -0.90602 -0.37618 -0.25595 -0.89049 -0.49309 -0.22895 -0.83931 -0.53394 -0.25801 -0.80519 -0.63758 -0.20803 -0.74177 -0.68295 -0.25283 -0.68531 -0.15642 -0.14124 -0.97754 -0.17721 -0.15543 -0.97182 -0.32454 -0.13363 -0.93638 -0.34482 -0.15002 -0.9266 -0.49059 -0.14072 -0.85996 -0.49703 -0.13368 -0.85737 -0.64277 -0.14427 -0.75235 -0.65249 -0.13293 -0.74605 -0.75801 -0.13959 -0.63713 -0.85819 -0.11774 -0.49964 -0.86248 -0.11945 -0.49179 -0.9422 -0.0886 -0.32312 -0.05503 -0.04455 -0.99749 -0.15205 -0.06908 -0.98596 -0.99385 -0.06029 0.09292 -0.97596 -0.05797 -0.21012 -0.9196 -0.05606 -0.38885 -0.81894 -0.05019 -0.57168 -0.77287 -0.07261 -0.63039 -0.69968 -0.03146 -0.71377 -0.64961 -0.05129 -0.75853 -0.59012 -0.03133 -0.80671 -0.495 -0.07576 -0.86558 -0.42759 -0.03227 -0.90339 -0.32263 -0.07384 -0.94364 -0.24326 -0.02776 -0.96956 -0.99573 -0.04376 0.08132 -0.97473 -0.067 -0.2131 0.00155 -0.07782 -0.99697 0.00588 -0.08359 -0.99648 -0.05565 -0.14537 -0.98781 -0.04872 -0.40806 -0.91165 -0.1287 -0.37693 -0.91726 -0.23111 -0.39503 -0.88912 -0.25332 -0.37861 -0.89021 -0.37778 -0.36395 -0.85137 -0.41471 -0.38666 -0.82372 -0.5346 -0.33005 -0.77799 -0.57758 -0.35865 -0.73333 -0.67926 -0.30122 -0.66923 -0.72599 -0.34102 -0.5972 -0.85442 -0.29244 -0.42948 -0.90921 -0.24684 -0.33528 -0.64 -0.76832 -0.00875 -0.70168 -0.71216 0.02155 -0.76699 -0.64159 -0.00875 -0.44954 -0.8932 -0.01065 -0.48619 -0.87385 0.00089 -0.5415 -0.84061 -0.01208 -0.29818 -0.95448 0.00788 -0.24136 -0.97014 -0.02393 -0.08197 -0.99662 -0.00571 -0.08324 -0.99652 -0.00523 -0.04065 -0.9949 -0.0923 -0.06158 -0.99277 -0.10301 -0.23131 -0.96854 -0.09178 -0.25716 -0.96025 -0.10859 -0.42973 -0.89932 -0.08101 -0.44687 -0.89022 -0.08834 -0.54276 -0.83734 -0.06531 -0.63354 -0.77006 -0.07513 -0.61382 -0.78713 -0.06046 -0.74825 -0.66169 -0.04785 -0.04737 -0.87255 -0.48622 -0.09825 0.99166 0.08346 -0.24788 0.96788 -0.04213 -0.38925 0.91252 0.12568 -0.4 0.91207 0.09013 -0.55992 0.82635 -0.06028 -0.6739 0.7302 0.11259 -0.79169 0.61018 0.03024 -0.02581 -0.99767 -0.06316 -0.2531 -0.96663 -0.03951 -0.41482 -0.9084 -0.05225 -0.8603 -0.50978 0.00293 -0.88792 -0.45926 0.02591 -0.93642 -0.3504 0.01821 -0.97559 -0.21264 0.05484 -0.97614 -0.20943 0.05734 -0.99259 -0.12019 0.01804 -0.9977 0.05668 0.03712 -0.98863 0.12154 0.08852 -0.97257 0.23133 0.02425 -0.93403 0.35552 0.03456 -0.89291 0.43984 0.0962 -0.90626 0.41864 0.05853 -0.97821 -0.20051 0.05382 -0.99182 -0.09461 0.08566 -0.99157 0.02407 0.12729 -0.98512 0.11223 0.13014 -0.96824 0.19204 0.16011 -0.94588 0.28501 0.15518 -0.80404 0.56096 0.19711 -0.71603 0.64907 0.25693 -0.93306 0.3178 0.16852 -0.89701 0.41094 0.16281 -0.88805 0.42475 0.17595 -0.81016 0.55 0.20283 -0.7351 0.64687 0.20296 -0.57843 0.80043 0.15726 -0.56867 0.80358 0.1757 -0.40417 0.90269 0.14761 -0.40093 0.90294 0.15479 -0.20509 0.97041 0.12744 -0.07783 0.98188 0.1728 -0.83448 0.53521 0.13114 -0.70286 0.70853 0.06304 -0.04962 0.99836 0.02839 -0.02606 0.94661 0.32132 -0.98652 -0.14367 0.07839 -0.98817 0.05719 0.1423 -0.97678 0.07551 0.2005 -0.80983 0.50048 0.30611 -0.79448 0.50688 0.33449 -0.67035 0.6245 0.40079 -0.13692 -0.95551 -0.26126 -0.17524 -0.95571 -0.23647 -0.33021 -0.90899 -0.25434 -0.3807 -0.89888 -0.21698 -0.50964 -0.83029 -0.22557 -0.55631 -0.81071 -0.18239 -0.66532 -0.72332 -0.18479 -0.70592 -0.69526 -0.13527 -0.79609 -0.59028 -0.13345 -0.96465 -0.26306 0.01572 -0.96032 0.17722 0.21538 -0.89692 0.36118 0.25511 -0.88472 0.37036 0.28303 -0.71278 0.65579 0.24878 -0.58727 0.71994 0.36985 -0.50368 0.81607 0.28344 -0.41337 0.8294 0.37578 -0.3149 0.90856 0.2745 -0.24565 0.90206 0.35489 -0.13933 0.95308 0.26874 -0.05032 0.94788 0.31464 0.07403 0.9773 0.19853 -0.15075 -0.90853 -0.38967 -0.92206 -0.3802 -0.07243 -0.99125 -0.00923 0.13169 -0.95919 0.17806 0.21966 -0.84342 0.39897 0.35981 -0.77913 0.44119 0.44532 -0.68455 0.57981 0.44183 -0.22446 -0.85559 -0.46645 -0.77949 0.44008 0.44579 -0.65341 0.52008 0.55007 -0.01306 -0.89513 -0.44562 -0.23935 -0.86828 -0.43452 -0.30294 -0.86374 -0.40271 -0.42187 -0.81195 -0.40344 -0.47116 -0.8051 -0.36031 -0.58727 -0.72927 -0.35111 -0.63167 -0.71492 -0.2998 -0.72733 -0.62523 -0.28299 -0.7644 -0.60483 -0.22332 -0.84262 -0.49985 -0.20036 -0.96012 -0.27926 -0.01348 -0.96296 0.0903 0.25408 -0.89772 0.28286 0.33778 -0.5225 0.68772 0.50402 -0.51949 0.68495 0.51086 -0.33119 0.78098 0.52951 -0.33151 0.78134 0.52878 -0.12913 0.8343 0.53598 -0.14782 0.85836 0.4913 0.34565 0.52717 0.77629 -0.05093 0.85087 0.5229 -0.13859 -0.93284 -0.33258 -0.15641 -0.9258 -0.34413 -0.29777 -0.89521 -0.33157 -0.33368 -0.89174 -0.30571 -0.46599 -0.82862 -0.31023 -0.51394 -0.81523 -0.26696 -0.62655 -0.73359 -0.26323 -0.6691 -0.7121 -0.21263 -0.76093 -0.61621 -0.20313 -0.79887 -0.58517 -0.1392 -0.8602 -0.49429 -0.12543 -0.89901 -0.43115 -0.07677 -0.89831 0.28288 0.33619 -0.17692 -0.96402 -0.19841 -0.25998 -0.95356 -0.15209 -0.37818 -0.9081 -0.1798 -0.44986 -0.88319 -0.13265 -0.55366 -0.8181 -0.1555 -0.61781 -0.77961 -0.1026 -0.70426 -0.69937 -0.12203 -0.75727 -0.65 -0.06359 -0.81898 -0.57008 -0.06545 -0.86095 -0.50752 -0.03444 -0.89599 -0.44258 -0.03635 -0.93629 -0.35086 0.01623 -0.05199 -0.00899 -0.99861 -0.06836 0.00611 -0.99764 -0.97291 -0.20716 -0.10262 -0.99107 0.01908 0.13198 -0.99865 -0.04157 -0.03106 -0.99529 0.0002 -0.09697 -0.93666 0.02793 -0.34912 -0.91723 -0.03415 -0.39688 -0.84202 -0.00493 -0.53942 -0.82284 -0.03072 -0.56744 -0.72464 0.00785 -0.68909 -0.5661 -0.0021 -0.82434 -0.42698 -0.0146 -0.90414 -0.41462 -0.00134 -0.91 -0.25644 -0.00986 -0.96651 -0.24316 -0.0231 -0.96971 -0.03852 -0.85148 -0.52297 -0.18366 -0.81328 -0.55212 -0.24112 -0.83007 -0.50284 -0.37063 -0.78058 -0.50332 -0.42702 -0.7808 -0.45608 -0.53884 -0.71129 -0.45135 -0.59397 -0.6977 -0.40051 -0.68695 -0.61877 -0.38108 -0.73233 -0.60542 -0.31171 -0.81225 -0.51118 -0.28097 -0.84497 -0.49416 -0.20451 -0.90026 -0.40088 -0.16981 -0.91814 -0.37056 -0.14038 -0.9676 -0.25132 -0.02421 -0.98618 -0.14488 0.08041 -0.98299 -0.05644 0.17476</float_array>
          <technique_common>
            <accessor source="#norm_0-array" count="21135" stride="3">
              <param name="X" type="float"/>
              <param name="Y" type="float"/>
              <param name="Z" type="float"/>
            </accessor>
          </technique_common>
        </source>
        <vertices id="vert_0">
          <input semantic="POSITION" source="#pos_0"/>
        </vertices>
        <triangles count="7304" material="mat_0">
          <input semantic="VERTEX" source="#vert_0" offset="0"/>
          <input semantic="NORMAL" source="#norm_0" offset="1"/>
          <p>0 0 1 0 2 0 0 1 3 1 4 1 1 2 0 2 4 2 5 3 6 3 7 3 7 4 6 4 8 4 9 5 10 5 7 5 7 6 10 6 5 6 11 7 12 7 13 7 14 8 11 8 13 8 15 9 14 9 13 9 16 10 17 10 18 10 19 11 20 11 21 11 17 12 20 12 19 12 16 13 20 13 17 13 22 14 23 14 24 14 25 15 26 15 23 15 25 16 23 16 22 16 22 17 24 17 27 17 22 18 27 18 28 18 28 19 27 19 29 19 28 20 29 20 30 20 30 21 29 21 31 21 30 22 31 22 32 22 30 23 32 23 33 23 33 24 32 24 34 24 33 25 34 25 35 25 33 26 35 26 36 26 36 27 35 27 37 27 36 28 37 28 38 28 36 29 38 29 25 29 25 30 38 30 26 30 39 31 40 31 41 31 41 32 40 32 42 32 41 33 42 33 43 33 41 34 43 34 44 34 44 35 43 35 45 35 44 36 45 36 46 36 44 37 46 37 47 37 47 38 46 38 48 38 47 39 48 39 49 39 49 40 48 40 50 40 49 41 50 41 51 41 49 42 51 42 52 42 52 43 51 43 53 43 52 44 53 44 39 44 52 45 39 45 41 45 54 46 55 46 56 46 54 47 56 47 57 47 57 48 56 48 58 48 57 49 58 49 59 49 57 50 59 50 60 50 57 51 60 51 61 51 61 52 60 52 62 52 61 53 62 53 63 53 61 54 63 54 64 54 64 55 63 55 65 55 64 56 65 56 66 56 64 57 66 57 67 57 67 58 66 58 68 58 67 59 68 59 54 59 54 60 68 60 55 60 69 61 70 61 71 61 69 62 71 62 72 62 69 63 72 63 73 63 73 64 72 64 74 64 73 65 74 65 75 65 75 66 74 66 76 66 75 67 76 67 77 67 77 68 76 68 78 68 77 69 78 69 79 69 77 70 79 70 80 70 80 71 79 71 81 71 80 72 81 72 82 72 80 73 82 73 83 73 83 74 82 74 84 74 83 75 84 75 70 75 83 76 70 76 69 76 50 77 85 77 51 77 65 78 86 78 66 78 87 79 88 79 89 79 88 80 90 80 91 80 92 81 93 81 94 81 95 82 94 82 93 82 95 83 96 83 94 83 96 84 95 84 97 84 98 85 87 85 89 85 88 86 91 86 89 86 99 87 100 87 101 87 102 88 103 88 104 88 105 89 106 89 107 89 108 90 105 90 107 90 100 91 99 91 109 91 101 92 110 92 99 92 110 93 101 93 111 93 112 94 113 94 114 94 115 95 116 95 117 95 118 96 119 96 120 96 121 97 122 97 123 97 124 98 125 98 126 98 124 99 126 99 127 99 127 100 126 100 128 100 127 101 128 101 129 101 128 102 130 102 131 102 131 103 130 103 132 103 133 104 132 104 134 104 133 105 134 105 135 105 135 106 134 106 136 106 135 107 136 107 137 107 137 108 136 108 138 108 137 109 138 109 139 109 138 110 140 110 141 110 141 111 140 111 142 111 141 112 142 112 143 112 143 113 142 113 144 113 145 114 144 114 146 114 145 115 146 115 147 115 147 116 146 116 148 116 148 117 146 117 149 117 148 118 149 118 150 118 150 119 149 119 151 119 150 120 151 120 152 120 152 121 151 121 153 121 154 122 153 122 155 122 154 123 155 123 156 123 156 124 155 124 157 124 157 125 155 125 158 125 157 126 158 126 159 126 159 127 158 127 160 127 159 128 160 128 161 128 161 129 160 129 162 129 161 130 162 130 163 130 163 131 162 131 164 131 164 132 162 132 165 132 164 133 165 133 166 133 166 134 165 134 167 134 166 135 167 135 168 135 168 136 167 136 169 136 169 137 167 137 170 137 169 138 170 138 171 138 171 139 170 139 172 139 171 140 172 140 173 140 173 141 172 141 174 141 174 142 172 142 175 142 174 143 175 143 176 143 176 144 175 144 177 144 176 145 177 145 178 145 178 146 177 146 179 146 178 147 179 147 180 147 180 148 179 148 181 148 181 149 179 149 182 149 181 150 182 150 183 150 183 151 182 151 184 151 183 152 184 152 185 152 184 153 186 153 187 153 188 154 189 154 186 154 190 155 191 155 192 155 192 156 191 156 193 156 194 157 195 157 196 157 194 158 196 158 197 158 196 159 198 159 197 159 197 160 198 160 199 160 200 161 201 161 202 161 200 162 202 162 203 162 204 163 205 163 206 163 207 164 208 164 209 164 209 165 208 165 210 165 211 166 212 166 213 166 213 167 212 167 123 167 123 168 214 168 121 168 215 169 216 169 217 169 217 170 216 170 218 170 217 171 218 171 211 171 211 172 218 172 219 172 211 173 219 173 212 173 220 174 221 174 222 174 222 175 221 175 223 175 222 176 223 176 224 176 224 177 223 177 225 177 224 178 225 178 215 178 215 179 225 179 226 179 215 180 226 180 216 180 227 181 228 181 116 181 116 182 228 182 229 182 116 183 229 183 117 183 117 184 229 184 230 184 117 185 230 185 220 185 220 186 230 186 231 186 220 187 231 187 221 187 232 188 233 188 234 188 234 189 233 189 235 189 234 190 235 190 236 190 236 191 235 191 237 191 236 192 237 192 120 192 120 193 237 193 238 193 120 194 238 194 118 194 239 195 240 195 241 195 241 196 240 196 242 196 241 197 242 197 232 197 232 198 242 198 243 198 232 199 243 199 233 199 244 200 245 200 246 200 246 201 245 201 239 201 239 202 247 202 240 202 248 203 249 203 250 203 250 204 249 204 251 204 250 205 251 205 252 205 252 206 251 206 253 206 252 207 253 207 244 207 254 208 255 208 256 208 256 209 255 209 257 209 256 210 257 210 248 210 248 211 257 211 258 211 248 212 258 212 249 212 259 213 260 213 261 213 261 214 260 214 262 214 261 215 262 215 263 215 254 216 263 216 264 216 254 217 264 217 255 217 265 218 266 218 267 218 267 219 266 219 268 219 267 220 268 220 259 220 269 221 270 221 271 221 271 222 270 222 272 222 271 223 272 223 265 223 265 224 272 224 273 224 265 225 273 225 266 225 124 226 274 226 125 226 125 227 274 227 275 227 125 228 275 228 276 228 276 229 275 229 277 229 276 230 277 230 278 230 278 231 277 231 279 231 278 232 279 232 269 232 269 233 279 233 280 233 269 234 280 234 270 234 281 235 282 235 283 235 283 236 282 236 284 236 284 237 282 237 285 237 284 238 285 238 286 238 286 239 285 239 287 239 287 240 285 240 288 240 288 241 285 241 289 241 289 242 285 242 290 242 289 243 290 243 291 243 291 244 290 244 292 244 292 245 290 245 293 245 292 246 293 246 294 246 294 247 293 247 295 247 295 248 293 248 199 248 295 249 199 249 296 249 296 250 199 250 297 250 297 251 199 251 198 251 297 252 198 252 298 252 298 253 198 253 196 253 298 254 196 254 299 254 299 255 196 255 195 255 299 256 195 256 300 256 300 257 195 257 301 257 300 258 301 258 302 258 302 259 301 259 193 259 302 260 193 260 303 260 303 261 193 261 304 261 304 262 193 262 305 262 305 263 193 263 191 263 305 264 191 264 306 264 306 265 191 265 190 265 306 266 190 266 307 266 307 267 190 267 308 267 308 268 190 268 309 268 308 269 309 269 310 269 310 270 309 270 189 270 310 271 189 271 311 271 312 272 186 272 184 272 312 273 184 273 313 273 313 274 184 274 182 274 313 275 182 275 314 275 314 276 182 276 179 276 314 277 179 277 315 277 315 278 179 278 177 278 315 279 177 279 316 279 316 280 177 280 175 280 316 281 175 281 317 281 317 282 175 282 172 282 317 283 172 283 318 283 318 284 172 284 170 284 318 285 170 285 319 285 319 286 170 286 167 286 319 287 167 287 320 287 320 288 167 288 165 288 320 289 165 289 321 289 321 290 165 290 162 290 321 291 162 291 322 291 322 292 162 292 160 292 322 293 160 293 323 293 323 294 160 294 158 294 323 295 158 295 324 295 324 296 158 296 155 296 324 297 155 297 325 297 325 298 155 298 153 298 325 299 153 299 326 299 326 300 153 300 151 300 326 301 151 301 327 301 327 302 151 302 149 302 327 303 149 303 328 303 328 304 149 304 146 304 328 305 146 305 329 305 329 306 146 306 330 306 330 307 146 307 144 307 330 308 144 308 331 308 331 309 144 309 142 309 331 310 142 310 332 310 332 311 142 311 140 311 332 312 140 312 333 312 333 313 140 313 138 313 333 314 138 314 334 314 334 315 138 315 136 315 334 316 136 316 335 316 335 317 136 317 134 317 335 318 134 318 336 318 336 319 134 319 132 319 336 320 132 320 337 320 337 321 132 321 130 321 337 322 130 322 338 322 338 323 130 323 128 323 338 324 128 324 339 324 339 325 128 325 126 325 339 326 126 326 340 326 340 327 126 327 125 327 340 328 125 328 341 328 341 329 125 329 276 329 341 330 276 330 342 330 342 331 276 331 278 331 342 332 278 332 343 332 343 333 278 333 269 333 343 334 269 334 344 334 344 335 269 335 271 335 344 336 271 336 345 336 345 337 271 337 265 337 345 338 265 338 346 338 346 339 265 339 267 339 346 340 267 340 347 340 347 341 267 341 259 341 347 342 259 342 348 342 348 343 259 343 261 343 348 344 261 344 349 344 349 345 261 345 263 345 349 346 263 346 350 346 350 347 263 347 254 347 350 348 254 348 351 348 351 349 254 349 256 349 351 350 256 350 352 350 352 351 256 351 248 351 352 352 248 352 353 352 353 353 248 353 250 353 353 354 250 354 354 354 354 355 250 355 252 355 354 356 252 356 355 356 355 357 252 357 244 357 355 358 244 358 356 358 356 359 244 359 246 359 356 360 246 360 357 360 357 361 246 361 239 361 357 362 239 362 358 362 358 363 239 363 241 363 358 364 241 364 359 364 359 365 241 365 232 365 359 366 232 366 360 366 360 367 232 367 234 367 360 368 234 368 361 368 361 369 234 369 236 369 361 370 236 370 362 370 362 371 236 371 120 371 362 372 120 372 363 372 363 373 120 373 119 373 363 374 119 374 364 374 186 375 312 375 365 375 365 376 312 376 313 376 365 377 313 377 314 377 314 378 315 378 366 378 366 379 315 379 316 379 366 380 316 380 317 380 366 381 317 381 367 381 367 382 317 382 318 382 367 383 318 383 319 383 367 384 319 384 368 384 368 385 319 385 320 385 368 386 320 386 321 386 368 387 321 387 322 387 322 388 323 388 369 388 369 389 323 389 324 389 369 390 324 390 325 390 369 391 325 391 370 391 370 392 325 392 326 392 370 393 326 393 327 393 370 394 327 394 371 394 371 395 327 395 328 395 371 396 328 396 372 396 372 397 328 397 329 397 372 398 329 398 330 398 372 399 330 399 373 399 373 400 330 400 331 400 373 401 331 401 332 401 373 402 332 402 374 402 374 403 332 403 333 403 374 404 333 404 334 404 374 405 334 405 375 405 375 406 334 406 335 406 375 407 335 407 336 407 375 408 336 408 376 408 376 409 336 409 337 409 376 410 337 410 338 410 376 411 338 411 377 411 377 412 338 412 339 412 377 413 339 413 340 413 377 414 340 414 378 414 378 415 340 415 341 415 378 416 341 416 342 416 378 417 342 417 379 417 379 418 342 418 343 418 379 419 343 419 380 419 380 420 343 420 344 420 380 421 344 421 345 421 380 422 345 422 381 422 381 423 345 423 346 423 381 424 346 424 347 424 381 425 347 425 382 425 382 426 347 426 348 426 382 427 348 427 349 427 382 428 349 428 383 428 383 429 349 429 350 429 383 430 350 430 351 430 383 431 351 431 384 431 384 432 351 432 352 432 384 433 352 433 353 433 384 434 353 434 385 434 385 435 353 435 354 435 385 436 354 436 355 436 385 437 355 437 356 437 385 438 356 438 386 438 386 439 356 439 357 439 386 440 357 440 358 440 386 441 358 441 387 441 387 442 358 442 359 442 387 443 359 443 360 443 387 444 360 444 388 444 388 445 360 445 361 445 388 446 361 446 362 446 388 447 362 447 364 447 364 448 362 448 363 448 186 449 365 449 389 449 389 450 365 450 314 450 186 451 389 451 188 451 188 452 389 452 314 452 189 453 188 453 311 453 311 454 188 454 314 454 311 455 314 455 310 455 310 456 314 456 308 456 308 457 314 457 366 457 308 458 366 458 307 458 307 459 366 459 306 459 306 460 366 460 367 460 306 461 367 461 305 461 305 462 367 462 304 462 304 463 367 463 368 463 304 464 368 464 303 464 303 465 368 465 302 465 302 466 368 466 322 466 302 467 322 467 300 467 300 468 322 468 299 468 299 469 322 469 369 469 299 470 369 470 298 470 298 471 369 471 297 471 297 472 369 472 370 472 297 473 370 473 296 473 296 474 370 474 295 474 295 475 370 475 371 475 295 476 371 476 294 476 294 477 371 477 372 477 294 478 372 478 292 478 292 479 372 479 291 479 291 480 372 480 373 480 291 481 373 481 289 481 289 482 373 482 288 482 288 483 373 483 374 483 288 484 374 484 287 484 287 485 374 485 286 485 286 486 374 486 375 486 286 487 375 487 284 487 284 488 375 488 283 488 283 489 375 489 376 489 283 490 376 490 281 490 281 491 376 491 390 491 390 492 376 492 377 492 390 493 377 493 391 493 391 494 377 494 392 494 392 495 377 495 378 495 392 496 378 496 393 496 393 497 378 497 394 497 394 498 378 498 379 498 394 499 379 499 395 499 395 500 379 500 380 500 395 501 380 501 396 501 396 502 380 502 397 502 397 503 380 503 381 503 397 504 381 504 398 504 398 505 381 505 399 505 399 506 381 506 382 506 399 507 382 507 400 507 400 508 382 508 401 508 401 509 382 509 383 509 401 510 383 510 402 510 402 511 383 511 403 511 403 512 383 512 384 512 403 513 384 513 404 513 404 514 384 514 405 514 405 515 384 515 385 515 405 516 385 516 406 516 406 517 385 517 407 517 407 518 385 518 408 518 408 519 385 519 386 519 408 520 386 520 409 520 409 521 386 521 410 521 410 522 386 522 387 522 410 523 387 523 411 523 411 524 387 524 412 524 412 525 387 525 388 525 412 526 388 526 413 526 413 527 388 527 414 527 414 528 388 528 364 528 414 529 364 529 415 529 415 530 364 530 416 530 282 531 281 531 390 531 282 532 390 532 391 532 282 533 391 533 417 533 417 534 391 534 392 534 417 535 392 535 418 535 418 536 392 536 393 536 418 537 393 537 394 537 418 538 394 538 419 538 419 539 394 539 395 539 419 540 395 540 420 540 420 541 395 541 396 541 420 542 396 542 397 542 420 543 397 543 398 543 420 544 398 544 399 544 420 545 399 545 421 545 421 546 399 546 400 546 421 547 400 547 422 547 422 548 400 548 401 548 422 549 401 549 423 549 423 550 401 550 402 550 423 551 402 551 403 551 423 552 403 552 200 552 200 553 403 553 404 553 200 554 404 554 201 554 201 555 404 555 405 555 201 556 405 556 202 556 202 557 405 557 406 557 202 558 406 558 203 558 203 559 406 559 407 559 203 560 407 560 424 560 424 561 407 561 408 561 424 562 408 562 205 562 205 563 408 563 409 563 205 564 409 564 206 564 206 565 409 565 410 565 206 566 410 566 204 566 204 567 410 567 411 567 204 568 411 568 425 568 425 569 411 569 412 569 425 570 412 570 413 570 425 571 413 571 414 571 425 572 414 572 415 572 425 573 415 573 207 573 207 574 415 574 416 574 207 575 416 575 208 575 208 576 416 576 364 576 208 577 364 577 210 577 122 578 426 578 427 578 115 579 117 579 220 579 115 580 220 580 428 580 428 581 220 581 222 581 428 582 222 582 224 582 428 583 224 583 429 583 429 584 224 584 215 584 429 585 215 585 217 585 429 586 217 586 430 586 430 587 217 587 211 587 430 588 211 588 431 588 431 589 211 589 213 589 431 590 213 590 432 590 432 591 213 591 123 591 432 592 123 592 427 592 427 593 123 593 122 593 429 594 430 594 433 594 433 595 430 595 431 595 433 596 431 596 432 596 433 597 432 597 427 597 433 598 427 598 434 598 434 599 427 599 426 599 433 600 434 600 435 600 435 601 434 601 426 601 433 602 435 602 436 602 436 603 435 603 426 603 113 604 115 604 114 604 114 605 115 605 428 605 114 606 428 606 437 606 437 607 428 607 438 607 438 608 428 608 429 608 439 609 429 609 433 609 439 610 433 610 440 610 440 611 433 611 441 611 433 612 436 612 442 612 442 613 436 613 426 613 112 614 114 614 209 614 209 615 114 615 437 615 209 616 437 616 438 616 209 617 438 617 443 617 443 618 438 618 429 618 443 619 429 619 444 619 444 620 429 620 439 620 444 621 439 621 445 621 445 622 439 622 440 622 445 623 440 623 446 623 446 624 440 624 441 624 446 625 441 625 447 625 447 626 441 626 433 626 447 627 433 627 448 627 448 628 433 628 442 628 448 629 442 629 449 629 449 630 442 630 426 630 449 631 426 631 450 631 449 632 450 632 448 632 448 633 450 633 451 633 448 634 451 634 447 634 447 635 451 635 446 635 445 636 446 636 452 636 445 637 452 637 444 637 444 638 452 638 443 638 443 639 452 639 209 639 112 640 209 640 210 640 112 641 210 641 113 641 113 642 210 642 364 642 113 643 364 643 115 643 115 644 364 644 116 644 116 645 364 645 119 645 116 646 119 646 227 646 227 647 119 647 118 647 453 648 454 648 455 648 453 649 455 649 456 649 455 650 457 650 458 650 459 651 460 651 461 651 460 652 462 652 463 652 463 653 462 653 464 653 463 654 464 654 465 654 458 655 456 655 455 655 466 656 467 656 468 656 469 657 470 657 471 657 472 658 466 658 468 658 473 659 474 659 475 659 476 660 475 660 477 660 478 661 475 661 476 661 477 662 479 662 476 662 472 663 468 663 470 663 475 664 478 664 473 664 480 665 481 665 482 665 480 666 482 666 483 666 483 667 482 667 484 667 483 668 484 668 485 668 485 669 484 669 486 669 485 670 486 670 487 670 487 671 486 671 488 671 487 672 488 672 489 672 489 673 488 673 490 673 489 674 490 674 491 674 491 675 490 675 492 675 491 676 492 676 493 676 493 677 492 677 494 677 493 678 494 678 495 678 495 679 494 679 496 679 495 680 496 680 497 680 497 681 496 681 498 681 497 682 498 682 499 682 499 683 498 683 500 683 499 684 500 684 501 684 501 685 500 685 502 685 501 686 502 686 503 686 503 687 502 687 504 687 503 688 504 688 505 688 505 689 504 689 506 689 505 690 506 690 507 690 507 691 506 691 508 691 507 692 508 692 509 692 509 693 508 693 510 693 509 694 510 694 511 694 511 695 510 695 512 695 511 696 512 696 513 696 513 697 512 697 514 697 513 698 514 698 515 698 515 699 514 699 516 699 515 700 516 700 517 700 517 701 516 701 518 701 517 702 518 702 519 702 519 703 518 703 520 703 519 704 520 704 521 704 521 705 520 705 522 705 521 706 522 706 523 706 523 707 522 707 524 707 523 708 524 708 525 708 525 709 524 709 526 709 525 710 526 710 527 710 527 711 526 711 528 711 527 712 528 712 529 712 529 713 528 713 530 713 529 714 530 714 531 714 531 715 530 715 532 715 531 716 532 716 533 716 533 717 532 717 534 717 533 718 534 718 535 718 535 719 534 719 536 719 535 720 536 720 537 720 537 721 536 721 538 721 537 722 538 722 539 722 539 723 538 723 540 723 539 724 540 724 541 724 541 725 540 725 542 725 541 726 542 726 543 726 543 727 542 727 544 727 543 728 544 728 545 728 545 729 544 729 546 729 545 730 546 730 547 730 547 731 546 731 548 731 547 732 548 732 549 732 549 733 548 733 550 733 549 734 550 734 551 734 551 735 550 735 552 735 551 736 552 736 553 736 553 737 552 737 554 737 553 738 554 738 555 738 555 739 554 739 556 739 555 740 556 740 557 740 557 741 556 741 558 741 557 742 558 742 559 742 559 743 558 743 560 743 559 744 560 744 561 744 561 745 560 745 562 745 561 746 562 746 563 746 563 747 562 747 564 747 563 748 564 748 565 748 565 749 564 749 566 749 565 750 566 750 567 750 567 751 566 751 568 751 567 752 568 752 569 752 569 753 568 753 570 753 569 754 570 754 571 754 571 755 570 755 572 755 572 756 570 756 573 756 572 757 573 757 574 757 574 758 573 758 575 758 574 759 575 759 576 759 576 760 575 760 577 760 576 761 577 761 578 761 578 762 577 762 579 762 578 763 579 763 580 763 580 764 579 764 581 764 580 765 581 765 582 765 582 766 581 766 583 766 582 767 583 767 584 767 584 768 583 768 585 768 584 769 585 769 586 769 586 770 585 770 587 770 586 771 587 771 588 771 588 772 587 772 589 772 588 773 589 773 590 773 590 774 589 774 591 774 590 775 591 775 592 775 592 776 591 776 593 776 592 777 593 777 594 777 594 778 593 778 595 778 594 779 595 779 596 779 596 780 595 780 597 780 596 781 597 781 598 781 598 782 597 782 599 782 598 783 599 783 600 783 600 784 599 784 601 784 600 785 601 785 602 785 602 786 601 786 603 786 602 787 603 787 604 787 605 788 186 788 189 788 606 789 607 789 608 789 608 790 607 790 609 790 608 791 609 791 610 791 610 792 609 792 611 792 612 793 613 793 614 793 614 794 613 794 615 794 614 795 615 795 611 795 611 796 615 796 616 796 611 797 616 797 610 797 617 798 618 798 619 798 619 799 618 799 620 799 619 800 620 800 621 800 621 801 620 801 622 801 621 802 622 802 612 802 612 803 622 803 623 803 612 804 623 804 613 804 624 805 625 805 626 805 626 806 625 806 617 806 617 807 627 807 618 807 628 808 629 808 630 808 630 809 629 809 631 809 630 810 631 810 632 810 632 811 631 811 633 811 632 812 633 812 624 812 624 813 633 813 634 813 624 814 634 814 625 814 635 815 636 815 637 815 637 816 636 816 638 816 637 817 638 817 628 817 628 818 638 818 639 818 628 819 639 819 629 819 640 820 641 820 642 820 635 821 642 821 643 821 635 822 643 822 636 822 644 823 645 823 646 823 646 824 645 824 647 824 646 825 647 825 648 825 648 826 647 826 649 826 648 827 649 827 640 827 640 828 649 828 650 828 640 829 650 829 641 829 651 830 652 830 653 830 653 831 652 831 654 831 653 832 654 832 644 832 655 833 656 833 657 833 657 834 656 834 658 834 657 835 658 835 651 835 651 836 658 836 659 836 651 837 659 837 652 837 660 838 661 838 662 838 662 839 661 839 663 839 662 840 663 840 664 840 664 841 663 841 665 841 664 842 665 842 655 842 655 843 665 843 666 843 655 844 666 844 656 844 667 845 668 845 669 845 669 846 668 846 670 846 669 847 670 847 660 847 660 848 670 848 671 848 660 849 671 849 661 849 189 850 604 850 603 850 189 851 603 851 672 851 672 852 603 852 601 852 672 853 601 853 673 853 673 854 601 854 599 854 673 855 599 855 597 855 673 856 597 856 674 856 674 857 597 857 595 857 674 858 595 858 675 858 675 859 595 859 593 859 675 860 593 860 591 860 675 861 591 861 676 861 676 862 591 862 589 862 676 863 589 863 587 863 676 864 587 864 677 864 677 865 587 865 585 865 677 866 585 866 583 866 677 867 583 867 581 867 677 868 581 868 678 868 678 869 581 869 579 869 678 870 579 870 577 870 678 871 577 871 679 871 679 872 577 872 575 872 679 873 575 873 573 873 679 874 573 874 680 874 680 875 573 875 570 875 680 876 570 876 568 876 680 877 568 877 681 877 681 878 568 878 566 878 681 879 566 879 564 879 681 880 564 880 682 880 682 881 564 881 562 881 682 882 562 882 560 882 682 883 560 883 683 883 683 884 560 884 558 884 683 885 558 885 556 885 683 886 556 886 554 886 683 887 554 887 684 887 684 888 554 888 552 888 684 889 552 889 550 889 684 890 550 890 685 890 685 891 550 891 548 891 685 892 548 892 546 892 685 893 546 893 686 893 686 894 546 894 544 894 686 895 544 895 542 895 686 896 542 896 687 896 687 897 542 897 540 897 687 898 540 898 538 898 687 899 538 899 688 899 688 900 538 900 536 900 688 901 536 901 534 901 688 902 534 902 689 902 689 903 534 903 532 903 689 904 532 904 530 904 689 905 530 905 528 905 689 906 528 906 690 906 690 907 528 907 526 907 690 908 526 908 524 908 690 909 524 909 691 909 691 910 524 910 522 910 691 911 522 911 520 911 691 912 520 912 692 912 692 913 520 913 518 913 692 914 518 914 516 914 692 915 516 915 514 915 692 916 514 916 693 916 693 917 514 917 512 917 693 918 512 918 510 918 693 919 510 919 694 919 694 920 510 920 508 920 694 921 508 921 506 921 694 922 506 922 695 922 695 923 506 923 504 923 695 924 504 924 502 924 695 925 502 925 696 925 696 926 502 926 500 926 696 927 500 927 498 927 696 928 498 928 496 928 696 929 496 929 697 929 697 930 496 930 494 930 697 931 494 931 492 931 697 932 492 932 698 932 698 933 492 933 490 933 698 934 490 934 488 934 698 935 488 935 699 935 699 936 488 936 486 936 699 937 486 937 484 937 699 938 484 938 700 938 700 939 484 939 482 939 700 940 482 940 481 940 189 941 672 941 701 941 701 942 672 942 673 942 189 943 701 943 605 943 605 944 701 944 673 944 186 945 605 945 702 945 702 946 605 946 673 946 186 947 702 947 703 947 703 948 702 948 673 948 703 949 673 949 704 949 704 950 673 950 705 950 705 951 673 951 674 951 705 952 674 952 706 952 706 953 674 953 675 953 706 954 675 954 707 954 707 955 675 955 708 955 708 956 675 956 676 956 708 957 676 957 709 957 709 958 676 958 710 958 710 959 676 959 677 959 710 960 677 960 711 960 711 961 677 961 712 961 712 962 677 962 713 962 713 963 677 963 678 963 713 964 678 964 714 964 714 965 678 965 715 965 715 966 678 966 679 966 715 967 679 967 716 967 716 968 679 968 717 968 717 969 679 969 680 969 717 970 680 970 718 970 718 971 680 971 719 971 719 972 680 972 681 972 719 973 681 973 720 973 720 974 681 974 721 974 721 975 681 975 682 975 721 976 682 976 722 976 722 977 682 977 723 977 723 978 682 978 683 978 723 979 683 979 724 979 724 980 683 980 725 980 725 981 683 981 726 981 726 982 683 982 684 982 726 983 684 983 727 983 727 984 684 984 728 984 728 985 684 985 685 985 728 986 685 986 729 986 729 987 685 987 730 987 730 988 685 988 686 988 730 989 686 989 731 989 731 990 686 990 732 990 732 991 686 991 687 991 732 992 687 992 733 992 733 993 687 993 734 993 734 994 687 994 688 994 734 995 688 995 735 995 735 996 688 996 736 996 736 997 688 997 689 997 736 998 689 998 737 998 737 999 689 999 738 999 738 1000 689 1000 739 1000 739 1001 689 1001 690 1001 739 1002 690 1002 740 1002 740 1003 690 1003 741 1003 741 1004 690 1004 691 1004 741 1005 691 1005 742 1005 742 1006 691 1006 743 1006 743 1007 691 1007 692 1007 743 1008 692 1008 744 1008 744 1009 692 1009 745 1009 745 1010 692 1010 746 1010 746 1011 692 1011 693 1011 746 1012 693 1012 747 1012 747 1013 693 1013 748 1013 748 1014 693 1014 694 1014 748 1015 694 1015 749 1015 749 1016 694 1016 750 1016 750 1017 694 1017 695 1017 750 1018 695 1018 751 1018 751 1019 695 1019 752 1019 752 1020 695 1020 696 1020 752 1021 696 1021 753 1021 753 1022 696 1022 754 1022 699 1023 700 1023 755 1023 755 1024 700 1024 756 1024 756 1025 700 1025 757 1025 186 1026 703 1026 704 1026 186 1027 704 1027 758 1027 758 1028 704 1028 705 1028 758 1029 705 1029 759 1029 759 1030 705 1030 706 1030 759 1031 706 1031 707 1031 759 1032 707 1032 760 1032 760 1033 707 1033 708 1033 760 1034 708 1034 709 1034 760 1035 709 1035 710 1035 760 1036 710 1036 761 1036 761 1037 710 1037 711 1037 761 1038 711 1038 712 1038 761 1039 712 1039 713 1039 761 1040 713 1040 762 1040 762 1041 713 1041 714 1041 762 1042 714 1042 715 1042 762 1043 715 1043 763 1043 763 1044 715 1044 716 1044 763 1045 716 1045 717 1045 763 1046 717 1046 764 1046 764 1047 717 1047 718 1047 764 1048 718 1048 719 1048 764 1049 719 1049 765 1049 765 1050 719 1050 720 1050 765 1051 720 1051 721 1051 765 1052 721 1052 722 1052 765 1053 722 1053 766 1053 766 1054 722 1054 723 1054 766 1055 723 1055 724 1055 766 1056 724 1056 767 1056 767 1057 724 1057 725 1057 767 1058 725 1058 726 1058 767 1059 726 1059 768 1059 768 1060 726 1060 727 1060 768 1061 727 1061 728 1061 768 1062 728 1062 729 1062 768 1063 729 1063 730 1063 768 1064 730 1064 731 1064 768 1065 731 1065 769 1065 769 1066 731 1066 732 1066 769 1067 732 1067 733 1067 769 1068 733 1068 606 1068 606 1069 733 1069 734 1069 606 1070 734 1070 607 1070 607 1071 734 1071 735 1071 607 1072 735 1072 609 1072 609 1073 735 1073 736 1073 609 1074 736 1074 611 1074 611 1075 736 1075 737 1075 611 1076 737 1076 614 1076 614 1077 737 1077 738 1077 614 1078 738 1078 612 1078 612 1079 738 1079 739 1079 612 1080 739 1080 621 1080 621 1081 739 1081 740 1081 621 1082 740 1082 619 1082 619 1083 740 1083 741 1083 619 1084 741 1084 617 1084 617 1085 741 1085 742 1085 617 1086 742 1086 626 1086 626 1087 742 1087 743 1087 626 1088 743 1088 624 1088 624 1089 743 1089 744 1089 624 1090 744 1090 632 1090 632 1091 744 1091 745 1091 632 1092 745 1092 630 1092 630 1093 745 1093 746 1093 630 1094 746 1094 628 1094 628 1095 746 1095 747 1095 628 1096 747 1096 637 1096 637 1097 747 1097 748 1097 637 1098 748 1098 635 1098 635 1099 748 1099 749 1099 635 1100 749 1100 642 1100 642 1101 749 1101 750 1101 642 1102 750 1102 640 1102 640 1103 750 1103 751 1103 640 1104 751 1104 648 1104 648 1105 751 1105 752 1105 648 1106 752 1106 646 1106 646 1107 752 1107 753 1107 646 1108 753 1108 644 1108 644 1109 753 1109 754 1109 644 1110 754 1110 653 1110 653 1111 754 1111 696 1111 653 1112 696 1112 651 1112 651 1113 696 1113 697 1113 651 1114 697 1114 657 1114 657 1115 697 1115 655 1115 655 1116 697 1116 698 1116 655 1117 698 1117 664 1117 664 1118 698 1118 662 1118 662 1119 698 1119 699 1119 662 1120 699 1120 660 1120 660 1121 699 1121 669 1121 669 1122 699 1122 755 1122 669 1123 755 1123 667 1123 667 1124 755 1124 756 1124 667 1125 756 1125 770 1125 770 1126 756 1126 757 1126 770 1127 757 1127 771 1127 772 1128 773 1128 771 1128 771 1129 773 1129 774 1129 771 1130 774 1130 770 1130 770 1131 774 1131 667 1131 667 1132 775 1132 668 1132 772 1133 771 1133 776 1133 776 1134 771 1134 757 1134 776 1135 757 1135 777 1135 777 1136 757 1136 700 1136 777 1137 700 1137 778 1137 778 1138 700 1138 779 1138 779 1139 700 1139 780 1139 780 1140 700 1140 781 1140 781 1141 700 1141 481 1141 781 1142 481 1142 782 1142 782 1143 481 1143 480 1143 782 1144 426 1144 781 1144 781 1145 426 1145 780 1145 780 1146 426 1146 779 1146 779 1147 426 1147 778 1147 778 1148 426 1148 777 1148 777 1149 426 1149 776 1149 776 1150 426 1150 772 1150 772 1151 426 1151 122 1151 772 1152 122 1152 783 1152 783 1153 122 1153 121 1153 784 1154 785 1154 786 1154 111 1155 101 1155 787 1155 788 1156 189 1156 309 1156 450 1157 789 1157 451 1157 451 1158 789 1158 446 1158 446 1159 790 1159 452 1159 452 1160 790 1160 209 1160 209 1161 790 1161 791 1161 209 1162 791 1162 207 1162 203 1163 792 1163 200 1163 200 1164 792 1164 793 1164 200 1165 793 1165 423 1165 423 1166 793 1166 422 1166 418 1167 419 1167 417 1167 417 1168 419 1168 282 1168 199 1169 794 1169 197 1169 197 1170 794 1170 194 1170 194 1171 794 1171 195 1171 195 1172 794 1172 301 1172 193 1173 795 1173 192 1173 192 1174 795 1174 190 1174 796 1175 88 1175 87 1175 797 1176 798 1176 794 1176 797 1177 285 1177 799 1177 800 1178 92 1178 799 1178 801 1179 95 1179 93 1179 802 1180 801 1180 93 1180 802 1181 803 1181 804 1181 805 1182 804 1182 803 1182 806 1183 807 1183 808 1183 807 1184 806 1184 809 1184 809 1185 810 1185 807 1185 204 1186 425 1186 784 1186 425 1187 811 1187 784 1187 102 1188 811 1188 425 1188 812 1189 105 1189 108 1189 794 1190 798 1190 813 1190 794 1191 813 1191 814 1191 792 1192 809 1192 793 1192 815 1193 800 1193 285 1193 285 1194 800 1194 799 1194 785 1195 111 1195 786 1195 422 1196 793 1196 816 1196 422 1197 816 1197 421 1197 421 1198 816 1198 420 1198 420 1199 816 1199 817 1199 420 1200 817 1200 419 1200 282 1201 419 1201 815 1201 282 1202 815 1202 285 1202 290 1203 285 1203 797 1203 290 1204 797 1204 293 1204 293 1205 797 1205 794 1205 293 1206 794 1206 199 1206 794 1207 814 1207 301 1207 301 1208 814 1208 193 1208 193 1209 814 1209 795 1209 795 1210 788 1210 190 1210 190 1211 788 1211 309 1211 786 1212 792 1212 424 1212 789 1213 818 1213 819 1213 204 1214 784 1214 786 1214 204 1215 786 1215 205 1215 205 1216 786 1216 424 1216 203 1217 424 1217 792 1217 446 1218 789 1218 790 1218 791 1219 820 1219 207 1219 207 1220 820 1220 425 1220 425 1221 820 1221 102 1221 789 1222 819 1222 790 1222 790 1223 819 1223 791 1223 102 1224 820 1224 103 1224 818 1225 821 1225 822 1225 818 1226 822 1226 819 1226 819 1227 822 1227 823 1227 819 1228 823 1228 824 1228 820 1229 824 1229 812 1229 820 1230 812 1230 103 1230 103 1231 812 1231 108 1231 88 1232 796 1232 813 1232 813 1233 796 1233 825 1233 813 1234 825 1234 826 1234 826 1235 825 1235 827 1235 826 1236 827 1236 828 1236 828 1237 827 1237 829 1237 828 1238 829 1238 830 1238 830 1239 829 1239 831 1239 830 1240 831 1240 832 1240 90 1241 88 1241 813 1241 798 1242 90 1242 813 1242 813 1243 826 1243 814 1243 814 1244 826 1244 828 1244 814 1245 828 1245 795 1245 795 1246 828 1246 830 1246 795 1247 830 1247 788 1247 788 1248 830 1248 833 1248 833 1249 830 1249 832 1249 800 1250 803 1250 802 1250 800 1251 802 1251 93 1251 101 1252 100 1252 787 1252 787 1253 100 1253 834 1253 787 1254 834 1254 809 1254 809 1255 834 1255 810 1255 806 1256 808 1256 816 1256 816 1257 808 1257 835 1257 816 1258 835 1258 817 1258 817 1259 835 1259 805 1259 817 1260 805 1260 836 1260 836 1261 805 1261 803 1261 791 1262 819 1262 824 1262 791 1263 824 1263 820 1263 786 1264 111 1264 787 1264 786 1265 787 1265 792 1265 792 1266 787 1266 809 1266 793 1267 809 1267 806 1267 793 1268 806 1268 816 1268 419 1269 817 1269 836 1269 419 1270 836 1270 815 1270 815 1271 836 1271 803 1271 815 1272 803 1272 800 1272 92 1273 800 1273 93 1273 837 1274 87 1274 98 1274 100 1275 109 1275 838 1275 464 1276 839 1276 465 1276 471 1277 470 1277 840 1277 841 1278 457 1278 842 1278 843 1279 844 1279 455 1279 843 1280 455 1280 454 1280 845 1281 841 1281 842 1281 846 1282 847 1282 848 1282 846 1283 849 1283 850 1283 851 1284 852 1284 850 1284 851 1285 853 1285 852 1285 854 1286 855 1286 853 1286 854 1287 856 1287 855 1287 840 1288 857 1288 856 1288 840 1289 856 1289 854 1289 467 1290 857 1290 468 1290 468 1291 857 1291 470 1291 858 1292 471 1292 859 1292 858 1293 860 1293 861 1293 858 1294 859 1294 860 1294 474 1295 861 1295 860 1295 477 1296 862 1296 479 1296 862 1297 477 1297 863 1297 862 1298 863 1298 864 1298 865 1299 832 1299 831 1299 604 1300 189 1300 602 1300 602 1301 189 1301 866 1301 602 1302 866 1302 600 1302 600 1303 866 1303 598 1303 598 1304 866 1304 596 1304 596 1305 866 1305 594 1305 594 1306 866 1306 867 1306 594 1307 867 1307 592 1307 592 1308 867 1308 590 1308 590 1309 867 1309 588 1309 588 1310 867 1310 586 1310 586 1311 867 1311 860 1311 586 1312 860 1312 584 1312 584 1313 860 1313 582 1313 582 1314 860 1314 580 1314 580 1315 860 1315 578 1315 578 1316 860 1316 576 1316 569 1317 571 1317 572 1317 860 1318 572 1318 574 1318 860 1319 574 1319 576 1319 868 1320 525 1320 527 1320 868 1321 527 1321 529 1321 868 1322 529 1322 869 1322 869 1323 529 1323 531 1323 869 1324 531 1324 533 1324 869 1325 533 1325 535 1325 869 1326 535 1326 537 1326 869 1327 537 1327 870 1327 870 1328 537 1328 539 1328 870 1329 539 1329 541 1329 870 1330 541 1330 871 1330 871 1331 541 1331 543 1331 871 1332 543 1332 545 1332 871 1333 545 1333 547 1333 871 1334 547 1334 549 1334 871 1335 549 1335 551 1335 871 1336 551 1336 872 1336 872 1337 551 1337 553 1337 872 1338 553 1338 555 1338 872 1339 555 1339 557 1339 872 1340 557 1340 559 1340 872 1341 559 1341 873 1341 873 1342 559 1342 561 1342 873 1343 561 1343 563 1343 873 1344 563 1344 565 1344 873 1345 565 1345 567 1345 873 1346 567 1346 859 1346 859 1347 567 1347 569 1347 859 1348 569 1348 572 1348 868 1349 521 1349 523 1349 868 1350 523 1350 525 1350 519 1351 874 1351 517 1351 517 1352 874 1352 515 1352 515 1353 874 1353 875 1353 515 1354 875 1354 513 1354 513 1355 875 1355 511 1355 511 1356 875 1356 876 1356 511 1357 876 1357 509 1357 509 1358 876 1358 842 1358 509 1359 842 1359 507 1359 507 1360 842 1360 505 1360 505 1361 842 1361 503 1361 503 1362 842 1362 877 1362 503 1363 877 1363 501 1363 501 1364 877 1364 499 1364 499 1365 877 1365 497 1365 497 1366 877 1366 495 1366 495 1367 877 1367 878 1367 495 1368 878 1368 493 1368 493 1369 878 1369 491 1369 491 1370 878 1370 489 1370 489 1371 878 1371 487 1371 487 1372 878 1372 485 1372 485 1373 878 1373 450 1373 485 1374 450 1374 483 1374 483 1375 450 1375 480 1375 480 1376 450 1376 782 1376 426 1377 782 1377 450 1377 879 1378 878 1378 880 1378 880 1379 878 1379 877 1379 880 1380 877 1380 842 1380 881 1381 818 1381 450 1381 881 1382 450 1382 879 1382 879 1383 450 1383 878 1383 844 1384 880 1384 842 1384 844 1385 842 1385 457 1385 821 1386 818 1386 881 1386 455 1387 844 1387 457 1387 821 1388 881 1388 882 1388 882 1389 881 1389 879 1389 882 1390 879 1390 883 1390 883 1391 879 1391 880 1391 883 1392 880 1392 843 1392 843 1393 880 1393 844 1393 818 1394 789 1394 450 1394 845 1395 842 1395 876 1395 884 1396 875 1396 868 1396 868 1397 875 1397 874 1397 868 1398 874 1398 521 1398 521 1399 874 1399 519 1399 460 1400 459 1400 885 1400 885 1401 868 1401 848 1401 886 1402 849 1402 870 1402 886 1403 870 1403 871 1403 886 1404 871 1404 887 1404 840 1405 859 1405 471 1405 462 1406 460 1406 885 1406 851 1407 886 1407 887 1407 851 1408 887 1408 853 1408 853 1409 887 1409 854 1409 854 1410 887 1410 888 1410 854 1411 888 1411 840 1411 840 1412 888 1412 859 1412 464 1413 462 1413 889 1413 889 1414 462 1414 885 1414 889 1415 885 1415 847 1415 847 1416 885 1416 848 1416 846 1417 848 1417 890 1417 846 1418 890 1418 849 1418 850 1419 849 1419 886 1419 850 1420 886 1420 851 1420 857 1421 840 1421 470 1421 885 1422 459 1422 868 1422 848 1423 868 1423 869 1423 848 1424 869 1424 890 1424 890 1425 869 1425 849 1425 849 1426 869 1426 870 1426 887 1427 871 1427 872 1427 887 1428 872 1428 888 1428 888 1429 872 1429 873 1429 888 1430 873 1430 859 1430 459 1431 884 1431 868 1431 860 1432 859 1432 572 1432 788 1433 866 1433 189 1433 474 1434 860 1434 891 1434 891 1435 860 1435 892 1435 892 1436 860 1436 867 1436 892 1437 867 1437 893 1437 893 1438 867 1438 866 1438 893 1439 866 1439 788 1439 893 1440 788 1440 833 1440 475 1441 474 1441 891 1441 477 1442 475 1442 891 1442 477 1443 891 1443 863 1443 863 1444 891 1444 892 1444 863 1445 892 1445 894 1445 894 1446 892 1446 893 1446 894 1447 893 1447 865 1447 865 1448 893 1448 832 1448 832 1449 893 1449 833 1449 864 1450 863 1450 894 1450 864 1451 894 1451 895 1451 895 1452 894 1452 865 1452 896 1453 838 1453 106 1453 105 1454 897 1454 896 1454 105 1455 896 1455 106 1455 896 1456 100 1456 838 1456 100 1457 896 1457 834 1457 834 1458 896 1458 898 1458 834 1459 898 1459 810 1459 810 1460 898 1460 899 1460 810 1461 899 1461 807 1461 807 1462 899 1462 900 1462 807 1463 900 1463 901 1463 807 1464 901 1464 808 1464 808 1465 901 1465 902 1465 808 1466 902 1466 835 1466 903 1467 804 1467 902 1467 902 1468 804 1468 805 1468 902 1469 805 1469 835 1469 904 1470 802 1470 903 1470 903 1471 802 1471 804 1471 904 1472 801 1472 802 1472 97 1473 95 1473 905 1473 905 1474 95 1474 906 1474 906 1475 95 1475 904 1475 904 1476 95 1476 801 1476 87 1477 837 1477 906 1477 906 1478 837 1478 905 1478 796 1479 87 1479 906 1479 796 1480 906 1480 907 1480 796 1481 907 1481 825 1481 907 1482 827 1482 825 1482 829 1483 827 1483 908 1483 908 1484 827 1484 907 1484 829 1485 908 1485 831 1485 831 1486 908 1486 909 1486 897 1487 105 1487 812 1487 897 1488 812 1488 910 1488 910 1489 812 1489 911 1489 911 1490 812 1490 824 1490 911 1491 824 1491 912 1491 912 1492 824 1492 823 1492 912 1493 823 1493 913 1493 823 1494 822 1494 913 1494 913 1495 822 1495 914 1495 914 1496 822 1496 915 1496 915 1497 822 1497 821 1497 230 1498 916 1498 225 1498 917 1499 918 1499 919 1499 242 1500 920 1500 237 1500 237 1501 920 1501 230 1501 921 1502 638 1502 922 1502 649 1503 654 1503 923 1503 924 1504 925 1504 926 1504 927 1505 865 1505 909 1505 909 1506 865 1506 831 1506 927 1507 895 1507 865 1507 895 1508 927 1508 864 1508 864 1509 927 1509 928 1509 929 1510 862 1510 928 1510 928 1511 862 1511 864 1511 929 1512 479 1512 862 1512 466 1513 930 1513 929 1513 929 1514 930 1514 931 1514 929 1515 931 1515 479 1515 929 1516 467 1516 466 1516 932 1517 856 1517 857 1517 932 1518 857 1518 467 1518 932 1519 467 1519 929 1519 932 1520 933 1520 856 1520 856 1521 933 1521 855 1521 855 1522 933 1522 853 1522 853 1523 933 1523 934 1523 853 1524 934 1524 852 1524 852 1525 934 1525 935 1525 852 1526 935 1526 850 1526 850 1527 935 1527 846 1527 846 1528 935 1528 936 1528 846 1529 936 1529 937 1529 846 1530 937 1530 847 1530 938 1531 847 1531 937 1531 464 1532 939 1532 839 1532 847 1533 938 1533 940 1533 847 1534 940 1534 889 1534 889 1535 940 1535 939 1535 889 1536 939 1536 464 1536 939 1537 454 1537 453 1537 839 1538 939 1538 941 1538 941 1539 939 1539 453 1539 942 1540 843 1540 939 1540 939 1541 843 1541 454 1541 843 1542 942 1542 943 1542 843 1543 943 1543 883 1543 944 1544 883 1544 943 1544 944 1545 882 1545 883 1545 945 1546 821 1546 882 1546 945 1547 882 1547 944 1547 821 1548 945 1548 946 1548 821 1549 946 1549 915 1549 911 1550 912 1550 947 1550 911 1551 947 1551 910 1551 897 1552 910 1552 948 1552 949 1553 901 1553 950 1553 950 1554 901 1554 900 1554 951 1555 904 1555 903 1555 951 1556 903 1556 952 1556 952 1557 903 1557 902 1557 952 1558 902 1558 953 1558 953 1559 902 1559 949 1559 949 1560 902 1560 901 1560 906 1561 954 1561 907 1561 918 1562 955 1562 919 1562 919 1563 955 1563 956 1563 957 1564 958 1564 959 1564 960 1565 961 1565 962 1565 960 1566 962 1566 963 1566 963 1567 957 1567 959 1567 961 1568 960 1568 964 1568 965 1569 966 1569 967 1569 965 1570 967 1570 968 1570 968 1571 967 1571 969 1571 968 1572 969 1572 970 1572 970 1573 969 1573 971 1573 972 1574 230 1574 920 1574 972 1575 916 1575 230 1575 916 1576 973 1576 974 1576 974 1577 973 1577 975 1577 915 1578 976 1578 977 1578 971 1579 969 1579 978 1579 971 1580 978 1580 979 1580 979 1581 978 1581 980 1581 980 1582 978 1582 981 1582 980 1583 981 1583 253 1583 253 1584 981 1584 982 1584 253 1585 982 1585 242 1585 242 1586 982 1586 983 1586 242 1587 983 1587 920 1587 920 1588 983 1588 972 1588 972 1589 984 1589 916 1589 916 1590 984 1590 973 1590 967 1591 966 1591 985 1591 985 1592 966 1592 986 1592 985 1593 986 1593 987 1593 987 1594 986 1594 964 1594 987 1595 964 1595 960 1595 960 1596 963 1596 988 1596 988 1597 963 1597 959 1597 959 1598 958 1598 955 1598 955 1599 958 1599 956 1599 955 1600 918 1600 989 1600 976 1601 973 1601 977 1601 977 1602 973 1602 984 1602 984 1603 972 1603 947 1603 947 1604 972 1604 983 1604 947 1605 983 1605 948 1605 948 1606 983 1606 982 1606 948 1607 982 1607 981 1607 990 1608 981 1608 978 1608 990 1609 978 1609 950 1609 950 1610 978 1610 969 1610 950 1611 969 1611 949 1611 949 1612 969 1612 967 1612 949 1613 967 1613 991 1613 991 1614 967 1614 985 1614 987 1615 960 1615 992 1615 992 1616 960 1616 988 1616 988 1617 959 1617 993 1617 993 1618 959 1618 955 1618 993 1619 955 1619 994 1619 994 1620 955 1620 989 1620 985 1621 987 1621 951 1621 951 1622 987 1622 992 1622 954 1623 988 1623 993 1623 994 1624 989 1624 995 1624 915 1625 977 1625 914 1625 914 1626 977 1626 913 1626 913 1627 977 1627 984 1627 913 1628 984 1628 912 1628 912 1629 984 1629 947 1629 910 1630 947 1630 948 1630 948 1631 981 1631 898 1631 898 1632 981 1632 990 1632 900 1633 990 1633 950 1633 949 1634 991 1634 953 1634 953 1635 991 1635 985 1635 953 1636 985 1636 952 1636 952 1637 985 1637 951 1637 992 1638 988 1638 954 1638 897 1639 948 1639 896 1639 896 1640 948 1640 898 1640 898 1641 990 1641 899 1641 899 1642 990 1642 900 1642 904 1643 951 1643 992 1643 904 1644 992 1644 906 1644 906 1645 992 1645 954 1645 907 1646 954 1646 993 1646 907 1647 993 1647 908 1647 908 1648 993 1648 994 1648 908 1649 994 1649 909 1649 909 1650 994 1650 995 1650 996 1651 937 1651 936 1651 938 1652 997 1652 940 1652 942 1653 998 1653 999 1653 942 1654 999 1654 1000 1654 1000 1655 943 1655 942 1655 943 1656 1000 1656 944 1656 975 1657 1001 1657 1002 1657 1002 1658 1001 1658 670 1658 670 1659 1001 1659 1003 1659 670 1660 1003 1660 665 1660 665 1661 1003 1661 923 1661 1004 1662 1005 1662 1006 1662 1006 1663 1005 1663 918 1663 995 1664 927 1664 909 1664 1007 1665 928 1665 927 1665 936 1666 935 1666 1008 1666 1008 1667 935 1667 934 1667 1009 1668 934 1668 933 1668 1009 1669 933 1669 1010 1669 1010 1670 933 1670 932 1670 1011 1671 932 1671 929 1671 1011 1672 929 1672 1012 1672 1012 1673 929 1673 928 1673 1004 1674 1013 1674 1014 1674 1014 1675 1013 1675 1015 1675 1016 1676 924 1676 926 1676 1016 1677 926 1677 1017 1677 1016 1678 1017 1678 1018 1678 1018 1679 1017 1679 1019 1679 1018 1680 1019 1680 1020 1680 1020 1681 1019 1681 1021 1681 1020 1682 1021 1682 1022 1682 1020 1683 1022 1683 1023 1683 1023 1684 1022 1684 1024 1684 1023 1685 1024 1685 1025 1685 1025 1686 1024 1686 1026 1686 1025 1687 1026 1687 921 1687 1025 1688 921 1688 1027 1688 1027 1689 921 1689 922 1689 1027 1690 922 1690 1028 1690 1028 1691 922 1691 649 1691 1028 1692 649 1692 1029 1692 1029 1693 649 1693 923 1693 1029 1694 923 1694 1003 1694 1001 1695 975 1695 973 1695 1030 1696 989 1696 1005 1696 1030 1697 1005 1697 1031 1697 1031 1698 1005 1698 1014 1698 1031 1699 1014 1699 1032 1699 1032 1700 1014 1700 1033 1700 1009 1701 1016 1701 1018 1701 1009 1702 1018 1702 1034 1702 1034 1703 1018 1703 1020 1703 1034 1704 1020 1704 1035 1704 1035 1705 1020 1705 1023 1705 996 1706 1023 1706 1025 1706 1025 1707 1027 1707 997 1707 997 1708 1027 1708 1028 1708 997 1709 1028 1709 998 1709 998 1710 1028 1710 999 1710 999 1711 1028 1711 1029 1711 999 1712 1029 1712 1000 1712 1000 1713 1029 1713 1003 1713 1000 1714 1003 1714 1036 1714 1036 1715 1003 1715 1001 1715 1036 1716 1001 1716 976 1716 976 1717 1001 1717 973 1717 989 1718 918 1718 1005 1718 1005 1719 1004 1719 1014 1719 1033 1720 1014 1720 1015 1720 1033 1721 1015 1721 1037 1721 1033 1722 1037 1722 1038 1722 1038 1723 1037 1723 924 1723 1038 1724 924 1724 1016 1724 995 1725 1030 1725 1031 1725 1007 1726 1031 1726 1032 1726 1007 1727 1032 1727 1012 1727 1009 1728 1034 1728 934 1728 934 1729 1034 1729 1008 1729 1008 1730 1034 1730 1035 1730 1008 1731 1035 1731 936 1731 936 1732 1035 1732 996 1732 944 1733 1000 1733 1036 1733 944 1734 1036 1734 945 1734 945 1735 1036 1735 946 1735 946 1736 1036 1736 976 1736 946 1737 976 1737 915 1737 927 1738 995 1738 1031 1738 927 1739 1031 1739 1007 1739 928 1740 1007 1740 1012 1740 932 1741 1011 1741 1010 1741 937 1742 996 1742 1039 1742 937 1743 1039 1743 938 1743 938 1744 1039 1744 997 1744 940 1745 997 1745 998 1745 940 1746 998 1746 939 1746 939 1747 998 1747 942 1747 995 1748 989 1748 1030 1748 1032 1749 1033 1749 1012 1749 1012 1750 1033 1750 1038 1750 1012 1751 1038 1751 1011 1751 1011 1752 1038 1752 1016 1752 1011 1753 1016 1753 1010 1753 1010 1754 1016 1754 1009 1754 1035 1755 1023 1755 996 1755 996 1756 1025 1756 1039 1756 1039 1757 1025 1757 997 1757 28 1758 3 1758 0 1758 30 1759 3 1759 28 1759 3 1760 30 1760 4 1760 30 1761 33 1761 4 1761 4 1762 33 1762 1 1762 1 1763 33 1763 36 1763 36 1764 2 1764 1 1764 2 1765 36 1765 25 1765 25 1766 22 1766 2 1766 2 1767 22 1767 0 1767 28 1768 0 1768 22 1768 10 1769 47 1769 49 1769 10 1770 49 1770 5 1770 5 1771 49 1771 52 1771 5 1772 52 1772 6 1772 52 1773 8 1773 6 1773 8 1774 52 1774 41 1774 41 1775 7 1775 8 1775 44 1776 7 1776 41 1776 44 1777 9 1777 7 1777 47 1778 9 1778 44 1778 9 1779 47 1779 10 1779 15 1780 61 1780 64 1780 15 1781 64 1781 14 1781 64 1782 67 1782 11 1782 64 1783 11 1783 14 1783 54 1784 11 1784 67 1784 54 1785 12 1785 11 1785 57 1786 12 1786 54 1786 57 1787 13 1787 12 1787 61 1788 13 1788 57 1788 61 1789 15 1789 13 1789 75 1790 17 1790 19 1790 77 1791 17 1791 75 1791 77 1792 18 1792 17 1792 18 1793 77 1793 80 1793 18 1794 80 1794 16 1794 16 1795 80 1795 83 1795 16 1796 83 1796 20 1796 20 1797 83 1797 69 1797 20 1798 69 1798 21 1798 73 1799 19 1799 69 1799 69 1800 19 1800 21 1800 75 1801 19 1801 73 1801 1040 1802 837 1802 98 1802 29 1803 837 1803 1040 1803 27 1804 97 1804 905 1804 27 1805 905 1805 29 1805 29 1806 905 1806 837 1806 24 1807 96 1807 27 1807 27 1808 96 1808 97 1808 24 1809 94 1809 96 1809 23 1810 94 1810 24 1810 23 1811 92 1811 94 1811 92 1812 23 1812 799 1812 799 1813 23 1813 26 1813 797 1814 799 1814 38 1814 38 1815 799 1815 26 1815 37 1816 797 1816 38 1816 798 1817 797 1817 37 1817 37 1818 35 1818 90 1818 90 1819 798 1819 37 1819 34 1820 90 1820 35 1820 34 1821 91 1821 90 1821 32 1822 91 1822 34 1822 31 1823 89 1823 32 1823 32 1824 89 1824 91 1824 1040 1825 98 1825 31 1825 31 1826 98 1826 89 1826 99 1827 110 1827 48 1827 46 1828 109 1828 48 1828 46 1829 838 1829 109 1829 838 1830 46 1830 45 1830 45 1831 106 1831 838 1831 45 1832 107 1832 106 1832 107 1833 45 1833 43 1833 43 1834 108 1834 107 1834 108 1835 43 1835 103 1835 103 1836 43 1836 42 1836 103 1837 42 1837 104 1837 40 1838 104 1838 42 1838 40 1839 102 1839 104 1839 39 1840 102 1840 40 1840 39 1841 811 1841 102 1841 811 1842 39 1842 53 1842 811 1843 53 1843 784 1843 784 1844 53 1844 51 1844 85 1845 785 1845 51 1845 51 1846 785 1846 784 1846 85 1847 111 1847 785 1847 50 1848 111 1848 85 1848 50 1849 110 1849 111 1849 48 1850 110 1850 50 1850 109 1851 99 1851 48 1851 60 1852 841 1852 62 1852 60 1853 457 1853 841 1853 60 1854 458 1854 457 1854 59 1855 456 1855 458 1855 60 1856 59 1856 458 1856 58 1857 453 1857 59 1857 59 1858 453 1858 456 1858 58 1859 941 1859 453 1859 56 1860 941 1860 58 1860 56 1861 839 1861 941 1861 55 1862 463 1862 465 1862 55 1863 465 1863 56 1863 56 1864 465 1864 839 1864 463 1865 68 1865 460 1865 463 1866 55 1866 68 1866 461 1867 460 1867 68 1867 461 1868 68 1868 66 1868 66 1869 459 1869 461 1869 66 1870 884 1870 459 1870 884 1871 66 1871 86 1871 884 1872 86 1872 875 1872 876 1873 875 1873 65 1873 65 1874 875 1874 86 1874 845 1875 876 1875 63 1875 63 1876 876 1876 65 1876 62 1877 841 1877 845 1877 62 1878 845 1878 63 1878 71 1879 70 1879 471 1879 81 1880 466 1880 82 1880 81 1881 930 1881 466 1881 931 1882 930 1882 81 1882 931 1883 79 1883 479 1883 79 1884 931 1884 81 1884 476 1885 479 1885 78 1885 78 1886 479 1886 79 1886 1041 1887 476 1887 78 1887 1041 1888 478 1888 476 1888 478 1889 1041 1889 76 1889 76 1890 473 1890 478 1890 74 1891 474 1891 76 1891 76 1892 474 1892 473 1892 474 1893 74 1893 861 1893 861 1894 74 1894 72 1894 71 1895 861 1895 72 1895 71 1896 858 1896 861 1896 71 1897 471 1897 858 1897 84 1898 469 1898 70 1898 70 1899 469 1899 471 1899 470 1900 469 1900 84 1900 470 1901 84 1901 472 1901 82 1902 472 1902 84 1902 82 1903 466 1903 472 1903 253 1904 251 1904 980 1904 980 1905 251 1905 249 1905 980 1906 249 1906 258 1906 980 1907 258 1907 257 1907 980 1908 257 1908 255 1908 980 1909 255 1909 979 1909 979 1910 255 1910 264 1910 979 1911 264 1911 263 1911 979 1912 263 1912 262 1912 979 1913 262 1913 971 1913 971 1914 262 1914 260 1914 971 1915 260 1915 259 1915 971 1916 259 1916 268 1916 971 1917 268 1917 970 1917 970 1918 268 1918 266 1918 970 1919 266 1919 273 1919 970 1920 273 1920 272 1920 970 1921 272 1921 270 1921 970 1922 270 1922 280 1922 970 1923 280 1923 968 1923 280 1924 279 1924 968 1924 968 1925 279 1925 277 1925 968 1926 277 1926 275 1926 968 1927 275 1927 274 1927 968 1928 274 1928 124 1928 968 1929 124 1929 965 1929 965 1930 124 1930 127 1930 965 1931 127 1931 129 1931 965 1932 129 1932 128 1932 965 1933 128 1933 966 1933 966 1934 128 1934 131 1934 131 1935 132 1935 966 1935 966 1936 132 1936 133 1936 966 1937 133 1937 135 1937 966 1938 135 1938 986 1938 986 1939 135 1939 137 1939 986 1940 137 1940 139 1940 986 1941 139 1941 138 1941 986 1942 138 1942 964 1942 964 1943 138 1943 141 1943 964 1944 141 1944 143 1944 964 1945 143 1945 144 1945 964 1946 144 1946 145 1946 964 1947 145 1947 961 1947 961 1948 145 1948 147 1948 961 1949 147 1949 148 1949 961 1950 148 1950 962 1950 962 1951 148 1951 150 1951 962 1952 150 1952 152 1952 962 1953 152 1953 153 1953 962 1954 153 1954 154 1954 962 1955 154 1955 156 1955 962 1956 156 1956 963 1956 963 1957 156 1957 157 1957 963 1958 157 1958 159 1958 166 1959 958 1959 164 1959 159 1960 161 1960 963 1960 963 1961 161 1961 163 1961 963 1962 163 1962 957 1962 957 1963 163 1963 164 1963 957 1964 164 1964 958 1964 956 1965 180 1965 181 1965 956 1966 181 1966 919 1966 166 1967 168 1967 958 1967 958 1968 168 1968 169 1968 958 1969 169 1969 171 1969 958 1970 171 1970 173 1970 958 1971 173 1971 956 1971 956 1972 173 1972 174 1972 956 1973 174 1973 176 1973 956 1974 176 1974 178 1974 956 1975 178 1975 180 1975 186 1976 917 1976 187 1976 187 1977 917 1977 919 1977 187 1978 919 1978 184 1978 184 1979 919 1979 185 1979 185 1980 919 1980 183 1980 183 1981 919 1981 181 1981 759 1982 1006 1982 918 1982 759 1983 918 1983 758 1983 758 1984 918 1984 917 1984 758 1985 917 1985 186 1985 762 1986 1013 1986 761 1986 1013 1987 1004 1987 761 1987 761 1988 1004 1988 760 1988 760 1989 1004 1989 1006 1989 760 1990 1006 1990 759 1990 766 1991 925 1991 765 1991 765 1992 925 1992 924 1992 765 1993 924 1993 1037 1993 765 1994 1037 1994 764 1994 764 1995 1037 1995 1015 1995 764 1996 1015 1996 763 1996 763 1997 1015 1997 762 1997 762 1998 1015 1998 1013 1998 768 1999 1017 1999 926 1999 768 2000 926 2000 767 2000 767 2001 926 2001 925 2001 767 2002 925 2002 766 2002 1017 2003 768 2003 1019 2003 1019 2004 768 2004 769 2004 1019 2005 769 2005 606 2005 1019 2006 606 2006 1021 2006 1021 2007 606 2007 608 2007 1021 2008 608 2008 610 2008 1021 2009 610 2009 616 2009 1021 2010 616 2010 1022 2010 1022 2011 616 2011 615 2011 1022 2012 615 2012 613 2012 1022 2013 613 2013 623 2013 1022 2014 623 2014 1024 2014 623 2015 622 2015 1024 2015 1024 2016 622 2016 620 2016 1024 2017 620 2017 618 2017 1024 2018 618 2018 1026 2018 1026 2019 618 2019 627 2019 1026 2020 627 2020 617 2020 1026 2021 617 2021 625 2021 1026 2022 625 2022 634 2022 1026 2023 634 2023 921 2023 921 2024 634 2024 633 2024 921 2025 633 2025 631 2025 921 2026 631 2026 629 2026 921 2027 629 2027 638 2027 629 2028 639 2028 638 2028 922 2029 638 2029 636 2029 922 2030 636 2030 643 2030 922 2031 643 2031 642 2031 922 2032 642 2032 649 2032 649 2033 642 2033 641 2033 649 2034 641 2034 650 2034 649 2035 647 2035 654 2035 654 2036 647 2036 645 2036 654 2037 645 2037 644 2037 923 2038 654 2038 652 2038 923 2039 652 2039 659 2039 923 2040 659 2040 658 2040 923 2041 658 2041 665 2041 665 2042 658 2042 656 2042 665 2043 656 2043 666 2043 665 2044 663 2044 661 2044 665 2045 661 2045 670 2045 670 2046 661 2046 671 2046 670 2047 668 2047 1002 2047 1002 2048 668 2048 775 2048 1002 2049 775 2049 667 2049 1002 2050 667 2050 774 2050 1002 2051 774 2051 975 2051 975 2052 774 2052 773 2052 975 2053 773 2053 772 2053 975 2054 772 2054 783 2054 975 2055 783 2055 974 2055 974 2056 783 2056 121 2056 974 2057 121 2057 214 2057 974 2058 214 2058 123 2058 974 2059 123 2059 212 2059 974 2060 212 2060 219 2060 974 2061 219 2061 218 2061 974 2062 218 2062 916 2062 916 2063 218 2063 216 2063 916 2064 216 2064 226 2064 916 2065 226 2065 225 2065 225 2066 223 2066 230 2066 230 2067 223 2067 221 2067 230 2068 221 2068 231 2068 230 2069 229 2069 228 2069 230 2070 228 2070 227 2070 230 2071 227 2071 237 2071 237 2072 227 2072 118 2072 237 2073 118 2073 238 2073 237 2074 235 2074 233 2074 237 2075 233 2075 242 2075 242 2076 233 2076 243 2076 242 2077 240 2077 247 2077 242 2078 247 2078 253 2078 253 2079 247 2079 239 2079 253 2080 239 2080 245 2080 253 2081 245 2081 244 2081 31 2082 29 2082 1040 2082 76 2083 1041 2083 78 2083 1042 2084 1043 2084 1044 2084 1042 2085 1045 2085 1046 2085 1047 2086 1048 2086 1049 2086 1048 2087 1047 2087 1050 2087 1051 2088 1050 2088 1047 2088 1052 2089 1051 2089 1047 2089 1053 2090 1054 2090 1055 2090 1055 2091 1056 2091 1053 2091 1042 2092 1044 2092 1055 2092 1055 2093 1044 2093 1057 2093 1058 2094 1059 2094 1049 2094 1049 2095 1059 2095 1060 2095 1049 2096 1060 2096 1047 2096 1058 2097 1061 2097 1059 2097 1047 2098 1060 2098 1062 2098 1047 2099 1062 2099 1052 2099 1052 2100 1062 2100 1063 2100 1054 2101 1063 2101 1062 2101 1064 2102 1062 2102 1060 2102 1064 2103 1060 2103 1065 2103 1065 2104 1060 2104 1059 2104 1065 2105 1059 2105 1061 2105 1066 2106 1067 2106 1065 2106 1065 2107 1067 2107 1045 2107 1061 2108 1066 2108 1065 2108 1062 2109 1064 2109 1055 2109 1062 2110 1055 2110 1054 2110 1065 2111 1045 2111 1042 2111 1065 2112 1042 2112 1064 2112 1064 2113 1042 2113 1055 2113 1042 2114 1046 2114 1043 2114 1055 2115 1057 2115 1056 2115 1068 2116 1069 2116 1070 2116 1068 2116 1071 2116 1069 2116 1068 2116 1072 2116 1071 2116 1073 2116 1074 2116 1075 2116 1073 2116 1076 2116 1074 2116 1073 2116 1077 2116 1076 2116 1078 2116 1079 2116 1080 2116 1078 2116 1081 2116 1079 2116 1078 2116 1082 2116 1081 2116 1078 2116 1080 2116 1083 2116 1084 2116 1085 2116 1086 2116 1084 2116 1087 2116 1085 2116 1084 2116 1088 2116 1087 2116 1044 2117 1089 2117 1090 2117 1043 2118 1091 2118 1089 2118 1092 2119 1093 2119 1046 2119 1046 2120 1093 2120 1043 2120 1045 2121 1092 2121 1046 2121 1045 2122 1094 2122 1092 2122 1095 2123 1096 2123 1097 2123 1098 2124 1099 2124 1100 2124 1100 2125 1099 2125 1101 2125 1102 2126 1103 2126 1104 2126 1104 2127 1105 2127 1102 2127 1105 2128 1104 2128 1106 2128 1107 2129 1108 2129 1109 2129 1107 2130 1109 2130 1110 2130 1111 2131 1108 2131 1107 2131 1048 2132 1112 2132 1049 2132 1049 2133 1112 2133 1113 2133 1049 2134 1113 2134 1058 2134 1114 2135 1066 2135 1061 2135 1114 2136 1061 2136 1099 2136 1099 2137 1061 2137 1058 2137 1099 2138 1058 2138 1115 2138 1115 2139 1058 2139 1113 2139 1116 2140 1113 2140 1112 2140 1066 2141 1095 2141 1067 2141 1044 2142 1043 2142 1089 2142 1093 2143 1091 2143 1043 2143 1096 2144 1095 2144 1117 2144 1117 2145 1095 2145 1118 2145 1118 2146 1095 2146 1114 2146 1094 2147 1045 2147 1119 2147 1119 2148 1045 2148 1067 2148 1119 2149 1067 2149 1097 2149 1097 2150 1067 2150 1095 2150 1114 2151 1095 2151 1066 2151 1106 2152 1104 2152 1113 2152 1106 2153 1113 2153 1116 2153 1116 2154 1107 2154 1110 2154 1116 2155 1110 2155 1106 2155 1104 2156 1103 2156 1115 2156 1115 2157 1103 2157 1120 2157 1115 2158 1120 2158 1099 2158 1099 2159 1120 2159 1101 2159 1099 2160 1098 2160 1114 2160 1114 2161 1098 2161 1121 2161 1114 2162 1121 2162 1118 2162 1104 2163 1115 2163 1113 2163 1116 2164 1112 2164 1107 2164 1111 2165 1107 2165 1122 2165 1122 2166 1107 2166 1123 2166 1122 2167 1123 2167 1124 2167 1123 2168 1125 2168 1124 2168 1125 2169 1123 2169 1126 2169 1125 2170 1126 2170 1127 2170 1128 2171 1129 2171 1126 2171 1126 2172 1129 2172 1127 2172 1129 2173 1128 2173 1130 2173 1130 2174 1128 2174 1131 2174 1132 2175 1131 2175 1133 2175 1132 2176 1133 2176 1134 2176 1134 2177 1133 2177 1135 2177 1136 2178 1137 2178 1138 2178 1056 2179 1139 2179 1140 2179 1141 2180 1057 2180 1142 2180 1142 2181 1057 2181 1143 2181 1112 2182 1048 2182 1050 2182 1143 2183 1057 2183 1044 2183 1044 2184 1090 2184 1143 2184 1057 2185 1141 2185 1139 2185 1057 2186 1139 2186 1056 2186 1137 2187 1054 2187 1053 2187 1054 2188 1137 2188 1144 2188 1145 2189 1112 2189 1050 2189 1145 2190 1050 2190 1126 2190 1126 2191 1050 2191 1051 2191 1126 2192 1051 2192 1128 2192 1128 2193 1051 2193 1146 2193 1146 2194 1051 2194 1052 2194 1146 2195 1052 2195 1133 2195 1133 2196 1052 2196 1063 2196 1144 2197 1063 2197 1054 2197 1107 2198 1112 2198 1145 2198 1133 2199 1063 2199 1144 2199 1128 2200 1146 2200 1131 2200 1131 2201 1146 2201 1133 2201 1135 2202 1133 2202 1147 2202 1147 2203 1133 2203 1144 2203 1147 2204 1144 2204 1148 2204 1148 2205 1144 2205 1137 2205 1148 2206 1137 2206 1136 2206 1056 2207 1140 2207 1053 2207 1053 2208 1140 2208 1149 2208 1053 2209 1149 2209 1138 2209 1053 2210 1138 2210 1137 2210 1126 2211 1123 2211 1145 2211 1145 2212 1123 2212 1107 2212 1150 2213 1151 2213 1152 2213 1150 2214 1152 2214 1153 2214 1154 2215 1155 2215 1156 2215 1154 2216 1156 2216 1157 2216 1154 2217 1157 2217 1150 2217 1150 2218 1157 2218 1151 2218 1158 2219 1159 2219 1160 2219 1160 2220 1159 2220 1161 2220 1160 2221 1161 2221 1154 2221 1154 2222 1161 2222 1155 2222 1152 2223 1162 2223 1153 2223 1153 2224 1162 2224 1163 2224 1163 2225 1162 2225 1164 2225 1163 2226 1164 2226 1158 2226 1158 2227 1164 2227 1159 2227 1165 2228 1166 2228 1167 2228 1165 2229 1167 2229 1168 2229 1165 2230 1168 2230 1169 2230 1168 2231 1170 2231 1169 2231 1169 2232 1170 2232 1171 2232 1171 2233 1170 2233 1172 2233 1171 2234 1172 2234 1173 2234 1173 2235 1174 2235 1171 2235 1171 2236 1174 2236 1175 2236 1175 2237 1174 2237 1176 2237 1175 2238 1176 2238 1177 2238 1177 2239 1176 2239 1178 2239 1177 2240 1178 2240 1179 2240 1177 2241 1179 2241 1165 2241 1165 2242 1179 2242 1180 2242 1165 2243 1180 2243 1166 2243 1181 2244 1182 2244 1183 2244 1183 2245 1182 2245 1184 2245 1183 2246 1184 2246 1185 2246 1186 2247 1187 2247 1188 2247 1186 2248 1188 2248 1181 2248 1181 2249 1188 2249 1189 2249 1181 2250 1189 2250 1182 2250 1190 2251 1191 2251 1192 2251 1190 2252 1192 2252 1186 2252 1186 2253 1192 2253 1187 2253 1185 2254 1193 2254 1183 2254 1183 2255 1193 2255 1194 2255 1194 2256 1193 2256 1195 2256 1194 2257 1195 2257 1190 2257 1190 2258 1195 2258 1191 2258 1196 2259 1197 2259 1198 2259 1198 2260 1197 2260 1199 2260 1198 2261 1199 2261 1200 2261 1201 2262 1202 2262 1203 2262 1201 2263 1203 2263 1204 2263 1201 2264 1204 2264 1196 2264 1196 2265 1204 2265 1197 2265 1205 2266 1206 2266 1207 2266 1205 2267 1207 2267 1201 2267 1201 2268 1207 2268 1202 2268 1200 2269 1208 2269 1198 2269 1198 2270 1208 2270 1209 2270 1209 2271 1208 2271 1210 2271 1209 2272 1210 2272 1211 2272 1209 2273 1211 2273 1205 2273 1205 2274 1211 2274 1206 2274 1162 2275 1212 2275 1164 2275 1213 2276 1162 2276 1152 2276 1214 2277 1152 2277 1151 2277 1173 2278 1215 2278 1174 2278 1178 2279 1176 2279 1216 2279 1217 2280 185 2280 187 2280 182 2281 183 2281 185 2281 179 2282 180 2282 183 2282 1218 2283 178 2283 1219 2283 1220 2284 171 2284 170 2284 162 2285 163 2285 1221 2285 160 2286 158 2286 161 2286 161 2287 158 2287 159 2287 159 2288 158 2288 1222 2288 1222 2289 158 2289 155 2289 1222 2290 155 2290 156 2290 156 2291 155 2291 1223 2291 156 2292 1223 2292 154 2292 154 2293 1223 2293 151 2293 154 2294 151 2294 152 2294 152 2295 151 2295 1224 2295 1224 2296 151 2296 1225 2296 1224 2297 1225 2297 150 2297 150 2298 1225 2298 1226 2298 150 2299 1226 2299 148 2299 148 2300 1226 2300 1227 2300 147 2301 1227 2301 1228 2301 147 2302 1228 2302 145 2302 145 2303 1228 2303 142 2303 145 2304 142 2304 143 2304 143 2305 142 2305 1229 2305 1229 2306 142 2306 140 2306 1229 2307 140 2307 141 2307 141 2308 140 2308 1230 2308 141 2309 1230 2309 139 2309 139 2310 1230 2310 1231 2310 139 2311 1231 2311 137 2311 135 2312 1232 2312 132 2312 132 2313 1232 2313 1233 2313 1233 2314 1232 2314 130 2314 1233 2315 130 2315 131 2315 131 2316 130 2316 1234 2316 131 2317 1234 2317 129 2317 129 2318 1234 2318 126 2318 129 2319 126 2319 127 2319 127 2320 126 2320 1235 2320 1235 2321 126 2321 125 2321 1235 2322 125 2322 274 2322 274 2323 125 2323 276 2323 274 2324 276 2324 275 2324 275 2325 276 2325 278 2325 275 2326 278 2326 277 2326 280 2327 269 2327 271 2327 280 2328 271 2328 270 2328 270 2329 271 2329 1236 2329 1236 2330 271 2330 265 2330 1236 2331 265 2331 273 2331 273 2332 265 2332 267 2332 273 2333 267 2333 266 2333 266 2334 267 2334 1237 2334 266 2335 1237 2335 259 2335 259 2336 1237 2336 1238 2336 260 2337 1238 2337 1239 2337 260 2338 1239 2338 262 2338 262 2339 1239 2339 254 2339 262 2340 254 2340 264 2340 264 2341 254 2341 1240 2341 1240 2342 254 2342 256 2342 1240 2343 256 2343 255 2343 255 2344 256 2344 248 2344 255 2345 248 2345 258 2345 258 2346 248 2346 1241 2346 249 2347 1241 2347 252 2347 249 2348 252 2348 251 2348 251 2349 252 2349 1242 2349 251 2350 1242 2350 244 2350 244 2351 1242 2351 1243 2351 1243 2352 1242 2352 246 2352 1243 2353 246 2353 245 2353 245 2354 246 2354 1244 2354 245 2355 1244 2355 247 2355 247 2356 1244 2356 241 2356 247 2357 241 2357 240 2357 240 2358 241 2358 1245 2358 1245 2359 241 2359 232 2359 1245 2360 232 2360 243 2360 243 2361 232 2361 1246 2361 243 2362 1246 2362 233 2362 1246 2363 236 2363 235 2363 235 2364 236 2364 120 2364 235 2365 120 2365 238 2365 228 2366 116 2366 117 2366 228 2367 117 2367 229 2367 229 2368 117 2368 220 2368 229 2369 220 2369 231 2369 222 2370 221 2370 1093 2370 1091 2371 223 2371 224 2371 1247 2372 219 2372 211 2372 211 2373 219 2373 216 2373 211 2374 216 2374 217 2374 445 2375 444 2375 1248 2375 1249 2376 443 2376 1250 2376 1249 2377 1250 2377 112 2377 1249 2378 112 2378 1251 2378 1252 2379 206 2379 1253 2379 1253 2380 206 2380 1254 2380 1255 2381 1253 2381 202 2381 1255 2382 202 2382 1256 2382 191 2383 1257 2383 1258 2383 1259 2384 311 2384 188 2384 1259 2385 188 2385 389 2385 1259 2386 389 2386 365 2386 1259 2387 365 2387 312 2387 1259 2388 312 2388 187 2388 427 2389 1260 2389 1261 2389 1261 2390 1260 2390 122 2390 1261 2391 122 2391 214 2391 214 2392 122 2392 121 2392 1260 2393 435 2393 436 2393 442 2394 1260 2394 436 2394 1260 2395 449 2395 1262 2395 1262 2396 449 2396 448 2396 1262 2397 448 2397 1263 2397 1263 2398 448 2398 447 2398 449 2399 1260 2399 442 2399 1263 2400 447 2400 440 2400 440 2401 447 2401 441 2401 434 2402 435 2402 1260 2402 445 2403 1248 2403 1263 2403 445 2404 1263 2404 439 2404 439 2405 1263 2405 440 2405 427 2406 434 2406 1260 2406 1249 2407 1248 2407 443 2407 443 2408 1248 2408 444 2408 432 2409 427 2409 213 2409 213 2410 427 2410 1261 2410 213 2411 1261 2411 212 2411 212 2412 1261 2412 214 2412 220 2413 222 2413 1093 2413 220 2414 1093 2414 231 2414 217 2415 430 2415 431 2415 217 2416 431 2416 211 2416 215 2417 217 2417 226 2417 226 2418 217 2418 216 2418 212 2419 1247 2419 213 2419 213 2420 1247 2420 211 2420 213 2421 211 2421 432 2421 432 2422 211 2422 431 2422 443 2423 438 2423 437 2423 443 2424 437 2424 1250 2424 1250 2425 437 2425 114 2425 1250 2426 114 2426 113 2426 1250 2427 113 2427 112 2427 112 2428 210 2428 1251 2428 1264 2429 1251 2429 208 2429 208 2430 1251 2430 210 2430 224 2431 215 2431 1091 2431 1091 2432 215 2432 226 2432 223 2433 221 2433 224 2433 224 2434 221 2434 222 2434 208 2435 416 2435 415 2435 208 2436 415 2436 1264 2436 1264 2437 415 2437 414 2437 1264 2438 414 2438 413 2438 1264 2439 413 2439 412 2439 1264 2440 412 2440 411 2440 1264 2441 411 2441 410 2441 1264 2442 410 2442 1252 2442 1252 2443 410 2443 409 2443 1252 2444 409 2444 206 2444 206 2445 409 2445 408 2445 206 2446 408 2446 1254 2446 1254 2447 408 2447 407 2447 1254 2448 407 2448 406 2448 1254 2449 406 2449 1253 2449 1253 2450 406 2450 405 2450 1253 2451 405 2451 202 2451 202 2452 201 2452 1256 2452 1256 2453 201 2453 1265 2453 201 2454 404 2454 403 2454 201 2455 403 2455 1265 2455 1265 2456 403 2456 402 2456 1265 2457 402 2457 401 2457 1265 2458 401 2458 400 2458 1265 2459 400 2459 399 2459 1265 2460 399 2460 1266 2460 1266 2461 399 2461 398 2461 1266 2462 398 2462 1267 2462 1267 2463 398 2463 397 2463 1267 2464 397 2464 396 2464 1267 2465 396 2465 395 2465 1267 2466 395 2466 394 2466 1267 2467 394 2467 1268 2467 1268 2468 394 2468 393 2468 1268 2469 393 2469 392 2469 1268 2470 392 2470 391 2470 1268 2471 391 2471 390 2471 1268 2472 390 2472 281 2472 1268 2473 281 2473 1269 2473 1269 2474 281 2474 283 2474 1269 2475 283 2475 284 2475 1269 2476 284 2476 286 2476 1269 2477 286 2477 287 2477 1269 2478 287 2478 1270 2478 1270 2479 287 2479 288 2479 1270 2480 288 2480 1271 2480 1271 2481 288 2481 289 2481 1271 2482 289 2482 291 2482 1271 2483 291 2483 292 2483 1271 2484 292 2484 294 2484 1271 2485 294 2485 295 2485 1271 2486 295 2486 1272 2486 1272 2487 295 2487 296 2487 1272 2488 296 2488 297 2488 1272 2489 297 2489 298 2489 1272 2490 298 2490 198 2490 298 2491 299 2491 1273 2491 1273 2492 299 2492 196 2492 165 2493 162 2493 1221 2493 165 2494 1221 2494 166 2494 1274 2495 196 2495 300 2495 300 2496 196 2496 299 2496 300 2497 302 2497 1274 2497 303 2498 1275 2498 302 2498 302 2499 1275 2499 1274 2499 196 2500 1274 2500 1273 2500 298 2501 1273 2501 198 2501 198 2502 1273 2502 1272 2502 118 2503 238 2503 119 2503 119 2504 238 2504 120 2504 363 2505 120 2505 236 2505 363 2506 236 2506 362 2506 362 2507 236 2507 1246 2507 362 2508 1246 2508 361 2508 361 2509 1246 2509 232 2509 361 2510 232 2510 360 2510 360 2511 232 2511 241 2511 360 2512 241 2512 359 2512 359 2513 241 2513 1244 2513 359 2514 1244 2514 358 2514 358 2515 1244 2515 246 2515 358 2516 246 2516 357 2516 357 2517 246 2517 1242 2517 357 2518 1242 2518 356 2518 356 2519 1242 2519 252 2519 356 2520 252 2520 355 2520 355 2521 252 2521 1241 2521 355 2522 1241 2522 354 2522 354 2523 1241 2523 248 2523 354 2524 248 2524 353 2524 353 2525 248 2525 256 2525 353 2526 256 2526 352 2526 352 2527 256 2527 254 2527 352 2528 254 2528 351 2528 351 2529 254 2529 1239 2529 351 2530 1239 2530 350 2530 350 2531 1239 2531 1238 2531 350 2532 1238 2532 349 2532 349 2533 1238 2533 1237 2533 349 2534 1237 2534 348 2534 348 2535 1237 2535 267 2535 348 2536 267 2536 347 2536 347 2537 267 2537 265 2537 347 2538 265 2538 346 2538 346 2539 265 2539 271 2539 346 2540 271 2540 345 2540 345 2541 271 2541 269 2541 345 2542 269 2542 344 2542 344 2543 269 2543 278 2543 344 2544 278 2544 343 2544 343 2545 278 2545 276 2545 343 2546 276 2546 342 2546 342 2547 276 2547 125 2547 342 2548 125 2548 341 2548 341 2549 125 2549 126 2549 341 2550 126 2550 340 2550 340 2551 126 2551 1234 2551 340 2552 1234 2552 339 2552 339 2553 1234 2553 130 2553 339 2554 130 2554 338 2554 338 2555 130 2555 1232 2555 338 2556 1232 2556 337 2556 337 2557 1232 2557 135 2557 337 2558 135 2558 336 2558 336 2559 135 2559 1231 2559 336 2560 1231 2560 335 2560 335 2561 1231 2561 1230 2561 335 2562 1230 2562 334 2562 334 2563 1230 2563 140 2563 334 2564 140 2564 333 2564 333 2565 140 2565 142 2565 333 2566 142 2566 332 2566 332 2567 142 2567 1228 2567 332 2568 1228 2568 331 2568 331 2569 1228 2569 1227 2569 331 2570 1227 2570 330 2570 330 2571 1227 2571 1226 2571 330 2572 1226 2572 329 2572 329 2573 1226 2573 1225 2573 329 2574 1225 2574 328 2574 328 2575 1225 2575 151 2575 328 2576 151 2576 327 2576 327 2577 151 2577 1223 2577 327 2578 1223 2578 326 2578 326 2579 1223 2579 155 2579 326 2580 155 2580 325 2580 325 2581 155 2581 158 2581 325 2582 158 2582 324 2582 324 2583 158 2583 160 2583 324 2584 160 2584 323 2584 303 2585 304 2585 1275 2585 1275 2586 304 2586 1276 2586 320 2587 321 2587 167 2587 167 2588 321 2588 165 2588 167 2589 165 2589 168 2589 168 2590 165 2590 166 2590 319 2591 320 2591 170 2591 170 2592 320 2592 167 2592 170 2593 167 2593 1220 2593 1220 2594 167 2594 168 2594 178 2595 180 2595 1219 2595 1219 2596 180 2596 179 2596 1219 2597 179 2597 316 2597 316 2598 179 2598 315 2598 176 2599 1218 2599 175 2599 175 2600 1218 2600 1219 2600 175 2601 1219 2601 317 2601 317 2602 1219 2602 316 2602 173 2603 176 2603 1277 2603 1277 2604 176 2604 175 2604 1277 2605 175 2605 318 2605 318 2606 175 2606 317 2606 171 2607 173 2607 170 2607 170 2608 173 2608 1277 2608 170 2609 1277 2609 319 2609 319 2610 1277 2610 318 2610 183 2611 182 2611 179 2611 185 2612 1217 2612 182 2612 182 2613 1217 2613 313 2613 1217 2614 187 2614 312 2614 1217 2615 312 2615 313 2615 161 2616 163 2616 160 2616 160 2617 163 2617 162 2617 304 2618 305 2618 1276 2618 1276 2619 305 2619 1258 2619 1258 2620 305 2620 306 2620 1258 2621 306 2621 191 2621 191 2622 306 2622 307 2622 191 2623 307 2623 1257 2623 1257 2624 307 2624 308 2624 1257 2625 308 2625 310 2625 1257 2626 310 2626 1278 2626 1278 2627 310 2627 311 2627 1278 2628 311 2628 1259 2628 1279 2629 1280 2629 1281 2629 1282 2630 1283 2630 1284 2630 1285 2631 1282 2631 1286 2631 1287 2632 1286 2632 1282 2632 1279 2633 1288 2633 1280 2633 1280 2634 1288 2634 1289 2634 1284 2635 1287 2635 1282 2635 1281 2636 1290 2636 1279 2636 1291 2637 1292 2637 1293 2637 1294 2638 1295 2638 1296 2638 1297 2639 1298 2639 1299 2639 1300 2640 1297 2640 1299 2640 1297 2641 1296 2641 1298 2641 1291 2642 1293 2642 1301 2642 1302 2643 1291 2643 1301 2643 1303 2644 1291 2644 1302 2644 1304 2645 1305 2645 1306 2645 1185 2646 1307 2646 1193 2646 1308 2647 1184 2647 1182 2647 1206 2648 1211 2648 1309 2648 489 2649 488 2649 486 2649 1259 2650 603 2650 604 2650 604 2651 603 2651 601 2651 604 2652 601 2652 602 2652 602 2653 601 2653 599 2653 602 2654 599 2654 600 2654 600 2655 599 2655 597 2655 600 2656 597 2656 598 2656 598 2657 597 2657 595 2657 598 2658 595 2658 596 2658 596 2659 595 2659 593 2659 596 2660 593 2660 594 2660 594 2661 593 2661 591 2661 594 2662 591 2662 592 2662 592 2663 591 2663 589 2663 592 2664 589 2664 590 2664 590 2665 589 2665 587 2665 590 2666 587 2666 588 2666 588 2667 587 2667 585 2667 588 2668 585 2668 586 2668 586 2669 585 2669 583 2669 586 2670 583 2670 584 2670 584 2671 583 2671 1310 2671 1310 2672 583 2672 581 2672 1310 2673 581 2673 582 2673 582 2674 581 2674 579 2674 582 2675 579 2675 580 2675 580 2676 579 2676 577 2676 580 2677 577 2677 578 2677 578 2678 577 2678 575 2678 578 2679 575 2679 576 2679 576 2680 575 2680 573 2680 576 2681 573 2681 574 2681 574 2682 573 2682 570 2682 574 2683 570 2683 571 2683 571 2684 570 2684 568 2684 571 2685 568 2685 569 2685 569 2686 568 2686 566 2686 569 2687 566 2687 567 2687 567 2688 566 2688 564 2688 567 2689 564 2689 565 2689 565 2690 564 2690 562 2690 565 2691 562 2691 563 2691 563 2692 562 2692 560 2692 563 2693 560 2693 561 2693 561 2694 560 2694 558 2694 561 2695 558 2695 559 2695 559 2696 558 2696 556 2696 559 2697 556 2697 557 2697 492 2698 495 2698 494 2698 494 2699 495 2699 497 2699 494 2700 497 2700 496 2700 496 2701 497 2701 499 2701 496 2702 499 2702 498 2702 498 2703 499 2703 501 2703 498 2704 501 2704 500 2704 500 2705 501 2705 503 2705 500 2706 503 2706 502 2706 502 2707 503 2707 505 2707 502 2708 505 2708 504 2708 504 2709 505 2709 507 2709 504 2710 507 2710 506 2710 506 2711 507 2711 509 2711 506 2712 509 2712 508 2712 508 2713 509 2713 511 2713 508 2714 511 2714 510 2714 510 2715 511 2715 513 2715 510 2716 513 2716 512 2716 512 2717 513 2717 515 2717 512 2718 515 2718 514 2718 514 2719 515 2719 517 2719 514 2720 517 2720 516 2720 516 2721 517 2721 519 2721 516 2722 519 2722 518 2722 518 2723 519 2723 521 2723 518 2724 521 2724 520 2724 520 2725 521 2725 523 2725 520 2726 523 2726 522 2726 522 2727 523 2727 525 2727 522 2728 525 2728 524 2728 524 2729 525 2729 527 2729 524 2730 527 2730 526 2730 526 2731 527 2731 529 2731 526 2732 529 2732 528 2732 528 2733 529 2733 531 2733 528 2734 531 2734 530 2734 530 2735 531 2735 533 2735 530 2736 533 2736 532 2736 532 2737 533 2737 535 2737 532 2738 535 2738 534 2738 534 2739 535 2739 537 2739 534 2740 537 2740 536 2740 536 2741 537 2741 539 2741 536 2742 539 2742 538 2742 538 2743 539 2743 541 2743 538 2744 541 2744 540 2744 540 2745 541 2745 543 2745 540 2746 543 2746 542 2746 542 2747 543 2747 545 2747 542 2748 545 2748 544 2748 544 2749 545 2749 547 2749 544 2750 547 2750 546 2750 546 2751 547 2751 549 2751 546 2752 549 2752 548 2752 548 2753 549 2753 551 2753 548 2754 551 2754 550 2754 550 2755 551 2755 553 2755 550 2756 553 2756 552 2756 552 2757 553 2757 555 2757 552 2758 555 2758 554 2758 490 2759 491 2759 493 2759 489 2760 486 2760 487 2760 487 2761 486 2761 484 2761 487 2762 484 2762 485 2762 485 2763 484 2763 482 2763 485 2764 482 2764 483 2764 483 2765 482 2765 481 2765 483 2766 481 2766 480 2766 480 2767 481 2767 781 2767 480 2768 781 2768 782 2768 1260 2769 782 2769 781 2769 121 2770 122 2770 1311 2770 121 2771 1311 2771 783 2771 783 2772 1311 2772 771 2772 783 2773 771 2773 773 2773 773 2774 771 2774 1143 2774 1143 2775 771 2775 770 2775 1143 2776 770 2776 774 2776 755 2777 770 2777 756 2777 756 2778 770 2778 771 2778 756 2779 771 2779 757 2779 757 2780 771 2780 1311 2780 757 2781 1311 2781 776 2781 776 2782 1311 2782 122 2782 776 2783 122 2783 1260 2783 774 2784 1312 2784 775 2784 775 2785 1312 2785 669 2785 775 2786 669 2786 668 2786 780 2787 1260 2787 781 2787 779 2788 1260 2788 780 2788 668 2789 669 2789 1313 2789 1313 2790 669 2790 660 2790 1313 2791 660 2791 671 2791 671 2792 660 2792 662 2792 671 2793 662 2793 661 2793 492 2794 490 2794 493 2794 492 2795 493 2795 495 2795 778 2796 1260 2796 779 2796 777 2797 1260 2797 778 2797 776 2798 1260 2798 777 2798 661 2799 662 2799 1141 2799 1141 2800 662 2800 664 2800 1141 2801 664 2801 663 2801 663 2802 664 2802 655 2802 663 2803 655 2803 666 2803 666 2804 655 2804 657 2804 666 2805 657 2805 656 2805 774 2806 770 2806 1312 2806 1312 2807 770 2807 755 2807 1312 2808 755 2808 669 2808 656 2809 657 2809 1139 2809 1139 2810 657 2810 651 2810 1139 2811 651 2811 659 2811 659 2812 651 2812 653 2812 659 2813 653 2813 652 2813 652 2814 653 2814 1314 2814 652 2815 1314 2815 644 2815 644 2816 1314 2816 1140 2816 1140 2817 1314 2817 1315 2817 1140 2818 1315 2818 645 2818 645 2819 1315 2819 648 2819 645 2820 648 2820 647 2820 647 2821 648 2821 1316 2821 1316 2822 648 2822 640 2822 1316 2823 640 2823 650 2823 650 2824 640 2824 1317 2824 650 2825 1317 2825 641 2825 641 2826 1317 2826 635 2826 641 2827 635 2827 643 2827 643 2828 635 2828 1318 2828 636 2829 1318 2829 628 2829 636 2830 628 2830 639 2830 639 2831 628 2831 1319 2831 639 2832 1319 2832 629 2832 1319 2833 632 2833 631 2833 631 2834 632 2834 624 2834 631 2835 624 2835 634 2835 634 2836 624 2836 1320 2836 1320 2837 624 2837 626 2837 1320 2838 626 2838 625 2838 625 2839 626 2839 1321 2839 625 2840 1321 2840 627 2840 627 2841 1321 2841 1322 2841 627 2842 1322 2842 618 2842 620 2843 612 2843 623 2843 623 2844 612 2844 614 2844 623 2845 614 2845 613 2845 613 2846 614 2846 1323 2846 1323 2847 614 2847 611 2847 1323 2848 611 2848 616 2848 616 2849 611 2849 609 2849 616 2850 609 2850 610 2850 608 2851 609 2851 1324 2851 608 2852 1324 2852 1325 2852 489 2853 491 2853 488 2853 488 2854 491 2854 490 2854 653 2855 754 2855 753 2855 653 2856 753 2856 1314 2856 1314 2857 753 2857 752 2857 1314 2858 752 2858 1315 2858 1315 2859 752 2859 751 2859 1315 2860 751 2860 648 2860 648 2861 751 2861 750 2861 648 2862 750 2862 640 2862 640 2863 750 2863 749 2863 640 2864 749 2864 1317 2864 1317 2865 749 2865 748 2865 1317 2866 748 2866 635 2866 635 2867 748 2867 747 2867 635 2868 747 2868 1318 2868 1318 2869 747 2869 746 2869 1318 2870 746 2870 628 2870 628 2871 746 2871 745 2871 628 2872 745 2872 1319 2872 1319 2873 745 2873 744 2873 1319 2874 744 2874 632 2874 632 2875 744 2875 743 2875 632 2876 743 2876 624 2876 624 2877 743 2877 742 2877 624 2878 742 2878 626 2878 626 2879 742 2879 741 2879 626 2880 741 2880 1321 2880 1321 2881 741 2881 740 2881 1321 2882 740 2882 1322 2882 1322 2883 740 2883 739 2883 1322 2884 739 2884 620 2884 620 2885 739 2885 738 2885 620 2886 738 2886 612 2886 612 2887 738 2887 737 2887 612 2888 737 2888 614 2888 614 2889 737 2889 736 2889 614 2890 736 2890 611 2890 611 2891 736 2891 735 2891 611 2892 735 2892 609 2892 609 2893 735 2893 734 2893 609 2894 734 2894 1324 2894 1324 2895 734 2895 733 2895 1324 2896 733 2896 1325 2896 1325 2897 733 2897 732 2897 1325 2898 732 2898 731 2898 1325 2899 731 2899 730 2899 1325 2900 730 2900 729 2900 1325 2901 729 2901 1326 2901 1326 2902 729 2902 728 2902 1326 2903 728 2903 727 2903 1326 2904 727 2904 1327 2904 1327 2905 727 2905 726 2905 1327 2906 726 2906 725 2906 1327 2907 725 2907 1328 2907 1328 2908 725 2908 724 2908 1328 2909 724 2909 723 2909 1328 2910 723 2910 1329 2910 1329 2911 723 2911 722 2911 1329 2912 722 2912 1330 2912 603 2913 1259 2913 672 2913 672 2914 1259 2914 701 2914 701 2915 1259 2915 605 2915 605 2916 1259 2916 702 2916 702 2917 1259 2917 703 2917 555 2918 557 2918 554 2918 554 2919 557 2919 556 2919 722 2920 721 2920 1330 2920 1330 2921 721 2921 720 2921 1330 2922 720 2922 1331 2922 1331 2923 720 2923 719 2923 1331 2924 719 2924 718 2924 1331 2925 718 2925 1332 2925 1332 2926 718 2926 717 2926 1332 2927 717 2927 716 2927 1332 2928 716 2928 1333 2928 1333 2929 716 2929 715 2929 1333 2930 715 2930 714 2930 1333 2931 714 2931 713 2931 1333 2932 713 2932 1334 2932 1334 2933 713 2933 712 2933 1334 2934 712 2934 711 2934 1334 2935 711 2935 1335 2935 1335 2936 711 2936 710 2936 1335 2937 710 2937 709 2937 1335 2938 709 2938 708 2938 1335 2939 708 2939 1336 2939 1336 2940 708 2940 707 2940 1336 2941 707 2941 706 2941 1336 2942 706 2942 1337 2942 1337 2943 706 2943 705 2943 1337 2944 705 2944 704 2944 1337 2945 704 2945 703 2945 1337 2946 703 2946 1259 2946 1338 2947 1339 2947 1340 2947 1341 2948 1342 2948 1343 2948 1344 2949 1345 2949 1346 2949 1346 2950 1347 2950 1344 2950 1348 2951 1344 2951 1349 2951 1349 2952 1344 2952 1347 2952 1350 2953 1351 2953 1352 2953 1353 2954 1354 2954 1355 2954 1356 2955 1357 2955 1358 2955 1353 2956 1355 2956 1357 2956 1356 2957 1353 2957 1357 2957 1350 2958 1359 2958 1351 2958 1350 2959 1360 2959 1359 2959 1292 2960 1361 2960 1293 2960 1362 2961 1300 2961 1299 2961 1363 2962 1283 2962 1364 2962 1365 2963 1281 2963 1280 2963 1366 2964 1365 2964 1367 2964 1366 2965 1367 2965 1368 2965 1368 2966 1369 2966 1370 2966 1370 2967 1371 2967 1372 2967 1275 2968 1276 2968 1274 2968 1373 2969 1268 2969 1269 2969 1374 2970 1266 2970 1267 2970 1255 2971 1265 2971 1374 2971 1374 2972 1265 2972 1266 2972 1255 2973 1256 2973 1265 2973 1264 2974 1375 2974 1251 2974 1251 2975 1375 2975 1249 2975 1263 2976 1248 2976 1376 2976 1263 2977 1376 2977 1262 2977 1262 2978 1376 2978 1260 2978 1377 2979 1378 2979 1379 2979 1378 2980 1297 2980 1300 2980 1304 2981 1306 2981 1264 2981 1380 2982 1304 2982 1252 2982 1264 2983 1252 2983 1304 2983 1291 2984 1303 2984 1381 2984 1382 2985 1383 2985 1384 2985 1384 2986 1383 2986 1385 2986 1385 2987 1386 2987 1387 2987 1387 2988 1386 2988 1388 2988 1388 2989 1386 2989 1389 2989 1388 2990 1389 2990 1390 2990 1390 2991 1389 2991 1391 2991 1390 2992 1391 2992 1392 2992 1392 2993 1282 2993 1285 2993 1393 2994 1394 2994 1395 2994 1395 2995 1394 2995 1276 2995 1395 2996 1276 2996 1396 2996 1396 2997 1276 2997 1397 2997 1389 2998 1398 2998 1373 2998 1399 2999 1271 2999 1364 2999 1364 3000 1271 3000 1363 3000 1363 3001 1271 3001 1400 3001 1303 3002 1380 3002 1381 3002 1381 3003 1380 3003 1253 3003 1381 3004 1253 3004 1401 3004 1401 3005 1253 3005 1255 3005 1374 3006 1267 3006 1402 3006 1402 3007 1267 3007 1398 3007 1398 3008 1267 3008 1268 3008 1398 3009 1268 3009 1373 3009 1373 3010 1269 3010 1399 3010 1399 3011 1269 3011 1270 3011 1399 3012 1270 3012 1271 3012 1400 3013 1271 3013 1272 3013 1400 3014 1272 3014 1394 3014 1394 3015 1272 3015 1276 3015 1276 3016 1272 3016 1273 3016 1276 3017 1273 3017 1274 3017 1397 3018 1276 3018 1258 3018 1397 3019 1258 3019 1257 3019 1397 3020 1257 3020 1278 3020 1397 3021 1278 3021 1403 3021 1404 3022 1405 3022 1376 3022 1377 3023 1375 3023 1406 3023 1296 3024 1406 3024 1294 3024 1380 3025 1252 3025 1253 3025 1294 3026 1375 3026 1264 3026 1294 3027 1264 3027 1306 3027 1407 3028 1376 3028 1248 3028 1407 3029 1248 3029 1377 3029 1377 3030 1248 3030 1249 3030 1377 3031 1249 3031 1375 3031 1406 3032 1375 3032 1294 3032 1408 3033 1404 3033 1409 3033 1409 3034 1404 3034 1376 3034 1409 3035 1376 3035 1407 3035 1409 3036 1407 3036 1410 3036 1410 3037 1407 3037 1377 3037 1410 3038 1377 3038 1379 3038 1297 3039 1378 3039 1296 3039 1368 3040 1367 3040 1396 3040 1368 3041 1396 3041 1369 3041 1370 3042 1369 3042 1371 3042 1280 3043 1289 3043 1365 3043 1365 3044 1289 3044 1395 3044 1365 3045 1395 3045 1367 3045 1367 3046 1395 3046 1396 3046 1371 3047 1369 3047 1403 3047 1289 3048 1393 3048 1395 3048 1396 3049 1397 3049 1369 3049 1369 3050 1397 3050 1403 3050 1385 3051 1383 3051 1374 3051 1385 3052 1374 3052 1402 3052 1385 3053 1402 3053 1386 3053 1282 3054 1364 3054 1283 3054 1292 3055 1291 3055 1411 3055 1411 3056 1291 3056 1381 3056 1411 3057 1381 3057 1382 3057 1382 3058 1381 3058 1401 3058 1382 3059 1401 3059 1383 3059 1392 3060 1391 3060 1364 3060 1392 3061 1364 3061 1282 3061 1378 3062 1377 3062 1406 3062 1378 3063 1406 3063 1296 3063 1383 3064 1401 3064 1255 3064 1383 3065 1255 3065 1374 3065 1386 3066 1402 3066 1398 3066 1386 3067 1398 3067 1389 3067 1391 3068 1389 3068 1373 3068 1391 3069 1373 3069 1399 3069 1391 3070 1399 3070 1364 3070 1260 3071 1376 3071 1405 3071 1356 3072 1412 3072 1353 3072 1413 3073 1354 3073 1353 3073 1414 3074 1415 3074 1416 3074 1417 3075 1414 3075 1416 3075 1417 3076 1416 3076 1418 3076 1360 3077 1350 3077 1419 3077 1419 3078 1350 3078 1420 3078 1420 3079 1421 3079 1419 3079 1422 3080 1423 3080 1424 3080 1424 3081 1423 3081 1425 3081 1424 3082 1425 3082 1426 3082 1426 3083 1427 3083 1428 3083 1429 3084 1430 3084 1431 3084 1432 3085 1342 3085 1341 3085 1340 3086 1339 3086 1432 3086 1340 3087 1432 3087 1433 3087 1260 3088 1405 3088 782 3088 782 3089 1405 3089 480 3089 480 3090 1405 3090 483 3090 483 3091 1405 3091 485 3091 485 3092 1405 3092 1434 3092 485 3093 1434 3093 487 3093 487 3094 1434 3094 489 3094 489 3095 1434 3095 1435 3095 489 3096 1435 3096 491 3096 491 3097 1435 3097 493 3097 493 3098 1435 3098 495 3098 495 3099 1435 3099 497 3099 497 3100 1435 3100 499 3100 499 3101 1435 3101 501 3101 501 3102 1435 3102 1436 3102 501 3103 1436 3103 503 3103 503 3104 1436 3104 505 3104 505 3105 1436 3105 507 3105 507 3106 1436 3106 1437 3106 507 3107 1437 3107 509 3107 509 3108 1437 3108 1429 3108 509 3109 1429 3109 511 3109 511 3110 1429 3110 513 3110 513 3111 1429 3111 1431 3111 513 3112 1431 3112 515 3112 515 3113 1431 3113 517 3113 517 3114 1431 3114 519 3114 521 3115 1438 3115 523 3115 523 3116 1438 3116 525 3116 525 3117 1438 3117 1439 3117 525 3118 1439 3118 527 3118 527 3119 1439 3119 529 3119 529 3120 1439 3120 531 3120 531 3121 1439 3121 533 3121 533 3122 1439 3122 1440 3122 533 3123 1440 3123 535 3123 535 3124 1440 3124 537 3124 537 3125 1440 3125 539 3125 539 3126 1440 3126 541 3126 541 3127 1440 3127 1441 3127 541 3128 1441 3128 543 3128 543 3129 1441 3129 545 3129 545 3130 1441 3130 547 3130 547 3131 1441 3131 549 3131 549 3132 1441 3132 1442 3132 549 3133 1442 3133 551 3133 551 3134 1442 3134 553 3134 553 3135 1442 3135 555 3135 555 3136 1442 3136 1443 3136 555 3137 1443 3137 557 3137 557 3138 1443 3138 559 3138 559 3139 1443 3139 561 3139 561 3140 1443 3140 563 3140 563 3141 1443 3141 1418 3141 563 3142 1418 3142 565 3142 565 3143 1418 3143 567 3143 567 3144 1418 3144 569 3144 569 3145 1418 3145 571 3145 571 3146 1418 3146 1416 3146 571 3147 1416 3147 574 3147 574 3148 1416 3148 576 3148 576 3149 1416 3149 1310 3149 576 3150 1310 3150 578 3150 578 3151 1310 3151 580 3151 580 3152 1310 3152 582 3152 584 3153 1310 3153 586 3153 586 3154 1310 3154 588 3154 588 3155 1310 3155 1444 3155 588 3156 1444 3156 590 3156 590 3157 1444 3157 592 3157 592 3158 1444 3158 594 3158 594 3159 1444 3159 596 3159 596 3160 1444 3160 1445 3160 596 3161 1445 3161 598 3161 598 3162 1445 3162 600 3162 600 3163 1445 3163 602 3163 602 3164 1445 3164 604 3164 1446 3165 1372 3165 1371 3165 1353 3166 1412 3166 1447 3166 1447 3167 1412 3167 1448 3167 1447 3168 1448 3168 1449 3168 1449 3169 1448 3169 1446 3169 1445 3170 1450 3170 1403 3170 1353 3171 1447 3171 1413 3171 1413 3172 1447 3172 1451 3172 1451 3173 1447 3173 1449 3173 1451 3174 1449 3174 1450 3174 1450 3175 1449 3175 1446 3175 1450 3176 1446 3176 1371 3176 1450 3177 1371 3177 1403 3177 1416 3178 1415 3178 1354 3178 1416 3179 1354 3179 1310 3179 1310 3180 1354 3180 1413 3180 1310 3181 1413 3181 1451 3181 1310 3182 1451 3182 1444 3182 1444 3183 1451 3183 1450 3183 1444 3184 1450 3184 1445 3184 1431 3185 1438 3185 521 3185 1431 3186 521 3186 519 3186 1259 3187 604 3187 1278 3187 1278 3188 604 3188 1445 3188 1278 3189 1445 3189 1403 3189 1345 3190 1431 3190 1430 3190 1439 3191 1427 3191 1440 3191 1440 3192 1427 3192 1441 3192 1441 3193 1423 3193 1442 3193 1443 3194 1452 3194 1418 3194 1418 3195 1452 3195 1453 3195 1418 3196 1453 3196 1417 3196 1345 3197 1344 3197 1454 3197 1345 3198 1454 3198 1431 3198 1431 3199 1454 3199 1438 3199 1438 3200 1454 3200 1439 3200 1427 3201 1425 3201 1441 3201 1441 3202 1425 3202 1423 3202 1442 3203 1455 3203 1443 3203 1443 3204 1455 3204 1452 3204 1452 3205 1420 3205 1352 3205 1452 3206 1352 3206 1453 3206 1454 3207 1456 3207 1439 3207 1439 3208 1456 3208 1427 3208 1442 3209 1423 3209 1455 3209 1455 3210 1420 3210 1452 3210 1344 3211 1348 3211 1457 3211 1344 3212 1457 3212 1454 3212 1454 3213 1457 3213 1458 3213 1454 3214 1458 3214 1456 3214 1456 3215 1428 3215 1427 3215 1427 3216 1426 3216 1425 3216 1423 3217 1422 3217 1455 3217 1455 3218 1422 3218 1421 3218 1455 3219 1421 3219 1420 3219 1420 3220 1350 3220 1352 3220 1341 3221 1436 3221 1432 3221 1432 3222 1436 3222 1435 3222 1432 3223 1435 3223 1459 3223 1459 3224 1435 3224 1434 3224 1459 3225 1434 3225 1460 3225 1460 3226 1434 3226 1405 3226 1460 3227 1405 3227 1404 3227 1339 3228 1342 3228 1432 3228 1433 3229 1432 3229 1459 3229 1433 3230 1459 3230 1461 3230 1461 3231 1459 3231 1462 3231 1462 3232 1459 3232 1460 3232 1462 3233 1460 3233 1463 3233 1463 3234 1460 3234 1404 3234 1463 3235 1404 3235 1408 3235 1464 3236 1290 3236 1281 3236 1285 3237 1286 3237 1465 3237 1378 3238 1300 3238 1362 3238 1466 3239 1356 3239 1358 3239 1359 3240 1360 3240 1467 3240 1468 3241 1348 3241 1349 3241 1469 3242 1338 3242 1340 3242 1409 3243 1470 3243 1408 3243 1372 3244 1471 3244 1370 3244 1472 3245 1370 3245 1471 3245 1370 3246 1472 3246 1368 3246 1368 3247 1472 3247 1473 3247 1474 3248 1366 3248 1473 3248 1473 3249 1366 3249 1368 3249 1366 3250 1474 3250 1475 3250 1366 3251 1475 3251 1365 3251 1464 3252 1281 3252 1475 3252 1475 3253 1281 3253 1365 3253 1476 3254 1465 3254 1475 3254 1475 3255 1465 3255 1464 3255 1465 3256 1476 3256 1285 3256 1285 3257 1476 3257 1477 3257 1285 3258 1477 3258 1392 3258 1392 3259 1477 3259 1478 3259 1392 3260 1478 3260 1390 3260 1390 3261 1478 3261 1479 3261 1480 3262 1390 3262 1479 3262 1480 3263 1388 3263 1390 3263 1388 3264 1480 3264 1387 3264 1387 3265 1480 3265 1481 3265 1482 3266 1385 3266 1481 3266 1481 3267 1385 3267 1387 3267 1385 3268 1482 3268 1483 3268 1385 3269 1483 3269 1384 3269 1384 3270 1483 3270 1484 3270 1384 3271 1484 3271 1382 3271 1485 3272 1411 3272 1382 3272 1485 3273 1382 3273 1484 3273 1361 3274 1485 3274 1486 3274 1486 3275 1485 3275 1487 3275 1486 3276 1487 3276 1362 3276 1485 3277 1361 3277 1292 3277 1485 3278 1292 3278 1411 3278 1487 3279 1378 3279 1362 3279 1378 3280 1487 3280 1488 3280 1378 3281 1488 3281 1489 3281 1378 3282 1489 3282 1379 3282 1379 3283 1489 3283 1490 3283 1379 3284 1490 3284 1410 3284 1490 3285 1409 3285 1410 3285 1409 3286 1490 3286 1491 3286 1470 3287 1409 3287 1491 3287 1468 3288 1469 3288 1492 3288 1457 3289 1348 3289 1493 3289 1493 3290 1348 3290 1468 3290 1493 3291 1468 3291 1492 3291 1493 3292 1494 3292 1457 3292 1457 3293 1494 3293 1458 3293 1456 3294 1458 3294 1494 3294 1456 3295 1494 3295 1495 3295 1456 3296 1495 3296 1428 3296 1428 3297 1495 3297 1496 3297 1428 3298 1496 3298 1426 3298 1426 3299 1496 3299 1497 3299 1426 3300 1497 3300 1498 3300 1426 3301 1498 3301 1424 3301 1424 3302 1498 3302 1499 3302 1424 3303 1499 3303 1422 3303 1422 3304 1499 3304 1500 3304 1422 3305 1500 3305 1501 3305 1501 3306 1421 3306 1422 3306 1421 3307 1501 3307 1502 3307 1421 3308 1502 3308 1419 3308 1466 3309 1467 3309 1503 3309 1503 3310 1467 3310 1502 3310 1502 3311 1467 3311 1360 3311 1502 3312 1360 3312 1419 3312 1466 3313 1503 3313 1356 3313 1356 3314 1503 3314 1412 3314 1412 3315 1503 3315 1504 3315 1412 3316 1504 3316 1448 3316 1505 3317 1448 3317 1504 3317 1448 3318 1505 3318 1506 3318 1448 3319 1506 3319 1446 3319 1471 3320 1372 3320 1507 3320 1507 3321 1372 3321 1446 3321 1507 3322 1446 3322 1506 3322 1340 3323 1433 3323 1469 3323 1469 3324 1433 3324 1492 3324 1461 3325 1508 3325 1492 3325 1461 3326 1492 3326 1433 3326 1461 3327 1509 3327 1508 3327 1462 3328 1509 3328 1461 3328 1408 3329 1510 3329 1463 3329 1463 3330 1510 3330 1509 3330 1463 3331 1509 3331 1462 3331 1408 3332 1470 3332 1510 3332 1511 3333 1470 3333 1512 3333 1513 3334 1514 3334 1515 3334 1516 3335 1472 3335 1517 3335 1472 3336 1516 3336 1473 3336 1473 3337 1516 3337 1518 3337 1473 3338 1518 3338 1474 3338 1519 3339 1475 3339 1474 3339 1519 3340 1476 3340 1475 3340 1483 3341 1520 3341 1484 3341 1484 3342 1521 3342 1485 3342 1485 3343 1521 3343 1487 3343 1487 3344 1521 3344 1522 3344 1488 3345 1523 3345 1489 3345 1523 3346 1524 3346 1489 3346 1489 3347 1524 3347 1525 3347 1489 3348 1525 3348 1490 3348 1490 3349 1525 3349 1491 3349 1491 3350 1525 3350 1512 3350 1512 3351 1470 3351 1491 3351 1517 3352 1472 3352 1471 3352 1517 3353 1471 3353 1526 3353 1527 3354 1511 3354 1512 3354 1527 3355 1512 3355 1528 3355 1528 3356 1512 3356 1525 3356 1514 3357 1522 3357 1521 3357 1521 3358 1484 3358 1520 3358 1529 3359 1530 3359 1518 3359 1529 3360 1518 3360 1531 3360 1531 3361 1518 3361 1516 3361 1531 3362 1516 3362 1532 3362 1532 3363 1516 3363 1517 3363 1532 3364 1517 3364 1526 3364 1532 3365 1526 3365 1533 3365 1520 3366 1483 3366 1534 3366 1534 3367 1483 3367 1535 3367 1535 3368 1483 3368 1482 3368 1535 3369 1482 3369 1536 3369 1536 3370 1482 3370 1481 3370 1536 3371 1481 3371 1537 3371 1537 3372 1481 3372 1480 3372 1537 3373 1480 3373 1538 3373 1538 3374 1480 3374 1479 3374 1538 3375 1479 3375 1539 3375 1539 3376 1479 3376 1478 3376 1539 3377 1478 3377 1540 3377 1540 3378 1478 3378 1477 3378 1540 3379 1477 3379 1541 3379 1541 3380 1477 3380 1476 3380 1541 3381 1476 3381 1519 3381 1530 3382 1519 3382 1474 3382 1530 3383 1474 3383 1518 3383 1522 3384 1523 3384 1488 3384 1522 3385 1488 3385 1487 3385 1542 3386 1522 3386 1513 3386 1513 3387 1522 3387 1514 3387 1515 3388 1514 3388 1521 3388 1515 3389 1521 3389 1543 3389 1543 3390 1521 3390 1520 3390 1543 3391 1520 3391 1534 3391 1544 3392 1541 3392 1545 3392 1545 3393 1541 3393 1519 3393 1545 3394 1519 3394 1546 3394 1546 3395 1519 3395 1530 3395 1546 3396 1530 3396 1529 3396 1529 3397 1531 3397 1547 3397 1547 3398 1531 3398 1548 3398 1548 3399 1531 3399 1532 3399 1548 3400 1532 3400 1549 3400 1549 3401 1532 3401 1533 3401 1550 3402 1551 3402 1552 3402 1536 3403 1552 3403 1553 3403 1536 3404 1553 3404 1554 3404 1536 3405 1554 3405 1535 3405 1535 3406 1554 3406 1534 3406 1534 3407 1554 3407 1555 3407 1534 3408 1555 3408 1543 3408 1556 3409 1511 3409 1527 3409 1557 3410 1528 3410 1525 3410 1557 3411 1525 3411 1558 3411 1558 3412 1525 3412 1524 3412 1558 3413 1524 3413 1559 3413 1559 3414 1524 3414 1523 3414 1559 3415 1523 3415 1542 3415 1542 3416 1523 3416 1522 3416 1552 3417 1536 3417 1537 3417 1552 3418 1537 3418 1538 3418 1552 3419 1538 3419 1550 3419 1550 3420 1538 3420 1539 3420 1550 3421 1539 3421 1560 3421 1560 3422 1539 3422 1540 3422 1560 3423 1540 3423 1561 3423 1561 3424 1540 3424 1544 3424 1544 3425 1540 3425 1541 3425 1470 3426 1511 3426 1510 3426 1562 3427 1510 3427 1511 3427 1509 3428 1510 3428 1562 3428 1509 3429 1562 3429 1563 3429 1564 3430 1509 3430 1563 3430 1509 3431 1564 3431 1508 3431 1508 3432 1565 3432 1492 3432 1494 3433 1493 3433 1566 3433 1567 3434 1495 3434 1566 3434 1566 3435 1495 3435 1494 3435 1568 3436 1503 3436 1569 3436 1569 3437 1503 3437 1502 3437 1568 3438 1504 3438 1503 3438 1570 3439 1506 3439 1505 3439 1571 3440 1506 3440 1570 3440 1471 3441 1507 3441 1526 3441 1526 3442 1507 3442 1571 3442 1571 3443 1507 3443 1506 3443 1572 3444 1573 3444 1574 3444 1574 3445 1493 3445 1492 3445 1574 3446 1492 3446 1565 3446 1565 3447 1508 3447 1564 3447 1533 3448 1526 3448 1571 3448 1575 3449 1571 3449 1570 3449 1575 3450 1570 3450 1576 3450 1577 3451 1578 3451 1496 3451 1577 3452 1496 3452 1567 3452 1566 3453 1493 3453 1574 3453 1579 3454 1565 3454 1564 3454 1580 3455 1563 3455 1562 3455 1580 3456 1562 3456 1581 3456 1581 3457 1562 3457 1511 3457 1570 3458 1505 3458 1576 3458 1576 3459 1505 3459 1504 3459 1576 3460 1504 3460 1568 3460 1569 3461 1502 3461 1582 3461 1582 3462 1502 3462 1501 3462 1582 3463 1501 3463 1583 3463 1583 3464 1501 3464 1500 3464 1583 3465 1500 3465 1584 3465 1584 3466 1500 3466 1499 3466 1584 3467 1499 3467 1498 3467 1584 3468 1498 3468 1585 3468 1585 3469 1498 3469 1497 3469 1585 3470 1497 3470 1578 3470 1578 3471 1497 3471 1496 3471 1567 3472 1496 3472 1495 3472 1586 3473 1533 3473 1571 3473 1586 3474 1571 3474 1575 3474 1587 3475 1567 3475 1566 3475 1587 3476 1566 3476 1588 3476 1588 3477 1566 3477 1573 3477 1573 3478 1566 3478 1574 3478 1572 3479 1574 3479 1565 3479 1572 3480 1565 3480 1579 3480 1556 3481 1581 3481 1511 3481 1589 3482 1586 3482 1575 3482 1589 3483 1575 3483 1590 3483 1591 3484 1592 3484 1593 3484 1591 3485 1593 3485 1594 3485 1594 3486 1593 3486 1595 3486 1594 3487 1595 3487 1596 3487 1597 3488 1578 3488 1598 3488 1598 3489 1578 3489 1577 3489 1598 3490 1577 3490 1587 3490 1587 3491 1577 3491 1567 3491 1590 3492 1575 3492 1576 3492 1590 3493 1576 3493 1599 3493 1599 3494 1576 3494 1568 3494 1599 3495 1568 3495 1600 3495 1600 3496 1568 3496 1569 3496 1600 3497 1569 3497 1592 3497 1592 3498 1569 3498 1582 3498 1592 3499 1582 3499 1593 3499 1593 3500 1582 3500 1583 3500 1593 3501 1583 3501 1595 3501 1595 3502 1583 3502 1584 3502 1595 3503 1584 3503 1596 3503 1596 3504 1584 3504 1601 3504 1601 3505 1584 3505 1585 3505 1601 3506 1585 3506 1597 3506 1597 3507 1585 3507 1578 3507 1579 3508 1564 3508 1602 3508 1602 3509 1564 3509 1563 3509 1602 3510 1563 3510 1580 3510 1603 3511 1528 3511 1557 3511 1604 3512 1556 3512 1527 3512 1528 3513 1603 3513 1527 3513 1542 3514 1605 3514 1559 3514 1542 3515 1606 3515 1605 3515 1513 3516 1606 3516 1542 3516 1605 3517 1607 3517 1559 3517 1603 3518 1557 3518 1607 3518 1607 3519 1557 3519 1558 3519 1607 3520 1558 3520 1559 3520 1604 3521 1527 3521 1603 3521 1608 3522 1513 3522 1515 3522 1609 3523 1515 3523 1543 3523 1610 3524 1554 3524 1553 3524 1606 3525 1513 3525 1608 3525 1608 3526 1515 3526 1609 3526 1611 3527 1609 3527 1543 3527 1611 3528 1543 3528 1612 3528 1612 3529 1543 3529 1555 3529 1612 3530 1555 3530 1554 3530 1612 3531 1554 3531 1613 3531 1613 3532 1554 3532 1614 3532 1614 3533 1554 3533 1610 3533 1573 3534 1572 3534 1615 3534 1615 3535 1572 3535 1616 3535 1579 3536 1616 3536 1572 3536 1617 3537 1616 3537 1579 3537 1618 3538 1619 3538 1580 3538 1604 3539 1618 3539 1556 3539 1580 3540 1581 3540 1618 3540 1618 3541 1581 3541 1556 3541 1580 3542 1619 3542 1602 3542 1602 3543 1619 3543 1617 3543 1602 3544 1617 3544 1579 3544 1598 3545 1620 3545 1597 3545 1573 3546 1621 3546 1588 3546 1588 3547 1621 3547 1622 3547 1587 3548 1588 3548 1623 3548 1587 3549 1624 3549 1598 3549 1597 3550 1620 3550 1625 3550 1597 3551 1625 3551 1601 3551 1573 3552 1615 3552 1621 3552 1588 3553 1622 3553 1623 3553 1587 3554 1623 3554 1624 3554 1598 3555 1624 3555 1626 3555 1598 3556 1626 3556 1620 3556 1627 3557 1601 3557 1625 3557 1628 3558 1545 3558 1546 3558 1629 3559 1544 3559 1628 3559 1628 3560 1544 3560 1545 3560 1630 3561 1560 3561 1561 3561 1630 3562 1561 3562 1631 3562 1631 3563 1561 3563 1544 3563 1631 3564 1544 3564 1629 3564 1632 3565 1550 3565 1560 3565 1632 3566 1560 3566 1630 3566 1633 3567 1551 3567 1550 3567 1633 3568 1550 3568 1632 3568 1633 3569 1634 3569 1551 3569 1551 3570 1634 3570 1552 3570 1552 3571 1634 3571 1610 3571 1552 3572 1610 3572 1553 3572 1635 3573 1636 3573 1589 3573 1589 3574 1636 3574 1586 3574 1586 3575 1636 3575 1637 3575 1586 3576 1637 3576 1638 3576 1586 3577 1638 3577 1533 3577 1533 3578 1638 3578 1639 3578 1533 3579 1639 3579 1549 3579 1549 3580 1639 3580 1640 3580 1549 3581 1640 3581 1548 3581 1548 3582 1640 3582 1641 3582 1548 3583 1641 3583 1642 3583 1548 3584 1642 3584 1547 3584 1547 3585 1642 3585 1643 3585 1547 3586 1643 3586 1529 3586 1529 3587 1643 3587 1546 3587 1546 3588 1643 3588 1644 3588 1546 3589 1644 3589 1628 3589 1635 3590 1589 3590 1590 3590 1635 3591 1590 3591 1645 3591 1590 3592 1599 3592 1645 3592 1645 3593 1599 3593 1646 3593 1646 3594 1599 3594 1647 3594 1647 3595 1599 3595 1600 3595 1647 3596 1600 3596 1648 3596 1648 3597 1600 3597 1592 3597 1648 3598 1592 3598 1649 3598 1649 3599 1592 3599 1591 3599 1649 3600 1591 3600 1650 3600 1650 3601 1591 3601 1651 3601 1651 3602 1591 3602 1594 3602 1651 3603 1594 3603 1652 3603 1652 3604 1594 3604 1596 3604 1652 3605 1596 3605 1653 3605 1653 3606 1596 3606 1627 3606 1627 3607 1596 3607 1601 3607 1626 3608 1624 3608 1620 3608 1641 3609 1640 3609 1639 3609 1639 3610 1638 3610 1637 3610 1637 3611 1636 3611 1635 3611 1646 3612 1647 3612 1648 3612 1654 3613 1620 3613 1655 3613 1655 3614 1620 3614 1624 3614 1656 3615 1604 3615 1657 3615 1657 3616 1604 3616 1603 3616 1657 3617 1603 3617 1658 3617 1659 3618 1660 3618 1619 3618 1619 3619 1660 3619 1617 3619 1617 3620 1660 3620 1661 3620 1617 3621 1661 3621 1616 3621 1616 3622 1661 3622 1662 3622 1616 3623 1662 3623 1615 3623 1658 3624 1603 3624 1607 3624 1659 3625 1619 3625 1656 3625 1656 3626 1619 3626 1618 3626 1656 3627 1618 3627 1604 3627 1624 3628 1623 3628 1655 3628 1655 3629 1623 3629 1663 3629 1663 3630 1623 3630 1622 3630 1663 3631 1622 3631 1664 3631 1664 3632 1622 3632 1621 3632 1664 3633 1621 3633 1615 3633 1664 3634 1615 3634 1662 3634 1639 3635 1665 3635 1666 3635 1639 3636 1666 3636 1641 3636 1641 3637 1666 3637 1642 3637 1642 3638 1666 3638 1667 3638 1642 3639 1667 3639 1643 3639 1643 3640 1667 3640 1668 3640 1643 3641 1668 3641 1644 3641 1669 3642 1605 3642 1670 3642 1658 3643 1607 3643 1669 3643 1669 3644 1607 3644 1605 3644 1665 3645 1639 3645 1671 3645 1671 3646 1639 3646 1637 3646 1671 3647 1637 3647 1635 3647 1671 3648 1635 3648 1672 3648 1672 3649 1635 3649 1673 3649 1673 3650 1635 3650 1645 3650 1673 3651 1645 3651 1646 3651 1673 3652 1646 3652 1674 3652 1674 3653 1646 3653 1648 3653 1674 3654 1648 3654 1675 3654 1675 3655 1648 3655 1649 3655 1675 3656 1649 3656 1676 3656 1676 3657 1649 3657 1650 3657 1676 3658 1650 3658 1651 3658 1676 3659 1651 3659 1677 3659 1677 3660 1651 3660 1652 3660 1677 3661 1652 3661 1653 3661 1677 3662 1653 3662 1678 3662 1678 3663 1653 3663 1627 3663 1678 3664 1627 3664 1625 3664 1678 3665 1625 3665 1654 3665 1654 3666 1625 3666 1620 3666 1679 3667 1613 3667 1680 3667 1680 3668 1613 3668 1614 3668 1670 3669 1605 3669 1606 3669 1670 3670 1606 3670 1681 3670 1681 3671 1606 3671 1608 3671 1681 3672 1608 3672 1682 3672 1682 3673 1608 3673 1609 3673 1682 3674 1609 3674 1683 3674 1683 3675 1609 3675 1611 3675 1683 3676 1611 3676 1679 3676 1679 3677 1611 3677 1612 3677 1679 3678 1612 3678 1613 3678 1644 3679 1668 3679 1684 3679 1644 3680 1684 3680 1628 3680 1628 3681 1684 3681 1685 3681 1628 3682 1685 3682 1629 3682 1629 3683 1685 3683 1631 3683 1631 3684 1685 3684 1686 3684 1631 3685 1686 3685 1630 3685 1630 3686 1686 3686 1687 3686 1630 3687 1687 3687 1632 3687 1632 3688 1687 3688 1633 3688 1633 3689 1687 3689 1688 3689 1633 3690 1688 3690 1634 3690 1634 3691 1688 3691 1610 3691 1680 3692 1614 3692 1610 3692 1680 3693 1610 3693 1688 3693 1654 3694 1655 3694 1689 3694 1663 3695 1689 3695 1655 3695 1664 3696 1662 3696 1690 3696 1669 3697 1670 3697 1691 3697 1692 3698 1657 3698 1658 3698 1693 3699 1683 3699 1679 3699 1694 3700 1679 3700 1680 3700 1670 3701 1681 3701 1695 3701 1696 3702 1697 3702 1698 3702 1677 3703 1696 3703 1699 3703 1677 3704 1699 3704 1676 3704 1675 3705 1700 3705 1674 3705 1674 3706 1700 3706 1701 3706 1674 3707 1701 3707 1702 3707 1673 3708 1703 3708 1704 3708 1672 3709 1704 3709 1705 3709 1672 3710 1705 3710 1706 3710 1672 3711 1706 3711 1671 3711 1700 3712 1675 3712 1676 3712 1700 3713 1676 3713 1699 3713 1706 3714 1707 3714 1671 3714 1665 3715 1707 3715 1708 3715 1696 3716 1677 3716 1678 3716 1702 3717 1673 3717 1674 3717 1707 3718 1665 3718 1671 3718 1709 3719 1673 3719 1702 3719 1697 3720 1696 3720 1678 3720 1708 3721 1710 3721 1665 3721 1704 3722 1672 3722 1673 3722 1703 3723 1673 3723 1709 3723 1711 3724 1680 3724 1688 3724 1710 3725 1666 3725 1665 3725 1712 3726 1666 3726 1710 3726 1684 3727 1713 3727 1714 3727 1687 3728 1715 3728 1716 3728 1717 3729 1718 3729 1667 3729 1716 3730 1719 3730 1688 3730 1716 3731 1688 3731 1687 3731 1715 3732 1687 3732 1720 3732 1721 3733 1686 3733 1685 3733 1721 3734 1685 3734 1722 3734 1714 3735 1722 3735 1684 3735 1713 3736 1684 3736 1668 3736 1718 3737 1723 3737 1668 3737 1718 3738 1668 3738 1667 3738 1717 3739 1667 3739 1666 3739 1717 3740 1666 3740 1712 3740 1723 3741 1713 3741 1668 3741 1720 3742 1687 3742 1686 3742 1722 3743 1685 3743 1684 3743 1719 3744 1711 3744 1688 3744 1697 3745 1678 3745 1724 3745 1725 3746 1726 3746 1690 3746 1690 3747 1726 3747 1664 3747 1664 3748 1726 3748 1663 3748 1726 3749 1727 3749 1663 3749 1663 3750 1727 3750 1728 3750 1663 3751 1728 3751 1689 3751 1689 3752 1728 3752 1729 3752 1689 3753 1729 3753 1730 3753 1689 3754 1730 3754 1654 3754 1654 3755 1730 3755 1724 3755 1654 3756 1724 3756 1678 3756 1731 3757 1661 3757 1732 3757 1725 3758 1690 3758 1733 3758 1733 3759 1690 3759 1662 3759 1733 3760 1662 3760 1731 3760 1731 3761 1662 3761 1661 3761 1659 3762 1734 3762 1732 3762 1659 3763 1732 3763 1660 3763 1732 3764 1661 3764 1660 3764 1659 3765 1656 3765 1734 3765 1734 3766 1656 3766 1735 3766 1736 3767 1694 3767 1680 3767 1737 3768 1679 3768 1694 3768 1737 3769 1694 3769 1736 3769 1737 3770 1738 3770 1679 3770 1679 3771 1738 3771 1693 3771 1693 3772 1738 3772 1683 3772 1683 3773 1738 3773 1739 3773 1683 3774 1739 3774 1682 3774 1682 3775 1739 3775 1740 3775 1682 3776 1740 3776 1681 3776 1681 3777 1740 3777 1741 3777 1681 3778 1741 3778 1695 3778 1695 3779 1741 3779 1670 3779 1741 3780 1742 3780 1670 3780 1670 3781 1742 3781 1691 3781 1691 3782 1742 3782 1669 3782 1742 3783 1743 3783 1669 3783 1669 3784 1743 3784 1658 3784 1744 3785 1658 3785 1743 3785 1744 3786 1692 3786 1658 3786 1692 3787 1744 3787 1745 3787 1692 3788 1745 3788 1657 3788 1735 3789 1656 3789 1657 3789 1735 3790 1657 3790 1745 3790 1736 3791 1680 3791 1711 3791 1736 3792 1711 3792 1746 3792 1746 3793 1711 3793 1747 3793 1747 3794 1711 3794 1719 3794 1747 3795 1719 3795 1748 3795 1719 3796 1716 3796 1748 3796 1748 3797 1716 3797 1749 3797 1749 3798 1716 3798 1715 3798 1749 3799 1715 3799 1720 3799 1749 3800 1720 3800 1750 3800 1750 3801 1720 3801 1751 3801 1751 3802 1720 3802 1686 3802 1751 3803 1686 3803 1752 3803 1686 3804 1721 3804 1752 3804 1752 3805 1721 3805 1753 3805 1753 3806 1721 3806 1722 3806 1753 3807 1722 3807 1754 3807 1754 3808 1722 3808 1714 3808 1754 3809 1714 3809 1713 3809 1754 3810 1713 3810 1755 3810 1755 3811 1713 3811 1723 3811 1755 3812 1723 3812 1756 3812 1756 3813 1723 3813 1757 3813 1757 3814 1723 3814 1718 3814 1757 3815 1718 3815 1758 3815 1758 3816 1718 3816 1717 3816 1758 3817 1717 3817 1759 3817 1759 3818 1717 3818 1712 3818 1759 3819 1712 3819 1760 3819 1760 3820 1712 3820 1710 3820 1760 3821 1710 3821 1761 3821 1761 3822 1710 3822 1708 3822 1761 3823 1708 3823 1762 3823 1762 3824 1708 3824 1707 3824 1762 3825 1707 3825 1763 3825 1763 3826 1707 3826 1706 3826 1763 3827 1706 3827 1764 3827 1764 3828 1706 3828 1705 3828 1764 3829 1705 3829 1765 3829 1765 3830 1705 3830 1704 3830 1765 3831 1704 3831 1766 3831 1766 3832 1704 3832 1703 3832 1766 3833 1703 3833 1767 3833 1767 3834 1703 3834 1709 3834 1767 3835 1709 3835 1768 3835 1768 3836 1709 3836 1702 3836 1768 3837 1702 3837 1701 3837 1768 3838 1701 3838 1769 3838 1769 3839 1701 3839 1700 3839 1769 3840 1700 3840 1770 3840 1770 3841 1700 3841 1699 3841 1770 3842 1699 3842 1771 3842 1771 3843 1699 3843 1772 3843 1772 3844 1699 3844 1696 3844 1772 3845 1696 3845 1698 3845 1772 3846 1698 3846 1773 3846 1773 3847 1698 3847 1697 3847 1773 3848 1697 3848 1724 3848 1771 3849 1772 3849 1770 3849 1766 3850 1764 3850 1765 3850 1762 3851 1774 3851 1761 3851 1757 3852 1755 3852 1756 3852 1752 3853 1750 3853 1751 3853 1760 3854 1774 3854 1759 3854 1774 3855 1760 3855 1761 3855 1775 3856 1776 3856 1767 3856 1767 3857 1776 3857 1766 3857 1764 3858 1777 3858 1763 3858 1763 3859 1777 3859 1778 3859 1763 3860 1778 3860 1762 3860 1762 3861 1778 3861 1779 3861 1762 3862 1779 3862 1774 3862 1774 3863 1779 3863 1780 3863 1774 3864 1780 3864 1759 3864 1759 3865 1780 3865 1781 3865 1759 3866 1781 3866 1758 3866 1776 3867 1782 3867 1766 3867 1766 3868 1782 3868 1764 3868 1783 3869 1753 3869 1754 3869 1783 3870 1754 3870 1784 3870 1784 3871 1754 3871 1755 3871 1784 3872 1755 3872 1785 3872 1764 3873 1782 3873 1777 3873 1786 3874 1787 3874 1757 3874 1757 3875 1787 3875 1755 3875 1755 3876 1787 3876 1785 3876 1758 3877 1781 3877 1786 3877 1758 3878 1786 3878 1757 3878 1733 3879 1788 3879 1789 3879 1733 3880 1789 3880 1725 3880 1734 3881 1790 3881 1732 3881 1731 3882 1788 3882 1733 3882 1791 3883 1788 3883 1732 3883 1732 3884 1788 3884 1731 3884 1745 3885 1792 3885 1793 3885 1745 3886 1793 3886 1735 3886 1735 3887 1793 3887 1790 3887 1735 3888 1790 3888 1734 3888 1790 3889 1794 3889 1732 3889 1732 3890 1794 3890 1791 3890 1795 3891 1738 3891 1796 3891 1797 3892 1740 3892 1739 3892 1797 3893 1739 3893 1795 3893 1795 3894 1739 3894 1738 3894 1797 3895 1798 3895 1740 3895 1740 3896 1798 3896 1741 3896 1741 3897 1798 3897 1799 3897 1800 3898 1748 3898 1801 3898 1801 3899 1748 3899 1749 3899 1801 3900 1749 3900 1802 3900 1802 3901 1749 3901 1803 3901 1803 3902 1749 3902 1750 3902 1803 3903 1750 3903 1752 3903 1803 3904 1752 3904 1804 3904 1804 3905 1752 3905 1753 3905 1804 3906 1753 3906 1783 3906 1737 3907 1796 3907 1738 3907 1741 3908 1799 3908 1805 3908 1741 3909 1805 3909 1742 3909 1725 3910 1789 3910 1726 3910 1726 3911 1789 3911 1806 3911 1726 3912 1806 3912 1727 3912 1727 3913 1806 3913 1728 3913 1728 3914 1806 3914 1807 3914 1728 3915 1807 3915 1729 3915 1729 3916 1807 3916 1808 3916 1729 3917 1808 3917 1730 3917 1730 3918 1808 3918 1809 3918 1730 3919 1809 3919 1724 3919 1724 3920 1809 3920 1810 3920 1772 3921 1773 3921 1811 3921 1742 3922 1812 3922 1813 3922 1742 3923 1813 3923 1743 3923 1724 3924 1810 3924 1773 3924 1773 3925 1810 3925 1811 3925 1767 3926 1768 3926 1775 3926 1775 3927 1768 3927 1814 3927 1814 3928 1768 3928 1769 3928 1814 3929 1769 3929 1815 3929 1815 3930 1769 3930 1770 3930 1815 3931 1770 3931 1772 3931 1742 3932 1805 3932 1812 3932 1743 3933 1813 3933 1816 3933 1743 3934 1816 3934 1744 3934 1744 3935 1816 3935 1745 3935 1745 3936 1816 3936 1792 3936 1772 3937 1817 3937 1815 3937 1736 3938 1818 3938 1737 3938 1737 3939 1818 3939 1796 3939 1818 3940 1736 3940 1819 3940 1819 3941 1736 3941 1746 3941 1819 3942 1746 3942 1747 3942 1819 3943 1747 3943 1800 3943 1800 3944 1747 3944 1748 3944 1772 3945 1811 3945 1817 3945 1820 3946 1816 3946 1813 3946 1821 3947 1793 3947 1792 3947 1819 3948 1822 3948 1818 3948 1813 3949 1812 3949 1823 3949 1797 3950 1824 3950 1798 3950 1792 3951 1816 3951 1820 3951 1788 3952 1791 3952 1825 3952 1825 3953 1791 3953 1794 3953 1793 3954 1826 3954 1790 3954 1810 3955 1827 3955 1811 3955 1815 3956 1828 3956 1814 3956 1788 3957 1829 3957 1789 3957 1789 3958 1830 3958 1806 3958 1806 3959 1831 3959 1807 3959 1807 3960 1832 3960 1808 3960 1783 3961 1784 3961 1775 3961 1775 3962 1818 3962 1822 3962 1805 3963 1799 3963 1775 3963 1775 3964 1799 3964 1798 3964 1775 3965 1798 3965 1824 3965 1796 3966 1818 3966 1775 3966 1775 3967 1822 3967 1819 3967 1775 3968 1819 3968 1800 3968 1811 3969 1827 3969 1826 3969 1826 3970 1809 3970 1808 3970 1775 3971 1800 3971 1801 3971 1776 3972 1780 3972 1782 3972 1827 3973 1810 3973 1826 3973 1826 3974 1810 3974 1809 3974 1775 3975 1784 3975 1776 3975 1776 3976 1784 3976 1785 3976 1815 3977 1817 3977 1826 3977 1826 3978 1817 3978 1811 3978 1775 3979 1812 3979 1805 3979 1797 3980 1795 3980 1775 3980 1775 3981 1795 3981 1796 3981 1826 3982 1808 3982 1832 3982 1801 3983 1802 3983 1775 3983 1775 3984 1802 3984 1803 3984 1775 3985 1824 3985 1797 3985 1776 3986 1785 3986 1787 3986 1826 3987 1828 3987 1815 3987 1813 3988 1823 3988 1775 3988 1775 3989 1823 3989 1812 3989 1832 3990 1807 3990 1826 3990 1826 3991 1807 3991 1831 3991 1775 3992 1803 3992 1804 3992 1778 3993 1777 3993 1780 3993 1780 3994 1777 3994 1782 3994 1775 3995 1804 3995 1783 3995 1776 3996 1787 3996 1786 3996 1826 3997 1814 3997 1828 3997 1775 3998 1820 3998 1813 3998 1831 3999 1806 3999 1826 3999 1826 4000 1806 4000 1830 4000 1786 4001 1781 4001 1776 4001 1776 4002 1781 4002 1780 4002 1778 4003 1780 4003 1779 4003 1826 4004 1830 4004 1789 4004 1814 4005 1826 4005 1775 4005 1775 4006 1826 4006 1793 4006 1775 4007 1793 4007 1821 4007 1821 4008 1792 4008 1775 4008 1775 4009 1792 4009 1820 4009 1789 4010 1829 4010 1826 4010 1826 4011 1829 4011 1788 4011 1826 4012 1788 4012 1825 4012 1826 4013 1825 4013 1794 4013 1794 4014 1790 4014 1826 4014 1069 4015 1158 4015 1070 4015 1070 4016 1158 4016 1160 4016 1070 4017 1160 4017 1068 4017 1068 4018 1160 4018 1154 4018 1068 4019 1154 4019 1072 4019 1072 4020 1154 4020 1150 4020 1072 4021 1150 4021 1071 4021 1071 4022 1150 4022 1153 4022 1071 4023 1153 4023 1163 4023 1071 4024 1163 4024 1069 4024 1069 4025 1163 4025 1158 4025 1075 4026 1177 4026 1073 4026 1073 4027 1177 4027 1165 4027 1073 4028 1165 4028 1077 4028 1077 4029 1165 4029 1169 4029 1077 4030 1169 4030 1076 4030 1076 4031 1169 4031 1171 4031 1076 4032 1171 4032 1175 4032 1076 4033 1175 4033 1074 4033 1074 4034 1175 4034 1075 4034 1075 4035 1175 4035 1177 4035 1080 4036 1190 4036 1083 4036 1083 4037 1190 4037 1186 4037 1083 4038 1186 4038 1078 4038 1078 4039 1186 4039 1181 4039 1078 4040 1181 4040 1082 4040 1082 4041 1181 4041 1183 4041 1082 4042 1183 4042 1081 4042 1081 4043 1183 4043 1194 4043 1081 4044 1194 4044 1079 4044 1079 4045 1194 4045 1080 4045 1080 4046 1194 4046 1190 4046 1086 4047 1205 4047 1084 4047 1084 4048 1205 4048 1201 4048 1084 4049 1201 4049 1088 4049 1088 4050 1201 4050 1196 4050 1088 4051 1196 4051 1087 4051 1087 4052 1196 4052 1198 4052 1087 4053 1198 4053 1209 4053 1087 4033 1209 4033 1085 4033 1085 4054 1209 4054 1086 4054 1086 4055 1209 4055 1205 4055 1108 4056 1111 4056 1259 4056 1259 4057 187 4057 1108 4057 1108 4058 187 4058 185 4058 1108 4059 185 4059 183 4059 1108 4060 183 4060 1109 4060 1109 4061 183 4061 180 4061 1109 4062 180 4062 178 4062 1109 4063 178 4063 1110 4063 1110 4064 178 4064 1218 4064 1218 4065 176 4065 1110 4065 1110 4066 176 4066 173 4066 1110 4067 173 4067 171 4067 1110 4068 171 4068 1220 4068 1110 4069 1220 4069 1106 4069 1106 4070 1220 4070 168 4070 1106 4071 168 4071 166 4071 1106 4072 166 4072 1105 4072 1105 4073 166 4073 1221 4073 1221 4074 163 4074 1105 4074 1105 4075 163 4075 161 4075 1105 4076 161 4076 159 4076 1105 4077 159 4077 1222 4077 1105 4078 1222 4078 1102 4078 1102 4079 1222 4079 156 4079 156 4080 154 4080 1102 4080 1102 4081 154 4081 152 4081 1102 4082 152 4082 1103 4082 1103 4083 152 4083 1224 4083 1103 4084 1224 4084 150 4084 1103 4085 150 4085 148 4085 1103 4086 148 4086 1120 4086 1120 4087 148 4087 1227 4087 1120 4088 1227 4088 147 4088 147 4089 145 4089 1120 4089 1120 4090 145 4090 143 4090 1120 4091 143 4091 1101 4091 1101 4092 143 4092 1229 4092 1101 4093 1229 4093 141 4093 1101 4094 141 4094 139 4094 1101 4095 139 4095 137 4095 1101 4096 137 4096 1231 4096 1101 4097 1231 4097 1100 4097 1100 4098 1231 4098 135 4098 1100 4099 135 4099 132 4099 1100 4100 132 4100 1098 4100 1098 4101 132 4101 1233 4101 1098 4102 1233 4102 131 4102 131 4103 129 4103 1098 4103 1098 4104 129 4104 127 4104 1098 4105 127 4105 1121 4105 1121 4106 127 4106 1235 4106 1121 4107 1235 4107 274 4107 274 4108 275 4108 1121 4108 1121 4109 275 4109 277 4109 1121 4110 277 4110 1118 4110 1118 4111 277 4111 279 4111 1118 4112 279 4112 280 4112 1118 4113 280 4113 270 4113 270 4114 1236 4114 1118 4114 1118 4115 1236 4115 273 4115 1118 4116 273 4116 1117 4116 1117 4117 273 4117 266 4117 266 4118 259 4118 1117 4118 1117 4119 259 4119 1238 4119 1117 4120 1238 4120 260 4120 1117 4121 260 4121 262 4121 1117 4122 262 4122 1096 4122 1096 4123 262 4123 264 4123 1096 4124 264 4124 1240 4124 1096 4125 1240 4125 1097 4125 1097 4126 1240 4126 255 4126 1097 4127 255 4127 258 4127 258 4128 1241 4128 1097 4128 1097 4129 1241 4129 249 4129 1097 4130 249 4130 251 4130 1097 4131 251 4131 1119 4131 1119 4132 251 4132 244 4132 244 4133 1243 4133 1119 4133 1119 4134 1243 4134 245 4134 1119 4135 245 4135 247 4135 247 4136 240 4136 1119 4136 1119 4137 240 4137 1245 4137 1119 4138 1245 4138 1094 4138 1094 4139 1245 4139 243 4139 1094 4140 243 4140 233 4140 1094 4141 233 4141 1246 4141 1094 4142 1246 4142 235 4142 1094 4143 235 4143 1092 4143 1092 4144 235 4144 238 4144 1092 4145 238 4145 118 4145 1092 4146 118 4146 227 4146 1092 4147 227 4147 228 4147 1092 4148 228 4148 229 4148 1092 4149 229 4149 1093 4149 1093 4150 229 4150 231 4150 1093 4151 221 4151 1091 4151 1091 4152 221 4152 223 4152 1091 4153 226 4153 1089 4153 1089 4154 226 4154 216 4154 216 4155 219 4155 1089 4155 1089 4156 219 4156 1247 4156 1089 4157 1247 4157 212 4157 1089 4158 212 4158 214 4158 1089 4159 214 4159 1090 4159 1090 4160 214 4160 121 4160 1090 4161 121 4161 783 4161 1090 4162 783 4162 773 4162 1090 4163 773 4163 1143 4163 1143 4164 774 4164 1142 4164 1142 4165 774 4165 775 4165 775 4166 668 4166 1142 4166 1142 4167 668 4167 1313 4167 1142 4168 1313 4168 671 4168 1142 4169 671 4169 661 4169 1142 4170 661 4170 1141 4170 1141 4171 663 4171 1139 4171 1139 4172 663 4172 666 4172 1139 4173 666 4173 656 4173 1139 4174 659 4174 652 4174 1139 4175 652 4175 1140 4175 1140 4176 652 4176 644 4176 1140 4177 645 4177 647 4177 1140 4178 647 4178 1149 4178 647 4179 1316 4179 1149 4179 1149 4180 1316 4180 650 4180 1149 4181 650 4181 641 4181 641 4182 643 4182 1149 4182 1149 4183 643 4183 1318 4183 1149 4184 1318 4184 636 4184 1149 4185 636 4185 1138 4185 1138 4186 636 4186 639 4186 639 4187 629 4187 1138 4187 1138 4188 629 4188 1319 4188 1138 4189 1319 4189 631 4189 1138 4190 631 4190 634 4190 1138 4191 634 4191 1136 4191 1136 4192 634 4192 1320 4192 1136 4193 1320 4193 625 4193 1136 4194 625 4194 627 4194 1136 4195 627 4195 618 4195 1136 4196 618 4196 1322 4196 1136 4197 1322 4197 1148 4197 1322 4198 620 4198 1148 4198 1148 4199 620 4199 623 4199 1148 4200 623 4200 613 4200 1148 4201 613 4201 1323 4201 616 4202 1147 4202 1323 4202 1323 4203 1147 4203 1148 4203 616 4204 610 4204 1147 4204 1147 4205 610 4205 608 4205 1147 4206 608 4206 1325 4206 1147 4207 1325 4207 1135 4207 1327 4208 1132 4208 1134 4208 1327 4209 1134 4209 1326 4209 1135 4210 1325 4210 1326 4210 1135 4211 1326 4211 1134 4211 1328 4212 1131 4212 1132 4212 1328 4213 1132 4213 1327 4213 1131 4214 1328 4214 1329 4214 1131 4215 1329 4215 1330 4215 1131 4216 1330 4216 1130 4216 1130 4217 1330 4217 1331 4217 1130 4218 1331 4218 1129 4218 1129 4219 1331 4219 1332 4219 1129 4220 1332 4220 1127 4220 1127 4221 1332 4221 1333 4221 1124 4222 1125 4222 1335 4222 1335 4223 1125 4223 1334 4223 1334 4224 1125 4224 1333 4224 1333 4225 1125 4225 1127 4225 1124 4226 1335 4226 1336 4226 1124 4227 1336 4227 1122 4227 1122 4228 1336 4228 1337 4228 1122 4229 1337 4229 1111 4229 1111 4230 1337 4230 1259 4230 1287 4231 1284 4231 1833 4231 1212 4232 1465 4232 1164 4232 1164 4233 1465 4233 1286 4233 1164 4234 1286 4234 1159 4234 1162 4235 1464 4235 1212 4235 1212 4236 1464 4236 1465 4236 1213 4237 1279 4237 1290 4237 1213 4238 1290 4238 1162 4238 1162 4239 1290 4239 1464 4239 1288 4240 1279 4240 1213 4240 1288 4241 1213 4241 1152 4241 1152 4242 1289 4242 1288 4242 1214 4243 1289 4243 1152 4243 1393 4244 1289 4244 1214 4244 1393 4245 1214 4245 1151 4245 1394 4246 1393 4246 1157 4246 1157 4247 1393 4247 1151 4247 1400 4248 1394 4248 1156 4248 1156 4249 1394 4249 1157 4249 1155 4250 1363 4250 1156 4250 1156 4251 1363 4251 1400 4251 1155 4252 1283 4252 1363 4252 1161 4253 1283 4253 1155 4253 1833 4254 1284 4254 1161 4254 1161 4255 1284 4255 1283 4255 1159 4256 1287 4256 1833 4256 1159 4257 1286 4257 1287 4257 1298 4258 1296 4258 1167 4258 1168 4259 1295 4259 1170 4259 1170 4260 1295 4260 1294 4260 1167 4261 1296 4261 1168 4261 1168 4262 1296 4262 1295 4262 1298 4263 1167 4263 1166 4263 1299 4264 1298 4264 1166 4264 1180 4265 1299 4265 1166 4265 1180 4266 1362 4266 1299 4266 1486 4267 1362 4267 1180 4267 1179 4268 1486 4268 1180 4268 1178 4269 1361 4269 1179 4269 1179 4270 1361 4270 1486 4270 1178 4271 1293 4271 1361 4271 1216 4272 1293 4272 1178 4272 1293 4273 1216 4273 1301 4273 1176 4274 1302 4274 1301 4274 1301 4275 1216 4275 1176 4275 1174 4276 1303 4276 1176 4276 1176 4277 1303 4277 1302 4277 1215 4278 1380 4278 1174 4278 1174 4279 1380 4279 1303 4279 1173 4280 1304 4280 1215 4280 1215 4281 1304 4281 1380 4281 1173 4282 1305 4282 1304 4282 1172 4283 1305 4283 1173 4283 1172 4284 1306 4284 1305 4284 1306 4285 1172 4285 1170 4285 1170 4286 1294 4286 1306 4286 1466 4287 1358 4287 1185 4287 1185 4288 1358 4288 1307 4288 1466 4289 1185 4289 1184 4289 1466 4290 1184 4290 1467 4290 1308 4291 1467 4291 1184 4291 1308 4292 1359 4292 1467 4292 1182 4293 1359 4293 1308 4293 1189 4294 1351 4294 1182 4294 1182 4295 1351 4295 1359 4295 1188 4296 1352 4296 1351 4296 1188 4297 1351 4297 1189 4297 1453 4298 1352 4298 1187 4298 1187 4299 1352 4299 1188 4299 1453 4300 1187 4300 1417 4300 1417 4301 1187 4301 1192 4301 1192 4302 1414 4302 1417 4302 1834 4303 1414 4303 1192 4303 1834 4304 1415 4304 1414 4304 1354 4305 1415 4305 1191 4305 1191 4306 1415 4306 1834 4306 1354 4307 1191 4307 1195 4307 1354 4308 1195 4308 1355 4308 1193 4309 1357 4309 1195 4309 1195 4310 1357 4310 1355 4310 1307 4311 1358 4311 1357 4311 1307 4312 1357 4312 1193 4312 1204 4313 1349 4313 1197 4313 1349 4314 1204 4314 1468 4314 1203 4315 1469 4315 1204 4315 1204 4316 1469 4316 1468 4316 1469 4317 1203 4317 1338 4317 1339 4318 1338 4318 1202 4318 1202 4319 1338 4319 1203 4319 1339 4320 1202 4320 1207 4320 1339 4321 1207 4321 1342 4321 1207 4322 1343 4322 1342 4322 1343 4323 1207 4323 1206 4323 1206 4324 1341 4324 1343 4324 1309 4325 1436 4325 1341 4325 1309 4326 1341 4326 1206 4326 1436 4327 1309 4327 1211 4327 1211 4328 1437 4328 1436 4328 1211 4329 1429 4329 1437 4329 1210 4330 1429 4330 1211 4330 1208 4331 1429 4331 1210 4331 1208 4332 1430 4332 1429 4332 1200 4333 1430 4333 1208 4333 1200 4334 1345 4334 1430 4334 1200 4335 1199 4335 1346 4335 1200 4336 1346 4336 1345 4336 1347 4337 1199 4337 1197 4337 1347 4338 1346 4338 1199 4338 1197 4339 1349 4339 1347 4339 1833 4340 1161 4340 1159 4340 1834 4341 1192 4341 1191 4341 1835 2116 1836 2116 1837 2116 1837 2116 1836 2116 1838 2116 1837 2116 1838 2116 1839 2116 1840 2116 1841 2116 1842 2116 1843 2116 1844 2116 1842 2116 1842 2116 1844 2116 1840 2116 1845 2116 1846 2116 1847 2116 1847 2116 1846 2116 1848 2116 1849 2116 1850 2116 1835 2116 1835 2116 1850 2116 1836 2116 1851 2116 1852 2116 1853 2116 1854 2116 1855 2116 1856 2116 1841 2116 1840 2116 1856 2116 1856 2116 1840 2116 1854 2116 1846 2116 1845 2116 1844 2116 1846 2116 1844 2116 1843 2116 1857 2116 1858 2116 1848 2116 1848 2116 1858 2116 1847 2116 1859 2116 1860 2116 1857 2116 1857 2116 1860 2116 1858 2116 1861 2116 1862 2116 1849 2116 1849 2116 1862 2116 1850 2116 1863 2116 1864 2116 1865 2116 1865 2116 1864 2116 1861 2116 1861 2116 1864 2116 1862 2116 1851 2116 1866 2116 1852 2116 1852 2116 1866 2116 1867 2116 1852 2116 1867 2116 1868 2116 1868 2116 1867 2116 1869 2116 1870 2116 1871 2116 1853 2116 1853 2116 1871 2116 1851 2116 1872 2116 1873 2116 1874 2116 1874 2116 1873 2116 1875 2116 1876 2116 1871 2116 1870 2116 1855 2116 1854 2116 1876 2116 1876 2116 1854 2116 1871 2116 1877 2116 1860 2116 1859 2116 1878 2116 1879 2116 1877 2116 1877 2116 1879 2116 1860 2116 1839 2116 1838 2116 1872 2116 1872 2116 1838 2116 1873 2116 1880 2116 1881 2116 1863 2116 1863 2116 1881 2116 1864 2116 1867 2116 1882 2116 1869 2116 1869 2116 1882 2116 1880 2116 1880 2116 1882 2116 1881 2116 1883 2116 1884 2116 1885 2116 1884 2116 1883 2116 1886 2116 1873 2116 1887 2116 1875 2116 1875 2116 1887 2116 1888 2116 1889 2116 1890 2116 1878 2116 1878 2116 1890 2116 1879 2116 1884 2116 1891 2116 1885 2116 1885 2116 1891 2116 1889 2116 1889 2116 1891 2116 1890 2116 1892 2116 1893 2116 1886 2116 1886 2116 1893 2116 1894 2116 1886 2116 1894 2116 1884 2116 1895 2116 1896 2116 1897 2116 1897 2116 1896 2116 1892 2116 1892 2116 1896 2116 1893 2116 1888 2116 1887 2116 1898 2116 1888 2116 1898 2116 1895 2116 1895 2116 1898 2116 1896 2116 1899 4342 1866 4342 1851 4342 1899 4343 1851 4343 1900 4343 1900 4344 1851 4344 1871 4344 1900 4345 1871 4345 1901 4345 1901 4346 1871 4346 1854 4346 1901 4347 1854 4347 1902 4347 1902 4348 1854 4348 1840 4348 1902 4349 1840 4349 1903 4349 1903 4350 1840 4350 1844 4350 1903 4351 1844 4351 1904 4351 1904 4352 1844 4352 1845 4352 1904 4353 1845 4353 1905 4353 1906 4354 1894 4354 1893 4354 1906 4355 1893 4355 1907 4355 1907 4356 1893 4356 1896 4356 1907 4357 1896 4357 1908 4357 1908 4358 1896 4358 1898 4358 1908 4359 1898 4359 1909 4359 1909 4360 1898 4360 1887 4360 1909 4361 1887 4361 1910 4361 1910 4362 1887 4362 1873 4362 1910 4363 1873 4363 1911 4363 1911 4364 1873 4364 1912 4364 1912 4365 1873 4365 1838 4365 1912 4366 1838 4366 1913 4366 1913 4367 1838 4367 1836 4367 1913 4368 1836 4368 1914 4368 1914 4369 1836 4369 1850 4369 1914 4370 1850 4370 1915 4370 1915 4371 1850 4371 1862 4371 1915 4372 1862 4372 1864 4372 1915 4373 1864 4373 1916 4373 1916 4374 1864 4374 1881 4374 1916 4375 1881 4375 1917 4375 1917 4376 1881 4376 1882 4376 1917 4377 1882 4377 1918 4377 1918 4378 1882 4378 1867 4378 1918 4379 1867 4379 1899 4379 1899 4380 1867 4380 1866 4380 1919 4381 1920 4381 1847 4381 1919 4382 1847 4382 1921 4382 1921 4383 1847 4383 1858 4383 1921 4384 1858 4384 1922 4384 1922 4385 1858 4385 1860 4385 1922 4386 1860 4386 1923 4386 1923 4387 1860 4387 1924 4387 1924 4388 1860 4388 1879 4388 1924 4389 1879 4389 1890 4389 1924 4390 1890 4390 1891 4390 1924 4391 1891 4391 1925 4391 1925 4392 1891 4392 1884 4392 1925 4393 1884 4393 1926 4393 1926 4394 1884 4394 1906 4394 1906 4395 1884 4395 1894 4395 1927 4396 1905 4396 1921 4396 1927 4396 1921 4396 1928 4396 1929 4396 1930 4396 1923 4396 1928 4396 1921 4396 1922 4396 1928 4396 1922 4396 1930 4396 1930 4396 1922 4396 1923 4396 1931 4396 1904 4396 1927 4396 1927 4396 1904 4396 1905 4396 1932 4396 1904 4396 1931 4396 1933 4396 1903 4396 1932 4396 1932 4396 1903 4396 1904 4396 1934 4396 1915 4396 1935 4396 1935 4396 1915 4396 1936 4396 1937 4396 1938 4396 1914 4396 1939 4396 1912 4396 1940 4396 1940 4396 1912 4396 1913 4396 1940 4396 1913 4396 1938 4396 1938 4396 1913 4396 1914 4396 1941 4396 1942 4396 1924 4396 1929 4396 1923 4396 1942 4396 1942 4396 1923 4396 1924 4396 1937 4396 1914 4396 1934 4396 1934 4396 1914 4396 1915 4396 1943 4396 1911 4396 1939 4396 1939 4396 1911 4396 1912 4396 1944 4396 1910 4396 1945 4396 1945 4396 1910 4396 1943 4396 1943 4396 1910 4396 1911 4396 1906 4396 1946 4396 1947 4396 1948 4396 1926 4396 1947 4396 1947 4396 1926 4396 1906 4396 1949 4396 1903 4396 1933 4396 1950 4396 1902 4396 1949 4396 1949 4396 1902 4396 1903 4396 1951 4396 1925 4396 1948 4396 1948 4396 1925 4396 1926 4396 1941 4396 1924 4396 1951 4396 1951 4396 1924 4396 1925 4396 1915 4396 1916 4396 1936 4396 1936 4396 1916 4396 1952 4396 1946 4396 1906 4396 1907 4396 1946 4396 1907 4396 1953 4396 1953 4396 1907 4396 1954 4396 1955 4396 1918 4396 1956 4396 1956 4396 1918 4396 1957 4396 1952 4396 1916 4396 1917 4396 1952 4396 1917 4396 1955 4396 1955 4396 1917 4396 1918 4396 1958 4396 1909 4396 1944 4396 1944 4396 1909 4396 1910 4396 1907 4396 1908 4396 1954 4396 1954 4396 1908 4396 1958 4396 1958 4396 1908 4396 1909 4396 1959 4396 1902 4396 1950 4396 1960 4396 1901 4396 1959 4396 1959 4396 1901 4396 1902 4396 1961 4396 1901 4396 1960 4396 1962 4396 1900 4396 1961 4396 1961 4396 1900 4396 1901 4396 1918 4396 1899 4396 1957 4396 1957 4396 1899 4396 1962 4396 1962 4396 1899 4396 1900 4396 1946 4397 1886 4397 1947 4397 1947 4397 1886 4397 1883 4397 1947 4398 1883 4398 1948 4398 1948 4398 1883 4398 1885 4398 1948 4399 1885 4399 1951 4399 1951 4399 1885 4399 1889 4399 1951 4400 1889 4400 1941 4400 1941 4400 1889 4400 1878 4400 1941 4401 1878 4401 1942 4401 1942 4401 1878 4401 1877 4401 1942 4402 1877 4402 1929 4402 1929 4402 1877 4402 1859 4402 1929 4403 1859 4403 1930 4403 1930 4403 1859 4403 1857 4403 1930 4404 1857 4404 1928 4404 1928 4404 1857 4404 1848 4404 1928 4405 1848 4405 1963 4405 1963 4405 1848 4405 1846 4405 1963 4406 1846 4406 1931 4406 1931 4407 1846 4407 1843 4407 1931 4408 1843 4408 1932 4408 1932 4408 1843 4408 1842 4408 1932 4409 1842 4409 1933 4409 1933 4409 1842 4409 1841 4409 1933 4410 1841 4410 1949 4410 1949 4410 1841 4410 1856 4410 1949 4411 1856 4411 1950 4411 1950 4411 1856 4411 1855 4411 1950 4412 1855 4412 1959 4412 1959 4412 1855 4412 1876 4412 1959 4413 1876 4413 1960 4413 1960 4413 1876 4413 1870 4413 1960 4414 1870 4414 1961 4414 1961 4414 1870 4414 1853 4414 1961 4415 1853 4415 1962 4415 1962 4415 1853 4415 1852 4415 1962 4416 1852 4416 1957 4416 1957 4416 1852 4416 1868 4416 1957 4417 1868 4417 1956 4417 1956 4417 1868 4417 1869 4417 1956 4418 1869 4418 1955 4418 1955 4418 1869 4418 1880 4418 1955 4419 1880 4419 1952 4419 1952 4419 1880 4419 1863 4419 1952 4420 1863 4420 1936 4420 1936 4420 1863 4420 1865 4420 1936 4421 1865 4421 1935 4421 1935 4421 1865 4421 1861 4421 1935 4422 1861 4422 1934 4422 1934 4422 1861 4422 1849 4422 1934 4423 1849 4423 1937 4423 1937 4423 1849 4423 1835 4423 1937 4424 1835 4424 1938 4424 1938 4424 1835 4424 1964 4424 1938 4425 1964 4425 1940 4425 1940 4426 1964 4426 1839 4426 1940 4427 1839 4427 1939 4427 1939 4427 1839 4427 1872 4427 1939 4428 1872 4428 1943 4428 1943 4428 1872 4428 1874 4428 1943 4429 1874 4429 1945 4429 1945 4429 1874 4429 1875 4429 1945 4430 1875 4430 1944 4430 1944 4430 1875 4430 1888 4430 1944 4431 1888 4431 1958 4431 1958 4431 1888 4431 1895 4431 1958 4432 1895 4432 1954 4432 1954 4432 1895 4432 1897 4432 1954 4433 1897 4433 1953 4433 1953 4433 1897 4433 1892 4433 1953 4434 1892 4434 1946 4434 1946 4434 1892 4434 1886 4434 1965 4435 1966 4435 1967 4435 1968 4435 1966 4435 1965 4435 1965 4435 1969 4435 1968 4435 1970 4435 1969 4435 1965 4435 1965 4435 1971 4435 1970 4435 1965 4435 1967 4435 1972 4435 1973 4436 1974 4436 1975 4436 1973 4437 1975 4437 1976 4437 1973 4438 1976 4438 1977 4438 1977 4439 1976 4439 1978 4439 1979 4440 1980 4440 1981 4440 1982 4441 1983 4441 1984 4441 1985 4442 1986 4442 1987 4442 1979 4443 1981 4443 1988 4443 1979 4444 1988 4444 1973 4444 1973 4445 1988 4445 1974 4445 1982 4446 1984 4446 1989 4446 1982 4447 1989 4447 1979 4447 1979 4448 1989 4448 1990 4448 1979 4449 1990 4449 1980 4449 1991 4450 1992 4450 1993 4450 1991 4451 1993 4451 1982 4451 1982 4452 1993 4452 1983 4452 1985 4453 1987 4453 1994 4453 1985 4454 1994 4454 1995 4454 1985 4455 1995 4455 1991 4455 1991 4456 1995 4456 1996 4456 1991 4457 1996 4457 1992 4457 1977 4458 1997 4458 1998 4458 1999 4459 2000 4459 1985 4459 1985 4460 2000 4460 2001 4460 1985 4461 2001 4461 1986 4461 1977 4462 2002 4462 2003 4462 1977 4463 2003 4463 1997 4463 1997 4464 2004 4464 1998 4464 1998 4465 2004 4465 2005 4465 1998 4466 2005 4466 1999 4466 1977 4467 1978 4467 2006 4467 1977 4468 2006 4468 2002 4468 2005 4469 2007 4469 1999 4469 1999 4470 2007 4470 2008 4470 1999 4471 2008 4471 2000 4471 2009 4472 2010 4472 2011 4472 2012 4473 2013 4473 2014 4473 2015 4474 2016 4474 2017 4474 2018 4475 2019 4475 2020 4475 2021 4476 2020 4476 2022 4476 2023 4477 2022 4477 2024 4477 2025 4478 2011 4478 2024 4478 2010 4479 2026 4479 2011 4479 2021 4480 2018 4480 2020 4480 2021 4481 2022 4481 2023 4481 2026 4482 2027 4482 2011 4482 2011 4483 2027 4483 2028 4483 2028 4484 2029 4484 2011 4484 2030 4485 2009 4485 2011 4485 2030 4486 2011 4486 2025 4486 2018 4487 2021 4487 2031 4487 2031 4488 2021 4488 2032 4488 2032 4489 2021 4489 2033 4489 2033 4490 2021 4490 2023 4490 2033 4491 2023 4491 2024 4491 2034 4492 2035 4492 2036 4492 2036 4493 2011 4493 2034 4493 2034 4494 2011 4494 2029 4494 2037 4495 2038 4495 2014 4495 2039 4496 2040 4496 2041 4496 2042 4497 2039 4497 2043 4497 2044 4498 2043 4498 2032 4498 2033 4499 2036 4499 2045 4499 2045 4500 2044 4500 2032 4500 2041 4501 2032 4501 2043 4501 2041 4502 2043 4502 2039 4502 2040 4503 2039 4503 2046 4503 2046 4504 2039 4504 2047 4504 2046 4505 2047 4505 2048 4505 2048 4506 2047 4506 2049 4506 2016 4507 2012 4507 2014 4507 2050 4508 2015 4508 2017 4508 2014 4509 2017 4509 2016 4509 2051 4510 2042 4510 2052 4510 2052 4511 2042 4511 2053 4511 2054 4512 2055 4512 2053 4512 2053 4513 2055 4513 2052 4513 2052 4514 2055 4514 2056 4514 2052 4515 2056 4515 2051 4515 2051 4516 2056 4516 2057 4516 2051 4517 2057 4517 2058 4517 2058 4518 2057 4518 2015 4518 2058 4519 2015 4519 2050 4519 2036 4520 2059 4520 2045 4520 2045 4521 2059 4521 2054 4521 2045 4522 2054 4522 2044 4522 2044 4523 2054 4523 2053 4523 2060 4524 2061 4524 2037 4524 2061 4525 2048 4525 2038 4525 2038 4526 2048 4526 2049 4526 2037 4527 2014 4527 2013 4527 2062 4528 2063 4528 2064 4528 2065 4529 2060 4529 2005 4529 2019 4530 2018 4530 2066 4530 2066 4531 2018 4531 2067 4531 2066 4532 2067 4532 2068 4532 2068 4533 2067 4533 2069 4533 2068 4534 2069 4534 2062 4534 2062 4535 2069 4535 2063 4535 2067 4536 2018 4536 2070 4536 2067 4537 2070 4537 2071 4537 2064 4538 2063 4538 2048 4538 2064 4539 2048 4539 2061 4539 2037 4540 2061 4540 2038 4540 2040 4541 2071 4541 2070 4541 2018 4542 2031 4542 2070 4542 2069 4543 2071 4543 2072 4543 2069 4544 2072 4544 2063 4544 2063 4545 2072 4545 2048 4545 2065 4546 2061 4546 2060 4546 2065 4547 2064 4547 2061 4547 2071 4548 2069 4548 2067 4548 2017 4549 2049 4549 2050 4549 2050 4550 2049 4550 2058 4550 2058 4551 2049 4551 2047 4551 2058 4552 2047 4552 2051 4552 2051 4553 2047 4553 2039 4553 2051 4554 2039 4554 2042 4554 2042 4555 2043 4555 2053 4555 2053 4556 2043 4556 2044 4556 2059 4557 2036 4557 2073 4557 2073 4558 2036 4558 2074 4558 2074 4559 2036 4559 2035 4559 2022 4560 2025 4560 2024 4560 2024 4561 2011 4561 2036 4561 2024 4562 2036 4562 2033 4562 2033 4563 2045 4563 2032 4563 2031 4564 2032 4564 2070 4564 2070 4565 2032 4565 2041 4565 2070 4566 2041 4566 2040 4566 2071 4567 2040 4567 2046 4567 2071 4568 2046 4568 2072 4568 2072 4569 2046 4569 2048 4569 2049 4570 2017 4570 2038 4570 2038 4571 2017 4571 2014 4571 2075 4572 2076 4572 2077 4572 2078 4573 2079 4573 2080 4573 2081 4574 2082 4574 2083 4574 2084 4575 2085 4575 2086 4575 2084 4576 2030 4576 2085 4576 2010 4577 2084 4577 2087 4577 2087 4578 2084 4578 2088 4578 2089 4579 2090 4579 2091 4579 2092 4580 2029 4580 2093 4580 2029 4581 2027 4581 2093 4581 2093 4582 2027 4582 2088 4582 2088 4583 2027 4583 2094 4583 2088 4584 2094 4584 2026 4584 2088 4585 2026 4585 2087 4585 2084 4586 2010 4586 2030 4586 2095 4587 2096 4587 2089 4587 2089 4588 2096 4588 2090 4588 2093 4589 2096 4589 2097 4589 2098 4590 2096 4590 2093 4590 2099 4591 2097 4591 2035 4591 2091 4592 2090 4592 2098 4592 2088 4593 2098 4593 2093 4593 2093 4594 2097 4594 2034 4594 2034 4595 2097 4595 2099 4595 2089 4596 2100 4596 2095 4596 2073 4597 2035 4597 2097 4597 2034 4598 2092 4598 2093 4598 2091 4599 2098 4599 2088 4599 2101 4600 2100 4600 2089 4600 2096 4601 2095 4601 2102 4601 2097 4602 2102 4602 2103 4602 2103 4603 2073 4603 2097 4603 2104 4604 2105 4604 2106 4604 2105 4605 2083 4605 2080 4605 2105 4606 2080 4606 2106 4606 2107 4607 2108 4607 2109 4607 2110 4608 2111 4608 2108 4608 2110 4609 2108 4609 2112 4609 2112 4610 2108 4610 2107 4610 2113 4611 2106 4611 2114 4611 2113 4612 2114 4612 2115 4612 2115 4613 2114 4613 2116 4613 2115 4614 2116 4614 2117 4614 2117 4615 2116 4615 2109 4615 2109 4616 2116 4616 2107 4616 2102 4617 2118 4617 2119 4617 2083 4618 2078 4618 2080 4618 2120 4619 2079 4619 2078 4619 2119 4620 2111 4620 2110 4620 2121 4621 2110 4621 2112 4621 2121 4622 2112 4622 2122 4622 2122 4623 2112 4623 2123 4623 2122 4624 2123 4624 2075 4624 2075 4625 2123 4625 2124 4625 2075 4626 2124 4626 2076 4626 2077 4627 2076 4627 2079 4627 2080 4628 2079 4628 2106 4628 2106 4629 2079 4629 2076 4629 2106 4630 2076 4630 2125 4630 2125 4631 2076 4631 2124 4631 2119 4632 2110 4632 2121 4632 2103 4633 2102 4633 2119 4633 2119 4634 2118 4634 2111 4634 2123 4635 2112 4635 2107 4635 2123 4636 2107 4636 2116 4636 2123 4637 2116 4637 2124 4637 2124 4638 2116 4638 2114 4638 2124 4639 2114 4639 2125 4639 2082 4640 2126 4640 1980 4640 2082 4641 2081 4641 2126 4641 2081 4642 2083 4642 2105 4642 2081 4643 2127 4643 2128 4643 2128 4644 2126 4644 2081 4644 2127 4645 2081 4645 2104 4645 2129 4646 2104 4646 2113 4646 2113 4647 2104 4647 2106 4647 2104 4648 2081 4648 2105 4648 2114 4649 2106 4649 2125 4649 2101 4650 2089 4650 2130 4650 2101 4651 2130 4651 2131 4651 2132 4652 2131 4652 2133 4652 2132 4653 2133 4653 2134 4653 2134 4654 2133 4654 2135 4654 2134 4655 2135 4655 2136 4655 2131 4656 2132 4656 2137 4656 2131 4657 2137 4657 2101 4657 2132 4658 2117 4658 2109 4658 2132 4659 2109 4659 2137 4659 2137 4660 2109 4660 2108 4660 2137 4661 2108 4661 2100 4661 2134 4662 2138 4662 2115 4662 2134 4663 2115 4663 2117 4663 2134 4664 2117 4664 2132 4664 2101 4665 2137 4665 2100 4665 2128 4666 2129 4666 2136 4666 2136 4667 2129 4667 2138 4667 2136 4668 2138 4668 2134 4668 2102 4669 2097 4669 2096 4669 2096 4670 2098 4670 2090 4670 2089 4671 2091 4671 2130 4671 2118 4672 2102 4672 2095 4672 2118 4673 2095 4673 2111 4673 2111 4674 2095 4674 2100 4674 2111 4675 2100 4675 2108 4675 2113 4676 2115 4676 2138 4676 2113 4677 2138 4677 2129 4677 2104 4678 2129 4678 2127 4678 2127 4679 2129 4679 2128 4679 2139 4680 2140 4680 2141 4680 2142 4681 2143 4681 2144 4681 2145 4682 2142 4682 2146 4682 2147 4683 2148 4683 2149 4683 2150 4684 2151 4684 2152 4684 2153 4685 1866 4685 2154 4685 2155 4686 2156 4686 2157 4686 2158 4687 2155 4687 2159 4687 2158 4688 2159 4688 2160 4688 2159 4689 2161 4689 2160 4689 2157 4690 2156 4690 2162 4690 2152 4691 2157 4691 2162 4691 2162 4692 2154 4692 2152 4692 2152 4693 2154 4693 2150 4693 2159 4694 2163 4694 2161 4694 2161 4695 2163 4695 2164 4695 2164 4696 2163 4696 2165 4696 2164 4697 2165 4697 2166 4697 2144 4698 2143 4698 2166 4698 2167 4699 2144 4699 2166 4699 2167 4700 2166 4700 2165 4700 2167 4701 2165 4701 2168 4701 2168 4702 2165 4702 2163 4702 2169 4703 2170 4703 2171 4703 2144 4704 2172 4704 2169 4704 2169 4705 2172 4705 2170 4705 2172 4706 2144 4706 2167 4706 2159 4707 2152 4707 2163 4707 2163 4708 2152 4708 2173 4708 2167 4709 2168 4709 2174 4709 2167 4710 2174 4710 2172 4710 2172 4711 2174 4711 2170 4711 2175 4712 2168 4712 2173 4712 2174 4713 2168 4713 2175 4713 2176 4714 2175 4714 2177 4714 2177 4715 2178 4715 2176 4715 2152 4716 2151 4716 2173 4716 2173 4717 2151 4717 2177 4717 2173 4718 2177 4718 2175 4718 2179 4719 2149 4719 2148 4719 2149 4720 2180 4720 2181 4720 2182 4721 2183 4721 2181 4721 2180 4722 2149 4722 2179 4722 2180 4723 2179 4723 2184 4723 2182 4724 2185 4724 2183 4724 2180 4725 2182 4725 2181 4725 2181 4726 2183 4726 2186 4726 2187 4727 2140 4727 2139 4727 2188 4728 2187 4728 2139 4728 2149 4729 2139 4729 2141 4729 2149 4730 2141 4730 2147 4730 2186 4731 2183 4731 2185 4731 2149 4732 2181 4732 2189 4732 2189 4733 2181 4733 2186 4733 2185 4734 2146 4734 2190 4734 2190 4735 2171 4735 2191 4735 2146 4736 2144 4736 2169 4736 2142 4737 2144 4737 2146 4737 2146 4738 2169 4738 2190 4738 2190 4739 2169 4739 2171 4739 2145 4740 2146 4740 2185 4740 2149 4741 2189 4741 2139 4741 2192 4742 2180 4742 1920 4742 2193 4743 1920 4743 2180 4743 2180 4744 2192 4744 2194 4744 2195 4745 2196 4745 2197 4745 2153 4746 2155 4746 2198 4746 2198 4747 2155 4747 2158 4747 2198 4748 2158 4748 2199 4748 2199 4749 2200 4749 2201 4749 2199 4750 2201 4750 2202 4750 2202 4751 2197 4751 2203 4751 2203 4752 2197 4752 2196 4752 2203 4753 2196 4753 2192 4753 2192 4754 2196 4754 2194 4754 2204 4755 2197 4755 2202 4755 2204 4756 2202 4756 2205 4756 2205 4757 2202 4757 2201 4757 2200 4758 2199 4758 2158 4758 2153 4759 2154 4759 2162 4759 2153 4760 2162 4760 2156 4760 2153 4761 2156 4761 2155 4761 2155 4762 2157 4762 2159 4762 2200 4763 2160 4763 2164 4763 2200 4764 2164 4764 2201 4764 2201 4765 2164 4765 2206 4765 2201 4766 2206 4766 2205 4766 2196 4767 2195 4767 2145 4767 2196 4768 2145 4768 2194 4768 2194 4769 2145 4769 2182 4769 2194 4770 2182 4770 2180 4770 2204 4771 2205 4771 2142 4771 2204 4772 2142 4772 2195 4772 2158 4773 2160 4773 2200 4773 2197 4774 2204 4774 2195 4774 2193 4775 2180 4775 2184 4775 2160 4776 2161 4776 2164 4776 2164 4777 2166 4777 2206 4777 2205 4778 2206 4778 2143 4778 2205 4779 2143 4779 2142 4779 2195 4780 2142 4780 2145 4780 2145 4781 2185 4781 2182 4781 2163 4782 2173 4782 2168 4782 2157 4783 2152 4783 2159 4783 2206 4784 2166 4784 2143 4784 2185 4785 2190 4785 2186 4785 2186 4786 2190 4786 2191 4786 2207 4787 2208 4787 2209 4787 2210 4788 2211 4788 2212 4788 2213 4789 1894 4789 2214 4789 2215 4790 2216 4790 2217 4790 2215 4791 2217 4791 2218 4791 2219 4792 2215 4792 2218 4792 2213 4793 2220 4793 2221 4793 2222 4794 2216 4794 2215 4794 2223 4795 2215 4795 2219 4795 2223 4796 2219 4796 2210 4796 2210 4797 2219 4797 2224 4797 2210 4798 2224 4798 2211 4798 2211 4799 2224 4799 2225 4799 2216 4800 2222 4800 2221 4800 2226 4801 2221 4801 2222 4801 2216 4802 2221 4802 2220 4802 2216 4803 2220 4803 2214 4803 2213 4804 2214 4804 2220 4804 2227 4805 2210 4805 2228 4805 2210 4806 2212 4806 2228 4806 2228 4807 2212 4807 2229 4807 2228 4808 2229 4808 2230 4808 2228 4809 2230 4809 2231 4809 2227 4810 2228 4810 2232 4810 2232 4811 2228 4811 2231 4811 2223 4812 2209 4812 2215 4812 2215 4813 2209 4813 2222 4813 2233 4814 2208 4814 2207 4814 2222 4815 2209 4815 2208 4815 2233 4816 2234 4816 2208 4816 2235 4817 2207 4817 2008 4817 2235 4818 2233 4818 2207 4818 2236 4819 2209 4819 2227 4819 2227 4820 2223 4820 2210 4820 2236 4821 2207 4821 2209 4821 2227 4822 2209 4822 2223 4822 2234 4823 2233 4823 2237 4823 2235 4824 2237 4824 2233 4824 2238 4825 2234 4825 2237 4825 2236 4826 2227 4826 2232 4826 2236 4827 2232 4827 2207 4827 2207 4828 2232 4828 2000 4828 2239 4829 2179 4829 2240 4829 2240 4830 2179 4830 2241 4830 2240 4831 2241 4831 2148 4831 2240 4832 2148 4832 2141 4832 2242 4833 2243 4833 2244 4833 2244 4834 2243 4834 2245 4834 2246 4835 2245 4835 2247 4835 2247 4836 2245 4836 2243 4836 2248 4837 2240 4837 2249 4837 2250 4838 2251 4838 2140 4838 2250 4839 2140 4839 2188 4839 2141 4840 2251 4840 2240 4840 2240 4841 2251 4841 2250 4841 2243 4842 2252 4842 2247 4842 2253 4843 2246 4843 2247 4843 2249 4844 2252 4844 2243 4844 2249 4845 2243 4845 2248 4845 2248 4846 2243 4846 2242 4846 2250 4847 2249 4847 2240 4847 2211 4848 2245 4848 2246 4848 2211 4849 2246 4849 2212 4849 2212 4850 2246 4850 2253 4850 2254 4851 2255 4851 2184 4851 2255 4852 2254 4852 2256 4852 2254 4853 2257 4853 2256 4853 2256 4854 2257 4854 2258 4854 2259 4855 2258 4855 2260 4855 2259 4856 2260 4856 2261 4856 2259 4857 2261 4857 1879 4857 1879 4858 2261 4858 2262 4858 2262 4859 2261 4859 2263 4859 2262 4860 2263 4860 2218 4860 2262 4861 2218 4861 2264 4861 2264 4862 2218 4862 2217 4862 2264 4863 2217 4863 2216 4863 2264 4864 2216 4864 2214 4864 2265 4865 2263 4865 2261 4865 2265 4866 2261 4866 2266 4866 2266 4867 2261 4867 2260 4867 2259 4868 2256 4868 2258 4868 2219 4869 2218 4869 2263 4869 2219 4870 2263 4870 2224 4870 2267 4871 2266 4871 2258 4871 2267 4872 2258 4872 2242 4872 2244 4873 2267 4873 2242 4873 2224 4874 2265 4874 2225 4874 2225 4875 2265 4875 2266 4875 2225 4876 2266 4876 2267 4876 2242 4877 2258 4877 2257 4877 2248 4878 2257 4878 2254 4878 2248 4879 2254 4879 2239 4879 2224 4880 2263 4880 2265 4880 2266 4881 2260 4881 2258 4881 2239 4882 2254 4882 2184 4882 2184 4883 2255 4883 1920 4883 2229 4884 2212 4884 2253 4884 2229 4885 2253 4885 2230 4885 2208 4886 2234 4886 2226 4886 2208 4887 2226 4887 2222 4887 2211 4888 2225 4888 2245 4888 2245 4889 2225 4889 2267 4889 2245 4890 2267 4890 2244 4890 2242 4891 2257 4891 2248 4891 2240 4892 2248 4892 2239 4892 2268 4893 2013 4893 2012 4893 2269 4894 2005 4894 2060 4894 2226 4895 2268 4895 2221 4895 2268 4896 2012 4896 2213 4896 2268 4897 2213 4897 2221 4897 2226 4898 2234 4898 2268 4898 2268 4899 2269 4899 2037 4899 2238 4900 2005 4900 2269 4900 2037 4901 2269 4901 2060 4901 2269 4902 2268 4902 2234 4902 2269 4903 2234 4903 2238 4903 2268 4904 2037 4904 2013 4904 2270 4905 2271 4905 2272 4905 2271 4906 2273 4906 2272 4906 2274 4907 2273 4907 2271 4907 2274 4908 2275 4908 2273 4908 2275 4909 2274 4909 2276 4909 2277 4910 2276 4910 2274 4910 2278 4911 2279 4911 2277 4911 2277 4912 2279 4912 2276 4912 2277 4913 2280 4913 2278 4913 2281 4914 2120 4914 2277 4914 2277 4915 2120 4915 2280 4915 2281 4916 2077 4916 2079 4916 2281 4917 2079 4917 2120 4917 2282 4918 2077 4918 2281 4918 2282 4919 2075 4919 2077 4919 2282 4920 2122 4920 2075 4920 2282 4921 2121 4921 2122 4921 2282 4922 2119 4922 2121 4922 2283 4923 2119 4923 2282 4923 2283 4924 2103 4924 2119 4924 2283 4925 2073 4925 2103 4925 2283 4926 2059 4926 2073 4926 2284 4927 2059 4927 2283 4927 2284 4928 2054 4928 2059 4928 2284 4929 2055 4929 2054 4929 2284 4930 2056 4930 2055 4930 2284 4931 2057 4931 2056 4931 2285 4932 2015 4932 2284 4932 2284 4933 2015 4933 2057 4933 2285 4934 2012 4934 2016 4934 2285 4935 2016 4935 2015 4935 2012 4936 2285 4936 2286 4936 2012 4937 2286 4937 2287 4937 2286 4938 2288 4938 2287 4938 2288 4939 2286 4939 2289 4939 2289 4940 2286 4940 2271 4940 2271 4941 2290 4941 2289 4941 2271 4942 2291 4942 2290 4942 2291 4943 2271 4943 2270 4943 2078 4944 2292 4944 2120 4944 2293 4945 2082 4945 2178 4945 2178 4946 2082 4946 1990 4946 2154 4947 2120 4947 2292 4947 2154 4948 2292 4948 2150 4948 2083 4949 2292 4949 2078 4949 2293 4950 2150 4950 2292 4950 2082 4951 2293 4951 2292 4951 2082 4952 2292 4952 2083 4952 2178 4953 2177 4953 2293 4953 2293 4954 2177 4954 2151 4954 2150 4955 2293 4955 2151 4955 1874 4396 2294 4396 1872 4396 1872 4956 2294 4956 2295 4956 1872 4957 2295 4957 1839 4957 1839 4958 2295 4958 2296 4958 2295 4959 2297 4959 2296 4959 2296 4960 2297 4960 1835 4960 1835 4961 2297 4961 2298 4961 1835 4962 2298 4962 1849 4962 1888 4963 2299 4963 1875 4963 1875 4964 2299 4964 2300 4964 1875 4965 2300 4965 1874 4965 1874 4966 2300 4966 2294 4966 1886 4967 2301 4967 1892 4967 1892 4968 2301 4968 1897 4968 2255 4969 1848 4969 2302 4969 1920 4396 2302 4396 1843 4396 1883 4970 2214 4970 1886 4970 1886 4971 2214 4971 1894 4971 1886 4972 1894 4972 2301 4972 1857 4973 2256 4973 1859 4973 1859 4974 2256 4974 2259 4974 2259 4975 1877 4975 1859 4975 1920 4976 2255 4976 2302 4976 1866 4977 1852 4977 2303 4977 2303 4978 1852 4978 1868 4978 1897 4979 2301 4979 2304 4979 1897 4396 2304 4396 1895 4396 1895 4396 2304 4396 1888 4396 1888 4980 2304 4980 2299 4980 1885 4981 2264 4981 1883 4981 2259 4982 1879 4982 1877 4982 1877 4983 1879 4983 2262 4983 1877 4984 2262 4984 1878 4984 1848 4985 2255 4985 2256 4985 1848 4986 2256 4986 1857 4986 1843 4987 2192 4987 1920 4987 1841 4988 2203 4988 2192 4988 1841 4989 2192 4989 1842 4989 1883 4990 2264 4990 2214 4990 1842 4991 2192 4991 1843 4991 2203 4992 1841 4992 1856 4992 2203 4993 1856 4993 2202 4993 1855 4994 2199 4994 2202 4994 1855 4995 2202 4995 1856 4995 1866 4996 2153 4996 1852 4996 1852 4997 2153 4997 1853 4997 1849 4998 2298 4998 2305 4998 1849 4999 2305 4999 1861 4999 1861 5000 2305 5000 1865 5000 1889 5001 2262 5001 1885 5001 1885 5002 2262 5002 2264 5002 1878 5003 2262 5003 1889 5003 1853 5004 2153 5004 1870 5004 1880 5005 2306 5005 1869 5005 1869 5006 2306 5006 1868 5006 1868 5007 2306 5007 2303 5007 2305 5008 2307 5008 1865 5008 1865 5009 2307 5009 1863 5009 1863 5010 2307 5010 2308 5010 1863 5011 2308 5011 1880 5011 1880 5012 2308 5012 2306 5012 2153 5013 2198 5013 1870 5013 1870 5014 2198 5014 1876 5014 2198 5015 2199 5015 1876 5015 1876 5016 2199 5016 1855 5016 1967 5017 1979 5017 1972 5017 1972 5018 1979 5018 1973 5018 1972 5019 1973 5019 1977 5019 1972 5020 1977 5020 1965 5020 1965 5021 1977 5021 1971 5021 1971 5022 1977 5022 1998 5022 1971 5023 1998 5023 1970 5023 1970 5024 1998 5024 1999 5024 1970 5025 1999 5025 1985 5025 1970 5026 1985 5026 1969 5026 1969 5027 1985 5027 1968 5027 1968 5028 1985 5028 1991 5028 1968 5029 1991 5029 1966 5029 1966 5030 1991 5030 1982 5030 1966 5031 1982 5031 1967 5031 1967 5032 1982 5032 1979 5032 2238 5033 2007 5033 2005 5033 2237 5034 2007 5034 2238 5034 2235 5035 2008 5035 2007 5035 2235 5036 2007 5036 2237 5036 2000 5037 2008 5037 2207 5037 2232 5038 2231 5038 2000 5038 2000 5039 2231 5039 2001 5039 2001 5040 2231 5040 2230 5040 2001 5041 2230 5041 1986 5041 2253 5042 1986 5042 2230 5042 2247 5043 1987 5043 1986 5043 2247 5044 1986 5044 2253 5044 2247 5045 2252 5045 1987 5045 1987 5046 2252 5046 1994 5046 1994 5047 2252 5047 2249 5047 2249 5048 2250 5048 1994 5048 1994 5049 2250 5049 1995 5049 2250 5050 2188 5050 1995 5050 1995 5051 2188 5051 2139 5051 1995 5052 2139 5052 2189 5052 1995 5053 2189 5053 1996 5053 1996 5054 2189 5054 2186 5054 1996 5055 2186 5055 1992 5055 1992 5056 2186 5056 2191 5056 1992 5057 2191 5057 2171 5057 1992 5058 2171 5058 1993 5058 1993 5059 2171 5059 2170 5059 1993 5060 2170 5060 1983 5060 2170 5061 2174 5061 1983 5061 1983 5062 2174 5062 1984 5062 1984 5063 2174 5063 2175 5063 1984 5064 2175 5064 2176 5064 1984 5065 2176 5065 1989 5065 2178 5066 1990 5066 1989 5066 2178 5067 1989 5067 2176 5067 1980 5068 1990 5068 2082 5068 2128 5069 1981 5069 1980 5069 2128 5070 1980 5070 2126 5070 2128 5071 2136 5071 1981 5071 1981 5072 2136 5072 1988 5072 1988 5073 2136 5073 2135 5073 1988 5074 2135 5074 2133 5074 2133 5075 1974 5075 1988 5075 2131 5076 1974 5076 2133 5076 1974 5077 2131 5077 1975 5077 1975 5078 2131 5078 2130 5078 2091 5079 1975 5079 2130 5079 2091 5080 1976 5080 1975 5080 1976 5081 2091 5081 2088 5081 1976 5082 2088 5082 2084 5082 1976 5083 2084 5083 1978 5083 2084 5084 2086 5084 1978 5084 1978 5085 2086 5085 2030 5085 2030 5086 2025 5086 1978 5086 1978 5087 2025 5087 2006 5087 2006 5088 2025 5088 2022 5088 2006 5089 2022 5089 2020 5089 2020 5090 2019 5090 2006 5090 2006 5091 2019 5091 2002 5091 2002 5092 2019 5092 2066 5092 2002 5093 2066 5093 2003 5093 2066 5094 2068 5094 2003 5094 2003 5095 2068 5095 1997 5095 2068 5096 2062 5096 1997 5096 1997 5097 2062 5097 2004 5097 2004 5098 2062 5098 2064 5098 2064 5099 2065 5099 2004 5099 2004 5100 2065 5100 2005 5100 1892 5101 1897 5101 2286 5101 2286 5102 1886 5102 1892 5102 1895 5103 1888 5103 2286 5103 1895 5104 2286 5104 1897 5104 1875 5105 1874 5105 2271 5105 1875 5106 2271 5106 2286 5106 1875 5107 2286 5107 1888 5107 1872 5108 1839 5108 2271 5108 1872 5109 2271 5109 1874 5109 2296 5110 2271 5110 1839 5110 2271 5111 2296 5111 1835 5111 2271 5112 1835 5112 2274 5112 2274 5113 1835 5113 1849 5113 2274 5114 1849 5114 1861 5114 2274 5115 1861 5115 1865 5115 2274 5116 1865 5116 1863 5116 2274 5117 1863 5117 2277 5117 2277 5118 1863 5118 1880 5118 2277 5119 1880 5119 1869 5119 2277 5120 1869 5120 1868 5120 2277 5121 1868 5121 1852 5121 2277 5122 1852 5122 2281 5122 2281 5123 1852 5123 1853 5123 2281 5124 1853 5124 1870 5124 2281 5125 1870 5125 1876 5125 2281 5126 1876 5126 2282 5126 2282 5127 1876 5127 1855 5127 2282 5128 1855 5128 1856 5128 2282 5129 1856 5129 1841 5129 2282 5130 1841 5130 1842 5130 2282 5131 1842 5131 1843 5131 2282 5132 1843 5132 2283 5132 2283 5133 1843 5133 2302 5133 1848 5134 2283 5134 2302 5134 1857 5135 2284 5135 1848 5135 1848 5136 2284 5136 2283 5136 1859 5137 2284 5137 1857 5137 1877 5138 2284 5138 1859 5138 1878 5139 2284 5139 1877 5139 1889 5140 2284 5140 1878 5140 1885 5141 2285 5141 1889 5141 1889 5142 2285 5142 2284 5142 1883 5143 2285 5143 1885 5143 2286 5144 2285 5144 1886 5144 1886 5145 2285 5145 1883 5145 2154 5146 1866 5146 2303 5146 2280 5147 2120 5147 2154 5147 2280 5148 2154 5148 2303 5148 2306 5149 2278 5149 2303 5149 2303 5150 2278 5150 2280 5150 2308 5151 2276 5151 2279 5151 2308 5152 2279 5152 2306 5152 2306 5153 2279 5153 2278 5153 2307 5154 2276 5154 2308 5154 2307 5155 2275 5155 2276 5155 2273 5156 2275 5156 2305 5156 2305 5157 2275 5157 2307 5157 2298 5158 2272 5158 2273 5158 2298 5159 2273 5159 2305 5159 2297 5160 2272 5160 2298 5160 2297 5161 2270 5161 2272 5161 2295 5162 2270 5162 2297 5162 2270 5163 2295 5163 2291 5163 2290 5164 2291 5164 2294 5164 2294 5165 2291 5165 2295 5165 2290 5166 2294 5166 2300 5166 2300 5167 2289 5167 2290 5167 2289 5168 2300 5168 2299 5168 2289 5169 2299 5169 2304 5169 2289 5170 2304 5170 2288 5170 2288 5171 2304 5171 2301 5171 2288 5172 2301 5172 2287 5172 2301 5173 1894 5173 2213 5173 2301 5174 2213 5174 2287 5174 2287 5175 2213 5175 2012 5175 2309 5176 2310 5176 2311 5176 2309 5176 2312 5176 2310 5176 2313 5176 2314 5176 2309 5176 2309 5176 2314 5176 2312 5176 2309 5176 2315 5176 2316 5176 2309 5176 2316 5176 2313 5176 2309 5176 2317 5176 2315 5176 2318 5176 2319 5176 2309 5176 2309 5176 2319 5176 2320 5176 2321 5176 2318 5176 2309 5176 2309 5176 2322 5176 2321 5176 2323 5176 2324 5176 2309 5176 2309 5176 2324 5176 2325 5176 2309 5176 2325 5176 2322 5176 2309 5176 2326 5176 2323 5176 2309 5176 2311 5176 2326 5176 2327 4435 2328 4435 2329 4435 2330 4435 2331 4435 2327 4435 2327 4435 2332 4435 2330 4435 2333 4435 2334 4435 2327 4435 2327 4435 2334 4435 2332 4435 2335 4435 2333 4435 2327 4435 2327 4435 2336 4435 2335 4435 2327 4435 2337 4435 2336 4435 2338 4435 2339 4435 2327 4435 2327 4435 2339 4435 2337 4435 2327 4435 2340 4435 2338 4435 2341 4435 2342 4435 2327 4435 2327 4435 2342 4435 2340 4435 2327 4435 2329 4435 2341 4435 2343 5177 2344 5177 2345 5177 2346 5178 2347 5178 2348 5178 2346 5179 2348 5179 2349 5179 2349 5180 2348 5180 2350 5180 2351 5181 2352 5181 2343 5181 2343 5182 2352 5182 2353 5182 2343 5183 2353 5183 2344 5183 2354 5184 2355 5184 2356 5184 2354 5185 2356 5185 2357 5185 2358 5186 2359 5186 2360 5186 2358 5187 2360 5187 2351 5187 2351 5188 2360 5188 2361 5188 2351 5189 2361 5189 2362 5189 2351 5190 2362 5190 2352 5190 2356 5191 2363 5191 2357 5191 2357 5192 2363 5192 2364 5192 2357 5193 2364 5193 2346 5193 2346 5194 2364 5194 2347 5194 2365 5195 2366 5195 2358 5195 2358 5196 2366 5196 2359 5196 2367 5197 2368 5197 2369 5197 2367 5198 2369 5198 2354 5198 2354 5199 2369 5199 2355 5199 2370 5200 2371 5200 2372 5200 2372 5201 2371 5201 2373 5201 2374 5202 2375 5202 2367 5202 2367 5203 2375 5203 2376 5203 2367 5204 2376 5204 2368 5204 2373 5205 2377 5205 2372 5205 2372 5206 2377 5206 2365 5206 2365 5207 2377 5207 2378 5207 2365 5208 2378 5208 2379 5208 2365 5209 2379 5209 2366 5209 2350 5210 2380 5210 2349 5210 2349 5211 2380 5211 2381 5211 2349 5212 2381 5212 2370 5212 2370 5213 2381 5213 2382 5213 2370 5214 2382 5214 2371 5214 2383 5215 2384 5215 2385 5215 2385 5216 2384 5216 2386 5216 2385 5217 2386 5217 2387 5217 2385 5218 2387 5218 2374 5218 2374 5219 2387 5219 2388 5219 2374 5220 2388 5220 2375 5220 2344 5221 2389 5221 2345 5221 2345 5222 2389 5222 2390 5222 2345 5223 2390 5223 2391 5223 2391 5224 2390 5224 2392 5224 2391 5225 2392 5225 2383 5225 2392 5226 2393 5226 2383 5226 2383 5227 2393 5227 2394 5227 2383 5228 2394 5228 2384 5228 2395 5229 2396 5229 2397 5229 2395 5230 2397 5230 2398 5230 2399 5231 2400 5231 2401 5231 2401 5232 2400 5232 2402 5232 2397 5233 2403 5233 2398 5233 2398 5234 2403 5234 2404 5234 2398 5235 2404 5235 2399 5235 2399 5236 2404 5236 2405 5236 2399 5237 2405 5237 2400 5237 2400 5238 2406 5238 2402 5238 2402 5239 2406 5239 2407 5239 2402 5240 2407 5240 2408 5240 2408 5241 2407 5241 2409 5241 2410 5242 2411 5242 2395 5242 2395 5243 2411 5243 2412 5243 2395 5244 2412 5244 2396 5244 2413 5245 2414 5245 2415 5245 2415 5246 2414 5246 2416 5246 2417 5247 2418 5247 2419 5247 2419 5248 2418 5248 2420 5248 2419 5249 2420 5249 2421 5249 2419 5250 2421 5250 2422 5250 2423 5251 2424 5251 2425 5251 2425 5252 2424 5252 2413 5252 2413 5253 2424 5253 2426 5253 2413 5254 2426 5254 2414 5254 2417 5255 2427 5255 2418 5255 2428 5256 2429 5256 2430 5256 2428 5257 2430 5257 2410 5257 2410 5258 2430 5258 2431 5258 2410 5259 2431 5259 2432 5259 2410 5260 2432 5260 2411 5260 2416 5261 2433 5261 2415 5261 2415 5262 2433 5262 2434 5262 2415 5263 2434 5263 2428 5263 2428 5264 2434 5264 2429 5264 2421 5265 2435 5265 2422 5265 2422 5266 2435 5266 2436 5266 2422 5267 2436 5267 2423 5267 2423 5268 2436 5268 2437 5268 2423 5269 2437 5269 2424 5269 2438 5270 2439 5270 2440 5270 2438 5271 2440 5271 2417 5271 2417 5272 2440 5272 2441 5272 2417 5273 2441 5273 2427 5273 2442 5274 2443 5274 2444 5274 2444 5275 2443 5275 2445 5275 2444 5276 2445 5276 2438 5276 2438 5277 2445 5277 2439 5277 2409 5278 2446 5278 2408 5278 2408 5279 2446 5279 2447 5279 2408 5280 2447 5280 2442 5280 2442 5281 2447 5281 2448 5281 2442 5282 2448 5282 2443 5282 2449 5283 2450 5283 2451 5283 2451 5284 2450 5284 2452 5284 2453 5285 2454 5285 2455 5285 2453 5286 2455 5286 2456 5286 2456 5287 2455 5287 2457 5287 2457 5288 2458 5288 2456 5288 2456 5289 2458 5289 2459 5289 2456 5290 2459 5290 2449 5290 2449 5291 2459 5291 2460 5291 2449 5292 2460 5292 2450 5292 2450 5293 2461 5293 2452 5293 2452 5294 2461 5294 2462 5294 2452 5295 2462 5295 2463 5295 2463 5296 2462 5296 2464 5296 2465 5297 2466 5297 2453 5297 2453 5298 2466 5298 2454 5298 2467 5299 2468 5299 2469 5299 2469 5300 2468 5300 2470 5300 2470 5301 2468 5301 2465 5301 2465 5302 2468 5302 2471 5302 2465 5303 2471 5303 2466 5303 2472 5304 2473 5304 2474 5304 2474 5305 2473 5305 2469 5305 2469 5306 2473 5306 2475 5306 2469 5307 2475 5307 2467 5307 2476 5308 2477 5308 2478 5308 2476 5309 2478 5309 2479 5309 2479 5310 2478 5310 2480 5310 2481 5311 2482 5311 2483 5311 2483 5312 2482 5312 2484 5312 2483 5313 2484 5313 2485 5313 2485 5314 2484 5314 2486 5314 2464 5315 2487 5315 2463 5315 2463 5316 2487 5316 2488 5316 2463 5317 2488 5317 2481 5317 2481 5318 2488 5318 2482 5318 2489 5319 2490 5319 2491 5319 2491 5320 2490 5320 2492 5320 2480 5321 2493 5321 2479 5321 2479 5322 2493 5322 2494 5322 2479 5323 2494 5323 2472 5323 2472 5324 2494 5324 2495 5324 2472 5325 2495 5325 2473 5325 2496 5326 2497 5326 2498 5326 2498 5327 2497 5327 2476 5327 2476 5328 2497 5328 2477 5328 2492 5329 2499 5329 2491 5329 2491 5330 2499 5330 2496 5330 2496 5331 2499 5331 2500 5331 2496 5332 2500 5332 2501 5332 2496 5333 2501 5333 2497 5333 2486 5334 2502 5334 2485 5334 2485 5335 2502 5335 2503 5335 2485 5336 2503 5336 2504 5336 2504 5337 2503 5337 2489 5337 2489 5338 2503 5338 2505 5338 2489 5339 2505 5339 2490 5339 2506 5340 2507 5340 2508 5340 2506 5341 2508 5341 2509 5341 2510 5342 2511 5342 2512 5342 2510 5343 2512 5343 2513 5343 2514 5344 2515 5344 2516 5344 2516 5345 2515 5345 2510 5345 2510 5346 2515 5346 2517 5346 2510 5347 2517 5347 2511 5347 2518 5348 2519 5348 2514 5348 2514 5349 2519 5349 2520 5349 2514 5350 2520 5350 2521 5350 2514 5351 2521 5351 2515 5351 2522 5352 2523 5352 2524 5352 2524 5353 2523 5353 2525 5353 2526 5354 2527 5354 2506 5354 2506 5355 2527 5355 2528 5355 2506 5356 2528 5356 2507 5356 2508 5357 2529 5357 2509 5357 2509 5358 2529 5358 2530 5358 2509 5359 2530 5359 2531 5359 2531 5360 2530 5360 2522 5360 2522 5361 2530 5361 2532 5361 2522 5362 2532 5362 2523 5362 2533 5363 2534 5363 2535 5363 2535 5364 2534 5364 2536 5364 2536 5365 2534 5365 2526 5365 2526 5366 2534 5366 2537 5366 2526 5367 2537 5367 2527 5367 2538 5368 2539 5368 2540 5368 2540 5369 2539 5369 2535 5369 2535 5370 2539 5370 2541 5370 2535 5371 2541 5371 2533 5371 2542 5372 2543 5372 2518 5372 2518 5373 2543 5373 2544 5373 2518 5374 2544 5374 2519 5374 2545 5375 2546 5375 2547 5375 2547 5376 2546 5376 2542 5376 2542 5377 2546 5377 2548 5377 2542 5378 2548 5378 2543 5378 2549 5379 2550 5379 2551 5379 2551 5380 2550 5380 2552 5380 2551 5381 2552 5381 2545 5381 2545 5382 2552 5382 2553 5382 2545 5383 2553 5383 2546 5383 2512 5384 2554 5384 2513 5384 2513 5385 2554 5385 2555 5385 2513 5386 2555 5386 2538 5386 2538 5387 2555 5387 2556 5387 2538 5388 2556 5388 2539 5388 2557 5389 2558 5389 2549 5389 2549 5390 2558 5390 2559 5390 2549 5391 2559 5391 2550 5391 2523 5392 2560 5392 2525 5392 2525 5393 2560 5393 2561 5393 2525 5394 2561 5394 2557 5394 2557 5395 2561 5395 2562 5395 2557 5396 2562 5396 2563 5396 2557 5397 2563 5397 2558 5397 2476 5398 2564 5398 2565 5398 2565 5399 2564 5399 2566 5399 2565 5400 2566 5400 2496 5400 2452 5401 2567 5401 2451 5401 2451 5402 2567 5402 2568 5402 2568 5403 2567 5403 2569 5403 2568 5404 2569 5404 2449 5404 2463 5405 2570 5405 2452 5405 2452 5406 2570 5406 2571 5406 2452 5407 2571 5407 2572 5407 2452 5408 2572 5408 2567 5408 2479 5409 2573 5409 2574 5409 2479 5410 2574 5410 2476 5410 2476 5411 2574 5411 2575 5411 2476 5412 2575 5412 2564 5412 2456 5413 2576 5413 2453 5413 2453 5414 2576 5414 2577 5414 2569 5415 2578 5415 2449 5415 2449 5416 2578 5416 2579 5416 2449 5417 2579 5417 2456 5417 2456 5418 2579 5418 2580 5418 2456 5419 2580 5419 2581 5419 2456 5420 2581 5420 2576 5420 2481 5421 2582 5421 2463 5421 2463 5422 2582 5422 2583 5422 2463 5423 2583 5423 2584 5423 2463 5424 2584 5424 2570 5424 2489 5425 2585 5425 2586 5425 2489 5426 2586 5426 2504 5426 2472 5427 2587 5427 2588 5427 2472 5428 2588 5428 2479 5428 2479 5429 2588 5429 2589 5429 2479 5430 2589 5430 2573 5430 2465 5431 2590 5431 2470 5431 2470 5432 2590 5432 2591 5432 2470 5433 2591 5433 2469 5433 2469 5434 2591 5434 2592 5434 2577 5435 2593 5435 2453 5435 2453 5436 2593 5436 2594 5436 2453 5437 2594 5437 2465 5437 2465 5438 2594 5438 2595 5438 2465 5439 2595 5439 2596 5439 2465 5440 2596 5440 2590 5440 2586 5441 2597 5441 2504 5441 2504 5442 2597 5442 2598 5442 2504 5443 2598 5443 2485 5443 2485 5444 2598 5444 2599 5444 2485 5445 2599 5445 2600 5445 2485 5446 2600 5446 2483 5446 2600 5447 2601 5447 2483 5447 2483 5448 2601 5448 2602 5448 2483 5449 2602 5449 2481 5449 2481 5450 2602 5450 2603 5450 2481 5451 2603 5451 2604 5451 2481 5452 2604 5452 2582 5452 2592 5453 2605 5453 2469 5453 2469 5454 2605 5454 2606 5454 2469 5455 2606 5455 2474 5455 2474 5456 2606 5456 2607 5456 2474 5457 2607 5457 2472 5457 2472 5458 2607 5458 2608 5458 2472 5459 2608 5459 2587 5459 2491 5460 2609 5460 2610 5460 2491 5461 2610 5461 2489 5461 2489 5462 2610 5462 2611 5462 2489 5463 2611 5463 2585 5463 2566 5464 2612 5464 2496 5464 2496 5465 2612 5465 2613 5465 2496 5466 2613 5466 2614 5466 2496 5467 2614 5467 2491 5467 2491 5468 2614 5468 2615 5468 2491 5469 2615 5469 2609 5469 2567 5470 2616 5470 2617 5470 2617 5471 2616 5471 2618 5471 2564 5472 2619 5472 2620 5472 2621 5473 2564 5473 2620 5473 2525 5474 2622 5474 2524 5474 2524 5475 2622 5475 2623 5475 2524 5476 2623 5476 2624 5476 2524 5477 2624 5477 2531 5477 2514 5478 2625 5478 2626 5478 2514 5479 2626 5479 2518 5479 2624 5480 2627 5480 2531 5480 2531 5481 2627 5481 2509 5481 2509 5482 2627 5482 2628 5482 2557 5483 2629 5483 2525 5483 2525 5484 2629 5484 2630 5484 2525 5485 2630 5485 2622 5485 2547 5486 2631 5486 2545 5486 2545 5487 2631 5487 2632 5487 2545 5488 2632 5488 2633 5488 2545 5489 2633 5489 2551 5489 2542 5490 2634 5490 2635 5490 2542 5491 2635 5491 2547 5491 2547 5492 2635 5492 2631 5492 2626 5493 2636 5493 2518 5493 2518 5494 2636 5494 2637 5494 2518 5495 2637 5495 2542 5495 2542 5496 2637 5496 2634 5496 2510 5497 2638 5497 2639 5497 2639 5498 2638 5498 2640 5498 2639 5499 2640 5499 2514 5499 2514 5500 2640 5500 2625 5500 2538 5501 2641 5501 2642 5501 2538 5502 2642 5502 2513 5502 2549 5503 2643 5503 2557 5503 2557 5504 2643 5504 2644 5504 2557 5505 2644 5505 2629 5505 2551 5506 2633 5506 2645 5506 2551 5507 2645 5507 2549 5507 2549 5508 2645 5508 2646 5508 2549 5509 2646 5509 2643 5509 2642 5510 2647 5510 2513 5510 2513 5511 2647 5511 2648 5511 2513 5512 2648 5512 2510 5512 2510 5513 2648 5513 2638 5513 2535 5514 2649 5514 2540 5514 2540 5515 2649 5515 2650 5515 2540 5516 2650 5516 2538 5516 2538 5517 2650 5517 2641 5517 2526 5518 2651 5518 2536 5518 2536 5519 2651 5519 2652 5519 2536 5520 2652 5520 2535 5520 2535 5521 2652 5521 2653 5521 2535 5522 2653 5522 2649 5522 2506 5523 2654 5523 2526 5523 2526 5524 2654 5524 2655 5524 2526 5525 2655 5525 2651 5525 2628 5526 2656 5526 2509 5526 2509 5527 2656 5527 2506 5527 2506 5528 2656 5528 2657 5528 2506 5529 2657 5529 2654 5529 2658 5530 2627 5530 2659 5530 2660 5531 2658 5531 2659 5531 2661 5532 2566 5532 2662 5532 2662 5533 2663 5533 2664 5533 2665 5534 2666 5534 2667 5534 2665 5535 2667 5535 2668 5535 2665 5536 2668 5536 2669 5536 2669 5537 2668 5537 2670 5537 2669 5538 2670 5538 2671 5538 2671 5539 2670 5539 2672 5539 2671 5540 2672 5540 2673 5540 2673 5541 2674 5541 2675 5541 2676 5542 2675 5542 2677 5542 2676 5543 2677 5543 2678 5543 2678 5544 2677 5544 2679 5544 2678 5545 2679 5545 2680 5545 2680 5546 2679 5546 2681 5546 2680 5547 2681 5547 2682 5547 2682 5548 2681 5548 2683 5548 2682 5549 2683 5549 2684 5549 2685 5550 2686 5550 2687 5550 2688 5551 2689 5551 2690 5551 2690 5552 2689 5552 2687 5552 2662 5553 2664 5553 2691 5553 2691 5554 2664 5554 2666 5554 2691 5555 2666 5555 2692 5555 2692 5556 2666 5556 2665 5556 2692 5557 2665 5557 2693 5557 2693 5558 2665 5558 2669 5558 2669 5559 2671 5559 2694 5559 2694 5560 2671 5560 2673 5560 2694 5561 2673 5561 2695 5561 2695 5562 2673 5562 2675 5562 2695 5563 2675 5563 2696 5563 2696 5564 2675 5564 2676 5564 2696 5565 2676 5565 2697 5565 2697 5566 2676 5566 2678 5566 2697 5567 2678 5567 2698 5567 2698 5568 2678 5568 2680 5568 2699 5569 2680 5569 2682 5569 2682 5570 2684 5570 2700 5570 2700 5571 2684 5571 2685 5571 2700 5572 2685 5572 2701 5572 2701 5573 2685 5573 2687 5573 2701 5574 2687 5574 2689 5574 2701 5575 2689 5575 2702 5575 2702 5576 2689 5576 2688 5576 2662 5577 2691 5577 2661 5577 2661 5578 2691 5578 2703 5578 2703 5579 2691 5579 2692 5579 2703 5580 2692 5580 2704 5580 2704 5581 2692 5581 2693 5581 2704 5582 2693 5582 2705 5582 2705 5583 2693 5583 2669 5583 2705 5584 2669 5584 2706 5584 2706 5585 2669 5585 2694 5585 2706 5586 2694 5586 2707 5586 2707 5587 2694 5587 2695 5587 2707 5588 2695 5588 2708 5588 2708 5589 2695 5589 2696 5589 2708 5590 2696 5590 2709 5590 2709 5591 2696 5591 2697 5591 2709 5592 2697 5592 2710 5592 2710 5593 2697 5593 2698 5593 2710 5594 2698 5594 2711 5594 2711 5595 2698 5595 2680 5595 2711 5596 2680 5596 2712 5596 2712 5597 2680 5597 2699 5597 2712 5598 2699 5598 2713 5598 2713 5599 2699 5599 2682 5599 2713 5600 2682 5600 2700 5600 2713 5601 2700 5601 2714 5601 2714 5602 2700 5602 2701 5602 2714 5603 2701 5603 2715 5603 2715 5604 2701 5604 2702 5604 2715 5605 2702 5605 2616 5605 2616 5606 2702 5606 2688 5606 2616 5607 2688 5607 2716 5607 2566 5608 2661 5608 2612 5608 2612 5609 2661 5609 2703 5609 2612 5610 2703 5610 2613 5610 2613 5611 2703 5611 2614 5611 2614 5612 2703 5612 2704 5612 2614 5613 2704 5613 2615 5613 2615 5614 2704 5614 2705 5614 2615 5615 2705 5615 2609 5615 2609 5616 2705 5616 2610 5616 2610 5617 2705 5617 2706 5617 2610 5618 2706 5618 2611 5618 2611 5619 2706 5619 2585 5619 2585 5620 2706 5620 2707 5620 2585 5621 2707 5621 2586 5621 2586 5622 2707 5622 2708 5622 2586 5623 2708 5623 2597 5623 2597 5624 2708 5624 2598 5624 2598 5625 2708 5625 2709 5625 2598 5626 2709 5626 2599 5626 2599 5627 2709 5627 2600 5627 2600 5628 2709 5628 2710 5628 2600 5629 2710 5629 2601 5629 2601 5630 2710 5630 2602 5630 2602 5631 2710 5631 2711 5631 2602 5632 2711 5632 2603 5632 2603 5633 2711 5633 2712 5633 2603 5634 2712 5634 2604 5634 2604 5635 2712 5635 2582 5635 2582 5636 2712 5636 2713 5636 2582 5637 2713 5637 2583 5637 2583 5638 2713 5638 2584 5638 2584 5639 2713 5639 2714 5639 2584 5640 2714 5640 2570 5640 2570 5641 2714 5641 2571 5641 2571 5642 2714 5642 2715 5642 2571 5643 2715 5643 2572 5643 2572 5644 2715 5644 2567 5644 2567 5645 2715 5645 2616 5645 2717 5646 2718 5646 2719 5646 2719 5647 2720 5647 2721 5647 2721 5648 2722 5648 2723 5648 2723 5649 2722 5649 2724 5649 2723 5650 2724 5650 2725 5650 2725 5651 2726 5651 2727 5651 2727 5652 2726 5652 2728 5652 2727 5653 2728 5653 2729 5653 2730 5654 2729 5654 2731 5654 2730 5655 2731 5655 2732 5655 2733 5656 2732 5656 2734 5656 2733 5657 2734 5657 2735 5657 2735 5658 2734 5658 2736 5658 2735 5659 2736 5659 2737 5659 2737 5660 2736 5660 2738 5660 2737 5661 2738 5661 2739 5661 2740 5662 2741 5662 2742 5662 2740 5663 2742 5663 2743 5663 2744 5664 2745 5664 2746 5664 2746 5665 2745 5665 2743 5665 2719 5666 2721 5666 2717 5666 2717 5667 2721 5667 2747 5667 2747 5668 2721 5668 2723 5668 2747 5669 2723 5669 2748 5669 2748 5670 2723 5670 2725 5670 2748 5671 2725 5671 2749 5671 2749 5672 2725 5672 2727 5672 2749 5673 2727 5673 2750 5673 2750 5674 2727 5674 2729 5674 2750 5675 2729 5675 2730 5675 2750 5676 2730 5676 2751 5676 2751 5677 2730 5677 2732 5677 2751 5678 2732 5678 2752 5678 2752 5679 2732 5679 2733 5679 2752 5680 2733 5680 2753 5680 2753 5681 2733 5681 2735 5681 2753 5682 2735 5682 2754 5682 2754 5683 2735 5683 2737 5683 2755 5684 2737 5684 2739 5684 2755 5685 2739 5685 2756 5685 2756 5686 2739 5686 2741 5686 2756 5687 2741 5687 2757 5687 2757 5688 2741 5688 2740 5688 2757 5689 2740 5689 2758 5689 2758 5690 2740 5690 2743 5690 2758 5691 2743 5691 2745 5691 2758 5692 2745 5692 2759 5692 2759 5693 2745 5693 2744 5693 2717 5694 2747 5694 2760 5694 2760 5695 2747 5695 2748 5695 2760 5696 2748 5696 2761 5696 2761 5697 2748 5697 2749 5697 2761 5698 2749 5698 2762 5698 2762 5699 2749 5699 2750 5699 2762 5700 2750 5700 2763 5700 2763 5701 2750 5701 2751 5701 2763 5702 2751 5702 2764 5702 2764 5703 2751 5703 2752 5703 2764 5704 2752 5704 2765 5704 2765 5705 2752 5705 2753 5705 2765 5706 2753 5706 2766 5706 2766 5707 2753 5707 2754 5707 2766 5708 2754 5708 2767 5708 2767 5709 2754 5709 2737 5709 2767 5710 2737 5710 2768 5710 2768 5711 2737 5711 2755 5711 2768 5712 2755 5712 2769 5712 2769 5713 2755 5713 2756 5713 2769 5714 2756 5714 2757 5714 2769 5715 2757 5715 2770 5715 2770 5716 2757 5716 2771 5716 2771 5717 2757 5717 2758 5717 2771 5718 2758 5718 2759 5718 2619 5719 2759 5719 2744 5719 2619 5720 2744 5720 2772 5720 2718 5721 2717 5721 2578 5721 2578 5722 2717 5722 2760 5722 2578 5723 2760 5723 2579 5723 2579 5724 2760 5724 2580 5724 2580 5725 2760 5725 2761 5725 2580 5726 2761 5726 2581 5726 2581 5727 2761 5727 2576 5727 2576 5728 2761 5728 2762 5728 2576 5729 2762 5729 2577 5729 2577 5730 2762 5730 2593 5730 2593 5731 2762 5731 2763 5731 2593 5732 2763 5732 2594 5732 2594 5733 2763 5733 2595 5733 2595 5734 2763 5734 2764 5734 2595 5735 2764 5735 2596 5735 2596 5736 2764 5736 2590 5736 2590 5737 2764 5737 2765 5737 2590 5738 2765 5738 2591 5738 2591 5739 2765 5739 2592 5739 2592 5740 2765 5740 2766 5740 2592 5741 2766 5741 2605 5741 2605 5742 2766 5742 2767 5742 2605 5743 2767 5743 2606 5743 2606 5744 2767 5744 2607 5744 2607 5745 2767 5745 2768 5745 2607 5746 2768 5746 2608 5746 2608 5747 2768 5747 2587 5747 2587 5748 2768 5748 2769 5748 2587 5749 2769 5749 2588 5749 2588 5750 2769 5750 2589 5750 2589 5751 2769 5751 2770 5751 2589 5752 2770 5752 2573 5752 2573 5753 2770 5753 2771 5753 2573 5754 2771 5754 2574 5754 2574 5755 2771 5755 2575 5755 2575 5756 2771 5756 2759 5756 2575 5757 2759 5757 2564 5757 2564 5758 2759 5758 2619 5758 2773 5759 2625 5759 2774 5759 2775 5760 2773 5760 2774 5760 2638 5761 2776 5761 2640 5761 2777 5762 2638 5762 2648 5762 2777 5763 2648 5763 2778 5763 2778 5764 2648 5764 2647 5764 2778 5765 2647 5765 2779 5765 2779 5766 2647 5766 2642 5766 2779 5767 2642 5767 2641 5767 2779 5768 2641 5768 2780 5768 2780 5769 2641 5769 2650 5769 2780 5770 2650 5770 2781 5770 2781 5771 2650 5771 2649 5771 2781 5772 2649 5772 2782 5772 2782 5773 2649 5773 2653 5773 2782 5774 2653 5774 2652 5774 2652 5775 2651 5775 2783 5775 2783 5776 2651 5776 2655 5776 2655 5777 2654 5777 2784 5777 2784 5778 2654 5778 2657 5778 2784 5779 2657 5779 2785 5779 2785 5780 2657 5780 2656 5780 2785 5781 2656 5781 2786 5781 2786 5782 2656 5782 2628 5782 2786 5783 2628 5783 2627 5783 2786 5784 2627 5784 2787 5784 2787 5785 2627 5785 2658 5785 2787 5786 2658 5786 2788 5786 2787 5787 2788 5787 2789 5787 2776 5788 2638 5788 2790 5788 2790 5789 2638 5789 2777 5789 2790 5790 2777 5790 2791 5790 2791 5791 2777 5791 2778 5791 2791 5792 2778 5792 2792 5792 2792 5793 2778 5793 2779 5793 2792 5794 2779 5794 2793 5794 2793 5795 2779 5795 2780 5795 2793 5796 2780 5796 2794 5796 2794 5797 2780 5797 2781 5797 2794 5798 2781 5798 2795 5798 2795 5799 2781 5799 2782 5799 2795 5800 2782 5800 2796 5800 2796 5801 2782 5801 2652 5801 2796 5802 2652 5802 2797 5802 2797 5803 2652 5803 2783 5803 2797 5804 2783 5804 2798 5804 2798 5805 2783 5805 2655 5805 2798 5806 2655 5806 2784 5806 2798 5807 2784 5807 2799 5807 2799 5808 2784 5808 2785 5808 2800 5809 2785 5809 2786 5809 2800 5810 2786 5810 2801 5810 2801 5811 2786 5811 2787 5811 2801 5812 2787 5812 2802 5812 2802 5813 2787 5813 2789 5813 2790 5814 2791 5814 2803 5814 2803 5815 2791 5815 2792 5815 2803 5816 2792 5816 2667 5816 2667 5817 2792 5817 2793 5817 2667 5818 2793 5818 2670 5818 2670 5819 2793 5819 2794 5819 2670 5820 2794 5820 2672 5820 2672 5821 2794 5821 2795 5821 2672 5822 2795 5822 2673 5822 2673 5823 2795 5823 2674 5823 2674 5824 2795 5824 2796 5824 2674 5825 2796 5825 2675 5825 2675 5826 2796 5826 2797 5826 2675 5827 2797 5827 2677 5827 2677 5828 2797 5828 2798 5828 2677 5829 2798 5829 2679 5829 2679 5830 2798 5830 2799 5830 2679 5831 2799 5831 2681 5831 2681 5832 2799 5832 2785 5832 2681 5833 2785 5833 2683 5833 2683 5834 2785 5834 2800 5834 2683 5835 2800 5835 2684 5835 2684 5836 2800 5836 2801 5836 2684 5837 2801 5837 2686 5837 2686 5838 2801 5838 2802 5838 2802 5839 2789 5839 2804 5839 2804 5840 2687 5840 2802 5840 2802 5841 2687 5841 2686 5841 2686 5842 2685 5842 2684 5842 2670 5843 2668 5843 2667 5843 2667 5844 2666 5844 2803 5844 2803 5845 2666 5845 2664 5845 2803 5846 2664 5846 2790 5846 2790 5847 2664 5847 2663 5847 2790 5848 2663 5848 2776 5848 2623 5849 2805 5849 2806 5849 2623 5850 2622 5850 2807 5850 2807 5851 2622 5851 2630 5851 2807 5852 2630 5852 2808 5852 2808 5853 2630 5853 2629 5853 2808 5854 2629 5854 2644 5854 2644 5855 2643 5855 2809 5855 2809 5856 2643 5856 2646 5856 2809 5857 2646 5857 2810 5857 2810 5858 2646 5858 2645 5858 2645 5859 2633 5859 2811 5859 2811 5860 2633 5860 2632 5860 2811 5861 2632 5861 2812 5861 2812 5862 2632 5862 2631 5862 2812 5863 2631 5863 2813 5863 2813 5864 2631 5864 2635 5864 2813 5865 2635 5865 2634 5865 2813 5866 2634 5866 2814 5866 2814 5867 2634 5867 2637 5867 2814 5868 2637 5868 2815 5868 2815 5869 2637 5869 2636 5869 2636 5870 2626 5870 2816 5870 2816 5871 2626 5871 2625 5871 2816 5872 2625 5872 2773 5872 2816 5873 2773 5873 2817 5873 2817 5874 2773 5874 2818 5874 2817 5875 2818 5875 2819 5875 2805 5876 2623 5876 2820 5876 2820 5877 2623 5877 2807 5877 2820 5878 2807 5878 2821 5878 2821 5879 2807 5879 2822 5879 2822 5880 2807 5880 2808 5880 2822 5881 2808 5881 2823 5881 2823 5882 2808 5882 2644 5882 2823 5883 2644 5883 2809 5883 2823 5884 2809 5884 2824 5884 2824 5885 2809 5885 2810 5885 2825 5886 2810 5886 2645 5886 2825 5887 2645 5887 2811 5887 2825 5888 2811 5888 2826 5888 2826 5889 2811 5889 2812 5889 2826 5890 2812 5890 2827 5890 2827 5891 2812 5891 2813 5891 2827 5892 2813 5892 2828 5892 2828 5893 2813 5893 2814 5893 2828 5894 2814 5894 2829 5894 2829 5895 2814 5895 2815 5895 2829 5896 2815 5896 2830 5896 2830 5897 2815 5897 2831 5897 2831 5898 2815 5898 2636 5898 2831 5899 2636 5899 2816 5899 2831 5900 2816 5900 2832 5900 2832 5901 2816 5901 2817 5901 2805 5902 2820 5902 2821 5902 2722 5903 2821 5903 2822 5903 2722 5904 2822 5904 2724 5904 2724 5905 2822 5905 2823 5905 2724 5906 2823 5906 2725 5906 2725 5907 2823 5907 2726 5907 2726 5908 2823 5908 2824 5908 2726 5909 2824 5909 2728 5909 2728 5910 2824 5910 2810 5910 2728 5911 2810 5911 2825 5911 2728 5912 2825 5912 2729 5912 2729 5913 2825 5913 2731 5913 2731 5914 2825 5914 2826 5914 2731 5915 2826 5915 2732 5915 2732 5916 2826 5916 2827 5916 2732 5917 2827 5917 2734 5917 2734 5918 2827 5918 2828 5918 2734 5919 2828 5919 2736 5919 2736 5920 2828 5920 2829 5920 2736 5921 2829 5921 2738 5921 2738 5922 2829 5922 2830 5922 2830 5923 2831 5923 2742 5923 2742 5924 2831 5924 2832 5924 2742 5925 2832 5925 2833 5925 2833 5926 2832 5926 2817 5926 2833 5927 2817 5927 2819 5927 2833 5928 2819 5928 2834 5928 2834 5929 2743 5929 2833 5929 2833 5930 2743 5930 2742 5930 2742 5931 2741 5931 2830 5931 2830 5932 2741 5932 2739 5932 2830 5933 2739 5933 2738 5933 2722 5934 2721 5934 2821 5934 2821 5935 2721 5935 2720 5935 2821 5936 2720 5936 2805 5936 2372 5937 2310 5937 2370 5937 2370 5938 2310 5938 2312 5938 2370 5939 2312 5939 2349 5939 2349 5940 2312 5940 2314 5940 2349 5941 2314 5941 2346 5941 2346 5942 2314 5942 2313 5942 2346 5943 2313 5943 2357 5943 2357 5944 2313 5944 2315 5944 2357 5945 2315 5945 2354 5945 2354 5946 2315 5946 2317 5946 2354 5947 2317 5947 2367 5947 2367 5948 2317 5948 2309 5948 2367 5949 2309 5949 2374 5949 2374 5950 2309 5950 2320 5950 2374 5951 2320 5951 2385 5951 2385 5952 2320 5952 2319 5952 2385 5953 2319 5953 2383 5953 2383 5954 2319 5954 2318 5954 2383 5955 2318 5955 2391 5955 2391 5956 2318 5956 2321 5956 2391 5957 2321 5957 2345 5957 2345 5958 2321 5958 2322 5958 2345 5959 2322 5959 2343 5959 2343 5960 2322 5960 2324 5960 2343 5961 2324 5961 2351 5961 2351 5962 2324 5962 2323 5962 2351 5963 2323 5963 2358 5963 2358 5964 2323 5964 2326 5964 2358 5965 2326 5965 2365 5965 2365 5966 2326 5966 2311 5966 2365 5967 2311 5967 2372 5967 2372 5968 2311 5968 2310 5968 2329 5937 2410 5937 2341 5937 2341 5938 2410 5938 2395 5938 2341 5939 2395 5939 2342 5939 2342 5940 2395 5940 2398 5940 2342 5941 2398 5941 2340 5941 2340 5942 2398 5942 2399 5942 2340 5943 2399 5943 2338 5943 2338 5944 2399 5944 2402 5944 2338 5945 2402 5945 2339 5945 2339 5946 2402 5946 2408 5946 2339 5947 2408 5947 2337 5947 2337 5948 2408 5948 2442 5948 2337 5949 2442 5949 2336 5949 2336 5950 2442 5950 2444 5950 2336 5951 2444 5951 2335 5951 2335 5952 2444 5952 2438 5952 2335 5953 2438 5953 2333 5953 2333 5954 2438 5954 2417 5954 2333 5955 2417 5955 2334 5955 2334 5956 2417 5956 2419 5956 2334 5957 2419 5957 2332 5957 2332 5958 2419 5958 2422 5958 2332 5959 2422 5959 2330 5959 2330 5960 2422 5960 2425 5960 2330 5961 2425 5961 2331 5961 2331 5962 2425 5962 2413 5962 2331 5963 2413 5963 2327 5963 2327 5964 2413 5964 2415 5964 2327 5965 2415 5965 2328 5965 2328 5966 2415 5966 2428 5966 2328 5967 2428 5967 2329 5967 2329 5968 2428 5968 2410 5968 2377 5969 2468 5969 2467 5969 2377 5970 2467 5970 2378 5970 2378 5971 2467 5971 2475 5971 2378 5972 2475 5972 2379 5972 2379 5973 2475 5973 2473 5973 2379 5974 2473 5974 2366 5974 2366 5975 2473 5975 2495 5975 2366 5976 2495 5976 2359 5976 2359 5977 2495 5977 2494 5977 2359 5978 2494 5978 2360 5978 2360 5979 2494 5979 2493 5979 2360 5980 2493 5980 2361 5980 2361 5981 2493 5981 2480 5981 2361 5982 2480 5982 2362 5982 2362 5983 2480 5983 2478 5983 2362 5984 2478 5984 2352 5984 2352 5985 2478 5985 2477 5985 2352 5986 2477 5986 2353 5986 2353 5987 2477 5987 2497 5987 2353 5988 2497 5988 2344 5988 2344 5989 2497 5989 2501 5989 2344 5990 2501 5990 2389 5990 2389 5991 2501 5991 2500 5991 2389 5992 2500 5992 2390 5992 2390 5993 2500 5993 2499 5993 2390 5994 2499 5994 2392 5994 2392 5995 2499 5995 2492 5995 2392 5996 2492 5996 2393 5996 2393 5997 2492 5997 2490 5997 2393 5998 2490 5998 2394 5998 2394 5999 2490 5999 2505 5999 2394 6000 2505 6000 2384 6000 2384 6001 2505 6001 2503 6001 2384 6002 2503 6002 2386 6002 2386 6003 2503 6003 2502 6003 2386 6004 2502 6004 2387 6004 2387 6005 2502 6005 2486 6005 2387 6006 2486 6006 2388 6006 2388 6007 2486 6007 2484 6007 2388 6008 2484 6008 2375 6008 2375 6009 2484 6009 2482 6009 2375 6010 2482 6010 2376 6010 2376 6011 2482 6011 2488 6011 2376 6012 2488 6012 2368 6012 2368 6013 2488 6013 2487 6013 2368 6014 2487 6014 2369 6014 2369 6015 2487 6015 2464 6015 2369 6016 2464 6016 2355 6016 2355 6017 2464 6017 2462 6017 2355 6018 2462 6018 2356 6018 2356 6019 2462 6019 2461 6019 2356 6020 2461 6020 2363 6020 2363 6021 2461 6021 2450 6021 2363 6022 2450 6022 2364 6022 2364 6023 2450 6023 2460 6023 2364 6024 2460 6024 2347 6024 2347 6025 2460 6025 2459 6025 2347 6026 2459 6026 2348 6026 2348 6027 2459 6027 2458 6027 2348 6028 2458 6028 2350 6028 2350 6029 2458 6029 2457 6029 2350 6030 2457 6030 2380 6030 2380 6031 2457 6031 2455 6031 2380 6032 2455 6032 2381 6032 2381 6033 2455 6033 2454 6033 2381 6034 2454 6034 2382 6034 2382 6035 2454 6035 2466 6035 2382 6036 2466 6036 2371 6036 2371 6037 2466 6037 2471 6037 2371 6038 2471 6038 2373 6038 2373 6039 2471 6039 2468 6039 2373 6040 2468 6040 2377 6040 2439 6041 2534 6041 2533 6041 2439 6042 2533 6042 2440 6042 2440 6043 2533 6043 2541 6043 2440 6044 2541 6044 2441 6044 2441 6045 2541 6045 2539 6045 2441 6046 2539 6046 2427 6046 2427 6047 2539 6047 2556 6047 2427 6048 2556 6048 2418 6048 2418 6049 2556 6049 2555 6049 2418 6050 2555 6050 2420 6050 2420 6051 2555 6051 2554 6051 2420 6052 2554 6052 2421 6052 2421 6053 2554 6053 2512 6053 2421 6054 2512 6054 2435 6054 2435 6055 2512 6055 2511 6055 2435 6056 2511 6056 2436 6056 2436 6057 2511 6057 2517 6057 2436 6058 2517 6058 2437 6058 2437 6059 2517 6059 2515 6059 2437 6060 2515 6060 2424 6060 2424 6061 2515 6061 2521 6061 2424 6062 2521 6062 2426 6062 2426 6063 2521 6063 2520 6063 2426 6064 2520 6064 2414 6064 2414 6065 2520 6065 2519 6065 2414 6066 2519 6066 2416 6066 2416 6067 2519 6067 2544 6067 2416 6068 2544 6068 2433 6068 2433 6069 2544 6069 2543 6069 2433 6070 2543 6070 2434 6070 2434 6071 2543 6071 2548 6071 2434 6072 2548 6072 2429 6072 2429 6073 2548 6073 2546 6073 2429 6074 2546 6074 2430 6074 2430 6075 2546 6075 2553 6075 2430 6076 2553 6076 2431 6076 2431 6077 2553 6077 2552 6077 2431 6078 2552 6078 2432 6078 2432 6079 2552 6079 2550 6079 2432 6080 2550 6080 2411 6080 2411 6081 2550 6081 2559 6081 2411 6082 2559 6082 2412 6082 2412 6083 2559 6083 2558 6083 2412 6084 2558 6084 2396 6084 2396 6085 2558 6085 2563 6085 2396 6086 2563 6086 2397 6086 2397 6087 2563 6087 2562 6087 2397 6088 2562 6088 2403 6088 2403 6089 2562 6089 2561 6089 2403 6090 2561 6090 2404 6090 2404 6091 2561 6091 2560 6091 2404 6092 2560 6092 2405 6092 2405 6093 2560 6093 2523 6093 2405 6094 2523 6094 2400 6094 2400 6095 2523 6095 2532 6095 2400 6096 2532 6096 2406 6096 2406 6097 2532 6097 2530 6097 2406 6098 2530 6098 2407 6098 2407 6099 2530 6099 2529 6099 2407 6100 2529 6100 2409 6100 2409 6101 2529 6101 2508 6101 2409 6102 2508 6102 2446 6102 2446 6103 2508 6103 2507 6103 2446 6104 2507 6104 2447 6104 2447 6105 2507 6105 2528 6105 2447 6106 2528 6106 2448 6106 2448 6107 2528 6107 2527 6107 2448 6108 2527 6108 2443 6108 2443 6109 2527 6109 2537 6109 2443 6110 2537 6110 2445 6110 2445 6111 2537 6111 2534 6111 2445 6112 2534 6112 2439 6112 2835 2116 2836 2116 2837 2116 2838 2116 2836 2116 2835 2116 2839 2116 2838 2116 2835 2116 2840 2116 2839 2116 2835 2116 2835 2116 2841 2116 2840 2116 2835 2116 2842 2116 2841 2116 2835 2116 2843 2116 2842 2116 2844 5176 2845 5176 2846 5176 2844 5176 2847 5176 2845 5176 2844 5176 2848 5176 2847 5176 2844 5176 2849 5176 2850 5176 2844 5176 2851 5176 2849 5176 2846 5176 2851 5176 2844 5176 2852 6113 1950 6113 1949 6113 2852 6114 1949 6114 2853 6114 2853 6115 1949 6115 1933 6115 2853 6116 1933 6116 2854 6116 2855 6117 2854 6117 1932 6117 1932 6118 2854 6118 1933 6118 1931 6119 2856 6119 2855 6119 1931 6120 2855 6120 1932 6120 2856 6121 1931 6121 2857 6121 2857 6122 1931 6122 1927 6122 1928 6123 2858 6123 2857 6123 1928 6124 2857 6124 1927 6124 2859 6125 1937 6125 2860 6125 1961 6126 2861 6126 1962 6126 1940 6127 2862 6127 1939 6127 1939 6128 2862 6128 2863 6128 1960 6129 2861 6129 1961 6129 1950 6130 2852 6130 1959 6130 1959 6131 2852 6131 2864 6131 2858 6132 1928 6132 1930 6132 1929 6133 2865 6133 2866 6133 1929 6134 2866 6134 1930 6134 1930 6135 2866 6135 2858 6135 2867 6136 2868 6136 1937 6136 2867 6137 1937 6137 2859 6137 1935 6138 2869 6138 1934 6138 1959 6139 2864 6139 1960 6139 1960 6140 2864 6140 2861 6140 2870 6141 1945 6141 2871 6141 2871 6142 1945 6142 1943 6142 1939 6143 2863 6143 1943 6143 1943 6144 2863 6144 2871 6144 2867 6145 2862 6145 2868 6145 2868 6146 2862 6146 1940 6146 2869 6147 2860 6147 1934 6147 1934 6148 2860 6148 1937 6148 1942 6149 1941 6149 2872 6149 1952 6150 2873 6150 1936 6150 2874 6151 2875 6151 1955 6151 2876 6152 2877 6152 1957 6152 1957 6153 2877 6153 1956 6153 2861 6154 2876 6154 1962 6154 1962 6155 2876 6155 1957 6155 1942 6156 2872 6156 2865 6156 1942 6157 2865 6157 1929 6157 1945 6158 2870 6158 1944 6158 1936 6159 2873 6159 1935 6159 1935 6160 2873 6160 2869 6160 1951 6161 1948 6161 2878 6161 1946 6162 2879 6162 1947 6162 1947 6163 2879 6163 2880 6163 1953 6164 2881 6164 2879 6164 1953 6165 2879 6165 1946 6165 1955 6166 2875 6166 1952 6166 1952 6167 2875 6167 2873 6167 2877 6168 2874 6168 1956 6168 1956 6169 2874 6169 1955 6169 1951 6170 2878 6170 2882 6170 2870 6171 2883 6171 1944 6171 1944 6172 2883 6172 1958 6172 1951 6173 2882 6173 1941 6173 1941 6174 2882 6174 2872 6174 1947 6175 2880 6175 1948 6175 1948 6176 2880 6176 2878 6176 1954 6177 2884 6177 1953 6177 1953 6178 2884 6178 2881 6178 2883 6179 2885 6179 1958 6179 1958 6180 2885 6180 1954 6180 1954 6181 2885 6181 2884 6181 2886 6182 2887 6182 2888 6182 2889 6183 2890 6183 2891 6183 2891 6184 2890 6184 2892 6184 2893 6185 2894 6185 2895 6185 2893 5176 2895 5176 2890 5176 2890 5176 2895 5176 2892 5176 2896 6186 2897 6186 2898 6186 2899 6187 2900 6187 2896 6187 2901 6188 2902 6188 2903 6188 2890 6189 2889 6189 2904 6189 2890 6190 2904 6190 2903 6190 2903 6191 2904 6191 2901 6191 2896 6192 2898 6192 2887 6192 2887 6193 2898 6193 2905 6193 2887 6194 2905 6194 2888 6194 2900 6195 2897 6195 2896 6195 2899 6196 2906 6196 2900 6196 2907 5176 2908 5176 2887 5176 2907 5176 2887 5176 2886 5176 2893 6197 2909 6197 2894 6197 2893 6198 2910 6198 2911 6198 2893 6199 2911 6199 2912 6199 2903 6200 2902 6200 2906 6200 2903 6201 2906 6201 2899 6201 2893 6202 2912 6202 2909 6202 2913 6203 2910 6203 2893 6203 2913 6204 2914 6204 2910 6204 2908 6205 2907 6205 2915 6205 2913 6206 2916 6206 2914 6206 2908 6207 2917 6207 2918 6207 2908 6208 2918 6208 2913 6208 2908 6209 2915 6209 2917 6209 2913 6210 2918 6210 2919 6210 2913 6211 2919 6211 2916 6211 2920 6212 2921 6212 2922 6212 2923 6213 2924 6213 2925 6213 2911 6214 2910 6214 2926 6214 2927 6215 2928 6215 2929 6215 2930 6216 2931 6216 2932 6216 2933 6217 2934 6217 2935 6217 2936 6218 2937 6218 2938 6218 2932 6219 2936 6219 2938 6219 2935 6220 2939 6220 2933 6220 2934 6221 2933 6221 2940 6221 2941 6222 2942 6222 2943 6222 2943 6223 2942 6223 2934 6223 2943 6224 2934 6224 2944 6224 2944 6225 2934 6225 2940 6225 2945 6226 2935 6226 2942 6226 2946 6227 2942 6227 2941 6227 2947 6228 2948 6228 2935 6228 2947 6229 2935 6229 2949 6229 2949 6230 2935 6230 2945 6230 2946 6231 2941 6231 2950 6231 2944 6232 2940 6232 2951 6232 2952 6233 2941 6233 2943 6233 2952 6234 2943 6234 2944 6234 2953 6235 2948 6235 2947 6235 2954 6236 2949 6236 2945 6236 2945 6237 2942 6237 2946 6237 2955 6238 2945 6238 2946 6238 2953 6239 2947 6239 2956 6239 2957 6240 2945 6240 2955 6240 2958 6241 2946 6241 2950 6241 2959 6242 2960 6242 2961 6242 2962 6243 2961 6243 2956 6243 2963 6244 2954 6244 2957 6244 2964 6245 2955 6245 2958 6245 2965 6246 2958 6246 2966 6246 2956 6247 2947 6247 2949 6247 2957 6248 2954 6248 2945 6248 2963 6249 2956 6249 2949 6249 2963 6250 2949 6250 2954 6250 2955 6251 2946 6251 2958 6251 2958 6252 2950 6252 2966 6252 2865 6253 2967 6253 2866 6253 2866 6254 2967 6254 2968 6254 2866 6255 2968 6255 2858 6255 2858 6256 2968 6256 2969 6256 2858 6257 2969 6257 2857 6257 2857 6258 2969 6258 2970 6258 2971 6259 2972 6259 2937 6259 2937 6260 2972 6260 2973 6260 2973 6261 2938 6261 2937 6261 2971 6262 2974 6262 2972 6262 2972 6263 2975 6263 2973 6263 2965 6264 2976 6264 2977 6264 2964 6265 2977 6265 2978 6265 2964 6266 2978 6266 2979 6266 2963 6267 2980 6267 2931 6267 2978 6268 2937 6268 2980 6268 2930 6269 2959 6269 2962 6269 2930 6270 2962 6270 2931 6270 2976 6271 2974 6271 2971 6271 2977 6272 2976 6272 2971 6272 2978 6273 2971 6273 2937 6273 2980 6274 2937 6274 2936 6274 2931 6275 2936 6275 2932 6275 2979 6276 2978 6276 2980 6276 2959 6277 2961 6277 2962 6277 2962 6278 2956 6278 2963 6278 2979 6279 2957 6279 2964 6279 2980 6280 2963 6280 2957 6280 2980 6281 2957 6281 2979 6281 2964 6282 2958 6282 2977 6282 2977 6283 2958 6283 2965 6283 2981 6284 2982 6284 2983 6284 2984 6285 2985 6285 2986 6285 2986 6286 2985 6286 2987 6286 2988 6287 2975 6287 2989 6287 2987 6288 2989 6288 2986 6288 2990 6289 2986 6289 2989 6289 2990 6290 2989 6290 2975 6290 2984 6291 2991 6291 2985 6291 2990 6292 2975 6292 2974 6292 2974 6293 2975 6293 2972 6293 2991 6294 2981 6294 2983 6294 2992 6295 2986 6295 2990 6295 2993 6296 2984 6296 2986 6296 2993 6297 2986 6297 2992 6297 2994 6298 2990 6298 2974 6298 2994 6299 2992 6299 2990 6299 2976 6300 2994 6300 2974 6300 2995 6301 2996 6301 2991 6301 2995 6302 2991 6302 2984 6302 2995 6303 2984 6303 2993 6303 2997 6304 2992 6304 2994 6304 2997 6305 2994 6305 2998 6305 2998 6306 2994 6306 2976 6306 2977 6307 2971 6307 2978 6307 2980 6308 2936 6308 2931 6308 2999 6309 3000 6309 3001 6309 3001 6310 3000 6310 3002 6310 3002 6311 3000 6311 3003 6311 2927 6312 3004 6312 3005 6312 3006 6313 3007 6313 3008 6313 3006 6314 3008 6314 3009 6314 3009 6315 3008 6315 3004 6315 3009 6316 3004 6316 2927 6316 3000 6317 3010 6317 2928 6317 3000 6318 2928 6318 3003 6318 3003 6319 2927 6319 3005 6319 3011 6320 2928 6320 3012 6320 3012 6321 2928 6321 3010 6321 2929 6322 3009 6322 2927 6322 3006 6323 3013 6323 3014 6323 3006 6324 3014 6324 3007 6324 3015 6325 2981 6325 2996 6325 2996 6326 2981 6326 2991 6326 2995 6327 2993 6327 2997 6327 2997 6328 2993 6328 2992 6328 3016 6329 2998 6329 2976 6329 3016 6330 2976 6330 2965 6330 2963 6331 2931 6331 2962 6331 3017 6332 2997 6332 2998 6332 3017 6333 2998 6333 3016 6333 3018 6334 3016 6334 2965 6334 3018 6335 2965 6335 2966 6335 2955 6336 2964 6336 2957 6336 2953 6337 2956 6337 2961 6337 3019 6338 2995 6338 2997 6338 3019 6339 2997 6339 3017 6339 3020 6340 3017 6340 3016 6340 3020 6341 3016 6341 3018 6341 2934 6342 2942 6342 2935 6342 2939 6343 2935 6343 2948 6343 3021 6344 2996 6344 2995 6344 3021 6345 2995 6345 3019 6345 3019 6346 3017 6346 3022 6346 3022 6347 3017 6347 3020 6347 3023 6348 3018 6348 2966 6348 3023 6349 2966 6349 2950 6349 3023 6350 2950 6350 3024 6350 3024 6351 2950 6351 2941 6351 3024 6352 2941 6352 2952 6352 3025 6353 2952 6353 2944 6353 3025 6354 2944 6354 2951 6354 3026 6355 3010 6355 3000 6355 3026 6356 3000 6356 3027 6356 3027 6357 3000 6357 2999 6357 3028 6358 3026 6358 3027 6358 3027 6359 2999 6359 3029 6359 3022 6360 3020 6360 3030 6360 3030 6361 3020 6361 3018 6361 2968 6362 3024 6362 2952 6362 2968 6363 2952 6363 3025 6363 2969 6364 3025 6364 2951 6364 2880 6365 3021 6365 3019 6365 2878 6366 3019 6366 3022 6366 3030 6367 3018 6367 3031 6367 3031 6368 3018 6368 3023 6368 3031 6369 3023 6369 2865 6369 2865 6370 3023 6370 3024 6370 2865 6371 3024 6371 2967 6371 2967 6372 3024 6372 2968 6372 2968 6373 3025 6373 2969 6373 2881 6374 3015 6374 2879 6374 2879 6375 3015 6375 2996 6375 2879 6376 2996 6376 3021 6376 2872 6377 3031 6377 2865 6377 3032 6378 3033 6378 3034 6378 3032 6379 3034 6379 3035 6379 3035 6380 3034 6380 3036 6380 3036 6381 2881 6381 2884 6381 3033 6382 2982 6382 2981 6382 3033 6383 2981 6383 3034 6383 3034 6384 2981 6384 3015 6384 3034 6385 3015 6385 3036 6385 3036 6386 3015 6386 2881 6386 2884 6387 3028 6387 3035 6387 3035 6388 3028 6388 3027 6388 3035 6389 3027 6389 3032 6389 3032 6390 3027 6390 3029 6390 2885 6391 3026 6391 3028 6391 3036 6392 2884 6392 3035 6392 3037 6393 3038 6393 3039 6393 3040 6394 3039 6394 3041 6394 3041 6395 3009 6395 2929 6395 3041 6396 2929 6396 3011 6396 3042 6397 3012 6397 3010 6397 2871 6398 3011 6398 3012 6398 2870 6399 3012 6399 3042 6399 2870 6400 3042 6400 2883 6400 2883 6401 3042 6401 2885 6401 2885 6402 3042 6402 3026 6402 3037 6403 3039 6403 3040 6403 2870 6404 2871 6404 3012 6404 3039 6405 3038 6405 3013 6405 3039 6406 3013 6406 3006 6406 3039 6407 3006 6407 3041 6407 3041 6408 3006 6408 3009 6408 3011 6409 2929 6409 2928 6409 3043 6410 2910 6410 3044 6410 3044 6411 2910 6411 2914 6411 2926 6412 2910 6412 3043 6412 2926 6413 3045 6413 3046 6413 2911 6414 2926 6414 3047 6414 2911 6415 3047 6415 2912 6415 3048 6416 3049 6416 3050 6416 3050 6417 3049 6417 2895 6417 3050 6418 2895 6418 3051 6418 3051 6419 2895 6419 2894 6419 3052 6420 2894 6420 2909 6420 3052 6421 2909 6421 3053 6421 3053 6422 2909 6422 2912 6422 3053 6423 2912 6423 3047 6423 3054 6424 3050 6424 3051 6424 3054 6425 3051 6425 3055 6425 3055 6426 3051 6426 2894 6426 3055 6427 2894 6427 3052 6427 3055 6428 3052 6428 3056 6428 3056 6429 3052 6429 3053 6429 3056 6430 3053 6430 3057 6430 3057 6431 3053 6431 3047 6431 3057 6432 3047 6432 3046 6432 3046 6433 3047 6433 2926 6433 2923 6434 3050 6434 3054 6434 3058 6435 3054 6435 3055 6435 3058 6436 3055 6436 3059 6436 3059 6437 3055 6437 3056 6437 3059 6438 3056 6438 3060 6438 3060 6439 3056 6439 3057 6439 2923 6440 3054 6440 3061 6440 3061 6441 3054 6441 3058 6441 3061 6442 3058 6442 3005 6442 3005 6443 3058 6443 3059 6443 3005 6444 3059 6444 3002 6444 3002 6445 3059 6445 3060 6445 3002 6446 3060 6446 3001 6446 3001 6447 3060 6447 2999 6447 2925 6448 3062 6448 2923 6448 2923 6449 3062 6449 3063 6449 2923 6450 3063 6450 3050 6450 3050 6451 3063 6451 3064 6451 3050 6452 3064 6452 3048 6452 2886 6453 3065 6453 3066 6453 2886 6454 3066 6454 2907 6454 2907 6455 3066 6455 3067 6455 2907 6456 3067 6456 2915 6456 2915 6457 3067 6457 3068 6457 2915 6458 3068 6458 3069 6458 2915 6459 3069 6459 2917 6459 2917 6460 3069 6460 3070 6460 2917 6461 3070 6461 2918 6461 2918 6462 3070 6462 3071 6462 3065 6463 3072 6463 3066 6463 3066 6464 3072 6464 3073 6464 3066 6465 3073 6465 3067 6465 3067 6466 3073 6466 3068 6466 3074 6467 3044 6467 3075 6467 3076 6468 2916 6468 2919 6468 3044 6469 2914 6469 3075 6469 3075 6470 2914 6470 3077 6470 3077 6471 2914 6471 2916 6471 2918 6472 3071 6472 3078 6472 2918 6473 3078 6473 2919 6473 2919 6474 3078 6474 3076 6474 3079 6475 3044 6475 3074 6475 3076 6476 3077 6476 2916 6476 3080 6477 3081 6477 3043 6477 3080 6478 3043 6478 3044 6478 3080 6479 3044 6479 3079 6479 3082 6480 3068 6480 3083 6480 3084 6481 3085 6481 3077 6481 3071 6482 3070 6482 3086 6482 3086 6483 3070 6483 3069 6483 3086 6484 3069 6484 3082 6484 3082 6485 3069 6485 3068 6485 3083 6486 3068 6486 3073 6486 3083 6487 3073 6487 3087 6487 3087 6488 3073 6488 3072 6488 3087 6489 3072 6489 3088 6489 3077 6490 3085 6490 3075 6490 3075 6491 3085 6491 3074 6491 3043 6492 3081 6492 2926 6492 2926 6493 3081 6493 3045 6493 3060 6494 3057 6494 3089 6494 3089 6495 3057 6495 3046 6495 3090 6496 3091 6496 3071 6496 3090 6497 3071 6497 3092 6497 3093 6498 3094 6498 3082 6498 3093 6499 3082 6499 3095 6499 3096 6500 3097 6500 3098 6500 3096 6501 3098 6501 3099 6501 3076 6502 3100 6502 2987 6502 3076 6503 2987 6503 3084 6503 3074 6504 2983 6504 3079 6504 3079 6505 2983 6505 2982 6505 3079 6506 2982 6506 3080 6506 3080 6507 2982 6507 3101 6507 3080 6508 3101 6508 3102 6508 3089 6509 3046 6509 3103 6509 3103 6510 3046 6510 3045 6510 3103 6511 3045 6511 3081 6511 3103 6512 3081 6512 3102 6512 3102 6513 3081 6513 3080 6513 2985 6514 3074 6514 3085 6514 2985 6515 3085 6515 3084 6515 3104 6516 3090 6516 3092 6516 3104 6517 3092 6517 3105 6517 3105 6518 3092 6518 3094 6518 3105 6519 3094 6519 3093 6519 3093 6520 3095 6520 3099 6520 3099 6521 3095 6521 3096 6521 3097 6522 3096 6522 3106 6522 2920 6523 2922 6523 3098 6523 3098 6524 2922 6524 3107 6524 3107 6525 2922 6525 3108 6525 3107 6526 3108 6526 3109 6526 3109 6527 3108 6527 3110 6527 3109 6528 3110 6528 3111 6528 3111 6529 3110 6529 3112 6529 3111 6530 3112 6530 3113 6530 3113 6531 3112 6531 3114 6531 3113 6532 3114 6532 3115 6532 3115 6533 3114 6533 2988 6533 3115 6534 2988 6534 2989 6534 3115 6535 2989 6535 3100 6535 3084 6536 2987 6536 2985 6536 3103 6537 3029 6537 2999 6537 3103 6538 2999 6538 3089 6538 3097 6539 2920 6539 3098 6539 3099 6540 3098 6540 3107 6540 3099 6541 3107 6541 3109 6541 3099 6542 3109 6542 3093 6542 3093 6543 3109 6543 3105 6543 3105 6544 3109 6544 3111 6544 3105 6545 3111 6545 3104 6545 3104 6546 3111 6546 3113 6546 3104 6547 3113 6547 3090 6547 3090 6548 3113 6548 3115 6548 3090 6549 3115 6549 3091 6549 3091 6550 3115 6550 3100 6550 3074 6551 2985 6551 2983 6551 3089 6552 2999 6552 3060 6552 3084 6553 3077 6553 3076 6553 3100 6554 3076 6554 3091 6554 3091 6555 3076 6555 3078 6555 3091 6556 3078 6556 3071 6556 3092 6557 3071 6557 3086 6557 3092 6558 3086 6558 3094 6558 3094 6559 3086 6559 3082 6559 3082 6560 3083 6560 3095 6560 3095 6561 3083 6561 3087 6561 3095 6562 3087 6562 3096 6562 3096 6563 3087 6563 3088 6563 3096 6564 3088 6564 3106 6564 3116 6565 3037 6565 2862 6565 2862 6566 3037 6566 3040 6566 2862 6567 3040 6567 2863 6567 2863 6568 3040 6568 3041 6568 2863 6569 3041 6569 2871 6569 2871 6570 3041 6570 3011 6570 3031 6571 2872 6571 3030 6571 3030 6572 2872 6572 2882 6572 3030 6573 2882 6573 3022 6573 3022 6574 2882 6574 2878 6574 3019 6575 2878 6575 2880 6575 3021 6576 2880 6576 2879 6576 3007 6577 2924 6577 2923 6577 3007 6578 2923 6578 3008 6578 3008 6579 2923 6579 3061 6579 3008 6580 3061 6580 3004 6580 3004 6581 3061 6581 3005 6581 3033 6582 3102 6582 3101 6582 3033 6583 3101 6583 2982 6583 2987 6584 3100 6584 2989 6584 2932 6585 3110 6585 3108 6585 2921 6586 3108 6586 2922 6586 2884 6587 2885 6587 3028 6587 3026 6588 3042 6588 3010 6588 3003 6589 2928 6589 2927 6589 3005 6590 3002 6590 3003 6590 3032 6591 3029 6591 3103 6591 3032 6592 3103 6592 3102 6592 3032 6593 3102 6593 3033 6593 2991 6594 2983 6594 2985 6594 2975 6595 2988 6595 2973 6595 2973 6596 2988 6596 3114 6596 2973 6597 3114 6597 2938 6597 2938 6598 3114 6598 3112 6598 2938 6599 3112 6599 2932 6599 2932 6600 3112 6600 3110 6600 2930 6601 2932 6601 3108 6601 2930 6602 3108 6602 2959 6602 2959 6603 3108 6603 2921 6603 2959 6604 2921 6604 2960 6604 2836 6605 1962 6605 2837 6605 2837 6606 1962 6606 1957 6606 2837 6607 1957 6607 1956 6607 2837 6608 1956 6608 1955 6608 2837 6609 1955 6609 2835 6609 2835 6610 1955 6610 1952 6610 2835 6611 1952 6611 1936 6611 2835 6612 1936 6612 1935 6612 2835 6613 1935 6613 1934 6613 2835 6614 1934 6614 2843 6614 2843 6615 1934 6615 1937 6615 2843 6616 1937 6616 2868 6616 2843 6617 2868 6617 1940 6617 2843 6618 1940 6618 1939 6618 2843 6619 1939 6619 2842 6619 2842 6620 1939 6620 1943 6620 2842 6621 1943 6621 1945 6621 2842 6622 1945 6622 1944 6622 2842 6623 1944 6623 2841 6623 2841 6624 1944 6624 1958 6624 2841 6625 1958 6625 1954 6625 2841 6626 1954 6626 1953 6626 2841 6627 1953 6627 1946 6627 2841 6628 1946 6628 2840 6628 2840 6629 1946 6629 1947 6629 2840 6630 1947 6630 1948 6630 2840 6631 1948 6631 1951 6631 2840 6632 1951 6632 1941 6632 2840 6633 1941 6633 2839 6633 2839 6634 1941 6634 1942 6634 2839 6635 1942 6635 1929 6635 2839 6636 1929 6636 1930 6636 2839 6637 1930 6637 1928 6637 2839 6638 1928 6638 1927 6638 2839 6639 1927 6639 1931 6639 2839 6640 1931 6640 2838 6640 2838 6641 1931 6641 1932 6641 2838 6642 1932 6642 1933 6642 2838 6643 1933 6643 1949 6643 2838 6644 1949 6644 2836 6644 2836 6645 1949 6645 1950 6645 2836 6646 1950 6646 1959 6646 2836 6647 1959 6647 1960 6647 2836 6648 1960 6648 1961 6648 2836 6649 1961 6649 1962 6649 2845 6650 2913 6650 2846 6650 2846 6651 2913 6651 2893 6651 2846 6652 2893 6652 2851 6652 2851 6653 2893 6653 2849 6653 2849 6654 2893 6654 2890 6654 2849 6655 2890 6655 2850 6655 2850 6656 2890 6656 2903 6656 2850 6657 2903 6657 2844 6657 2844 6658 2903 6658 2899 6658 2844 6659 2899 6659 2896 6659 2844 6660 2896 6660 2848 6660 2848 6661 2896 6661 2887 6661 2848 6662 2887 6662 2847 6662 2847 6663 2887 6663 2908 6663 2847 6664 2908 6664 2845 6664 2845 6665 2908 6665 2913 6665 3106 6666 3088 6666 3117 6666 3118 6667 3007 6667 3119 6667 3038 6668 3120 6668 3014 6668 3121 6669 3122 6669 3123 6669 3123 6670 3122 6670 3124 6670 3118 6671 3119 6671 3125 6671 3125 6672 3119 6672 3126 6672 3125 6673 3126 6673 3127 6673 3127 6674 3126 6674 3128 6674 3127 6675 3128 6675 3124 6675 3124 6676 3128 6676 3123 6676 3007 6677 3129 6677 3119 6677 3119 6678 3130 6678 3126 6678 3126 6679 3130 6679 3128 6679 3123 6680 3128 6680 3131 6680 3132 6681 3131 6681 3128 6681 3120 6682 3130 6682 3119 6682 3120 6683 3119 6683 3014 6683 3014 6684 3119 6684 3129 6684 3037 6685 2867 6685 3133 6685 3133 6686 2867 6686 2859 6686 3038 6687 3134 6687 3120 6687 3132 6688 3135 6688 3136 6688 3137 6689 3138 6689 3139 6689 2875 6690 3138 6690 3140 6690 2859 6691 3141 6691 3133 6691 3133 6692 3120 6692 3037 6692 3037 6693 3120 6693 3134 6693 3142 6694 3143 6694 3144 6694 3142 6695 3144 6695 3145 6695 3139 6696 2874 6696 3146 6696 3146 6697 2874 6697 2877 6697 3146 6698 2877 6698 3143 6698 2877 6699 3144 6699 3143 6699 3136 6700 2869 6700 3147 6700 3140 6701 3147 6701 2873 6701 3140 6702 2873 6702 2875 6702 3138 6703 2875 6703 3139 6703 3139 6704 2875 6704 2874 6704 2859 6705 2860 6705 3141 6705 3141 6706 2860 6706 3135 6706 3135 6707 2860 6707 2869 6707 3135 6708 2869 6708 3136 6708 3147 6709 2869 6709 2873 6709 3148 6710 3149 6710 3150 6710 3151 6711 3150 6711 3152 6711 3142 6712 3153 6712 3154 6712 3154 6713 3153 6713 3155 6713 3156 6714 3157 6714 3158 6714 3156 6715 3158 6715 3121 6715 3121 6716 3158 6716 3122 6716 3146 6717 3154 6717 3159 6717 3160 6718 3156 6718 3121 6718 3160 6719 3121 6719 3131 6719 3131 6720 3121 6720 3123 6720 3157 6721 3156 6721 3159 6721 3157 6722 3159 6722 3155 6722 3155 6723 3159 6723 3154 6723 3156 6724 3160 6724 3137 6724 3156 6725 3137 6725 3159 6725 3151 6726 3161 6726 3150 6726 3154 6727 3146 6727 3143 6727 3154 6728 3143 6728 3142 6728 3162 6729 3142 6729 3145 6729 3162 6730 3145 6730 3151 6730 3130 6731 3120 6731 3133 6731 3130 6732 3133 6732 3141 6732 3130 6733 3141 6733 3128 6733 3128 6734 3141 6734 3135 6734 3128 6735 3135 6735 3132 6735 3131 6736 3132 6736 3136 6736 3131 6737 3136 6737 3147 6737 3131 6738 3147 6738 3160 6738 3160 6739 3147 6739 3140 6739 3160 6740 3140 6740 3138 6740 3160 6741 3138 6741 3137 6741 3159 6742 3137 6742 3139 6742 3159 6743 3139 6743 3146 6743 3151 6744 3145 6744 3163 6744 3151 6745 3163 6745 3161 6745 2961 6746 2960 6746 3164 6746 3164 6747 2960 6747 3165 6747 3165 6748 2960 6748 3166 6748 3165 6749 3166 6749 3167 6749 3167 6750 3166 6750 3168 6750 3167 6751 3168 6751 3169 6751 3170 6752 3167 6752 3169 6752 3170 6753 3169 6753 3171 6753 3172 6754 2953 6754 3164 6754 3172 6755 3164 6755 3173 6755 3173 6756 3164 6756 3165 6756 3173 6757 3165 6757 3174 6757 3174 6758 3165 6758 3167 6758 3174 6759 3167 6759 3170 6759 3175 6760 3170 6760 3171 6760 2953 6761 2961 6761 3164 6761 3171 6762 3169 6762 3176 6762 3171 6763 3176 6763 3177 6763 3177 6764 3176 6764 3178 6764 3177 6765 3178 6765 3148 6765 3179 6766 3174 6766 3170 6766 3179 6767 3170 6767 3175 6767 3180 6768 3175 6768 3171 6768 3180 6769 3171 6769 3177 6769 2939 6770 2948 6770 3172 6770 2939 6771 3172 6771 3181 6771 3181 6772 3172 6772 3173 6772 3181 6773 3173 6773 3182 6773 3182 6774 3173 6774 3174 6774 3182 6775 3174 6775 3179 6775 3183 6776 3179 6776 3175 6776 3183 6777 3175 6777 3180 6777 3180 6778 3177 6778 3184 6778 3185 6779 3184 6779 3148 6779 3185 6780 3148 6780 3150 6780 3186 6781 2939 6781 3181 6781 3186 6782 3181 6782 3187 6782 3187 6783 3181 6783 3182 6783 3187 6784 3182 6784 3188 6784 3188 6785 3182 6785 3179 6785 3188 6786 3179 6786 3189 6786 3189 6787 3179 6787 3183 6787 3190 6788 3183 6788 3180 6788 3189 6789 3183 6789 3190 6789 2933 6790 2939 6790 3186 6790 3190 6791 3180 6791 3184 6791 3191 6792 3184 6792 3185 6792 3191 6793 3185 6793 3192 6793 3192 6794 3185 6794 3150 6794 2948 6795 2953 6795 3172 6795 3184 6796 3177 6796 3148 6796 3163 6797 3193 6797 3161 6797 3190 6798 3194 6798 3195 6798 3190 6799 3195 6799 3196 6799 3161 6800 3193 6800 3192 6800 3192 6801 3197 6801 3191 6801 3191 6802 3198 6802 3194 6802 3194 6803 3198 6803 3195 6803 3196 6804 3195 6804 3199 6804 3192 6805 3193 6805 3197 6805 3191 6806 3197 6806 3198 6806 3195 6807 3200 6807 3199 6807 2940 6808 3201 6808 3202 6808 2940 6809 2933 6809 3201 6809 2951 6810 2940 6810 3203 6810 3203 6811 2940 6811 3202 6811 3203 6812 3202 6812 3204 6812 3204 6813 3202 6813 3205 6813 3204 6814 3205 6814 3206 6814 3206 6815 3205 6815 3207 6815 3206 6816 3207 6816 3208 6816 3208 6817 3207 6817 3209 6817 3208 6818 3209 6818 3199 6818 3196 6819 3199 6819 3209 6819 3210 6820 3203 6820 3211 6820 3211 6821 3203 6821 3204 6821 3211 6822 3204 6822 3212 6822 3212 6823 3204 6823 3206 6823 3212 6824 3206 6824 3208 6824 3212 6825 3208 6825 3213 6825 3213 6826 3208 6826 3199 6826 3213 6827 3199 6827 3214 6827 3214 6828 3199 6828 3200 6828 3200 6829 3195 6829 3215 6829 3215 6830 3195 6830 3198 6830 3216 6831 3198 6831 3197 6831 2970 6832 3210 6832 3217 6832 3217 6833 3210 6833 3211 6833 3145 6834 3144 6834 3163 6834 3197 6835 3193 6835 3216 6835 3198 6836 3216 6836 3215 6836 3200 6837 3215 6837 3218 6837 3200 6838 3218 6838 3214 6838 3214 6839 3218 6839 2853 6839 3214 6840 2853 6840 3213 6840 3213 6841 2853 6841 3219 6841 3213 6842 3219 6842 3212 6842 3212 6843 3219 6843 3220 6843 3212 6844 3220 6844 3211 6844 3211 6845 3220 6845 3217 6845 3163 6846 3144 6846 2876 6846 3193 6847 2861 6847 3216 6847 2970 6848 2969 6848 3210 6848 3210 6849 2969 6849 2951 6849 3210 6850 2951 6850 3203 6850 3201 6851 2933 6851 3186 6851 3201 6852 3186 6852 3202 6852 3202 6853 3186 6853 3187 6853 3202 6854 3187 6854 3205 6854 3205 6855 3187 6855 3207 6855 3207 6856 3187 6856 3188 6856 3207 6857 3188 6857 3209 6857 3209 6858 3188 6858 3189 6858 3209 6859 3189 6859 3196 6859 3196 6860 3189 6860 3190 6860 3194 6861 3190 6861 3184 6861 3194 6862 3184 6862 3191 6862 3221 6863 2898 6863 3222 6863 3222 6864 2898 6864 2897 6864 3222 6865 2897 6865 3223 6865 3224 6866 2905 6866 3225 6866 3225 6867 2905 6867 2898 6867 3225 6868 2898 6868 3221 6868 2905 6869 3224 6869 2888 6869 2888 6870 3224 6870 3226 6870 2888 6871 3226 6871 2886 6871 2886 6872 3226 6872 3065 6872 3088 6873 3072 6873 3226 6873 3088 6874 3226 6874 3117 6874 3117 6875 3226 6875 3227 6875 3117 6876 3227 6876 3228 6876 3228 6877 3227 6877 3225 6877 3228 6878 3225 6878 3229 6878 3229 6879 3225 6879 3221 6879 3229 6880 3221 6880 3222 6880 3229 6881 3222 6881 3230 6881 3230 6882 3222 6882 3223 6882 3231 6883 2921 6883 3232 6883 2891 6884 2892 6884 3233 6884 2891 6885 3233 6885 3234 6885 2891 6886 3234 6886 2889 6886 2889 6887 3234 6887 3235 6887 2889 6888 3235 6888 3236 6888 2889 6889 3236 6889 2904 6889 3237 6890 2901 6890 2904 6890 3072 6891 3065 6891 3226 6891 3227 6892 3226 6892 3224 6892 3227 6893 3224 6893 3225 6893 3238 6894 3223 6894 2897 6894 3238 6895 2897 6895 2900 6895 3238 6896 2900 6896 3239 6896 3239 6897 2900 6897 3240 6897 3240 6898 2900 6898 2906 6898 3240 6899 2906 6899 3241 6899 3241 6900 2906 6900 3242 6900 3242 6901 2906 6901 2902 6901 3242 6902 2902 6902 3243 6902 3243 6903 2902 6903 3244 6903 3244 6904 2902 6904 3237 6904 3237 6905 2902 6905 2901 6905 3152 6906 3239 6906 3240 6906 3152 6907 3240 6907 3241 6907 3241 6908 3242 6908 3245 6908 3245 6909 3242 6909 3246 6909 3246 6910 3242 6910 3243 6910 3246 6911 3243 6911 3247 6911 3248 6912 3249 6912 3250 6912 3250 6913 3249 6913 3251 6913 3247 6914 3243 6914 3244 6914 3247 6915 3244 6915 3248 6915 3248 6916 3244 6916 3237 6916 3248 6917 3237 6917 3249 6917 3251 6918 3249 6918 3236 6918 3251 6919 3236 6919 3252 6919 3252 6920 3236 6920 3235 6920 3252 6921 3235 6921 3253 6921 3253 6922 3235 6922 3234 6922 3253 6923 3234 6923 3233 6923 3254 6924 3233 6924 3048 6924 3249 6925 3237 6925 2904 6925 3249 6926 2904 6926 3236 6926 3048 6927 3233 6927 2892 6927 3062 6928 3255 6928 3064 6928 3152 6929 3241 6929 3162 6929 3162 6930 3241 6930 3245 6930 3153 6931 3245 6931 3246 6931 3256 6932 3248 6932 3257 6932 3257 6933 3248 6933 3250 6933 3257 6934 3250 6934 3258 6934 3097 6935 3106 6935 3259 6935 3259 6936 3106 6936 3260 6936 3259 6937 3260 6937 3261 6937 3261 6938 3260 6938 3262 6938 3261 6939 3262 6939 3263 6939 3263 6940 3262 6940 3264 6940 3263 6941 3264 6941 3265 6941 3265 6942 3264 6942 3266 6942 3265 6943 3266 6943 3267 6943 3268 6944 3239 6944 3152 6944 3269 6945 3246 6945 3247 6945 3269 6946 3247 6946 3256 6946 3256 6947 3247 6947 3248 6947 3258 6948 3250 6948 3251 6948 3258 6949 3251 6949 3252 6949 3258 6950 3252 6950 3270 6950 3270 6951 3252 6951 3253 6951 3270 6952 3253 6952 3271 6952 3271 6953 3253 6953 3233 6953 3271 6954 3233 6954 3255 6954 3255 6955 3233 6955 3254 6955 3255 6956 3254 6956 3064 6956 3232 6957 2920 6957 3272 6957 3149 6958 3273 6958 3268 6958 3162 6959 3245 6959 3153 6959 3153 6960 3246 6960 3269 6960 3157 6961 3256 6961 3158 6961 3158 6962 3256 6962 3257 6962 3124 6963 3257 6963 3258 6963 3231 6964 3232 6964 3274 6964 3122 6965 3158 6965 3257 6965 3122 6966 3257 6966 3124 6966 2921 6967 2920 6967 3232 6967 3232 6968 3272 6968 3274 6968 3274 6969 3272 6969 3275 6969 3274 6970 3275 6970 3276 6970 3276 6971 3275 6971 3277 6971 3276 6972 3277 6972 3278 6972 3278 6973 3277 6973 3279 6973 3278 6974 3279 6974 3280 6974 3280 6975 3279 6975 3281 6975 3280 6976 3281 6976 3273 6976 3149 6977 3268 6977 3152 6977 3155 6978 3153 6978 3269 6978 3155 6979 3269 6979 3157 6979 3124 6980 3258 6980 3127 6980 3127 6981 3258 6981 3270 6981 3127 6982 3270 6982 3125 6982 3125 6983 3270 6983 3271 6983 3125 6984 3271 6984 3118 6984 3118 6985 3271 6985 3255 6985 3118 6986 3255 6986 2924 6986 2924 6987 3255 6987 3062 6987 2920 6988 3097 6988 3259 6988 2920 6989 3259 6989 3272 6989 3272 6990 3259 6990 3275 6990 3275 6991 3259 6991 3261 6991 3275 6992 3261 6992 3277 6992 3277 6993 3261 6993 3263 6993 3277 6994 3263 6994 3279 6994 3279 6995 3263 6995 3265 6995 3279 6996 3265 6996 3281 6996 3281 6997 3265 6997 3267 6997 3281 6998 3267 6998 3273 6998 3273 6999 3267 6999 3268 6999 3157 7000 3269 7000 3256 7000 3106 7001 3117 7001 3260 7001 3260 7002 3117 7002 3228 7002 3260 7003 3228 7003 3262 7003 3262 7004 3228 7004 3229 7004 3262 7005 3229 7005 3264 7005 3264 7006 3229 7006 3230 7006 3264 7007 3230 7007 3266 7007 3266 7008 3230 7008 3223 7008 3266 7009 3223 7009 3267 7009 3267 7010 3223 7010 3238 7010 3267 7011 3238 7011 3268 7011 3268 7012 3238 7012 3239 7012 2857 7013 2970 7013 3217 7013 2857 7014 3217 7014 2856 7014 3192 7015 3150 7015 3161 7015 3144 7016 2877 7016 2876 7016 3163 7017 2876 7017 3193 7017 3193 7018 2876 7018 2861 7018 3216 7019 2861 7019 2864 7019 3216 7020 2864 7020 3215 7020 3215 7021 2864 7021 2852 7021 3215 7022 2852 7022 3218 7022 3218 7023 2852 7023 2853 7023 3219 7024 2853 7024 2854 7024 3219 7025 2854 7025 3220 7025 3220 7026 2854 7026 2855 7026 3220 7027 2855 7027 2856 7027 3220 7028 2856 7028 3217 7028 2960 7029 2921 7029 3231 7029 2960 7030 3231 7030 3166 7030 3166 7031 3231 7031 3274 7031 3166 7032 3274 7032 3168 7032 3168 7033 3274 7033 3276 7033 3168 7034 3276 7034 3169 7034 3169 7035 3276 7035 3278 7035 3169 7036 3278 7036 3176 7036 3176 7037 3278 7037 3280 7037 3176 7038 3280 7038 3178 7038 3178 7039 3280 7039 3273 7039 3178 7040 3273 7040 3148 7040 3148 7041 3273 7041 3149 7041 3150 7042 3149 7042 3152 7042 3151 7043 3152 7043 3162 7043 3142 7044 3162 7044 3153 7044</p>
        </triangles>
      </mesh>
    </geometry>
  </library_geometries>
  <library_visual_scenes>
    <visual_scene id="DefaultScene">
      <node id="node_ff26c715_3d54_4bb6_8482_3633b69fdab7" type="NODE">
        <matrix>1 0 0 0 0 1 0 0 0 0 1 0 0 0 0 1</matrix>
        <node id="node_d6110a40_91ff_41ff_a41b_ff9f87546e49" type="NODE">
          <matrix>1 0 0 0 0 1 0 0 0 0 1 0 0 0 0 1</matrix>
          <node id="node_d6110a40_91ff_41ff_a41b_ff9f87546e49_mesh0" type="NODE">
            <matrix>1 0 0 0 0 1 0 0 0 0 1 0 0 0 0 1</matrix>
            <instance_geometry url="#geometry_1040e73e_090a_4ad3_b687_c4fe4118190e">
              <bind_material>
                <technique_common>
                  <instance_material symbol="mat_0" target="#mat_0"/>
                </technique_common>
              </bind_material>
            </instance_geometry>
          </node>
        </node>
      </node>
    </visual_scene>
  </library_visual_scenes>
  <scene>
    <instance_visual_scene url="#DefaultScene"/>
  </scene>
</COLLADA>
