<?xml version="1.0" encoding="UTF-8"?>
<COLLADA xmlns="http://www.collada.org/2005/11/COLLADASchema" version="1.4.1">
<!--
# File generated by ImageToStl.com - Free Image and 3D model conversion tools
-->
  <asset>
    <contributor>
      <author>ImageToStl.com</author>
      <authoring_tool>ImageToStl.com</authoring_tool>
    </contributor>
    <created>2026-10-01T05:18:29</created>
    <modified>2026-10-01T05:18:29</modified>
    <up_axis>Z_UP</up_axis>
  </asset>
  <library_effects>
    <effect id="effect_0">
        <profile_COMMON>
          <technique sid="common">
            <phong>
              <diffuse>
                <color>0.9 0.9 0.9 1</color>
              </diffuse>
              <specular>
                <color>0.05 0.05 0.05 1</color>
              </specular>
              <shininess>
                <float>64</float>
              </shininess>
            </phong>
          </technique>
        </profile_COMMON>
    </effect>
  </library_effects>
  <library_materials>
    <material id="mat_0">
      <instance_effect url="#effect_0"/>
    </material>
  </library_materials>
  <library_geometries>
    <geometry id="geometry_9f9e5a76_12ba_49ed_834e_d92b3bfa13c0">
      <mesh>
        <source id="pos_0">
          <float_array id="pos_0-array" count="7683">0.00052225 -0.02149999 0.87893772 -0.00145908 -0.02149999 0.88122529 -0.00156235 -0.02149999 0.87997788 -0.00077671 -0.02149999 0.88191646 0.00047587 -0.02149999 0.88209987 0.00156234 -0.02149999 0.88102227 0.00145911 -0.02149999 0.87977493 -0.00072555 -0.02149999 0.87904114 0.02589895 -0.00949999 0.92858839 0.02565358 -0.00949999 0.92764866 0.02869627 -0.00949999 0.9285267 0.02675766 -0.00949999 0.92931247 0.02800502 -0.00949999 0.92920917 0.02840299 -0.00949999 0.9265697 0.02889894 -0.00949999 0.9275676 0.02723615 -0.00949999 0.92610329 0.02609908 -0.00949999 0.92662722 -0.02866065 -0.00949999 0.92858839 -0.02890603 -0.00949999 0.92764866 -0.02655459 -0.00949999 0.92920917 -0.02780194 -0.00949999 0.92931247 -0.02566067 -0.00949999 0.9275676 -0.02586333 -0.00949999 0.9285267 -0.02615661 -0.00949999 0.9265697 -0.02732345 -0.00949999 0.92610329 -0.02846052 -0.00949999 0.92662722 -0.00052225 -0.02349999 0.87893772 -0.00027013 -0.02352639 0.87754887 0.00072555 -0.02349999 0.87904114 0.00212823 -0.02351729 0.87845296 0.00156235 -0.02349999 0.87997788 0.00285953 -0.02352329 0.8797183 0.00296863 -0.02353497 0.88065749 0.00145908 -0.02349999 0.88122529 0.00225262 -0.02350806 0.88239706 0.00077671 -0.02349999 0.88191646 7.238E-05 -0.02350302 0.88340193 -0.00047587 -0.02349999 0.88209987 -0.00156234 -0.02349999 0.88102227 -0.00294483 -0.02351655 0.88043076 -0.00145911 -0.02349999 0.87977493 -0.00255742 -0.02352648 0.8790164 -0.00198027 -0.02352723 0.87828863 -0.00122336 -0.02352864 0.88320392 -0.0025994 -0.02353803 0.88194555 -0.01694724 -0.03012053 0.89040422 -0.01484982 -0.03031451 0.88891226 -0.01269341 -0.03048912 0.88766336 0.01495457 -0.03030415 0.88897717 0.01703934 -0.03011856 0.89048737 0.01254684 -0.03049415 0.88758123 0.01149821 -0.02823087 0.92181844 0.02076832 -0.02751265 0.92187178 0.01363707 -0.02710755 0.92876095 0.02516757 -0.02788997 0.91416919 0.01591054 -0.02931579 0.90908736 0.02491958 -0.02867962 0.90560687 0.02246798 -0.02944135 0.89629632 0.01908447 -0.02990393 0.89229548 0.02086624 -0.0296647 0.89417124 0.01200098 -0.03032554 0.89596051 0.00390679 -0.0306976 0.89411807 0.01016482 -0.03063377 0.88649058 -0.00450349 -0.03070841 0.89354169 0.00260565 -0.03088585 0.88465977 0.00530281 -0.03082255 0.88504243 0.00775095 -0.03075396 0.8856619 -0.00522121 -0.03083669 0.88504124 -0.00256335 -0.0308784 0.88464534 -1.567E-05 -0.03090408 0.88453609 -0.01026997 -0.03063001 0.88653648 -0.00789721 -0.0307357 0.88569075 -0.01390199 -0.02988562 0.90289658 -0.02518288 -0.02837871 0.90906483 -0.02406103 -0.02901363 0.90191293 -0.01953809 -0.02745688 0.92317164 -0.02318075 -0.02785714 0.91690546 -0.01341923 -0.02903685 0.91381848 -0.01013024 -0.02828669 0.92204535 -0.01289188 -0.02706061 0.9293139 -0.00401834 -0.02689476 0.93238854 0.00355534 -0.02694605 0.93221384 0.00162983 -0.02848339 0.92207736 0.00168274 -0.02945747 0.91383493 0.00168318 -0.03017226 0.90519559 -0.02031457 -0.0297592 0.89357585 -0.01912889 -0.02989714 0.89233285 -0.02214769 -0.02946855 0.89580178 -0.02366352 -0.02919793 0.898166 -0.02542304 -0.0287457 0.90176773 -0.0246455 -0.02896567 0.90000647 -0.02617624 -0.02847655 0.90387684 -0.0265604 -0.02831479 0.90529794 -0.02596322 -0.02768221 0.91413254 -0.02729387 -0.02773263 0.90992147 -0.02704954 -0.02800244 0.9077211 -0.0273625 -0.02743948 0.91223139 -0.02721394 -0.02707479 0.91498661 -0.02674687 -0.02676431 0.91768861 -0.02618873 -0.0264794 0.91986591 -0.02514681 -0.0261499 0.92273539 -0.01711724 -0.02570824 0.93178761 -0.0192332 -0.02514279 0.93140715 -0.02190307 -0.02547831 0.92833573 -0.01587619 -0.02482935 0.93422431 -0.01144446 -0.02537631 0.93535733 -0.00987697 -0.02449762 0.93743622 -0.0126743 -0.02461967 0.93618149 -0.00767939 -0.02443655 0.93817627 -0.00620072 -0.02534686 0.93693584 -0.00168519 -0.02523788 0.93772107 -0.00541466 -0.02437646 0.93873298 -0.00283167 -0.02433837 0.93913305 0.00051676 -0.02432934 0.93927664 -0.02187437 -0.02619125 0.92660373 -0.02360725 -0.02579158 0.92574364 -0.00124249 -0.02624595 0.93518937 -0.00834223 -0.02629881 0.93397671 -0.01518793 -0.02652041 0.93050867 -0.02193669 -0.02697411 0.9237799 0.02737156 -0.02756426 0.91125119 0.02707225 -0.02799227 0.90791041 0.00363999 -0.02529617 0.93743628 0.00369073 -0.02435519 0.93902022 0.00800613 -0.02528449 0.93666303 0.00674092 -0.02440341 0.93844253 0.00938074 -0.02448688 0.93761599 0.01264872 -0.02547237 0.93463331 0.01157639 -0.02458209 0.93670666 0.01438744 -0.02471599 0.93521267 0.01693966 -0.02491955 0.93340778 0.01778235 -0.02573756 0.93125403 0.02063412 -0.0252915 0.92990887 0.01869087 -0.02507885 0.93189949 0.02228704 -0.02555154 0.92779016 0.0241275 -0.0258919 0.92485946 0.02274469 -0.02677569 0.92375696 0.02586818 -0.02636403 0.92088455 0.02653926 -0.02665932 0.91856539 0.02717719 -0.02703851 0.91533661 0.02589878 -0.0285888 0.90301394 0.02666287 -0.02825228 0.90572691 0.02480383 -0.02892431 0.90032798 0.02364376 -0.02921121 0.89813185 0.01837182 -0.02669272 0.92787129 0.01215021 -0.02640202 0.93235594 0.00502294 -0.02623134 0.93488711 0.02890603 -0.01149999 0.92764866 0.03014828 -0.01152932 0.92851204 0.02866065 -0.01149999 0.92858839 0.02970813 -0.0115404 0.92946029 0.02780194 -0.01149999 0.92931247 0.02861694 -0.01150396 0.93033183 0.02732345 -0.01149999 0.92610329 0.02717429 -0.01153139 0.92478609 0.02812738 -0.0115186 0.92491442 0.02846052 -0.01149999 0.92662722 0.02963926 -0.01150128 0.92606348 0.02697042 -0.01153368 0.93070608 0.02655459 -0.01149999 0.92920917 0.0254004 -0.01152146 0.93002272 0.02586333 -0.01149999 0.9285267 0.02453386 -0.01153102 0.9288367 0.02566067 -0.01149999 0.9275676 0.02440009 -0.01150421 0.92736447 0.02615661 -0.01149999 0.9265697 0.02480058 -0.01154398 0.92610425 0.02550774 -0.01153398 0.92536569 -0.02565358 -0.01149999 0.92764866 -0.02432251 -0.01153761 0.92749 -0.02441048 -0.01154144 0.92852473 -0.02589895 -0.01149999 0.92858839 -0.02490155 -0.01153678 0.92953461 -0.02675766 -0.01149999 0.92931247 -0.02625014 -0.01152489 0.93051755 -0.02723615 -0.01149999 0.92610329 -0.02748925 -0.01152921 0.924784 -0.02588345 -0.01153159 0.92514658 -0.02609908 -0.01149999 0.92662722 -0.02480386 -0.01150367 0.92622823 -0.02766419 -0.011504 0.93062967 -0.02800502 -0.01149999 0.92920917 -0.02879621 -0.0115356 0.93029362 -0.02869627 -0.01149999 0.9285267 -0.02974043 -0.01153163 0.92938703 -0.03020809 -0.01152434 0.92822766 -0.02889894 -0.01149999 0.9275676 -0.03020453 -0.01153657 0.92726099 -0.02840299 -0.01149999 0.9265697 -0.02921664 -0.01152644 0.92551601 -0.02845986 -0.01152773 0.9250257 0.00077574 -0.02359779 0.88339418 -0.00026646 -0.02364099 0.88349372 0.00271105 -0.02363134 0.87920439 0.00075868 -0.02356774 0.87761456 0.0016964 -0.02359894 0.87803018 0.00271685 -0.02359815 0.88176191 0.00171477 -0.02360813 0.88296127 0.02900578 -0.01162378 0.93020457 0.02805613 -0.0116058 0.93064588 0.02603629 -0.01163273 0.93048626 0.02483089 -0.0116307 0.92949051 0.0242982 -0.01160315 0.92805058 -0.02651336 -0.01162951 0.92484689 -0.02519397 -0.0116084 0.92559528 -0.024565 -0.01163593 0.92645651 -0.02555834 -0.01163146 0.93021291 -0.02701924 -0.01160632 0.93073845 0.00137345 -0.02969635 0.8832171 0.00045738 -0.02972644 0.88360393 0.000244 -0.02965651 0.88352883 -0.00162698 -0.02971934 0.88312304 -0.00071973 -0.02965803 0.88344049 -0.00170725 -0.02957834 0.88300347 0.00174379 -0.02962987 0.88295889 0.00253671 -0.02973392 0.88236892 0.0018638 -0.02810842 0.87809998 0.00108909 -0.02781001 0.87757885 0.00210717 -0.02819547 0.87795699 0.00082975 -0.02777582 0.87739408 0.00299157 -0.02892206 0.87922472 0.00261324 -0.0286441 0.87894171 0.00288892 -0.02893921 0.8795625 0.00226311 -0.02836962 0.87840301 0.00110156 -0.02770273 0.87767881 0.00226905 -0.02959148 0.88247663 0.002828 -0.02956201 0.88157773 0.0030056 -0.02926652 0.88054466 0.00313007 -0.02957338 0.88102621 0.03042403 -0.01427699 0.9283697 0.03043492 -0.01480976 0.92787468 0.03060915 -0.01423346 0.92828602 0.03041855 -0.01626748 0.92689908 0.03000996 -0.01740018 0.92629492 0.0292666 -0.01956567 0.925313 0.02931945 -0.01397994 0.93031228 0.02781431 -0.01601843 0.93096864 0.02859877 -0.0147729 0.93057615 0.02518957 -0.02043097 0.92993635 0.02518446 -0.02045107 0.93014419 0.0245834 -0.0217541 0.92914909 0.02442584 -0.02333441 0.92680538 0.02425449 -0.02298437 0.92767894 0.024746 -0.02351843 0.92611778 0.0243638 -0.02234298 0.92850977 0.0286345 -0.01443426 0.93044788 0.02782832 -0.01577725 0.9307248 0.02644453 -0.01829845 0.93076771 0.0269892 -0.01714829 0.93076074 0.02599999 -0.01890986 0.9304812 0.02924992 -0.01395754 0.9301784 0.0292588 -0.01379056 0.93003052 0.03020991 -0.01590111 0.92704058 0.02998622 -0.01692901 0.92642206 0.03027328 -0.01430561 0.92813277 0.03029626 -0.01516939 0.92751324 0.02942702 -0.01873967 0.92563975 0.02857435 -0.02045997 0.925017 0.02784874 -0.02162107 0.92477083 0.02681074 -0.02264685 0.92475045 0.02589531 -0.02315021 0.92508495 0.02533803 -0.02344744 0.92544538 -0.00253043 -0.02956417 0.88212699 -0.00304226 -0.02961721 0.88128757 -0.00287494 -0.02947156 0.8813774 -0.0030244 -0.02923881 0.88034528 -0.00237284 -0.02972477 0.88248897 -0.00279254 -0.02877856 0.87938887 -0.00306452 -0.02911695 0.87967485 -0.00247801 -0.02850791 0.87850404 -0.00242818 -0.02842431 0.87871867 -0.00190088 -0.02803773 0.87817067 -0.00093823 -0.02778603 0.87747997 -0.00149991 -0.02792452 0.87785572 -0.00110047 -0.02776237 0.87733883 -0.00076993 -0.02776957 0.87738138 -0.00079294 -0.02768166 0.87757033 -0.01376932 -0.02924724 0.88820779 -0.00780928 -0.0295858 0.88251674 -0.01167887 -0.02939798 0.88711381 0.01942913 -0.02871448 0.89147288 0.01791508 -0.0288761 0.89116377 0.01579792 -0.02908225 0.88951355 0.01163837 -0.02940047 0.88709486 0.01370355 -0.02926503 0.8857094 0.01380226 -0.02924662 0.88822979 0.00944831 -0.029522 0.88617843 0.00695044 -0.02962551 0.88225198 0.00479632 -0.02969747 0.88492274 0.00715274 -0.02962605 0.88545233 0.00243558 -0.02974196 0.88460898 -1.965E-05 -0.02975713 0.88449907 -0.00239161 -0.02974013 0.88460207 -0.00476558 -0.02969675 0.8849178 -0.0071357 -0.02962538 0.88544571 -0.00942773 -0.02952682 0.88617462 -0.02945148 -0.01386854 0.9303093 -0.02931984 -0.01396018 0.93017077 -0.02886058 -0.01431867 0.93035018 -0.02866201 -0.01480135 0.93070662 -0.02472268 -0.02136475 0.92956555 -0.02587475 -0.01922336 0.93064976 -0.02518141 -0.0204478 0.92991143 -0.02563186 -0.01959491 0.93027663 -0.02774597 -0.02167655 0.92476135 -0.02868618 -0.02033083 0.92507386 -0.02778884 -0.02184875 0.92463422 -0.02603042 -0.02315921 0.92500299 -0.02669093 -0.0226851 0.92479283 -0.02941867 -0.01879535 0.92562759 -0.02994876 -0.01773541 0.92612219 -0.03057389 -0.01527132 0.92750359 -0.03023301 -0.01587121 0.92708641 -0.03009475 -0.01791928 0.92591077 -0.03045675 -0.0147885 0.92790282 -0.03032405 -0.01424568 0.92835361 -0.03030238 -0.01484172 0.92773551 -0.03023052 -0.01408229 0.92836374 -0.02995795 -0.01721639 0.92634827 -0.02830469 -0.01504228 0.93059689 -0.02778168 -0.01586386 0.93073058 -0.02785049 -0.01599529 0.93098938 -0.02706789 -0.01698175 0.93075657 -0.02651586 -0.01807425 0.93069208 -0.02460461 -0.02164106 0.9291715 -0.03050395 -0.01422799 0.92841905 -0.02426896 -0.02272998 0.92807859 -0.02922291 -0.01381463 0.93005741 0.03021858 -0.01409166 0.92844814 0.03025748 -0.01412126 0.9287256 0.02989794 -0.01386816 0.92925406 0.0295383 -0.01389371 0.92991716 0.02941095 -0.01390327 0.93030649 0.02985445 -0.0139478 0.92970592 0.00021465 -0.02763505 0.87749046 0.01282086 -0.02872302 0.88251305 0.01777853 -0.02872952 0.88734269 0.0310429 -0.01849311 0.92336768 0.03194784 -0.01473853 0.92553133 0.03337301 -0.01556993 0.92150122 0.03224832 -0.01906153 0.919626 0.03371609 -0.02002485 0.90978819 0.03467882 -0.01749741 0.913091 0.03249721 -0.02034621 0.9161936 0.03426882 -0.01648972 0.91735208 0.03447515 -0.01877546 0.90797919 0.03241896 -0.02217745 0.90549338 0.01543589 -0.02661787 0.88090467 0.01916095 -0.02595069 0.88304836 0.01768315 -0.02730689 0.88357735 0.02244032 -0.02518681 0.88552594 0.0040662 -0.02768764 0.87753505 0.0198272 -0.02864664 0.89296454 0.02140088 -0.02843286 0.89476883 0.02496693 -0.02765993 0.89729494 0.02426921 -0.02788456 0.89918387 0.02317365 -0.0281217 0.89727533 0.0253081 -0.02759236 0.90141457 0.02644609 -0.02720955 0.90176886 0.02609781 -0.0273112 0.90356946 0.02716783 -0.02667704 0.90830779 0.02659384 -0.0270827 0.9053548 0.02888616 -0.02574144 0.90886474 0.02740134 -0.02610551 0.91250992 0.0287856 -0.02505855 0.91398942 0.02659711 -0.02530347 0.91849381 0.0271313 -0.02567484 0.91567034 0.02410952 -0.02449235 0.92488396 0.02520009 -0.02475207 0.92267096 0.02316538 -0.02319268 0.92867172 0.02243395 -0.02415745 0.92763472 0.01972712 -0.02377236 0.93092573 0.0152376 -0.0233578 0.93465167 0.01710704 -0.02352104 0.93327945 0.01495237 -0.02184494 0.93688732 0.01286558 -0.02320958 0.93608367 0.00847623 -0.02217153 0.93908966 0.01022187 -0.02308138 0.93730468 0.007973 -0.02299335 0.9381097 0.00573093 -0.02294753 0.93867713 0.00282469 -0.02290349 0.93913949 -0.00014903 -0.02288544 0.93928534 -0.00149554 -0.02125343 0.9411782 0.00031104 -0.0140385 0.94588202 0.00424393 -0.01416931 0.94557947 0.00267779 -0.01181106 0.94664317 0.00691525 -0.01185518 0.9460609 0.00976599 -0.01431457 0.94440567 0.0110327 -0.01193285 0.94494385 0.01436201 -0.01204477 0.94362807 0.01495923 -0.01444982 0.94233716 0.02765732 -0.01340275 0.93296647 0.02828977 -0.02348292 0.92059499 0.02989932 -0.02149354 0.92123425 0.02329486 -0.02110638 0.93146199 0.01965365 -0.02178599 0.93393606 0.01220249 -0.02010818 0.93989778 0.00598573 -0.01968485 0.94207543 0.00387928 -0.02094266 0.94125253 0.02040002 -0.01951568 0.93571597 0.01659053 -0.01912329 0.93855453 -0.00072528 -0.01892949 0.94315052 0.02413366 -0.01873548 0.93303728 0.0126078 -0.01748864 0.94170308 0.00808032 -0.01724589 0.94327581 0.00422547 -0.01713356 0.94406813 0.00039339 -0.01718585 0.94428682 0.02105059 -0.016906 0.93724054 0.01795179 -0.01586096 0.94000381 0.0305837 -0.02325336 0.91475487 0.03093239 -0.024005 0.90805262 0.03227774 -0.02176527 0.912449 0.02547722 -0.01629023 0.93360424 0.02281636 -0.01263847 0.93820316 0.02534866 -0.01298688 0.9357121 0.02039542 -0.01241455 0.94010061 0.01744032 -0.0122014 0.942029 0.02190573 -0.02782757 0.8899861 0.02263156 -0.02657935 0.88788766 0.02642947 -0.02605337 0.89365244 0.01845299 -0.02786807 0.88543373 0.00831104 -0.02874448 0.88018733 0.00762973 -0.02750358 0.87816221 0.0116163 -0.02713911 0.87928683 0.02595903 -0.02535764 0.89095688 0.03376985 -0.01982468 0.90409124 0.03259658 -0.02093141 0.90003401 0.03009462 -0.02437239 0.90011907 0.03112069 -0.02189993 0.89663488 0.02842285 -0.02510571 0.89626902 0.02666191 -0.0267322 0.89703995 0.02922768 -0.02286693 0.8932904 0.02729741 -0.02366625 0.89057666 0.02501777 -0.02444738 0.88793552 0.0220113 -0.02823116 0.89247829 0.02424552 -0.02742697 0.89327151 0.02792939 -0.02639574 0.90119851 0.02881507 -0.02595039 0.90520144 0.0257744 -0.02497737 0.92115098 -0.00125129 -0.01180774 0.94673061 -0.02978224 -0.0139436 0.92962569 -0.02944962 -0.01392079 0.93004966 -0.03015647 -0.01406308 0.9289307 -0.02985812 -0.01383413 0.92932951 -0.02739754 -0.02613181 0.91236293 -0.02718027 -0.02572906 0.91530883 -0.02910867 -0.02473566 0.91426402 -0.03163167 -0.01459361 0.92626429 -0.02528914 -0.02344762 0.92549813 -0.02478621 -0.02467987 0.92354172 -0.02465326 -0.02351478 0.92624944 -0.02788674 -0.01344899 0.93268567 -0.02559458 -0.01301213 0.9354881 -0.02235001 -0.0144431 0.93766814 -0.02241739 -0.01260286 0.93852067 -0.00960058 -0.01189522 0.94541514 -0.00426997 -0.01414651 0.94559532 -0.00539266 -0.0118262 0.94633269 -0.00687337 -0.02147492 0.94024754 -0.00737388 -0.02297804 0.93828648 -0.00367364 -0.02290882 0.93905556 -0.01425787 -0.02232403 0.9366641 -0.01467731 -0.02331473 0.93504387 -0.01101307 -0.02311761 0.93699491 -0.01749877 -0.02355665 0.93296343 -0.02127418 -0.02397973 0.92916715 -0.01918289 -0.02371803 0.93143713 -0.02213199 -0.02270095 0.93057442 -0.02363009 -0.02438452 0.92577308 -0.02432113 -0.02324888 0.927163 -0.02649985 -0.02712706 0.90495038 -0.02798709 -0.0264698 0.90485805 -0.02583759 -0.02741686 0.90280443 -0.02308447 -0.02813344 0.89714378 -0.02404507 -0.02793274 0.89876753 -0.02424455 -0.02785279 0.89665282 -0.02047859 -0.0285641 0.89368814 -0.02200783 -0.02833821 0.8955723 -0.01946247 -0.028703 0.89034313 -0.01907302 -0.02874825 0.89222926 -0.01579236 -0.02907886 0.8895101 -0.01770051 -0.02889614 0.89098865 -0.01283862 -0.02925556 0.88439113 -0.00430323 -0.02767351 0.87756759 -0.00661519 -0.02877139 0.87966746 -0.01359773 -0.02770068 0.88111156 -0.01294518 -0.0269698 0.87980062 -0.00987475 -0.0273145 0.87872851 -0.01593264 -0.02653816 0.88116843 -0.01746523 -0.02737173 0.88356155 -0.01895065 -0.0259862 0.88292617 -0.02169313 -0.02628396 0.88615882 -0.02148341 -0.02542477 0.88475168 -0.02805252 -0.02337633 0.89155865 -0.02890895 -0.0241371 0.89509034 -0.03028668 -0.02235108 0.89508057 -0.03178391 -0.02149695 0.89807546 -0.03289326 -0.02068433 0.90095532 -0.03208875 -0.0224371 0.903552 -0.03385077 -0.01972511 0.9045009 -0.01091679 -0.02856636 0.88109666 -0.00644544 -0.02757548 0.87790942 -0.01562583 -0.02860857 0.88451517 -0.01990117 -0.0282388 0.888246 -0.02080629 -0.02722489 0.88680345 -0.02336148 -0.02772359 0.8923651 -0.0246165 -0.02620596 0.8903107 -0.0258974 -0.02716432 0.89673626 -0.02733358 -0.02552178 0.89432102 -0.02771779 -0.02646066 0.90013903 -0.02977118 -0.02483876 0.90105671 -0.03049269 -0.02377086 0.89959955 -0.02412465 -0.02471189 0.8870222 -0.02626603 -0.0240394 0.88932616 -0.03023883 -0.02475755 0.90580928 -0.03270405 -0.02177842 0.90744197 -0.03350518 -0.02020736 0.91069883 -0.03445133 -0.01879844 0.90788525 -0.03470472 -0.01756094 0.91284454 -0.02939011 -0.02225851 0.92083669 -0.03052932 -0.02260021 0.91702288 -0.02764783 -0.0243307 0.91961026 -0.02756696 -0.02305807 0.92279232 -0.02990704 -0.02028716 0.92316663 -0.01040606 -0.02121264 0.93948817 -0.01470477 -0.0208428 0.9380635 -0.01952148 -0.02180255 0.93402159 -0.00406097 -0.01782158 0.94369721 -0.00933133 -0.01872764 0.94198853 -0.01369523 -0.0189469 0.94017613 -0.01778595 -0.01927754 0.93775558 -0.022583 -0.01983252 0.93357843 -0.009631 -0.0159219 0.9436512 -0.01413511 -0.01619267 0.94179708 -0.01779953 -0.0158312 0.94011629 -0.02095285 -0.01692977 0.93730521 -0.02493413 -0.01748749 0.93328238 -0.03299224 -0.01999241 0.91496778 -0.03125591 -0.02295351 0.91301513 -0.03156109 -0.02052026 0.91889352 -0.03418685 -0.01636326 0.91789502 -0.03317934 -0.01540958 0.92222244 -0.03206991 -0.01821404 0.92142797 -0.01449722 -0.01394353 0.94280571 -0.0137127 -0.01201825 0.94391799 -0.01671062 -0.01215799 0.94244725 -0.01958702 -0.01234523 0.94067705 -0.02715191 -0.02669215 0.90815508 -0.02855307 -0.02597207 0.90839976 -0.02672451 -0.02537428 0.91795397 -0.02598174 -0.02503736 0.9205991 -0.02495562 -0.02769479 0.9005928 -0.03058482 -0.02414568 0.91007906 -0.00544139 -0.02764586 0.87733626 -0.00865576 -0.02748415 0.87790972 -0.01338809 -0.02704208 0.87930256 -0.01237081 -0.02746508 0.87821364 -0.01018067 -0.02746905 0.87796646 0.00747683 -0.01175047 0.94724417 0.03544268 -0.01937777 0.90567791 -0.01518874 -0.02679414 0.8801226 -0.0297711 -0.02329059 0.891747 0.03601429 -0.01744813 0.91314125 0.03586769 -0.0185995 0.90856135 0.0341168 -0.01511327 0.92352861 0.03294332 -0.01449667 0.92658573 0.0159565 -0.01194382 0.94432926 0.01916457 -0.0121128 0.94252568 0.00379592 -0.01171718 0.9478147 -0.001237 -0.02790895 0.87636745 -0.0028293 -0.02777888 0.87668222 -0.00148711 -0.02814532 0.87604535 -0.01696377 -0.02651281 0.88103056 -0.01514983 -0.0270992 0.87935144 -0.01875261 -0.02649009 0.88126826 -0.03361696 -0.02117954 0.89908618 -0.03184375 -0.02230402 0.89512086 -0.03576797 -0.01885769 0.90760612 -0.03488498 -0.02008845 0.90300775 -0.03598813 -0.01732571 0.91371965 -0.034602 -0.01545264 0.9219687 -0.0354202 -0.01621855 0.91846627 -0.03317491 -0.01461264 0.92606282 -0.02362112 -0.01250293 0.93918985 -0.02609242 -0.01280124 0.93683732 -0.01788673 -0.01206115 0.9432655 -0.010506 -0.0117926 0.94647855 -0.01510686 -0.01191955 0.94472903 -0.00271752 -0.01170087 0.94792187 -0.00634337 -0.01174372 0.94745916 0.00070325 -0.01171318 0.94801694 0.01179399 -0.01182119 0.94605076 0.02395004 -0.01250527 0.93894196 0.02605498 -0.01278923 0.93687195 0.02830651 -0.01316225 0.93428499 0.03084737 -0.0137544 0.93062878 0.03513701 -0.0158717 0.91995406 0.03466271 -0.02030709 0.90223312 0.03316084 -0.02151356 0.89793295 0.01190522 -0.02751841 0.87804431 0.00682792 -0.02771287 0.87709469 0.0095682 -0.02775231 0.87730908 0.00725823 -0.02792739 0.87675858 -0.02830591 -0.01317435 0.93428576 -0.03077799 -0.01374302 0.93075442 -0.01946748 -0.0260728 0.88247013 0.00384031 -0.02775497 0.87692779 0.01819312 -0.02635469 0.88152802 0.0229324 -0.02555665 0.88423645 0.02757129 -0.02416649 0.88884795 0.02527235 -0.02491431 0.88638359 0.02976374 -0.02330662 0.89175278 0.03124689 -0.02261164 0.89409792 -0.02532789 -0.02489905 0.88641638 -0.02806302 -0.0239873 0.88943106 -0.02210526 -0.02576592 0.88359427 -0.00973805 -0.02773594 0.87736833 -0.00847557 -0.02764037 0.87743247 -0.00574985 -0.02800447 0.87650549 -0.0007382 -0.02774382 0.87691396 0.0016006 -0.02793162 0.87640244 0.00189708 -0.02814572 0.87606943 0.01542029 -0.02706339 0.87946653 0.01968434 -0.02630781 0.88185418 -0.00417106 -0.0280488 0.8761943 -0.00734043 -0.027902 0.87672043 -0.020761 -0.01222672 0.94144779 0.0214762 -0.01223263 0.94097072 0.03569834 -0.01652929 0.91689944 0.00479682 -0.02805441 0.87632442 0.01681592 -0.02679529 0.8800984 -0.03620357 -0.01387913 0.91912699 -0.03681573 -0.0147405 0.91496599 -0.03712792 -0.01533536 0.91068757 -0.03634283 -0.01754363 0.90578032 -0.02383411 -0.02440956 0.88406187 -0.02627596 -0.02317496 0.88584876 -0.0290168 -0.02187345 0.88861436 -0.01812151 -0.02552625 0.87987804 -0.01521624 -0.02583045 0.87825996 -0.00620103 -0.02652351 0.87530643 -0.00979679 -0.0268523 0.87656415 -0.01244794 -0.02625807 0.87715036 -0.00208664 -0.02714464 0.8751719 -0.0376567 -0.01272667 0.9069562 -0.03777949 -0.01267279 0.90917665 -0.03802216 -0.01036922 0.91229165 -0.00413872 -0.00590744 0.94927007 0.00065741 -0.00321741 0.94980985 -0.00311991 -0.00074304 0.94985974 -0.00721541 -0.00145198 0.94926989 -0.00924867 -0.00740935 0.94806904 -0.01273079 -0.00147301 0.94777393 -0.01232989 -0.00657243 0.94728869 -0.01544087 -0.00180288 0.94666719 -0.01751332 -0.00507778 0.94532549 -0.0194453 -0.0083954 0.94360626 -0.02212133 -0.00248098 0.94285852 -0.02358028 -0.00618077 0.94125241 -0.02675455 -0.0079794 0.93808526 -0.02724173 -0.00523353 0.93817317 -0.02964735 -0.0060483 0.93537843 -0.02949573 -0.0098245 0.93445879 -0.03176494 -0.00693163 0.93237102 -0.03151087 -0.01059834 0.93143618 -0.03358112 -0.00787569 0.92917323 -0.03323107 -0.01142428 0.9282223 -0.03507778 -0.00886987 0.92582166 -0.03466383 -0.01258179 0.92458606 -0.03649782 -0.01017468 0.9214673 -0.03735016 -0.01152036 0.91696566 -0.03766017 -0.01263782 0.91322654 -0.03708833 -0.0150613 0.90522844 -0.03624566 -0.01618139 0.90157795 -0.03521011 -0.01867923 0.90069634 -0.03495168 -0.01746716 0.89785892 -0.03396771 -0.0196161 0.89726561 -0.03315785 -0.0188033 0.89410508 -0.03148531 -0.0209656 0.89237428 -0.03074402 -0.01989805 0.89008427 -0.02801347 -0.02001648 0.88632458 -0.02516041 -0.02107568 0.88354689 -0.02270798 -0.02272323 0.88184446 -0.00931614 -0.02502357 0.87538677 -0.00506688 -0.02418136 0.87434882 -0.00284038 -0.02503258 0.87424326 -0.00142945 -0.02597243 0.87445337 0.00221453 -0.02450684 0.87407869 0.00197165 0.00062329 0.9499675 -0.02531323 -0.00223511 0.94032872 -0.02859879 -0.00233429 0.93704665 -0.03192713 -0.00393909 0.93263417 -0.03449555 -0.00558514 0.92794073 -0.03615242 -0.00688687 0.92368829 -0.03748287 -0.0087542 0.9184047 -0.0369828 -0.01360985 0.90322906 -0.03592355 -0.01474016 0.89955747 -0.03462393 -0.01574881 0.89623034 -0.03247003 -0.01738092 0.89221531 -0.03040272 -0.01842537 0.88915938 -0.02205071 -0.02114096 0.8810358 -0.01951939 -0.02192643 0.87939721 -0.0123748 -0.02330856 0.87607676 -0.00860992 -0.02361835 0.87498361 -0.00107631 -0.02152423 0.87399089 -0.01020983 0.00017295 0.9486053 -0.01852605 -0.00079602 0.9451766 -0.02069783 -0.0242114 0.88088596 -0.01719106 -0.02408303 0.87846518 -0.01655915 -0.02276051 0.87779748 -0.0137869 -0.0245488 0.87688768 -0.00431116 -0.00935861 0.94850522 0.00134513 -0.00854804 0.94892997 -0.01371183 -0.00888013 0.94626957 -0.0255672 -0.01056641 0.93832743 -0.02289828 -0.01004356 0.94075054 0.00256546 -0.0272343 0.87528706 0.01361559 -0.02624204 0.87768197 0.00971961 -0.02619084 0.87603587 0.00617886 -0.02672049 0.87544841 0.03117972 -0.02144206 0.89223605 0.03493213 -0.01226202 0.92425799 0.03631905 -0.01417887 0.91830611 0.01142957 -0.00969837 0.94687432 0.00279675 -0.0259638 0.87456053 0.00671574 -0.02454401 0.87463737 0.01064121 -0.02388189 0.8755396 0.01378267 -0.02456156 0.87688953 0.01692718 -0.02479598 0.87863195 0.01853129 -0.0227801 0.87885344 0.02111193 -0.02314503 0.88070661 0.02984208 -0.02090534 0.88927662 0.03222036 -0.01932099 0.89245057 0.03321146 -0.02008587 0.89558244 0.03396203 -0.01806192 0.89555275 0.0346462 -0.01893205 0.89851624 0.03615544 -0.01772883 0.90420836 0.03646403 -0.0159381 0.90244961 0.0372074 -0.01483951 0.90604788 0.03679676 -0.01634461 0.90968645 0.03759661 -0.01373663 0.90969545 0.03731079 -0.0139524 0.91331488 0.03734505 -0.01153831 0.91696954 0.03669346 -0.01045644 0.920573 0.03569812 -0.00940288 0.92409718 0.03436773 -0.00838726 0.9275108 0.03200085 -0.01084573 0.93063784 0.03271076 -0.00741792 0.93078804 0.03074595 -0.00650576 0.93388945 0.02895646 -0.009672 0.93514401 0.02848464 -0.00565676 0.93679285 0.02659186 -0.00897103 0.93790418 0.02595138 -0.00488004 0.93946409 0.02397772 -0.00833561 0.94041377 0.02336067 -0.00276395 0.94192529 0.02053892 -0.00667183 0.94333255 0.01808338 -0.00727942 0.94460714 0.01689514 -0.00204551 0.94598079 0.01486374 -0.00686796 0.94624639 0.01440976 -0.00167046 0.9471249 0.01150613 -0.00654321 0.94755602 0.00910283 -0.00157448 0.9488495 0.00803394 -0.00630128 0.94852912 0.00454757 -0.00401676 0.94944668 0.02349057 -0.02120205 0.88211983 0.03144618 -0.0182459 0.89063984 0.03389113 -0.01623115 0.89470941 0.03557999 -0.01555166 0.89860874 0.03701105 -0.0135388 0.90337163 0.03769466 -0.01240485 0.90723497 0.03799221 -0.01086232 0.91124898 0.03790618 -0.01104745 0.91362041 0.03756025 -0.00899702 0.91776001 0.03662454 -0.00760669 0.9220655 0.03559821 -0.00621284 0.92531866 0.03414404 -0.00528131 0.92866272 0.03236293 -0.00416164 0.93191588 0.02969682 -0.00298689 0.93569672 0.0267835 -0.00221944 0.93895411 0.01506101 -0.02303438 0.8771103 0.02484174 -0.02252197 0.88380045 0.0275658 -0.01992119 0.88580966 0.02747691 -0.02174979 0.8864153 0.02952741 -0.01921969 0.8880623 0.01980999 -0.00115528 0.94442028 0.01186608 -0.00039572 0.94808203 0.00589441 0.00088753 0.9495517 0.01973514 -0.02502079 0.88072133 0.02404277 -0.02411897 0.8839618 0.02831769 -0.02301099 0.88862914 0.00536705 -0.0084366 0.94859248 -0.03799994 -0.00127529 0.91269308 -0.03787853 -0.00269866 0.90980691 -0.00578358 -0.02129439 0.87442684 -0.01029939 -0.02076721 0.87542576 -0.02757998 -0.01540162 0.88578236 -0.02611761 -0.01605569 0.88435996 -0.02279018 -0.01756609 0.8815223 -0.03660642 -0.00648211 0.90262032 -0.03735928 -0.00467039 0.90605378 -0.01981637 -0.01858719 0.87956077 -0.01729419 -0.01934103 0.87814522 -0.01395622 -0.02012206 0.87665415 -0.0333191 -0.01122083 0.89387333 -0.0351484 -0.00906693 0.89795184 -0.03593984 -0.00780164 0.90024245 -0.03025929 -0.01363319 0.88900775 -0.03202591 -0.01221039 0.89168113 0.01058491 -0.02071314 0.87551367 0.00691783 -0.02116849 0.87464482 0.00394985 -0.02139463 0.87421906 0.00099462 -0.02151296 0.87401181 0.0378623 -0.00277784 0.90966785 0.03740687 -0.00477146 0.90608037 0.01496681 -0.01994123 0.87703729 0.01925579 -0.01877475 0.87920612 0.02218851 -0.0178896 0.88107717 0.02498176 -0.01661639 0.88329965 0.03650369 -0.00682555 0.9021005 0.03309237 -0.01137613 0.8934685 0.03417956 -0.01017996 0.89570051 0.03542975 -0.00867168 0.8986851 0.02764766 -0.01531045 0.885867 0.03001516 -0.01379842 0.88869578 0.03181617 -0.01253111 0.89127183 0.03799902 -0.00126213 0.91271216 -0.00092944 0.01825951 0.94998783 -0.00374055 0.0181546 0.94980669 -0.00653856 0.01797246 0.94942951 -0.01022862 0.01752425 0.94859833 -0.01282443 0.01708287 0.94776189 -0.01789824 0.01597469 0.94548255 -0.01548701 0.01655138 0.94669253 -0.02037295 0.01515927 0.94408071 -0.02619246 0.01278188 0.93953317 -0.02343905 0.01403467 0.94190449 -0.02818615 0.01169443 0.9374764 -0.0354839 0.00548775 0.92559719 -0.03001073 0.01057753 0.93530411 -0.0315941 0.00940985 0.93309921 -0.03306824 0.00817768 0.93071485 -0.0343168 0.00693969 0.9282608 -0.03723578 0.00232882 0.91947383 -0.03659375 0.00374998 0.92218 -0.03771232 0.00080699 0.91657895 0.00280849 0.018223 0.94988948 0.00646415 0.01798676 0.94944274 0.01447992 0.0167644 0.94712055 0.01186846 0.01728165 0.94809234 0.00917218 0.01773489 0.94883835 0.022547 0.01443518 0.94254905 0.02033002 0.01519403 0.94409633 0.01710623 0.01614845 0.94592679 0.02491245 0.01344083 0.940669 0.02752783 0.01209782 0.93818837 0.02988473 0.01066449 0.93547481 0.03163631 0.00942698 0.93299693 0.03308747 0.00816459 0.93067539 0.03476432 0.00640269 0.92735368 0.03570376 0.00521417 0.92484355 0.03661371 0.00371206 0.92211044 0.03744113 0.00177326 0.91850978 0.0377918 0.00036807 0.91572481 -0.03787162 -0.00099357 0.91296607 -0.03453022 -0.00958586 0.89664191 0.03716727 -0.00496682 0.90541941 0.03283545 -0.01145391 0.89309585 0.03544743 -0.00835242 0.89899147 0.03787042 -0.00102608 0.91290301 -0.00914517 0.01780557 0.94872695 0.03356783 0.00773331 0.92956018 -0.03714962 0.0024626 0.91953903 -0.03533658 0.00565179 0.92561126 -0.03248222 0.00873421 0.9314543 -0.02984491 0.01073637 0.93527716 -0.0274117 0.01221636 0.93809074 -0.02471621 0.01356275 0.94065034 -0.02087796 0.01510304 0.943564 -0.0141559 0.01695498 0.94708002 -0.00459094 0.01823856 0.94953978 2.611E-05 0.01839392 0.94984287 0.012079 0.01734454 0.94783568 0.03713834 0.0024234 0.91945684 0.00563468 0.01817796 0.94938952 0.0153996 0.01666231 0.9465341 0.0187193 0.01578033 0.94485754 0.02278423 0.01440005 0.9422242 0.02747188 0.01217727 0.93800849 0.02989641 0.01069455 0.93518937 -0.01653107 0.01566456 0.94453448 -0.02230488 0.01371918 0.94083929 -0.01052183 0.01694603 0.9469521 -0.00412724 0.01768641 0.94842935 0.00090712 0.01777283 0.94858927 0.00448702 0.01760967 0.94821382 -0.02796899 0.01083765 0.93536609 -0.00491763 -0.0203871 0.87609452 -0.00170312 -0.02039397 0.87600309 0.01172344 0.01673864 0.94657123 0.02446057 0.01277931 0.93905056 0.01786616 0.01527835 0.94379997 -0.00091233 -0.02037019 0.87613708 0.0289194 0.01022346 0.93420964 0.03407886 0.00527455 0.9248004 -0.02126286 -0.01692112 0.88266504 -0.01503925 -0.01878566 0.87911683 -0.0108149 -0.01967171 0.87744987 -0.0361608 -0.00318296 0.90878856 -0.0247933 -0.01539396 0.885548 -0.0316532 0.00818686 0.93039715 -0.03388097 0.00549744 0.92522234 -0.03555084 0.00260207 0.91972744 -0.03626953 -0.00063535 0.91355133 1.644E-05 -0.02057113 0.87572777 0.00875723 -0.01985002 0.87701529 0.0147282 -0.01891116 0.87888628 0.02055483 -0.01720937 0.88210702 0.03551333 0.00260602 0.91972208 0.03629656 -0.00083814 0.91319275 0.03606857 -0.00322168 0.90867132 0.03290215 -0.00915101 0.89736724 0.03091216 -0.01124417 0.89336765 0.02840562 -0.01326128 0.88958961 0.02572276 -0.01489953 0.88648337 0.03503535 -0.00591163 0.90355396 -0.0305777 -0.01167382 0.89263779 -0.03463468 -0.0069688 0.90159428 0.00355506 0.01796877 0.94784892 0.00089576 0.01783115 0.94825333 0.00599947 0.01780024 0.94753385 0.00862407 0.01750882 0.94699675 0.00792466 0.01731472 0.94753438 0.01129805 0.01705097 0.94624311 0.01388978 0.01657656 0.94523853 0.01465415 0.01614792 0.94530308 0.01613787 0.01602678 0.94422209 0.0185604 0.01531001 0.94287741 0.02147396 0.01407041 0.94129372 0.02282097 0.01370209 0.93988413 0.02483994 0.01275555 0.93810743 0.02663437 0.01178072 0.93626016 0.02739016 0.01118265 0.93581939 0.02841957 0.01065674 0.93416238 0.03052437 0.00907502 0.93115544 0.03142001 0.0081584 0.93015349 0.03356742 0.0058516 0.92508864 0.03301553 0.00648625 0.92678124 0.03452028 0.00435483 0.92227721 0.03514035 0.00310785 0.9199481 0.03572333 0.00135607 0.91692162 0.03592807 0.00032049 0.91471648 0.00090193 0.01808956 0.94802344 0.02076568 0.01461409 0.94143766 0.03601976 -0.00109778 0.91209626 0.03215884 0.00760294 0.9282217 -0.00258025 0.01775911 0.9482193 -0.0061676 0.01751352 0.94784093 -0.00447614 0.0179182 0.94775748 -0.012999 0.01651811 0.94595623 -0.00180859 0.0180889 0.94797122 -0.00783618 0.01760029 0.94717669 -0.01936427 0.0148185 0.94280368 -0.01127568 0.01708829 0.9462328 -0.01772117 0.01541765 0.94353014 -0.01459081 0.01640978 0.94495589 -0.02496857 0.01251506 0.93843764 -0.01863301 0.01534287 0.94285464 -0.02215311 0.01399448 0.94042867 -0.03060692 0.008898 0.93158084 -0.02417358 0.01308718 0.93871599 -0.03236606 0.00726379 0.92848259 -0.02942881 0.00989434 0.93282259 -0.02780184 0.01106248 0.93491292 -0.02606088 0.01211622 0.93689257 -0.03132373 0.00835002 0.92981499 -0.03489609 0.00380943 0.92189187 -0.03293094 0.00665694 0.92661721 -0.03549073 0.00216786 0.91821837 -0.03592847 0.00033676 0.91474706 -0.03601405 -0.00106395 0.91206741 -0.0347188 0.00398495 0.92165953 -0.03386895 0.0054006 0.92425573 0.03591245 -0.00225841 0.90982997 0.030095 -0.01159122 0.8923052 0.03402578 -0.00744018 0.90049189 0.0222659 -0.01622755 0.88361728 0.00491235 -0.02017725 0.87628645 0.03144467 -0.01018192 0.89467365 0.03281137 -0.00867763 0.89756387 0.03543944 -0.00395606 0.90654254 0.03443578 -0.00626897 0.90211213 0.02556247 -0.01462031 0.88654494 0.02819553 -0.0129695 0.88959229 -5.83E-06 -0.02019881 0.87595946 0.00288892 -0.02019273 0.87609392 0.01145624 -0.01926022 0.87784952 0.01558496 -0.01843225 0.8794834 0.01938324 -0.01730405 0.88158995 -0.00437919 -0.02018982 0.87622768 -0.02834903 -0.0132924 0.8895098 -0.02711636 -0.01381319 0.88823277 -0.01801019 -0.01784072 0.88074005 -0.03269839 -0.00887192 0.89731443 -0.03367299 -0.00746754 0.89978176 -0.0314079 -0.01043052 0.89456725 -0.03547033 -0.00401718 0.90661883 -0.03480389 -0.00567964 0.90350616 -0.03593308 -0.00233429 0.90984011 -0.03354723 -0.00825272 0.89897114 -0.02422421 -0.01534635 0.88524508 -0.0209227 -0.01675486 0.88261646 -0.01147093 -0.01927876 0.87785125 -0.0080803 -0.01981783 0.87689006 -0.02967739 -0.01189825 0.89163637 -0.01475745 -0.01857507 0.87912726 -0.03598878 0.00117585 0.91196299 -0.03587236 0.002639 0.91458213 -0.0354379 0.00450017 0.91812855 -0.03468553 0.00626332 0.92148989 -0.0338995 0.00755274 0.92404491 -0.03292141 0.0088158 0.92657149 -0.03134694 0.0104603 0.92969871 -0.02994861 0.01163266 0.9319644 -0.02839505 0.0127765 0.93413019 -0.02609882 0.01417587 0.93679225 -0.02354912 0.01544635 0.93922907 -0.02147923 0.01630348 0.94087923 -0.01928224 0.01711081 0.94239616 -0.01622 0.01801547 0.94413912 -0.01380372 0.01858536 0.94523829 -0.01130289 0.01908927 0.94617498 -0.00792481 0.01957484 0.94711643 -0.00528319 0.01981926 0.94760215 -0.00263122 0.01999214 0.94789875 -2.409E-05 0.02003318 0.94798696 0.00259265 0.01999213 0.94790256 0.00525349 0.01982141 0.94760656 0.00789428 0.01958086 0.94712156 0.01129184 0.01909882 0.94617623 0.01375843 0.01859323 0.9452585 0.01622599 0.01802298 0.94413257 0.01927378 0.01712135 0.94239855 0.02143135 0.01637457 0.94089168 0.02359432 0.01546474 0.9391703 0.02607073 0.01420304 0.93681598 0.02836439 0.01280666 0.93416685 0.03041901 0.01127657 0.93125135 0.03212288 0.00969958 0.92825186 0.03360293 0.00795975 0.92492014 0.03470758 0.00620126 0.92154813 0.03546717 0.00442796 0.91817427 0.03599298 0.00116839 0.91197652 0.03587756 0.0026577 0.91466075 0.03586647 0.00026679 0.91001445 -0.00080159 -0.01763904 0.87600493 0.00356522 -0.01756061 0.8761574 0.00828527 -0.01711774 0.87697583 0.01161684 -0.01664948 0.87792265 0.01555702 -0.01579132 0.8795085 0.01895842 -0.01481544 0.88137031 0.02165573 -0.01387378 0.88317239 0.02482115 -0.01245118 0.88587409 0.02667509 -0.0114219 0.88781792 0.02821077 -0.01053063 0.88962364 0.03008536 -0.00905387 0.892349 0.03167872 -0.00770928 0.89511412 0.03297611 -0.00618507 0.89795995 0.03390996 -0.0048213 0.90049684 0.03474958 -0.00339035 0.90335387 0.03543299 -0.00164387 0.9065758 -0.03586638 0.0002196 0.90994364 -0.03534576 -0.001748 0.90623379 -0.03465163 -0.00340159 0.90309745 -0.03377882 -0.00505555 0.90009397 -0.03286577 -0.0063514 0.89769584 -0.03171592 -0.00766432 0.89518005 -0.02998049 -0.00927768 0.89213729 -0.02891872 -0.00995214 0.89062768 -0.02714534 -0.01115941 0.8883369 -0.02486695 -0.01242297 0.88592148 -0.02224862 -0.01361922 0.88364595 -0.01941395 -0.01466865 0.88164896 -0.0163635 -0.01557711 0.87992013 -0.00452356 -0.01748783 0.87628806 -0.00812322 -0.01714578 0.87693632 -0.01240581 -0.01648691 0.87818867 -0.0017145 0.02014581 0.94779247 -0.00609047 0.01988402 0.94729578 -0.00952849 0.01948045 0.94652855 -0.01287564 0.01890145 0.94542778 -0.01609749 0.01815231 0.94400871 -0.01990148 0.01700189 0.94181454 -0.0234108 0.01558966 0.93913311 -0.02656358 0.01399002 0.93610179 -0.02974086 0.01186559 0.93203866 -0.03248307 0.00933041 0.92722082 0.03505646 0.00540604 0.91976577 0.02602141 0.01427676 0.93662924 0.02169562 0.01633753 0.94053823 0.03283395 0.00894549 0.92649162 0.02938869 0.01214909 0.93258381 0.01786354 0.01765204 0.94304961 0.01391542 0.0186896 0.94502318 0.00962178 0.01946679 0.94650316 0.00618536 0.01987527 0.94727969 0.00268924 0.02010456 0.94771576 0.03491358 -0.00272626 0.90431917 0.03204683 -0.00709646 0.89600116 -0.03306106 -0.0058439 0.89839196 -0.03095417 -0.00820327 0.89390546 -0.01174942 -0.01613815 0.87888461 -0.00793845 -0.01672277 0.87773633 -0.000107 0.01977012 0.94708997 0.00483033 0.01958247 0.94674563 0.01139285 0.01875262 0.94517708 0.0147556 0.01803632 0.94382066 -0.0040805 0.01963014 0.94683957 -0.00350463 -0.01711436 0.87699664 0.00180885 -0.01719091 0.87682742 -0.02424421 0.0146046 0.93732095 -0.02659579 0.01334696 0.93488044 -0.02995717 0.01085655 0.93019879 -0.01576408 0.01777825 0.94332469 -0.02018667 0.01647405 0.94079173 -0.01262758 0.01851645 0.9447192 0.00781973 -0.01673738 0.87768894 0.01617465 -0.01512219 0.88081139 -0.0085573 0.01919445 0.94602513 -0.03213036 0.00865411 0.92602116 0.01217341 -0.01604367 0.87907189 0.0207829 0.01618132 0.94027615 -0.01576527 -0.01522666 0.88058537 0.03127158 0.00963746 0.92786598 0.03275966 0.00785261 0.9244864 0.02916764 0.01156464 0.93151569 0.02655671 0.01331019 0.93487883 0.02448441 0.01447226 0.93707907 -0.03332185 0.00699825 0.92288017 -0.03461743 0.00418318 0.91751379 -0.0350383 0.0025613 0.91437471 -0.03131054 -0.00706066 0.89610851 -0.02964915 -0.00861386 0.89314157 -0.02763713 -0.01010651 0.89031917 0.03454153 -0.00189345 0.90598971 0.03502283 -7.01E-05 0.90937263 -0.01933736 -0.01414463 0.88266671 -0.02453371 -0.0119535 0.8868047 0.01884406 -0.0143035 0.88234752 0.02226983 -0.01301111 0.88481963 0.02541044 -0.01146272 0.88774568 0.02766517 -0.010088 0.89035648 0.02967061 -0.00859609 0.89317751 0.03508564 0.00243278 0.91411853 -0.03274602 -0.00538532 0.89927822 -0.03380188 -0.00369557 0.90250772 -0.03480326 -0.00131075 0.90700483 0.03168547 -0.00670077 0.89676702 0.03442326 0.00506042 0.91912252 0.03384602 -0.00363803 0.90259582 -0.00078417 -0.01725049 0.87698126 -0.01101021 -0.01641841 0.87880945 -0.00763371 -0.01688266 0.87786782 -0.01349574 -0.01589917 0.87974817 -0.02533802 -0.01157323 0.88786674 -0.02286901 -0.01279671 0.88550764 -0.0157698 -0.01531364 0.88075805 -0.00429181 -0.01718918 0.87728828 -1.878E-05 -0.01741455 0.87701488 -0.01728603 -0.01498444 0.88159859 -0.02017541 -0.01392863 0.88341641 -0.0341571 -0.00287387 0.90433037 -0.03322302 -0.00466794 0.90099782 -0.03502485 0.00079104 0.91116184 -0.03475778 -0.00104892 0.90772486 -0.03166107 -0.00673411 0.89704734 -0.02761992 -0.01020286 0.89052391 -0.02958899 -0.00871033 0.89331698 -0.01870112 0.01680928 0.94163489 -0.02182819 0.015614 0.93941182 -0.02649288 0.01323569 0.93492514 -0.03491311 0.00249786 0.9145835 -0.02862087 0.01190361 0.93223113 -0.03128573 0.00948905 0.92775667 -0.03417259 0.00524222 0.9196806 0.02275122 0.0152109 0.93865204 0.00108376 0.01964496 0.94703591 0.03201141 0.00865224 0.92621624 0.03474783 0.00342397 0.91630083 0.03434487 0.00477984 0.91880476 0.03375591 0.00611256 0.92134356 0.02950498 0.01111057 0.9308871 0.0339344 -0.0034176 0.90335983 0.03130069 -0.00709707 0.89633417 0.03264905 -0.00545884 0.89930373 0.02648347 -0.01094969 0.88914704 0.02414126 -0.0122344 0.88668239 0.03028449 -0.00814202 0.89449203 0.02859456 -0.00949973 0.89183295 0.02162418 -0.01338316 0.88450533 0.01533712 -0.0154853 0.88056183 0.01868394 -0.01448427 0.88243127 0.00599479 -0.01695031 0.87745821 0.00256967 -0.01720007 0.87706727 0.00539019 -0.01717115 0.87744462 0.01268037 -0.01604976 0.87939441 0.03490967 -0.0002163 0.90945011 0.03501684 0.00168101 0.91288668 0.00926285 -0.01662619 0.87825412 0.01720251 0.01729711 0.94253308 0.00759867 0.01924245 0.94621611 -0.00202917 -0.02361139 0.88270986 -0.00118696 -0.02360899 0.87774622 -0.00285799 -0.02361449 0.87958503 -0.00296354 -0.02360382 0.88095576 0.03026022 -0.01157731 0.92751461 0.03002766 -0.01160233 0.92655182 0.02947949 -0.0116388 0.92570031 0.02868244 -0.01160385 0.92510003 0.0263115 -0.01161121 0.92491013 0.02436615 -0.01163643 0.92701411 -0.03012833 -0.0116125 0.92869163 -0.02933577 -0.01164046 0.92994237 -0.02802829 -0.01163711 0.93066084 -0.02968545 -0.01161426 0.92595589 -0.03004557 -0.01157195 0.92664295 -0.00261998 0.07350001 0.9076851 -0.01157325 0.07350001 0.87577116 -0.01763434 0.07350001 0.87830263 0.00107989 0.07350001 0.91690767 0 0.07350001 0.91700006 0.00192467 0.07350001 0.94995129 -0.00111937 0.07350001 0.91690153 -0.01106293 0.07350001 0.94840038 -0.00350887 0.07350001 0.94988227 -0.00431512 0.07350001 0.91461992 -0.00499066 0.07350001 0.91251504 -0.03755244 0.07350001 0.91809821 -0.00057586 0.07350001 0.90704852 -0.00446089 0.07350001 0.87419289 0 0.07350001 0.90700006 7E-08 0.07350001 0.87399977 -0.00281365 0.07350001 0.91615397 -0.01816371 0.07350001 0.94542837 -0.02452089 0.07350001 0.94108784 -0.03800757 0.07350001 0.91170424 -0.00466707 0.07350001 0.90996408 -0.02456087 0.07350001 0.88288629 0.00086824 0.07350001 0.907076 0.00595775 0.07350001 0.87443823 0.0024272 0.07350001 0.90757376 0.01367394 0.07350001 0.87645108 0.01876053 0.07350001 0.94509715 0.00332949 0.07350001 0.91579455 -0.03364785 0.07350001 0.89427119 -0.03619712 0.07350001 0.90032768 -0.03009459 0.07350001 0.88874537 0.00799256 0.07350001 0.94919538 0.0131976 0.07350001 0.94763464 -0.03766 0.07350001 0.90669417 0.02094935 0.07350001 0.88025862 0.00431512 0.07350001 0.9093802 0.02714056 0.07350001 0.88527793 -0.02987445 0.07350001 0.93555617 -0.03555629 0.07350001 0.92553234 -0.03322517 0.07350001 0.93044162 0.02326003 0.07350001 0.94204956 0.0278083 0.07350001 0.93796295 0.03246554 0.07350001 0.93183345 0.00478064 0.07350001 0.9136216 0.03579335 0.07350001 0.92489225 0.03218867 0.07350001 0.89174479 0.03575355 0.07350001 0.89887089 0.00499066 0.07350001 0.91148508 0.03768165 0.07350001 0.90685183 0.03722214 0.07350001 0.91964942 0.03800298 0.07350001 0.91370094 -0.038 0.06650002 0.91200006 -0.0376558 0.06650002 0.91742355 -0.03579336 0.06650002 0.92489225 -0.03246554 0.06650002 0.93183345 -0.0278083 0.06650002 0.93796295 -0.02326003 0.06650002 0.94204956 -0.01876053 0.06650002 0.94509715 -0.0131976 0.06650002 0.94763464 -0.00799256 0.06650002 0.94919538 -0.00192467 0.06650002 0.94995129 0.00350887 0.06650002 0.94988227 0.01106293 0.06650002 0.94840038 0.01816371 0.06650002 0.94542837 0.02452089 0.06650002 0.94108784 0.02987445 0.06650002 0.93555617 0.03322517 0.06650002 0.93044162 0.03555629 0.06650002 0.92553234 0.03755244 0.06650002 0.91809821 0.038 0.06650002 0.91200006 0 0.07350001 0.87400007 -1.3E-07 0.06650002 0.87398422 -0.00420406 0.06650002 0.87418151 -0.01102109 0.06650002 0.87559938 -0.01711896 0.06650002 0.87803793 -0.02392808 0.06650002 0.88236386 -0.0297381 0.06650002 0.88829106 -0.0333746 0.06650002 0.89376199 -0.03652937 0.06650002 0.90120625 -0.03788735 0.06650002 0.90884328 0.03775491 0.06650002 0.90742016 0.03602574 0.06650002 0.89963746 0.03248994 0.06650002 0.89223164 0.02770409 0.06650002 0.88586253 0.02142536 0.06650002 0.88057798 0.01443021 0.06650002 0.8767513 0.00652325 0.06650002 0.87453234 1.5E-07 0.06650002 0.87399948 0.00086824 0.06650002 0.91692412 0 0.06650002 0.91700006 -0.00086824 0.06650002 0.91692412 0.0017101 0.06650002 0.91669852 0.0025 0.06650002 0.91633016 0.00383022 0.06650002 0.915214 0.00321394 0.06650002 0.91583025 0.005 0.06650002 0.91200006 0.00492404 0.06650002 0.91286832 0.00469846 0.06650002 0.91371018 0.0025 0.06650002 0.90766996 0.0017101 0.06650002 0.9073016 0.00086824 0.06650002 0.907076 0 0.06650002 0.90700006 -0.00086824 0.06650002 0.907076 0.00492404 0.06650002 0.91113174 0.00383022 0.06650002 0.90878612 0.00321394 0.06650002 0.90816987 -0.0017101 0.06650002 0.9073016 -0.0025 0.06650002 0.90766996 0.00469846 0.06650002 0.91028988 -0.0017101 0.06650002 0.91669852 -0.0025 0.06650002 0.91633016 -0.00321394 0.06650002 0.91583025 0.00433013 0.06650002 0.91450006 0.00433013 0.06650002 0.90950006 -0.00321394 0.06650002 0.90816987 -0.00383022 0.06650002 0.90878612 -0.00383022 0.06650002 0.915214 -0.00433013 0.06650002 0.90950006 -0.00469846 0.06650002 0.91028988 -0.00492404 0.06650002 0.91113174 -0.005 0.06650002 0.91200006 -0.00492404 0.06650002 0.91286832 -0.00433013 0.06650002 0.91450006 -0.00469846 0.06650002 0.91371018 0 0.06650002 0.90700006 0 0.06650002 0.91700006 0.00226646 0.01944042 0.87350005 0.00379462 0.02732938 0.87350005 0.00505979 0.02457032 0.87350005 -0.0005703 0.0290598 0.87350005 0.00204938 0.02857952 0.87350005 -0.00442642 0.02642708 0.87350005 -0.00294128 0.02806459 0.87350005 -0.00505979 0.02342971 0.87350005 -0.00379462 0.02067065 0.87350005 -0.00119464 0.01905031 0.87350005 0.00442642 0.02157295 0.87350005 0.00431512 0.05650002 0.91461992 0.00499066 0.05650002 0.91251504 -0.0024272 0.05650002 0.90757376 0.00466707 0.05650002 0.90996408 0.00203575 0.05650002 0.91666722 -0.00098624 0.05650002 0.91695094 -0.00332949 0.05650002 0.91579455 -0.00478064 0.05650002 0.9136216 -0.00431512 0.05650002 0.9093802 -0.00499066 0.05650002 0.91148508 0.00261998 0.05650002 0.9076851 0.00011138 0.05650002 0.9069531 0.00442642 0.02642708 0.86350006 0.03634585 0.03525488 0.86350036 0.00504692 0.02388871 0.86350006 0.03798656 0.0264281 0.86350012 -0.00281549 0.02824263 0.86350006 -0.00737878 0.06134104 0.86350024 0.0005703 0.0290598 0.86350006 0.00183405 0.06203389 0.8635 0.03008245 0.04730563 0.86350036 0.03364733 0.0416595 0.86350006 0.00294128 0.02806459 0.86350006 0.02001665 0.05638524 0.8635 0.02519866 0.05244343 0.86350006 0.01139956 0.06035706 0.86349964 -0.0235474 0.05390655 0.86350012 -0.01582003 0.05861019 0.86350036 -0.00226646 0.01944042 0.86350006 -0.02353923 -0.005895 0.86350024 -0.00442642 0.02157295 0.86350006 0.00119464 0.01905031 0.86350006 0.0071822 -0.01337468 0.86350024 -0.0023274 -0.01403367 0.86349964 -0.02844341 -0.00119865 0.86350006 -0.03260681 0.00438991 0.86350024 -0.01141479 -0.01229814 0.86350024 -0.01765948 -0.00964732 0.86350006 0.03781003 0.01993581 0.86350214 0.03680236 0.01467727 0.86350173 0.00409675 0.02097622 0.86350006 0.03471148 0.00836419 0.8635 -0.00451357 0.0261908 0.86350006 -0.03013065 0.04728327 0.8635 -0.03631558 0.01261828 0.8635003 -0.00504692 0.02411132 0.86350006 -0.03782094 0.01989402 0.86350238 -0.03806385 0.02370027 0.86350417 0.01994915 -0.00841076 0.86350024 0.01347499 -0.01153061 0.86350006 0.03127339 0.00241355 0.86350006 0.02693505 -0.0029047 0.86349994 -0.03743726 0.03092484 0.86350006 -0.0347977 0.03940621 0.86350036 0.01311129 0.06540949 0.87626988 0.00958003 0.06649927 0.87517482 0.01521917 0.06647348 0.87720942 0.00604461 0.06552893 0.87441367 0.00363184 0.06649981 0.87415022 0.02582471 0.05441459 0.87903106 0.02952701 0.05027841 0.88076878 0.02858814 0.04986177 0.8768779 0.03411729 0.06094688 0.89514136 0.03582861 0.05888908 0.89920944 0.03481774 0.05277432 0.89560109 0.03328477 0.05488932 0.89247453 0.03791076 0.04551873 0.90975505 0.03789087 0.06650008 0.90897244 0.03800422 0.05004461 0.91163677 0.03715207 0.06649999 0.90379703 0.03756906 0.0519453 0.90611249 0.03696898 0.04895396 0.90290457 0.03465025 0.04796167 0.89372551 0.03746769 0.0390008 0.90595502 0.0359273 0.04451211 0.89794284 0.03568939 0.04186412 0.89516371 0.03464663 0.04397168 0.89107233 0.03345771 0.04650398 0.88849115 0.03279535 0.04971669 0.88920969 0.02517314 0.05711143 0.88080323 0.02766418 0.05457586 0.88234448 0.02437029 0.05510128 0.87750417 0.02625535 0.05225258 0.87590468 0.02968973 0.05231138 0.88399982 0.03174771 0.04820859 0.88446504 0.03243931 0.04542492 0.88189948 0.0293075 0.04827514 0.87351531 0.0268053 0.05103593 0.87315691 0.03062799 0.04705761 0.87701166 0.03223101 0.04430199 0.87545437 0.03099899 0.05204676 0.88653404 0.03360375 0.04336349 0.88363498 0.03647294 0.03721403 0.89755464 0.03715894 0.03508594 0.90242803 0.037396 0.03001224 0.89888346 0.03526859 0.03832382 0.8804571 0.03417157 0.04075563 0.87663537 0.03561307 0.03942334 0.89123541 0.03461371 0.0415335 0.8863259 0.03661142 0.0336794 0.88878685 0.0360477 0.03606552 0.88413405 0.03670096 0.03393429 0.8729412 0.03719504 0.03029633 0.89126986 0.03767461 0.02900463 0.87424308 0.01304242 0.06267368 0.87514412 0.01549308 0.06089924 0.87512195 0.01369342 0.06047655 0.87371492 0.00965606 0.06327026 0.8742677 0.00975674 0.06169003 0.87320626 0.01945877 0.0598024 0.87705863 0.0182775 0.05914322 0.87545276 0.02236955 0.0579638 0.87823147 1.8E-07 0.06294619 0.87295705 0.00511335 0.06244789 0.87277013 0.00285244 0.06215779 0.8721931 0.0062441 0.06173626 0.87219572 0.0035475 0.06188155 0.87154424 -5E-08 0.06214418 0.87201536 0.00515284 0.06372944 0.87357324 0.01381542 0.05982544 0.87285548 0.00977586 0.06102812 0.87239492 0 0.06204583 0.87164527 0.00800036 0.06118254 0.87161684 -0 0.06200355 0.87125933 0.01174812 0.06018759 0.87177235 0.01479181 0.05905494 0.87191838 0.01777376 0.05825755 0.87383503 0.02163373 0.0569957 0.87627739 0.02090686 0.05638896 0.87429816 0.02368775 0.05443561 0.87504441 0.0236662 0.05379707 0.87268883 0.02077673 0.05587647 0.87237287 0.01781286 0.05762002 0.87210405 0.00277578 0.06538312 0.87400842 0.00874136 0.06536069 0.87491244 1.9E-07 0.06496979 0.87384498 0.03632603 0.05346186 0.90043497 0.03455223 0.06650006 0.89604402 0.03258552 0.06275329 0.89238095 0.03068386 0.06650005 0.88948685 0.03105373 0.0611486 0.88988107 0.02811968 0.06386773 0.88636637 0.02564538 0.06650004 0.88388383 0.02550109 0.0643224 0.88375425 0.02266481 0.06471193 0.8814286 0.01965704 0.06649997 0.87941682 0.01963999 0.06504114 0.87940234 0.01205826 0.06460331 0.87565601 0.02922435 0.0604516 0.88720369 0.02673825 0.06142657 0.88450587 0.02398376 0.06181516 0.88193876 0.02106428 0.06262223 0.87982309 0.01723698 0.06384181 0.87773627 0.0313448 0.05562139 0.88894814 0.02862807 0.05776724 0.88554066 0.02532457 0.05934613 0.88228887 0.01733848 0.06234129 0.87716967 0.02175441 0.05998982 0.87911475 0.02900892 0.05560166 0.88511968 -0.02237781 0.05797292 0.87824911 -0.02170897 0.05961461 0.87883306 -0.01945161 0.0588572 0.8761692 -0.00958069 0.06243465 0.87377799 -0.00539238 0.06384122 0.87366706 -0.00626689 0.06228859 0.87285084 -0.03737947 0.02897209 0.89027572 -0.03724708 0.03179488 0.90004164 -0.03662086 0.03363093 0.88905811 -0.0372717 0.03794307 0.90449488 -0.03590686 0.03979975 0.89463043 -0.03590386 0.04423751 0.89796805 -0.03465252 0.04482827 0.89195895 -0.0321845 0.0457758 0.88132185 -0.02971193 0.04954283 0.88007945 -0.03069197 0.04724016 0.87793839 -0.03043197 0.05074721 0.88391531 -0.03099757 0.05248541 0.88679439 -0.02846972 0.05433482 0.88337612 -0.03752704 0.04706335 0.90619266 -0.037989 0.04622903 0.91085529 -0.03789505 0.06650005 0.90900749 -0.03642917 0.05863972 0.90107191 -0.03713395 0.06649975 0.90375692 -0.03489206 0.057812 0.89661652 -0.03447525 0.0665001 0.89588571 -0.03407278 0.06089219 0.89504349 -0.03722199 0.05321408 0.90406704 -0.03565036 0.04752526 0.89740145 -0.0345667 0.05037813 0.89440417 -0.03780197 0.03983415 0.9084962 -0.03301518 0.0519999 0.89089817 -0.03186311 0.05606744 0.89002013 -0.02906042 0.05568182 0.88524574 -0.03013305 0.05826267 0.88789916 -0.03223583 0.06171031 0.89173895 -0.03212659 0.04774322 0.88501799 -0.02503888 0.05579612 0.87947929 -0.02754624 0.05323822 0.88065064 -0.03407186 0.04294411 0.88580728 -0.02748366 0.05164916 0.87786829 -0.02497413 0.05359422 0.87600446 -0.02642665 0.05140261 0.87338811 -0.02895841 0.04872732 0.87402344 -0.03249902 0.04421093 0.87783802 -0.03075539 0.04639591 0.87385887 -0.0330041 0.04294796 0.87464213 -0.03588134 0.0371508 0.88788009 -0.03511943 0.04045339 0.88838452 -0.03223116 0.04972503 0.88764608 -0.03341696 0.04741268 0.88925862 -0.03499478 0.03897937 0.87883079 -0.03406692 0.04128243 0.87906069 -0.03605311 0.03605754 0.88022387 -0.03690577 0.03306572 0.87359673 -0.03767037 0.0290566 0.87424219 -0.00974635 0.06101651 0.87239218 -0.01390331 0.05999587 0.87320209 -0.01319016 0.06131124 0.87425286 -0.01285899 0.06272685 0.87510198 -0.01699763 0.06056301 0.87579066 -0.00284241 0.06239586 0.87253952 1E-08 0.06295203 0.87299258 -0.00268622 0.06195317 0.8716656 -0.00583499 0.06161878 0.87185103 -0.00799746 0.06118108 0.87159407 -0.01236045 0.05999132 0.87176532 -0.01695743 0.05889567 0.87408888 -0.01940127 0.05745301 0.87429458 -0.01712207 0.05798943 0.8721112 -0.01477531 0.05927068 0.87263167 -0.02234581 0.05653128 0.87657428 -0.02233364 0.05542407 0.87463671 -0.02077644 0.0558733 0.87233853 -0.02363064 0.05382108 0.87264222 -0.00293913 0.06523868 0.87398934 -0.00644213 0.06650081 0.87449044 -3.9E-07 0.0656035 0.87391728 -0.0134624 0.06500665 0.87634194 -0.01359114 0.06650044 0.87646806 -0.00965563 0.06532849 0.87515366 -0.00613695 0.06551035 0.87442446 -0.01964665 0.0665006 0.87942356 -0.01614033 0.06438942 0.87737972 -0.01951557 0.06425966 0.87924272 -0.02262972 0.06472795 0.8814041 -0.02545206 0.06649978 0.88370031 -0.02545714 0.0642537 0.88370687 -0.02768011 0.06314338 0.88582468 -0.03061446 0.0665001 0.88939828 -0.03008811 0.06245371 0.8886463 -0.02278508 0.06170879 0.88087791 -0.01952562 0.06173648 0.87832505 -0.01642491 0.06215072 0.87654048 -0.02536208 0.06060248 0.88283378 -0.02603445 0.05774984 0.88223553 -0.02795673 0.05943009 0.8853336 0.00588269 -0.02113358 0.87437546 -3.4E-07 -0.02132515 0.87400973 0.00266811 -0.01865459 0.87396657 0.03284472 -0.00813795 0.89321625 0.03358749 -0.0106218 0.89439243 0.03119503 -0.01271767 0.8903957 0.03355769 -0.00588518 0.89450705 0.03587904 -0.00765134 0.90004641 0.0379018 -0.00262592 0.90962607 0.03678818 0.00380586 0.90258485 0.03750967 0.00789378 0.90539062 0.0369585 0.01006624 0.89903682 0.03689487 0.01384569 0.88953388 0.03732042 0.01659405 0.88754934 0.03735548 0.014636 0.89786112 0.00320928 -0.01392876 0.87178457 0.00872012 -0.01304686 0.87193513 0.00652845 -0.01371902 0.87251586 0 -0.01402711 0.87160188 -0 -0.01400116 0.87122786 0.0027237 -0.01424451 0.87242961 -5E-08 -0.01440068 0.87246168 1E-08 -0.01423595 0.87223125 0.00274244 -0.01491024 0.87303644 3E-08 -0.01466539 0.87271613 0 -0.01450781 0.87257314 0.00618825 -0.01421663 0.87310827 -1E-08 -0.01412796 0.87201792 0.01629996 -0.01076936 0.87443018 0.01921977 -0.00959627 0.87597555 0.01517021 -0.01180173 0.87511402 0.0227106 -0.00708883 0.87656432 0.02299189 -0.00817466 0.87888622 0.00970366 -0.01356508 0.87373579 0.00606403 -0.01477381 0.8734979 0.00981974 -0.01319067 0.87329173 0.01303907 -0.01216464 0.87387758 0.01160267 -0.01333326 0.87441027 0.00797645 -0.01480258 0.87399477 3.1E-07 -0.01739001 0.87369895 1E-08 -0.01589835 0.87333816 0.00265732 -0.01632303 0.87357545 0 -0.01574218 0.87328213 -0 -0.0154803 0.87318081 1E-08 -0.01502053 0.87295824 0.01894946 -0.01869872 0.87901223 0.01869759 -0.01470199 0.87872833 0.02291512 -0.0173518 0.88157588 0.02188619 -0.01413647 0.88078779 0.01411557 -0.01993079 0.87666625 0.01472607 -0.01587951 0.87676758 0.01501954 -0.01313039 0.87609464 0.01854682 -0.01228173 0.87785333 0.01840387 -0.01075021 0.87667191 0.01112275 -0.0143139 0.87480879 0.01105757 -0.01649724 0.87543994 0.00712749 -0.01636367 0.87427747 0.00649809 -0.01853965 0.87446225 0.03371816 -9.326E-05 0.89246279 0.03267761 -0.00021304 0.8892588 0.0338299 0.00304795 0.88922751 0.0223773 -0.01009517 0.87983286 0.0256558 -0.00829893 0.88241899 0.02564738 -0.00625512 0.8805064 0.02862596 -0.00592092 0.88516724 0.02810021 -0.00408748 0.8822791 0.03068499 -0.00769622 0.88946092 0.02706599 -0.00946057 0.88469088 0.02231622 -0.01184796 0.88060957 0.03705521 -0.00538249 0.90436721 0.03585118 -0.00231056 0.90015399 0.02827295 -0.01059161 0.88655823 0.02532362 -0.01241309 0.88350207 0.02656927 -0.01568411 0.88475263 0.02915509 -0.0141975 0.88758361 0.03624629 0.01145202 0.88679737 0.03601744 0.01175233 0.87632769 0.03599923 0.00792325 0.89384878 0.03455105 0.0080407 0.87495607 0.03550869 0.00935395 0.88439423 0.0350412 -0.00064873 0.8971827 0.03594693 0.00383556 0.89823192 0.03497835 0.00366555 0.89372027 0.03472343 0.00589572 0.8884182 0.03433873 0.00657352 0.883147 0.03301277 0.00503633 0.87461364 0.02345529 -0.00593943 0.87229633 0.02540934 -0.00496728 0.87753433 0.0257382 -0.00397867 0.87222838 0.02768084 -0.00257235 0.87690973 0.01359429 -0.01153271 0.87180275 0.01752443 -0.00975215 0.87200779 0.01939824 -0.00906314 0.8746472 0.02053504 -0.00801385 0.87213379 0.02816511 -0.00155191 0.87242758 0.02990205 -1.082E-05 0.87758672 0.03050077 0.00128013 0.87277049 0.03179664 0.00250694 0.87925369 0.03288965 0.00371743 0.88244212 0.0324299 0.00106925 0.88664013 0.03324687 -0.00323748 0.89305913 0.03011235 -0.00226713 0.8845253 0.03102201 -0.00403447 0.88844353 0.03071941 2.652E-05 0.88209218 0.0280124 -0.00283888 0.87961483 -0.03085572 0.00048447 0.88133979 -0.02741989 -0.00347418 0.87936944 -0.02925791 -0.00207942 0.88181031 0 -0.01848475 0.87383085 -0.00255436 -0.01851919 0.8739422 -0.00261049 -0.01590218 0.8734585 0 -0.01654895 0.87351841 -0.03748253 0.01778606 0.88771427 -0.03718946 0.01597986 0.88352907 -0.03690489 -0.00180967 0.90382707 -0.03772592 0.00269251 0.90799296 -0.0364579 0.00334294 0.90089887 -0.03756149 0.00964667 0.90503836 -0.03671226 0.00924396 0.89802635 -0.03733382 0.01398765 0.89904475 -0.03783065 -0.00298342 0.90895063 -0.03689177 -0.00574045 0.9036901 -0.03232318 -0.00761442 0.8922919 -0.03471194 -0.00934496 0.89682281 -0.03388247 -0.00599558 0.8952812 -0.02056015 -0.01474424 0.87990129 -0.02073036 -0.01815701 0.88004559 -0.0233037 -0.01358656 0.88184905 -0.0261935 -0.01587854 0.88437587 -0.00408303 -0.02123103 0.8741864 -0.00645191 -0.0185039 0.87445128 -0.01078911 -0.02054727 0.87549138 -0.01125787 -0.01740409 0.87556827 -0.0161769 -0.01943922 0.87759143 0 -0.0140022 0.87124795 -0.00307163 -0.01393878 0.87180334 -0.01143486 -0.01264521 0.87339896 -0.01187745 -0.0121539 0.87198108 -0.00767521 -0.01376381 0.8730914 -0.01473381 -0.01145693 0.87406725 -0.00788573 -0.01322959 0.87200689 -0.00536442 -0.01431048 0.87300819 -0.00365723 -0.0140786 0.87230188 -0.00270785 -0.01469814 0.87287855 0 -0.01403914 0.87167031 -0.01670285 -0.01018371 0.87197763 -0.01873778 -0.00984146 0.87580812 -0.01510837 -0.01172825 0.874955 -0.01846769 -0.01091911 0.87688267 -0.01681264 -0.01209459 0.87655842 -0.01159411 -0.01299324 0.87407744 -0.00637855 -0.01468289 0.87350947 -0.00899094 -0.0137241 0.87360471 0 -0.01514429 0.87302417 -0.00646078 -0.01596626 0.87406856 -0.01298408 -0.01352477 0.8752203 -0.00992194 -0.01425869 0.87434167 0 -0.01475689 0.87278491 -0.01920494 -0.01443286 0.87898886 -0.01558915 -0.01629999 0.87721348 -0.02888327 -0.00421311 0.88411891 -0.02704558 -0.00513021 0.881549 -0.02569081 -0.00832047 0.88247865 -0.02438468 -0.00724379 0.87973452 -0.02304286 -0.00999968 0.88047123 -0.02137181 -0.0088822 0.87772119 -0.02013586 -0.0115548 0.8786869 -0.01002977 -0.01578516 0.87494391 -0.03394808 -0.00198847 0.89443368 -0.03174295 -0.00443059 0.89019871 -0.02886641 -0.00782833 0.88661844 -0.02895741 -0.00556578 0.88548863 -0.02455495 -0.01099599 0.88238347 -0.0169984 -0.0138761 0.87749434 -0.01362993 -0.01507021 0.87611753 -0.0260582 -0.01208551 0.88422346 -0.02865749 -0.01035946 0.88701248 -0.0295228 -0.01396511 0.88803303 -0.03615687 0.01102779 0.88747138 -0.03688227 0.01320598 0.89145344 -0.03559199 0.00989642 0.88263357 -0.03504058 0.00730797 0.88725066 -0.03542719 -0.00386858 0.8990525 -0.03504545 0.00060832 0.89656705 -0.03503931 0.00457188 0.8928684 -0.03600739 0.00712625 0.89518148 -0.03284514 0.00423627 0.87940484 -0.03433353 0.0066196 0.88311207 -0.03528016 0.00975851 0.87516999 -0.03656062 0.0134842 0.8770892 -0.01776192 -0.01003004 0.87472022 -0.02189101 -0.00714289 0.87213689 -0.02099786 -0.00809754 0.87513179 -0.02368011 -0.00626058 0.87629634 -0.02595944 -0.00379796 0.87236869 -0.02651197 -0.00374819 0.87661928 -0.0296554 0.00013928 0.87242031 -0.02885852 -0.00127371 0.87727237 -0.03093639 0.00137151 0.87791336 -0.03335867 0.00567771 0.87268758 -0.03332254 0.00258628 0.88758844 -0.03287784 0.00342938 0.88328212 -0.03118319 -0.00052345 0.88497382 -0.0332889 0.00044733 0.89044362 -0.02495714 -0.00564698 0.87805587 -0.03086773 -0.00813049 0.88983184 -0.03152746 -0.01244847 0.89090008 -0.03108167 -0.00320836 0.88792205 0.03790832 0.0148849 0.90855259 0.03800706 -0.00094848 0.91282815 0.03762043 0.02637763 0.89122182 0.03802392 0.02486722 0.87325823 0.03765741 0.02026874 0.89386332 0.03767557 0.03187538 0.90587735 0.03774503 0.02138757 0.90328836 -8.075E-05 0.06649997 0.95004511 0 0.06650002 0.91700006 0.00683646 0.06650002 0.94938004 -0.0174875 0.06650001 0.94580799 -0.00879208 0.06650001 0.94903678 -0.03776923 0.06649997 0.91686326 -0.02494168 0.06649999 0.94074976 0 0.06650002 0.90700006 -0.03548909 0.06650001 0.92575902 -0.03110839 0.06650002 0.93394011 0.01128372 0.06650002 0.94828612 0.01711474 0.06649995 0.94598353 0.03792374 0.06650002 0.9144063 0.03530828 0.06649997 0.92618549 0.03735884 0.06650002 0.91895115 0.02339649 0.06650002 0.94194341 0.02682882 0.06650002 0.93891126 0.02987146 0.06650002 0.93548828 0.0324802 0.06650002 0.93172407 -0.03802192 -0.00149686 0.9117828 -0.03761373 0.0174522 0.90068907 -0.03794264 0.02601007 0.87425804 -0.03766392 0.02281687 0.89831346 -0.03760786 0.02798947 0.9034639 -0.03795073 0.02009285 0.90940678 -0.03772634 0.001142 0.91681468 -0.03595098 0.00524279 0.92462325 0.03767408 0.00142318 0.91734999 -0.00026655 0.01859875 0.95007372 -0.00695568 0.01823759 0.94938552 -0.01414001 0.01717301 0.94735694 -0.02040311 0.01546098 0.9440943 -0.02574897 0.01332457 0.94002372 -0.02954272 0.0111757 0.93592989 -0.03247825 0.0090042 0.93179303 0.03572855 0.00551944 0.92515486 0.03234253 0.00911584 0.93200576 0.02829102 0.01199239 0.93748587 0.02176569 0.01501153 0.94323778 0.0151802 0.0169173 0.94686925 0.01066977 0.01776973 0.94849396 0.00577859 0.018348 0.94959599 0.00146259 -0.02943643 0.88032109 0.00107757 -0.02911595 0.87949002 -0.00013928 -0.0288829 0.8789832 -0.00146308 -0.02956515 0.88077098 0.00116652 -0.02969476 0.88144785 -0.00085584 -0.02971854 0.8817144 0.00012869 -0.02973969 0.88196874 -0.00124899 -0.02921179 0.8797105 -0.02593855 -0.02111738 0.9283843 -0.02584661 -0.02187235 0.92745221 -0.02709257 -0.02147462 0.92628545 -0.02622001 -0.02201734 0.92672402 -0.02830037 -0.01983841 0.92663217 -0.02875859 -0.01806773 0.92787337 -0.02815508 -0.0178571 0.92898536 -0.02678655 -0.01956299 0.92915362 0.02777566 -0.0182158 0.92916101 0.02874073 -0.01779869 0.92816114 0.02853462 -0.0191983 0.92699373 0.02770509 -0.02081667 0.92631483 0.02597666 -0.02099461 0.92848802 0.02674462 -0.01964116 0.92911118 0.02590032 -0.02200922 0.92717063 0.02665867 -0.02180088 0.92641711 0.00025759 -0.02749998 0.88197386 -0.00023239 -0.02749997 0.8835007 0.00174778 -0.02749999 0.8829447 0.0012118 -0.02749999 0.88134336 0.00291263 -0.02750002 0.88124096 0.00147025 -0.02749991 0.88020205 0.00277508 -0.02750001 0.87941784 0.00079476 -0.02750002 0.87925875 0.00188722 -0.02749998 0.87819737 0.00057372 -0.02750145 0.87758315 -0.00054344 -0.02750001 0.879071 -0.00056819 -0.02758889 0.87760299 -0.00184445 -0.02750034 0.87817109 -0.00142787 -0.02749999 0.88011652 -0.00287504 -0.02750009 0.87962186 -0.00137125 -0.02749999 0.88101292 -0.00272892 -0.02750008 0.88174933 -0.00084887 -0.02749999 0.88170779 -0.00172514 -0.02749998 0.88290799 0.02598949 -0.02316321 0.9250617 0.02511841 -0.02345635 0.92572081 0.02559585 -0.01549999 0.92531949 0.02737752 -0.01651489 0.93071878 0.02802327 -0.01550012 0.93062228 0.02672701 -0.01549998 0.9306789 0.02648479 -0.0180576 0.93060023 0.02497031 -0.01549997 0.92971134 0.02563561 -0.01959952 0.93022001 0.02492517 -0.02101439 0.92954457 0.02445362 -0.02217132 0.92872596 0.02430161 -0.01549999 0.92780501 0.02430098 -0.02293049 0.92770118 0.02470499 -0.01549994 0.92623335 0.02456503 -0.02342874 0.92652184 0.02676736 -0.0155 0.92481941 0.02721298 -0.02220208 0.92477405 0.02827427 -0.0155 0.92494833 0.02897985 -0.01973158 0.92531073 0.0281361 -0.0210673 0.92492032 0.02963983 -0.01810203 0.92595929 0.02967311 -0.01550001 0.92595243 0.03001023 -0.01682973 0.9265874 0.03022875 -0.01550283 0.92735177 -0.00091247 -0.02961726 0.88333392 -0.00184149 -0.02963352 0.88283247 -0.00236001 -0.02973584 0.88250637 -0.00066706 -0.02972879 0.88351828 0.00148073 -0.02962368 0.8830775 0.0009408 -0.02973419 0.88345009 0.00242115 -0.02975274 0.88255417 -6.986E-05 -0.02963305 0.88346428 0.00060604 -0.02960889 0.88340473 -0.02868762 -0.0155 0.92817819 -0.03051568 -0.01549981 0.92743087 -0.02820904 -0.01549999 0.92888111 -0.03025213 -0.0155015 0.92740035 -0.02605357 -0.01549999 0.92863905 -0.02432565 -0.01549998 0.92737651 -0.02587942 -0.01549999 0.92722964 -0.0248043 -0.01549999 0.92612267 -0.02657379 -0.0155 0.92646807 -0.02598494 -0.01549999 0.92504424 -0.02758316 -0.0155 0.92628843 -0.02772427 -0.0155 0.92480886 -0.02910494 -0.01550002 0.92539841 -0.02860659 -0.01549997 0.92706299 -0.0299656 -0.01550006 0.92648607 -0.02822007 -0.01550016 0.93084389 -0.02729023 -0.01549998 0.92924005 -0.02807161 -0.01550006 0.93062377 -0.02654901 -0.01549997 0.93065751 -0.02508323 -0.01549998 0.9297573 -0.02445234 -0.0155 0.92862135 -0.02740782 -0.01651434 0.93072152 -0.03010843 -0.01632741 0.92686176 -0.03010538 -0.01743058 0.92630768 -0.02983935 -0.01746682 0.92626101 -0.02942058 -0.01879283 0.92568856 -0.02883545 -0.01994304 0.92523301 -0.02804511 -0.02121432 0.92488515 -0.02586529 -0.02316284 0.92514831 -0.0252503 -0.02346597 0.92557591 -0.02640041 -0.02291381 0.92491031 -0.02709568 -0.01719304 0.93078887 -0.02649065 -0.01806456 0.93060428 -0.02686441 -0.01761481 0.93091869 -0.02581368 -0.01934412 0.9303292 -0.02526424 -0.02035095 0.93018681 -0.02442325 -0.02226376 0.92860615 -0.02478539 -0.02131084 0.92934346 -0.02928068 -0.01967633 0.92524445 -0.02737816 -0.02213502 0.92476028 -0.02520452 -0.02044263 0.92986101 -0.00070495 -0.02776933 0.87736803 -0.00173307 -0.02805184 0.87773955 -0.00165149 -0.02806059 0.87791747 -0.00073191 -0.02777214 0.87752646 -0.00119275 -0.02782659 0.87777144 -0.00174825 -0.02800774 0.87811267 -0.00297428 -0.02923855 0.88025165 -0.00271466 -0.02876914 0.87931418 -0.00279661 -0.02881031 0.87901175 -0.00230013 -0.02839014 0.87863332 -0.00247661 -0.02957228 0.8821193 -0.00285827 -0.02951338 0.88129926 -0.00318053 -0.02951623 0.88073164 0.02822562 -0.01549873 0.93083024 0.0287339 -0.0155 0.92813635 0.02805746 -0.01549999 0.92899001 0.02849923 -0.0155 0.92691642 0.02778047 -0.01549998 0.92637455 0.02663221 -0.01549998 0.92638153 0.02579555 -0.01549997 0.92752671 0.02607644 -0.01549999 0.92859477 0.02702221 -0.01550001 0.92922544 0.03048187 -0.01550329 0.92743313 0.0271407 -0.01711735 0.9308126 0.02699059 -0.01738944 0.93095708 0.02764842 -0.02194157 0.92468977 0.03007052 -0.01750776 0.9262737 0.02907797 -0.01985928 0.92525601 0.02534801 -0.02023785 0.93019146 0.00300675 -0.02907415 0.8795715 0.00272203 -0.02879476 0.8792935 0.00291455 -0.02906306 0.87994182 0.00217881 -0.02834744 0.87819821 0.00232352 -0.02841103 0.87865448 0.00189822 -0.02813334 0.87820619 0.00122509 -0.0278444 0.87778002 0.00086336 -0.02780273 0.87751585 0.00067378 -0.02768523 0.87760323 0.00221075 -0.02964404 0.88248479 0.00309644 -0.02955261 0.88094705 0.00269196 -0.02956579 0.88173062 0.0029287 -0.02939405 0.88091207 0.0006862 -0.02776952 0.87736249 0.00159607 -0.02972935 0.88453704 -0.00453595 -0.02969159 0.88482058 0.00682251 -0.02961897 0.88532591 0.01316485 -0.02928816 0.88780135 0.01061841 -0.02948068 0.88407362 -0.00844927 -0.02958711 0.88327092 -0.00979836 -0.02948434 0.8863169 -0.01478611 -0.02915897 0.88877034 -0.02539925 -0.02741448 0.8966741 -0.0269618 -0.02699699 0.90208763 -0.02491689 -0.02771845 0.89827383 -0.02844304 -0.02465527 0.91674513 -0.02911519 -0.02537088 0.91069394 -0.03082707 -0.02377861 0.91107213 -0.0264948 -0.0150205 0.93332595 0.00048206 -0.01432538 0.94575566 -0.00304971 -0.01408906 0.9457407 -0.0010185 -0.01179312 0.9467411 -0.00747358 -0.01184571 0.94597942 -0.00857121 -0.01420972 0.9447791 -0.01353617 -0.01199968 0.94400811 -0.02596965 -0.01305221 0.93512094 -0.02974432 -0.01391014 0.92988598 -0.03257408 -0.01500495 0.92411262 -0.03165808 -0.01739219 0.92346114 -0.032939 -0.01843574 0.91863322 -0.03447296 -0.01671924 0.91627526 -0.03461633 -0.01855912 0.90875793 -0.03354812 -0.02017608 0.91043478 -0.03300012 -0.02124131 0.90461344 -0.03288138 -0.02069527 0.90086555 -0.03170356 -0.02156645 0.89782065 -0.02931389 -0.02389756 0.89565605 -0.02842307 -0.02321851 0.89208078 -0.01761093 -0.02734307 0.88357139 -0.0185714 -0.02606399 0.88266706 -0.02160033 -0.02679026 0.88691413 -0.02215526 -0.02525259 0.88529605 -0.01511201 -0.02666645 0.88075775 -0.00995579 -0.02728675 0.87877059 -0.01168593 -0.02712383 0.87931639 -0.00635982 -0.02758455 0.87786722 -0.00267753 -0.02773278 0.87741423 -0.01956873 -0.02867258 0.89268899 -0.01392968 -0.02923043 0.88567811 -0.0217593 -0.02828844 0.89194721 -0.02287922 -0.02815901 0.89680672 -0.02529473 -0.02758563 0.90128553 -0.02668318 -0.02534614 0.91816556 -0.02734261 -0.02592626 0.91385579 -0.02477613 -0.02462547 0.92370903 -0.02216315 -0.02413011 0.92800295 -0.02200749 -0.02255525 0.93090051 -0.01878974 -0.02367518 0.9318555 -0.02463455 -0.02344266 0.92639589 -0.02758633 -0.02347373 0.92195839 -0.03221637 -0.02237158 0.90892112 -0.03088499 -0.02407414 0.90479857 -0.02995677 -0.02446991 0.89995563 -0.02760132 -0.02537162 0.89466357 -0.02481168 -0.02564034 0.88947946 -0.02556961 -0.02427895 0.8885085 -0.00601453 -0.02851899 0.87908936 -0.01159823 -0.02820379 0.88078165 -0.02490392 -0.0268132 0.89237779 -0.02844882 -0.02617898 0.90635318 -0.02863439 -0.02600321 0.9028073 -0.00641013 -0.02925625 0.88074309 -0.01117242 -0.02900736 0.88224024 -0.01604355 -0.02860905 0.88488889 -0.02052593 -0.02782653 0.88790143 -0.02712482 -0.02659397 0.89802682 -0.03015888 -0.02294126 0.91725475 -0.02945268 -0.02131121 0.92244947 -0.03139524 -0.02103491 0.9182961 -0.03261427 -0.02092351 0.91390491 -0.00817088 -0.01994554 0.94135678 -0.00348 -0.02100397 0.94123113 -0.00794971 -0.02161676 0.93981248 -0.01322068 -0.02016624 0.93939757 -0.01285643 -0.02179855 0.93790382 -0.01658798 -0.0203908 0.93745321 -0.01737158 -0.02208298 0.93516451 -0.02028443 -0.02074224 0.934623 -0.02431691 -0.02306672 0.9274646 -0.00329698 -0.0177497 0.94381893 0.00027379 -0.02049684 0.94191235 -0.02357587 -0.01988804 0.93253708 0.00178969 -0.01728304 0.94421369 -0.00845125 -0.01727737 0.94319963 -0.01428322 -0.01827775 0.94042355 -0.01962163 -0.01876205 0.93692327 -0.0236767 -0.01732196 0.93470025 -0.01877848 -0.01661864 0.93904579 -0.01388038 -0.01613819 0.9419589 -0.01669057 -0.01215279 0.94247794 -0.01944936 -0.01232755 0.940799 -0.02304593 -0.01496459 0.93681169 -0.02206525 -0.01256151 0.93880004 -0.00105938 -0.02288458 0.93932295 -0.00606475 -0.02295205 0.93860781 -0.01007972 -0.02308134 0.93737411 -0.01477141 -0.02332801 0.93500626 -0.01899549 -0.02862393 0.8887068 -0.02714486 -0.02673609 0.90789527 -0.00026258 -0.02772533 0.87749076 0.00043243 -0.02776713 0.8774339 0.02893482 -0.02543351 0.89971542 0.03079982 -0.02311957 0.89872092 0.02869857 -0.0243238 0.89487153 0.02644801 -0.02390566 0.92292881 0.03021288 -0.01981471 0.92326921 0.00470243 -0.02766419 0.87760669 0.016038 -0.027498 0.88255149 0.01706153 -0.02634596 0.88178086 0.01341103 -0.0269136 0.87997365 0.02053241 -0.02563467 0.88397539 0.01860541 -0.0271601 0.88424563 0.02167029 -0.02679663 0.88700962 0.02839176 -0.02322632 0.89202744 0.03169942 -0.02157364 0.89775366 0.03182994 -0.02252072 0.90185678 0.03370786 -0.01991587 0.90371108 0.03287394 -0.02149381 0.90738428 0.03451121 -0.01867028 0.90834153 0.03276438 -0.02129018 0.91140312 0.03179806 -0.01462033 0.92602813 0.02829782 -0.01352677 0.93211722 0.02590795 -0.01647379 0.93302393 0.02358381 -0.01271564 0.93754077 0.01191036 -0.01194805 0.94462633 0.01149547 -0.01448185 0.94377106 0.0061698 -0.01182498 0.9462744 0.00524153 -0.01419883 0.94545352 0.00447088 -0.02184227 0.94026595 0.00519711 -0.02292896 0.93880385 0.01059849 -0.02309156 0.93721348 0.01457826 -0.02185795 0.93706375 0.01718655 -0.02348308 0.93331552 0.02417798 -0.0244709 0.92488748 0.02166555 -0.02405821 0.92868578 0.02178911 -0.02246865 0.93124622 0.0180622 -0.02883829 0.89128256 0.01642828 -0.02902067 0.88748109 0.02137999 -0.02842709 0.89474523 0.03402245 -0.01612707 0.91889292 0.03224453 -0.01884311 0.91999537 0.03203901 -0.01702247 0.92296982 0.01759849 -0.02046495 0.93676049 0.01994101 -0.02126764 0.93433368 0.01342656 -0.01998119 0.93948197 0.0096674 -0.02073211 0.94024801 0.00487487 -0.01985 0.94210273 0.02332517 -0.0192547 0.93341237 0.01952667 -0.01808437 0.93753141 0.0140854 -0.01758075 0.94100887 0.0080841 -0.01725998 0.94330561 0.02264613 -0.01564653 0.93675643 0.01739222 -0.01492774 0.94085586 0.0191698 -0.01230252 0.94095445 0.01562067 -0.01208957 0.94303274 0.03463608 -0.0173269 0.91373986 0.03287797 -0.02028479 0.9145872 0.03255357 -0.01960687 0.91752678 0.02799581 -0.02564382 0.89689338 0.02707308 -0.02672692 0.89878488 0.03107835 -0.02356206 0.91053343 0.02996112 -0.02495974 0.90710229 0.02899553 -0.02555271 0.90975648 0.02992016 -0.02409869 0.91389376 0.03011232 -0.02224387 0.91915381 0.02878171 -0.02399801 0.91799629 0.0285901 -0.02225498 0.92245901 0.03134895 -0.02354564 0.90584415 0.02982544 -0.02500085 0.90272373 0.03125369 -0.02242912 0.91484499 0.00643679 -0.02878479 0.87964016 0.01166076 -0.0282099 0.88082063 0.01220449 -0.02892783 0.88267899 0.0172055 -0.02851975 0.88579023 0.02162693 -0.0276665 0.88904899 0.02558436 -0.02626085 0.89231211 0.02515141 -0.02699719 0.89369732 0.00903942 -0.0273898 0.8784402 0.02488168 -0.02564008 0.88958704 0.02374462 -0.02482727 0.88669217 0.02618717 -0.02405565 0.88921696 0.02379615 -0.02797266 0.89832532 0.0259898 -0.02736626 0.90308225 0.02644113 -0.02721175 0.90169096 0.02802818 -0.02646295 0.90472966 0.02735081 -0.02645736 0.90982151 0.02355314 -0.02801192 0.89543521 0.02098861 -0.02833095 0.89055139 0.02469725 -0.02762284 0.89562535 0.00674085 -0.02945943 0.88154727 0.02838442 -0.02523952 0.91437376 0.02715671 -0.02568872 0.91561949 0.02613447 -0.02508953 0.92011809 0.01459107 -0.03035184 0.8886829 0.01943075 -0.02986232 0.89255357 0.01807113 -0.02997315 0.89132112 -0.00752328 -0.0307574 0.88554996 -0.00969254 -0.03061646 0.88628972 -0.01181499 -0.03054179 0.88717866 0.01596605 -0.03017026 0.889651 0.01181656 -0.03054073 0.8871814 0.00953577 -0.03062161 0.88622898 0.00778397 -0.0307522 0.88561767 0.00010901 -0.03090093 0.88450491 -0.00245159 -0.0308459 0.88462788 -0.00436376 -0.03085663 0.88484359 -0.01441785 -0.03035316 0.88859195 -0.01614067 -0.03015578 0.88977778 -0.01794897 -0.0299863 0.89121801 -0.01910085 -0.02990828 0.89223474 0.02747978 -0.02718375 0.91389453 0.02730086 -0.02709156 0.91429645 0.02735987 -0.02756519 0.91039675 0.02660012 -0.02654861 0.91849238 0.02617599 -0.02841632 0.90382206 0.02650554 -0.02834703 0.90478379 0.02700042 -0.02799053 0.90727532 0.02655746 -0.02654067 0.91899002 0.02560592 -0.02615023 0.92159587 0.02537161 -0.02610336 0.92258292 0.02443326 -0.02583593 0.92430609 0.02094343 -0.02523657 0.92957771 0.0213818 -0.02530553 0.92927605 0.01807875 -0.02487311 0.93248731 0.00481782 -0.02429091 0.93897724 0.00781996 -0.0242963 0.93813729 0.00949407 -0.02442749 0.93771762 0.01096422 -0.0244245 0.93700987 0.00472137 -0.02421298 0.93888319 0.00090011 -0.02422572 0.93929166 0.01518606 -0.02468136 0.93469924 0.01787309 -0.02493101 0.93280637 0.00043951 -0.02423654 0.93943632 0.01418444 -0.02463274 0.93550086 0.01341252 -0.02457247 0.93579203 0.02292367 -0.02556789 0.92696828 0.02521838 -0.02881426 0.90111315 0.02376855 -0.02917004 0.89821601 0.02297096 -0.02927661 0.89698702 0.02136657 -0.02959624 0.89471567 0.02723479 -0.02794372 0.90795052 -0.0043735 -0.01169918 0.94783723 0.00050932 -0.01179904 0.94799483 0.00351179 -0.01174688 0.94779807 0.0327746 -0.02172703 0.89727104 0.03439144 -0.02052031 0.90152931 0.03364066 -0.02120194 0.89936441 0.03499795 -0.01995076 0.90380996 0.0345376 -0.02047625 0.90164179 0.03534294 -0.01946524 0.9054693 0.03584751 -0.0172389 0.91408521 0.0359052 -0.01733341 0.91416818 0.0359121 -0.01811594 0.91064095 0.03508731 -0.01602342 0.91989124 0.03543087 -0.01631957 0.9181124 0.03451071 -0.0154748 0.92207569 0.0317202 -0.01408776 0.92891133 0.02943035 -0.01345996 0.93265474 0.03057883 -0.01384778 0.93099046 0.02330793 -0.01250012 0.93939221 0.02471406 -0.01271917 0.93814802 0.02649534 -0.01291774 0.93631822 0.01277448 -0.01189231 0.94562209 0.01501154 -0.01198878 0.94469655 0.01728724 -0.01206922 0.94354856 0.02086712 -0.01227366 0.94128937 0.01922696 -0.01220876 0.94241154 0.01099535 -0.02760214 0.87779486 0.00550613 -0.02775493 0.8769275 0.01546317 -0.02675201 0.88024032 -0.0097718 -0.02738588 0.87822753 -0.00613299 -0.02761467 0.87743616 -0.00693579 -0.02773965 0.87706858 -0.00940471 -0.02779198 0.87724143 -0.01161582 -0.02726374 0.87857854 -0.01680306 -0.02656326 0.88086265 -0.01906331 -0.0264427 0.88146389 -0.02111942 -0.02572446 0.88360733 0.02805874 -0.01318624 0.93450654 -0.0016138 -0.02815616 0.87606257 0.00017144 -0.02792846 0.87638843 0.00178584 -0.02811505 0.87612593 -0.01307811 -0.02738843 0.87846881 -0.02149216 -0.0259251 0.88312465 -0.01864734 -0.01210754 0.942846 -0.01182403 -0.01182765 0.94611007 -0.02341652 -0.01247905 0.93943858 -0.027109 -0.01296851 0.93574375 -0.03607181 -0.01779219 0.91179401 -0.03557275 -0.01633019 0.91796744 -0.03517891 -0.01981073 0.90406722 -0.03304682 -0.02162492 0.89760661 -0.03046354 -0.02299057 0.89279813 -0.02550189 -0.02454443 0.88749349 -0.02398194 -0.02528771 0.88512838 -0.02741197 -0.02424593 0.88861513 -0.01577945 -0.02702167 0.87964302 0.0084667 -0.0278715 0.87706077 0.00380376 -0.02810671 0.87624609 0.02720958 -0.02430767 0.88851893 0.02878227 -0.02370876 0.89049172 0.03137469 -0.02250698 0.89451057 0.03287393 -0.01457075 0.926588 0.03377177 -0.01500964 0.92433774 0.01058651 -0.01184274 0.94637704 0.00830147 -0.0118044 0.94700015 0.00598219 -0.01177109 0.94746989 -0.01381904 -0.02698487 0.87949091 -0.03352347 -0.01478834 0.9252311 -0.03020657 -0.01358596 0.93171227 0.03575213 -0.01872384 0.90830028 0.02528615 -0.02482995 0.88662076 0.00120023 -0.02777235 0.87688881 -0.00486034 -0.02808323 0.87633187 -0.00401205 -0.02768719 0.87718773 -0.00457307 -0.02782544 0.87668979 -0.00210917 -0.02784673 0.87649018 -0.00151844 -0.02773118 0.87691027 0.00248375 -0.02783524 0.87661457 0.01386573 -0.02730221 0.87884516 0.01609642 -0.02697242 0.8798613 0.02013041 -0.02619478 0.88225758 0.02277635 -0.02557863 0.88423437 0.00047307 -0.02824032 0.87608159 0.01106441 -0.0277228 0.87783176 0.02534862 -0.02495426 0.8865242 0.02293423 -0.02567942 0.88436699 0.02050733 -0.02624607 0.88252431 0.01843944 -0.02662552 0.8811723 0.03156709 -0.02256287 0.89483827 0.03014428 -0.02322265 0.89244252 0.00591895 -0.0280831 0.87656242 0.00346485 -0.03093652 0.88233697 0.00248294 -0.03089023 0.88461447 -0.00397025 -0.03091261 0.88189143 -0.0091345 -0.0307384 0.88317388 -0.01679933 -0.03022551 0.88841796 0.00788256 -0.03080001 0.88276649 0.00490423 -0.03084409 0.88494557 0.0172451 -0.0301615 0.88803929 -0.00177823 -0.02422444 0.93923426 -0.00293229 -0.02426869 0.93924659 -0.00785723 -0.02435586 0.93830532 -0.0130585 -0.0245576 0.93618506 -0.01274165 -0.02453264 0.93616694 -0.01651741 -0.02480687 0.93391019 -0.02015639 -0.02513924 0.9304409 -0.01902219 -0.02505694 0.93167359 -0.022417 -0.02547938 0.92784882 -0.02700567 -0.02679914 0.91655821 -0.0270296 -0.02678849 0.91704214 -0.02749866 -0.02731994 0.91288424 -0.01624956 -0.02473736 0.93395764 -0.02364372 -0.02568215 0.92609018 -0.02432902 -0.0258143 0.92450792 -0.0260937 -0.02634923 0.9205578 -0.0273997 -0.02731596 0.91246819 -0.02725786 -0.02782753 0.90891486 -0.00498136 -0.02422472 0.93883657 -0.00888415 -0.02436207 0.93783045 -0.02214819 -0.02537404 0.92801654 -0.02682306 -0.02815078 0.90620631 -0.02575965 -0.02866727 0.90232778 -0.02563519 -0.0286069 0.90222752 -0.02439621 -0.02901815 0.89942193 -0.02597165 -0.02626653 0.92064065 0.0013457 -0.01488944 0.94684136 0.00749518 -0.01422909 0.94636071 0.01403715 -0.01452859 0.94417578 0.03037999 -0.01770172 0.92830294 0.03305743 -0.01815136 0.92269784 0.03487654 -0.02030537 0.91041851 0.03388668 -0.02213053 0.905303 0.03244723 -0.02350373 0.9005636 0.02838343 -0.02536551 0.89225441 0.01512406 -0.02808602 0.88042998 0.00637586 -0.02912804 0.87783992 0.00015842 -0.0291998 0.87711936 0.02440351 -0.02903407 0.89587218 0.02718207 -0.02823626 0.90241504 0.02565177 -0.02515626 0.92481792 0.0281082 -0.02615769 0.91744095 0.00578925 -0.01739128 0.94507855 0.01056314 -0.01759271 0.94385231 0.01661058 -0.01799673 0.94103807 0.01911381 -0.01487931 0.94134766 0.02186526 -0.01635067 0.93865341 0.03121216 -0.02073137 0.92318374 0.03330599 -0.0206477 0.91782475 0.03375323 -0.02124547 0.91443205 0.03302113 -0.02314389 0.91044921 0.02646106 -0.01549789 0.93503195 0.00097539 -0.0211281 0.94291997 0.00405936 -0.0221503 0.94172859 0.00560886 -0.02033267 0.9431181 0.01020595 -0.02048713 0.94192809 0.00990996 -0.02232953 0.94028485 0.01603905 -0.02080499 0.93918675 0.01556463 -0.02259243 0.93761384 0.01955589 -0.02234327 0.93537396 0.02938807 -0.02275578 0.92341805 0.02666985 -0.02328978 0.92698246 0.02803654 -0.024696 0.92196178 0.03089246 -0.02337923 0.91882688 0.02944271 -0.02517762 0.91759503 0.03181112 -0.02425663 0.91245699 0.03027605 -0.02586631 0.91153777 0.03145668 -0.02525288 0.90595406 0.00242082 -0.01883001 0.94458342 0.02035032 -0.01980587 0.93728715 0.02782554 -0.02102256 0.92856252 0.03014296 -0.02624281 0.90176922 0.03071991 -0.02499267 0.89816111 -0.00322106 -0.03040027 0.87951958 0.00388859 -0.03040913 0.87969142 0.00952485 -0.03019917 0.88102603 0.01281629 -0.02905992 0.88045251 0.01475145 -0.02953614 0.88270962 0.01826413 -0.02849573 0.88356918 0.01919266 -0.0293709 0.88658166 0.02371164 -0.02731573 0.88771027 0.02430006 -0.0282668 0.8910861 0.02695159 -0.02689818 0.89268947 0.02837989 -0.02697094 0.89696449 0.02296412 -0.02271248 0.93210614 0.0239225 -0.02028458 0.93389243 -0.00118833 -0.01870397 0.9447493 0.02055858 -0.02732606 0.88390458 0.0269193 -0.01796599 0.9327665 0.02355854 -0.01729701 0.93661189 0.02189106 -0.02940085 0.89115125 0.01347172 -0.03030288 0.88401216 0.00052866 -0.0307795 0.88054079 0.02894478 -0.02726553 0.90637738 0.02870367 -0.0269962 0.91109192 0.0259561 -0.02831911 0.89551693 0.02219583 -0.02418854 0.93064481 0.01773217 -0.02380261 0.93478155 0.01252016 -0.02351805 0.93793714 0.00680704 -0.02334035 0.93995452 0.00082094 -0.02314451 0.94088596 0.02817164 -0.02765976 0.90089321 -0.00434109 -0.02152292 0.94231665 -0.02594882 -0.02848371 0.89653242 -0.02228542 -0.02920355 0.89093679 -0.02219775 -0.02947362 0.89286572 -0.02218957 -0.02947708 0.89580941 -0.02336792 -0.0292484 0.89758283 -0.02621879 -0.02860448 0.90104115 -0.00397516 -0.02920123 0.87745261 -0.00810463 -0.02854479 0.87763965 -0.01279789 -0.02821819 0.87923646 -0.01558577 -0.02838757 0.88116473 -0.02880775 -0.02499567 0.89252633 -0.03291059 -0.02306327 0.9017151 -0.03477218 -0.02076655 0.90694135 -0.03437091 -0.01974069 0.91586 -0.03416017 -0.01766762 0.92042708 -0.0320747 -0.01803413 0.92496723 -0.03109614 -0.01596083 0.92867029 -0.01405846 -0.01446017 0.94419611 -0.00924187 -0.01409261 0.9459582 -0.02266337 -0.02411761 0.93035275 -0.02678392 -0.02527264 0.9228068 -0.02110731 -0.02887961 0.88768661 -0.02188337 -0.02752482 0.88573509 -0.01938575 -0.02791231 0.88365471 -0.01708077 -0.02898458 0.88344449 -0.01355627 -0.02961418 0.88201934 -0.01000725 -0.02923026 0.87930304 -0.00886489 -0.03021765 0.88073772 -0.02832384 -0.02677206 0.89592105 -0.03041762 -0.02442961 0.89547408 -0.02623433 -0.02663369 0.89058113 -0.02416908 -0.02709723 0.88804626 -0.03098954 -0.02493775 0.89918327 -0.00967423 -0.02280335 0.93986553 -0.01010822 -0.02032009 0.9420926 -0.01525999 -0.02305159 0.93726587 -0.01451669 -0.02053835 0.94015074 -0.01864244 -0.02085903 0.93759048 -0.02022829 -0.02341342 0.93356621 -0.02344019 -0.02139647 0.93322212 -0.02521723 -0.02400701 0.92764211 -0.02758811 -0.02152771 0.9282791 -0.02816622 -0.02349004 0.92435312 -0.0301989 -0.02551879 0.91386533 -0.0300457 -0.02411293 0.9191215 -0.03183572 -0.02306941 0.91680491 -0.03235662 -0.02367522 0.9122234 -0.03063465 -0.0258035 0.90957689 -0.03177507 -0.02482146 0.90768307 -0.03027779 -0.02632119 0.90532213 -0.0248858 -0.02822805 0.89220232 -0.00549293 -0.0187263 0.94430596 -0.0104812 -0.01739752 0.94399279 -0.01505412 -0.01767244 0.94199407 -0.01933551 -0.01808371 0.93935823 -0.02433491 -0.01876535 0.93485206 -0.02861303 -0.0190059 0.92969668 -0.03328259 -0.02296569 0.90817833 -0.03236916 -0.02414942 0.90430981 -0.02948291 -0.02675354 0.9011749 -0.0306778 -0.02173145 0.92271763 -0.00421021 -0.01558833 0.94629067 -0.01995849 -0.01498871 0.94079077 -0.02391008 -0.01555935 0.93741554 -0.02626576 -0.01602874 0.93485975 -0.02836747 -0.01654178 0.93207699 -0.03400177 -0.0214382 0.91200507 -0.03286747 -0.01991163 0.92057049 -0.01491234 -0.03027144 0.88537782 -0.01586918 -0.02989472 0.88467747 -0.01966061 -0.02959988 0.88824779 -0.02090841 -0.02966738 0.89418209 -0.02872515 -0.02735999 0.90719622 -0.02781445 -0.02786307 0.9007231 -0.02833476 -0.02568034 0.91857249 -0.02892317 -0.02642559 0.91387731 -0.00424184 -0.02320477 0.94054401</float_array>
          <technique_common>
            <accessor source="#pos_0-array" count="7683" stride="3">
              <param name="X" type="float"/>
              <param name="Y" type="float"/>
              <param name="Z" type="float"/>
            </accessor>
          </technique_common>
        </source>
        <source id="norm_0">
          <float_array id="norm_0-array" count="14979">0 -1 0 -0.00155 -0.99982 0.01872 -0.00384 -0.99979 0.02025 -0.00897 -0.99993 0.00801 -0.01695 -0.99984 0.00505 -0.01998 -0.99975 -0.01011 -0.02391 -0.99971 -0.00198 -0.02053 -0.99976 0.00702 -0.00414 -0.99998 -0.00408 -0.00416 -0.99998 -0.00401 -0.00032 -1 -0.00219 0.01157 -0.99993 0.00096 0.0162 -0.9998 0.01146 0.01513 -0.9998 0.01302 0.01247 -0.99983 0.01395 0.00945 -0.99974 0.02072 0.0215 -0.9997 -0.01138 0.01539 -0.99976 -0.01552 0.02195 -0.99962 -0.01654 0.01999 -0.99962 -0.01873 -0.03038 -0.99577 0.08676 0.03827 -0.99684 0.06968 0.07574 -0.98774 0.13648 0.09582 -0.99003 0.10323 0.10408 -0.99064 0.08835 0.09224 -0.9941 0.05704 0.11359 -0.99335 0.01879 0.08265 -0.99555 0.04521 0.07603 -0.99658 0.0323 0.04533 -0.99856 0.02883 -8E-05 -0.9998 0.01991 0.02105 -0.99963 0.017 0.02361 -0.99957 0.01739 0.04104 -0.99884 0.02532 -0.01328 -0.99978 0.01621 -0.00934 -0.99981 0.01707 0.00579 -0.99968 0.0246 -0.04574 -0.9986 0.02648 -0.03749 -0.9991 0.01968 -0.03337 -0.99928 0.0179 -0.09237 -0.993 0.07367 -0.08418 -0.99012 0.11218 -0.07037 -0.98767 0.13987 -0.0347 -0.98755 0.1534 -0.00358 -0.99078 0.13545 -0.01694 -0.98807 0.15307 0.0291 -0.98908 0.14448 0.03522 -0.9882 0.14904 -0.07303 -0.99015 0.11948 -0.02781 -0.99442 0.10179 -0.01693 -0.99296 0.11724 0.02848 -0.99266 0.1175 0.04316 -0.99408 0.09967 0.07614 -0.99092 0.11083 -0.0916 -0.99178 0.08936 -0.0883 -0.99279 0.08106 -0.02784 -0.99651 0.07867 -0.03048 -0.99613 0.08242 0.03741 -0.9959 0.0824 -0.09008 -0.99475 0.04848 -0.02726 -0.9978 0.06037 -0.00194 -0.99889 0.04698 0.03357 -0.99797 0.05406 0.0425 -0.99704 0.06404 0.0824 -0.99524 0.05201 -0.07558 -0.9964 0.03848 -0.07034 -0.99688 0.03589 -0.06424 -0.99734 0.03441 -0.05213 -0.99801 0.0354 0.04074 -0.99891 0.02275 0.06756 -0.99742 0.02447 -0.10923 -0.99322 0.03974 -0.12102 -0.992 0.03596 -0.19655 -0.97985 0.03561 -0.17723 -0.98373 0.02959 -0.19828 -0.97865 0.05408 -0.19648 -0.9789 0.05608 -0.20111 -0.97791 0.05695 -0.24979 -0.96406 0.09047 -0.31357 -0.94313 0.11038 -0.35265 -0.925 0.14145 -0.33753 -0.92677 0.16484 -0.14645 -0.97533 0.16517 -0.3006 -0.88406 0.35787 -0.30541 -0.83545 0.45689 -0.21755 -0.87753 0.42732 -0.1867 -0.84651 0.49856 -0.22316 -0.86085 0.45731 -0.13396 -0.87255 0.46981 -0.1378 -0.86969 0.47398 -0.06537 -0.8658 0.4961 -0.10186 -0.85603 0.50679 -0.06445 -0.86453 0.49843 -0.02024 -0.85059 0.52544 -0.30117 -0.88353 0.3587 -0.37133 -0.86076 0.34816 -0.34715 -0.89374 0.28411 -0.04074 -0.93072 0.36347 -0.05092 -0.93939 0.33905 -0.10744 -0.92115 0.37409 -0.13405 -0.93636 0.32444 -0.16189 -0.92517 0.3433 -0.2119 -0.93758 0.27575 -0.19405 -0.94422 0.26605 -0.31858 -0.91161 0.25976 -0.30294 -0.93287 0.19491 -0.24138 -0.95118 0.19233 -0.0373 -0.96476 0.26046 -0.05587 -0.97527 0.21385 -0.09599 -0.96321 0.25103 -0.12544 -0.97205 0.19844 -0.1421 -0.9678 0.20778 -0.15734 -0.9755 0.15378 -0.22374 -0.96077 0.1639 -0.1697 -0.97951 0.10849 -0.26003 -0.9612 0.09207 -0.24824 -0.96584 0.07439 0.27165 -0.95736 0.09832 0.01647 -0.87337 0.48678 0.03417 -0.85971 0.50964 0.07839 -0.87012 0.48656 0.09198 -0.85738 0.5064 0.13441 -0.84671 0.5148 0.16595 -0.87211 0.46031 0.16321 -0.85966 0.4841 0.21248 -0.85324 0.47627 0.22894 -0.87691 0.42263 0.23676 -0.87216 0.42811 0.32649 -0.85179 0.40971 0.30142 -0.84624 0.43934 0.30149 -0.88912 0.34434 0.36091 -0.89437 0.26428 0.31408 -0.92615 0.2088 0.31854 -0.93812 0.13588 0.05233 -0.99273 0.1084 0.1994 -0.97906 0.04101 0.16407 -0.98555 0.04208 -0.00136 -0.9739 0.22695 0.32554 -0.89387 0.30825 0.2742 -0.91113 0.30766 0.29941 -0.93896 0.16943 0.27394 -0.94493 0.17905 0.26954 -0.91345 0.30489 0.16866 -0.94051 0.29496 0.17536 -0.92432 0.33893 0.1169 -0.92818 0.3533 0.09704 -0.9367 0.33641 0.06914 -0.92386 0.37643 0.01924 -0.93523 0.35353 0.0097 -0.92843 0.37138 0.11456 -0.99211 0.051 0.24584 -0.96751 0.05895 0.22122 -0.97167 0.0832 0.20379 -0.96523 0.16368 0.16949 -0.96511 0.1996 0.11957 -0.97616 0.18117 0.12978 -0.96147 0.24237 0.05814 -0.9748 0.21536 0.05775 -0.97191 0.22814 0.01436 -0.96791 0.25089 -0.01998 -0.99979 -0.00522 -0.02081 -0.99956 -0.02133 -0.01941 -0.99955 -0.02301 -0.02227 -0.99966 0.01391 0.01037 -0.99969 0.02266 -0.0055 -0.99991 0.01193 0.00375 -0.99994 0.01013 -0.0009 -1 0.00039 -0.01829 -0.9998 -0.00765 0.01452 -0.99977 -0.01551 0.00191 -0.99973 -0.02303 0.00229 -0.99973 -0.02314 0.01085 -0.99988 -0.01099 0.02154 -0.99974 -0.00768 0.02224 -0.99974 -0.0047 0.00637 -0.9998 -0.01879 0.0031 -0.99999 0.00154 0.01947 -0.9991 0.03772 0.0279 -0.99952 0.01318 0.00928 -0.99969 0.02322 0.00947 -0.9997 0.02276 -0.02899 -0.99956 -0.00616 -0.02815 -0.99958 -0.00735 -0.02823 -0.99956 -0.00912 -0.01735 -0.99964 -0.02058 -0.01827 -0.99975 -0.01297 -0.00678 -0.9997 0.02344 -0.00921 -0.99976 0.02 0.00391 -0.99975 0.02191 -0.00251 -1 0.00109 -0.03009 -0.99943 -0.01541 -0.01588 -0.99978 -0.01397 0.00024 -1 -0.00288 0.03094 -0.99947 -0.01025 0.01884 -0.99964 -0.01908 0.01436 -0.99971 -0.01934 0.01885 -0.99973 -0.01389 0.01681 -0.99985 -0.00355 0.02502 -0.99961 0.01275 0.02508 -0.99961 0.01247 0.02309 -0.99971 0.00726 0.0097 -0.9998 0.01761 0.00708 -0.99982 0.01771 0.00381 -0.99976 0.02141 -0.06804 -0.43142 -0.89958 -0.56488 -0.75938 0.32287 -0.19672 -0.90557 0.37583 -0.3646 -0.9212 -0.13582 -0.15505 -0.9367 -0.31394 -0.13122 -0.95101 -0.27993 -0.04863 -0.98911 0.13895 -0.39583 -0.7934 -0.46242 -0.39337 -0.3946 -0.83039 0.20418 -0.85073 -0.48432 0.47262 -0.81356 -0.33875 -0.08378 -0.89428 -0.43959 0.46498 -0.8834 -0.05834 -0.12042 -0.84079 0.5278 -0.73721 -0.42557 0.52479 -0.62378 -0.75065 0.21777 -0.31815 -0.84681 -0.42625 -0.32249 -0.88161 0.34463 -0.0525 -0.86375 -0.50118 -0.14689 -0.89668 -0.41761 0.1201 0.85297 -0.50795 0.31556 -0.50279 -0.80475 0.07269 -0.61848 -0.78243 -0.58226 0.12117 -0.80392 -0.34736 -0.93751 -0.02045 -0.46446 -0.71747 0.51914 -0.53598 -0.83753 -0.10611 -0.48464 -0.85369 -0.19062 -0.35883 -0.90514 -0.22796 -0.42955 -0.88192 -0.19417 -0.4618 -0.87494 -0.14564 -0.60741 -0.50258 0.6152 -0.54584 -0.54341 -0.63778 -0.54761 -0.75283 -0.36519 -0.60033 -0.73569 -0.31363 -0.7347 -0.55441 -0.39096 -0.90822 -0.41732 -0.03117 -0.61601 -0.75477 -0.22552 0.44162 -0.60584 0.66176 -0.9503 0.23213 0.20749 -0.06085 -0.26493 -0.96234 0.91279 -0.40808 -0.01699 -0.40436 0.81884 -0.40743 -0.50306 0.71487 -0.48568 0.30659 -0.36528 -0.87896 0.572 -0.27556 -0.77258 0.75515 -0.26886 -0.59789 0.88572 -0.46365 -0.02303 -0.14631 -0.33687 -0.93011 0.76489 -0.47942 -0.43023 0.189 -0.65668 -0.7301 -0.76161 -0.20431 0.61499 -0.49021 -0.51657 0.70204 -0.70846 -0.4881 0.50974 -0.34672 -0.28603 0.89329 -0.14139 -0.4257 0.89375 -0.30804 -0.4903 0.8153 -0.59943 -0.44054 0.66829 -0.39769 -0.25765 0.8806 0.10228 -0.38303 0.91806 -0.60854 0.21857 0.76282 -0.12606 -0.55078 0.82508 0.63696 -0.56608 -0.52329 0.59571 -0.68239 -0.42365 -0.49542 0.86716 -0.05089 0.81311 -0.38769 -0.43423 0.71447 -0.5745 -0.39935 0.70873 -0.65921 -0.25129 0.82643 -0.28436 -0.48595 0.62551 -0.26591 -0.73351 0.54988 -0.64807 -0.52691 0.69371 -0.7002 -0.16879 0.82127 -0.55747 0.12142 0.76169 -0.64372 0.07386 0.67008 -0.73097 0.12911 0.07343 -0.96638 -0.24642 0.64065 -0.27924 0.71526 -0.00024 -0.98628 -0.16507 0.41883 -0.85289 0.31172 0.9349 -0.33513 -0.11686 0.60635 -0.76129 0.22974 -0.09024 -0.99529 -0.0353 0.1094 -0.99387 -0.01619 0.06851 -0.99764 0.0046 0.19278 -0.96531 -0.17609 0.05926 -0.9982 -0.00924 0.05904 -0.99819 -0.01124 0.03077 -0.99952 -0.00211 0.04626 -0.99892 -0.00309 -0.03608 -0.99934 -0.00522 0.0192 -0.99981 -0.00272 0.02436 -0.99968 -0.00729 0.00401 -0.99948 -0.03213 -0.00795 -0.9998 -0.01817 0.00753 -0.99951 -0.03025 0.01436 -0.99894 -0.0437 -0.02162 -0.99945 -0.02522 -0.03149 -0.99948 -0.00626 -0.06182 -0.99802 -0.01126 -0.04403 -0.99902 -0.00337 -0.60328 -0.79617 -0.0466 -0.44684 -0.64308 -0.62192 -0.89892 -0.35061 -0.2627 -0.89927 -0.39101 -0.19603 -0.41554 -0.47102 0.77811 0.61204 0.76666 -0.19402 0.91051 0.36288 0.1982 0.3638 -0.38357 0.84883 -0.4555 -0.45258 0.76661 -0.4328 -0.51062 0.74293 0.84273 0.52824 -0.10378 -0.12635 -0.61375 0.77932 0.75303 -0.46025 0.47022 0.0589 -0.39778 0.91559 0.48691 -0.34156 0.8039 0.61032 -0.39266 0.68799 -0.41794 -0.52262 0.7431 -0.58126 -0.62442 -0.52177 -0.52604 -0.4521 -0.72034 -0.67494 -0.56979 -0.46882 -0.51188 -0.20947 -0.83313 -0.72429 -0.38298 -0.57336 -0.74906 -0.48868 -0.44733 -0.88317 -0.465 0.06145 -0.87137 -0.48297 -0.0863 0.20965 -0.65279 0.72795 0.20083 -0.65445 0.72895 0.45958 -0.63121 0.62479 -0.96222 -0.02445 -0.27116 -0.11724 -0.56049 -0.81982 -0.5152 -0.74813 0.41818 -0.66679 -0.74511 0.01399 -0.42653 -0.86489 -0.26466 0.04649 -0.981 -0.18835 0.63762 -0.74649 0.19024 0.41113 -0.74871 0.52 -0.19653 -0.97618 0.09193 -0.48059 -0.56695 -0.66902 -0.58091 -0.81395 -0.00539 -0.85233 -0.22728 -0.47103 -0.07191 -0.98681 0.14504 -0.23214 -0.96756 -0.09969 -0.14994 -0.91371 0.37768 -0.53375 -0.54242 0.64876 0.21339 -0.9518 -0.22033 0.09206 -0.99575 0.00367 0.80157 -0.43163 0.41374 0.82636 -0.41717 0.37829 0.82934 -0.44711 0.3351 0.85283 -0.50389 0.137 0.86877 -0.45665 0.19159 0.85444 -0.46321 0.23533 0.8595 -0.42741 0.28032 0.8961 -0.43768 0.07372 0.85542 -0.51793 0.00123 0.44546 -0.70209 -0.55555 0.51082 -0.73228 -0.45036 0.09825 -0.83229 -0.54556 0.0493 -0.74391 -0.66646 0.10252 -0.99457 0.01787 0.11973 -0.99272 0.0132 0.24954 -0.96809 -0.02295 0.31667 -0.9485 0.0077 0.47054 -0.88188 0.02969 0.45195 -0.88692 0.09551 0.51947 -0.82896 0.20732 0.48214 -0.86161 0.15861 0.50337 -0.78538 0.36027 0.51185 -0.78693 0.3446 0.47626 -0.78561 0.39496 0.47126 -0.79414 0.38375 0.42201 -0.79274 0.43986 0.34211 -0.75739 0.55617 0.29051 -0.77487 0.56141 0.2522 -0.73982 0.62375 0.17572 -0.79687 0.57803 0.13447 -0.79218 0.59529 0.09893 -0.71688 0.69015 0.02804 -0.74712 0.6641 0.05851 -0.37791 0.92399 0.12467 -0.33798 0.93286 0.18093 -0.39613 0.90019 0.24092 -0.33404 0.91125 0.33037 -0.37174 0.86756 0.33369 -0.38016 0.86263 0.57442 -0.64768 0.50056 0.74696 -0.37468 0.54925 0.55174 -0.69623 0.45919 0.52357 -0.74201 0.41868 0.65063 -0.66565 0.3655 0.56981 -0.74247 0.3522 0.74475 -0.55127 0.3761 0.76412 -0.47616 0.43519 0.79893 -0.38813 0.45942 0.53383 -0.68891 0.49033 0.4802 -0.71304 0.51086 0.25654 -0.7171 0.64804 0.20825 -0.65911 0.72264 0.14317 -0.69849 0.70115 0.57407 -0.64753 0.50115 0.51434 -0.62743 0.58462 0.41336 -0.64208 0.64565 0.41363 -0.6435 0.64407 0.35294 -0.63396 0.68813 0.05744 -0.61215 0.78865 0.59147 -0.58085 0.55927 0.54886 -0.58857 0.59358 0.35482 -0.56714 0.74327 0.23504 -0.57596 0.78296 0.23779 -0.58561 0.77493 0.15435 -0.53983 0.8275 0.06326 -0.58684 0.80723 0.05458 -0.56951 0.82017 0.6414 -0.53479 0.55009 0.56787 -0.51614 0.64118 0.47109 -0.52955 0.70544 0.46754 -0.51444 0.71886 0.39751 -0.50595 0.76551 0.64167 -0.73379 0.2232 0.6683 -0.73555 0.11113 0.67849 -0.72529 0.11664 0.71064 -0.65636 0.25333 0.74918 -0.61493 0.24615 0.77734 -0.60201 0.18258 0.7381 -0.66516 0.113 0.65537 -0.49281 0.57239 0.59647 -0.47734 0.64527 0.39425 -0.46987 0.7898 0.3249 -0.42744 0.84364 0.26571 -0.47595 0.83837 0.16879 -0.4375 0.88323 0.17458 -0.44811 0.87677 0.05694 -0.45377 0.8893 0.05359 -0.45032 0.89126 0.68668 -0.46201 0.56127 0.61305 -0.40647 0.67746 0.53581 -0.39056 0.74858 0.7049 -0.40334 0.58347 0.68077 -0.37501 0.62922 0.61076 -0.4089 0.67806 0.5408 -0.40416 0.73769 0.48912 -0.369 0.79032 0.44828 -0.38404 0.80719 0.41844 -0.34668 0.83948 0.54071 -0.79183 -0.28398 0.77861 -0.53265 0.33175 0.77558 -0.57067 0.26983 0.80861 -0.58612 0.05115 0.4519 -0.82662 -0.33539 0.33572 -0.85403 -0.39739 0.12432 -0.83721 -0.53257 0.13948 -0.82273 -0.55105 0.34103 -0.80035 -0.49308 0.3253 -0.79512 -0.51182 0.48754 -0.75896 -0.43161 0.55857 -0.77433 -0.29734 0.83761 -0.53785 -0.09551 0.80282 -0.5864 -0.10772 0.85674 -0.49691 0.1381 0.80689 -0.58848 0.05125 0.75944 -0.61484 -0.21266 0.61805 -0.76157 -0.19502 0.69472 -0.65778 -0.29102 0.70352 -0.64626 -0.29565 0.64014 -0.7565 -0.13387 0.79364 -0.58149 -0.17891 0.67396 -0.62267 -0.39756 0.61595 -0.68049 -0.3969 0.60292 -0.66492 -0.44088 0.51241 -0.72093 -0.46658 0.29932 -0.95415 -0.00291 0.32663 -0.94472 -0.02837 0.3644 -0.93107 0.01792 0.37374 -0.9197 -0.12026 0.46033 -0.87768 -0.13336 0.64016 -0.75648 -0.13391 0.31015 -0.9363 -0.16476 0.38497 -0.90835 -0.16341 0.74144 -0.66935 -0.0473 0.70593 -0.70705 -0.0418 0.66412 -0.74487 -0.06407 0.47049 -0.87944 -0.07225 0.21413 -0.97336 -0.08203 0.15267 -0.98661 -0.05742 0.15765 -0.9655 -0.20726 0.54641 -0.81318 -0.20045 0.75444 -0.60617 -0.25176 0.15798 -0.94151 -0.29766 0.09253 -0.93637 -0.33859 0.09796 -0.93347 -0.34502 0.02151 -0.99377 -0.10931 0.23151 -0.79286 -0.56371 0.26308 -0.82355 -0.50255 0.2953 -0.90563 -0.30435 0.3681 -0.88933 -0.27127 0.54516 -0.78567 -0.29245 0.70763 -0.63129 -0.31739 0.53512 -0.80241 0.26416 0.5648 -0.79213 0.23134 0.70726 -0.59044 0.38879 0.66453 -0.65388 0.36172 0.53498 -0.77722 0.33125 0.56859 -0.75495 0.32674 0.51138 -0.85046 0.12336 0.45606 -0.88897 0.04186 0.45482 -0.89049 0.01276 0.47857 -0.87801 -0.0082 0.4612 -0.88503 -0.06339 0.24958 -0.96759 -0.03839 0.1931 -0.98088 -0.02441 0.33211 -0.93574 -0.11872 0.4518 -0.73951 0.49899 0.38847 -0.76473 0.51409 0.36198 -0.7439 0.56177 0.24827 -0.74457 0.61965 0.10341 -0.75429 0.64834 0.03356 -0.7409 0.67078 0.02722 -0.65206 0.75768 0.02061 -0.34283 0.93917 0.86195 -0.50661 -0.01965 0.65373 -0.75612 0.03044 0.41504 -0.86596 -0.27902 0.35323 -0.70987 -0.60935 0.65722 -0.75127 -0.06038 0.71218 -0.64648 -0.2736 0.70403 -0.65851 -0.26589 0.01448 -0.95451 0.29782 -0.17964 -0.96465 0.19284 -0.43183 -0.88482 0.17497 0.8239 -0.42946 -0.36981 0.86637 -0.48998 -0.09655 0.49332 -0.76719 -0.40995 0.3343 -0.83827 0.43075 -0.5169 -0.84221 0.15327 -0.79703 -0.36726 0.47945 -0.53287 -0.77103 0.34865 -0.50921 -0.78121 0.36114 -0.67013 -0.4181 0.61329 -0.62369 -0.34726 0.7003 -0.19111 -0.38007 0.905 -0.08843 -0.34029 0.93615 -0.04862 -0.38469 0.92176 -0.11493 -0.77404 0.62262 -0.25081 -0.79563 0.55142 -0.19378 -0.75413 0.62749 -0.34269 -0.7594 0.55306 -0.4072 -0.78567 0.46573 -0.41094 -0.74053 0.53173 -0.47765 -0.78162 0.40115 -0.46026 -0.78577 0.41319 -0.46492 -0.77764 0.42324 -0.49961 -0.78654 0.36297 -0.40415 -0.91469 -0.0012 -0.22904 -0.9733 -0.01519 -0.15249 -0.98829 -0.00528 -0.29111 -0.95373 -0.07517 -0.12735 -0.99185 0.0025 -0.10458 -0.99444 -0.01208 -0.10844 -0.9941 -0.00146 -0.10373 -0.99434 -0.02313 -0.11203 -0.99265 -0.04569 -0.00138 -0.99995 0.01018 -0.10044 -0.83201 -0.54559 -0.08329 -0.86637 -0.4924 -0.28584 -0.7694 -0.57124 -0.37242 -0.71932 -0.58642 -0.39177 -0.76162 -0.51618 -0.4429 -0.7199 -0.5344 -0.48195 -0.73525 -0.47659 -0.51535 -0.69511 -0.50123 -0.75251 -0.58217 -0.30789 -0.77254 -0.59712 -0.21592 -0.8007 -0.58141 -0.14438 -0.84912 -0.52075 -0.08843 -0.21478 -0.82123 -0.52863 -0.19584 -0.80192 -0.56442 -0.28348 -0.871 -0.40125 -0.38494 -0.85121 -0.35675 -0.38555 -0.85005 -0.35884 -0.34166 -0.83726 -0.42692 -0.48689 -0.81784 -0.30672 -0.48119 -0.83017 -0.28157 -0.55307 -0.80411 -0.21798 -0.55924 -0.79237 -0.24371 -0.65527 -0.73775 -0.16233 -0.60902 -0.77572 -0.1654 -0.47274 -0.75588 -0.45296 -0.5393 -0.75868 -0.36547 -0.69879 -0.68979 -0.18941 -0.68652 -0.70526 -0.17693 -0.58988 -0.64709 -0.48302 -0.59266 -0.7314 -0.33736 -0.61811 -0.66273 -0.42277 -0.6684 -0.66253 -0.33808 -0.66834 -0.66164 -0.33993 -0.70852 -0.63467 -0.30853 -0.77521 -0.59054 -0.22431 -0.81716 -0.5588 -0.14141 -0.63249 -0.77302 -0.04903 -0.74986 -0.65863 -0.06253 -0.77447 -0.63242 -0.01542 -0.85992 -0.50929 0.03415 -0.88645 -0.45767 0.06891 -0.65785 -0.7069 0.25984 -0.60188 -0.6989 0.38637 -0.66587 -0.65794 0.35176 -0.70257 -0.61247 0.36233 -0.70963 -0.55672 0.43184 -0.27758 -0.70268 0.65513 -0.37689 -0.69365 0.61385 -0.54231 -0.69478 0.47242 -0.08218 -0.62891 0.77312 -0.10563 -0.63852 0.76233 -0.14412 -0.61847 0.77248 -0.20569 -0.64848 0.73291 -0.29593 -0.61089 0.73433 -0.26248 -0.65244 0.71093 -0.37326 -0.59469 0.71205 -0.39978 -0.6623 0.63367 -0.48149 -0.60576 0.63342 -0.50547 -0.66068 0.55497 -0.54239 -0.64679 0.53617 -0.59322 -0.59417 0.54318 -0.03673 -0.52896 0.84785 -0.18276 -0.51559 0.83712 -0.30818 -0.50914 0.80362 -0.2985 -0.51905 0.80093 -0.40687 -0.51072 0.75738 -0.39805 -0.51949 0.7561 -0.47324 -0.4991 0.72591 -0.5072 -0.5582 0.65663 -0.57983 -0.50013 0.64317 -0.61255 -0.54144 0.57587 -0.77953 -0.59201 0.20458 -0.80487 -0.58728 0.08531 -0.81705 -0.56252 0.1265 -0.87395 -0.4451 0.19517 -0.85786 -0.42231 0.2928 -0.8403 -0.47994 0.25209 -0.85184 -0.46108 0.24854 -0.05324 -0.45255 0.89015 -0.04463 -0.46044 0.88657 -0.1641 -0.46002 0.87261 -0.68109 -0.47544 0.55684 -0.19603 -0.39222 0.89874 -0.30616 -0.38004 0.87283 -0.32143 -0.43008 0.84363 -0.41142 -0.42728 0.80509 -0.52592 -0.40468 0.7481 -0.6078 -0.43816 0.66227 -0.62641 -0.41702 0.65856 -0.68416 -0.40116 0.60909 -0.30648 -0.37945 0.87297 -0.40355 -0.32884 0.85382 -0.44112 -0.38398 0.81116 -0.46942 -0.36969 0.80186 -0.52572 -0.39109 0.75543 -0.54159 -0.36961 0.75503 -0.74571 -0.37671 0.54955 -0.7369 -0.38782 0.55369 -0.44222 -0.89208 0.09298 -0.40601 -0.91293 0.04128 -0.44901 -0.89192 0.05359 -0.54084 -0.83191 0.12416 -0.64513 -0.72818 0.23144 -0.53468 -0.81902 0.20814 -0.55033 -0.80978 0.20343 -0.52065 -0.79618 0.30826 -0.63479 -0.71174 0.30078 -0.54027 -0.7765 0.32428 -0.54048 -0.76939 0.34046 -0.75039 -0.57729 0.32195 -0.49851 -0.83129 0.24587 -0.51064 -0.73521 0.44577 -0.40081 -0.76568 0.50308 -0.35548 -0.74801 0.56046 -0.24494 -0.74072 0.62558 -0.19053 -0.75713 0.62487 -0.08458 -0.74178 0.66529 -0.03646 -0.76954 0.63755 -0.36478 -0.93066 -0.02851 -0.27274 -0.96203 -0.01065 -0.22062 -0.9747 -0.03587 -0.02562 -0.99958 -0.01371 -0.02586 -0.99686 -0.07483 -0.08533 -0.94797 -0.30672 -0.09198 -0.95141 -0.29386 -0.12762 -0.81429 -0.56625 -0.22755 -0.91801 -0.32479 -0.06451 -0.80421 -0.59083 -0.26163 -0.80096 -0.53853 -0.15427 -0.93102 -0.33076 -0.17237 -0.93918 -0.29703 -0.78195 -0.61909 0.07265 -0.76164 -0.64726 0.03104 -0.61464 -0.78796 -0.0366 -0.3869 -0.91586 -0.10728 -0.61455 -0.78164 0.10658 -0.67878 -0.72131 0.13774 -0.81452 -0.43193 0.38729 -0.81625 -0.41945 0.39723 -0.79171 -0.41366 0.44953 -0.68945 -0.69986 0.18669 -0.73901 -0.61465 0.27582 -0.7779 -0.53459 0.33028 -0.78071 -0.49853 0.37677 -0.86007 -0.4938 0.12821 -0.22999 -0.95848 -0.16856 -0.76251 -0.64043 -0.0918 -0.84461 -0.53363 -0.04324 -0.86353 -0.50406 -0.01522 -0.07114 -0.99735 -0.01517 -0.22805 -0.95962 -0.16471 -0.31029 -0.93981 -0.14312 -0.28513 -0.95449 -0.08748 -0.38577 -0.92195 -0.03457 -0.41462 -0.90937 -0.03376 -0.4237 -0.90543 -0.02593 -0.60084 -0.7992 0.0163 -0.64055 -0.76574 0.05783 -0.79753 -0.57092 0.19492 0.0756 -0.90052 0.4282 -0.00871 -0.59054 0.80696 0.689 -0.47857 0.54429 0.36456 0.93116 0.00644 -0.5181 0.84574 0.12765 -0.04123 -0.99788 0.05031 0.04309 -0.91703 0.39648 0.00454 -0.99628 0.08601 0.01306 -0.96597 0.25831 -0.05 -0.98112 0.18685 -0.01829 -0.96235 0.2712 0.02664 -0.96968 0.24292 0.03067 -0.97745 0.20892 0.01601 -0.99247 0.12146 0.00293 -0.99702 0.07709 0.04515 -0.8218 0.56799 0.04179 -0.92835 0.36934 0.03662 -0.93048 0.3645 -0.02402 -0.96403 0.26471 -0.0511 -0.96657 0.25125 -0.02817 -0.96695 0.2534 -0.01804 -0.96474 0.26258 -0.00782 -0.97004 0.2428 -0.01321 -0.97032 0.24145 -0.01413 -0.97612 0.21676 -0.0066 -0.97912 0.20319 -0.01446 -0.97903 0.20318 -0.02055 -0.98892 0.14699 -0.005 -0.9903 0.13889 -0.00408 -0.99373 0.11174 -0.00179 -0.9939 0.11025 -0.00685 -0.99589 0.09027 -0.00994 -0.99332 0.11499 0.00295 -0.9976 0.06923 -0.00912 -0.99605 0.08835 -0.00125 -0.99674 0.08071 -0.00605 -0.99604 0.08873 0.00164 -0.99617 0.08738 0.00962 -0.99554 0.09381 0.00489 -0.99527 0.09703 0.01541 -0.99402 0.10807 0.01088 -0.99293 0.11821 0.01344 -0.9914 0.13018 0.01785 -0.99104 0.13238 0.02192 -0.98923 0.14471 0.0167 -0.98816 0.15253 0.01855 -0.98743 0.15697 0.0175 -0.98735 0.1576 0.02645 -0.98373 0.1777 0.016 -0.98193 0.18857 0.02708 -0.9796 0.19913 0.01957 -0.97689 0.21286 0.01392 -0.96587 0.25865 0.01388 -0.96618 0.25751 0.00544 -0.9633 0.26837 -0.047 -0.89901 0.43541 -0.05088 -0.87012 0.49021 -0.00304 -0.99696 0.07791 0.00319 -0.99765 0.0685 0.00092 -0.99687 0.079 -0.00667 -0.99412 0.10806 -0.00448 -0.99555 0.09413 -0.00951 -0.99135 0.13093 -0.01438 -0.98611 0.16549 -0.00805 -0.98842 0.15152 -0.01249 -0.98201 0.1884 -0.02864 -0.98111 0.1913 -0.03231 -0.98297 0.18091 0.00525 -0.98534 0.1705 -0.0092 -0.97607 0.21725 -0.01962 -0.97237 0.2326 -0.00858 -0.9736 0.22812 -0.01214 -0.96497 0.26207 -0.0245 -0.96666 0.2549 -0.00938 -0.96284 0.26991 0.01787 -0.96044 0.2779 -0.01861 -0.96309 0.26855 -0.0453 -0.97077 0.2357 -0.05279 -0.97506 0.21555 -0.04699 -0.97746 0.20583 -0.03623 -0.9976 0.05903 0.02266 -0.99454 0.10183 0.21471 -0.8468 -0.48666 0.0252 -0.97002 0.24173 0.0121 -0.95994 0.27994 0.00226 -0.95749 0.28845 0.006 -0.96032 0.27884 0.00698 -0.96027 0.27898 0.00779 -0.96071 0.27744 0.01017 -0.96047 0.2782 0.01344 -0.96257 0.27071 0.01076 -0.96289 0.26968 0.01016 -0.96265 0.27057 0.01651 -0.96582 0.25868 0.02154 -0.97011 0.24169 0.0174 -0.97799 0.20791 0.02808 -0.97462 0.22212 0.0129 -0.97381 0.22699 0.02713 -0.97221 0.23253 0.02287 -0.98544 0.16849 0.01287 -0.98479 0.17329 0.0056 -0.95852 0.28498 -0.01184 -0.95999 0.27979 -0.00909 -0.9594 0.28191 0.00054 -0.95575 0.29419 -0.10458 -0.97713 0.18513 0.0187 -0.95252 0.3039 0.03967 -0.93639 0.34871 0.03404 -0.93769 0.34581 -0.03919 -0.97261 0.22912 -0.05117 -0.97785 0.20295 0.04035 -0.92843 0.3693 0.04071 -0.91794 0.39462 -0.04615 -0.98193 0.18354 0.0476 -0.8986 0.43618 -0.05722 -0.9911 0.12017 0.00208 -0.95108 0.30892 0.00628 -0.91146 0.41134 0.05464 -0.94268 0.3292 0.04272 -0.88079 0.47157 0.04014 -0.88423 0.46533 0.00518 -0.97568 0.21915 0.00824 -0.94943 0.31389 -0.03614 -0.99763 0.05857 -0.04083 -0.98873 0.14406 -0.03276 -0.99691 -0.07146 0.003 -0.99239 0.12311 -0.01455 -0.99833 -0.05599 0.03146 -0.83625 0.54745 -0.00346 -0.99847 -0.05525 -0.0033 -0.94351 0.33132 -0.01131 -0.95429 0.29866 -0.00432 -0.80461 0.59379 -0.01771 -0.95252 0.30397 -0.01333 -0.84643 0.53233 -0.03051 -0.85981 0.50971 -0.03307 -0.85382 0.51951 -0.00579 -0.94012 0.3408 0.03421 -0.99464 0.09755 0.04743 -0.978 0.20312 -0.00058 -0.9671 0.2544 -0.00225 -0.99824 -0.05919 -0.03387 -0.92797 0.37112 -0.01983 -0.93699 0.34879 0.11685 -0.99314 0.00471 -0.05691 -0.91813 0.39218 -0.04978 -0.93106 0.36145 0.04015 -0.97173 0.23266 0.00466 -0.95738 0.28881 0.00806 -0.96039 0.27853 -0.03896 -0.9977 -0.05553 -0.12298 -0.85611 -0.50196 -0.05943 -0.99759 0.03575 -0.09594 -0.96609 0.23971 0.19558 -0.91182 0.36103 0.27227 -0.92916 0.25006 0.01121 -0.97504 0.22173 0.24491 -0.96031 -0.13348 -0.88063 -0.37622 0.288 -0.91266 -0.36018 0.19321 -0.89626 -0.38934 0.21245 -0.92812 -0.35346 0.11687 -0.90823 -0.41247 0.07065 -0.92636 -0.37605 0.02102 -0.65803 -0.53597 -0.5289 -0.69848 -0.53905 -0.47068 -0.71939 -0.50773 -0.47401 -0.76125 -0.50205 -0.41042 -0.44556 -0.62823 -0.63782 -0.43635 -0.59982 -0.67069 -0.21166 -0.60909 -0.76434 -0.23785 -0.66236 -0.71043 -0.29136 -0.6544 -0.69777 -0.29991 -0.64131 -0.70624 -0.36412 -0.62863 -0.6872 -0.37318 -0.6162 -0.69357 -0.15437 -0.6424 -0.75066 -0.11798 -0.61215 -0.78189 -0.06502 -0.67802 -0.73216 -0.99802 -0.03154 -0.05442 -0.05417 -0.10272 0.99323 -0.12711 -0.08773 0.988 -0.19011 -0.13124 0.97295 -0.25996 -0.10477 0.95992 -0.27252 -0.11235 0.95557 -0.3633 -0.11652 0.92436 -0.38403 -0.1314 0.91392 -0.52421 -0.1308 0.84148 -0.54631 -0.14284 0.82531 -0.65829 -0.14047 0.73954 -0.72716 -0.15046 0.66978 -0.73508 -0.18814 0.65136 -0.77932 -0.17764 0.60092 -0.79016 -0.20226 0.57857 -0.82804 -0.1917 0.52688 -0.83623 -0.2174 0.50345 -0.86926 -0.20616 0.44932 -0.87555 -0.23766 0.42064 -0.90563 -0.22139 0.36168 -0.90637 -0.27475 0.32094 -0.94104 -0.23092 0.24721 -0.94049 -0.27771 0.19585 -0.95443 -0.25484 0.15529 -0.95044 -0.29087 0.10979 -0.95619 -0.29196 -0.02159 -0.94272 -0.31033 -0.1224 -0.9313 -0.33964 -0.13163 -0.92658 -0.30793 -0.21593 -0.907 -0.35109 -0.23258 -0.8935 -0.32298 -0.31201 -0.84859 -0.31789 -0.42289 -0.74389 -0.32091 -0.58621 -0.7202 -0.3021 -0.62454 -0.68072 -0.34617 -0.64559 -0.16941 -0.30158 -0.93827 -0.16131 -0.30556 -0.93841 -0.00783 -0.22935 -0.97331 -0.01117 -0.0372 0.99925 -0.70482 -0.05511 0.70724 -0.7419 -0.08904 0.66457 -0.78782 -0.05319 0.6136 -0.80051 -0.09542 0.59168 -0.85409 -0.09132 0.51204 -0.86322 -0.07608 0.49906 -0.89223 -0.12229 0.43471 -0.91934 -0.08489 0.38419 -0.92954 -0.13431 0.34339 -0.95922 -0.08196 0.27051 -0.95859 -0.16627 0.2312 -0.98778 -0.10656 0.11374 -0.98717 -0.10969 0.11607 -0.98892 -0.14528 0.03039 -0.98059 -0.13038 -0.14641 -0.97065 -0.16734 -0.17272 -0.96302 -0.12173 -0.24036 -0.94758 -0.16867 -0.27138 -0.93626 -0.13053 -0.32614 -0.91099 -0.17859 -0.37176 -0.8949 -0.13316 -0.42594 -0.86318 -0.19906 -0.464 -0.84145 -0.13377 -0.52351 -0.79914 -0.17582 -0.57486 -0.62428 -0.13401 -0.76962 -0.57237 -0.17199 -0.80176 -0.28627 -0.12855 -0.94949 -0.06266 -0.04023 -0.99722 -0.0264 -0.05851 -0.99794 -0.26048 -0.08673 0.96158 -0.45388 -0.07648 0.88777 -0.50928 -0.0907 0.85581 -0.62285 -0.09167 0.77695 -0.65653 -0.11379 0.74566 -0.97476 -0.22116 0.03063 -0.96855 -0.24807 -0.01948 -0.9782 -0.20174 -0.0492 -0.78353 -0.26793 -0.56062 -0.55434 -0.23442 -0.79859 -0.54524 -0.24177 -0.80266 -0.50682 -0.18312 -0.84238 -0.43493 -0.23152 -0.87019 -0.39258 -0.14667 -0.90795 -0.33143 -0.22218 -0.91695 -0.2006 -0.1757 -0.96379 -0.04259 -0.21414 0.97587 -0.1663 -0.20543 0.96444 -0.29737 -0.23103 0.92639 -0.42536 -0.24619 0.8709 -0.70764 -0.26926 0.65326 -0.69964 -0.2824 0.65632 -0.75836 -0.29927 0.57908 -0.75566 -0.3021 0.58113 -0.80743 -0.2985 0.50888 -0.81147 -0.33745 0.47712 -0.84785 -0.3075 0.43196 -0.85662 -0.35756 0.37196 -0.89053 -0.31682 0.32647 -0.02771 -0.27186 0.96194 -0.03461 -0.26364 0.964 -0.11654 -0.31396 0.94226 -0.18554 -0.25779 0.94822 -0.21722 -0.27729 0.93591 -0.28924 -0.25212 0.92346 -0.33169 -0.30094 0.8941 -0.4384 -0.26619 0.85846 -0.49985 -0.28844 0.81667 -0.53493 -0.26776 0.80135 -0.56925 -0.3147 0.75956 -0.61236 -0.28739 0.73649 -0.63226 -0.32144 0.70493 -0.6114 -0.6024 -0.51313 -0.58446 -0.53449 -0.61051 -0.54782 -0.57034 -0.61205 -0.53393 -0.56181 -0.63189 -0.88857 -0.45616 -0.04853 -0.91057 -0.39729 -0.11413 -0.87546 -0.4575 -0.15578 -0.87964 -0.43117 -0.20081 -0.8461 -0.47391 -0.24397 -0.79747 -0.49484 -0.34521 -0.78542 -0.47063 -0.40202 -0.28908 -0.46335 -0.8377 -0.25115 -0.47645 -0.84257 -0.10073 -0.47829 -0.87241 -0.01836 -0.16514 0.9861 -0.39075 -0.16586 0.90543 -0.42649 -0.20782 0.8803 -0.56443 -0.20359 0.79998 -0.62912 -0.20837 0.74886 -0.63166 -0.22033 0.74328 -0.70199 -0.26013 0.66298 -0.85079 -0.41348 -0.32434 -0.85595 -0.41197 -0.31246 -0.81217 -0.38199 -0.44098 -0.66411 -0.3929 -0.63607 -0.62822 -0.43165 -0.64731 -0.50694 -0.41356 -0.75629 -0.47119 -0.44293 -0.76275 -0.43049 -0.39096 -0.81353 -0.39224 -0.43206 -0.81208 -0.32999 -0.39057 -0.8594 -0.11936 -0.38388 -0.91564 0.00531 -0.65357 -0.75685 0.08523 -0.68422 -0.72427 0.29832 -0.62038 -0.72535 0.22504 -0.62875 -0.74433 0.21783 -0.62182 -0.75226 0.16396 -0.65455 -0.73803 0.12394 -0.63122 -0.76563 0.35333 -0.66131 -0.66169 0.29358 -0.60379 -0.74111 0.42626 -0.57704 -0.69665 0.78791 -0.50824 -0.34769 0.89431 -0.32097 0.31176 0.89064 -0.38243 0.246 0.9261 -0.34107 0.16125 0.35939 -0.28326 0.88916 0.02477 -0.30496 -0.95204 0.11642 -0.26961 -0.95591 0.26159 -0.30148 -0.91689 0.31539 -0.31805 -0.89408 0.45195 -0.26609 -0.85143 0.5202 -0.32727 -0.78885 0.82392 -0.35997 -0.43769 0.87408 -0.32938 -0.35705 0.89169 -0.33514 -0.30426 0.92677 -0.3321 -0.17553 0.95461 -0.27556 -0.11308 0.94493 -0.32606 -0.02823 0.95597 -0.29315 -0.01337 0.95439 -0.29291 0.05791 0.9444 -0.27836 0.17502 0.93941 -0.24222 0.24259 0.91287 -0.27537 0.3014 0.91726 -0.22735 0.32703 0.88676 -0.21454 0.40943 0.85667 -0.25274 0.44971 0.8501 -0.19745 0.48821 0.80282 -0.19102 0.56479 0.7835 -0.21127 0.58437 0.75192 -0.17289 0.63618 0.72158 -0.18874 0.6661 0.69267 -0.15974 0.70334 0.65923 -0.17558 0.73115 0.61885 -0.14109 0.77273 0.59753 -0.14764 0.78814 0.48046 -0.11897 0.86891 0.43588 -0.1346 0.88989 0.40038 -0.11861 0.90864 0.34984 -0.12634 0.92825 0.30595 -0.09853 0.94694 0.25979 -0.12366 0.95771 0.18607 -0.10827 0.97655 0.57016 -0.1054 -0.81474 0.87779 -0.13966 -0.45823 0.88709 -0.16434 -0.43134 0.91749 -0.13656 -0.37358 0.9634 -0.12943 -0.23476 0.97477 -0.16411 -0.15128 0.98215 -0.1305 -0.13548 0.98384 -0.17091 -0.05331 0.99215 -0.12218 -0.0266 0.98852 -0.14914 0.02421 0.98099 -0.12835 0.14555 0.96408 -0.14986 0.21932 0.96438 -0.10404 0.24319 0.94156 -0.13813 0.30722 0.93575 -0.10017 0.33813 0.9121 -0.12137 0.39159 0.90392 -0.08998 0.41813 0.8728 -0.11322 0.47477 0.86224 -0.08107 0.49998 0.82615 -0.10358 0.55385 0.80661 -0.06145 0.58788 0.77225 -0.09257 0.62854 0.73723 -0.05837 0.67311 0.70987 -0.08807 0.69881 0.65991 -0.06288 0.74871 0.35847 -0.16729 -0.91843 0.44906 -0.25196 -0.85724 0.64175 -0.26117 -0.72107 0.69085 -0.18329 -0.69938 0.71792 -0.25007 -0.64966 0.7681 -0.23466 -0.59579 0.78031 -0.26306 -0.56737 0.82037 -0.22544 -0.52553 0.8306 -0.24453 -0.50031 0.9255 -0.24782 -0.28643 0.93714 -0.25228 -0.24108 0.97622 -0.2069 0.06476 0.96837 -0.21227 0.13114 0.54406 -0.09254 0.83393 0.49409 -0.10489 0.86306 0.30585 -0.10056 0.94675 0.16454 -0.06626 0.98414 0.10867 -0.0511 0.99276 0.07891 -0.06783 0.99457 0.00606 -0.65552 -0.75516 0.49325 -0.58564 -0.64322 0.57117 -0.55492 -0.60484 0.57123 -0.55645 -0.60337 0.62992 -0.58427 -0.5117 0.69421 -0.50085 -0.51694 0.6916 -0.538 -0.48192 0.73665 -0.55028 -0.3931 0.01088 -0.527 -0.8498 0.02298 -0.49943 -0.86605 0.11043 -0.50844 -0.85398 0.44254 -0.54626 -0.71117 0.47532 -0.5374 -0.69661 0.77568 -0.48412 -0.40491 0.82983 -0.45855 -0.31799 0.83053 -0.4838 -0.27597 0.86275 -0.4402 -0.24879 0.86999 -0.46116 -0.17447 0.90162 -0.40434 -0.15359 0.88767 -0.45373 -0.07858 0.91021 -0.41353 -0.02255 0.9269 -0.37505 -0.01374 0.90843 -0.41138 0.07434 0.24828 -0.31302 0.91672 0.2164 -0.24658 0.94465 0.14386 -0.293 0.94523 0.08794 -0.26948 0.95898 0.06211 -0.28824 0.95554 0.21727 -0.24331 0.9453 0.25022 -0.21026 0.94508 0.33814 -0.20658 0.91814 0.37407 -0.25612 0.89133 0.41555 -0.24172 0.87686 0.46253 -0.26138 0.8472 0.49397 -0.24834 0.83326 0.53074 -0.25397 0.80858 0.5564 -0.24362 0.7944 0.59218 -0.27171 0.75861 0.63478 -0.26094 0.7273 0.65314 -0.28184 0.70283 0.69374 -0.27725 0.66473 0.70055 -0.29084 0.65165 0.75799 -0.28549 0.58647 0.75896 -0.30277 0.57647 0.81415 -0.32436 0.48161 0.84624 -0.28275 0.45158 0.85101 -0.3447 0.39618 0.88458 -0.33576 0.32371 0.15494 -0.3783 -0.91262 0.2069 -0.38603 -0.89898 0.34697 -0.42802 -0.83451 0.41529 -0.42145 -0.80617 0.52827 -0.39365 -0.75231 0.59634 -0.44296 -0.66945 0.62695 -0.38224 -0.67884 0.70027 -0.40942 -0.5848 0.70426 -0.46783 -0.53399 0.76219 -0.39379 -0.51381 0.78757 -0.43637 -0.43511 0.85077 -0.38077 -0.36223 0.93137 -0.35035 0.09904 0.92165 -0.35013 0.16724 0.15159 -0.16039 0.97534 0.08712 -0.17344 0.98098 0.06021 -0.155 0.98608 -0.99901 0.00439 -0.04419 -0.09202 0.00407 -0.99575 -0.17908 -0.01787 -0.98367 -0.21311 0.02518 -0.9767 -0.2801 -0.01713 -0.95982 -0.70132 -0.01831 -0.71261 -0.64903 -0.00054 -0.76076 -0.97267 0.03172 -0.23002 -0.70088 -0.01794 -0.71305 -0.62837 -0.02417 -0.77754 -0.55069 -0.00032 -0.83471 -0.54501 -0.00741 -0.83839 -0.48962 -0.00084 -0.87194 -0.47833 -0.01353 -0.87808 -0.40679 0.00546 -0.91351 -0.38276 -0.02261 -0.92357 -0.31601 0.01506 -0.94864 -0.90393 0.03878 -0.42591 -0.93919 0.03155 -0.34193 -0.95877 0.02569 -0.28302 -0.98889 0.02001 -0.14732 -0.76993 -0.00265 -0.63812 -0.92892 0.02231 -0.36961 -0.9583 0.0263 -0.28456 -0.98325 0.01596 -0.18156 -0.99775 -0.00302 -0.06701 -0.76396 0.00245 -0.64526 -0.83246 0.00738 -0.55403 -0.82618 0.01277 -0.56327 -0.85706 0.02043 -0.51481 -0.88009 0.00648 -0.47477 0.22464 -0.00398 -0.97443 0.23192 -0.01174 -0.97267 0.12294 -0.0238 -0.99213 0.14247 -0.00634 -0.98978 0.0102 -0.01818 -0.99978 0.06971 0.00612 -0.99755 0.99254 -0.00784 -0.12164 0.9962 0.02494 -0.08343 0.32871 -0.00189 -0.94443 0.33687 -0.01196 -0.94147 0.44928 -0.00741 -0.89336 0.45195 -0.0032 -0.89204 0.54289 -0.02428 -0.83945 0.55868 -0.04114 -0.82836 0.62299 -0.00134 -0.78223 0.67612 -0.03046 -0.73616 0.97148 0.02886 -0.23536 0.98413 0.01031 -0.17716 0.89185 0.0314 -0.45124 0.91833 0.02097 -0.39527 0.94985 0.0242 -0.31176 0.75494 -0.00525 -0.65577 0.76516 0.00639 -0.6438 0.91579 0.02445 -0.4009 0.69452 -0.00338 -0.71946 0.80259 -0.00251 -0.59652 0.817 0.01086 -0.57654 0.85686 0.00154 -0.51555 0.86181 0.01218 -0.50709 0.95563 0.01653 -0.29412 0.99882 0.00663 -0.04816 -0.06433 0.00069 0.99793 -0.13349 -0.0016 0.99105 -0.14201 -0.00319 0.98986 -0.21691 -0.00046 0.97619 -0.21976 0.00015 0.97555 -0.3067 5E-05 0.95181 -0.31262 -0.00096 0.94988 -0.43507 -0.00014 0.9004 -0.44805 -0.00236 0.894 -0.37784 -0.00223 0.92587 -0.37247 -0.00128 0.92804 -0.49353 0.00261 0.86972 -0.54031 -0.00475 0.84145 -0.65045 -0.00802 0.7595 -0.57902 0.0009 0.81532 -0.70672 -0.00089 0.70749 -0.7167 -0.00502 0.69737 -0.62088 0.00518 0.78389 -0.93114 -0.00594 0.36462 -0.76645 0.00287 0.64229 -0.80986 -0.0094 0.58655 -0.79816 -0.00107 0.60245 -0.85125 0.00296 0.52476 -0.88893 -0.01118 0.45791 -0.87728 0.00025 0.47999 -0.9165 0.00286 0.40002 -0.96956 -0.002 0.24485 -0.97212 -0.0071 0.23436 -0.95169 0.00405 0.30704 -0.98725 0.00667 0.15901 -0.99687 -0.00892 0.07856 -0.9961 -0.00146 0.08826 -0.01997 -0.00444 0.99979 0.02633 0.00318 0.99965 0.10545 -0.00061 0.99442 0.12145 0.00228 0.9926 0.34866 -0.00059 0.93725 0.26785 -0.0006 0.96346 0.2666 -0.0004 0.96381 0.21365 -0.0002 0.97691 0.21773 -0.00104 0.97601 0.35168 -0.00112 0.93612 0.57187 -0.00194 0.82034 0.49409 0.00151 0.86941 0.47266 -0.00287 0.88124 0.41789 -0.00215 0.9085 0.41353 -0.00136 0.91049 0.57416 -0.00253 0.81874 0.62248 0.00106 0.78263 0.65591 -0.00429 0.75483 0.68896 0.00295 0.72479 0.75391 -0.00406 0.65696 0.74544 0.00057 0.66657 0.81615 -0.00184 0.57784 0.81692 -0.0022 0.57675 0.84877 0.00332 0.52875 0.89124 -0.00675 0.45349 0.87813 0.00698 0.47837 0.91783 0.00802 0.39689 0.93496 -0.00991 0.35461 0.94949 0.00428 0.31377 0.95363 -0.00028 0.30098 0.9746 4E-05 0.22394 0.97691 -0.00407 0.21362 0.99231 0.00236 0.12376 0.99727 -0.00873 0.07332 0.99646 -0.00165 0.08409 0.99934 -0.00616 0.03577 -0.67976 0.64605 -0.3472 -0.54421 0.59626 -0.59018 -0.86862 0.154 -0.47093 -0.40013 0.74915 -0.52789 -0.6619 0.53551 -0.52451 -0.3131 0.69875 -0.6432 0.6716 0.60815 -0.42322 0.69801 0.43169 -0.57134 0.70207 0.47243 -0.53283 0.78776 0.40323 -0.46566 0.38079 0.77222 -0.50861 0.77289 0.47511 -0.42061 0.3754 0.74134 -0.55631 0.10735 0.83668 -0.53706 0.22401 0.69722 -0.68096 0.44798 0.6375 -0.62682 0.76789 0.26269 -0.58424 0.67023 0.65192 -0.35468 -0.24486 0.59198 0.76785 0.87062 0.44883 0.20144 -0.75329 0.60129 -0.26645 -0.78341 0.59388 -0.18324 -0.81036 0.57552 -0.10999 -0.73583 0.66951 -0.10148 -0.74172 0.66952 -0.03997 -0.79013 0.58377 0.18682 -0.55432 0.83123 -0.04214 -0.68135 0.72645 0.08958 -0.66395 0.72449 0.18517 -0.62679 0.76673 0.13874 -0.69612 0.63196 0.34065 -0.53736 0.83368 0.12736 -0.65593 0.61607 0.43614 -0.4504 0.88388 0.12607 -0.59105 0.62527 0.50961 -0.47615 0.79349 0.37902 -0.38747 0.67262 0.63044 -0.26553 0.89833 0.35 -0.27445 0.88399 0.37846 -0.14601 0.93635 0.31926 -0.1377 0.73077 0.66859 -0.06349 0.87612 0.4779 -0.05908 0.89558 0.44095 0.02646 0.64005 0.76788 0.33799 0.8118 0.47617 0.85174 0.51737 -0.08286 0.72209 0.62801 -0.29016 -0.65768 0.75197 -0.04473 -0.35093 0.89593 0.27231 0.05588 0.97198 0.22834 0.12845 0.74079 0.65934 0.17737 0.88775 0.42477 0.26376 0.86436 0.42815 0.31545 0.88575 0.3405 0.40931 0.75639 0.51022 0.35125 0.91096 0.21627 0.49574 0.70692 0.5045 0.39176 0.91125 0.1271 0.46324 0.85135 0.2462 0.58441 0.7333 0.34746 0.5754 0.79915 0.17399 0.62865 0.76459 0.14216 0.60686 0.78747 0.10775 0.66854 0.73625 0.10488 0.62823 0.77744 -0.03005 0.60423 0.78353 -0.14485 0.65878 0.70178 -0.27114 -0.35217 0.84378 -0.40499 -0.3699 0.86342 -0.34303 -0.35493 0.88724 -0.29467 -0.19595 0.97102 -0.13683 0.11686 0.99202 -0.0474 0.32669 0.93611 -0.13031 0.33403 0.90631 -0.25891 0.40305 0.85202 -0.33408 0.3274 0.85072 -0.41119 -0.016 0.89484 -0.44611 -0.02343 0.89625 -0.44293 -0.01816 0.89852 -0.43855 -0.01336 0.89683 -0.44217 -0.01283 0.90381 -0.42775 -0.00429 0.90131 -0.43316 -0.00527 0.89452 -0.44699 -0.00088 0.89527 -0.44553 -0.00125 0.8957 -0.44465 -0.00146 0.89564 -0.44477 -0.00419 0.90193 -0.43187 -0.02203 0.89386 -0.4478 -0.02306 0.8946 -0.44628 -0.00131 0.8787 -0.47737 -0.01215 0.87019 -0.49257 0.00782 0.8973 -0.44135 -0.02709 0.89416 -0.44692 0.02104 0.89652 -0.44251 0.01163 0.90047 -0.43476 0.05428 0.87771 -0.47611 0.02443 0.89123 -0.4529 0.04513 0.88952 -0.45465 0.01894 0.88913 -0.45726 0.01185 0.89305 -0.44981 0.03951 0.89819 -0.43782 0.01579 0.8916 -0.45255 0.02168 0.8924 -0.45072 0.01657 0.89803 -0.43962 0.0172 0.89978 -0.436 0.00976 0.89569 -0.44457 -0.01123 0.87716 -0.48006 -0.00919 0.87719 -0.48006 -0.00466 0.87806 -0.47853 -0.03341 0.87954 -0.47464 -0.00834 0.87637 -0.48157 -0.00284 0.87903 -0.47676 -0.01024 0.87839 -0.47784 -0.02692 0.89305 -0.44915 -0.00911 0.88506 -0.4654 -0.0068 0.88582 -0.46398 -0.02625 0.89159 -0.45207 -0.02821 0.88841 -0.45818 -0.02313 0.88734 -0.46053 -0.02268 0.8859 -0.46333 -0.02973 0.88672 -0.46135 -0.02464 0.88128 -0.47196 -0.0135 0.8784 -0.47773 -0.00766 0.8796 -0.47565 -1E-05 0.88075 -0.47359 -0.02963 0.86903 -0.49387 -0.00131 0.87632 -0.48173 -0.00133 0.8763 -0.48177 0.00353 0.87274 -0.48817 0.01953 0.86723 -0.49752 0.00301 0.88045 -0.47412 0.01468 0.87429 -0.48517 0.00799 0.87399 -0.48587 0.00725 0.87866 -0.47739 0.01141 0.87784 -0.47881 0.0451 0.89186 -0.45005 0.02477 0.88782 -0.45953 0.02373 0.88541 -0.4642 0.02036 0.88567 -0.46388 0.01959 0.88403 -0.46702 0.04695 0.87834 -0.47572 -0.03302 0.8823 -0.46952 -0.02178 0.88224 -0.4703 -0.00517 0.87889 -0.47699 -0.00287 0.87914 -0.47655 0.02607 0.88031 -0.47368 0.02872 0.87934 -0.47532 0.02686 0.87431 -0.48462 0.02442 0.87569 -0.48225 0.02416 0.8755 -0.48261 0.02038 0.88234 -0.47018 0.02305 0.88238 -0.46997 0.02137 0.87789 -0.47839 0.01063 0.87909 -0.47653 -0.01472 0.88041 -0.47398 0.018 0.88352 -0.46806 0.03781 0.88577 -0.46258 -0.0203 0.87907 -0.47627 -0.0284 0.88329 -0.46797 -0.0116 0.87951 -0.47574 -0.01025 0.88401 -0.46736 0.00112 0.88415 -0.4672 -0.01595 0.88218 -0.47065 0.05488 0.77818 0.62564 0.12488 0.84782 0.51538 0.21682 0.70152 0.67887 0.17571 0.83058 0.52845 0.30211 0.70094 0.64607 0.3149 0.85713 0.40764 0.38125 0.75928 0.52739 0.40293 0.78849 0.46468 0.44286 0.7257 0.52653 0.44348 0.81999 0.36186 0.54171 0.72083 0.43238 0.6977 0.46459 0.54533 0.64251 0.72769 0.24012 0.69434 0.65031 0.30819 0.67588 0.71095 0.19424 0.63831 0.75352 0.15739 0.65083 0.75705 0.05734 0.80595 0.55105 0.21631 0.74693 0.66488 -0.00576 0.70944 0.69296 -0.12848 0.8819 0.47112 -0.01745 0.77352 0.62424 -0.10952 0.72706 0.6456 -0.23363 0.88237 0.45213 -0.13041 0.07917 0.66154 0.74572 0.56536 0.58169 0.58481 0.60761 0.68523 0.40159 0.68717 0.6487 -0.32708 0.82873 0.55625 0.06165 0.76999 0.62779 0.11398 0.89241 0.38842 0.22962 0.09472 -0.64426 0.75892 0.28204 -0.43571 0.85476 0.39783 -0.45945 0.79413 0.20187 -0.81687 0.54034 0.77473 0.32997 0.53937 0.86311 0.47442 0.17312 0.86493 0.47925 -0.14905 0.06252 0.98369 0.16865 0.24903 0.84197 0.47861 0.50128 0.84629 0.18032 -0.02246 0.98427 0.17524 -0.02209 0.9849 0.17173 -0.20718 0.86041 0.46558 -0.05874 0.99435 -0.08847 -0.12318 0.66648 0.73528 -0.02109 0.66482 0.74671 -0.37199 -0.00679 0.92821 -0.1007 0.73775 0.66752 -0.01521 0.62356 0.78163 -0.22856 0.70931 0.66681 -0.17104 0.82572 0.53752 -0.29253 -0.57833 0.76155 -0.34264 0.78603 0.51454 -0.24744 0.86779 0.43094 -0.44769 0.83273 0.32578 -0.40034 0.72661 0.55836 -0.34458 0.81851 0.45967 -0.24653 -0.72879 0.63882 -0.39393 0.88468 0.24931 -0.54891 0.72505 0.41593 -0.49438 0.63137 0.59746 -0.52735 0.78293 0.33002 -0.42146 0.89201 -0.16337 -0.59556 0.75152 0.28375 -0.47116 0.68097 0.56062 -0.62445 0.68614 0.37318 -0.53186 0.82316 -0.19884 -0.74168 0.64423 0.18676 -0.67243 0.73122 0.11475 -0.62898 0.76345 0.14677 -0.79403 0.59186 0.13865 -0.671 0.74023 0.04267 -0.94943 -0.04273 0.31104 -0.8 0.59811 0.04768 -0.71464 0.6994 -0.01112 -0.86423 0.48172 -0.14512 -0.71769 0.62628 -0.30445 -0.65441 0.71933 -0.23304 -0.81944 0.54132 -0.1884 -0.7713 0.62585 -0.11579 -0.76257 0.63929 -0.09897 -0.72331 0.68614 -0.07773 -0.78646 0.61351 -0.07124 -0.62155 0.74323 0.24756 -0.69097 0.64754 0.32133 -0.21081 0.90893 -0.35973 0.83316 0.47524 -0.28284 0.7766 0.5403 -0.32399 0.6843 0.34894 -0.6403 0.85034 -0.52593 -0.01782 0.56989 0.22327 -0.79081 0.07307 -0.99543 0.06144 0.84639 0.18822 -0.49819 0.73663 0.37504 -0.56278 0.68303 0.60424 -0.41031 0.85492 0.29296 -0.42811 0.86493 0.33703 -0.37189 0.7141 0.54989 -0.43323 0.6232 0.46274 -0.63047 0.53522 0.46305 -0.70649 0.61088 0.44587 -0.65424 0.56579 0.41394 -0.71311 0.76636 0.41274 -0.49228 0.8015 0.35393 -0.48201 -0.00317 -0.99356 0.11324 0.05395 0.52989 -0.84635 0.3078 -0.06601 -0.94916 0.17138 0.63383 -0.75425 0.32826 0.44895 -0.83108 0.33324 0.43752 -0.83518 0.2651 0.6431 -0.71843 0.46809 0.43797 -0.76751 -0.02149 0.59895 -0.8005 -0.25657 0.49954 -0.82743 -0.60602 0.33485 -0.72153 -0.50588 -0.681 -0.52946 -0.06357 -0.90411 0.42254 -0.02134 0.86524 -0.50091 -0.73972 0.51481 -0.43334 -0.55477 0.70207 -0.44647 -0.87892 0.26717 -0.39513 -0.7248 0.43526 -0.53404 -0.68653 0.57324 -0.44729 -0.4172 0.73598 -0.53318 -0.84454 0.18588 -0.50219 -0.37154 0.53938 -0.75567 -0.13097 0.59293 -0.79454 -0.34641 0.47187 -0.81076 -0.45192 0.43036 -0.78138 -0.42188 0.57315 -0.70251 -0.23555 0.47361 -0.84865 -0.43776 0.60181 -0.66798 -0.63382 0.40307 -0.66016 -0.52968 0.5908 -0.6086 -0.31034 0.45657 -0.83381 -0.25928 0.39069 -0.88325 0.09475 -0.91283 -0.39719 -0.06427 0.67284 -0.73699 -0.1709 0.34191 -0.92406 -0.79437 0.29425 -0.5314 -0.68059 -0.72886 0.0746 -0.86719 0.41834 -0.27013 -0.70412 0.61932 -0.34735 -0.99923 0.01301 0.03715 -0.9995 0.02569 0.01849 -0.99395 0.03176 0.1051 -0.99344 0.02678 0.11115 -0.97858 0.03001 0.20367 -0.97861 0.02945 0.2036 -0.96001 0.0347 0.27782 -0.95283 0.01617 0.30308 -0.93309 0.02192 0.35897 -0.93445 0.01166 0.35591 -0.89623 0.01334 0.44338 -0.89615 0.01458 0.44352 -0.85522 0.01913 0.51792 -0.84792 0.00813 0.53005 -0.82092 0.03588 0.56991 -0.79072 0.00588 0.61215 -0.7645 0.02948 0.64395 -0.75553 0.01798 0.65487 -0.70046 0.02184 0.71336 -0.6982 0.02925 0.7153 -0.64816 0.00596 0.76148 -0.63137 0.03308 0.77478 -0.56963 0.00588 0.82188 -0.56863 0.00451 0.82258 -0.503 0.03919 0.8634 -0.45846 -0.01315 0.88862 -0.42055 0.03446 0.90662 -0.35177 0.00575 0.93607 -0.36326 0.02197 0.93143 -0.2716 0.02411 0.96211 -0.26702 0.01742 0.96353 -0.17233 0.02232 0.98479 -0.18115 0.00345 0.98345 -0.11321 0.03307 0.99302 -0.08008 0.00335 0.99678 -0.03417 0.02328 0.99914 -0.01926 0.00959 0.99977 0.03276 0.03435 0.99887 0.06586 0.00487 0.99782 0.11223 0.02705 0.99331 0.12863 0.0118 0.99162 0.18339 0.03234 0.98251 0.20176 0.01207 0.97936 0.27289 0.03821 0.96129 0.27624 0.03221 0.96055 0.35422 0.0316 0.93463 0.36367 0.01446 0.93141 0.41854 0.01827 0.90801 0.41642 0.02238 0.9089 0.49821 0.01689 0.86689 0.49305 0.03563 0.86927 0.54786 0.00539 0.83655 0.57996 0.03314 0.81397 0.62429 0.0062 0.78116 0.61584 0.04827 0.78639 0.66367 0.01171 0.74793 0.6995 0.04173 0.71341 0.71938 0.00802 0.69457 0.76333 0.02954 0.64533 0.76627 0.01833 0.64226 0.82214 0.01992 0.56893 0.82275 0.01462 0.56822 0.87395 0.02067 0.48558 0.87526 0.00806 0.48359 0.9154 0.01673 0.4022 0.91575 0.00993 0.40162 0.94854 0.00932 0.31652 0.95342 0.02207 0.30083 0.97438 -0.01012 0.22469 0.99953 0.01328 0.02779 0.99928 0.02232 0.03058 0.9964 0.02347 0.08149 0.9946 0.04476 0.09362 0.98259 0.00623 0.18567 0.97225 0.06229 0.22549 0.99861 0.00906 -0.05192 0.99689 0.02364 -0.07514 0.04631 0.03213 -0.99841 0.03462 0.01521 -0.99928 0.09472 -0.00033 -0.9955 0.18232 0.04543 -0.98219 0.16946 0.01504 -0.98542 0.28794 0.03592 -0.95698 0.27203 0.01022 -0.96224 0.36737 0.00346 -0.93007 0.37095 0.01275 -0.92856 0.48191 0.01342 -0.87612 0.47918 0.00433 -0.8777 0.5505 0.02031 -0.83459 0.5765 -0.00499 -0.81708 0.65623 0.02759 -0.75406 0.65215 -0.01155 -0.758 0.71569 0.02877 -0.69783 0.75769 -0.00384 -0.6526 0.76089 0.00359 -0.64887 0.81863 0.00227 -0.57432 0.82055 0.01298 -0.57143 0.8657 0.01193 -0.50042 0.86482 0.00757 -0.50202 0.90606 -0.01041 -0.42303 0.90861 0.0063 -0.4176 0.93976 -0.00781 -0.34174 0.945 -0.02096 -0.32641 0.95621 0.02166 -0.29186 0.97676 -0.01423 -0.21384 0.97758 0.00576 -0.21048 0.98968 0.02828 -0.14048 0.98944 0.00484 -0.14487 -0.9873 0.03209 -0.15557 -0.98732 0.02768 -0.15629 -0.97585 0.01661 -0.21781 -0.97333 0.02412 -0.22814 -0.95828 0.01282 -0.28554 -0.95747 -0.00467 -0.28849 -0.93356 0.00543 -0.35837 -0.92453 -0.03972 -0.37903 -0.9115 -0.01041 -0.41117 -0.85682 0.01874 -0.51528 -0.87009 -0.00643 -0.49285 -0.8143 0.01672 -0.5802 -0.79909 -0.0001 -0.60122 -0.78665 0.01563 -0.6172 -0.71329 0.0197 -0.70059 -0.72779 -0.00133 -0.6858 -0.64665 0.03414 -0.76202 -0.62493 -0.00796 -0.78064 -0.56831 0.02966 -0.82228 -0.54121 0.00144 -0.84088 -0.48462 0.03597 -0.87399 -0.44443 -0.00117 -0.89581 -0.02678 0.00943 -0.9996 -0.07481 0.02515 -0.99688 -0.08226 0.01787 -0.99645 -0.17607 0.01259 -0.9843 -0.17477 0.01423 -0.98451 -0.27893 0.01214 -0.96023 -0.26876 0.02637 -0.96285 -0.36363 -0.00918 -0.9315 -0.39452 0.03152 -0.91835 -0.99789 0.00826 -0.06439 -0.99823 0.02819 -0.05237 -0.03513 0.70168 0.71162 -0.10188 0.90036 0.42306 -0.11 0.87338 0.47446 -0.18767 0.73627 0.65014 -0.1895 0.9091 0.37097 -0.28471 0.68954 0.66594 -0.26564 0.90526 0.33157 -0.36573 0.72101 0.58855 -0.36709 0.84591 0.38688 -0.39676 0.79406 0.46048 -0.46644 0.79235 0.39322 -0.41495 0.86581 0.27964 -0.58022 0.64532 0.4969 -0.49291 0.84702 0.19899 -0.56743 0.75994 0.31703 -0.613 0.75262 0.24041 -0.5534 0.81892 0.15208 -0.75153 0.5551 0.35645 -0.53315 0.84565 -0.02524 -0.76167 0.60744 0.22555 -0.76077 0.63333 0.14182 -0.5306 0.8363 -0.13806 -0.83294 0.53602 0.13749 -0.71078 0.69946 -0.07451 -0.3485 0.87554 -0.33464 -0.58314 0.71997 -0.37628 0.12844 0.88169 -0.45401 0.6189 0.69782 -0.36056 0.36522 0.92707 -0.08459 0.58679 0.74861 -0.30864 0.93746 0.34692 0.02872 0.49166 0.82698 -0.27273 0.53007 0.81056 -0.24906 0.51016 0.84577 -0.15624 0.52709 0.838 -0.14116 0.8273 0.43605 0.35417 0.51217 0.85851 -0.02521 0.62615 0.76747 0.13759 0.56926 0.80494 0.1674 0.59458 0.71397 0.36975 0.47766 0.83618 0.26952 0.40965 0.89906 0.1545 0.3437 0.91624 0.20588 0.25436 0.93506 0.2469 0.50047 0.69253 0.51955 0.423 0.70401 0.57047 0.3589 0.75511 0.54864 0.28256 0.69502 0.66114 0.19076 0.91133 0.3648 0.18684 0.7335 0.65351 0.90066 0.3867 0.19817 0.11652 0.87178 0.47584 0.11461 0.82384 0.55511 0.02536 0.94479 0.32669 0.01708 0.85273 0.52207 0.03768 0.83668 -0.54639 0.73909 0.48974 -0.46249 0.83748 0.22062 -0.49996 0.62725 0.49434 -0.60182 0.90542 0.26197 -0.33405 0.22891 0.82705 -0.51341 0.52244 0.71568 -0.46352 0.47113 0.69285 -0.54589 0.2315 0.77973 -0.58174 -0.76077 0.404 -0.50795 -0.80018 0.20338 -0.56422 -0.5615 0.53292 -0.63302 -0.47188 0.70716 -0.52655 -0.51262 0.637 -0.57572 -0.62757 0.53472 -0.56589 0.00168 0.89338 -0.44929 5E-05 0.88187 -0.4715 0.00049 0.88104 -0.47305 -0.00187 0.87885 -0.47709 -0.00251 0.87953 -0.47583 -0.00356 0.87844 -0.47784 -0.00751 0.87619 -0.48191 -0.00747 0.87648 -0.48138 -0.00118 0.8807 -0.47367 0.00195 0.87744 -0.47968 -0.01179 0.87517 -0.48368 -0.00064 0.88409 -0.46731 -0.00017 0.88405 -0.4674 0.00028 0.88448 -0.46658 0.00042 0.88439 -0.46675 -0.00236 0.88124 -0.47266 0.00105 0.87671 -0.48101 0.00112 0.87679 -0.48088 0.01475 0.8813 -0.47233 -0.03763 0.90259 -0.42886 0.02402 0.87535 -0.48289 0.00302 0.87939 -0.47609 0.00893 0.87917 -0.47643 0.00071 0.88856 -0.45875 -0.00916 0.88965 -0.45656 0.00614 0.87738 -0.47975 0.02392 0.87368 -0.48592 0.00518 0.87942 -0.47601 0.00562 0.87851 -0.47769 0.00081 0.88255 -0.47022 -0.00697 0.89086 -0.45422 0.0039 0.87268 -0.48827 0.0085 0.87641 -0.4815 0.0045 0.87933 -0.4762 0.043 0.87385 -0.4843 0.03929 0.87534 -0.48191 -0.00789 0.89103 -0.45387 -0.01273 0.87779 -0.47887 -0.00942 0.87929 -0.47619 0.00937 0.89041 -0.45506 -0.00037 0.88488 -0.46582 0.00739 0.8843 -0.46685 -0.00998 0.89731 -0.4413 -0.03433 0.87644 -0.48029 -0.03107 0.87812 -0.47744 -0.02148 0.87892 -0.47649 -0.02518 0.87916 -0.47585 -0.04332 0.86892 -0.49306 -0.0329 0.87064 -0.49082 -0.03477 0.86768 -0.49591 0.04757 0.87605 -0.47988 0.00968 0.88008 -0.47472 -0.00478 0.886 -0.46367 -0.00503 0.88604 -0.46358 -0.00558 0.88574 -0.46415 -0.03042 0.88967 -0.45559 -0.01161 0.87619 -0.48182 0.01082 0.88837 -0.459 0.0032 0.88309 -0.46919 -0.0073 0.88181 -0.47156 -0.00695 0.88241 -0.47042 -0.01019 0.88205 -0.47104 -0.06147 0.88773 -0.45625 0.01057 0.8796 -0.4756 0.00512 0.88891 -0.45806 -0.00235 0.88561 -0.46443 -0.0042 0.88366 -0.46811 -0.00337 0.88353 -0.46836 -0.00434 0.88559 -0.46445 0.00074 0.88584 -0.46399 0.00081 0.88574 -0.46418 -0.00316 0.88635 -0.46301 -0.0012 0.88441 -0.46671 -0.0019 0.8845 -0.46654 -0.00204 0.88556 -0.46452 0.00691 0.8841 -0.46725 0.01717 0.87877 -0.47694 0.00168 0.88452 -0.4665 0.03023 0.88929 -0.45634 0.00909 0.88679 -0.46208 0.00753 0.88703 -0.46165 -0.01647 0.88516 -0.465 -0.02299 0.8811 -0.47237 -0.00233 0.88385 -0.46777 0.00978 0.88873 -0.45832 0.01402 0.87815 -0.47818 -0.00975 0.88651 -0.46262 -0.0324 0.88616 -0.46225 -0.01248 0.88502 -0.46538 -0.0383 0.88055 -0.4724 -0.03793 0.88046 -0.4726 0.00606 0.88485 -0.46584 -0.00966 0.88479 -0.46589 -0.06182 0.87734 -0.47587 -0.00743 0.8839 -0.46761 -0.00949 0.88656 -0.46252 -0.01292 0.88712 -0.46135 -0.03234 0.89159 -0.45168 0.03417 0.59193 0.80526 0.29278 0.56544 0.77107 0.352 0.79665 0.49137 0.4846 0.87304 0.0544 0.39702 0.81545 0.42121 0.08222 0.55341 0.82884 0.36691 0.87359 0.31972 0.18273 0.71361 0.67629 0.49852 0.80332 0.32582 0.50398 0.14898 0.85077 0.70496 0.68789 -0.17273 0.74459 0.61086 -0.26916 0.66253 0.73863 -0.12436 0.71255 0.68863 0.13435 0.70667 0.70732 0.01782 0.69885 0.66803 0.25563 0.48142 0.06508 -0.87407 0.68404 -0.16588 -0.71033 0.61757 0.2751 -0.73683 0.8153 0.46257 -0.34831 0.6538 0.33133 -0.68027 0.77918 0.55036 -0.29998 0.25731 0.65249 -0.71277 0.25422 -0.9176 0.30559 0.62848 -0.68014 0.37738 0.65384 0.15009 0.7416 0.80392 -0.58446 -0.11008 0.74492 0.55914 0.36395 0.65851 0.44277 0.60854 0.94341 0.32977 0.03519 0.55693 0.76864 -0.31468 0.69006 -0.696 0.19851 0.04853 0.92812 0.3691 0.16727 0.79657 0.58094 0.26338 0.86055 0.43599 0.42769 0.55931 0.71011 0.47341 0.78161 0.40616 0.76237 0.60788 0.22199 0.76209 0.64102 0.09118 0.89726 0.39478 0.19768 0.90345 0.42217 0.07449 -0.67006 -0.57653 -0.46758 -0.07828 -0.33994 -0.93719 -0.92975 -0.10959 -0.35151 -0.57015 0.68052 -0.46025 -0.52278 0.69887 -0.48814 -0.48133 0.56736 -0.66815 -0.81361 0.16665 -0.55702 -0.92982 0.36802 0.00137 -0.63622 0.76038 -0.1306 -0.77465 0.47269 0.4201 -0.71865 0.43984 0.5386 -0.72508 0.67946 -0.11217 -0.89159 0.34024 0.29884 -0.6977 0.71192 0.0799 -0.57148 0.78226 0.24796 -0.49998 0.68707 0.5272 -0.62935 0.74883 0.20775 -0.6651 0.73616 0.12536 -0.12963 0.29665 0.94615 -0.43613 0.48494 0.75804 -0.82137 0.54268 -0.17564 -0.82535 0.50478 -0.25295 -0.30122 0.81866 0.48894 -0.60184 0.58689 0.54161 -0.08045 0.83975 0.53698 -0.24318 0.61983 0.74611 -0.02675 0.0794 0.99648 -0.87011 -0.22282 0.4396 -0.15918 0.37441 0.9135 -0.24512 -0.96545 0.08845 -0.10736 -0.99136 0.07532 -0.32423 0.63245 0.70347 -0.01735 0.99551 0.09308 -0.1109 0.91548 0.38678 -0.13289 0.98025 0.14647 -0.43385 0.57599 0.69282 -0.76074 0.64314 0.08743 -0.96059 -0.19853 -0.19458 -0.86689 0.44558 -0.22351 -0.46009 0.80749 0.36916 -0.57126 0.70256 0.42435 -0.80722 0.50392 0.30735 -0.54149 0.73073 -0.41571 -0.91707 0.28998 -0.27366 0.00035 0.90532 -0.42474 -0.0001 0.8683 -0.49603 -0.00165 0.8836 -0.46823 -0.00204 0.88155 -0.47209 0.00072 0.90022 -0.43543 0.02901 0.89409 -0.44695 -0.03802 0.86788 -0.49532 0.00453 0.89079 -0.4544 -0.00862 0.87552 -0.4831 0.0155 0.89912 -0.43742 -0.02101 0.8671 -0.49768 0.00789 0.88855 -0.45871 -0.00523 0.88166 -0.47185 -0.00547 0.87986 -0.4752 -0.00435 0.88045 -0.47412 0.03761 0.89473 -0.44502 -0.01466 0.87819 -0.47808 -0.001 0.8579 -0.51382 -0.0001 0.88541 -0.46481 -0.00412 0.87907 -0.47667 0.00973 0.89198 -0.45197 0.00492 0.87785 -0.47892 -0.01721 0.87372 -0.48612 -0.01115 0.87767 -0.47913 0.00297 0.8856 -0.46444 0.00012 0.88437 -0.46679 0.0076 0.88732 -0.46108 0.00407 0.88396 -0.46755 0.03975 0.89273 -0.44884 0.0021 0.86896 -0.49488 -0.00285 0.89463 -0.44681 -0.00969 0.8566 -0.5159 0.00926 0.90919 -0.41627 -0.00619 0.87401 -0.48587 -0.0225 0.87747 -0.47911 0.01188 0.88569 -0.46412 0.02479 0.88821 -0.45877 0.02139 0.85081 -0.52505 0.01007 0.87422 -0.48542 -0.0011 0.88389 -0.46769 -0.00247 0.8834 -0.46861 -0.00035 0.88187 -0.47149 0.00293 0.88433 -0.46686 -0.00165 0.87531 -0.48356 0.00262 0.89944 -0.43704 -0.00693 0.8945 -0.44701 -0.00175 0.88248 -0.47035 0.01 0.87439 -0.48513 0.01307 0.88823 -0.45921 0.00523 0.88604 -0.46358 0.01365 0.8934 -0.44905 0.01367 0.89342 -0.44902 0.01846 0.83586 -0.54863 0.02832 0.61111 -0.79104 -0.01783 0.90505 -0.42493 0.00985 0.86403 -0.50334 -0.02372 0.87819 -0.47772 -0.01978 0.85058 -0.52547 0.00155 0.88027 -0.47447 -0.00251 0.88336 -0.46869 0.00049 0.8756 -0.48304 0.01899 0.9112 -0.41153 0.02821 0.94165 -0.3354 0.02265 0.92651 -0.37559 0.99567 0.04303 0.0824 0.74546 -0.0291 0.66592 0.66605 0.02917 0.74533 0.08252 -0.04309 0.99566 -0.08252 0.04309 0.99566 -0.66605 -0.02917 0.74533 -0.74546 0.0291 0.66592 -0.99567 -0.04303 0.0824 -0.99567 0.04304 -0.08243 -0.70375 -0.03569 -0.70955 -0.71098 -0.04258 -0.70192 -0.14453 0.06878 -0.98711 0.14453 -0.06878 -0.98711 0.71098 0.04258 -0.70192 0.70375 0.03569 -0.70955 0.99567 -0.04304 -0.08243 0.91653 -0.01295 0.39975 0.89543 0.01296 0.44501 0.41844 -0.01408 0.90814 0.37111 0.0162 0.92845 -0.37112 -0.0162 0.92845 -0.41844 0.01408 0.90813 -0.89543 -0.01296 0.44502 -0.91653 0.01295 0.39975 -0.97833 -0.01185 -0.20673 -0.96752 0.00944 -0.25263 -0.70254 -0.00944 -0.71158 -0.64442 0.02596 -0.76423 -0.08245 -0.04305 -0.99566 0.08245 0.04305 -0.99566 0.64442 -0.02596 -0.76424 0.70254 0.00944 -0.71158 0.96752 -0.00944 -0.25263 0.97833 0.01185 -0.20673 0.91653 -0.01295 0.39975 0.89543 0.01296 0.44502 0.41844 -0.01408 0.90813 0.37112 0.0162 0.92845 -0.37111 -0.0162 0.92845 -0.41844 0.01408 0.90814 -0.89543 -0.01296 0.44501 -0.91653 0.01295 0.39975 -0.97833 -0.01185 -0.20673 -0.96752 0.00944 -0.25263 -0.70254 -0.00944 -0.71158 -0.64442 0.02596 -0.76424 -0.08245 -0.04305 -0.99566 0.08245 0.04305 -0.99566 0.64442 -0.02596 -0.76424 0.70254 0.00944 -0.71158 0.96752 -0.00944 -0.25263 0.97833 0.01185 -0.20673 0.52367 -0.01366 -0.85181 0.2884 -0.01326 -0.95742 0.40454 -0.00206 -0.91452 -0.0945 -0.01383 -0.99543 0.09127 0.00193 -0.99582 -0.26599 0.00192 -0.96397 -0.57163 -0.00243 -0.82051 -0.41876 -0.01468 -0.90798 -0.67619 -0.00297 -0.73672 -0.72279 -0.01099 -0.69098 -0.80797 -0.00989 -0.58914 -0.84922 0.00048 -0.52804 -0.97478 -0.01128 -0.22287 -0.98539 -0.00301 -0.17026 -0.99331 -0.00867 0.11512 -0.95987 -0.01327 0.28012 -0.9933 -0.00871 0.11527 -0.91452 -0.00335 0.40452 -0.74929 -0.00776 0.6622 -0.79129 -0.01659 0.61122 -0.48545 -0.00449 0.87425 -0.69806 -0.01483 0.71588 -0.40567 -0.01944 0.91381 -0.20788 -0.00204 0.97815 0.07924 -0.00482 0.99684 -0.06457 -0.0218 0.99767 0.21225 -0.02166 0.97698 0.61935 -0.00963 0.78505 0.5629 -0.01986 0.82629 0.37542 -0.00371 0.92685 0.7834 -0.01709 0.62128 0.72247 -0.00536 0.69138 0.88449 -0.00651 0.46652 0.8798 -0.00568 0.47532 0.99934 -0.01439 0.03322 0.99447 -0.01538 0.1039 0.97148 0.00331 0.2371 0.93868 -0.01059 -0.34463 0.98982 0.00472 -0.14227 0.90853 -0.00218 -0.41782 0.80107 -0.00885 -0.5985 0.72896 0.00564 -0.68453 -0.31902 -0.00479 0.94773 -0.04276 -0.02574 0.99875 -0.06515 0.01571 0.99775 -0.15244 -0.03625 0.98765 -0.23989 0.07178 0.96814 -0.20283 -0.03147 0.97871 -0.40729 -0.04357 0.91226 -0.33522 0.02521 0.9418 -0.47138 0.04433 0.88082 -0.51839 -0.05156 0.85359 -0.59511 0.03664 0.80281 -0.6389 -0.0543 0.76737 -0.67194 0.00814 0.74056 -0.73609 0.01175 0.67679 -0.75106 -0.05006 0.65833 -0.82281 0.03044 0.5675 -0.83393 -0.02507 0.5513 -0.88878 -0.024 0.45771 -0.88527 -0.03713 0.46359 -0.92717 0.0223 0.37398 -0.93765 -0.04091 0.34516 -0.96279 0.00079 0.27026 -0.96713 -0.03259 0.25218 -0.98491 -0.01704 0.17221 -0.98497 -0.01652 0.17193 -0.99734 0.00759 0.07252 -0.99778 -0.03259 0.05811 -0.99935 -0.0241 -0.02663 -0.9976 0.03038 -0.06228 -0.99354 -0.04283 -0.10507 -0.98045 -0.01155 -0.19643 -0.9801 -0.00807 -0.19833 -0.96577 -0.02628 -0.25808 -0.95528 0.0061 -0.29563 -0.94258 -0.03492 -0.33216 -0.9289 -0.00088 -0.37032 -0.91592 -0.03921 -0.39945 -0.89544 -0.01321 -0.44498 -0.88373 -0.04503 -0.46583 -0.84168 0.0029 -0.53997 -0.86153 -0.10526 -0.49667 -0.67294 -0.06219 -0.73708 -0.66393 -0.03507 -0.74697 -0.7216 -0.02729 -0.69178 -0.72508 -0.03488 -0.68778 -0.77836 -0.048 -0.62598 -0.77361 -0.03275 -0.63281 -0.82565 -0.01235 -0.56405 -0.61247 0.00051 -0.79049 -0.33732 -0.05081 -0.94002 -0.38544 -0.00839 -0.9227 -0.42377 -0.06113 -0.9037 -0.46443 -0.01416 -0.8855 -0.50386 -0.05872 -0.86179 -0.54165 -0.00647 -0.84058 -0.58203 -0.05132 -0.81155 -0.30315 -0.00238 -0.95294 -0.23739 -0.05127 -0.97006 -0.21791 -0.01857 -0.97579 -0.14789 -0.04786 -0.98784 -0.13213 -0.01774 -0.99107 -0.04358 -0.03139 -0.99856 -0.04315 -0.03237 -0.99854 0.0449 -0.03207 -0.99848 0.04736 -0.03727 -0.99818 0.13246 -0.0457 -0.99013 0.14096 -0.02298 -0.98975 0.21941 -0.00501 -0.97562 0.38646 -0.00987 -0.92225 0.30374 -0.071 -0.9501 0.32485 -0.00343 -0.94576 0.2463 -0.04921 -0.96794 0.41835 -0.05566 -0.90658 0.50419 -0.05949 -0.86154 0.46489 -0.00756 -0.88534 0.54126 -0.00447 -0.84084 0.5889 -0.05242 -0.80651 0.61501 -0.00422 -0.78851 0.66475 -0.06331 -0.74438 0.68667 -0.01893 -0.72672 0.72765 -0.06656 -0.68271 0.75411 -0.00872 -0.65669 0.81693 -0.00903 -0.57667 0.80014 -0.05764 -0.59703 0.8439 -0.05538 -0.53363 0.868 -0.01564 -0.49631 0.88581 -0.05194 -0.46113 0.98189 -0.01428 -0.18889 0.90644 0.00135 -0.42233 0.92703 -0.04752 -0.37197 0.93878 0.00354 -0.3445 0.96309 -0.03392 -0.26704 0.96404 -0.02721 -0.26436 0.98289 -0.0006 -0.18421 0.99542 -0.04722 -0.08313 0.99773 0.03112 -0.05968 0.99604 -0.06888 0.05625 0.99643 0.01313 0.08335 0.98218 -0.01284 0.18751 0.97984 -0.03139 0.19728 0.95937 -0.0261 0.28093 0.84694 0.00157 0.53169 0.89717 0.00379 0.44168 0.95551 0.00796 0.29486 0.93521 -0.00478 0.35407 0.91022 -0.07426 0.40742 0.8519 -0.03148 0.52275 0.78751 -0.01428 0.61613 0.77397 0.03905 0.63202 0.71258 -0.04327 0.70025 0.51793 0.02893 0.85493 0.58934 -0.03552 0.80711 0.57769 0.00576 0.81624 0.66762 -0.01159 0.74441 0.65426 0.04379 0.755 0.46754 -0.0383 0.88314 0.41992 0.01744 0.90739 0.38165 -0.02373 0.924 0.29957 0.03193 0.95354 0.33378 -0.06976 0.94007 0.2456 0.01419 0.96927 0.18555 -0.02955 0.98219 0.15729 0.01271 0.98747 0.0802 -0.034 0.9962 0.04908 0.01661 0.99866 -0.55695 0.00168 -0.83054 -0.72533 -0.02945 -0.68777 -0.77239 -0.00671 -0.63511 -0.90628 -0.03659 -0.4211 -0.98756 -0.02321 -0.15554 -0.93059 -0.01641 -0.36569 -0.99348 -0.02969 -0.11006 -0.98085 -0.00992 0.19453 -0.99968 -0.01002 -0.02311 -0.93985 -0.00101 0.34158 -0.97186 -0.01447 0.23512 -0.81471 0.00108 0.57987 -0.84069 -0.00665 0.54148 -0.58641 -0.00257 0.81001 -0.6016 -0.00015 0.7988 -0.31782 -0.00501 0.94814 -0.31434 -0.00482 0.9493 -0.1333 -0.01041 0.99102 -0.01702 -0.00265 0.99985 0.14301 -0.00785 0.98969 0.34229 0.00189 0.93959 0.49275 -0.00459 0.87016 0.54388 -0.00213 0.83916 0.72232 -0.00566 0.69153 0.75068 -0.00268 0.66066 0.90253 -0.00308 0.43062 0.90616 -0.00365 0.42291 0.99141 0.00046 -0.1308 0.99783 -0.00597 0.06561 0.98142 0.00158 0.19188 0.90994 -0.00826 -0.41465 0.94722 -0.00521 -0.32055 0.95803 -0.0064 -0.2866 0.7913 0.00128 -0.61143 0.68367 -0.0091 -0.72973 0.5888 -0.00237 -0.80828 0.56484 -0.00537 -0.82518 0.27309 -0.00069 -0.96199 0.22993 -0.0087 -0.97317 -0.02677 -0.00982 -0.99959 -0.0564 -0.01581 -0.99828 -0.42167 -0.02277 -0.90646 -0.32462 -0.00017 -0.94584 0.93218 0.00947 -0.36188 0.98482 -0.01782 -0.17268 0.75338 0.00432 -0.65757 0.80545 -0.02638 -0.59208 0.87447 -0.03261 -0.48399 0.54766 -0.01583 -0.83655 0.4282 -0.02826 -0.90324 0.60251 -0.03015 -0.79754 0.38993 -0.01436 -0.92073 0.03068 -0.00365 -0.99952 0.07704 -0.01195 -0.99696 0.24516 -0.00169 -0.96948 -0.15503 -0.02003 -0.98771 -0.27598 -0.00074 -0.96116 -0.42991 -0.00326 -0.90287 -0.40403 -0.00798 -0.91471 -0.71791 -0.00689 -0.6961 -0.63022 -0.00039 -0.77642 -0.78958 -0.00115 -0.61364 -0.89928 -0.01071 -0.43724 -0.95604 -0.0004 -0.29322 -0.99636 -0.00922 -0.08475 -0.99832 -0.00173 0.05787 -0.9734 -0.00651 0.22901 -0.93991 0.00103 0.34142 -0.76328 0.00083 0.64607 -0.80762 -0.00428 0.58968 -0.55607 -0.00235 0.83113 -0.54572 -0.00345 0.83796 -0.42994 0.00249 0.90286 -0.30831 -0.00785 0.95125 -0.03396 -0.00434 0.99941 -0.06436 -0.0006 0.99793 0.30276 -0.00979 0.95302 0.24164 -0.0009 0.97037 0.68501 -0.00786 0.72849 0.59729 -0.00429 0.80201 0.54371 -0.00939 0.83922 0.8034 0.00263 0.59543 0.9346 -0.00406 0.35568 0.88539 -0.01052 0.46472 0.99518 -0.01389 -0.09706 0.99957 -0.02901 0.00405 0.99218 -0.01153 0.12432 0.96812 -0.01643 0.24994 0.1169 -0.73296 -0.67015 0.27297 -0.91675 -0.29165 0.49563 -0.85946 -0.12521 0.5301 -0.83437 0.15106 0.16313 -0.91212 0.37608 0.90247 -0.42455 0.0728 0.62448 -0.7488 0.22209 -0.38945 -0.79149 0.47104 -0.74188 -0.45026 0.49687 0.1416 -0.90412 0.40313 -0.25535 -0.90145 0.34956 -0.38504 -0.91548 0.11679 -0.18288 -0.98277 0.02676 0.08224 -0.43495 -0.89669 0.21243 -0.73254 -0.64673 0.45807 -0.74795 -0.48036 0.60234 -0.75882 -0.24774 0.41797 -0.86665 0.27244 0.19883 -0.97419 0.10691 -0 1 0 -0.99799 0.0016 0.06334 -0.99745 0.00789 0.071 -0.97025 -0.00899 0.24195 -0.96575 0.00899 0.25932 -0.90169 -0.00899 0.4323 -0.90326 -0.01274 0.4289 -0.83634 0.01818 0.54791 -0.79595 -0.027 0.60476 -0.71832 0.027 0.69519 -0.66824 -0.01819 0.74373 -0.56074 0.01274 0.82789 -0.56385 0.009 0.82583 -0.41499 -0.00767 0.90979 -0.38604 0.01683 0.92233 -0.28718 -0.01719 0.95772 -0.19243 0.027 0.98094 -0.1236 -0.01819 0.99217 0.0127 0.01273 0.99984 -0.0127 -0.01273 0.99984 0.1236 0.01819 0.99217 0.19243 -0.027 0.98094 0.28718 0.01719 0.95772 0.38604 -0.01683 0.92233 0.41499 0.00767 0.90979 0.56385 -0.009 0.82583 0.56074 -0.01274 0.82789 0.66824 0.01819 0.74373 0.71832 -0.027 0.69519 0.79595 0.027 0.60476 0.83634 -0.01818 0.54791 0.90326 0.01274 0.4289 0.90169 0.00899 0.4323 0.96575 -0.00899 0.25932 0.96474 -0.01274 0.26291 0.99133 0.01794 0.13013 0.99715 -0.01821 0.07318 -0.04688 0.00226 -0.9989 -0.04318 4E-05 -0.99907 -0.20363 -0.00588 -0.97903 -0.21663 0.00687 -0.97623 -0.3713 -0.0065 -0.92849 -0.38539 0.00652 -0.92273 -0.53623 -0.00756 -0.84404 -0.55182 0.01235 -0.83387 -0.71408 -0.01231 -0.69996 -0.72698 0.00754 -0.68661 -0.83279 -0.00649 -0.55355 -0.8411 0.00651 -0.54085 -0.92071 -0.00756 -0.39018 -0.92167 -0.00495 -0.38795 -0.97444 0.01815 -0.22391 -0.98432 -0.02177 -0.17503 -0.99754 0.01115 -0.0692 -0.99936 -0.00259 -0.03566 0.99849 0.01256 -0.05343 0.99888 0.00665 -0.04686 0.97617 -0.00739 -0.21689 0.97196 0.01208 -0.23482 0.90236 -0.01209 -0.43082 0.89431 0.00738 -0.44739 0.79943 -0.00737 -0.60071 0.78821 0.01207 -0.61529 0.64389 -0.01205 -0.76502 0.62974 0.00738 -0.77677 0.47992 -0.00739 -0.87728 0.46365 0.01209 -0.88594 0.27018 -0.0121 -0.96273 0.25241 0.00738 -0.96759 0.08142 -0.00682 -0.99666 0.0734 4E-05 -0.9973 0.992 -0.01058 0.12583 0.99595 -0.02203 0.08713 0.9659 0.00771 0.25881 0.90618 0.01561 0.4226 0.81915 0.00141 0.57357 0.74374 -0.02351 0.66806 0.70705 -0.01103 0.70708 0.57356 0.00806 0.81913 0.42263 0.00528 0.90629 0.29731 -0.01366 0.95468 0.25884 -0.00702 0.96589 0.08713 0.00027 0.9962 -0.01902 -0.00849 0.99978 -0.08713 0 0.9962 -0.30416 0 0.95262 -0.25883 -0.01104 0.96586 -0.42262 0.00806 0.90627 -0.57357 0.00529 0.81914 -0.69125 -0.01617 0.72243 -0.70705 -0.01103 0.70708 -0.81913 0.00807 0.57355 -0.90628 0.00529 0.42265 -0.95209 -0.01243 0.30556 -0.96592 -0.00387 0.25882 -0.99618 0.00508 0.08715 -0.99517 -0.00853 -0.09783 -0.99613 -0.01103 -0.08715 -0.96589 0.00806 -0.25881 -0.90629 0.00529 -0.42262 -0.8315 -0.01617 -0.55529 -0.8191 -0.01103 -0.57354 -0.70707 0.00806 -0.7071 -0.57357 0.00529 -0.81914 -0.44343 -0.01602 -0.89617 -0.42261 -0.01097 -0.90624 -0.25884 0.00556 -0.9659 -0.08713 0.00029 -0.9962 0.00279 -0.01363 -0.9999 0.08713 -9E-05 -0.9962 0.25884 0.00617 -0.9659 0.40367 -0.00753 -0.91487 0.42263 -0.00387 -0.90629 0.57357 0.00508 -0.81914 0.71463 -0.00852 -0.69945 0.70705 -0.01103 -0.70708 0.81913 0.00807 -0.57355 0.90629 0.00529 -0.42262 0.95209 -0.01243 -0.30556 0.96592 -0.00387 -0.25882 0.99618 0.00508 -0.08715 -0 0 -1 1E-05 0 -1 -0 3E-05 -1 -0 1E-05 -1 -3E-05 -0 -1 -2E-05 4E-05 -1 2E-05 -4E-05 -1 1E-05 -1E-05 -1 3E-05 -3E-05 -1 -4E-05 -0 -1 -0 -1E-05 -1 3E-05 -2E-05 -1 2E-05 2E-05 -1 -2E-05 0 -1 -0 -0 -1 6E-05 1E-05 -1 0 1E-05 -1 2E-05 -2E-05 -1 -2E-05 2E-05 -1 -6E-05 1E-05 -1 2E-05 -1E-05 -1 -2E-05 1E-05 -1 3E-05 -0.00031 -1 7E-05 7E-05 -1 5E-05 -2E-05 -1 0.0001 0.00024 -1 0 -0 -1 1E-05 1E-05 -1 -1E-05 0 -1 -1E-05 -0 -1 -0.00011 0.00026 -1 -0.00013 0.00046 -1 0 -0 -1 2E-05 1E-05 -1 -3E-05 -1E-05 -1 -0 -1E-05 -1 1E-05 1E-05 -1 -3E-05 -2E-05 -1 -0.00012 -0.00056 -1 0 3E-05 -1 -2E-05 -3E-05 -1 0.33592 0.15492 -0.92906 0.16778 0.15267 -0.97393 0.77128 0.58583 -0.24884 0.93052 0.05942 -0.36138 0.91073 0.05503 -0.40931 0.99887 -0.00083 -0.04762 0.99935 0.00105 -0.03602 0.98995 0.00588 -0.14132 0.98765 -0.03415 -0.15291 0.99517 -0.00272 -0.09815 0.92032 0.11382 -0.37424 0.98053 -0.01095 -0.19605 0.98725 0.06418 -0.14566 0.99126 0.00934 -0.13159 0.9731 0.11936 -0.19703 0.975 0.12242 -0.18543 0.94823 0.17525 -0.26484 0.9254 0.25375 -0.2815 0.7591 0.47554 -0.44456 0.67635 0.64613 -0.35366 0.75272 0.48822 -0.44164 0.8107 0.47626 -0.34049 0.8668 0.40122 -0.2961 0.88922 0.40929 -0.20438 0.74046 0.59618 -0.31029 0.73768 0.65769 -0.15252 0.74258 0.65469 -0.14126 0.8268 0.54934 -0.12097 0.86247 0.48044 -0.15913 0.82622 0.54987 -0.12251 0.78855 0.56167 -0.25042 0.80676 0.582 -0.10203 0.83867 0.376 -0.39402 0.89082 0.33766 -0.30402 0.92422 0.25426 -0.28489 0.85353 0.4516 -0.25991 0.91549 0.34984 -0.19871 0.94573 0.28509 -0.15593 0.98973 0.11001 -0.09128 0.93816 0.34236 -0.05145 0.94988 0.30648 -0.06162 0.98856 0.11876 -0.093 0.97823 0.19736 -0.06411 0.98298 0.18186 -0.02583 0.94794 0.31841 -0.0053 0.92505 0.3671 -0.09754 0.98357 0.17999 0.01405 0.99209 0.12104 -0.03313 0.98763 0.1555 -0.02027 0.97293 0.20275 -0.1109 0.8973 0.43249 -0.08834 0.88679 0.44962 -0.107 0.41318 0.57941 -0.70254 0.29834 0.58099 -0.75726 0.27128 0.54853 -0.7909 0.47349 0.63599 -0.60936 0.65842 0.51794 -0.5461 0.05462 0.78971 -0.61105 0.0884 0.70691 -0.70176 0.01891 0.92706 -0.37442 0.11866 0.95304 -0.27863 0.16364 0.52024 -0.8382 0.29026 0.74483 -0.60081 0.18177 0.55625 -0.81089 0.31044 0.7784 -0.54564 0.03741 0.96578 -0.25666 0.14788 0.89931 -0.41155 0.04289 0.99314 -0.10879 0.25084 0.88279 -0.39719 0.20389 0.93839 -0.27901 0.30297 0.91307 -0.27296 0.34055 0.86878 -0.3595 0.37063 0.64537 -0.66793 0.02071 0.53045 -0.84746 0.18339 0.77723 -0.6019 0.1879 0.76321 -0.61822 0.59555 0.60773 -0.52534 0.55976 0.71205 -0.42385 0.69994 0.59108 -0.40089 0.63478 0.68317 -0.36102 0.63117 0.57377 -0.52193 0.59367 0.68201 -0.4271 0.5993 0.77124 -0.21455 0.58379 0.77391 -0.24546 0.52425 0.57984 -0.62365 0.49056 0.69092 -0.53102 0.52289 0.81427 -0.25209 0.50481 0.81367 -0.28828 0.03675 0.76079 -0.64795 0.12153 0.03281 -0.99205 0.04547 0.09146 -0.99477 0.29663 0.00158 -0.95499 0.0451 0.09053 -0.99487 0.01559 0.27536 -0.96121 0.09697 0.38131 -0.91935 0.18647 0.08814 -0.9785 0.95213 0.01836 -0.30514 0.94777 0.02676 -0.31782 0.92019 -0.00846 -0.39138 0.87696 0.00941 -0.48047 0.86043 0.04462 -0.50761 0.84691 0.01939 -0.53138 0.77002 0.00622 -0.63799 0.74184 0.06817 -0.6671 0.70582 -0.00462 -0.70838 0.63439 0.00396 -0.77301 0.59472 0.10339 -0.79726 0.55668 0.00174 -0.83073 0.44533 0.00368 -0.89536 0.27709 0.32624 -0.90376 0.86285 -0.0385 -0.50399 0.80532 0.11801 -0.58098 0.74725 0.07993 -0.65972 0.71149 0.12446 -0.69159 0.68591 0.10618 -0.7199 0.63898 0.15837 -0.75275 0.6059 0.13789 -0.7835 0.5606 0.18989 -0.80602 0.51025 0.15324 -0.84626 0.48721 0.20355 -0.84923 0.3651 0.09453 -0.92616 0.96884 0.00249 -0.24769 0.95363 0.01958 -0.30034 0.88006 0.12373 -0.45846 0.80004 0.14058 -0.58324 0.81849 0.16003 -0.55179 0.75567 0.21534 -0.61854 0.73379 0.19492 -0.65082 0.67654 0.27026 -0.68502 0.53082 0.33057 -0.78035 0.39306 0.34798 -0.85113 0.41282 0.42434 -0.80593 0.29407 0.38236 -0.87597 0.28584 0.39444 -0.87333 0.17795 0.36029 -0.91571 0.66706 0.26343 -0.69687 0.61114 0.35111 -0.70939 0.52658 0.3469 -0.77613 0.86141 0.10077 -0.49781 0.3893 0.17944 -0.90346 0.19152 0.33581 -0.92225 0.98311 -0.00095 -0.18302 0.97513 0.01807 -0.22089 0.96341 0.0312 -0.2662 0.9474 0.08706 -0.30799 0.93387 0.12347 -0.33561 0.87583 0.19561 -0.44121 0.88498 0.19875 -0.42107 0.828 0.2566 -0.49856 0.81341 0.24556 -0.52731 0.83471 0.24288 -0.49424 0.73651 0.35451 -0.57609 0.72316 0.34772 -0.59676 0.65018 0.38959 -0.65229 0.55716 0.49447 -0.66713 0.48938 0.44158 -0.752 0.39082 0.549 -0.73882 0.04837 0.40134 -0.91465 0.96835 0.24328 -0.05577 0.96888 0.24733 0.00945 0.98057 0.19597 0.00869 0.99161 0.03412 -0.12468 0.98593 0.09564 -0.13709 0.96906 0.20076 -0.14357 0.94381 0.29126 -0.15616 0.67129 0.64712 -0.3614 0.6717 0.71777 -0.18337 0.66369 0.7204 -0.20136 0.85588 0.31635 -0.40914 0.79235 0.33702 -0.50852 0.67257 0.45772 -0.5815 0.56822 0.46769 -0.67704 0.49634 0.68704 -0.53069 0.42293 0.75018 -0.5083 0.4151 0.85671 -0.30616 0.42688 0.86434 -0.26589 -0.60082 0.47379 -0.64385 -0.20396 0.54308 -0.81453 -0.98778 0.1528 -0.03078 -0.9891 0.08375 -0.12109 -0.97173 0.14232 -0.18836 -0.84858 0.50571 -0.15546 -0.82812 0.39285 -0.39986 -0.98043 0.00916 -0.19664 -0.99938 0.00144 -0.03505 -0.9433 0.02839 -0.33072 -0.94725 0.01853 -0.31996 -0.89044 0.00444 -0.45508 -0.99504 -0.00445 -0.09938 -0.99038 0.00129 -0.1384 -0.98965 0.00321 -0.14346 -0.96691 0.00045 -0.25512 -0.97121 0.01054 -0.23799 -0.9502 0.03566 -0.3096 -0.94029 0.05863 -0.33529 -0.99522 0.00682 -0.09738 -0.982 -0.01633 -0.18819 -0.96668 0.03073 -0.25415 -0.92393 0.07141 -0.37584 -0.88195 0.15361 -0.4456 -0.82468 0.25525 -0.50473 -0.89297 0.1623 -0.41983 -0.99155 -0.00362 -0.12969 -0.84326 0.17281 -0.50897 -0.90595 0.02513 -0.42264 -0.87964 0.08447 -0.46807 -0.8245 0.11435 -0.55419 -0.87565 0.38882 -0.28645 -0.73151 0.50966 -0.45292 -0.81744 0.38235 -0.43081 -0.92271 0.34609 -0.16976 -0.68896 0.69641 -0.20087 -0.77521 0.59379 -0.21557 -0.73545 0.65337 -0.17949 -0.8465 0.51003 -0.15267 -0.85374 0.51236 -0.09276 -0.84304 0.5323 -0.07712 -0.8374 0.51817 -0.17397 -0.78292 0.61152 -0.11438 -0.98064 0.18101 -0.07474 -0.96647 0.23777 -0.09696 -0.97658 0.18868 -0.10337 -0.98909 0.14372 -0.03237 -0.89069 0.29003 -0.35008 -0.87106 0.37489 -0.31736 -0.92089 0.29275 -0.2574 -0.91066 0.32775 -0.25155 -0.97162 0.23155 -0.0484 -0.9454 0.3163 -0.0786 -0.92279 0.37881 -0.07049 -0.9438 0.32952 -0.02588 -0.97908 0.20334 -0.00707 -0.96643 0.25678 0.00842 -0.92192 0.37929 -0.07878 -0.9819 0.18907 0.01118 -0.98604 0.16546 0.01876 -0.95833 0.23499 -0.16243 -0.94664 0.27212 -0.1727 -0.74265 0.55933 -0.36827 -0.72298 0.59279 -0.35482 -0.79809 0.51531 -0.31226 -0.79756 0.51637 -0.31185 -0.84598 0.47607 -0.24015 -0.89852 0.42498 -0.10978 -0.89447 0.43399 -0.10755 -0.88785 0.45831 -0.0408 -0.2979 0.68917 -0.66053 -0.3004 0.68435 -0.6644 -0.27304 0.54102 -0.79546 -0.51431 0.60499 -0.60784 -0.04919 0.76981 -0.63638 -0.00449 0.89175 -0.45251 -0.04605 0.98209 -0.18268 -0.09384 0.50417 -0.85849 -0.07798 0.81236 -0.57792 -0.12053 0.87673 -0.46564 0.00394 0.61939 -0.78507 -0.17421 0.9677 -0.18222 -0.16389 0.69918 -0.6959 -0.28288 0.90881 -0.30665 -0.20226 0.77098 -0.60389 -0.25718 0.88835 -0.38038 -0.5149 0.60622 -0.60612 -0.46115 0.7042 -0.53986 -0.50081 0.80191 -0.32577 -0.38262 0.69434 -0.6095 -0.38348 0.84954 -0.36226 -0.41803 0.64394 -0.64078 -0.41187 0.81534 -0.40693 -0.38511 0.8507 -0.35776 -0.57133 0.61659 -0.54166 -0.585 0.64151 -0.49623 -0.54954 0.72389 -0.41712 -0.57154 0.78665 -0.2335 -0.67667 0.55159 -0.48772 -0.63304 0.64851 -0.42274 -0.65168 0.65678 -0.37941 -0.62578 0.75414 -0.19917 -0.58314 0.77497 -0.24364 -0.49054 0.81358 -0.31219 -0.39594 0.81256 -0.42775 -0.05325 0.23732 -0.96997 -0.07811 0.07425 -0.99418 -0.30171 0.05436 -0.95185 -0.26215 0.18249 -0.94762 -0.20306 0.00266 -0.97916 -0.4383 0.03805 -0.89803 -0.39498 0.20988 -0.8944 -0.48405 0.04222 -0.87402 -0.56648 0.03331 -0.8234 -0.59026 0.09812 -0.80122 -0.63141 -0.00084 -0.77545 -0.68963 -0.00055 -0.72416 -0.73942 0.06683 -0.66992 -0.763 0.02081 -0.64606 -0.82127 -0.0008 -0.57053 -0.85862 0.04094 -0.51098 -0.54427 0.17114 -0.82127 -0.63934 0.16383 -0.75127 -0.7023 0.05185 -0.70999 -0.59392 0.27707 -0.75531 -0.46937 0.30345 -0.82922 -0.56469 0.4095 -0.71655 -0.5533 0.39357 -0.73414 -0.47921 0.51016 -0.71421 -0.09342 0.37655 -0.92167 -0.20797 0.32574 -0.9223 -0.16468 0.41999 -0.89246 -0.30359 0.40265 -0.86354 -0.31528 0.38767 -0.8662 -0.40757 0.3507 -0.84314 -0.3984 0.36593 -0.84105 -0.50114 0.35889 -0.78743 -0.65638 0.32672 -0.68002 -0.66633 0.3002 -0.68256 -0.72868 0.30078 -0.61526 -0.13269 0.02512 -0.99084 -0.65114 0.24963 -0.71673 -0.7195 0.14346 -0.67951 -0.7698 0.13971 -0.62281 -0.78301 0.11729 -0.61084 -0.82851 0.10688 -0.54968 -0.98866 0.09071 -0.11972 -0.97897 0.04104 -0.19983 -0.96454 0.11876 -0.23569 -0.94478 0.14425 -0.29424 -0.92709 0.19551 -0.31983 -0.90677 0.21008 -0.36556 -0.87663 0.26859 -0.39922 -0.83802 0.28138 -0.46749 -0.76989 0.37704 -0.51489 -0.76196 0.23847 -0.60212 -0.7915 0.24617 -0.5594 -0.87503 0.00989 -0.48397 -0.67108 0.70787 -0.22039 -0.76236 0.36521 -0.53425 -0.6598 0.47973 -0.57838 -0.6613 0.47572 -0.57998 -0.40666 0.50594 -0.76069 -0.38854 0.53912 -0.74725 -0.06361 0.32895 -0.9422 -0.00964 0.38913 -0.92113 -0.0384 0.11324 -0.99283 0.06446 -0.08048 -0.99467 0.85549 0.01068 -0.5177 0.92389 0.01506 -0.38237 0.98045 -0.04094 -0.19246 0.98861 -0.09365 -0.11778 0.9831 -0.1792 -0.03737 0.15345 -0.88321 -0.44316 0.03449 -0.99701 -0.06916 0.03977 -0.81286 -0.5811 0.02624 -0.67302 -0.73916 0.02593 -0.67178 -0.7403 0.12311 -0.79358 -0.59589 0.03316 -0.72058 -0.69258 0.02253 -0.89197 -0.45153 0.04315 -0.97095 -0.23537 0.50425 -0.78711 -0.35523 0.57792 -0.71015 -0.40211 0.29217 -0.76744 -0.57069 0.34274 -0.76045 -0.55158 0.13496 -0.58787 -0.79762 0.3301 -0.61126 -0.7193 0.21423 -0.47735 -0.8522 0.04916 -0.2348 -0.9708 0.02619 -0.35771 -0.93346 0.01812 -0.33765 -0.9411 0.02591 -0.36073 -0.93231 0.04315 -0.43531 -0.89925 0.04617 -0.56269 -0.82538 0.1489 -0.66386 -0.73289 0.54866 -0.02478 -0.83568 0.54611 -0.03044 -0.83716 0.44539 -0.04475 -0.89422 0.45073 -0.03495 -0.89197 0.48794 -0.25633 -0.83439 0.48097 -0.27143 -0.83366 0.47915 -0.50764 -0.71604 0.36895 -0.49917 -0.78403 0.26408 -0.27512 -0.92443 0.12827 0.00275 -0.99174 0.15163 -0.16285 -0.97493 0.13098 -0.12144 -0.98392 0.40843 -0.57157 -0.71168 0.28886 -0.47837 -0.82929 0.28346 -0.318 -0.90473 0.27498 -0.16004 -0.94804 0.34439 -0.02843 -0.9384 0.27943 -0.09246 -0.9557 0.21776 -0.01902 -0.97582 0.02055 -0.16531 -0.98603 0.06256 -0.07859 -0.99494 0.90388 -0.32209 -0.28151 0.59956 -0.453 -0.65979 0.68973 -0.4855 -0.53718 0.68455 -0.49658 -0.53366 0.77411 -0.43085 -0.46381 0.75171 -0.48626 -0.44552 0.81112 -0.28904 -0.50848 0.59073 -0.24153 -0.76987 0.70435 -0.30796 -0.63957 0.69188 -0.37123 -0.61927 0.75847 -0.25347 -0.6004 0.57926 -0.34703 -0.73758 0.96344 0.01042 -0.26773 0.86183 0.01769 -0.5069 0.78562 -0.03519 -0.61771 0.61812 0.00513 -0.78607 0.66417 -0.03261 -0.74687 0.73315 0.0193 -0.67979 0.72493 -0.01846 -0.68858 0.80241 0.02677 -0.59617 0.55569 -0.16783 -0.81427 0.66382 -0.18124 -0.7256 0.67855 -0.10788 -0.72659 0.76215 -0.20213 -0.61504 0.8095 -0.09322 -0.57968 0.9788 -0.19555 -0.06093 0.979 -0.2038 -0.00485 0.92265 -0.38438 -0.03119 0.97906 -0.19369 -0.06263 0.93474 -0.35237 -0.04581 0.95307 -0.3013 -0.02947 0.94023 -0.1149 -0.32057 0.96806 -0.14821 -0.20224 0.95479 -0.223 -0.19657 0.96359 -0.22676 -0.14171 0.98205 -0.14365 -0.12225 0.97287 -0.13354 -0.18893 0.979 -0.07458 -0.18971 0.95524 -0.02934 -0.29438 0.98745 -0.00194 -0.15795 0.94926 -0.29328 -0.11351 0.95919 -0.27798 -0.05172 0.99413 -0.09811 -0.04568 0.97259 -0.21377 -0.09153 0.93289 -0.34226 -0.11209 0.92756 -0.37126 -0.04246 0.89128 -0.4498 -0.05747 0.14287 -0.3603 -0.92183 0.25501 -0.80753 -0.53186 0.21501 -0.93749 -0.27366 0.34253 -0.86391 -0.36923 0.63614 -0.76568 -0.09521 0.6465 -0.75622 -0.10083 0.71161 -0.69732 -0.08582 0.02792 -0.90595 -0.42245 0.13591 -0.9264 -0.35117 0.28496 -0.93555 -0.20868 0.41135 -0.89678 -0.16305 0.41411 -0.89488 -0.16645 0.49981 -0.85612 -0.13135 0.55047 -0.82918 -0.09719 0.57949 -0.80667 -0.11613 0.70804 -0.70126 -0.08315 0.76229 -0.64403 -0.06426 0.77374 -0.62934 -0.0725 0.81461 -0.57754 -0.05354 0.84446 -0.53125 -0.06826 0.89608 -0.43983 -0.06001 0.91326 -0.32506 -0.24556 0.93473 -0.19629 -0.29623 0.85711 -0.36491 -0.36358 0.86661 -0.00486 -0.49897 0.90958 -0.34934 -0.225 0.90647 -0.33901 -0.25175 0.87826 -0.30128 -0.37133 0.89646 -0.1933 -0.39874 0.8813 -0.14287 -0.45044 0.86735 0.0106 -0.49758 0.85137 -0.4807 -0.20999 0.81937 -0.40467 -0.40605 0.68246 -0.62689 -0.37584 0.65359 -0.67396 -0.34438 0.74599 -0.58719 -0.31419 0.73726 -0.6021 -0.30647 0.80589 -0.52547 -0.27282 0.86148 -0.49642 -0.10686 0.3669 -0.25795 -0.89378 0.37429 -0.26782 -0.88779 0.50083 -0.55004 -0.6683 0.48627 -0.67712 -0.55231 0.89698 -0.42543 -0.12017 0.91332 -0.38206 -0.14099 0.86088 -0.45955 -0.21842 0.83331 -0.40509 -0.37618 0.84312 -0.21459 -0.49304 0.48535 -0.86626 -0.11843 0.20642 -0.59123 -0.77964 0.31625 -0.68695 -0.65428 0.92364 0.01253 -0.38307 0.94284 -0.1056 -0.31608 0.93188 -0.08364 -0.35299 0.93823 -0.19486 -0.28593 0.93306 -0.21679 -0.28706 0.94628 -0.24772 -0.20784 0.92053 -0.34233 -0.18825 0.1417 -0.35779 -0.92299 0.23602 -0.29597 -0.92558 0.42247 -0.75076 -0.50782 0.41228 -0.77182 -0.48407 0.47885 -0.83508 -0.27082 0.59304 -0.77162 -0.23001 0.69643 -0.70081 -0.15441 0.78161 -0.60412 -0.15532 0.76595 -0.62884 -0.13374 0.83468 -0.53075 -0.14702 0.5219 -0.67989 -0.51515 0.64007 -0.49462 -0.58792 0.80038 -0.52289 -0.29322 0.83427 -0.5457 -0.07882 -0.7896 -0.54413 -0.28366 -0.04262 -0.06279 -0.99712 -0.04399 -0.26673 -0.96277 -0.98714 -0.15989 -0.00012 -0.98404 -0.01539 -0.1773 -0.98213 -0.05344 -0.18045 -0.98861 -0.09815 -0.11409 -0.98795 -0.10506 -0.11362 -0.98349 -0.01231 -0.18053 -0.98418 0.00289 -0.17717 -0.88542 0.00536 -0.46476 -0.58042 -0.00548 -0.8143 -0.63359 -0.05215 -0.77191 -0.04463 -0.06461 -0.99691 -0.12956 -0.01624 -0.99144 -0.19801 -0.07709 -0.97716 -0.2286 -0.01028 -0.97347 -0.36873 -0.03227 -0.92898 -0.02995 -0.99822 -0.05165 -0.29476 -0.92762 -0.22942 -0.36764 -0.90822 -0.19995 -0.23702 -0.88896 -0.39189 -0.14382 -0.78331 -0.60477 -0.03484 -0.69259 -0.72049 -0.0313 -0.70627 -0.70725 -0.05208 -0.85081 -0.52289 -0.03688 -0.95009 -0.30979 -0.04234 -0.968 -0.24734 -0.03965 -0.98411 -0.17306 -0.03327 -0.99698 -0.07015 -0.36995 -0.90644 -0.2037 -0.4824 -0.67616 -0.55686 -0.51324 -0.53823 -0.6685 -0.39826 -0.81669 -0.41763 -0.27934 -0.69532 -0.6622 -0.26819 -0.72786 -0.6311 -0.16923 -0.59586 -0.78506 -0.02998 -0.46991 -0.8822 -0.13137 -0.64989 -0.74859 -0.15398 -0.43886 -0.88526 -0.13792 -0.38813 -0.91123 -0.38532 -0.56353 -0.73073 -0.45526 -0.63107 -0.62808 -0.24992 -0.60591 -0.75526 -0.25422 -0.37253 -0.89252 -0.02087 -0.42244 -0.90615 -0.02534 -0.43548 -0.89984 -0.04259 -0.35196 -0.93505 -0.38155 -0.78302 -0.49122 -0.31698 -0.81161 -0.49073 -0.29687 -0.5546 -0.77736 -0.35016 -0.61095 -0.71002 -0.14946 -0.89236 -0.42585 -0.15151 -0.89805 -0.41297 -0.19021 -0.69911 -0.68925 -0.04065 -0.60035 -0.7987 -0.04078 -0.5489 -0.83489 -0.55732 -0.00731 -0.83027 -0.48459 -0.04932 -0.87335 -0.45024 -0.02317 -0.89261 -0.36448 -0.04375 -0.93018 -0.79321 -0.45483 -0.4049 -0.71963 -0.45774 -0.52212 -0.70256 -0.48202 -0.52352 -0.65271 -0.47547 -0.58983 -0.63138 -0.50472 -0.58875 -0.54344 -0.49602 -0.67722 -0.51429 -0.54042 -0.66592 -0.33208 -0.32579 -0.8852 -0.24019 -0.34153 -0.90866 -0.90559 -0.10512 -0.41092 -0.90366 -0.10273 -0.41574 -0.77222 -0.30843 -0.55547 -0.77203 -0.30797 -0.55599 -0.68382 -0.26614 -0.67939 -0.64811 -0.3319 -0.68542 -0.60535 -0.2742 -0.74724 -0.4994 -0.24861 -0.82994 -0.78064 -0.42304 -0.46003 -0.54537 -0.34456 -0.7641 -0.46146 -0.37441 -0.80428 -0.41684 -0.31978 -0.85087 -0.35274 -0.35518 -0.86569 -0.15089 -0.1828 -0.9715 -0.01317 -0.18201 -0.98321 -0.65508 -0.00699 -0.75553 -0.73194 -0.00127 -0.68136 -0.7424 -0.01143 -0.66986 -0.04163 -0.11951 -0.99196 -0.12866 -0.14833 -0.98053 -0.24263 -0.1455 -0.95915 -0.25976 -0.16958 -0.95067 -0.32813 -0.11278 -0.93787 -0.38961 -0.18358 -0.9025 -0.41622 -0.13785 -0.89875 -0.51375 -0.20208 -0.8338 -0.55224 -0.03702 -0.83286 -0.61063 -0.13392 -0.78051 -0.69934 -0.19598 -0.6874 -0.7366 -0.11052 -0.66724 -0.76953 -0.15977 -0.6183 -0.96996 -0.23889 -0.04602 -0.95756 -0.28467 -0.04524 -0.96095 -0.06711 -0.26847 -0.96056 -0.06967 -0.26922 -0.96285 -0.18342 -0.19816 -0.96248 -0.18515 -0.19836 -0.98081 -0.11786 -0.15528 -0.95439 0.00722 -0.29849 -0.95338 -0.00166 -0.30175 -0.89165 -0.44721 -0.07047 -0.95041 -0.30913 -0.034 -0.97682 -0.21369 -0.01257 -0.50353 -0.85143 -0.14674 -0.52005 -0.8464 -0.11471 -0.58705 -0.80542 -0.08166 -0.63492 -0.76457 -0.11092 -0.66659 -0.74133 -0.07797 -0.72693 -0.68124 -0.08652 -0.73347 -0.67543 -0.07623 -0.79108 -0.60985 -0.04768 -0.83081 -0.55215 -0.06989 -0.84306 -0.53545 -0.05045 -0.90913 -0.41604 -0.01978 -0.9325 -0.34657 -0.10167 -0.89241 -0.41646 -0.17369 -0.86245 -0.47245 -0.18156 -0.87762 -0.43567 -0.19992 -0.9088 -0.27214 -0.31627 -0.7778 -0.61793 -0.11481 -0.79482 -0.59176 -0.13448 -0.85287 -0.50998 -0.11194 -0.85238 -0.51048 -0.11342 -0.51506 -0.79336 -0.32449 -0.5902 -0.80167 -0.09483 -0.6604 -0.71481 -0.23003 -0.69999 -0.69559 -0.16179 -0.92436 -0.3691 -0.09653 -0.90378 -0.41743 -0.09449 -0.80816 -0.54474 -0.22391 -0.98569 -0.16332 -0.04181 -0.9904 -0.13785 -0.00986 -0.8414 -0.45803 -0.28678 -0.86016 0.00525 -0.51 -0.88293 -0.01019 -0.46939 -0.63178 -0.65772 -0.4102 -0.71751 -0.61025 -0.33581 -0.71609 -0.60952 -0.34013 -0.78827 -0.54759 -0.28068 -0.7691 -0.52672 -0.362 -0.80475 -0.40001 -0.43859 -0.84597 -0.40843 -0.34282 -0.8395 -0.26939 -0.47187 -0.86208 -0.29762 -0.41018 -0.8357 -0.15117 -0.52797 -0.83068 -0.14315 -0.53804 -0.56089 -0.71793 -0.41228 -0.66333 -0.71096 -0.2335 -0.86407 -0.15697 -0.47828 -0.88119 -0.25943 -0.39523 -0.89546 -0.36126 -0.26009 -0.88482 -0.35925 -0.2967 -0.73705 -0.65187 -0.17838 -0.93145 -0.36243 -0.03222 -0.94872 -0.31389 -0.03737 -0.91579 0.04299 -0.39935 -0.93806 -0.08633 -0.33554 -0.93236 -0.11144 -0.34394 -0.94663 -0.18086 -0.26679 -0.93417 -0.24266 -0.2616 -0.93871 -0.28109 -0.19952 -0.92224 -0.34767 -0.16912 -0.95976 -0.25255 -0.12279 -0.95257 -0.27859 -0.12251 -0.97427 -0.20815 -0.08644 -0.98074 -0.17745 -0.08159 -0.99169 -0.11993 -0.04664 -0.02955 -0.2098 -0.9773 -0.44447 -0.88746 -0.12191 -0.45901 -0.77684 -0.43108 -0.49466 -0.81475 -0.30248 -0.59056 -0.6392 -0.49261 -0.79711 -0.02744 -0.60321 -0.81173 0.02971 -0.58328 0.99969 -0.00053 -0.02505 0.99399 0.10766 0.01983 0.99664 0.08042 0.01562 0.99479 -0.10174 0.00612 0.9985 -0.05442 0.00562 0.99226 0.03026 -0.12045 0.99851 0.00206 -0.05455 0.99755 0.00266 -0.06987 0.98543 0.03057 -0.16734 0.99395 -0.00709 -0.10964 0.99568 -0.01534 -0.09162 0.99388 -0.09897 -0.04909 0.99855 -0.01641 -0.05125 0.9995 -0.00231 -0.03165 0.99885 0.01763 -0.04462 0.99779 -0.0646 -0.01566 0.99897 0.04457 0.00812 0.99389 0.10816 -0.0222 0.99966 0.01521 0.02118 0.99995 0.00193 -0.00953 0.99846 -0.05544 -0.0027 0.99979 0.01094 -0.0175 0.99378 0.09115 -0.06401 -0 1 0 0 1 0 -1E-05 1 0 -0 1 0 -0 1 0 -0 1 0 0 1 0 -0 1 0 0.00421 0.99999 0.00101 -0 1 0 -0 1 0 -0 1 -0 -0 1 0 -0 1 1E-05 1E-05 1 2E-05 6E-05 1 -0 0 1 -1E-05 0 1 0 0 1 1E-05 3E-05 1 0 -0 1 -1E-05 -9E-05 1 7E-05 1E-05 1 1E-05 -4E-05 1 3E-05 -0 1 -0 -0 1 0 -0 1 -0 0 1 0 -2E-05 1 4E-05 -1E-05 1 -0 0 1 -5E-05 0.00012 1 0 1E-05 1 -2E-05 9E-05 1 0 1E-05 1 -0 0 1 0 0 1 0 0 1 0 -0 1 -0 3E-05 1 -3E-05 0 1 -0 -0.00452 0.99999 -0.00291 -0 1 0 -0 1 -0 0 1 0 0 1 0 -0 1 0 -1E-05 1 -1E-05 0 1 0 0 1 0 -0 1 1E-05 -1E-05 1 1E-05 0 1 -1E-05 -0 1 -2E-05 -0 1 0 0 1 2E-05 -0 1 0 0 1 -0 0 1 1E-05 -0 1 -0 -0 1 0 -0.99747 0.00647 -0.07076 -0.99712 -0.07486 -0.01201 -0.99575 0.08911 0.02337 -0.99736 0.0702 0.01847 -0.98683 0.04929 -0.15407 -0.99736 0.03997 -0.0607 -0.9987 0.00519 -0.05073 -0.99959 0.00013 -0.02876 -0.99609 0.00343 -0.08828 -0.99641 -0.00601 -0.08447 -0.99738 -0.00703 -0.07206 -0.99862 -0.01638 -0.0498 -0.99722 -0.07273 -0.01652 -0.99985 -0.01399 -0.01047 -0.99832 -0.05711 0.01002 -0.99793 -0.06369 0.0084 -0.99939 0.02938 -0.01863 -0.99923 -0.02332 -0.03156 -0.99954 0.02613 -0.01536 -0.99993 -0.00091 0.01147 -0.99635 0.08461 -0.01095 0.00017 -0.88535 0.46492 -6E-05 -0.8856 0.46444 6E-05 -0.88544 0.46475 0.00052 -0.8847 0.46616 -0.00136 -0.88735 0.46109 0.00049 -0.88392 0.46764 -0.00043 -0.88669 0.46237 -0.00082 -0.88579 0.46409 -0.00019 -0.88547 0.4647 -0.00103 -0.88599 0.4637 0.0026 -0.88319 0.46902 -0.00122 -0.88651 0.46271 2E-05 -0.88541 0.46482 -6E-05 -0.88545 0.46474 6E-05 -0.88538 0.46487 0.00012 -0.88533 0.46496 2E-05 -0.88542 0.46479 6E-05 -0.88538 0.46487 0.00032 -0.88504 0.46551 -0.00012 -0.88559 0.46447 0.00019 -0.88529 0.46503 0.00013 -0.88538 0.46488 -9E-05 -0.88569 0.46427 -0.00015 -0.88581 0.46404 -6E-05 -0.88559 0.46448 0 -0.88548 0.46468 0 -0.88548 0.46468 -4E-05 -0.88546 0.46471 9E-05 -0.8855 0.46463 0.00044 -0.8856 0.46445 0.00116 -0.88577 0.46413 -3E-05 -0.88546 0.46471 -3E-05 -0.88542 0.46479 -2E-05 -0.88544 0.46475 -2E-05 -0.88545 0.46474 0 -0.88547 0.46469 2E-05 -0.88549 0.46465 1E-05 -0.88548 0.46467 -1E-05 -0.88547 0.46469 -0.97831 0.20673 -0.01283 -0.95061 0.31013 0.01283 -0.70244 0.71148 -0.0193 -0.55275 0.83292 0.02675 -0.11196 0.99335 -0.02675 0.11196 0.99335 0.02675 0.52876 0.84844 -0.02357 0.70244 0.71147 0.01982 0.90881 0.41674 -0.01982 0.97125 0.23742 0.01743 0.97831 -0.20673 -0.01283 0.96864 -0.24844 -0.00257 0.77036 -0.63755 0.00835 0.74072 -0.6718 -0.00264 0.38701 -0.922 -0.01155 0.23453 -0.97174 0.02675 -0.18029 -0.9834 -0.02056 -0.387 -0.92199 0.01296 -0.5823 -0.81291 -0.01008 -0.74066 -0.67174 0.01382 -0.90881 -0.41674 -0.01982 -0.97125 -0.23742 0.01743 -0.99202 0.00741 0.12584 -0.99608 0.01542 0.08714 -0.96591 -0.0054 0.25882 -0.90624 -0.01092 0.42263 -0.81915 -0.00099 0.57357 -0.74384 0.01646 0.66815 -0.70707 0.00772 0.7071 -0.57357 -0.00564 0.81914 -0.42263 -0.0037 0.90629 -0.2801 0.01133 0.9599 -0.25884 0.00772 0.96589 -0.08713 -0.00565 0.99618 0.08713 -0.00371 0.99619 0.23748 0.01133 0.97133 0.25884 0.00773 0.96589 0.42263 -0.00564 0.90628 0.57357 -0.0037 0.81915 0.6913 0.01132 0.72248 0.70707 0.00772 0.7071 0.81914 -0.00565 0.57356 0.90629 -0.00371 0.42265 0.95213 0.0087 0.30557 0.96592 0.00271 0.25882 0.99619 -0.00356 0.08715 0.99519 0.00597 -0.09783 0.99617 0.00772 -0.08715 0.96591 -0.00564 -0.25882 0.9063 -0.0037 -0.42262 0.83155 0.01132 -0.55533 0.81913 0.00772 -0.57356 0.70708 -0.00565 -0.70711 0.57357 -0.0037 -0.81915 0.44252 0.01132 -0.89669 0.42263 0.00772 -0.90627 0.25884 -0.00565 -0.9659 0.08713 -0.0037 -0.99619 -0.09346 0.01411 -0.99552 -0.08712 0.01542 -0.99608 -0.25885 -0.00541 -0.9659 -0.42261 -0.01093 -0.90624 -0.57358 -0.00098 -0.81915 -0.66813 0.01646 -0.74386 -0.70707 0.00772 -0.7071 -0.81914 -0.00565 -0.57356 -0.9063 -0.00371 -0.42262 -0.95213 0.0087 -0.30557 -0.96592 0.00271 -0.25882 -0.99619 -0.00356 -0.08715 -0.99601 0.08898 -0.00614 -0.99623 0.0864 -0.00733 -0.98188 0.18913 0.01158 -0.95301 0.30261 -0.014 -0.95476 0.29714 -0.01217 -0.94062 0.33945 -0.00264 -0.89342 0.44923 0.00102 -0.86009 0.50959 -0.02353 -0.83799 0.54567 -0.0038 -0.79218 0.61027 0.0045 -0.7278 0.68567 -0.01302 -0.70897 0.70468 -0.02799 -0.58362 0.81203 0.00228 -0.65403 0.75647 0.00112 -0.5017 0.86494 -0.01351 -0.51976 0.85389 -0.02706 -0.38706 0.92202 0.00794 -0.30767 0.95102 -0.03014 -0.26313 0.96476 -0.00105 -0.19885 0.98002 0.00417 -0.07498 0.997 -0.0193 -0.10839 0.99284 -0.05019 -0.01883 0.99982 -0.00054 0.03342 0.99937 0.01181 0.17264 0.98482 -0.01812 0.15554 0.9872 -0.03526 0.25623 0.96657 0.009 0.34857 0.93727 0.00451 0.43049 0.90196 -0.03396 0.41849 0.90793 -0.02311 0.50663 0.86215 0.00604 0.58437 0.81148 -0.00353 0.60534 0.7958 -0.01628 0.66049 0.75083 -0.00045 0.72465 0.68882 -0.02017 0.74142 0.67099 -0.00759 0.80434 0.59415 0.00472 0.84543 0.53379 -0.01783 0.87753 0.47951 -0.00203 0.9168 0.39925 -0.00912 0.92148 0.38826 -0.01173 0.95372 0.30063 0.00618 0.98304 0.18273 -0.01528 0.9815 0.19117 -0.01018 0.99659 0.08193 0.00929 0.9996 -0.02718 -0.00818 0.98211 -0.1882 -0.00616 0.9492 -0.31437 -0.0136 0.92971 -0.36828 0.00262 0.89013 -0.45571 -0.0004 0.86574 -0.5002 -0.01745 0.83096 -0.55632 0.00124 0.77204 -0.6355 -0.01008 0.77482 -0.63206 -0.0127 0.70665 -0.7075 0.00984 0.65148 -0.75866 -0.00402 0.6188 -0.78511 -0.02607 0.57918 -0.8152 -0.00183 0.49983 -0.8661 0.0059 0.43404 -0.90071 -0.01831 0.41293 -0.91074 -0.00616 0.28122 -0.95963 -0.00428 0.2962 -0.95498 -0.01689 0.15776 -0.98743 0.00961 0.0691 -0.99705 -0.03355 0.02303 -0.99973 -0.00273 -0.01848 -0.99978 0.00977 -0.14581 -0.98931 -0.00176 -0.18751 -0.98181 -0.02971 -0.26021 -0.96555 0.00223 -0.378 -0.92579 -0.00487 -0.39071 -0.92041 -0.01415 -0.5056 -0.86277 0.00246 -0.53786 -0.84281 -0.01913 -0.63473 -0.77268 0.00949 -0.69153 -0.72213 -0.01796 -0.72906 -0.68444 0.0036 -0.80178 -0.59731 -0.01935 -0.83103 -0.55615 0.00995 -0.91154 -0.41086 -0.01701 -0.90941 -0.41537 -0.0211 -0.9451 -0.32676 0.00378 -0.97922 -0.2026 -0.00872 -0.97108 -0.23875 -0.0023 0.9995 -0.00044 0.03168 0.99736 0.00175 0.07253 0.99916 -0.00199 0.04084 0.99236 0.00177 0.12335 0.9621 0.00202 0.2727 0.97015 -0.00127 0.2425 0.82191 -0.00296 0.56961 0.80435 0.00099 0.59415 0.89061 0.0001 0.45476 0.89621 -0.00132 0.44364 0.74741 0.00268 0.66436 0.66206 -0.00213 0.74944 0.66075 -0.0019 0.7506 0.54093 0.00401 0.84106 0.33949 0.00356 0.9406 0.36729 -0.00066 0.93011 0.48218 -0.00316 0.87607 0.23886 -0.00089 0.97105 0.21996 0.00139 0.97551 0.09571 0.00022 0.99541 0.07889 0.00274 0.99688 -0.11498 0.00104 0.99337 -0.10252 0.00329 0.99473 -0.27127 -0.00337 0.9625 -0.34809 0.00581 0.93744 -0.46126 -0.00344 0.88726 -0.5615 0.00429 0.82747 -0.60539 -0.00168 0.79593 -0.74123 0.00209 0.67125 -0.73442 0.00363 0.67868 -0.81498 -0.00222 0.57948 -0.89972 -0.00131 0.43647 -0.88157 0.00338 0.47205 -0.97502 -0.0008 0.2221 -0.96868 0.0027 0.24829 -0.99887 -0.00322 0.0474 -0.99924 -0.00068 0.03886 -0.99833 0.00181 0.05769 0.03592 0.93791 0.34503 -0.00888 0.97518 0.22124 0.0088 0.98788 0.15495 -0.00053 0.99639 0.08491 -0.01298 0.91838 0.3955 0.00709 0.94827 0.31739 0.62632 0.63484 -0.45243 0.6236 0.64105 -0.44741 0.70553 0.52005 -0.48143 0.70646 0.51931 -0.48087 0.66085 0.59007 -0.46379 0.6636 0.58788 -0.46263 -0.71636 0.50611 -0.4803 -0.65509 0.58937 -0.47276 -0.63092 0.62271 -0.46278 -0.63097 0.63189 -0.4501 -0.70127 0.52416 -0.4832 -0.6907 0.55066 -0.46872 1E-05 1 -0 1E-05 1 -0 2E-05 1 -0 2E-05 1 7E-05 8E-05 1 -0 0 1 -0.00012 -1E-05 1 3E-05 -0.00077 1 -0.00075 0.00013 1 -0.00087 -0.07724 0.99527 -0.05896 0.042 0.99725 -0.06109 -0.00015 1 -0.00015 -1E-05 1 -0.00018 -7E-05 1 0 -7E-05 1 -0 -5E-05 1 4E-05 -5E-05 1 -4E-05 -0 1 -1E-05 -1E-05 1 -1E-05 -0.60251 -0.0041 -0.7981 0.04355 0.06708 0.9968 -0.09477 -0.02164 0.99526 -0.48222 0.03038 0.87552 -0.42775 0.01271 0.90381 -0.67102 -0.01692 0.74125 -0.86137 -0.00831 0.50792 -0.94335 0.02419 0.33091 -0.98887 -0.00199 0.14878 -0.9686 0.00356 -0.2486 -0.97497 0.00913 -0.22215 -0.82284 -0.00615 -0.56824 -0.71604 0.00776 -0.69802 -0.39257 0.01077 -0.91966 -0.22274 -0.00821 -0.97484 0.08524 0.01241 -0.99628 0.42782 -0.00607 -0.90384 0.15516 0.00112 -0.98789 0.71453 -0.01098 -0.69952 0.58291 0.02765 -0.81207 0.87214 -0.01244 -0.4891 0.92781 0.05936 -0.36829 -0.42968 -0.40102 0.80905 -0.49398 0.27595 0.82452 0.49407 0.3164 0.80981 -0.0759 0.80517 0.58816 0.2229 0.79813 0.55973 0.06012 0.47788 0.87637 0.0416 0.28125 0.95873 0.00016 1 -0.00012 0.00503 0.99991 -0.01206 -1E-05 1 -0 -1E-05 1 -1E-05 -0 1 -0 -0 1 0 -0 1 0 -1E-05 1 -0 -1E-05 1 -0 0 1 -3E-05 -6E-05 1 -1E-05 2E-05 1 9E-05 -4E-05 1 9E-05 -0.00365 0.99999 -0.002 -0.00065 1 0.00137 -0.00094 1 -4E-05 -6E-05 1 2E-05 -0 1 -1E-05 0 1 -1E-05 0 1 -1E-05 0 1 1E-05 0.71193 0.51222 0.48039 -0.61642 0.35205 -0.70433 -0.09525 0.44658 -0.88966 -0.1127 0.36361 -0.92471 -0.61831 -0.54052 0.57056 -0.38252 -0.91842 -0.10093 0.73454 0.39273 0.55336 0.8045 0.31775 0.50181 0.82151 0.52146 0.23064 0.86127 0.43222 0.2672 0.80518 0.52588 0.27409 0.51425 0.31564 0.79745 0.62857 -0.31226 0.71231 0.87312 0.48433 -0.05552 0.123 0.4612 -0.87873 0.34088 0.46476 -0.81719 -0.7022 -0.4319 -0.56602 -0.76291 -0.56043 0.32232 -0.09752 0.48488 -0.86913 -0.21303 0.9662 0.14519 -0.31319 0.94899 -0.03648 -0.46373 0.42345 -0.77823 -0.51529 0.72783 -0.45248 -0.75295 0.6478 0.11585 -0.61751 0.78423 0.06058 -0.75927 0.42623 -0.49176 -0.37985 0.89891 0.21837 -0.75109 0.469 -0.46466 -0.41771 0.64182 -0.64311 -0.44077 0.77152 0.45878 -0.82528 0.38637 0.41186 -0.48597 0.83066 0.27173 -0.70929 0.58059 0.39977 -0.6216 0.76361 0.17467 -0.00077 1 -0.00061 0.00172 1 -0.00034 0.00125 1 0.00152 2E-05 1 2E-05 1E-05 1 -1E-05 -0 1 -1E-05 0 1 -1E-05 0 1 -1E-05 3E-05 1 -3E-05 2E-05 1 1E-05 -1E-05 1 3E-05 -1E-05 1 2E-05 0 1 -1E-05 2E-05 1 1E-05 2E-05 1 -2E-05 0.00183 1 -0.00012 0.00185 1 -8E-05 -0.00676 0.99998 -7E-05 0.0001 1 -0 -0 1 8E-05 -0.72463 0.37489 0.57824 -0.77743 0.2906 0.55781 -0.82621 0.54038 0.15929 -0.48837 0.31849 0.81244 -0.63654 0.46367 0.6163 -0.41828 0.44251 -0.79324 0.33231 0.42022 -0.84439 0.07367 0.42415 -0.90259 -0.02404 0.37807 -0.92546 -0.10117 0.32514 -0.94024 0.27468 0.44559 -0.85205 0.36043 0.04465 -0.93172 0.29163 0.27358 -0.91657 -0.90818 0.40434 0.10825 -0.65593 -0.23921 0.71591 -0.81711 0.34758 0.45992 -0.05926 -0.21622 -0.97454 -0.81814 0.54643 0.17907 0.6252 0.76911 0.13262 0.81866 0.54407 -0.18382 0.55571 0.74225 -0.3745 0.60318 0.79351 -0.08071 0.55237 0.48164 -0.68037 0.3641 0.8576 -0.36326 0.74493 0.65959 -0.10007 0.32628 0.86898 0.37203 0.69387 0.61862 0.36859 0.8016 0.56932 0.18253 0.64755 0.73184 0.21234 0.61194 0.71969 0.32799 0.35133 0.88145 0.31561 0.53325 0.70826 -0.46261 0.00721 0.99994 -0.0088 0.00309 0.99998 -0.00631 0.00561 0.99991 -0.01191 -0.01819 0.99965 -0.01936 -0.04359 0.99881 -0.02181 -0.03434 0.99939 0.00629 0.00465 0.99988 -0.01475 0.02496 0.99968 0.00436 0.03405 0.99925 -0.01863 0.06206 0.99805 -0.00619 0.41187 0.90994 0.04871 0.65309 0.74017 -0.16008 0.70073 0.42906 -0.56999 0.02918 0.37748 -0.92556 0.1087 0.3147 -0.94295 0.14956 0.39155 -0.90792 0.2849 0.32551 -0.9016 0.74353 0.33133 -0.58085 0.82628 0.31754 -0.46521 0.79679 0.42339 -0.43113 0.8773 0.37833 -0.29531 0.85377 0.41382 -0.31597 0.84315 0.53735 -0.01896 0.9077 0.41018 0.08852 0.7671 0.63091 0.11622 0.79115 0.53383 0.29851 0.50284 0.71793 0.48139 0.51781 0.70176 0.4893 0.42962 0.71372 0.5532 0.03782 0.98405 -0.17384 0.02933 0.75488 0.6552 0.09952 0.8394 0.53432 0.09817 0.81654 0.56888 0.10645 0.9943 0.00651 0.16857 0.98561 0.0126 0.1987 0.97989 -0.01829 0.48743 0.85239 -0.18932 0.46843 0.79892 -0.37722 0.40993 0.79198 -0.45247 0.73197 0.34924 -0.58502 0.46548 0.80291 -0.37238 0.61166 0.69519 -0.3776 0.75407 0.41735 -0.50715 0.73983 0.67169 -0.03847 0.84983 0.5268 -0.0164 0.80088 0.59872 0.01138 0.79377 0.59941 0.10315 0.80628 0.5779 0.12624 0.76993 0.6073 0.19596 0.71606 0.6311 0.29828 0.67833 0.65597 0.33102 0.68398 0.63584 0.3576 0.60754 0.6568 0.44666 0.59246 0.67559 0.43883 0.08692 0.80309 0.58948 0.21349 0.80426 0.55461 0.22341 0.79097 0.56961 0.33254 0.76856 0.54656 0.34483 0.79589 0.49765 0.54082 0.77359 0.33026 0.63744 0.70697 0.30637 0.7025 0.68413 0.19611 0.67563 0.7361 -0.04091 0.66651 0.74461 -0.0363 0.65252 0.75776 0.00341 0.09226 0.91376 0.39564 0.07427 0.9041 0.42083 0.18327 0.88083 0.43653 0.1812 0.88278 0.43344 0.28696 0.87198 0.39662 0.32034 0.84409 0.42999 0.38765 0.85033 0.35591 0.43412 0.81525 0.38328 0.50024 0.81006 0.30587 0.5888 0.78286 0.2011 0.66305 0.7288 0.17094 0.64302 0.758 0.10938 0.68509 0.72489 0.07207 0.63974 0.72022 -0.26836 0.66341 0.65479 -0.36214 0.68709 0.66132 -0.30092 0.68574 0.60909 -0.39847 0.72004 0.62812 -0.29498 0.7694 0.60725 -0.19819 0.75227 0.63719 -0.1676 0.79799 0.49753 -0.34013 0.13464 0.68204 -0.71881 0.24079 0.6757 -0.69674 0.24236 0.68385 -0.68819 0.33427 0.67578 -0.65695 0.33927 0.69713 -0.63159 0.41864 0.65581 -0.62821 0.43159 0.71611 -0.54855 0.52166 0.71992 -0.4578 0.05842 0.61932 -0.78296 0.11764 0.61402 -0.78048 0.52067 0.64756 -0.55639 0.55302 0.64716 -0.52474 0.55736 0.66063 -0.50291 0.01015 0.579 -0.81526 0.14933 0.57251 -0.80619 0.27319 0.56596 -0.77786 0.27436 0.57366 -0.77178 0.37143 0.59583 -0.71206 0.42182 0.55152 -0.71965 0.44312 0.6123 -0.65478 0.54381 0.55213 -0.632 0.63927 0.52433 -0.56251 0.63721 0.51122 -0.57673 0.54282 0.55367 -0.6315 0.54677 0.47065 -0.69248 0.42336 0.54792 -0.72149 0.41388 0.47802 -0.77473 0.29254 0.52055 -0.80215 0.77158 0.53768 -0.33994 0.79505 0.51399 -0.32204 0.82684 0.51916 -0.21637 0.81917 0.56498 -0.09876 0.77273 0.48026 -0.41502 0.67064 0.72198 -0.17026 0.78793 0.60531 -0.11297 0.88805 0.43628 -0.14501 0.87781 0.46115 -0.12961 0.85027 0.48762 -0.19817 0.79905 0.42006 -0.43019 0.03546 0.47429 -0.87966 0.02624 0.46327 -0.88583 0.14341 0.45241 -0.88021 0.14728 0.45732 -0.87702 0.28741 0.44731 -0.84694 0.31209 0.4006 -0.86146 0.38809 0.38283 -0.83835 0.43573 0.4115 -0.8005 0.45878 0.39659 -0.79513 0.54112 0.38918 -0.74548 0.54554 0.47343 -0.69155 0.64645 0.40574 -0.64612 0.66249 0.45661 -0.59381 0.53399 0.39891 -0.74548 0.62502 0.3302 -0.70733 0.64342 0.41497 -0.64328 0.0259 0.72823 -0.68485 0.09611 0.76719 -0.63418 0.08668 0.73201 -0.67576 0.16185 0.77714 -0.60816 0.22015 0.73931 -0.63637 0.24974 0.77841 -0.57593 0.31631 0.73657 -0.59784 0.34217 0.78101 -0.52245 0.41484 0.73764 -0.53272 0.48364 0.75786 -0.43789 0.48409 0.77041 -0.41489 0.07942 0.97816 0.1921 0.03753 0.9937 0.10561 0.14076 0.97425 0.17611 0.21804 0.96061 0.17233 0.06242 0.99803 -0.00578 0.19822 0.95493 0.22094 0.12102 0.967 0.22419 0.1376 0.98997 0.0319 0.22982 0.97286 0.02705 0.32919 0.94091 0.07952 0.16103 0.98632 0.03523 0.42008 0.90707 -0.02751 0.31883 0.94725 -0.0325 0.33304 0.94291 0.0002 0.4716 0.87916 0.06832 0.52959 0.84593 0.06269 0.53193 0.77325 -0.34515 0.50851 0.814 -0.28076 0.53244 0.80246 -0.26937 0.54037 0.8265 -0.15777 0.46203 0.8807 -0.10433 0.47861 0.87349 -0.08914 0.51565 0.85666 0.01548 0.56673 0.73738 -0.36755 0.53249 0.82767 0.17723 0.43766 0.88216 0.17392 0.43899 0.86778 0.23291 0.36064 0.90792 0.2136 0.33402 0.90548 0.26179 0.02174 0.91364 -0.40595 -0.09919 0.99507 0.00076 -0.11332 0.46742 -0.87674 0.05238 0.9868 0.15321 0.06196 0.65804 -0.75043 0.06653 0.9944 0.08211 -0.72388 0.66398 0.18742 -0.47448 0.80527 -0.35554 -0.70616 0.59089 -0.39012 -0.05888 0.76878 0.6368 -0.39238 0.72621 0.56449 -0.47895 0.69909 0.53092 -0.43808 0.73521 0.51725 -0.50744 0.72385 0.46749 -0.78401 0.54602 0.29528 -0.76946 0.59424 0.23412 -0.8078 0.56821 0.15685 -0.84859 0.50894 0.14447 -0.86741 0.49732 0.01671 -0.85667 0.51349 -0.04937 -0.77818 0.36298 -0.51252 -0.71301 0.40133 -0.57493 -0.67938 0.35302 -0.64329 -0.25201 0.34628 -0.90365 -0.22194 0.39505 -0.89145 -0.06861 0.3499 -0.93427 -0.05967 0.33111 -0.9417 -0.04502 0.79095 -0.61022 -0.26854 0.80147 -0.53436 -0.4663 0.7918 -0.39447 -0.38704 0.79163 -0.47278 -0.51332 0.77353 -0.37169 -0.08287 0.99649 -0.01219 -0.13277 0.9911 0.00952 -0.48986 0.73383 -0.47067 -0.4862 0.76061 -0.4302 -0.84714 0.42515 -0.31876 -0.86957 0.35275 -0.34558 -0.79756 0.44229 -0.41023 -0.77821 0.42639 -0.46106 -0.78343 0.33914 -0.52079 -0.55962 0.64926 -0.51505 -0.38351 0.70047 -0.60188 -0.27431 0.69203 -0.66772 -0.1491 0.68643 -0.71175 -0.06602 0.68356 -0.72691 -0.36442 0.64359 -0.67304 -0.53019 0.63334 -0.56373 -0.55583 0.63067 -0.54158 -0.51461 0.5734 -0.63749 -0.47203 0.59345 -0.65193 -0.40747 0.56291 -0.7191 -0.40274 0.5674 -0.71824 -0.26741 0.56835 -0.77812 -0.27155 0.56334 -0.78033 -0.19108 0.59819 -0.77824 -0.12224 0.53863 -0.83363 -0.05083 0.59719 -0.80049 -0.63941 0.52077 -0.56564 -0.64349 0.51906 -0.56257 -0.60755 0.47539 -0.6363 -0.55822 0.50504 -0.65828 -0.51866 0.42848 -0.73986 -0.43395 0.49758 -0.75107 -0.37614 0.42124 -0.82527 -0.28822 0.49159 -0.82175 -0.21859 0.41628 -0.88257 -0.12635 0.48848 -0.86338 -0.06855 0.43721 -0.89674 -0.70996 0.42614 -0.56068 -0.65159 0.3836 -0.65444 -0.5449 0.37503 -0.74996 -0.533 0.38912 -0.75133 -0.4595 0.34192 -0.81973 -0.3815 0.40077 -0.83297 -0.35825 0.35072 -0.86525 -0.87668 0.4712 -0.09698 -0.86814 0.48134 -0.12102 -0.86577 0.45473 -0.20898 -0.87235 0.44645 -0.19923 -0.85357 0.45787 -0.24852 -0.80007 0.48546 -0.35243 -0.78633 0.47146 -0.39926 -0.61261 0.77679 0.14595 -0.67284 0.7354 -0.08048 -0.66468 0.73882 -0.11111 -0.65475 0.6941 -0.29921 -0.62219 0.7198 -0.30785 -0.61782 0.69954 -0.35908 -0.60276 0.70442 -0.37479 -0.7068 0.70725 0.01526 -0.7306 0.68164 -0.03977 -0.73097 0.66673 -0.14547 -0.69983 0.68129 -0.21467 -0.70591 0.67568 -0.21247 -0.76864 0.55892 -0.31112 -0.78395 0.55857 -0.27096 -0.78096 0.57997 -0.23181 -0.79025 0.57225 -0.21918 -0.7963 0.58441 -0.15612 -0.79418 0.60611 -0.04371 -0.78211 0.6209 -0.05278 -0.76303 0.64223 0.07304 -0.74893 0.65012 0.12822 -0.7061 0.59633 -0.38185 -0.72989 0.59632 -0.33415 -0.77105 0.62287 -0.13231 -0.0826 0.85941 0.50457 -0.18935 0.89604 0.40156 -0.30494 0.85499 0.41953 -0.31107 0.86843 0.3861 -0.37341 0.83755 0.39884 -0.41943 0.8354 0.35523 -0.41882 0.83844 0.34872 -0.54048 0.77799 0.32035 -0.51345 0.81383 0.27213 -0.60715 0.76449 0.21662 -0.57678 0.79783 0.17548 -0.09837 0.83372 0.54335 -0.16177 0.79946 0.57853 -0.20795 0.83133 0.51541 -0.28607 0.76406 0.57825 -0.33295 0.78796 0.51793 -0.5359 0.78272 0.31649 -0.67751 0.65981 0.32501 -0.64909 0.7203 0.24465 -0.71723 0.67081 0.18866 -0.75616 0.50123 -0.42069 -0.82139 0.56748 0.0573 -0.82531 0.56287 0.04513 -0.56822 0.67449 0.47138 -0.58845 0.68822 0.42437 -0.64463 0.63171 0.43057 -0.68291 0.64346 0.34581 -0.67917 0.65718 0.32686 -0.29053 0.95679 0.01201 -0.38885 0.92099 -0.02386 -0.37038 0.92752 -0.05029 -0.28978 0.95703 0.01137 -0.18842 0.98209 0.0025 -0.20007 0.97892 0.04111 -0.17497 0.98381 0.03888 -0.32625 0.94481 0.02976 -0.33701 0.93434 0.11593 -0.19156 0.96155 0.19681 -0.18595 0.96739 0.17201 -0.25515 0.95272 0.16496 -0.08129 0.99668 0.00406 -0.04834 0.99541 0.08257 -0.04281 0.99347 0.10572 -0.14008 0.96468 0.22311 -0.08589 0.93925 0.3323 -0.08054 0.93558 0.3438 -0.1626 0.92177 0.352 -0.35613 0.90114 0.24724 -0.43473 0.87731 0.2033 -0.42519 0.88553 0.1872 -0.51831 0.84175 0.15106 -0.4206 0.90529 0.05957 -0.5267 0.82019 -0.22333 -0.52174 0.82206 -0.22805 -0.54549 0.79243 -0.27292 -0.46541 0.83307 -0.29897 -0.45593 0.88018 -0.13195 -0.48202 0.86753 -0.12264 -0.48289 0.87325 -0.0652 -0.48732 0.87233 0.03956 -0.49908 0.7468 -0.43954 -0.40307 0.74525 -0.53117 -0.37296 0.72805 -0.57519 -0.24916 0.72602 -0.64095 -0.16327 0.75395 -0.63632 -0.16585 0.75026 -0.64 -0.02539 0.7414 -0.67059 -0.74697 0.65384 0.12051 -0.58914 0.80591 0.05851 -0.58955 0.80557 0.05895 -0.62296 0.78217 0.01196 -0.5878 0.80832 -0.03325 -0.61763 0.77491 -0.13431 -0.62316 0.75828 -0.19153 -0.53922 0.75262 -0.3779 -0.23723 0.95542 0.17578 0.17964 0.9187 0.35173 -0.37108 0.85297 0.36706 -0.23105 0.84544 0.48151 0.03833 0.92187 0.3856 0.23596 0.95419 0.18398 0.27656 0.93004 0.24194 -0.24181 -0.96368 0.11338 -0.33746 -0.93908 0.06516 -0.43227 -0.87664 0.21129 -0.43195 -0.90161 -0.02264 -0.33074 -0.94312 -0.03373 -0.21515 -0.97239 -0.09036 -0.2536 -0.34359 -0.90423 -0.15461 -0.93296 -0.32509 -0.15097 -0.83172 -0.53427 -0.06134 -0.79859 -0.59874 -0.34687 -0.85781 -0.37926 -0.55696 -0.67653 -0.48178 -0.02996 -0.98515 -0.16907 -0.10361 -0.9922 -0.06929 -0.35537 -0.84828 -0.39259 -0.14482 -0.98933 0.01571 -0.75545 -0.65295 -0.05434 -0.94017 0.13601 0.31237 -0.64036 0.68028 0.35659 -0.1972 -0.92249 -0.33184 -0.42301 0.22505 -0.87773 -0.80564 0.33248 -0.49031 -0.62135 -0.77568 -0.11067 -0.93822 0.34599 -0.00557 -0.27367 -0.9483 0.16073 -0.43479 -0.87532 0.2116 0.00743 0.93265 0.36071 0.62631 0.65463 -0.42332 0.97024 0.08518 -0.22665 0.13318 -0.96931 0.20665 0.88563 0.45373 -0.09893 0.7664 0.64103 0.0413 0.86319 0.50422 -0.0258 0.61919 0.74298 0.25416 0.38062 0.88299 0.27471 0.07807 0.9933 0.08516 0.24449 0.92073 0.3041 0.03513 0.92232 -0.38482 0.05372 0.9977 -0.04143 -0.04962 0.89815 -0.43688 -0.04486 0.93348 -0.35582 0.00818 0.99008 -0.14029 0.00085 0.81752 -0.5759 -0.04462 0.90172 -0.43002 -0.04347 0.93398 -0.35467 0.00559 0.99611 -0.0879 -0.00305 0.99686 -0.0791 -0.00153 0.99434 -0.10627 0.00067 0.99125 -0.13198 -0.00133 0.9914 -0.13082 0.0035 0.99267 -0.12077 0.0153 0.97115 -0.23798 -0.0092 0.97321 -0.22973 -0.01125 0.96173 -0.27377 -0.00206 0.96166 -0.27422 -0.0429 0.9449 -0.32452 -0.05515 0.91852 -0.39152 0.0579 0.82074 -0.56836 0.02416 0.95108 -0.30799 0.01753 0.95515 -0.2956 0.01239 0.96059 -0.27769 -0.06797 0.95579 -0.28609 0.01053 0.96624 -0.25744 0.01052 0.9751 -0.22151 -0.0059 0.97378 -0.22744 0.00655 0.97832 -0.207 0.04514 0.98374 -0.17386 0.02877 0.98091 -0.19231 0.01577 0.98763 -0.15599 0.02177 0.99343 -0.1124 0.00259 0.99333 -0.11524 0.00544 0.99356 -0.1132 0.00065 0.99602 -0.08911 0.00256 0.99831 -0.05811 0.00532 0.99841 -0.05604 0.00502 0.99906 -0.04307 0.0054 0.99901 -0.04418 0.04762 0.97914 -0.19751 0.04545 0.97335 -0.22478 0.03772 0.96818 -0.2474 0.00751 0.95917 -0.28273 0.08833 0.9651 -0.24653 0.04663 0.96716 -0.24985 0.01268 0.96281 -0.26987 0.01089 0.96581 -0.25901 0.01764 0.96306 -0.26872 -0.02294 0.96662 -0.25517 -0.0161 0.97899 -0.20327 0.01223 0.97621 -0.21649 0.00588 0.98266 -0.18531 -0.01604 0.98377 -0.17869 -0.00715 0.98926 -0.14602 0.01378 0.98511 -0.17138 0.00269 0.99416 -0.10791 0.00308 0.99438 -0.10586 0.00165 0.99656 -0.0829 0.00389 0.99901 -0.04442 0.00124 0.9988 -0.04903 -0.00604 0.99982 -0.01786 0.00169 0.99668 -0.08144 0.01272 0.99668 -0.08041 0.00846 0.99774 -0.06671 0.01025 0.99785 -0.06476 0.01116 0.99049 -0.13716 0.00906 0.99008 -0.1402 -0.00919 0.98328 -0.18187 0.04848 0.98244 -0.18016 0.02327 0.9796 -0.19961 -0.00166 0.97041 -0.24145 0.0162 0.96484 -0.26235 0.03312 0.96566 -0.25768 0.03331 0.9668 -0.25337 0.02092 0.96896 -0.24634 -0.00182 0.96355 -0.26751 0.01269 0.96076 -0.27708 -0.00166 0.96104 -0.27641 0.01605 0.95507 -0.29595 0.03309 0.95456 -0.29617 -0.0114 0.9593 -0.28215 -0.05026 0.97737 -0.20547 -0.02424 0.99918 -0.03228 -0.03318 0.95035 -0.30941 0.01253 0.9627 -0.27028 0.00586 0.96402 -0.26578 -0.04525 0.93436 -0.35345 0.04751 0.97369 -0.22286 0.04748 0.97912 -0.19764 -0.04724 0.92132 -0.38593 0.04912 0.98215 -0.18158 -0.04837 0.91656 -0.39695 -0.04799 0.91668 -0.39672 0.03479 0.9825 -0.18301 0.03316 0.98513 -0.1686 0.0147 0.96581 -0.25884 0.0398 0.98526 -0.16637 -0.00714 0.9514 -0.30789 -0.05601 0.83508 -0.54726 0.02767 0.99809 -0.05517 0.03766 0.99907 -0.0208 -0.01287 0.95492 -0.29657 0.00142 0.96314 -0.26901 -0.05833 0.83168 -0.55219 -0.01228 0.96696 -0.25464 -0.03852 0.82525 -0.56346 -0.03288 0.79122 -0.61065 -0.01085 0.96793 -0.25097 0.02413 0.99799 0.05867 0.01963 0.99864 0.04833 -0.0075 0.99533 0.09627 0.01401 0.99977 0.01642 0.01522 0.99983 0.01054 0.01231 0.95956 -0.28124 0.01893 0.94272 -0.33304 -0.01179 0.96119 -0.27564 0.01564 0.85789 -0.5136 0.00304 0.8118 -0.58393 0.00808 0.98225 -0.18743 0.02686 0.85932 -0.51073 -0.05269 0.99715 -0.05408 -0.00203 0.97315 -0.23016 0.03251 0.84661 -0.53122 0.05676 0.85808 -0.51037 0.06182 0.90231 -0.42663 0.06004 0.90323 -0.42494 0.06961 0.90851 -0.41202 -0.1094 0.98327 -0.14566 -0.0603 0.98898 -0.13522 0.01235 0.94981 -0.31258 0.02273 0.94891 -0.31472 -0.09119 0.99546 -0.02728 0.01215 0.95035 -0.31093 -0.01097 0.96197 -0.27292 0.05833 -0.27118 -0.96076 0.28886 -0.12491 -0.94919 0.35019 -0.08481 -0.93283 0.65849 0.04278 -0.75137 0.60889 -0.08413 -0.78878 0.58414 0.11223 -0.80386 0.5596 -0.13772 -0.81724 0.86341 0.15243 -0.48093 0.8613 -0.01307 -0.50792 0.57131 0.60869 -0.55055 0.33258 0.57595 -0.74678 0.11905 0.5356 -0.83604 0.41397 0.67899 -0.6063 0.38923 0.67906 -0.6224 0.01617 0.17877 -0.98376 0.0035 -0.99976 0.02183 -0.00855 -0.9998 0.01782 -0.00384 -0.99994 0.01047 -0.02799 -0.99949 0.01522 -0.03055 -0.99945 0.01273 -0.05573 -0.99798 0.03056 -0.04232 -0.99889 0.02071 -0.06136 -0.99808 0.00793 -0.057 -0.9972 0.04851 0.02916 -0.99942 0.01777 0.02712 -0.99942 0.02045 0.01536 -0.99952 0.02694 0.04528 -0.99881 0.01831 0.06994 -0.99754 -0.00373 0.07829 -0.99653 0.02814 0.00105 -0.99746 -0.07126 0.03098 -0.91813 -0.39508 0.07339 -0.99363 -0.0855 0.078 -0.99691 -0.00937 0.63315 0.47127 -0.61402 0.54563 -0.8368 0.0454 0.29528 -0.87311 -0.38793 0.11925 -0.99237 0.03124 0.89875 -0.23597 -0.36955 0.60706 -0.78277 0.13693 0.1869 -0.21948 -0.95755 0.07102 -0.98751 -0.14067 0.28014 -0.93694 -0.20897 0.34034 -0.59488 -0.72821 0.52535 -0.77246 -0.3568 0.44935 -0.87718 -0.16923 0.30981 -0.95011 0.03624 0.37549 -0.92333 0.0805 0.58397 -0.76819 0.26241 0.63258 -0.67576 0.37841 0.03395 -0.96147 -0.2728 0.63282 -0.75291 -0.18075 0.57914 -0.81423 -0.04046 0.06742 -0.33282 0.94058 0.11096 -0.35865 0.92685 0.12023 -0.3459 0.93054 0.18464 -0.30757 0.93344 0.244 -0.32235 0.91463 0.27936 -0.36796 0.88688 0.29918 -0.34482 0.88971 0.35113 -0.31547 0.88158 0.70027 -0.41597 0.58017 0.7937 -0.37497 0.479 0.79678 -0.37522 0.47367 0.82231 -0.39883 0.40588 0.85322 -0.3803 0.35692 0.86062 -0.39162 0.32552 0.89575 -0.43362 0.09795 0.90084 -0.4312 0.05042 0.87622 -0.48191 0.00239 0.87759 -0.47941 -0.00129 0.87787 -0.47697 -0.04296 0.85258 -0.51067 -0.11098 0.84781 -0.52169 -0.09518 0.84953 -0.51025 -0.13396 0.82078 -0.53284 -0.20591 0.80976 -0.54625 -0.21425 0.71121 -0.58537 -0.38926 0.73345 -0.57022 -0.36999 0.38877 -0.66507 -0.6376 0.3302 -0.71526 -0.61593 0.22558 -0.75622 -0.61421 0.0817 -0.77404 -0.62785 0.10588 -0.7508 -0.65199 0.18964 -0.72567 -0.66139 0.06273 -0.74223 -0.66721 0.22823 -0.97359 0.00535 0.26373 -0.96412 0.03024 0.31944 -0.94644 0.04697 0.51071 -0.81274 0.28039 0.41997 -0.82663 0.37457 0.38259 -0.86695 0.31942 0.1159 -0.42628 0.89714 0.20267 -0.45988 0.86455 0.27341 -0.40223 0.87376 0.34466 -0.47617 0.80899 0.42008 -0.41734 0.80583 0.48243 -0.46133 0.74461 0.7768 -0.47847 0.40944 0.80089 -0.51539 0.30487 0.83286 -0.54326 0.10585 0.41529 -0.33291 0.84658 0.4341 -0.36344 0.8243 0.45581 -0.34601 0.82007 0.5231 -0.33445 0.7839 0.55291 -0.35518 0.75375 0.55205 -0.35187 0.75593 0.58649 -0.35904 0.72603 0.61409 -0.38593 0.68844 0.6537 -0.34457 0.67376 0.68981 -0.33033 0.64423 0.72244 -0.36597 0.58665 0.80801 -0.41401 0.41918 0.85011 -0.44983 0.27379 0.86491 -0.4406 0.2404 0.87021 -0.44173 0.21819 0.86479 -0.46252 0.19549 0.87209 -0.4707 0.13383 0.07862 -0.64688 0.75853 0.16156 -0.68258 0.71273 0.15813 -0.67127 0.72415 0.28864 -0.6627 0.69103 0.28945 -0.67449 0.67918 0.39726 -0.66342 0.63408 0.61414 -0.70055 0.36339 0.65618 -0.68865 0.30853 0.64136 -0.7123 0.28509 0.69374 -0.69318 0.19553 0.66114 -0.72982 0.17393 0.70149 -0.70919 0.07041 0.11639 -0.55577 0.82315 0.18535 -0.55284 0.81241 0.19 -0.55969 0.80663 0.3214 -0.55144 0.76982 0.32528 -0.56572 0.75773 0.43974 -0.555 0.70612 0.70079 -0.58404 0.40962 0.72199 -0.61352 0.31989 0.76742 -0.57134 0.29092 0.7696 -0.60376 0.20783 0.76102 -0.61873 0.19498 0.78704 -0.60045 0.14154 0.74583 -0.6616 -0.07763 0.73493 -0.66848 -0.1141 0.00943 -0.89958 -0.43665 0.06834 -0.86102 -0.50395 0.13589 -0.89072 -0.43376 0.20769 -0.84667 -0.48991 0.23906 -0.8882 -0.39236 0.3547 -0.80584 -0.47413 0.34467 -0.86765 -0.3583 0.45977 -0.80474 -0.3755 0.45692 -0.8322 -0.3141 0.5782 -0.75345 -0.31305 0.54018 -0.81878 -0.19441 0.68013 -0.71949 -0.14054 0.73114 -0.6792 0.0642 0.66301 -0.62506 0.41197 0.58439 -0.64293 0.4951 0.59255 -0.61589 0.5192 0.49917 -0.63266 0.59209 0.49763 -0.61614 0.61053 0.43143 -0.62535 0.65024 0.07181 -0.61408 0.78597 0.01629 -0.59298 0.80505 0.43216 -0.67989 -0.59244 0.43867 -0.72799 -0.52688 0.4845 -0.68013 -0.55016 0.55109 -0.64713 -0.52681 0.56366 -0.68258 -0.46515 0.60541 -0.65022 -0.45901 0.64968 -0.6491 -0.3957 0.65069 -0.65205 -0.38913 0.75295 -0.59382 -0.28363 0.74767 -0.61228 -0.2571 0.79211 -0.57103 -0.21561 0.83675 -0.54659 0.0331 0.73058 -0.41554 0.54183 0.71957 -0.39233 0.57297 0.62726 -0.46023 0.62827 0.61406 -0.38619 0.68833 0.2365 -0.79235 -0.56235 0.30957 -0.74717 -0.58814 0.34329 -0.82391 -0.45092 0.444 -0.71678 -0.53767 0.46346 -0.79964 -0.38181 0.63158 -0.69025 -0.35308 0.67528 -0.69827 -0.2375 0.69442 -0.68126 -0.23168 0.78199 -0.62062 -0.05769 0.79035 -0.61253 0.01232 0.73098 -0.52855 0.43163 0.69939 -0.49791 0.51278 0.63249 -0.55525 0.54005 0.61229 -0.49012 0.62039 0.54798 -0.52559 0.65074 0.5361 -0.50309 0.67786 0.48288 -0.49685 0.72108 0.07651 -0.47991 0.87397 0.0228 -0.49235 0.8701 0.28486 -0.95856 -0.00409 0.1846 -0.98279 -0.00701 0.19139 -0.98118 -0.02562 0.07048 -0.9975 -0.00436 0.10181 -0.99296 -0.06054 0.26439 -0.95065 -0.16236 0.2416 -0.95099 -0.19299 0.09387 -0.96507 -0.24459 0.13279 -0.96882 -0.20916 0.05752 -0.9783 -0.19906 0.04618 -0.98576 -0.16166 0.40338 -0.91395 0.04446 0.4252 -0.90213 0.07328 0.37543 -0.92119 0.10231 0.41632 -0.89391 -0.16616 0.5676 -0.8198 0.07586 0.54577 -0.82255 0.15982 0.57051 -0.80354 0.16985 0.55078 -0.79158 0.26467 0.48941 -0.82746 0.2753 0.44093 -0.80578 0.39534 0.3646 -0.81581 0.44891 0.37605 -0.79275 0.47972 0.29158 -0.82146 0.49009 0.29461 -0.77675 0.55665 0.21054 -0.82655 0.522 0.18902 -0.77462 0.60352 0.12414 -0.82563 0.55038 0.07055 -0.783 0.618 0.0521 -0.80419 0.59209 0.46565 -0.8469 0.25677 0.40715 -0.89411 0.18654 0.4955 -0.85388 0.15925 0.49495 -0.86889 -0.00732 0.42597 -0.90241 -0.06487 0.4059 -0.91187 -0.06119 0.38855 -0.91134 -0.13598 0.17943 -0.98339 -0.02751 0.13681 -0.9906 -0.00059 0.00787 -0.92765 -0.37337 0.22111 -0.91979 -0.32419 0.27335 -0.92201 -0.27418 0.40734 -0.87944 -0.2463 0.57223 -0.78914 -0.22319 0.53566 -0.83612 -0.1182 0.61082 -0.78475 -0.10521 0.59086 -0.80637 -0.02533 0.62411 -0.78126 -0.01111 0.62947 -0.77554 0.0479 0.57516 -0.73357 0.36203 0.49689 -0.75899 0.42076 0.51906 -0.72242 0.45681 0.4223 -0.7392 0.52463 0.42201 -0.74 0.52375 0.37703 -0.71176 0.59266 0.29512 -0.776 0.55742 0.28123 -0.69321 0.66361 0.18856 -0.77566 0.60232 0.15192 -0.69577 0.70202 0.07292 -0.77233 0.63102 0.03559 -0.71107 0.70222 -0.02734 -0.70887 0.70481 -0.35592 -0.92758 -0.11369 -0.33531 -0.93657 -0.10203 -0.02324 -0.73054 -0.68247 -0.07249 -0.73415 -0.6751 -0.0526 -0.75323 -0.65565 -0.14909 -0.75645 -0.63684 -0.18442 -0.68917 -0.70074 -0.25637 -0.7592 -0.59824 -0.29416 -0.70069 -0.65 -0.36369 -0.69581 -0.61934 -0.36794 -0.71476 -0.59475 -0.73998 -0.5607 -0.37155 -0.85758 -0.49366 -0.14439 -0.91769 -0.39729 -0.00226 -0.89116 -0.42002 0.17151 -0.85677 -0.45357 0.24542 -0.8832 -0.34133 0.32163 -0.84282 -0.40501 0.35444 -0.80834 -0.3962 0.43544 -0.82412 -0.30372 0.47811 -0.40349 -0.28877 0.86822 -0.29011 -0.38935 0.87421 -0.21033 -0.30213 0.92977 -0.03744 -0.35831 0.93285 -0.43517 -0.80822 0.39674 -0.36582 -0.83223 0.41662 -0.41287 -0.86437 0.28706 -0.58627 -0.81011 0.00257 -0.2767 -0.95955 0.05192 -0.201 -0.9793 0.02394 -0.22413 -0.97455 -0.0033 -0.44549 -0.80865 -0.38422 -0.41871 -0.82617 -0.37699 -0.32539 -0.84038 -0.43345 -0.28851 -0.82082 -0.49297 -0.22818 -0.87735 -0.42213 -0.14341 -0.86488 -0.48105 -0.12816 -0.87744 -0.46224 -0.03925 -0.87048 -0.49064 -0.40692 -0.78225 -0.4717 -0.28731 -0.82432 -0.48781 -0.25846 -0.75252 -0.60574 -0.1568 -0.83699 -0.52427 -0.56494 -0.66312 -0.49104 -0.52398 -0.68898 -0.50074 -0.50735 -0.67924 -0.53031 -0.44495 -0.71205 -0.54314 -0.43816 -0.69595 -0.56892 -0.69717 -0.67121 -0.25185 -0.65544 -0.70352 -0.2747 -0.68031 -0.63577 -0.36465 -0.64281 -0.65033 -0.4048 -0.63625 -0.63671 -0.43566 -0.7965 -0.57843 -0.17609 -0.16856 -0.67427 0.71899 -0.28999 -0.66656 0.68673 -0.26143 -0.69341 0.67144 -0.36096 -0.65511 0.66373 -0.39467 -0.69741 0.59821 -0.47137 -0.64869 0.59751 -0.49221 -0.69424 0.52512 -0.55053 -0.67506 0.49114 -0.56344 -0.66481 0.49046 -0.59597 -0.67974 0.42752 -0.67941 -0.70366 0.20801 -0.71201 -0.68103 0.171 -0.69534 -0.70898 0.11772 -0.68192 -0.73074 0.03172 -0.59637 -0.76177 -0.2531 -0.55025 -0.77681 -0.30625 -0.50551 -0.8065 -0.30662 -0.50167 -0.7912 -0.34977 -0.19788 -0.55194 0.81006 -0.31516 -0.54526 0.77677 -0.30492 -0.55499 0.77396 -0.41051 -0.54648 0.72996 -0.39392 -0.56176 0.7275 -0.52988 -0.54578 0.64911 -0.50471 -0.57212 0.64649 -0.63144 -0.55205 0.54453 -0.62459 -0.55989 0.54443 -0.76629 -0.63937 0.06326 -0.77476 -0.63217 0.0105 -0.76325 -0.63711 -0.10743 -0.75505 -0.58278 -0.30044 -0.79692 -0.53763 -0.27544 -0.78633 -0.5841 -0.20127 -0.71076 -0.67383 -0.20191 -0.67624 -0.72194 -0.14664 -0.71774 -0.69087 -0.08691 -0.70452 -0.70703 -0.06132 -0.71735 -0.6966 -0.01244 -0.72368 -0.68544 0.08035 -0.72977 -0.62206 0.28368 -0.67461 -0.66449 0.32147 -0.68639 -0.60503 0.40349 -0.15824 -0.61479 0.77266 -0.07894 -0.59922 0.79669 -0.04197 -0.62543 0.77915 -0.19086 -0.44788 0.87348 -0.28599 -0.40829 0.8669 -0.33193 -0.4612 0.82287 -0.45067 -0.40549 0.79529 -0.41596 -0.4496 0.79047 -0.56859 -0.43703 0.69693 -0.5251 -0.48794 0.69727 -0.61918 -0.4387 0.65127 -0.66729 -0.47243 0.57579 -0.64668 -0.49562 0.57979 -0.84112 -0.53788 0.05663 -0.82245 -0.56848 -0.02025 -0.74751 -0.39963 0.53059 -0.70953 -0.36726 0.60141 -0.70767 -0.36904 0.60251 -0.63191 -0.37073 0.68062 -0.66143 -0.33479 0.67113 -0.56578 -0.3874 0.72789 -0.53528 -0.31536 0.78359 -0.43587 -0.38271 0.81458 -0.0453 -0.37078 0.92762 -0.17041 -0.37028 0.91316 -0.7396 -0.42803 0.5194 -0.75786 -0.4631 0.45955 -0.82361 -0.45261 0.34178 -0.84528 -0.47079 0.2527 -0.86543 -0.48382 0.13017 -0.86931 -0.48966 0.06731 -0.02908 -0.46575 0.88444 -0.08568 -0.50732 0.85749 -0.17996 -0.47222 0.86292 -0.72976 -0.53552 0.42504 -0.73057 -0.53454 0.4249 -0.77924 -0.51325 0.35967 -0.76133 -0.58417 0.28128 -0.80414 -0.5452 0.23687 -0.80665 -0.56704 0.16669 -0.80122 -0.57214 0.17521 -0.80669 -0.58525 0.08201 -0.83396 -0.549 -0.05579 -0.8389 -0.54083 -0.06114 -0.09776 -0.99416 -0.04566 0.00223 -0.99587 -0.09071 -0.18705 -0.94874 -0.25478 -0.1629 -0.96101 -0.22345 -0.07825 -0.9731 -0.21667 -0.09168 -0.96697 -0.23783 -0.03795 -0.97421 -0.22243 -0.2688 -0.95549 -0.12156 -0.20781 -0.97424 -0.08754 -0.20581 -0.97204 -0.11306 -0.24354 -0.95306 -0.17992 -0.29418 -0.95477 -0.04319 -0.13858 -0.99035 -0.00078 -0.12384 -0.99227 0.0078 -0.25987 -0.96123 -0.09218 -0.21235 -0.97719 -0.00056 -0.39898 -0.91229 0.09246 -0.35164 -0.93501 0.04586 -0.42314 -0.906 0.01088 -0.41281 -0.90949 -0.04908 -0.51002 -0.82629 0.23901 -0.44383 -0.86182 0.24553 -0.49069 -0.84895 0.19625 -0.44087 -0.88273 0.16256 -0.47338 -0.87418 0.10823 -0.33694 -0.89778 -0.28367 -0.34926 -0.88439 -0.30963 -0.30195 -0.88433 -0.35607 -0.19484 -0.9432 -0.26908 -0.02651 -0.79508 0.60592 -0.0321 -0.7885 0.6142 -0.09494 -0.81461 0.57218 -0.13429 -0.77622 0.616 -0.1992 -0.80079 0.56485 -0.2395 -0.77233 0.58835 -0.28861 -0.79971 0.52646 -0.34032 -0.77479 0.5328 -0.34716 -0.80629 0.47893 -0.37459 -0.8049 0.46024 -0.45607 -0.79639 0.3972 -0.48544 -0.79434 0.3652 -0.56913 -0.79805 0.198 -0.57727 -0.81086 0.09629 -0.54167 -0.83332 0.11036 -0.59464 -0.80257 0.04778 -0.5462 -0.83757 -0.01175 -0.55743 -0.82997 -0.02032 -0.41193 -0.89808 -0.15415 -0.44329 -0.86179 -0.24658 -0.36414 -0.90446 -0.22214 -0.03774 -0.72598 0.68668 -0.13801 -0.72235 0.67762 -0.54774 -0.74868 0.37344 -0.61381 -0.73214 0.29531 -0.58982 -0.7493 0.30111 -0.61977 -0.75344 0.21958 -0.57385 -0.80761 -0.13586 -0.55978 -0.81981 -0.12061 -0.54369 -0.81935 -0.18185 -0.58497 -0.67193 -0.45422 0.5246 0.09964 0.8455 0.76143 -0.07321 0.6441 0.97549 0.05118 0.21399 0.99733 -0.03696 -0.06299 0.79931 -0.0043 -0.6009 0.84249 0.02558 -0.53811 0.23381 -0.00363 -0.97228 0.24985 -0.01216 -0.96821 -0.44936 0.0279 -0.89291 -0.55106 -0.02834 -0.83398 -0.97526 0.00961 -0.22085 -0.96642 -0.01195 -0.25668 -0.90249 0.02998 0.42967 -0.81163 -0.05886 0.5812 -0.37261 0.06725 0.92555 -0.13821 -0.10293 0.98504 0.87579 0.03296 -0.48157 0.82659 -0.00597 -0.56278 0.36368 -0.03285 -0.93094 0.17393 0.04249 -0.98384 -0.43683 -0.03503 -0.89886 -0.65024 0.02113 -0.75943 -0.99234 -0.01476 -0.12262 -0.99577 -0.00832 -0.09148 -0.89068 0.01129 0.45448 -0.73889 -0.01365 0.67369 -0.44354 0.01112 0.89619 -0.17521 -0.01488 0.98442 0.30661 0.0247 0.95151 0.60308 -0.03656 0.79685 0.95372 0.03769 0.29832 0.99672 -0.03615 0.07242 0.61121 0.00161 0.79146 -0.95385 0.02895 -0.29889 -0.923 -0.01525 -0.38449 -0.78402 0.02067 -0.62039 -0.78378 0.02044 -0.6207 -0.62508 -0.00886 -0.78051 -0.38985 0.00959 -0.92083 -0.39268 0.01042 -0.91962 -0.18748 -0.00259 -0.98226 0.13409 0.01425 -0.99087 0.404 -0.00612 -0.91474 0.15862 0.00895 -0.9873 0.57012 -0.00226 -0.82156 0.67437 0.01292 -0.73828 0.79969 -0.00356 -0.60041 0.95877 -0.0022 -0.28419 0.93421 0.0077 -0.35663 0.99485 0.00405 0.10125 0.99583 0.00221 0.09121 0.89904 0.00288 0.43786 0.77247 -0.00563 0.63503 0.87418 0.01023 0.4855 0.35813 -0.01123 0.9336 0.52314 0.02732 0.85181 -0.02208 0.08158 0.99642 0.096 -0.01847 0.99521 0.96704 -0.01262 -0.25432 0.55479 0.00609 -0.83197 0.65405 -0.02298 -0.7561 0.01122 0.02683 -0.99958 -0.22159 -0.03836 -0.97438 -0.78373 -0.00903 -0.62103 -0.72579 0.03204 -0.68717 -0.982 -0.00088 0.1889 -0.98357 -0.00564 0.18042 -0.60199 -0.00043 0.79851 -0.6447 0.00981 0.76437 0.00607 -0.01132 0.99992 0.09168 0.00601 0.99577 0.70387 0.00697 0.7103 0.80731 -0.01927 0.58981 0.99711 0.02005 -0.07323 0.6295 -0.03061 0.77639 0.35057 0.01447 0.93642 0.26978 0.06353 0.96082 0.08812 -0.01029 0.99606 -0.15334 -0.02855 0.98776 -0.36865 0.04528 0.92846 -0.47491 -0.00525 0.88002 -0.75569 0.01804 0.65468 -0.74529 0.02818 0.66614 -0.90702 -0.03553 0.4196 -0.99433 0.0815 0.06829 -0.99214 0.03701 0.11957 -0.95571 -0.05048 -0.28995 -0.85798 0.01605 -0.51343 -0.67017 -0.04175 -0.74103 -0.80974 0.11586 -0.57524 -0.36295 0.33846 -0.86816 -0.52316 -0.00108 -0.85223 0.12095 -0.04254 -0.99175 -0.05693 0.55512 -0.82982 0.32361 0.07309 -0.94336 0.53416 -0.0025 -0.84538 0.40724 0.27316 -0.87152 0.85251 0.01524 -0.52249 0.80525 0.09172 -0.5858 0.7264 0.00304 -0.68727 0.95726 -0.01147 -0.28901 0.99988 0.0104 -0.01104 0.99515 0.06363 -0.07508 0.96205 -0.03874 0.27012 0.84059 0.03828 0.54031 0.82416 0.05709 0.56348 -0.62262 0.02168 0.78222 -0.5702 -0.10127 0.81524 -0.56673 -0.08031 0.81998 -0.47867 0.08262 0.8741 -0.38365 -0.04359 0.92245 -0.35496 -0.12624 0.92632 -0.327 -0.03429 0.9444 -0.22862 0.05626 0.97189 -0.133 -0.09793 0.98627 -0.1481 -0.04726 0.98784 -0.04622 0.03128 0.99844 0.0455 -0.08505 0.99534 0.04602 -0.08309 0.99548 0.11182 0.03614 0.99307 0.21944 0.05167 0.97426 0.26866 -0.0972 0.95832 0.32319 0.00749 0.9463 0.47802 0.01622 0.8782 0.4341 -0.09807 0.89551 0.38669 0.01401 0.9221 0.57032 0.05342 0.81969 0.62796 -0.06997 0.77509 0.61136 -0.12175 0.78193 0.66056 -0.02571 0.75033 0.73439 0.02879 0.67811 0.77483 -0.10879 0.62273 0.77286 -0.07261 0.63041 0.83387 0.01892 0.55163 0.86998 -0.04015 0.49145 0.87328 -0.07793 0.48095 0.91634 0.0597 0.39592 0.95541 -0.05011 0.29098 0.95192 -0.11999 0.28187 0.98728 0.04124 0.15356 0.99714 -0.05822 0.04819 0.99534 -0.08545 0.04463 0.99265 0.06261 -0.10354 0.98784 -0.06115 -0.14292 0.96522 0.06571 -0.25305 0.94441 -0.1064 -0.31106 0.91442 0.07686 -0.39739 0.85069 -0.03263 -0.52466 0.85402 0.00459 -0.52022 0.77256 0.00236 -0.63494 0.75459 -0.07446 -0.65195 0.73661 -0.035 -0.67542 0.63619 -0.00546 -0.77151 0.61923 -0.06738 -0.78231 0.24823 0.03732 -0.96798 0.52826 0.07522 -0.84574 0.4525 -0.09218 -0.88699 0.39414 0.04079 -0.91815 0.295 -0.06429 -0.95333 0.12321 -0.00041 -0.99238 0.14196 -0.05679 -0.98824 -0.28375 -0.07841 -0.95569 -0.23328 0.02637 -0.97205 -0.08286 -0.03084 -0.99608 -0.10495 -0.13034 -0.9859 0.02142 0.05459 -0.99828 -0.4446 0.01482 -0.89561 -0.3352 0.05173 -0.94073 -0.5098 -0.15681 -0.84588 -0.52642 -0.09661 -0.84472 -0.60147 0.0871 -0.79413 -0.72135 -0.07876 -0.68808 -0.7146 -0.04265 -0.69824 -0.79458 0.02784 -0.60652 -0.8354 -0.07707 -0.54421 -0.86668 0.04935 -0.49642 -0.91788 -0.00264 -0.39684 -0.92625 -0.05744 -0.37251 -0.94992 0.04189 -0.30968 -0.97448 -0.07547 -0.21138 -0.98317 0.06131 -0.17213 -0.99504 -0.09944 -0.00298 -0.99926 -0.0239 -0.03028 -0.99302 0.04787 0.10783 -0.96783 -0.13326 0.21343 -0.9724 -0.00815 0.23316 -0.94385 0.06136 0.32464 -0.87565 -0.15535 0.45728 -0.90711 -0.01748 0.42054 -0.83723 -0.03055 0.54599 -0.82421 -0.0567 0.56344 -0.81643 -0.00523 0.57743 -0.74448 -0.00834 0.66759 -0.71357 -0.09153 0.69458 -0.67236 0.01986 0.73996</float_array>
          <technique_common>
            <accessor source="#norm_0-array" count="14979" stride="3">
              <param name="X" type="float"/>
              <param name="Y" type="float"/>
              <param name="Z" type="float"/>
            </accessor>
          </technique_common>
        </source>
        <vertices id="vert_0">
          <input semantic="POSITION" source="#pos_0"/>
        </vertices>
        <triangles count="5165" material="mat_0">
          <input semantic="VERTEX" source="#vert_0" offset="0"/>
          <input semantic="NORMAL" source="#norm_0" offset="1"/>
          <p>0 0 1 0 2 0 3 0 1 0 0 0 4 0 3 0 0 0 5 0 4 0 0 0 0 0 6 0 5 0 2 0 7 0 0 0 8 0 9 0 10 0 11 0 8 0 10 0 10 0 12 0 11 0 10 0 13 0 14 0 10 0 15 0 13 0 10 0 16 0 15 0 10 0 9 0 16 0 17 0 18 0 19 0 20 0 17 0 19 0 21 0 22 0 19 0 19 0 23 0 21 0 19 0 24 0 23 0 19 0 25 0 24 0 19 0 18 0 25 0 26 1 27 1 28 1 28 2 27 2 29 2 28 3 29 3 30 3 30 4 29 4 31 4 31 5 32 5 30 5 30 6 32 6 33 6 33 7 32 7 34 7 33 8 34 8 35 8 35 9 34 9 36 9 35 10 36 10 37 10 38 11 39 11 40 11 40 12 39 12 41 12 40 13 41 13 42 13 40 14 42 14 26 14 26 15 42 15 27 15 37 16 36 16 43 16 37 17 43 17 38 17 38 18 43 18 44 18 38 19 44 19 39 19 45 20 46 20 47 20 48 21 49 21 50 21 51 22 52 22 53 22 54 23 52 23 55 23 56 24 54 24 55 24 55 25 57 25 56 25 57 26 58 26 59 26 58 27 57 27 60 27 58 28 60 28 49 28 61 29 62 29 50 29 63 30 64 30 61 30 61 31 64 31 65 31 61 32 65 32 66 32 61 33 66 33 62 33 63 34 67 34 68 34 63 35 68 35 69 35 63 36 69 36 64 36 47 37 70 37 63 37 63 38 70 38 71 38 63 39 71 39 67 39 72 40 73 40 74 40 75 41 76 41 77 41 75 42 78 42 79 42 78 43 80 43 79 43 80 44 78 44 81 44 81 45 78 45 82 45 81 46 82 46 51 46 81 47 51 47 53 47 78 48 75 48 77 48 78 49 77 49 83 49 78 50 83 50 82 50 82 51 83 51 51 51 51 52 83 52 55 52 51 53 55 53 52 53 76 54 73 54 77 54 77 55 73 55 72 55 77 56 72 56 83 56 83 57 72 57 84 57 83 58 84 58 55 58 74 59 85 59 72 59 72 60 63 60 84 60 84 61 63 61 61 61 84 62 61 62 60 62 84 63 60 63 55 63 55 64 60 64 57 64 85 65 86 65 72 65 72 66 86 66 45 66 72 67 45 67 47 67 72 68 47 68 63 68 60 69 61 69 50 69 60 70 50 70 49 70 87 71 85 71 74 71 88 72 87 72 74 72 89 73 90 73 74 73 74 74 90 74 88 74 89 75 74 75 91 75 91 76 74 76 73 76 91 77 73 77 92 77 93 78 94 78 95 78 93 79 96 79 94 79 96 80 93 80 97 80 97 81 93 81 98 81 99 82 98 82 100 82 101 83 102 83 103 83 101 84 104 84 102 84 105 85 104 85 101 85 106 86 107 86 105 86 105 87 107 87 104 87 106 88 105 88 108 88 108 89 105 89 109 89 110 90 111 90 109 90 109 91 111 91 108 91 110 92 112 92 111 92 112 93 110 93 113 93 114 94 101 94 103 94 114 95 103 95 115 95 114 96 115 96 100 96 116 97 110 97 109 97 116 98 109 98 117 98 117 99 109 99 105 99 117 100 105 100 118 100 118 101 105 101 101 101 118 102 101 102 119 102 119 103 101 103 114 103 119 104 114 104 100 104 119 105 100 105 93 105 93 106 100 106 98 106 80 107 116 107 117 107 80 108 117 108 79 108 79 109 117 109 118 109 79 110 118 110 75 110 75 111 118 111 119 111 75 112 119 112 76 112 76 113 119 113 93 113 76 114 93 114 73 114 73 115 93 115 95 115 73 116 95 116 92 116 120 117 54 117 121 117 122 118 113 118 110 118 122 119 123 119 113 119 124 120 125 120 123 120 124 121 123 121 122 121 125 122 124 122 126 122 127 123 128 123 124 123 124 124 128 124 126 124 127 125 129 125 128 125 130 126 129 126 131 126 131 127 129 127 127 127 131 128 132 128 133 128 131 129 133 129 130 129 131 130 134 130 132 130 135 131 136 131 137 131 137 132 136 132 138 132 54 133 120 133 139 133 140 134 141 134 121 134 56 135 142 135 140 135 56 136 143 136 142 136 116 137 80 137 81 137 136 138 135 138 134 138 136 139 134 139 131 139 54 140 139 140 138 140 54 141 138 141 136 141 144 142 136 142 131 142 144 143 131 143 145 143 145 144 131 144 127 144 145 145 127 145 124 145 145 146 124 146 146 146 146 147 124 147 122 147 146 148 122 148 116 148 116 149 122 149 110 149 57 150 143 150 56 150 56 151 140 151 121 151 56 152 121 152 54 152 52 153 54 153 136 153 52 154 136 154 144 154 52 155 144 155 53 155 53 156 144 156 145 156 53 157 145 157 81 157 81 158 145 158 146 158 81 159 146 159 116 159 147 160 148 160 149 160 149 161 148 161 150 161 149 162 150 162 151 162 151 163 150 163 152 163 153 164 154 164 155 164 153 165 155 165 156 165 156 166 155 166 157 166 156 167 157 167 147 167 147 168 157 168 148 168 151 169 152 169 158 169 151 170 158 170 159 170 159 171 158 171 160 171 159 172 160 172 161 172 161 173 160 173 162 173 161 174 162 174 163 174 162 175 164 175 163 175 163 176 164 176 165 176 165 177 164 177 166 177 165 178 166 178 167 178 165 179 167 179 153 179 153 180 167 180 154 180 168 181 169 181 170 181 168 182 170 182 171 182 171 183 170 183 172 183 171 184 172 184 173 184 173 185 172 185 174 185 175 186 176 186 177 186 175 187 177 187 178 187 178 188 177 188 179 188 178 189 179 189 168 189 168 190 179 190 169 190 174 191 180 191 173 191 173 192 180 192 181 192 181 193 180 193 182 193 181 194 182 194 183 194 183 195 182 195 184 195 183 196 184 196 185 196 183 197 185 197 186 197 186 198 185 198 187 198 186 199 187 199 188 199 188 200 187 200 189 200 188 201 189 201 190 201 188 202 190 202 175 202 175 203 190 203 176 203 191 204 192 204 36 204 29 205 193 205 31 205 194 206 195 206 29 206 32 207 196 207 34 207 34 208 197 208 191 208 34 209 191 209 36 209 194 210 29 210 27 210 150 211 198 211 152 211 152 212 198 212 199 212 158 213 200 213 160 213 160 214 201 214 162 214 152 215 199 215 158 215 162 216 202 216 164 216 176 217 203 217 177 217 179 218 204 218 205 218 179 219 205 219 169 219 172 220 206 220 174 220 177 221 204 221 179 221 174 222 207 222 180 222 208 223 209 223 210 223 209 224 211 224 212 224 212 225 211 225 213 225 209 226 212 226 210 226 208 227 214 227 215 227 216 228 217 228 218 228 218 229 217 229 219 229 218 230 220 230 221 230 221 231 220 231 222 231 218 232 221 232 223 232 223 233 216 233 218 233 216 234 223 234 221 234 216 235 224 235 217 235 215 236 214 236 225 236 225 237 226 237 215 237 226 238 227 238 228 238 228 239 215 239 226 239 227 240 222 240 228 240 228 241 222 241 220 241 229 242 230 242 231 242 232 243 233 243 234 243 235 244 236 244 237 244 238 245 239 245 240 245 241 246 242 246 243 246 244 247 240 247 242 247 245 248 237 248 246 248 236 249 247 249 248 249 249 250 247 250 239 250 249 251 239 251 238 251 245 252 250 252 237 252 248 253 246 253 236 253 251 254 250 254 245 254 233 255 252 255 253 255 254 256 255 256 230 256 230 257 229 257 254 257 233 258 256 258 234 258 233 259 232 259 252 259 252 260 232 260 255 260 255 261 232 261 230 261 233 262 253 262 256 262 257 263 234 263 256 263 258 264 234 264 257 264 230 265 232 265 231 265 246 266 237 266 236 266 237 267 250 267 235 267 259 268 260 268 261 268 247 269 249 269 248 269 262 270 263 270 264 270 264 271 263 271 265 271 263 272 262 272 266 272 211 273 266 273 213 273 213 274 266 274 262 274 267 275 265 275 268 275 269 276 267 276 268 276 270 277 267 277 269 277 271 278 270 278 269 278 272 279 273 279 274 279 273 280 271 280 269 280 274 281 275 281 272 281 276 282 273 282 272 282 265 283 263 283 268 283 273 284 269 284 274 284 277 285 278 285 279 285 280 286 281 286 282 286 283 287 284 287 285 287 282 288 285 288 280 288 284 289 283 289 286 289 284 290 286 290 287 290 288 291 287 291 289 291 289 292 287 292 286 292 290 293 208 293 215 293 290 294 215 294 288 294 288 295 215 295 287 295 209 296 291 296 211 296 211 297 291 297 292 297 291 298 209 298 290 298 290 299 209 299 208 299 292 300 293 300 211 300 294 301 278 301 293 301 279 302 278 302 295 302 295 303 278 303 294 303 296 304 297 304 298 304 299 305 296 305 298 305 300 306 301 306 302 306 302 307 301 307 303 307 304 308 305 308 306 308 306 309 307 309 308 309 309 310 310 310 305 310 311 311 310 311 312 311 306 312 308 312 304 312 310 313 313 313 305 313 305 314 313 314 306 314 312 315 314 315 311 315 315 316 316 316 317 316 309 317 318 317 310 317 310 318 318 318 312 318 316 319 314 319 312 319 311 320 313 320 310 320 299 321 298 321 319 321 319 322 320 322 299 322 299 323 320 323 321 323 322 324 323 324 321 324 323 325 301 325 321 325 320 326 322 326 321 326 324 327 300 327 302 327 301 328 323 328 303 328 311 329 314 329 325 329 325 330 314 330 315 330 315 331 314 331 316 331 324 332 326 332 300 332 298 333 297 333 327 333 254 334 229 334 328 334 328 335 229 335 329 335 251 336 330 336 331 336 331 337 235 337 250 337 332 338 235 338 331 338 231 339 329 339 229 339 231 340 333 340 329 340 331 341 250 341 251 341 330 342 328 342 329 342 331 343 330 343 329 343 331 344 329 344 333 344 331 345 333 345 332 345 219 346 224 346 334 346 219 347 217 347 224 347 335 348 336 348 284 348 280 349 285 349 284 349 232 350 337 350 338 350 338 351 337 351 339 351 339 352 337 352 340 352 341 353 342 353 343 353 343 354 342 354 344 354 343 355 344 355 340 355 340 356 344 356 339 356 342 357 341 357 345 357 345 358 341 358 346 358 347 359 348 359 349 359 349 360 348 360 350 360 220 361 218 361 351 361 351 362 218 362 219 362 352 363 281 363 280 363 280 364 353 364 352 364 354 365 355 365 356 365 357 366 358 366 359 366 360 367 361 367 362 367 363 368 360 368 362 368 364 369 365 369 366 369 364 370 366 370 363 370 243 371 367 371 261 371 261 372 367 372 368 372 369 373 370 373 243 373 243 374 370 374 367 374 369 375 371 375 370 375 372 376 373 376 374 376 372 377 374 377 375 377 375 378 376 378 377 378 377 379 376 379 378 379 376 380 379 380 378 380 379 381 376 381 380 381 381 382 380 382 382 382 383 383 384 383 385 383 385 384 384 384 386 384 386 385 384 385 387 385 386 386 387 386 388 386 388 387 387 387 389 387 389 388 387 388 390 388 235 389 332 389 391 389 235 390 391 390 236 390 369 391 242 391 240 391 369 392 243 392 242 392 392 393 258 393 259 393 392 394 259 394 261 394 337 395 234 395 393 395 337 396 232 396 234 396 338 397 231 397 232 397 369 398 240 398 394 398 369 399 394 399 395 399 374 400 396 400 376 400 376 401 396 401 397 401 376 402 397 402 398 402 240 403 239 403 394 403 395 404 394 404 399 404 395 405 399 405 374 405 374 406 399 406 400 406 374 407 400 407 396 407 398 408 397 408 401 408 394 409 239 409 402 409 394 410 402 410 399 410 396 411 400 411 403 411 396 412 403 412 397 412 397 413 403 413 404 413 397 414 404 414 405 414 397 415 405 415 401 415 401 416 405 416 406 416 239 417 247 417 402 417 399 418 402 418 407 418 399 419 407 419 400 419 400 420 407 420 408 420 400 421 408 421 403 421 392 422 364 422 409 422 362 423 410 423 364 423 364 424 410 424 409 424 392 425 409 425 393 425 343 426 393 426 409 426 343 427 409 427 411 427 411 428 409 428 410 428 247 429 412 429 402 429 402 430 412 430 407 430 403 431 408 431 390 431 403 432 390 432 387 432 403 433 387 433 404 433 404 434 387 434 405 434 405 435 387 435 384 435 405 436 384 436 406 436 406 437 384 437 383 437 247 438 236 438 412 438 407 439 412 439 413 439 407 440 413 440 408 440 236 441 391 441 412 441 412 442 391 442 414 442 412 443 414 443 413 443 413 444 415 444 408 444 408 445 415 445 416 445 408 446 416 446 390 446 390 447 416 447 389 447 417 448 418 448 419 448 337 449 393 449 340 449 340 450 393 450 343 450 411 451 410 451 346 451 420 452 418 452 417 452 349 453 420 453 335 453 421 454 220 454 351 454 421 455 351 455 422 455 347 456 349 456 335 456 347 457 335 457 423 457 420 458 349 458 418 458 418 459 424 459 419 459 425 460 346 460 426 460 426 461 346 461 427 461 343 462 411 462 341 462 341 463 411 463 346 463 428 464 427 464 429 464 419 465 429 465 430 465 419 466 424 466 429 466 429 467 424 467 431 467 430 468 429 468 427 468 427 469 428 469 426 469 432 470 424 470 433 470 433 471 424 471 418 471 433 472 418 472 350 472 350 473 418 473 349 473 355 474 354 474 358 474 355 475 358 475 357 475 359 476 358 476 361 476 434 477 435 477 354 477 354 478 435 478 430 478 436 479 430 479 427 479 434 480 336 480 417 480 434 481 417 481 435 481 346 482 410 482 427 482 427 483 410 483 437 483 427 484 437 484 436 484 430 485 436 485 354 485 434 486 280 486 336 486 336 487 280 487 284 487 335 488 284 488 287 488 430 489 435 489 419 489 429 490 431 490 428 490 421 491 335 491 287 491 220 492 421 492 287 492 220 493 287 493 228 493 228 494 287 494 215 494 422 495 423 495 421 495 421 496 423 496 335 496 336 497 335 497 420 497 336 498 420 498 417 498 435 499 417 499 419 499 424 500 432 500 431 500 392 501 438 501 365 501 392 502 365 502 364 502 393 503 234 503 258 503 393 504 258 504 392 504 392 505 261 505 438 505 438 506 261 506 368 506 364 507 363 507 362 507 437 508 362 508 361 508 437 509 361 509 358 509 437 510 358 510 436 510 436 511 358 511 354 511 434 512 354 512 356 512 434 513 356 513 280 513 280 514 356 514 353 514 371 515 369 515 395 515 371 516 395 516 373 516 373 517 395 517 374 517 375 518 374 518 376 518 376 519 398 519 380 519 380 520 398 520 382 520 382 521 398 521 401 521 383 522 385 522 439 522 425 523 345 523 346 523 437 524 410 524 362 524 440 525 327 525 441 525 297 526 441 526 327 526 442 527 317 527 443 527 440 528 296 528 325 528 440 529 325 529 442 529 442 530 325 530 315 530 440 531 441 531 296 531 296 532 441 532 297 532 442 533 443 533 440 533 315 534 317 534 442 534 440 535 443 535 327 535 276 536 272 536 275 536 444 537 445 537 446 537 311 538 325 538 447 538 448 539 307 539 449 539 449 540 450 540 448 540 451 541 321 541 452 541 452 542 453 542 454 542 455 543 456 543 457 543 457 544 456 544 439 544 439 545 456 545 383 545 458 546 459 546 460 546 461 547 462 547 463 547 458 548 463 548 459 548 461 549 464 549 462 549 465 550 466 550 467 550 467 551 466 551 464 551 468 552 469 552 450 552 469 553 468 553 465 553 469 554 465 554 467 554 449 555 468 555 450 555 470 556 471 556 472 556 473 557 474 557 475 557 476 558 477 558 478 558 478 559 477 559 473 559 478 560 479 560 476 560 480 561 481 561 478 561 478 562 481 562 479 562 482 563 277 563 478 563 478 564 277 564 480 564 293 565 266 565 211 565 483 566 269 566 484 566 484 567 269 567 268 567 485 568 486 568 487 568 486 569 485 569 488 569 488 570 485 570 489 570 488 571 489 571 490 571 490 572 489 572 491 572 491 573 492 573 490 573 493 574 494 574 495 574 495 575 494 575 496 575 497 576 496 576 498 576 497 577 498 577 499 577 500 578 487 578 484 578 484 579 487 579 501 579 485 580 500 580 502 580 502 581 503 581 504 581 504 582 489 582 502 582 502 583 489 583 485 583 505 584 506 584 503 584 503 585 506 585 504 585 505 586 507 586 508 586 505 587 508 587 506 587 509 588 510 588 508 588 509 589 508 589 507 589 491 590 489 590 504 590 491 591 504 591 506 591 494 592 508 592 511 592 511 593 508 593 510 593 492 594 491 594 512 594 512 595 491 595 513 595 513 596 491 596 506 596 513 597 506 597 493 597 493 598 506 598 508 598 493 599 508 599 494 599 496 600 494 600 511 600 496 601 511 601 498 601 509 602 514 602 510 602 510 603 514 603 498 603 498 604 514 604 515 604 515 605 516 605 517 605 517 606 516 606 518 606 519 607 520 607 521 607 307 608 306 608 522 608 522 609 306 609 519 609 519 610 306 610 523 610 523 611 306 611 313 611 461 612 524 612 525 612 461 613 525 613 526 613 326 614 467 614 300 614 382 615 401 615 527 615 382 616 527 616 458 616 458 617 527 617 528 617 458 618 528 618 524 618 524 619 528 619 525 619 525 620 528 620 529 620 525 621 529 621 530 621 525 622 530 622 526 622 526 623 530 623 531 623 526 624 531 624 467 624 467 625 531 625 300 625 300 626 531 626 301 626 401 627 406 627 527 627 528 628 527 628 532 628 528 629 532 629 529 629 529 630 532 630 533 630 529 631 533 631 530 631 530 632 533 632 534 632 530 633 534 633 535 633 530 634 535 634 531 634 531 635 535 635 536 635 531 636 536 636 301 636 537 637 538 637 539 637 515 638 538 638 516 638 516 639 538 639 537 639 518 640 537 640 540 640 541 641 540 641 542 641 542 642 540 642 537 642 542 643 537 643 539 643 406 644 383 644 527 644 527 645 383 645 456 645 527 646 456 646 532 646 301 647 536 647 321 647 532 648 456 648 455 648 532 649 455 649 543 649 532 650 543 650 533 650 533 651 543 651 534 651 535 652 534 652 453 652 535 653 453 653 536 653 536 654 453 654 452 654 536 655 452 655 321 655 543 656 455 656 544 656 543 657 544 657 545 657 543 658 545 658 534 658 534 659 545 659 546 659 534 660 546 660 453 660 453 661 546 661 454 661 299 662 321 662 451 662 299 663 451 663 296 663 547 664 444 664 548 664 470 665 547 665 471 665 471 666 547 666 548 666 548 667 444 667 446 667 520 668 446 668 521 668 521 669 446 669 445 669 521 670 445 670 549 670 449 671 521 671 550 671 522 672 519 672 521 672 522 673 521 673 449 673 522 674 449 674 307 674 523 675 539 675 519 675 521 676 549 676 550 676 326 677 469 677 467 677 526 678 467 678 464 678 526 679 464 679 461 679 524 680 461 680 463 680 524 681 463 681 458 681 458 682 460 682 382 682 382 683 460 683 381 683 551 684 472 684 475 684 551 685 475 685 474 685 473 686 475 686 478 686 293 687 278 687 266 687 266 688 278 688 263 688 263 689 278 689 484 689 263 690 484 690 268 690 484 691 501 691 483 691 500 692 482 692 502 692 274 693 269 693 483 693 485 694 487 694 500 694 500 695 484 695 278 695 500 696 278 696 482 696 538 697 515 697 552 697 552 698 515 698 514 698 471 699 514 699 509 699 475 700 507 700 505 700 552 701 548 701 446 701 552 702 446 702 538 702 542 703 313 703 541 703 541 704 313 704 447 704 447 705 313 705 311 705 538 706 446 706 520 706 520 707 519 707 539 707 539 708 523 708 542 708 542 709 523 709 313 709 537 710 518 710 516 710 502 711 482 711 503 711 511 712 510 712 498 712 498 713 515 713 499 713 499 714 515 714 517 714 278 715 277 715 482 715 482 716 478 716 503 716 503 717 478 717 505 717 505 718 478 718 475 718 507 719 475 719 472 719 507 720 472 720 509 720 509 721 472 721 471 721 471 722 548 722 514 722 514 723 548 723 552 723 538 724 520 724 539 724 334 725 276 725 275 725 219 726 334 726 275 726 333 727 391 727 332 727 231 728 338 728 333 728 296 729 447 729 325 729 553 730 501 730 554 730 555 731 556 731 557 731 388 732 558 732 386 732 425 733 559 733 345 733 486 734 560 734 555 734 513 735 493 735 561 735 562 736 342 736 563 736 339 737 564 737 565 737 566 738 416 738 567 738 568 739 385 739 558 739 569 740 570 740 571 740 572 741 573 741 560 741 572 742 574 742 573 742 497 743 575 743 561 743 561 744 575 744 576 744 577 745 578 745 497 745 497 746 578 746 575 746 517 747 579 747 577 747 518 748 579 748 517 748 580 749 581 749 540 749 580 750 541 750 582 750 541 751 447 751 582 751 583 752 584 752 452 752 583 753 452 753 454 753 545 754 585 754 546 754 546 755 585 755 583 755 455 756 586 756 587 756 455 757 587 757 585 757 588 758 589 758 455 758 455 759 589 759 586 759 588 760 455 760 457 760 588 761 457 761 590 761 386 762 558 762 385 762 591 763 558 763 388 763 591 764 388 764 389 764 591 765 389 765 566 765 566 766 389 766 416 766 567 767 416 767 415 767 567 768 415 768 592 768 592 769 415 769 413 769 592 770 413 770 593 770 593 771 413 771 414 771 593 772 414 772 594 772 594 773 333 773 595 773 595 774 333 774 565 774 565 775 333 775 338 775 339 776 596 776 564 776 345 777 559 777 563 777 425 778 597 778 559 778 597 779 426 779 598 779 599 780 600 780 601 780 602 781 601 781 600 781 457 782 439 782 590 782 590 783 439 783 568 783 568 784 439 784 385 784 585 785 545 785 544 785 585 786 544 786 455 786 583 787 454 787 546 787 451 788 452 788 603 788 603 789 452 789 584 789 582 790 447 790 604 790 604 791 447 791 296 791 604 792 296 792 603 792 603 793 296 793 451 793 541 794 580 794 540 794 540 795 579 795 518 795 581 796 579 796 540 796 577 797 499 797 517 797 577 798 497 798 499 798 495 799 496 799 561 799 561 800 496 800 497 800 495 801 561 801 493 801 605 802 490 802 492 802 490 803 572 803 488 803 560 804 486 804 488 804 483 805 501 805 553 805 351 806 219 806 606 806 423 807 422 807 606 807 607 808 608 808 348 808 608 809 350 809 348 809 609 810 433 810 610 810 433 811 609 811 432 811 609 812 611 812 432 812 432 813 611 813 431 813 612 814 431 814 611 814 428 815 431 815 612 815 426 816 428 816 598 816 598 817 428 817 612 817 425 818 426 818 597 818 563 819 342 819 345 819 565 820 338 820 339 820 596 821 339 821 344 821 596 822 344 822 562 822 562 823 344 823 342 823 594 824 414 824 391 824 594 825 391 825 333 825 512 826 513 826 613 826 613 827 513 827 561 827 613 828 561 828 614 828 512 829 613 829 615 829 492 830 512 830 605 830 605 831 512 831 615 831 615 832 574 832 605 832 572 833 605 833 574 833 605 834 572 834 490 834 572 835 560 835 488 835 560 836 573 836 555 836 573 837 556 837 555 837 555 838 487 838 486 838 556 839 616 839 557 839 487 840 555 840 554 840 554 841 555 841 557 841 557 842 616 842 554 842 554 843 616 843 617 843 618 844 617 844 616 844 570 845 617 845 618 845 570 846 553 846 617 846 617 847 553 847 554 847 553 848 570 848 483 848 554 849 501 849 487 849 274 850 483 850 619 850 619 851 483 851 570 851 619 852 275 852 274 852 571 853 570 853 618 853 275 854 619 854 219 854 606 855 619 855 620 855 620 856 619 856 569 856 571 857 621 857 569 857 619 858 570 858 569 858 620 859 569 859 621 859 602 860 600 860 621 860 621 861 600 861 620 861 606 862 620 862 600 862 422 863 351 863 606 863 607 864 347 864 423 864 600 865 423 865 606 865 606 866 219 866 619 866 600 867 599 867 607 867 607 868 599 868 622 868 607 869 423 869 600 869 623 870 607 870 622 870 607 871 623 871 608 871 607 872 348 872 347 872 610 873 433 873 350 873 610 874 350 874 608 874 624 875 571 875 618 875 624 876 618 876 625 876 618 877 616 877 625 877 626 878 583 878 585 878 627 879 567 879 592 879 628 880 596 880 562 880 621 881 629 881 602 881 630 882 623 882 622 882 580 883 631 883 581 883 581 884 631 884 579 884 579 885 631 885 632 885 579 886 632 886 633 886 577 887 579 887 633 887 634 888 577 888 633 888 635 889 613 889 636 889 636 890 613 890 614 890 636 891 614 891 637 891 637 892 614 892 561 892 574 893 638 893 573 893 573 894 638 894 639 894 640 895 625 895 641 895 641 896 625 896 616 896 641 897 616 897 556 897 641 898 556 898 642 898 642 899 556 899 573 899 642 900 573 900 639 900 624 901 625 901 640 901 624 902 640 902 643 902 624 903 643 903 571 903 644 904 645 904 646 904 647 905 648 905 649 905 647 906 649 906 650 906 647 907 650 907 651 907 651 908 650 908 652 908 651 909 652 909 653 909 653 910 652 910 654 910 653 911 654 911 655 911 656 912 655 912 657 912 656 913 657 913 658 913 659 914 658 914 660 914 659 915 660 915 661 915 659 916 661 916 662 916 662 917 661 917 663 917 662 918 663 918 664 918 664 919 663 919 665 919 664 920 665 920 666 920 666 921 665 921 667 921 666 922 667 922 668 922 668 923 667 923 669 923 668 924 669 924 631 924 631 925 669 925 670 925 631 926 670 926 632 926 632 927 670 927 671 927 632 928 671 928 633 928 634 929 633 929 672 929 634 930 672 930 673 930 634 931 673 931 674 931 674 932 673 932 675 932 674 933 675 933 676 933 676 934 675 934 677 934 678 935 677 935 679 935 636 936 637 936 680 936 636 937 680 937 681 937 636 938 681 938 682 938 640 939 683 939 684 939 640 940 684 940 685 940 686 941 685 941 687 941 648 942 688 942 649 942 660 943 689 943 690 943 660 944 690 944 661 944 661 945 690 945 691 945 661 946 691 946 663 946 663 947 691 947 665 947 665 948 691 948 692 948 665 949 692 949 667 949 667 950 692 950 693 950 667 951 693 951 669 951 669 952 693 952 694 952 669 953 694 953 670 953 670 954 694 954 671 954 671 955 694 955 646 955 671 956 646 956 645 956 672 957 644 957 695 957 672 958 695 958 673 958 673 959 695 959 696 959 673 960 696 960 675 960 675 961 696 961 697 961 675 962 697 962 677 962 677 963 697 963 698 963 677 964 698 964 679 964 679 965 698 965 699 965 679 966 699 966 680 966 682 967 681 967 700 967 682 968 700 968 701 968 683 969 702 969 703 969 685 970 684 970 704 970 685 971 704 971 687 971 652 972 650 972 705 972 655 973 654 973 706 973 655 974 706 974 657 974 658 975 657 975 689 975 658 976 689 976 660 976 633 977 671 977 645 977 633 978 645 978 672 978 672 979 645 979 644 979 637 980 679 980 680 980 707 981 682 981 701 981 707 982 701 982 708 982 708 983 701 983 709 983 708 984 709 984 710 984 710 985 709 985 702 985 710 986 702 986 683 986 683 987 703 987 684 987 711 988 712 988 647 988 711 989 647 989 651 989 651 990 653 990 713 990 587 991 713 991 656 991 584 992 714 992 603 992 603 993 714 993 662 993 603 994 662 994 604 994 604 995 662 995 664 995 604 996 664 996 666 996 604 997 666 997 582 997 582 998 666 998 668 998 582 999 668 999 580 999 580 1000 668 1000 631 1000 590 1001 712 1001 588 1001 588 1002 712 1002 711 1002 588 1003 711 1003 589 1003 589 1004 711 1004 651 1004 589 1005 651 1005 586 1005 586 1006 651 1006 713 1006 586 1007 713 1007 587 1007 585 1008 587 1008 656 1008 585 1009 656 1009 626 1009 626 1010 656 1010 715 1010 626 1011 715 1011 583 1011 583 1012 715 1012 714 1012 583 1013 714 1013 584 1013 615 1014 613 1014 635 1014 615 1015 635 1015 707 1015 615 1016 707 1016 574 1016 574 1017 707 1017 638 1017 577 1018 634 1018 578 1018 578 1019 634 1019 674 1019 578 1020 674 1020 575 1020 575 1021 674 1021 676 1021 575 1022 676 1022 576 1022 576 1023 678 1023 561 1023 561 1024 678 1024 637 1024 641 1025 642 1025 683 1025 641 1026 683 1026 640 1026 643 1027 640 1027 686 1027 712 1028 648 1028 647 1028 713 1029 653 1029 655 1029 713 1030 655 1030 656 1030 656 1031 658 1031 715 1031 715 1032 658 1032 659 1032 715 1033 659 1033 714 1033 714 1034 659 1034 662 1034 576 1035 676 1035 677 1035 576 1036 677 1036 678 1036 637 1037 678 1037 679 1037 635 1038 636 1038 682 1038 635 1039 682 1039 707 1039 638 1040 707 1040 708 1040 638 1041 708 1041 639 1041 639 1042 708 1042 710 1042 639 1043 710 1043 642 1043 642 1044 710 1044 683 1044 686 1045 640 1045 685 1045 716 1046 621 1046 571 1046 716 1047 629 1047 621 1047 717 1048 601 1048 718 1048 718 1049 601 1049 602 1049 718 1050 602 1050 719 1050 719 1051 602 1051 629 1051 719 1052 629 1052 716 1052 622 1053 599 1053 717 1053 717 1054 599 1054 601 1054 622 1055 717 1055 630 1055 611 1056 720 1056 612 1056 721 1057 596 1057 722 1057 722 1058 596 1058 628 1058 722 1059 628 1059 562 1059 566 1060 723 1060 591 1060 724 1061 686 1061 687 1061 724 1062 687 1062 725 1062 718 1063 725 1063 726 1063 718 1064 726 1064 727 1064 728 1065 727 1065 729 1065 728 1066 729 1066 730 1066 720 1067 731 1067 732 1067 733 1068 732 1068 734 1068 733 1069 734 1069 735 1069 736 1070 735 1070 737 1070 736 1071 737 1071 738 1071 736 1072 738 1072 739 1072 739 1073 738 1073 740 1073 739 1074 740 1074 741 1074 722 1075 741 1075 742 1075 722 1076 742 1076 743 1076 722 1077 743 1077 721 1077 721 1078 743 1078 744 1078 721 1079 744 1079 745 1079 721 1080 745 1080 746 1080 746 1081 745 1081 747 1081 746 1082 747 1082 748 1082 746 1083 748 1083 749 1083 749 1084 748 1084 750 1084 749 1085 750 1085 751 1085 751 1086 750 1086 752 1086 751 1087 752 1087 753 1087 753 1088 752 1088 754 1088 753 1089 754 1089 755 1089 756 1090 755 1090 757 1090 756 1091 757 1091 758 1091 758 1092 757 1092 759 1092 758 1093 759 1093 760 1093 760 1094 759 1094 761 1094 760 1095 761 1095 762 1095 762 1096 761 1096 763 1096 730 1097 729 1097 764 1097 732 1098 765 1098 766 1098 732 1099 766 1099 734 1099 734 1100 766 1100 767 1100 737 1101 767 1101 768 1101 737 1102 768 1102 738 1102 738 1103 768 1103 769 1103 738 1104 769 1104 740 1104 740 1105 769 1105 770 1105 740 1106 770 1106 771 1106 742 1107 771 1107 772 1107 742 1108 772 1108 743 1108 743 1109 772 1109 773 1109 743 1110 773 1110 744 1110 744 1111 773 1111 774 1111 744 1112 774 1112 745 1112 745 1113 774 1113 775 1113 745 1114 775 1114 747 1114 747 1115 775 1115 776 1115 747 1116 776 1116 748 1116 748 1117 776 1117 777 1117 748 1118 777 1118 750 1118 750 1119 777 1119 778 1119 750 1120 778 1120 752 1120 752 1121 778 1121 754 1121 727 1122 726 1122 779 1122 727 1123 779 1123 729 1123 730 1124 764 1124 780 1124 780 1125 764 1125 781 1125 780 1126 781 1126 782 1126 782 1127 781 1127 783 1127 782 1128 783 1128 731 1128 731 1129 783 1129 765 1129 731 1130 765 1130 732 1130 735 1131 734 1131 767 1131 735 1132 767 1132 737 1132 741 1133 740 1133 771 1133 741 1134 771 1134 742 1134 755 1135 754 1135 784 1135 755 1136 784 1136 757 1136 759 1137 785 1137 761 1137 763 1138 761 1138 786 1138 763 1139 786 1139 688 1139 763 1140 688 1140 648 1140 571 1141 643 1141 716 1141 623 1142 630 1142 787 1142 623 1143 787 1143 788 1143 623 1144 788 1144 608 1144 608 1145 788 1145 610 1145 610 1146 788 1146 789 1146 610 1147 789 1147 609 1147 609 1148 789 1148 611 1148 643 1149 686 1149 716 1149 716 1150 686 1150 724 1150 716 1151 724 1151 719 1151 717 1152 728 1152 630 1152 630 1153 728 1153 787 1153 611 1154 789 1154 720 1154 612 1155 720 1155 733 1155 612 1156 733 1156 598 1156 598 1157 733 1157 735 1157 598 1158 735 1158 597 1158 597 1159 735 1159 736 1159 597 1160 736 1160 559 1160 559 1161 736 1161 563 1161 563 1162 736 1162 739 1162 563 1163 739 1163 562 1163 591 1164 723 1164 558 1164 558 1165 723 1165 790 1165 558 1166 790 1166 568 1166 568 1167 790 1167 712 1167 568 1168 712 1168 590 1168 762 1169 790 1169 723 1169 762 1170 723 1170 760 1170 760 1171 723 1171 758 1171 758 1172 723 1172 566 1172 758 1173 566 1173 756 1173 756 1174 566 1174 567 1174 756 1175 567 1175 755 1175 755 1176 567 1176 627 1176 755 1177 627 1177 753 1177 753 1178 627 1178 592 1178 753 1179 592 1179 751 1179 751 1180 592 1180 593 1180 751 1181 593 1181 749 1181 749 1182 593 1182 594 1182 749 1183 594 1183 746 1183 746 1184 594 1184 595 1184 746 1185 595 1185 565 1185 746 1186 565 1186 721 1186 721 1187 565 1187 564 1187 721 1188 564 1188 596 1188 719 1189 724 1189 725 1189 719 1190 725 1190 718 1190 717 1191 718 1191 727 1191 717 1192 727 1192 728 1192 787 1193 728 1193 730 1193 787 1194 730 1194 788 1194 788 1195 730 1195 780 1195 788 1196 780 1196 782 1196 788 1197 782 1197 789 1197 789 1198 782 1198 731 1198 789 1199 731 1199 720 1199 720 1200 732 1200 733 1200 562 1201 739 1201 741 1201 562 1202 741 1202 722 1202 790 1203 762 1203 763 1203 790 1204 763 1204 712 1204 712 1205 763 1205 648 1205 791 1206 792 1206 646 1206 704 1207 684 1207 793 1207 684 1208 703 1208 793 1208 793 1209 703 1209 794 1209 702 1210 794 1210 703 1210 795 1211 796 1211 681 1211 681 1212 796 1212 797 1212 798 1213 695 1213 799 1213 680 1214 795 1214 681 1214 681 1215 797 1215 700 1215 797 1216 800 1216 700 1216 701 1217 700 1217 800 1217 701 1218 800 1218 801 1218 701 1219 801 1219 709 1219 709 1220 801 1220 802 1220 709 1221 802 1221 702 1221 702 1222 802 1222 794 1222 803 1223 697 1223 804 1223 805 1224 804 1224 696 1224 805 1225 696 1225 798 1225 799 1226 644 1226 792 1226 795 1227 680 1227 806 1227 804 1228 697 1228 696 1228 798 1229 696 1229 695 1229 799 1230 695 1230 644 1230 792 1231 644 1231 646 1231 806 1232 680 1232 699 1232 806 1233 699 1233 807 1233 807 1234 699 1234 698 1234 807 1235 698 1235 803 1235 803 1236 698 1236 697 1236 808 1237 726 1237 725 1237 725 1238 809 1238 808 1238 687 1239 810 1239 725 1239 725 1240 810 1240 809 1240 704 1241 811 1241 687 1241 687 1242 811 1242 810 1242 812 1243 770 1243 813 1243 813 1244 770 1244 769 1244 808 1245 814 1245 726 1245 726 1246 814 1246 779 1246 779 1247 814 1247 729 1247 729 1248 814 1248 815 1248 729 1249 815 1249 816 1249 729 1250 816 1250 764 1250 764 1251 816 1251 817 1251 764 1252 817 1252 781 1252 818 1253 813 1253 768 1253 768 1254 813 1254 769 1254 766 1255 819 1255 820 1255 766 1256 820 1256 821 1256 767 1257 821 1257 818 1257 781 1258 822 1258 783 1258 783 1259 822 1259 823 1259 767 1260 766 1260 821 1260 781 1261 817 1261 822 1261 765 1262 783 1262 823 1262 765 1263 823 1263 824 1263 765 1264 824 1264 766 1264 766 1265 824 1265 819 1265 767 1266 818 1266 768 1266 825 1267 770 1267 812 1267 649 1268 826 1268 827 1268 649 1269 827 1269 828 1269 649 1270 828 1270 650 1270 650 1271 828 1271 705 1271 705 1272 828 1272 829 1272 705 1273 829 1273 830 1273 705 1274 830 1274 652 1274 831 1275 706 1275 654 1275 831 1276 654 1276 832 1276 832 1277 654 1277 652 1277 832 1278 652 1278 830 1278 706 1279 831 1279 833 1279 706 1280 833 1280 657 1280 834 1281 657 1281 835 1281 835 1282 657 1282 833 1282 836 1283 690 1283 689 1283 836 1284 689 1284 834 1284 834 1285 689 1285 657 1285 837 1286 693 1286 692 1286 836 1287 838 1287 690 1287 690 1288 838 1288 839 1288 690 1289 839 1289 691 1289 691 1290 839 1290 840 1290 691 1291 840 1291 841 1291 691 1292 841 1292 692 1292 692 1293 841 1293 837 1293 842 1294 694 1294 693 1294 842 1295 693 1295 843 1295 843 1296 693 1296 837 1296 694 1297 842 1297 844 1297 694 1298 844 1298 791 1298 694 1299 791 1299 646 1299 649 1300 688 1300 826 1300 826 1301 688 1301 845 1301 845 1302 688 1302 786 1302 845 1303 786 1303 846 1303 847 1304 848 1304 785 1304 785 1305 848 1305 761 1305 761 1306 848 1306 849 1306 761 1307 849 1307 786 1307 786 1308 849 1308 846 1308 847 1309 785 1309 759 1309 850 1310 851 1310 784 1310 784 1311 851 1311 852 1311 784 1312 852 1312 757 1312 757 1313 852 1313 759 1313 759 1314 852 1314 847 1314 850 1315 784 1315 754 1315 850 1316 754 1316 853 1316 853 1317 754 1317 778 1317 853 1318 778 1318 854 1318 854 1319 778 1319 855 1319 855 1320 778 1320 777 1320 856 1321 855 1321 777 1321 777 1322 776 1322 856 1322 856 1323 776 1323 857 1323 857 1324 776 1324 858 1324 858 1325 776 1325 775 1325 774 1326 859 1326 775 1326 859 1327 858 1327 775 1327 859 1328 774 1328 860 1328 860 1329 774 1329 773 1329 860 1330 773 1330 861 1330 861 1331 773 1331 772 1331 861 1332 772 1332 862 1332 862 1333 772 1333 825 1333 825 1334 772 1334 771 1334 825 1335 771 1335 770 1335 863 1336 792 1336 791 1336 803 1337 864 1337 807 1337 864 1338 803 1338 804 1338 864 1339 805 1339 798 1339 804 1340 805 1340 864 1340 796 1341 795 1341 806 1341 812 1342 813 1342 865 1342 820 1343 819 1343 866 1343 820 1344 867 1344 821 1344 867 1345 818 1345 821 1345 865 1346 818 1346 867 1346 813 1347 818 1347 865 1347 867 1348 820 1348 866 1348 823 1349 822 1349 817 1349 815 1350 817 1350 816 1350 824 1351 823 1351 866 1351 824 1352 866 1352 819 1352 825 1353 812 1353 868 1353 869 1354 829 1354 828 1354 857 1355 858 1355 870 1355 863 1356 791 1356 844 1356 871 1357 844 1357 842 1357 842 1358 843 1358 871 1358 843 1359 837 1359 872 1359 872 1360 837 1360 841 1360 873 1361 840 1361 839 1361 873 1362 839 1362 838 1362 873 1363 838 1363 874 1363 874 1364 838 1364 836 1364 874 1365 836 1365 875 1365 875 1366 836 1366 834 1366 875 1367 834 1367 876 1367 876 1368 834 1368 835 1368 876 1369 835 1369 877 1369 877 1370 835 1370 833 1370 877 1371 833 1371 831 1371 878 1372 832 1372 830 1372 878 1373 830 1373 829 1373 878 1374 829 1374 869 1374 869 1375 828 1375 879 1375 879 1376 828 1376 827 1376 879 1377 827 1377 826 1377 879 1378 826 1378 880 1378 880 1379 826 1379 845 1379 881 1380 848 1380 847 1380 860 1381 861 1381 882 1381 862 1382 825 1382 868 1382 841 1383 840 1383 873 1383 831 1384 832 1384 878 1384 880 1385 845 1385 883 1385 883 1386 845 1386 846 1386 883 1387 846 1387 849 1387 849 1388 848 1388 881 1388 881 1389 847 1389 884 1389 884 1390 847 1390 852 1390 884 1391 852 1391 885 1391 885 1392 852 1392 851 1392 885 1393 851 1393 886 1393 886 1394 851 1394 850 1394 850 1395 853 1395 886 1395 853 1396 854 1396 887 1396 887 1397 854 1397 855 1397 887 1398 855 1398 888 1398 888 1399 855 1399 856 1399 856 1400 857 1400 870 1400 870 1401 858 1401 859 1401 882 1402 861 1402 862 1402 863 1403 844 1403 871 1403 871 1404 843 1404 872 1404 872 1405 841 1405 873 1405 877 1406 831 1406 878 1406 883 1407 849 1407 881 1407 886 1408 853 1408 887 1408 888 1409 856 1409 870 1409 859 1410 860 1410 882 1410 882 1411 862 1411 868 1411 889 1412 890 1412 877 1412 890 1413 876 1413 877 1413 889 1414 877 1414 878 1414 889 1415 878 1415 891 1415 891 1416 878 1416 869 1416 891 1417 869 1417 892 1417 892 1418 869 1418 879 1418 892 1419 879 1419 880 1419 892 1420 880 1420 893 1420 893 1421 880 1421 883 1421 893 1422 883 1422 894 1422 895 1423 875 1423 890 1423 890 1424 875 1424 876 1424 793 1425 896 1425 704 1425 704 1426 896 1426 897 1426 894 1427 883 1427 898 1427 895 1428 874 1428 875 1428 899 1429 900 1429 885 1429 898 1430 883 1430 881 1430 901 1431 704 1431 897 1431 870 1432 902 1432 888 1432 859 1433 903 1433 870 1433 870 1434 903 1434 902 1434 885 1435 886 1435 899 1435 899 1436 886 1436 902 1436 902 1437 886 1437 887 1437 902 1438 887 1438 888 1438 900 1439 884 1439 885 1439 898 1440 881 1440 900 1440 900 1441 881 1441 884 1441 796 1442 904 1442 797 1442 801 1443 905 1443 802 1443 802 1444 905 1444 906 1444 863 1445 907 1445 792 1445 800 1446 905 1446 801 1446 794 1447 896 1447 793 1447 904 1448 796 1448 908 1448 874 1449 895 1449 873 1449 873 1450 895 1450 909 1450 873 1451 909 1451 872 1451 872 1452 909 1452 910 1452 872 1453 910 1453 871 1453 871 1454 910 1454 911 1454 871 1455 911 1455 863 1455 863 1456 911 1456 912 1456 863 1457 912 1457 907 1457 797 1458 904 1458 800 1458 800 1459 904 1459 905 1459 704 1460 901 1460 811 1460 811 1461 901 1461 913 1461 811 1462 913 1462 810 1462 810 1463 913 1463 914 1463 810 1464 914 1464 809 1464 809 1465 914 1465 915 1465 809 1466 915 1466 808 1466 808 1467 915 1467 814 1467 814 1468 915 1468 815 1468 815 1469 915 1469 916 1469 815 1470 916 1470 817 1470 903 1471 859 1471 882 1471 903 1472 882 1472 917 1472 917 1473 882 1473 918 1473 918 1474 882 1474 868 1474 918 1475 868 1475 919 1475 919 1476 868 1476 812 1476 907 1477 864 1477 798 1477 798 1478 799 1478 907 1478 802 1479 906 1479 794 1479 794 1480 906 1480 896 1480 920 1481 867 1481 921 1481 921 1482 867 1482 866 1482 921 1483 866 1483 922 1483 922 1484 866 1484 823 1484 922 1485 823 1485 923 1485 865 1486 867 1486 924 1486 924 1487 867 1487 920 1487 823 1488 817 1488 923 1488 923 1489 817 1489 916 1489 908 1490 796 1490 925 1490 924 1491 919 1491 865 1491 865 1492 919 1492 812 1492 925 1493 796 1493 806 1493 792 1494 907 1494 799 1494 925 1495 806 1495 807 1495 864 1496 907 1496 926 1496 864 1497 926 1497 807 1497 807 1498 926 1498 925 1498 927 1499 928 1499 894 1499 927 1500 894 1500 929 1500 929 1501 894 1501 930 1501 930 1502 894 1502 931 1502 930 1503 931 1503 932 1503 932 1504 898 1504 933 1504 933 1505 898 1505 934 1505 933 1506 934 1506 935 1506 935 1507 934 1507 900 1507 935 1508 900 1508 936 1508 936 1509 900 1509 937 1509 938 1510 937 1510 939 1510 939 1511 899 1511 940 1511 940 1512 899 1512 941 1512 940 1513 941 1513 942 1513 942 1514 941 1514 902 1514 942 1515 902 1515 943 1515 943 1516 902 1516 944 1516 945 1517 946 1517 903 1517 945 1518 903 1518 947 1518 947 1519 903 1519 948 1519 948 1520 903 1520 917 1520 948 1521 917 1521 949 1521 950 1522 949 1522 918 1522 951 1523 928 1523 927 1523 952 1524 936 1524 937 1524 952 1525 937 1525 938 1525 950 1526 918 1526 953 1526 954 1527 946 1527 945 1527 954 1528 943 1528 944 1528 954 1529 944 1529 946 1529 931 1530 894 1530 898 1530 934 1531 898 1531 900 1531 937 1532 900 1532 899 1532 944 1533 902 1533 903 1533 941 1534 899 1534 902 1534 946 1535 944 1535 903 1535 949 1536 917 1536 918 1536 928 1537 893 1537 894 1537 932 1538 931 1538 898 1538 939 1539 937 1539 899 1539 955 1540 892 1540 893 1540 955 1541 893 1541 928 1541 891 1542 892 1542 956 1542 956 1543 892 1543 955 1543 956 1544 955 1544 957 1544 955 1545 928 1545 951 1545 889 1546 891 1546 958 1546 957 1547 955 1547 959 1547 959 1548 955 1548 951 1548 891 1549 956 1549 960 1549 960 1550 956 1550 957 1550 890 1551 889 1551 961 1551 958 1552 891 1552 962 1552 962 1553 891 1553 960 1553 961 1554 889 1554 963 1554 889 1555 958 1555 964 1555 964 1556 958 1556 962 1556 895 1557 890 1557 965 1557 963 1558 889 1558 964 1558 890 1559 961 1559 966 1559 966 1560 961 1560 963 1560 967 1561 890 1561 966 1561 968 1562 909 1562 895 1562 965 1563 890 1563 967 1563 966 1564 963 1564 964 1564 969 1565 965 1565 967 1565 910 1566 909 1566 970 1566 968 1567 895 1567 971 1567 971 1568 895 1568 972 1568 972 1569 895 1569 973 1569 970 1570 968 1570 974 1570 974 1571 968 1571 971 1571 975 1572 911 1572 910 1572 910 1573 970 1573 976 1573 976 1574 970 1574 974 1574 977 1575 978 1575 912 1575 978 1576 979 1576 912 1576 980 1577 977 1577 911 1577 911 1578 977 1578 912 1578 911 1579 975 1579 980 1579 980 1580 975 1580 981 1580 976 1581 981 1581 910 1581 910 1582 981 1582 975 1582 969 1583 973 1583 965 1583 965 1584 973 1584 895 1584 968 1585 970 1585 909 1585 982 1586 953 1586 919 1586 919 1587 953 1587 918 1587 983 1588 921 1588 922 1588 984 1589 924 1589 920 1589 916 1590 985 1590 923 1590 913 1591 986 1591 914 1591 987 1592 988 1592 921 1592 921 1593 988 1593 920 1593 982 1594 919 1594 989 1594 984 1595 990 1595 924 1595 990 1596 989 1596 919 1596 990 1597 919 1597 924 1597 983 1598 987 1598 921 1598 922 1599 923 1599 991 1599 983 1600 922 1600 992 1600 992 1601 922 1601 991 1601 988 1602 990 1602 984 1602 988 1603 984 1603 920 1603 986 1604 993 1604 994 1604 913 1605 993 1605 986 1605 914 1606 995 1606 915 1606 915 1607 995 1607 996 1607 915 1608 996 1608 916 1608 916 1609 996 1609 997 1609 916 1610 997 1610 985 1610 923 1611 985 1611 991 1611 896 1612 998 1612 897 1612 901 1613 993 1613 913 1613 908 1614 999 1614 1000 1614 905 1615 904 1615 1001 1615 925 1616 999 1616 908 1616 1002 1617 1003 1617 1004 1617 1005 1618 1006 1618 907 1618 1005 1619 907 1619 1007 1619 1008 1620 1006 1620 1003 1620 1008 1621 1003 1621 1002 1621 926 1622 907 1622 1006 1622 926 1623 1006 1623 1008 1623 1008 1624 1002 1624 1004 1624 904 1625 1009 1625 1010 1625 1011 1626 1012 1626 906 1626 1010 1627 1001 1627 904 1627 1009 1628 904 1628 908 1628 1009 1629 908 1629 1000 1629 1011 1630 906 1630 905 1630 1000 1631 999 1631 1013 1631 1013 1632 999 1632 925 1632 1013 1633 925 1633 1004 1633 905 1634 1001 1634 1014 1634 905 1635 1014 1635 1011 1635 901 1636 897 1636 993 1636 998 1637 896 1637 1012 1637 1012 1638 896 1638 906 1638 1008 1639 1004 1639 925 1639 1008 1640 925 1640 926 1640 1007 1641 912 1641 979 1641 907 1642 912 1642 1007 1642 1015 1643 979 1643 1016 1643 1016 1644 979 1644 978 1644 1016 1645 978 1645 1017 1645 1017 1646 978 1646 977 1646 1017 1647 977 1647 980 1647 1017 1648 980 1648 1018 1648 1018 1649 980 1649 1019 1649 980 1650 981 1650 1019 1650 1019 1651 981 1651 976 1651 1019 1652 976 1652 1020 1652 1020 1653 976 1653 974 1653 1020 1654 974 1654 1021 1654 1021 1655 974 1655 1022 1655 1022 1656 974 1656 971 1656 1022 1657 971 1657 1023 1657 1023 1658 971 1658 972 1658 1023 1659 972 1659 1024 1659 1024 1660 972 1660 973 1660 1024 1661 973 1661 969 1661 1024 1662 969 1662 1025 1662 1025 1663 969 1663 967 1663 1025 1664 967 1664 1026 1664 1026 1665 967 1665 1027 1665 1027 1666 967 1666 966 1666 1027 1667 966 1667 1028 1667 1028 1668 966 1668 964 1668 1028 1669 964 1669 1029 1669 1029 1670 964 1670 1030 1670 1030 1671 964 1671 962 1671 1030 1672 962 1672 1031 1672 1031 1673 962 1673 960 1673 1031 1674 960 1674 957 1674 1031 1675 957 1675 1032 1675 1032 1676 957 1676 1033 1676 1033 1677 957 1677 959 1677 1033 1678 959 1678 1034 1678 1034 1679 959 1679 951 1679 1034 1680 951 1680 1035 1680 1035 1681 951 1681 927 1681 1035 1682 927 1682 1036 1682 1036 1683 927 1683 929 1683 1036 1684 929 1684 1037 1684 1037 1685 929 1685 930 1685 1037 1686 930 1686 1038 1686 1038 1687 930 1687 932 1687 1038 1688 932 1688 1039 1688 1039 1689 932 1689 933 1689 1039 1690 933 1690 1040 1690 1040 1691 933 1691 935 1691 1040 1692 935 1692 1041 1692 1041 1693 935 1693 936 1693 1041 1694 936 1694 952 1694 1041 1695 952 1695 1042 1695 1042 1696 952 1696 1043 1696 1043 1697 952 1697 938 1697 1043 1698 938 1698 939 1698 1043 1699 939 1699 1044 1699 1044 1700 939 1700 940 1700 1044 1701 940 1701 1045 1701 1045 1702 940 1702 942 1702 1045 1703 942 1703 1046 1703 1046 1704 942 1704 943 1704 1046 1705 943 1705 1047 1705 1047 1706 943 1706 954 1706 945 1707 1048 1707 954 1707 954 1708 1048 1708 1047 1708 1048 1709 945 1709 947 1709 1048 1710 947 1710 1049 1710 1049 1711 947 1711 1050 1711 953 1712 1051 1712 950 1712 950 1713 1051 1713 1052 1713 950 1714 1052 1714 949 1714 949 1715 1052 1715 1050 1715 949 1716 1050 1716 948 1716 948 1717 1050 1717 947 1717 953 1718 982 1718 1051 1718 1051 1719 982 1719 1053 1719 993 1720 1054 1720 994 1720 994 1721 1054 1721 1055 1721 994 1722 1055 1722 986 1722 986 1723 1055 1723 914 1723 914 1724 1055 1724 1056 1724 914 1725 1056 1725 995 1725 995 1726 1056 1726 1057 1726 995 1727 1057 1727 996 1727 996 1728 1057 1728 1058 1728 996 1729 1058 1729 997 1729 997 1730 1058 1730 1059 1730 997 1731 1059 1731 1060 1731 997 1732 1060 1732 985 1732 985 1733 1060 1733 991 1733 991 1734 1060 1734 1061 1734 991 1735 1061 1735 1062 1735 991 1736 1062 1736 992 1736 992 1737 1062 1737 1063 1737 992 1738 1063 1738 983 1738 1063 1739 1064 1739 983 1739 983 1740 1064 1740 987 1740 987 1741 1064 1741 1065 1741 987 1742 1065 1742 988 1742 988 1743 1065 1743 1066 1743 988 1744 1066 1744 1067 1744 988 1745 1067 1745 990 1745 990 1746 1067 1746 1068 1746 990 1747 1068 1747 989 1747 989 1748 1068 1748 1069 1748 1053 1749 982 1749 1069 1749 1069 1750 982 1750 989 1750 1007 1751 1070 1751 1071 1751 1007 1752 1071 1752 1005 1752 1005 1753 1071 1753 1006 1753 1006 1754 1071 1754 1072 1754 1006 1755 1072 1755 1073 1755 1006 1756 1073 1756 1003 1756 1073 1757 1074 1757 1003 1757 1003 1758 1074 1758 1004 1758 1004 1759 1074 1759 1075 1759 1004 1760 1075 1760 1013 1760 1013 1761 1075 1761 1076 1761 1013 1762 1076 1762 1077 1762 1013 1763 1077 1763 1000 1763 1000 1764 1077 1764 1078 1764 1000 1765 1078 1765 1009 1765 1009 1766 1078 1766 1079 1766 1079 1767 1080 1767 1009 1767 1009 1768 1080 1768 1010 1768 1010 1769 1080 1769 1081 1769 1010 1770 1081 1770 1001 1770 1001 1771 1081 1771 1082 1771 1001 1772 1082 1772 1014 1772 1054 1773 993 1773 897 1773 1054 1774 897 1774 1083 1774 1083 1775 897 1775 998 1775 1083 1776 998 1776 1084 1776 1084 1777 998 1777 1012 1777 1084 1778 1012 1778 1085 1778 1085 1779 1012 1779 1011 1779 1085 1780 1011 1780 1014 1780 1085 1781 1014 1781 1082 1781 1015 1782 1070 1782 979 1782 979 1783 1070 1783 1007 1783 1034 1784 1086 1784 1033 1784 1033 1785 1086 1785 1087 1785 1033 1786 1087 1786 1032 1786 1032 1787 1087 1787 1031 1787 1031 1788 1087 1788 1088 1788 1031 1789 1088 1789 1030 1789 1030 1790 1088 1790 1089 1790 1030 1791 1089 1791 1029 1791 1029 1792 1089 1792 1090 1792 1029 1793 1090 1793 1028 1793 1028 1794 1090 1794 1091 1794 1028 1795 1091 1795 1027 1795 1027 1796 1091 1796 1026 1796 1026 1797 1091 1797 1092 1797 1026 1798 1092 1798 1025 1798 1025 1799 1092 1799 1093 1799 1025 1800 1093 1800 1024 1800 1024 1801 1093 1801 1023 1801 1023 1802 1093 1802 1094 1802 1023 1803 1094 1803 1022 1803 1022 1804 1094 1804 1021 1804 1021 1805 1094 1805 1095 1805 1021 1806 1095 1806 1020 1806 1020 1807 1095 1807 1019 1807 1018 1808 1019 1808 1095 1808 1015 1809 1016 1809 1070 1809 1052 1810 1053 1810 1096 1810 1051 1811 1053 1811 1052 1811 1097 1812 1098 1812 1043 1812 1052 1813 1096 1813 1050 1813 1050 1814 1096 1814 1049 1814 1049 1815 1096 1815 1099 1815 1049 1816 1099 1816 1048 1816 1047 1817 1099 1817 1100 1817 1047 1818 1100 1818 1046 1818 1046 1819 1100 1819 1045 1819 1045 1820 1100 1820 1097 1820 1045 1821 1097 1821 1044 1821 1044 1822 1097 1822 1043 1822 1043 1823 1098 1823 1042 1823 1042 1824 1098 1824 1041 1824 1041 1825 1098 1825 1101 1825 1040 1826 1101 1826 1102 1826 1038 1827 1102 1827 1103 1827 1041 1828 1101 1828 1040 1828 1040 1829 1102 1829 1039 1829 1039 1830 1102 1830 1038 1830 1038 1831 1103 1831 1037 1831 1037 1832 1103 1832 1104 1832 1037 1833 1104 1833 1036 1833 1048 1834 1099 1834 1047 1834 1104 1835 1105 1835 1036 1835 1036 1836 1105 1836 1035 1836 1034 1837 1035 1837 1086 1837 1086 1838 1035 1838 1105 1838 1057 1839 1056 1839 1058 1839 1106 1840 1068 1840 1067 1840 1065 1841 1107 1841 1066 1841 1107 1842 1065 1842 1064 1842 1069 1843 1068 1843 1106 1843 1107 1844 1106 1844 1067 1844 1106 1845 1053 1845 1069 1845 1107 1846 1067 1846 1066 1846 1063 1847 1062 1847 1064 1847 1108 1848 1074 1848 1073 1848 1076 1849 1075 1849 1109 1849 1076 1850 1109 1850 1077 1850 1108 1851 1073 1851 1072 1851 1109 1852 1075 1852 1108 1852 1074 1853 1108 1853 1075 1853 1110 1854 1111 1854 1085 1854 1112 1855 1086 1855 1105 1855 1112 1856 1105 1856 1113 1856 1113 1857 1105 1857 1104 1857 1113 1858 1104 1858 1114 1858 1114 1859 1104 1859 1103 1859 1114 1860 1103 1860 1102 1860 1114 1861 1102 1861 1115 1861 1086 1862 1112 1862 1116 1862 1086 1863 1116 1863 1087 1863 1115 1864 1102 1864 1101 1864 1085 1865 1111 1865 1084 1865 1084 1866 1111 1866 1083 1866 1083 1867 1111 1867 1117 1867 1083 1868 1117 1868 1054 1868 1054 1869 1117 1869 1118 1869 1054 1870 1118 1870 1055 1870 1055 1871 1118 1871 1056 1871 1093 1872 1119 1872 1094 1872 1094 1873 1119 1873 1120 1873 1094 1874 1120 1874 1121 1874 1087 1875 1116 1875 1088 1875 1090 1876 1122 1876 1091 1876 1091 1877 1122 1877 1123 1877 1091 1878 1123 1878 1092 1878 1092 1879 1123 1879 1119 1879 1092 1880 1119 1880 1093 1880 1089 1881 1124 1881 1090 1881 1090 1882 1124 1882 1122 1882 1056 1883 1118 1883 1125 1883 1058 1884 1126 1884 1059 1884 1116 1885 1127 1885 1088 1885 1088 1886 1127 1886 1124 1886 1088 1887 1124 1887 1089 1887 1094 1888 1121 1888 1095 1888 1095 1889 1121 1889 1128 1889 1058 1890 1129 1890 1126 1890 1098 1891 1130 1891 1101 1891 1101 1892 1130 1892 1115 1892 1110 1893 1085 1893 1131 1893 1131 1894 1085 1894 1082 1894 1056 1895 1125 1895 1129 1895 1056 1896 1129 1896 1058 1896 1100 1897 1099 1897 1132 1897 1132 1898 1099 1898 1133 1898 1132 1899 1134 1899 1100 1899 1100 1900 1134 1900 1135 1900 1100 1901 1135 1901 1097 1901 1097 1902 1135 1902 1136 1902 1097 1903 1136 1903 1098 1903 1095 1904 1128 1904 1137 1904 1095 1905 1137 1905 1018 1905 1018 1906 1137 1906 1017 1906 1017 1907 1137 1907 1138 1907 1017 1908 1138 1908 1016 1908 1016 1909 1138 1909 1139 1909 1136 1910 1130 1910 1098 1910 1140 1911 1141 1911 1109 1911 1109 1912 1141 1912 1077 1912 1077 1913 1141 1913 1142 1913 1077 1914 1142 1914 1078 1914 1078 1915 1142 1915 1079 1915 1106 1916 1143 1916 1053 1916 1053 1917 1143 1917 1144 1917 1081 1918 1145 1918 1082 1918 1082 1919 1145 1919 1131 1919 1142 1920 1146 1920 1079 1920 1079 1921 1146 1921 1080 1921 1059 1922 1126 1922 1147 1922 1059 1923 1147 1923 1060 1923 1060 1924 1147 1924 1148 1924 1060 1925 1148 1925 1061 1925 1061 1926 1148 1926 1149 1926 1061 1927 1149 1927 1062 1927 1062 1928 1149 1928 1150 1928 1062 1929 1150 1929 1064 1929 1064 1930 1150 1930 1151 1930 1053 1931 1144 1931 1152 1931 1140 1932 1109 1932 1153 1932 1153 1933 1109 1933 1108 1933 1153 1934 1108 1934 1154 1934 1154 1935 1108 1935 1072 1935 1154 1936 1072 1936 1155 1936 1080 1937 1146 1937 1081 1937 1081 1938 1146 1938 1145 1938 1064 1939 1151 1939 1107 1939 1107 1940 1151 1940 1156 1940 1016 1941 1139 1941 1070 1941 1070 1942 1139 1942 1155 1942 1070 1943 1155 1943 1071 1943 1071 1944 1155 1944 1072 1944 1152 1945 1096 1945 1053 1945 1096 1946 1152 1946 1157 1946 1133 1947 1099 1947 1157 1947 1157 1948 1099 1948 1096 1948 1107 1949 1156 1949 1106 1949 1106 1950 1156 1950 1158 1950 1106 1951 1158 1951 1143 1951 1159 1952 1118 1952 1117 1952 1110 1953 1160 1953 1161 1953 1110 1954 1162 1954 1160 1954 1146 1955 1163 1955 1164 1955 1131 1956 1165 1956 1162 1956 1166 1957 1167 1957 1159 1957 1162 1958 1165 1958 1168 1958 1166 1959 1117 1959 1161 1959 1145 1960 1169 1960 1168 1960 1145 1961 1168 1961 1165 1961 1154 1962 1170 1962 1171 1962 1155 1963 1172 1963 1173 1963 1153 1964 1171 1964 1174 1964 1175 1965 1141 1965 1176 1965 1176 1966 1140 1966 1174 1966 1175 1967 1163 1967 1142 1967 1177 1968 1123 1968 1122 1968 1119 1969 1123 1969 1178 1969 1179 1970 1120 1970 1119 1970 1139 1971 1138 1971 1180 1971 1120 1972 1179 1972 1181 1972 1172 1973 1139 1973 1180 1973 1178 1974 1123 1974 1177 1974 1121 1975 1120 1975 1181 1975 1139 1976 1172 1976 1155 1976 1146 1977 1164 1977 1145 1977 1121 1978 1182 1978 1128 1978 1146 1979 1142 1979 1163 1979 1145 1980 1164 1980 1169 1980 1170 1981 1154 1981 1155 1981 1170 1982 1155 1982 1173 1982 1183 1983 1138 1983 1137 1983 1166 1984 1159 1984 1117 1984 1161 1985 1117 1985 1111 1985 1161 1986 1111 1986 1110 1986 1162 1987 1110 1987 1131 1987 1165 1988 1131 1988 1145 1988 1175 1989 1142 1989 1141 1989 1176 1990 1141 1990 1140 1990 1174 1991 1140 1991 1153 1991 1171 1992 1153 1992 1154 1992 1130 1993 1136 1993 1184 1993 1113 1994 1185 1994 1112 1994 1133 1995 1186 1995 1132 1995 1157 1996 1187 1996 1188 1996 1157 1997 1188 1997 1189 1997 1135 1998 1134 1998 1190 1998 1132 1999 1190 1999 1134 1999 1143 2000 1158 2000 1191 2000 1192 2001 1193 2001 1156 2001 1194 2002 1150 2002 1149 2002 1195 2003 1149 2003 1148 2003 1191 2004 1158 2004 1193 2004 1196 2005 1192 2005 1151 2005 1196 2006 1151 2006 1197 2006 1195 2007 1148 2007 1198 2007 1147 2008 1199 2008 1200 2008 1149 2009 1195 2009 1194 2009 1150 2010 1194 2010 1197 2010 1201 2011 1202 2011 1203 2011 1126 2012 1204 2012 1199 2012 1144 2013 1143 2013 1205 2013 1206 2014 1144 2014 1205 2014 1129 2015 1207 2015 1204 2015 1148 2016 1200 2016 1198 2016 1203 2017 1202 2017 1167 2017 1203 2018 1207 2018 1201 2018 1159 2019 1167 2019 1202 2019 1156 2020 1193 2020 1158 2020 1118 2021 1201 2021 1125 2021 1130 2022 1208 2022 1115 2022 1114 2023 1209 2023 1113 2023 1129 2024 1125 2024 1207 2024 1118 2025 1159 2025 1202 2025 1118 2026 1202 2026 1201 2026 1125 2027 1201 2027 1207 2027 1129 2028 1204 2028 1126 2028 1156 2029 1151 2029 1192 2029 1157 2030 1189 2030 1133 2030 1152 2031 1144 2031 1206 2031 1126 2032 1199 2032 1147 2032 1147 2033 1200 2033 1148 2033 1151 2034 1150 2034 1197 2034 1152 2035 1206 2035 1187 2035 1152 2036 1187 2036 1157 2036 1119 2037 1184 2037 1136 2037 1119 2038 1136 2038 1179 2038 1179 2039 1136 2039 1135 2039 1173 2040 1172 2040 1167 2040 1119 2041 1178 2041 1184 2041 1167 2042 1172 2042 1180 2042 1167 2043 1180 2043 1138 2043 1187 2044 1206 2044 1179 2044 1206 2045 1205 2045 1179 2045 1179 2046 1205 2046 1143 2046 1179 2047 1143 2047 1191 2047 1196 2048 1197 2048 1179 2048 1179 2049 1197 2049 1194 2049 1171 2050 1170 2050 1167 2050 1167 2051 1170 2051 1173 2051 1138 2052 1183 2052 1167 2052 1167 2053 1183 2053 1137 2053 1130 2054 1184 2054 1178 2054 1179 2055 1189 2055 1188 2055 1179 2056 1188 2056 1187 2056 1179 2057 1191 2057 1193 2057 1185 2058 1178 2058 1177 2058 1196 2059 1179 2059 1192 2059 1192 2060 1179 2060 1193 2060 1194 2061 1195 2061 1179 2061 1179 2062 1195 2062 1198 2062 1167 2063 1174 2063 1171 2063 1137 2064 1128 2064 1167 2064 1167 2065 1128 2065 1182 2065 1115 2066 1208 2066 1178 2066 1178 2067 1208 2067 1130 2067 1132 2068 1186 2068 1179 2068 1179 2069 1186 2069 1133 2069 1179 2070 1133 2070 1189 2070 1182 2071 1121 2071 1167 2071 1167 2072 1121 2072 1181 2072 1167 2073 1181 2073 1179 2073 1185 2074 1177 2074 1122 2074 1185 2075 1122 2075 1124 2075 1198 2076 1200 2076 1179 2076 1179 2077 1200 2077 1199 2077 1167 2078 1175 2078 1176 2078 1167 2079 1176 2079 1174 2079 1135 2080 1190 2080 1179 2080 1179 2081 1190 2081 1132 2081 1209 2082 1114 2082 1178 2082 1178 2083 1114 2083 1115 2083 1185 2084 1124 2084 1127 2084 1179 2085 1199 2085 1204 2085 1179 2086 1204 2086 1207 2086 1164 2087 1163 2087 1167 2087 1167 2088 1163 2088 1175 2088 1127 2089 1116 2089 1185 2089 1185 2090 1116 2090 1112 2090 1185 2091 1113 2091 1178 2091 1178 2092 1113 2092 1209 2092 1179 2093 1207 2093 1203 2093 1168 2094 1169 2094 1167 2094 1167 2095 1169 2095 1164 2095 1203 2096 1167 2096 1179 2096 1167 2097 1160 2097 1162 2097 1167 2098 1162 2098 1168 2098 1166 2099 1161 2099 1167 2099 1167 2100 1161 2100 1160 2100 2 2101 38 2101 40 2101 2 2102 40 2102 7 2102 7 2103 40 2103 26 2103 7 2104 26 2104 0 2104 0 2105 26 2105 28 2105 0 2106 28 2106 6 2106 6 2107 28 2107 30 2107 6 2108 30 2108 5 2108 5 2109 30 2109 33 2109 5 2110 33 2110 4 2110 4 2111 33 2111 35 2111 4 2112 35 2112 37 2112 4 2113 37 2113 3 2113 3 2114 37 2114 1 2114 1 2115 37 2115 38 2115 1 2116 38 2116 2 2116 9 2117 163 2117 16 2117 16 2118 163 2118 165 2118 16 2119 165 2119 15 2119 15 2120 165 2120 153 2120 15 2121 153 2121 13 2121 13 2122 153 2122 156 2122 13 2123 156 2123 14 2123 14 2124 156 2124 147 2124 14 2125 147 2125 10 2125 10 2126 147 2126 149 2126 10 2127 149 2127 12 2127 12 2128 149 2128 151 2128 12 2129 151 2129 11 2129 11 2130 151 2130 159 2130 11 2131 159 2131 8 2131 8 2132 159 2132 161 2132 8 2133 161 2133 9 2133 9 2134 161 2134 163 2134 18 2135 186 2135 25 2135 25 2136 186 2136 188 2136 25 2137 188 2137 24 2137 24 2138 188 2138 175 2138 24 2139 175 2139 23 2139 23 2140 175 2140 178 2140 23 2141 178 2141 21 2141 21 2142 178 2142 168 2142 21 2143 168 2143 22 2143 22 2144 168 2144 171 2144 22 2145 171 2145 19 2145 19 2146 171 2146 173 2146 19 2147 173 2147 20 2147 20 2148 173 2148 181 2148 20 2149 181 2149 17 2149 17 2150 181 2150 183 2150 17 2151 183 2151 18 2151 18 2152 183 2152 186 2152 43 2153 213 2153 1210 2153 192 2154 212 2154 43 2154 43 2155 212 2155 213 2155 191 2156 210 2156 192 2156 192 2157 210 2157 212 2157 191 2158 208 2158 210 2158 214 2159 208 2159 197 2159 197 2160 208 2160 191 2160 225 2161 214 2161 197 2161 225 2162 197 2162 34 2162 196 2163 225 2163 34 2163 196 2164 226 2164 225 2164 226 2165 196 2165 32 2165 32 2166 227 2166 226 2166 222 2167 227 2167 32 2167 193 2168 222 2168 31 2168 31 2169 222 2169 32 2169 193 2170 221 2170 222 2170 29 2171 216 2171 221 2171 29 2172 221 2172 193 2172 224 2173 216 2173 195 2173 195 2174 216 2174 29 2174 194 2175 224 2175 195 2175 194 2176 334 2176 224 2176 276 2177 334 2177 27 2177 27 2178 334 2178 194 2178 1211 2179 276 2179 27 2179 42 2180 271 2180 273 2180 42 2181 273 2181 1211 2181 1211 2182 273 2182 276 2182 41 2183 270 2183 42 2183 42 2184 270 2184 271 2184 1212 2185 267 2185 41 2185 41 2186 267 2186 270 2186 1213 2187 265 2187 39 2187 39 2188 265 2188 1212 2188 1212 2189 265 2189 267 2189 44 2190 264 2190 1213 2190 1213 2191 264 2191 265 2191 44 2192 262 2192 264 2192 1210 2193 262 2193 44 2193 1210 2194 213 2194 262 2194 108 2195 459 2195 106 2195 113 2196 381 2196 112 2196 112 2197 381 2197 460 2197 112 2198 460 2198 111 2198 111 2199 460 2199 108 2199 108 2200 460 2200 459 2200 463 2201 107 2201 106 2201 463 2202 106 2202 459 2202 107 2203 463 2203 462 2203 107 2204 462 2204 104 2204 104 2205 462 2205 464 2205 104 2206 464 2206 102 2206 102 2207 464 2207 466 2207 102 2208 466 2208 465 2208 102 2209 465 2209 103 2209 103 2210 465 2210 468 2210 103 2211 468 2211 115 2211 115 2212 468 2212 100 2212 100 2213 468 2213 449 2213 449 2214 550 2214 100 2214 100 2215 550 2215 99 2215 99 2216 550 2216 549 2216 99 2217 549 2217 98 2217 98 2218 549 2218 97 2218 97 2219 549 2219 445 2219 97 2220 445 2220 444 2220 97 2221 444 2221 96 2221 96 2222 444 2222 94 2222 94 2223 444 2223 547 2223 94 2224 547 2224 95 2224 95 2225 547 2225 92 2225 92 2226 547 2226 470 2226 92 2227 470 2227 91 2227 91 2228 470 2228 472 2228 91 2229 472 2229 89 2229 89 2230 472 2230 551 2230 89 2231 551 2231 90 2231 90 2232 551 2232 474 2232 90 2233 474 2233 88 2233 88 2234 474 2234 87 2234 87 2235 474 2235 473 2235 481 2236 45 2236 479 2236 479 2237 45 2237 86 2237 479 2238 86 2238 476 2238 476 2239 86 2239 85 2239 476 2240 85 2240 477 2240 477 2241 85 2241 87 2241 477 2242 87 2242 473 2242 480 2243 45 2243 481 2243 295 2244 71 2244 70 2244 295 2245 70 2245 279 2245 279 2246 70 2246 47 2246 279 2247 47 2247 277 2247 277 2248 47 2248 46 2248 277 2249 46 2249 480 2249 480 2250 46 2250 45 2250 71 2251 295 2251 294 2251 71 2252 294 2252 67 2252 67 2253 294 2253 293 2253 67 2254 293 2254 68 2254 68 2255 293 2255 292 2255 68 2256 292 2256 291 2256 68 2257 291 2257 69 2257 69 2258 291 2258 290 2258 69 2259 290 2259 64 2259 288 2260 65 2260 290 2260 290 2261 65 2261 64 2261 289 2262 65 2262 288 2262 283 2263 62 2263 286 2263 286 2264 62 2264 289 2264 289 2265 62 2265 66 2265 289 2266 66 2266 65 2266 283 2267 50 2267 62 2267 285 2268 48 2268 50 2268 285 2269 50 2269 283 2269 48 2270 285 2270 282 2270 48 2271 282 2271 49 2271 49 2272 282 2272 281 2272 49 2273 281 2273 58 2273 58 2274 281 2274 352 2274 58 2275 352 2275 59 2275 59 2276 352 2276 353 2276 356 2277 57 2277 353 2277 353 2278 57 2278 59 2278 57 2279 356 2279 143 2279 143 2280 356 2280 355 2280 143 2281 355 2281 142 2281 361 2282 360 2282 121 2282 142 2283 355 2283 357 2283 142 2284 357 2284 140 2284 140 2285 357 2285 359 2285 140 2286 359 2286 141 2286 141 2287 359 2287 361 2287 141 2288 361 2288 121 2288 121 2289 360 2289 120 2289 120 2290 360 2290 363 2290 120 2291 363 2291 139 2291 139 2292 363 2292 366 2292 139 2293 366 2293 365 2293 139 2294 365 2294 138 2294 138 2295 365 2295 137 2295 134 2296 135 2296 367 2296 367 2297 135 2297 368 2297 365 2298 438 2298 137 2298 137 2299 438 2299 368 2299 137 2300 368 2300 135 2300 367 2301 370 2301 134 2301 134 2302 370 2302 132 2302 132 2303 370 2303 371 2303 132 2304 371 2304 133 2304 375 2305 129 2305 372 2305 372 2306 129 2306 373 2306 373 2307 129 2307 130 2307 373 2308 130 2308 371 2308 371 2309 130 2309 133 2309 129 2310 375 2310 128 2310 128 2311 375 2311 377 2311 128 2312 377 2312 126 2312 126 2313 377 2313 125 2313 377 2314 378 2314 125 2314 125 2315 378 2315 379 2315 125 2316 379 2316 123 2316 123 2317 379 2317 380 2317 123 2318 380 2318 113 2318 113 2319 380 2319 381 2319 198 2320 251 2320 245 2320 251 2321 198 2321 150 2321 150 2322 330 2322 251 2322 148 2323 330 2323 150 2323 254 2324 328 2324 148 2324 148 2325 328 2325 330 2325 1214 2326 254 2326 148 2326 1214 2327 252 2327 255 2327 254 2328 1214 2328 255 2328 253 2329 252 2329 1215 2329 252 2330 1214 2330 1215 2330 256 2331 253 2331 1216 2331 253 2332 1215 2332 1216 2332 256 2333 1216 2333 257 2333 257 2334 1216 2334 1217 2334 155 2335 257 2335 1217 2335 257 2336 155 2336 258 2336 258 2337 155 2337 154 2337 258 2338 154 2338 259 2338 259 2339 154 2339 1218 2339 259 2340 1218 2340 260 2340 260 2341 1218 2341 167 2341 260 2342 167 2342 261 2342 261 2343 167 2343 166 2343 166 2344 243 2344 261 2344 1219 2345 241 2345 166 2345 166 2346 241 2346 243 2346 244 2347 242 2347 202 2347 202 2348 242 2348 1219 2348 1219 2349 242 2349 241 2349 240 2350 162 2350 201 2350 162 2351 240 2351 244 2351 162 2352 244 2352 202 2352 201 2353 238 2353 240 2353 160 2354 238 2354 201 2354 200 2355 249 2355 160 2355 160 2356 249 2356 238 2356 248 2357 249 2357 200 2357 158 2358 248 2358 200 2358 246 2359 248 2359 158 2359 199 2360 246 2360 158 2360 198 2361 245 2361 199 2361 199 2362 245 2362 246 2362 443 2363 317 2363 1220 2363 1220 2364 317 2364 185 2364 1221 2365 327 2365 443 2365 1221 2366 443 2366 184 2366 184 2367 443 2367 1220 2367 182 2368 327 2368 1221 2368 1222 2369 298 2369 182 2369 182 2370 298 2370 327 2370 1222 2371 319 2371 298 2371 320 2372 207 2372 322 2372 207 2373 320 2373 1222 2373 1222 2374 320 2374 319 2374 323 2375 322 2375 174 2375 174 2376 322 2376 207 2376 206 2377 303 2377 323 2377 206 2378 323 2378 174 2378 172 2379 302 2379 206 2379 206 2380 302 2380 303 2380 172 2381 324 2381 302 2381 324 2382 172 2382 170 2382 170 2383 326 2383 324 2383 326 2384 170 2384 169 2384 326 2385 169 2385 469 2385 205 2386 469 2386 169 2386 205 2387 450 2387 469 2387 204 2388 448 2388 450 2388 204 2389 450 2389 205 2389 307 2390 448 2390 204 2390 177 2391 307 2391 204 2391 203 2392 308 2392 177 2392 177 2393 308 2393 307 2393 308 2394 203 2394 304 2394 304 2395 203 2395 176 2395 305 2396 304 2396 176 2396 176 2397 190 2397 305 2397 189 2398 1223 2398 309 2398 189 2399 309 2399 305 2399 189 2400 305 2400 190 2400 318 2401 309 2401 1223 2401 1224 2402 312 2402 318 2402 1224 2403 318 2403 1223 2403 317 2404 316 2404 185 2404 185 2405 316 2405 187 2405 187 2406 316 2406 312 2406 187 2407 312 2407 1224 2407 36 2408 192 2408 43 2408 43 2409 1210 2409 44 2409 44 2410 1213 2410 39 2410 39 2411 1212 2411 41 2411 42 2412 1211 2412 27 2412 202 2413 1219 2413 164 2413 164 2414 1219 2414 166 2414 1217 2415 1216 2415 157 2415 157 2416 1216 2416 1215 2416 167 2417 1218 2417 154 2417 155 2418 1217 2418 157 2418 157 2419 1215 2419 1214 2419 148 2420 157 2420 1214 2420 207 2421 1222 2421 180 2421 180 2422 1222 2422 182 2422 182 2423 1221 2423 184 2423 184 2424 1220 2424 185 2424 1224 2425 1223 2425 189 2425 189 2426 187 2426 1224 2426 1225 2427 1226 2427 1227 2427 1228 2427 1229 2427 1230 2427 1231 2427 1232 2427 1233 2427 1231 2427 1233 2427 1229 2427 1229 2427 1233 2427 1230 2427 1234 2427 1235 2427 1236 2427 1226 2427 1225 2427 1237 2427 1226 2427 1237 2427 1238 2427 1238 2427 1237 2427 1239 2427 1238 2427 1239 2427 1240 2427 1241 2427 1242 2427 1231 2427 1231 2427 1242 2427 1232 2427 1234 2427 1243 2427 1241 2427 1241 2427 1243 2427 1242 2427 1236 2427 1235 2427 1244 2427 1245 2427 1225 2427 1246 2427 1225 2427 1227 2427 1246 2427 1247 2427 1248 2427 1239 2427 1239 2427 1248 2427 1240 2427 1249 2427 1250 2427 1247 2427 1247 2427 1250 2427 1248 2427 1228 2427 1251 2427 1252 2427 1245 2427 1253 2427 1254 2427 1246 2427 1255 2427 1245 2427 1245 2427 1255 2427 1253 2427 1230 2427 1256 2427 1228 2427 1228 2427 1256 2427 1257 2427 1228 2427 1257 2427 1251 2427 1254 2427 1258 2427 1245 2427 1245 2427 1258 2427 1235 2427 1235 2427 1258 2427 1244 2427 1249 2427 1259 2427 1250 2427 1260 2427 1261 2427 1249 2427 1249 2427 1261 2427 1259 2427 1234 2427 1262 2427 1243 2427 1236 2427 1263 2427 1234 2427 1234 2427 1263 2427 1264 2427 1234 2427 1264 2427 1262 2427 1251 2427 1265 2427 1252 2427 1252 2427 1265 2427 1266 2427 1252 2427 1266 2427 1267 2427 1252 2427 1267 2427 1268 2427 1268 2427 1267 2427 1269 2427 1260 2427 1270 2427 1261 2427 1260 2427 1271 2427 1270 2427 1272 2427 1271 2427 1260 2427 1272 2427 1273 2427 1271 2427 1269 2427 1274 2427 1268 2427 1268 2427 1274 2427 1275 2427 1268 2427 1275 2427 1272 2427 1272 2427 1275 2427 1273 2427 1244 2428 1276 2428 1277 2428 1244 2429 1277 2429 1236 2429 1236 2430 1277 2430 1278 2430 1236 2431 1278 2431 1263 2431 1263 2432 1278 2432 1279 2432 1263 2433 1279 2433 1264 2433 1264 2434 1279 2434 1262 2434 1262 2435 1279 2435 1280 2435 1262 2436 1280 2436 1243 2436 1243 2437 1280 2437 1281 2437 1243 2438 1281 2438 1282 2438 1243 2439 1282 2439 1242 2439 1242 2440 1282 2440 1283 2440 1242 2441 1283 2441 1232 2441 1232 2442 1283 2442 1284 2442 1232 2443 1284 2443 1233 2443 1233 2444 1284 2444 1285 2444 1233 2445 1285 2445 1286 2445 1233 2446 1286 2446 1230 2446 1230 2447 1286 2447 1256 2447 1256 2448 1286 2448 1287 2448 1256 2449 1287 2449 1257 2449 1257 2450 1287 2450 1288 2450 1257 2451 1288 2451 1251 2451 1251 2452 1288 2452 1289 2452 1251 2453 1289 2453 1265 2453 1265 2454 1289 2454 1266 2454 1266 2455 1289 2455 1290 2455 1266 2456 1290 2456 1267 2456 1267 2457 1290 2457 1291 2457 1267 2458 1291 2458 1292 2458 1267 2459 1292 2459 1269 2459 1269 2460 1292 2460 1293 2460 1269 2461 1293 2461 1274 2461 1274 2462 1293 2462 1275 2462 1275 2463 1293 2463 1294 2463 1295 2464 1296 2464 1297 2464 1295 2465 1297 2465 1238 2465 1238 2466 1297 2466 1298 2466 1238 2467 1298 2467 1226 2467 1226 2468 1298 2468 1299 2468 1226 2469 1299 2469 1227 2469 1227 2470 1299 2470 1300 2470 1227 2471 1300 2471 1246 2471 1246 2472 1300 2472 1301 2472 1246 2473 1301 2473 1255 2473 1255 2474 1301 2474 1302 2474 1255 2475 1302 2475 1253 2475 1253 2476 1302 2476 1303 2476 1253 2477 1303 2477 1254 2477 1254 2478 1303 2478 1258 2478 1258 2479 1303 2479 1304 2479 1258 2480 1304 2480 1244 2480 1244 2481 1304 2481 1276 2481 1275 2482 1294 2482 1305 2482 1275 2483 1305 2483 1273 2483 1273 2484 1305 2484 1306 2484 1273 2485 1306 2485 1271 2485 1271 2486 1306 2486 1307 2486 1271 2487 1307 2487 1270 2487 1270 2488 1307 2488 1308 2488 1270 2489 1308 2489 1261 2489 1261 2490 1308 2490 1309 2490 1261 2491 1309 2491 1259 2491 1259 2492 1309 2492 1310 2492 1259 2493 1310 2493 1250 2493 1250 2494 1310 2494 1311 2494 1250 2495 1311 2495 1248 2495 1248 2496 1311 2496 1312 2496 1248 2497 1312 2497 1240 2497 1313 0 1286 0 1314 0 1314 0 1286 0 1285 0 1314 0 1285 0 1315 0 1316 0 1287 0 1313 0 1313 0 1287 0 1286 0 1317 0 1288 0 1316 0 1316 0 1288 0 1287 0 1318 0 1289 0 1319 0 1319 0 1289 0 1317 0 1317 0 1289 0 1288 0 1320 0 1293 0 1321 0 1321 0 1293 0 1322 0 1310 0 1323 0 1324 0 1325 0 1310 0 1324 0 1312 0 1326 0 1297 0 1297 0 1326 0 1327 0 1328 0 1305 0 1320 0 1320 0 1305 0 1294 0 1320 0 1294 0 1293 0 1308 0 1329 0 1330 0 1310 0 1309 0 1323 0 1323 0 1309 0 1330 0 1330 0 1309 0 1308 0 1326 0 1312 0 1311 0 1326 0 1311 0 1325 0 1325 0 1311 0 1310 0 1331 0 1298 0 1327 0 1327 0 1298 0 1297 0 1332 0 1299 0 1331 0 1331 0 1299 0 1298 0 1333 0 1306 0 1328 0 1328 0 1306 0 1305 0 1334 0 1282 0 1335 0 1335 0 1282 0 1336 0 1337 0 1290 0 1318 0 1318 0 1290 0 1289 0 1293 0 1292 0 1322 0 1322 0 1292 0 1337 0 1337 0 1292 0 1291 0 1337 0 1291 0 1290 0 1338 0 1306 0 1333 0 1329 0 1308 0 1307 0 1329 0 1307 0 1338 0 1338 0 1307 0 1306 0 1339 0 1300 0 1332 0 1332 0 1300 0 1299 0 1340 0 1300 0 1339 0 1285 0 1284 0 1315 0 1315 0 1284 0 1334 0 1334 0 1284 0 1283 0 1334 0 1283 0 1282 0 1282 0 1281 0 1336 0 1336 0 1281 0 1280 0 1336 0 1280 0 1341 0 1342 0 1301 0 1340 0 1340 0 1301 0 1300 0 1343 0 1302 0 1342 0 1342 0 1302 0 1301 0 1344 0 1303 0 1343 0 1343 0 1303 0 1302 0 1276 0 1345 0 1277 0 1277 0 1345 0 1346 0 1276 0 1304 0 1345 0 1345 0 1304 0 1344 0 1344 0 1304 0 1303 0 1347 0 1278 0 1348 0 1348 0 1278 0 1346 0 1346 0 1278 0 1277 0 1341 0 1280 0 1279 0 1341 0 1279 0 1347 0 1347 0 1279 0 1278 0 1235 2498 1345 2498 1245 2498 1245 2499 1345 2499 1344 2499 1245 2500 1344 2500 1343 2500 1245 2501 1343 2501 1342 2501 1245 2502 1342 2502 1340 2502 1245 2503 1340 2503 1225 2503 1225 2504 1340 2504 1339 2504 1225 2505 1339 2505 1332 2505 1225 2506 1332 2506 1331 2506 1225 2507 1331 2507 1237 2507 1237 2508 1331 2508 1327 2508 1237 2509 1327 2509 1349 2509 1237 2510 1349 2510 1247 2510 1247 2511 1349 2511 1325 2511 1247 2512 1325 2512 1249 2512 1249 2513 1325 2513 1324 2513 1249 2514 1324 2514 1323 2514 1249 2515 1323 2515 1330 2515 1249 2516 1330 2516 1260 2516 1260 2517 1330 2517 1329 2517 1260 2518 1329 2518 1338 2518 1260 2519 1338 2519 1333 2519 1260 2520 1333 2520 1272 2520 1272 2521 1333 2521 1328 2521 1272 2522 1328 2522 1320 2522 1272 2523 1320 2523 1268 2523 1268 2524 1320 2524 1321 2524 1268 2525 1321 2525 1322 2525 1268 2526 1322 2526 1337 2526 1268 2527 1337 2527 1252 2527 1252 2528 1337 2528 1318 2528 1252 2529 1318 2529 1319 2529 1252 2530 1319 2530 1317 2530 1252 2531 1317 2531 1228 2531 1228 2532 1317 2532 1316 2532 1228 2533 1316 2533 1313 2533 1228 2534 1313 2534 1350 2534 1228 2535 1350 2535 1231 2535 1231 2536 1350 2536 1315 2536 1231 2537 1315 2537 1334 2537 1231 2538 1334 2538 1241 2538 1241 2539 1334 2539 1335 2539 1241 2540 1335 2540 1336 2540 1241 2541 1336 2541 1234 2541 1234 2542 1336 2542 1341 2542 1234 2543 1341 2543 1347 2543 1234 2544 1347 2544 1348 2544 1234 2545 1348 2545 1235 2545 1235 2546 1348 2546 1346 2546 1235 2547 1346 2547 1345 2547 1351 2548 1352 2548 1353 2548 1354 2548 1355 2548 1351 2548 1351 2548 1355 2548 1352 2548 1356 2548 1357 2548 1351 2548 1351 2548 1357 2548 1354 2548 1358 2548 1356 2548 1351 2548 1351 2548 1359 2548 1358 2548 1351 2548 1360 2548 1359 2548 1353 2548 1361 2548 1351 2548 1362 2427 1363 2427 1364 2427 1364 2427 1363 2427 1365 2427 1366 2427 1362 2427 1364 2427 1364 2427 1367 2427 1366 2427 1364 2427 1368 2427 1367 2427 1364 2427 1369 2427 1368 2427 1370 2427 1371 2427 1364 2427 1364 2427 1371 2427 1369 2427 1372 2427 1373 2427 1364 2427 1365 2427 1372 2427 1364 2427 1374 2549 1375 2549 1376 2549 1376 2550 1375 2550 1377 2550 1378 2551 1379 2551 1380 2551 1380 2552 1379 2552 1381 2552 1374 2553 1382 2553 1383 2553 1374 2554 1383 2554 1375 2554 1384 2555 1385 2555 1386 2555 1384 2548 1386 2548 1374 2548 1374 2556 1386 2556 1382 2556 1380 2557 1381 2557 1387 2557 1380 2558 1387 2558 1384 2558 1384 2559 1387 2559 1385 2559 1378 2560 1388 2560 1389 2560 1378 2561 1389 2561 1379 2561 1390 2562 1391 2562 1392 2562 1393 2563 1394 2563 1395 2563 1393 2564 1395 2564 1390 2564 1391 2565 1396 2565 1392 2565 1392 2566 1396 2566 1397 2566 1390 2567 1395 2567 1398 2567 1390 2568 1398 2568 1399 2568 1390 2569 1399 2569 1391 2569 1377 2570 1400 2570 1376 2570 1376 2571 1400 2571 1401 2571 1376 2572 1401 2572 1402 2572 1402 2573 1401 2573 1403 2573 1404 2574 1405 2574 1378 2574 1378 2575 1405 2575 1388 2575 1397 2576 1406 2576 1392 2576 1392 2577 1406 2577 1407 2577 1407 2578 1406 2578 1408 2578 1407 2579 1408 2579 1409 2579 1402 2580 1410 2580 1393 2580 1393 2581 1410 2581 1411 2581 1393 2582 1411 2582 1394 2582 1402 2583 1403 2583 1412 2583 1402 2584 1412 2584 1413 2584 1402 2585 1413 2585 1410 2585 1409 2586 1414 2586 1407 2586 1407 2548 1414 2548 1404 2548 1404 2587 1414 2587 1415 2587 1404 2588 1415 2588 1405 2588 1416 2589 1417 2589 1418 2589 1419 2590 1420 2590 1417 2590 1421 2591 1422 2591 1423 2591 1424 2592 1425 2592 1426 2592 1424 2593 1426 2593 1427 2593 1428 2594 1429 2594 1430 2594 1430 2595 1429 2595 1294 2595 1431 2596 1429 2596 1432 2596 1433 2597 1432 2597 1428 2597 1428 2598 1432 2598 1429 2598 1426 2599 1434 2599 1427 2599 1433 2600 1435 2600 1436 2600 1436 2601 1435 2601 1437 2601 1433 2602 1428 2602 1435 2602 1436 2603 1437 2603 1434 2603 1434 2604 1437 2604 1438 2604 1434 2605 1438 2605 1439 2605 1434 2606 1439 2606 1440 2606 1441 2607 1442 2607 1421 2607 1443 2608 1421 2608 1444 2608 1421 2609 1442 2609 1422 2609 1422 2610 1442 2610 1445 2610 1422 2611 1445 2611 1446 2611 1446 2612 1439 2612 1447 2612 1421 2613 1423 2613 1444 2613 1444 2614 1423 2614 1448 2614 1444 2615 1448 2615 1449 2615 1450 2616 1451 2616 1448 2616 1422 2617 1447 2617 1450 2617 1450 2618 1447 2618 1451 2618 1422 2619 1450 2619 1423 2619 1423 2620 1450 2620 1448 2620 1445 2621 1452 2621 1446 2621 1446 2622 1452 2622 1440 2622 1446 2623 1440 2623 1439 2623 1422 2624 1446 2624 1447 2624 1453 2625 1447 2625 1439 2625 1453 2626 1439 2626 1438 2626 1454 2627 1455 2627 1456 2627 1457 2628 1458 2628 1453 2628 1459 2629 1457 2629 1460 2629 1437 2630 1454 2630 1459 2630 1459 2631 1454 2631 1461 2631 1459 2632 1461 2632 1462 2632 1462 2633 1463 2633 1457 2633 1457 2634 1453 2634 1460 2634 1464 2635 1465 2635 1461 2635 1454 2636 1456 2636 1461 2636 1461 2637 1456 2637 1464 2637 1438 2638 1459 2638 1460 2638 1447 2639 1453 2639 1458 2639 1447 2640 1458 2640 1451 2640 1466 2641 1467 2641 1468 2641 1466 2642 1468 2642 1469 2642 1469 2643 1468 2643 1470 2643 1467 2644 1471 2644 1472 2644 1473 2645 1441 2645 1421 2645 1474 2646 1475 2646 1476 2646 1476 2647 1475 2647 1477 2647 1478 2648 1479 2648 1476 2648 1478 2649 1476 2649 1477 2649 1475 2650 1480 2650 1470 2650 1470 2651 1481 2651 1482 2651 1480 2652 1469 2652 1470 2652 1470 2653 1468 2653 1481 2653 1483 2654 1479 2654 1478 2654 1478 2655 1477 2655 1484 2655 1485 2656 1483 2656 1478 2656 1486 2657 1484 2657 1482 2657 1482 2658 1484 2658 1477 2658 1482 2659 1481 2659 1486 2659 1486 2660 1481 2660 1487 2660 1488 2661 1468 2661 1467 2661 1475 2662 1474 2662 1480 2662 1477 2663 1475 2663 1470 2663 1477 2664 1470 2664 1482 2664 1471 2665 1473 2665 1489 2665 1472 2666 1489 2666 1490 2666 1473 2667 1421 2667 1443 2667 1489 2668 1443 2668 1491 2668 1473 2669 1443 2669 1489 2669 1489 2670 1491 2670 1490 2670 1490 2671 1491 2671 1492 2671 1490 2672 1492 2672 1493 2672 1472 2673 1471 2673 1489 2673 1472 2674 1490 2674 1488 2674 1488 2675 1490 2675 1493 2675 1488 2676 1493 2676 1494 2676 1474 2677 1476 2677 1479 2677 1420 2678 1419 2678 1495 2678 1420 2679 1495 2679 1296 2679 1496 2680 1417 2680 1416 2680 1296 2681 1495 2681 1497 2681 1497 2682 1495 2682 1480 2682 1495 2683 1419 2683 1480 2683 1417 2684 1496 2684 1419 2684 1431 2685 1498 2685 1425 2685 1431 2686 1425 2686 1499 2686 1499 2687 1425 2687 1424 2687 1499 2688 1424 2688 1500 2688 1499 2689 1500 2689 1501 2689 1501 2690 1500 2690 1502 2690 1501 2691 1502 2691 1503 2691 1501 2692 1503 2692 1504 2692 1504 2693 1503 2693 1505 2693 1504 2694 1505 2694 1506 2694 1504 2695 1506 2695 1507 2695 1507 2696 1506 2696 1508 2696 1507 2697 1508 2697 1418 2697 1496 2698 1416 2698 1509 2698 1500 2699 1424 2699 1502 2699 1502 2700 1510 2700 1503 2700 1503 2701 1510 2701 1511 2701 1503 2702 1511 2702 1505 2702 1505 2703 1511 2703 1512 2703 1505 2704 1512 2704 1506 2704 1506 2705 1512 2705 1513 2705 1506 2706 1513 2706 1508 2706 1508 2707 1513 2707 1514 2707 1508 2708 1514 2708 1418 2708 1418 2709 1514 2709 1416 2709 1431 2710 1433 2710 1498 2710 1425 2711 1498 2711 1426 2711 1502 2712 1427 2712 1515 2712 1502 2713 1515 2713 1510 2713 1510 2714 1515 2714 1516 2714 1510 2715 1516 2715 1511 2715 1511 2716 1516 2716 1517 2716 1511 2717 1517 2717 1512 2717 1514 2718 1513 2718 1518 2718 1514 2719 1518 2719 1509 2719 1509 2720 1518 2720 1466 2720 1509 2721 1466 2721 1469 2721 1509 2722 1469 2722 1496 2722 1496 2723 1469 2723 1480 2723 1512 2724 1517 2724 1519 2724 1512 2725 1519 2725 1513 2725 1513 2726 1519 2726 1518 2726 1424 2727 1427 2727 1502 2727 1416 2728 1514 2728 1509 2728 1419 2729 1496 2729 1480 2729 1433 2730 1431 2730 1432 2730 1433 2731 1436 2731 1498 2731 1498 2732 1436 2732 1434 2732 1498 2733 1434 2733 1426 2733 1427 2734 1434 2734 1440 2734 1427 2735 1440 2735 1515 2735 1515 2736 1440 2736 1452 2736 1515 2737 1452 2737 1516 2737 1516 2738 1452 2738 1520 2738 1516 2739 1520 2739 1442 2739 1516 2740 1442 2740 1517 2740 1517 2741 1442 2741 1441 2741 1517 2742 1441 2742 1519 2742 1518 2743 1519 2743 1471 2743 1518 2744 1471 2744 1467 2744 1518 2745 1467 2745 1466 2745 1480 2746 1474 2746 1497 2746 1457 2747 1459 2747 1462 2747 1462 2748 1461 2748 1463 2748 1463 2749 1461 2749 1465 2749 1435 2750 1455 2750 1454 2750 1435 2751 1454 2751 1437 2751 1437 2752 1459 2752 1438 2752 1438 2753 1460 2753 1453 2753 1443 2754 1444 2754 1491 2754 1491 2755 1444 2755 1449 2755 1491 2756 1449 2756 1492 2756 1520 2757 1452 2757 1445 2757 1520 2758 1445 2758 1442 2758 1519 2759 1441 2759 1473 2759 1519 2760 1473 2760 1471 2760 1467 2761 1472 2761 1488 2761 1468 2762 1488 2762 1481 2762 1481 2763 1488 2763 1494 2763 1481 2764 1494 2764 1487 2764 1521 2765 1522 2765 1523 2765 1524 2766 1525 2766 1526 2766 1527 2767 1528 2767 1529 2767 1528 2768 1530 2768 1531 2768 1531 2769 1532 2769 1533 2769 1534 2770 1535 2770 1536 2770 1537 2771 1538 2771 1539 2771 1530 2772 1540 2772 1532 2772 1541 2773 1276 2773 1542 2773 1543 2774 1544 2774 1545 2774 1545 2775 1544 2775 1546 2775 1545 2776 1546 2776 1547 2776 1541 2777 1542 2777 1540 2777 1540 2778 1542 2778 1548 2778 1548 2779 1542 2779 1544 2779 1548 2780 1544 2780 1543 2780 1549 2781 1548 2781 1543 2781 1549 2782 1543 2782 1550 2782 1550 2783 1543 2783 1545 2783 1540 2784 1551 2784 1541 2784 1532 2785 1540 2785 1548 2785 1532 2786 1548 2786 1549 2786 1552 2787 1550 2787 1545 2787 1552 2788 1545 2788 1553 2788 1553 2789 1554 2789 1538 2789 1553 2790 1538 2790 1552 2790 1530 2791 1551 2791 1540 2791 1555 2792 1554 2792 1553 2792 1545 2793 1547 2793 1553 2793 1553 2794 1547 2794 1556 2794 1553 2795 1556 2795 1555 2795 1537 2796 1535 2796 1557 2796 1539 2797 1558 2797 1559 2797 1539 2798 1559 2798 1537 2798 1557 2799 1534 2799 1560 2799 1561 2800 1562 2800 1563 2800 1535 2801 1561 2801 1563 2801 1535 2802 1563 2802 1564 2802 1534 2803 1536 2803 1565 2803 1565 2804 1536 2804 1566 2804 1565 2805 1566 2805 1567 2805 1536 2806 1535 2806 1564 2806 1536 2807 1564 2807 1566 2807 1568 2808 1529 2808 1531 2808 1568 2809 1531 2809 1569 2809 1569 2810 1531 2810 1533 2810 1529 2811 1528 2811 1531 2811 1538 2812 1537 2812 1570 2812 1570 2813 1537 2813 1557 2813 1570 2814 1557 2814 1571 2814 1571 2815 1557 2815 1560 2815 1569 2816 1572 2816 1568 2816 1560 2817 1573 2817 1569 2817 1569 2818 1573 2818 1572 2818 1568 2819 1572 2819 1574 2819 1568 2820 1574 2820 1529 2820 1575 2821 1529 2821 1574 2821 1567 2822 1572 2822 1573 2822 1576 2823 1529 2823 1575 2823 1576 2824 1527 2824 1529 2824 1560 2825 1569 2825 1533 2825 1560 2826 1533 2826 1571 2826 1558 2827 1562 2827 1559 2827 1559 2828 1562 2828 1561 2828 1559 2829 1561 2829 1537 2829 1537 2830 1561 2830 1535 2830 1557 2831 1535 2831 1534 2831 1560 2832 1534 2832 1565 2832 1560 2833 1565 2833 1573 2833 1573 2834 1565 2834 1567 2834 1577 2835 1578 2835 1579 2835 1577 2836 1579 2836 1524 2836 1524 2837 1579 2837 1580 2837 1522 2838 1581 2838 1523 2838 1582 2839 1583 2839 1479 2839 1582 2840 1479 2840 1584 2840 1584 2841 1479 2841 1485 2841 1525 2842 1582 2842 1526 2842 1526 2843 1582 2843 1585 2843 1585 2844 1582 2844 1584 2844 1525 2845 1583 2845 1582 2845 1577 2846 1585 2846 1586 2846 1524 2847 1526 2847 1577 2847 1578 2848 1577 2848 1587 2848 1526 2849 1585 2849 1577 2849 1577 2850 1586 2850 1587 2850 1523 2851 1581 2851 1588 2851 1523 2852 1588 2852 1589 2852 1589 2853 1588 2853 1590 2853 1581 2854 1579 2854 1578 2854 1591 2855 1587 2855 1590 2855 1588 2856 1581 2856 1578 2856 1588 2857 1578 2857 1591 2857 1588 2858 1591 2858 1590 2858 1521 2859 1523 2859 1592 2859 1592 2860 1523 2860 1589 2860 1592 2861 1589 2861 1593 2861 1593 2862 1589 2862 1594 2862 1558 2863 1521 2863 1592 2863 1558 2864 1592 2864 1562 2864 1562 2865 1592 2865 1593 2865 1562 2866 1593 2866 1595 2866 1593 2867 1594 2867 1595 2867 1589 2868 1590 2868 1594 2868 1591 2869 1578 2869 1587 2869 1596 2870 1597 2870 1598 2870 1598 2871 1597 2871 1296 2871 1599 2872 1600 2872 1601 2872 1601 2873 1600 2873 1597 2873 1601 2874 1597 2874 1602 2874 1603 2875 1600 2875 1599 2875 1599 2876 1604 2876 1603 2876 1603 2877 1604 2877 1605 2877 1603 2878 1605 2878 1606 2878 1603 2879 1606 2879 1607 2879 1607 2880 1606 2880 1608 2880 1607 2881 1608 2881 1609 2881 1607 2882 1609 2882 1610 2882 1610 2883 1609 2883 1611 2883 1610 2884 1611 2884 1556 2884 1610 2885 1556 2885 1546 2885 1606 2886 1605 2886 1612 2886 1606 2887 1612 2887 1608 2887 1608 2888 1612 2888 1609 2888 1613 2889 1612 2889 1605 2889 1613 2890 1605 2890 1604 2890 1522 2891 1612 2891 1613 2891 1522 2892 1613 2892 1581 2892 1581 2893 1613 2893 1614 2893 1596 2894 1525 2894 1602 2894 1602 2895 1525 2895 1601 2895 1601 2896 1525 2896 1524 2896 1601 2897 1524 2897 1599 2897 1599 2898 1524 2898 1580 2898 1599 2899 1580 2899 1604 2899 1604 2900 1580 2900 1614 2900 1604 2901 1614 2901 1613 2901 1612 2902 1522 2902 1615 2902 1615 2903 1522 2903 1616 2903 1615 2904 1616 2904 1617 2904 1602 2905 1597 2905 1596 2905 1612 2906 1615 2906 1609 2906 1609 2907 1615 2907 1617 2907 1609 2908 1617 2908 1611 2908 1611 2909 1617 2909 1555 2909 1611 2910 1555 2910 1556 2910 1531 2911 1530 2911 1532 2911 1532 2912 1549 2912 1533 2912 1533 2913 1549 2913 1550 2913 1533 2914 1550 2914 1571 2914 1571 2915 1550 2915 1552 2915 1571 2916 1552 2916 1570 2916 1570 2917 1552 2917 1538 2917 1539 2918 1538 2918 1554 2918 1539 2919 1554 2919 1616 2919 1616 2920 1554 2920 1617 2920 1617 2921 1554 2921 1555 2921 1556 2922 1547 2922 1546 2922 1562 2923 1595 2923 1563 2923 1539 2924 1616 2924 1558 2924 1558 2925 1616 2925 1521 2925 1521 2926 1616 2926 1522 2926 1581 2927 1614 2927 1579 2927 1579 2928 1614 2928 1580 2928 1583 2929 1525 2929 1596 2929 1583 2930 1596 2930 1497 2930 1497 2931 1596 2931 1598 2931 1618 2932 1619 2932 1620 2932 1621 2933 1622 2933 1623 2933 1622 2934 1624 2934 1625 2934 1626 2935 1627 2935 1628 2935 1628 2936 1627 2936 1629 2936 1630 2937 1631 2937 1632 2937 1633 2938 1634 2938 1635 2938 1633 2939 1636 2939 1637 2939 1638 2940 1639 2940 1640 2940 1638 2941 1641 2941 1642 2941 1638 2942 1642 2942 1643 2942 1635 2943 1644 2943 1638 2943 1638 2944 1643 2944 1639 2944 1633 2945 1640 2945 1645 2945 1633 2946 1645 2946 1636 2946 1646 2947 1647 2947 1648 2947 1649 2948 1650 2948 1647 2948 1651 2949 1652 2949 1653 2949 1651 2950 1653 2950 1654 2950 1644 2951 1652 2951 1641 2951 1651 2952 1655 2952 1656 2952 1651 2953 1656 2953 1652 2953 1657 2954 1658 2954 1659 2954 1659 2955 1658 2955 1641 2955 1658 2956 1660 2956 1641 2956 1660 2957 1661 2957 1641 2957 1661 2958 1662 2958 1641 2958 1641 2959 1662 2959 1642 2959 1644 2960 1641 2960 1638 2960 1663 2961 1664 2961 1665 2961 1665 2962 1664 2962 1666 2962 1663 2963 1667 2963 1668 2963 1663 2964 1668 2964 1664 2964 1664 2965 1668 2965 1669 2965 1664 2966 1669 2966 1670 2966 1670 2967 1669 2967 1671 2967 1655 2968 1648 2968 1672 2968 1672 2969 1673 2969 1674 2969 1675 2970 1618 2970 1620 2970 1620 2971 1659 2971 1674 2971 1620 2972 1674 2972 1675 2972 1648 2973 1669 2973 1672 2973 1655 2974 1672 2974 1656 2974 1656 2975 1672 2975 1674 2975 1674 2976 1673 2976 1675 2976 1668 2977 1667 2977 1673 2977 1673 2978 1667 2978 1618 2978 1673 2979 1618 2979 1675 2979 1659 2980 1620 2980 1657 2980 1620 2981 1619 2981 1657 2981 1676 2982 1677 2982 1678 2982 1670 2983 1671 2983 1679 2983 1679 2984 1650 2984 1680 2984 1680 2985 1650 2985 1681 2985 1680 2986 1681 2986 1682 2986 1682 2987 1681 2987 1683 2987 1682 2988 1684 2988 1685 2988 1664 2989 1670 2989 1686 2989 1686 2990 1679 2990 1685 2990 1685 2991 1679 2991 1680 2991 1685 2992 1680 2992 1682 2992 1686 2993 1670 2993 1679 2993 1687 2994 1625 2994 1688 2994 1621 2995 1624 2995 1622 2995 1623 2996 1689 2996 1684 2996 1665 2997 1666 2997 1690 2997 1665 2998 1690 2998 1691 2998 1691 2999 1690 2999 1692 2999 1692 3000 1690 3000 1689 3000 1692 3001 1689 3001 1623 3001 1666 3002 1664 3002 1686 3002 1666 3003 1686 3003 1690 3003 1690 3004 1686 3004 1685 3004 1690 3005 1685 3005 1689 3005 1689 3006 1685 3006 1684 3006 1631 3007 1630 3007 1693 3007 1631 3008 1693 3008 1401 3008 1401 3009 1693 3009 1694 3009 1630 3010 1695 3010 1693 3010 1696 3011 1694 3011 1697 3011 1697 3012 1694 3012 1693 3012 1688 3013 1698 3013 1699 3013 1699 3014 1698 3014 1700 3014 1699 3015 1700 3015 1695 3015 1695 3016 1700 3016 1701 3016 1695 3017 1629 3017 1699 3017 1699 3018 1629 3018 1627 3018 1699 3019 1627 3019 1688 3019 1688 3020 1627 3020 1687 3020 1687 3021 1627 3021 1626 3021 1695 3022 1701 3022 1693 3022 1693 3023 1701 3023 1697 3023 1632 3024 1629 3024 1630 3024 1630 3025 1629 3025 1695 3025 1697 3026 1701 3026 1702 3026 1697 3027 1702 3027 1696 3027 1696 3028 1702 3028 1703 3028 1652 3029 1659 3029 1641 3029 1653 3030 1644 3030 1635 3030 1653 3031 1635 3031 1634 3031 1653 3032 1634 3032 1654 3032 1649 3033 1704 3033 1705 3033 1705 3034 1704 3034 1706 3034 1705 3035 1706 3035 1707 3035 1638 3036 1640 3036 1633 3036 1638 3037 1633 3037 1635 3037 1654 3038 1634 3038 1708 3038 1654 3039 1708 3039 1646 3039 1646 3040 1708 3040 1709 3040 1710 3041 1709 3041 1711 3041 1710 3042 1711 3042 1649 3042 1649 3043 1711 3043 1704 3043 1707 3044 1706 3044 1712 3044 1707 3045 1712 3045 1713 3045 1713 3046 1712 3046 1714 3046 1713 3047 1714 3047 1715 3047 1715 3048 1714 3048 1703 3048 1703 3049 1702 3049 1716 3049 1717 3050 1678 3050 1677 3050 1677 3051 1676 3051 1718 3051 1719 3052 1717 3052 1720 3052 1684 3053 1621 3053 1623 3053 1701 3054 1678 3054 1717 3054 1717 3055 1677 3055 1720 3055 1720 3056 1677 3056 1718 3056 1720 3057 1718 3057 1684 3057 1684 3058 1718 3058 1624 3058 1684 3059 1624 3059 1621 3059 1716 3060 1717 3060 1721 3060 1683 3061 1719 3061 1682 3061 1650 3062 1649 3062 1681 3062 1681 3063 1649 3063 1705 3063 1681 3064 1705 3064 1683 3064 1683 3065 1705 3065 1722 3065 1683 3066 1722 3066 1721 3066 1721 3067 1715 3067 1716 3067 1668 3068 1673 3068 1669 3068 1669 3069 1673 3069 1672 3069 1669 3070 1648 3070 1671 3070 1671 3071 1648 3071 1647 3071 1702 3072 1701 3072 1716 3072 1716 3073 1701 3073 1717 3073 1721 3074 1717 3074 1719 3074 1719 3075 1720 3075 1682 3075 1682 3076 1720 3076 1684 3076 1709 3077 1710 3077 1646 3077 1644 3078 1653 3078 1652 3078 1655 3079 1651 3079 1654 3079 1688 3080 1625 3080 1624 3080 1688 3081 1624 3081 1698 3081 1698 3082 1624 3082 1718 3082 1698 3083 1718 3083 1676 3083 1698 3084 1676 3084 1700 3084 1700 3085 1676 3085 1678 3085 1700 3086 1678 3086 1701 3086 1674 3087 1659 3087 1652 3087 1674 3088 1652 3088 1656 3088 1648 3089 1655 3089 1654 3089 1648 3090 1654 3090 1646 3090 1647 3091 1646 3091 1710 3091 1647 3092 1710 3092 1649 3092 1722 3093 1705 3093 1707 3093 1722 3094 1707 3094 1721 3094 1721 3095 1707 3095 1713 3095 1721 3096 1713 3096 1715 3096 1679 3097 1671 3097 1647 3097 1679 3098 1647 3098 1650 3098 1719 3099 1683 3099 1721 3099 1716 3100 1715 3100 1703 3100 1723 3101 1724 3101 1725 3101 1726 3102 1619 3102 1727 3102 1728 3103 1658 3103 1729 3103 1730 3104 1408 3104 1731 3104 1732 3105 1733 3105 1734 3105 1734 3106 1733 3106 1735 3106 1734 3107 1735 3107 1736 3107 1736 3108 1735 3108 1737 3108 1733 3109 1732 3109 1738 3109 1739 3110 1738 3110 1732 3110 1740 3111 1741 3111 1742 3111 1743 3112 1744 3112 1745 3112 1745 3113 1744 3113 1746 3113 1619 3114 1747 3114 1727 3114 1727 3115 1747 3115 1748 3115 1748 3116 1747 3116 1749 3116 1748 3117 1749 3117 1750 3117 1750 3118 1749 3118 1751 3118 1637 3119 1752 3119 1753 3119 1754 3120 1755 3120 1756 3120 1755 3121 1754 3121 1757 3121 1755 3122 1758 3122 1756 3122 1759 3123 1760 3123 1761 3123 1642 3124 1761 3124 1639 3124 1639 3125 1761 3125 1760 3125 1639 3126 1760 3126 1645 3126 1645 3127 1760 3127 1753 3127 1645 3128 1753 3128 1762 3128 1762 3129 1753 3129 1636 3129 1636 3130 1753 3130 1752 3130 1763 3131 1755 3131 1757 3131 1764 3132 1765 3132 1766 3132 1765 3133 1767 3133 1766 3133 1768 3134 1765 3134 1757 3134 1756 3135 1769 3135 1770 3135 1756 3136 1770 3136 1754 3136 1756 3137 1759 3137 1769 3137 1771 3138 1761 3138 1662 3138 1759 3139 1761 3139 1769 3139 1769 3140 1761 3140 1728 3140 1769 3141 1728 3141 1772 3141 1765 3142 1768 3142 1773 3142 1765 3143 1773 3143 1767 3143 1770 3144 1769 3144 1774 3144 1774 3145 1769 3145 1772 3145 1771 3146 1661 3146 1761 3146 1761 3147 1661 3147 1728 3147 1728 3148 1661 3148 1658 3148 1757 3149 1754 3149 1768 3149 1768 3150 1754 3150 1770 3150 1768 3151 1770 3151 1774 3151 1768 3152 1774 3152 1773 3152 1758 3153 1753 3153 1760 3153 1758 3154 1760 3154 1756 3154 1756 3155 1760 3155 1759 3155 1761 3156 1642 3156 1775 3156 1761 3157 1775 3157 1662 3157 1744 3158 1743 3158 1776 3158 1744 3159 1776 3159 1751 3159 1751 3160 1776 3160 1777 3160 1751 3161 1777 3161 1750 3161 1778 3162 1779 3162 1780 3162 1780 3163 1779 3163 1781 3163 1780 3164 1781 3164 1782 3164 1782 3165 1781 3165 1783 3165 1782 3166 1783 3166 1784 3166 1784 3167 1783 3167 1766 3167 1784 3168 1766 3168 1767 3168 1785 3169 1773 3169 1774 3169 1785 3170 1774 3170 1772 3170 1786 3171 1787 3171 1740 3171 1786 3172 1740 3172 1742 3172 1788 3173 1789 3173 1790 3173 1790 3174 1789 3174 1780 3174 1790 3175 1780 3175 1782 3175 1790 3176 1782 3176 1776 3176 1776 3177 1782 3177 1784 3177 1776 3178 1784 3178 1791 3178 1789 3179 1778 3179 1780 3179 1791 3180 1784 3180 1767 3180 1791 3181 1767 3181 1792 3181 1792 3182 1767 3182 1773 3182 1792 3183 1773 3183 1785 3183 1727 3184 1772 3184 1728 3184 1727 3185 1728 3185 1657 3185 1745 3186 1746 3186 1793 3186 1793 3187 1746 3187 1794 3187 1794 3188 1746 3188 1795 3188 1657 3189 1726 3189 1727 3189 1772 3190 1727 3190 1748 3190 1772 3191 1748 3191 1785 3191 1785 3192 1748 3192 1750 3192 1785 3193 1750 3193 1792 3193 1792 3194 1750 3194 1777 3194 1792 3195 1777 3195 1791 3195 1791 3196 1777 3196 1776 3196 1776 3197 1743 3197 1790 3197 1790 3198 1743 3198 1745 3198 1790 3199 1745 3199 1793 3199 1790 3200 1793 3200 1788 3200 1788 3201 1793 3201 1794 3201 1796 3202 1797 3202 1731 3202 1796 3203 1798 3203 1799 3203 1800 3204 1732 3204 1801 3204 1801 3205 1732 3205 1734 3205 1801 3206 1734 3206 1802 3206 1802 3207 1734 3207 1803 3207 1736 3208 1803 3208 1734 3208 1739 3209 1732 3209 1800 3209 1739 3210 1800 3210 1741 3210 1804 3211 1805 3211 1806 3211 1806 3212 1798 3212 1807 3212 1807 3213 1796 3213 1731 3213 1763 3214 1808 3214 1809 3214 1809 3215 1808 3215 1810 3215 1809 3216 1810 3216 1811 3216 1809 3217 1811 3217 1812 3217 1812 3218 1811 3218 1813 3218 1812 3219 1813 3219 1814 3219 1814 3220 1813 3220 1815 3220 1814 3221 1815 3221 1816 3221 1814 3222 1816 3222 1817 3222 1817 3223 1816 3223 1804 3223 1817 3224 1804 3224 1806 3224 1799 3225 1805 3225 1818 3225 1818 3226 1805 3226 1819 3226 1818 3227 1819 3227 1723 3227 1818 3228 1723 3228 1820 3228 1787 3229 1786 3229 1821 3229 1815 3230 1724 3230 1723 3230 1815 3231 1723 3231 1816 3231 1816 3232 1723 3232 1804 3232 1804 3233 1723 3233 1819 3233 1808 3234 1764 3234 1810 3234 1810 3235 1764 3235 1811 3235 1811 3236 1822 3236 1813 3236 1813 3237 1822 3237 1724 3237 1799 3238 1798 3238 1805 3238 1805 3239 1804 3239 1819 3239 1725 3240 1820 3240 1723 3240 1797 3241 1737 3241 1730 3241 1797 3242 1730 3242 1731 3242 1725 3243 1778 3243 1820 3243 1740 3244 1823 3244 1824 3244 1740 3245 1824 3245 1741 3245 1822 3246 1783 3246 1781 3246 1822 3247 1781 3247 1724 3247 1724 3248 1781 3248 1779 3248 1724 3249 1779 3249 1725 3249 1725 3250 1779 3250 1778 3250 1820 3251 1778 3251 1789 3251 1820 3252 1789 3252 1825 3252 1825 3253 1789 3253 1788 3253 1825 3254 1788 3254 1787 3254 1787 3255 1788 3255 1794 3255 1787 3256 1794 3256 1823 3256 1764 3257 1783 3257 1811 3257 1811 3258 1783 3258 1822 3258 1823 3259 1740 3259 1787 3259 1825 3260 1787 3260 1821 3260 1825 3261 1821 3261 1818 3261 1825 3262 1818 3262 1820 3262 1724 3263 1815 3263 1813 3263 1806 3264 1805 3264 1798 3264 1807 3265 1798 3265 1796 3265 1742 3266 1741 3266 1800 3266 1742 3267 1800 3267 1786 3267 1786 3268 1800 3268 1801 3268 1786 3269 1801 3269 1821 3269 1821 3270 1801 3270 1802 3270 1821 3271 1802 3271 1818 3271 1818 3272 1802 3272 1799 3272 1799 3273 1802 3273 1803 3273 1799 3274 1803 3274 1796 3274 1796 3275 1803 3275 1736 3275 1796 3276 1736 3276 1797 3276 1797 3277 1736 3277 1737 3277 1728 3278 1729 3278 1657 3278 1763 3279 1757 3279 1808 3279 1808 3280 1757 3280 1765 3280 1808 3281 1765 3281 1764 3281 1764 3282 1766 3282 1783 3282 1823 3283 1794 3283 1824 3283 1824 3284 1794 3284 1795 3284 1826 3285 1430 3285 1827 3285 1828 3286 1465 3286 1464 3286 1465 3287 1828 3287 1829 3287 1631 3288 1400 3288 1830 3288 1830 3289 1400 3289 1829 3289 1435 3290 1831 3290 1455 3290 1430 3291 1826 3291 1428 3291 1428 3292 1826 3292 1831 3292 1428 3293 1831 3293 1435 3293 1626 3294 1628 3294 1826 3294 1826 3295 1628 3295 1629 3295 1629 3296 1632 3296 1826 3296 1826 3297 1632 3297 1832 3297 1626 3298 1826 3298 1827 3298 1456 3299 1831 3299 1832 3299 1631 3300 1830 3300 1632 3300 1828 3301 1456 3301 1832 3301 1456 3302 1828 3302 1464 3302 1829 3303 1828 3303 1830 3303 1830 3304 1828 3304 1832 3304 1830 3305 1832 3305 1632 3305 1826 3306 1832 3306 1831 3306 1831 3307 1456 3307 1455 3307 1315 3308 1833 3308 1834 3308 1834 3309 1833 3309 1313 3309 1313 3310 1833 3310 1835 3310 1313 2427 1835 2427 1316 2427 1335 3311 1836 3311 1334 3311 1334 3312 1836 3312 1837 3312 1334 3313 1837 3313 1315 3313 1315 3314 1837 3314 1833 3314 1348 3315 1346 3315 1838 3315 1418 3316 1417 3316 1324 3316 1341 3317 1839 3317 1336 3317 1336 3318 1839 3318 1335 3318 1335 3319 1839 3319 1836 3319 1838 3320 1346 3320 1345 3320 1838 3321 1345 3321 1276 3321 1327 3322 1597 3322 1331 3322 1296 3323 1840 3323 1420 3323 1420 3324 1840 3324 1325 3324 1344 3325 1542 3325 1345 3325 1345 3326 1542 3326 1276 3326 1332 3327 1600 3327 1603 3327 1607 3328 1339 3328 1332 3328 1607 3329 1332 3329 1603 3329 1600 3330 1332 3330 1331 3330 1331 3331 1597 3331 1600 3331 1838 3332 1841 3332 1348 3332 1348 3333 1841 3333 1347 3333 1347 3334 1841 3334 1842 3334 1347 2427 1842 2427 1341 2427 1341 3335 1842 3335 1839 3335 1343 3336 1546 3336 1544 3336 1343 3337 1544 3337 1344 3337 1344 3338 1544 3338 1542 3338 1840 2427 1296 2427 1327 2427 1327 3339 1296 3339 1597 3339 1324 3340 1417 3340 1325 3340 1325 3341 1417 3341 1420 3341 1835 2427 1843 2427 1316 2427 1316 3342 1843 3342 1844 3342 1316 3343 1844 3343 1317 3343 1317 3344 1844 3344 1319 3344 1546 3345 1343 3345 1342 3345 1339 3346 1607 3346 1340 3346 1340 3347 1607 3347 1610 3347 1323 3348 1507 3348 1324 3348 1324 3349 1507 3349 1418 3349 1329 3350 1501 3350 1330 3350 1330 3351 1501 3351 1504 3351 1340 3352 1610 3352 1342 3352 1342 3353 1610 3353 1546 3353 1330 3354 1504 3354 1323 3354 1323 3355 1504 3355 1507 3355 1294 2427 1320 2427 1845 2427 1845 2427 1320 2427 1321 2427 1337 3356 1846 3356 1322 3356 1322 3357 1846 3357 1321 3357 1321 3358 1846 3358 1847 3358 1321 2427 1847 2427 1845 2427 1844 3359 1848 3359 1319 3359 1319 2427 1848 2427 1849 2427 1319 2427 1849 2427 1318 2427 1318 2427 1849 2427 1850 2427 1318 2427 1850 2427 1337 2427 1337 2427 1850 2427 1851 2427 1337 3360 1851 3360 1846 3360 1431 3361 1328 3361 1429 3361 1429 3362 1328 3362 1320 3362 1429 3363 1320 3363 1294 3363 1499 3364 1338 3364 1333 3364 1328 3365 1431 3365 1333 3365 1333 3366 1431 3366 1499 3366 1499 3367 1501 3367 1338 3367 1338 3368 1501 3368 1329 3368 1852 3369 1733 3369 1738 3369 1730 3370 1737 3370 1853 3370 1854 3371 1855 3371 1576 3371 1576 3372 1855 3372 1527 3372 1551 3373 1530 3373 1856 3373 1856 3374 1530 3374 1528 3374 1856 3375 1857 3375 1551 3375 1852 3376 1541 3376 1857 3376 1551 3377 1857 3377 1541 3377 1852 3378 1857 3378 1733 3378 1733 3379 1857 3379 1735 3379 1735 3380 1857 3380 1737 3380 1737 3381 1857 3381 1853 3381 1853 3382 1855 3382 1730 3382 1730 3383 1855 3383 1409 3383 1730 3384 1409 3384 1408 3384 1857 3385 1856 3385 1855 3385 1857 3386 1855 3386 1853 3386 1527 3387 1855 3387 1856 3387 1854 3388 1409 3388 1855 3388 1527 3389 1856 3389 1528 3389 1858 3390 1623 3390 1859 3390 1623 3391 1858 3391 1852 3391 1623 3392 1852 3392 1738 3392 1619 3393 1746 3393 1744 3393 1744 3394 1751 3394 1619 3394 1619 3395 1751 3395 1749 3395 1749 3396 1747 3396 1619 3396 1738 3397 1739 3397 1619 3397 1619 3398 1739 3398 1741 3398 1741 3399 1824 3399 1619 3399 1619 3400 1824 3400 1795 3400 1619 3401 1795 3401 1746 3401 1738 3402 1618 3402 1667 3402 1738 3403 1619 3403 1618 3403 1667 3404 1663 3404 1738 3404 1738 3405 1663 3405 1665 3405 1738 3406 1665 3406 1691 3406 1691 3407 1692 3407 1738 3407 1738 3408 1692 3408 1623 3408 1859 3409 1623 3409 1622 3409 1859 3410 1622 3410 1625 3410 1859 3411 1625 3411 1687 3411 1859 3412 1687 3412 1626 3412 1626 3413 1827 3413 1859 3413 1859 3414 1827 3414 1860 3414 1859 3415 1861 3415 1862 3415 1862 3416 1863 3416 1859 3416 1863 3417 1864 3417 1859 3417 1859 3418 1864 3418 1865 3418 1865 3419 1866 3419 1859 3419 1866 3420 1867 3420 1859 3420 1859 3421 1860 3421 1868 3421 1859 3422 1868 3422 1869 3422 1859 3423 1869 3423 1870 3423 1859 3424 1870 3424 1871 3424 1859 3425 1871 3425 1872 3425 1872 3426 1873 3426 1859 3426 1859 3427 1873 3427 1874 3427 1859 3428 1874 3428 1861 3428 1353 3429 1376 3429 1361 3429 1361 3430 1376 3430 1402 3430 1361 3431 1402 3431 1351 3431 1351 3432 1402 3432 1393 3432 1351 3433 1393 3433 1360 3433 1360 3434 1393 3434 1390 3434 1360 3435 1390 3435 1359 3435 1359 3436 1390 3436 1392 3436 1359 3437 1392 3437 1358 3437 1358 3438 1392 3438 1407 3438 1358 3439 1407 3439 1356 3439 1356 3440 1407 3440 1404 3440 1356 3441 1404 3441 1378 3441 1356 3442 1378 3442 1357 3442 1357 3443 1378 3443 1354 3443 1354 3444 1378 3444 1380 3444 1354 3445 1380 3445 1355 3445 1355 3446 1380 3446 1384 3446 1355 3447 1384 3447 1352 3447 1352 3448 1384 3448 1374 3448 1352 3449 1374 3449 1353 3449 1353 3450 1374 3450 1376 3450 1363 3451 1320 3451 1365 3451 1365 3452 1320 3452 1328 3452 1365 3453 1328 3453 1333 3453 1365 3454 1333 3454 1338 3454 1365 3455 1338 3455 1329 3455 1365 3456 1329 3456 1372 3456 1372 3457 1329 3457 1330 3457 1372 3458 1330 3458 1323 3458 1372 3459 1323 3459 1324 3459 1372 3460 1324 3460 1373 3460 1373 3461 1324 3461 1325 3461 1373 3462 1325 3462 1840 3462 1373 3463 1840 3463 1327 3463 1373 3464 1327 3464 1364 3464 1364 3465 1327 3465 1331 3465 1364 3466 1331 3466 1332 3466 1364 3467 1332 3467 1339 3467 1364 3468 1339 3468 1370 3468 1370 3469 1339 3469 1340 3469 1370 3470 1340 3470 1342 3470 1370 3471 1342 3471 1343 3471 1370 3472 1343 3472 1371 3472 1371 3473 1343 3473 1344 3473 1371 3474 1344 3474 1345 3474 1371 3475 1345 3475 1369 3475 1369 3476 1345 3476 1346 3476 1369 3477 1346 3477 1348 3477 1369 3478 1348 3478 1347 3478 1369 3479 1347 3479 1368 3479 1368 3480 1347 3480 1341 3480 1368 3481 1341 3481 1336 3481 1368 3482 1336 3482 1335 3482 1368 3483 1335 3483 1367 3483 1367 3484 1335 3484 1334 3484 1367 3485 1334 3485 1315 3485 1367 3486 1315 3486 1834 3486 1367 3487 1834 3487 1366 3487 1366 3488 1834 3488 1313 3488 1366 3489 1313 3489 1316 3489 1366 3490 1316 3490 1317 3490 1366 3491 1317 3491 1319 3491 1366 3492 1319 3492 1362 3492 1362 3493 1319 3493 1318 3493 1362 3494 1318 3494 1337 3494 1362 3495 1337 3495 1322 3495 1362 3496 1322 3496 1363 3496 1363 3497 1322 3497 1321 3497 1363 3498 1321 3498 1320 3498 1576 3499 1414 3499 1854 3499 1854 3500 1414 3500 1409 3500 1575 3501 1414 3501 1576 3501 1414 3502 1575 3502 1574 3502 1414 3503 1574 3503 1415 3503 1574 3504 1572 3504 1415 3504 1572 3505 1567 3505 1415 3505 1415 3506 1567 3506 1405 3506 1405 3507 1567 3507 1566 3507 1405 3508 1566 3508 1564 3508 1405 3509 1564 3509 1563 3509 1405 3510 1563 3510 1388 3510 1594 3511 1388 3511 1595 3511 1595 3512 1388 3512 1563 3512 1590 3513 1389 3513 1594 3513 1594 3514 1389 3514 1388 3514 1590 3515 1587 3515 1389 3515 1389 3516 1587 3516 1379 3516 1379 3517 1587 3517 1586 3517 1586 3518 1585 3518 1379 3518 1379 3519 1585 3519 1381 3519 1381 3520 1585 3520 1584 3520 1584 3521 1485 3521 1381 3521 1381 3522 1485 3522 1478 3522 1381 3523 1478 3523 1387 3523 1387 3524 1478 3524 1484 3524 1387 3525 1484 3525 1486 3525 1486 3526 1487 3526 1387 3526 1387 3527 1487 3527 1494 3527 1387 3528 1494 3528 1385 3528 1385 3529 1494 3529 1493 3529 1493 3530 1492 3530 1385 3530 1385 3531 1492 3531 1386 3531 1386 3532 1492 3532 1449 3532 1386 3533 1449 3533 1382 3533 1382 3534 1449 3534 1448 3534 1382 3535 1448 3535 1451 3535 1382 3536 1451 3536 1383 3536 1383 3537 1451 3537 1458 3537 1383 3538 1458 3538 1457 3538 1383 3539 1457 3539 1375 3539 1457 3540 1463 3540 1375 3540 1465 3541 1377 3541 1375 3541 1465 3542 1375 3542 1463 3542 1377 3543 1465 3543 1829 3543 1377 3544 1829 3544 1400 3544 1631 3545 1401 3545 1400 3545 1694 3546 1403 3546 1401 3546 1696 3547 1403 3547 1694 3547 1403 3548 1696 3548 1703 3548 1403 3549 1703 3549 1412 3549 1412 3550 1703 3550 1714 3550 1712 3551 1413 3551 1714 3551 1714 3552 1413 3552 1412 3552 1706 3553 1413 3553 1712 3553 1413 3554 1706 3554 1704 3554 1413 3555 1704 3555 1410 3555 1410 3556 1704 3556 1711 3556 1711 3557 1709 3557 1410 3557 1410 3558 1709 3558 1411 3558 1411 3559 1709 3559 1708 3559 1411 3560 1708 3560 1394 3560 1394 3561 1708 3561 1634 3561 1634 3562 1633 3562 1394 3562 1394 3563 1633 3563 1395 3563 1633 3564 1637 3564 1395 3564 1395 3565 1637 3565 1753 3565 1753 3566 1758 3566 1395 3566 1395 3567 1758 3567 1398 3567 1398 3568 1758 3568 1755 3568 1398 3569 1755 3569 1763 3569 1398 3570 1763 3570 1399 3570 1763 3571 1809 3571 1399 3571 1399 3572 1809 3572 1391 3572 1391 3573 1809 3573 1812 3573 1391 3574 1812 3574 1396 3574 1396 3575 1812 3575 1814 3575 1396 3576 1814 3576 1397 3576 1397 3577 1814 3577 1817 3577 1397 3578 1817 3578 1406 3578 1406 3579 1817 3579 1806 3579 1806 3580 1807 3580 1406 3580 1731 3581 1408 3581 1406 3581 1731 3582 1406 3582 1807 3582 1430 3583 1294 3583 1845 3583 1860 3584 1827 3584 1430 3584 1860 3585 1430 3585 1845 3585 1847 3586 1860 3586 1845 3586 1846 3587 1868 3587 1847 3587 1847 3588 1868 3588 1860 3588 1850 3589 1870 3589 1851 3589 1851 3590 1870 3590 1869 3590 1851 3591 1869 3591 1846 3591 1846 3592 1869 3592 1868 3592 1849 3593 1870 3593 1850 3593 1848 3594 1871 3594 1849 3594 1849 3595 1871 3595 1870 3595 1844 3596 1871 3596 1848 3596 1872 3597 1844 3597 1873 3597 1873 3598 1844 3598 1843 3598 1844 3599 1872 3599 1871 3599 1835 3600 1874 3600 1843 3600 1843 3601 1874 3601 1873 3601 1833 3602 1861 3602 1835 3602 1835 3603 1861 3603 1874 3603 1861 3604 1833 3604 1837 3604 1861 3605 1837 3605 1862 3605 1863 3606 1862 3606 1837 3606 1863 3607 1837 3607 1836 3607 1836 3608 1864 3608 1863 3608 1864 3609 1836 3609 1839 3609 1839 3610 1865 3610 1864 3610 1865 3611 1839 3611 1842 3611 1865 3612 1842 3612 1866 3612 1842 3613 1867 3613 1866 3613 1841 3614 1859 3614 1867 3614 1841 3615 1867 3615 1842 3615 1858 3616 1859 3616 1838 3616 1838 3617 1859 3617 1841 3617 1838 3618 1276 3618 1541 3618 1838 3619 1541 3619 1858 3619 1858 3620 1541 3620 1852 3620 1875 3621 1876 3621 1877 3621 1875 3622 1878 3622 1879 3622 1879 3623 1878 3623 1880 3623 1879 3624 1880 3624 1881 3624 1877 3625 1882 3625 1875 3625 1875 3626 1882 3626 1878 3626 1883 3627 1884 3627 1885 3627 1884 3628 1886 3628 1885 3628 1887 3629 1888 3629 1889 3629 1890 3630 1887 3630 1889 3630 1883 3631 1885 3631 1890 3631 1890 3632 1885 3632 1887 3632 1891 3633 1892 3633 1893 3633 1894 3634 1895 3634 1896 3634 1897 3635 1894 3635 1898 3635 1894 3636 1897 3636 1895 3636 1891 3637 1893 3637 1896 3637 1893 3638 1894 3638 1896 3638 1899 3639 1900 3639 1901 3639 1899 3640 1901 3640 1902 3640 1902 3641 1901 3641 1903 3641 1902 3642 1903 3642 1904 3642 1904 3643 1903 3643 1905 3643 1904 3644 1905 3644 1906 3644 1906 3645 1905 3645 1907 3645 1906 3646 1907 3646 1908 3646 1906 3647 1908 3647 1909 3647 1909 3648 1908 3648 1910 3648 1909 3649 1910 3649 1911 3649 1909 3650 1911 3650 1912 3650 1912 3651 1911 3651 1913 3651 1912 3652 1913 3652 1914 3652 1914 3653 1913 3653 1915 3653 1914 3654 1915 3654 1916 3654 1916 3655 1915 3655 1917 3655 1916 3656 1917 3656 1900 3656 1916 3657 1900 3657 1899 3657 1918 3658 1919 3658 1920 3658 1921 3659 1922 3659 1923 3659 1923 3660 1924 3660 1921 3660 1925 3661 1926 3661 1923 3661 1923 3662 1926 3662 1924 3662 1925 3663 1927 3663 1926 3663 1925 3664 1928 3664 1927 3664 1928 3665 1925 3665 1929 3665 1929 3666 1930 3666 1928 3666 1930 3667 1929 3667 1931 3667 1930 3668 1931 3668 1932 3668 1919 3669 1932 3669 1931 3669 1920 3670 1919 3670 1931 3670 1933 3671 1918 3671 1920 3671 1933 3672 1934 3672 1918 3672 1935 3673 1934 3673 1933 3673 1936 3674 1937 3674 1935 3674 1935 3675 1937 3675 1934 3675 1938 3676 1936 3676 1939 3676 1939 3677 1936 3677 1935 3677 1940 3678 1938 3678 1939 3678 1939 3679 1941 3679 1940 3679 1942 3680 1943 3680 1944 3680 1942 3681 1944 3681 1945 3681 1946 3682 1947 3682 1948 3682 1949 3683 1942 3683 1945 3683 1947 3684 1946 3684 1950 3684 1950 3685 1949 3685 1947 3685 1947 3686 1949 3686 1945 3686 1951 3687 1952 3687 1953 3687 1951 3688 1954 3688 1952 3688 1955 3689 1956 3689 1957 3689 1957 3690 1956 3690 1958 3690 1957 3691 1958 3691 1959 3691 1959 3692 1958 3692 1960 3692 1959 3693 1960 3693 1961 3693 1961 3694 1960 3694 1962 3694 1961 3695 1962 3695 1963 3695 1961 3696 1963 3696 1964 3696 1964 3697 1963 3697 1965 3697 1953 3698 1952 3698 1966 3698 1953 3699 1966 3699 1967 3699 1967 3700 1966 3700 1968 3700 1965 3701 1954 3701 1964 3701 1964 3702 1954 3702 1951 3702 1967 3703 1968 3703 1969 3703 1967 3704 1969 3704 1955 3704 1955 3705 1969 3705 1970 3705 1955 3706 1970 3706 1971 3706 1955 3707 1971 3707 1956 3707 1968 3708 1966 3708 1972 3708 1954 3709 1973 3709 1974 3709 1975 3710 1974 3710 1973 3710 1976 3711 1974 3711 1975 3711 1976 3712 1977 3712 1978 3712 1979 3713 1980 3713 1981 3713 1982 3714 1983 3714 1972 3714 1984 3715 1985 3715 1983 3715 1984 3716 1983 3716 1982 3716 1986 3717 1985 3717 1984 3717 1966 3718 1984 3718 1982 3718 1966 3719 1982 3719 1972 3719 1987 3720 1988 3720 1986 3720 1985 3721 1986 3721 1988 3721 1989 3722 1974 3722 1976 3722 1989 3723 1976 3723 1978 3723 1989 3724 1978 3724 1990 3724 1991 3725 1985 3725 1988 3725 1954 3726 1974 3726 1952 3726 1992 3727 1993 3727 1994 3727 1994 3728 1995 3728 1992 3728 1996 3729 1995 3729 1994 3729 1994 3730 1997 3730 1996 3730 1998 3731 1999 3731 2000 3731 1999 3732 2001 3732 2000 3732 1994 3733 2001 3733 1997 3733 1994 3734 1993 3734 2000 3734 1994 3735 2000 3735 2001 3735 1995 3736 1996 3736 1910 3736 1944 3737 1943 3737 2002 3737 1944 3738 2002 3738 2003 3738 2003 3739 1998 3739 2004 3739 2004 3740 1944 3740 2003 3740 1998 3741 2000 3741 2004 3741 2005 3742 2006 3742 2007 3742 2006 3743 1941 3743 2008 3743 2008 3744 1941 3744 1939 3744 2008 3745 1939 3745 2009 3745 2009 3746 1939 3746 1935 3746 2009 3747 1935 3747 2010 3747 2010 3748 1935 3748 1933 3748 2010 3749 1933 3749 1920 3749 2010 3750 1920 3750 1931 3750 2010 3751 1931 3751 2011 3751 2011 3752 1931 3752 1929 3752 2011 3753 1929 3753 2012 3753 2012 3754 1929 3754 1925 3754 2012 3755 1925 3755 2013 3755 2013 3756 1925 3756 1923 3756 2006 3757 2005 3757 2014 3757 2006 3758 2014 3758 1941 3758 2007 3759 1922 3759 2005 3759 1923 3760 1922 3760 2013 3760 2013 3761 1922 3761 2007 3761 2015 3762 1921 3762 1924 3762 1924 3763 1926 3763 2016 3763 1924 3764 2016 3764 2015 3764 2005 3765 1921 3765 2015 3765 2005 3766 1922 3766 1921 3766 2017 3767 1934 3767 1937 3767 2014 3768 2018 3768 1940 3768 1940 3769 2018 3769 1938 3769 2019 3770 1936 3770 1938 3770 2019 3771 2017 3771 1936 3771 1941 3772 2014 3772 1940 3772 2017 3773 1937 3773 1936 3773 2018 3774 2019 3774 1938 3774 2020 3775 1926 3775 1927 3775 1927 3776 1928 3776 2020 3776 1926 3777 2020 3777 2016 3777 1934 3778 2017 3778 1918 3778 2005 3779 2015 3779 2016 3779 2021 3780 2022 3780 2023 3780 2024 3781 2025 3781 2022 3781 2026 3782 2024 3782 2027 3782 2025 3783 2024 3783 2026 3783 2024 3784 2028 3784 2027 3784 2027 3785 2028 3785 2029 3785 2024 3786 2022 3786 2021 3786 2030 3787 1946 3787 1948 3787 1948 3788 2031 3788 2032 3788 2023 3789 2033 3789 2021 3789 2021 3790 2033 3790 2031 3790 2032 3791 2031 3791 2033 3791 2030 3792 1948 3792 2032 3792 2028 3793 2024 3793 2034 3793 1948 3794 1947 3794 2035 3794 2035 3795 1947 3795 1945 3795 2035 3796 1945 3796 2036 3796 1948 3797 2035 3797 2037 3797 2038 3798 2039 3798 2037 3798 2037 3799 2039 3799 1948 3799 1945 3800 1944 3800 2036 3800 2036 3801 1944 3801 2040 3801 2036 3802 2040 3802 2041 3802 2041 3803 2040 3803 2042 3803 2043 3804 2044 3804 2045 3804 2046 3805 2047 3805 2048 3805 1984 3806 1966 3806 2049 3806 2050 3807 2051 3807 2052 3807 2052 3808 2051 3808 2053 3808 2053 3809 2051 3809 2054 3809 2053 3810 2054 3810 2055 3810 2049 3811 1966 3811 2056 3811 2057 3812 1952 3812 2058 3812 2059 3813 2058 3813 1952 3813 2060 3814 2061 3814 2058 3814 2060 3815 2058 3815 2059 3815 2062 3816 2063 3816 2064 3816 2062 3817 2064 3817 2065 3817 2065 3818 2064 3818 2066 3818 2066 3819 2067 3819 2068 3819 2069 3820 2070 3820 2071 3820 2071 3821 2070 3821 2072 3821 2073 3822 2070 3822 2069 3822 2074 3823 2075 3823 2076 3823 1992 3824 2077 3824 1993 3824 2077 3825 2076 3825 1993 3825 1993 3826 2076 3826 2000 3826 2078 3827 2042 3827 2079 3827 2078 3828 2080 3828 2081 3828 2045 3829 2082 3829 2081 3829 2083 3830 2084 3830 2046 3830 2085 3831 1980 3831 2086 3831 2086 3832 2087 3832 2088 3832 1966 3833 2057 3833 2056 3833 1980 3834 2089 3834 2086 3834 2090 3835 1990 3835 1981 3835 1966 3836 1952 3836 2057 3836 2091 3837 2048 3837 2092 3837 2063 3838 2091 3838 2064 3838 2064 3839 2091 3839 2092 3839 2064 3840 2092 3840 2093 3840 2064 3841 2093 3841 2066 3841 2066 3842 2093 3842 2067 3842 2067 3843 2094 3843 2068 3843 2068 3844 2094 3844 2095 3844 2068 3845 2095 3845 2096 3845 2096 3846 2095 3846 2072 3846 2072 3847 2095 3847 2071 3847 2097 3848 2000 3848 2076 3848 2097 3849 2076 3849 2098 3849 2098 3850 2076 3850 2075 3850 2098 3851 2075 3851 2073 3851 2098 3852 2073 3852 2069 3852 2071 3853 2095 3853 2099 3853 2099 3854 2095 3854 2094 3854 2094 3855 2067 3855 2093 3855 2048 3856 2047 3856 2092 3856 2092 3857 2047 3857 2100 3857 2092 3858 2100 3858 2101 3858 2004 3859 2000 3859 2097 3859 2004 3860 2097 3860 2102 3860 2102 3861 2097 3861 2103 3861 2103 3862 2097 3862 2098 3862 2103 3863 2098 3863 2104 3863 2104 3864 2098 3864 2069 3864 2104 3865 2069 3865 2105 3865 2105 3866 2069 3866 2071 3866 2105 3867 2071 3867 2099 3867 2106 3868 2099 3868 2094 3868 2106 3869 2094 3869 2093 3869 2106 3870 2093 3870 2101 3870 2101 3871 2093 3871 2092 3871 2107 3872 2090 3872 2046 3872 1990 3873 2090 3873 2108 3873 2108 3874 2090 3874 2107 3874 1989 3875 1990 3875 2108 3875 2109 3876 2108 3876 2107 3876 2109 3877 2107 3877 2110 3877 2110 3878 2107 3878 2048 3878 1989 3879 2108 3879 2109 3879 2111 3880 2112 3880 2113 3880 2111 3881 2113 3881 2114 3881 2114 3882 2113 3882 2115 3882 2114 3883 2115 3883 2116 3883 2116 3884 2115 3884 2117 3884 2116 3885 2117 3885 2118 3885 2118 3886 2117 3886 2087 3886 1987 3887 2087 3887 2119 3887 2120 3888 2121 3888 2112 3888 2120 3889 2112 3889 2111 3889 2122 3890 2118 3890 2087 3890 2122 3891 2087 3891 1986 3891 1986 3892 2087 3892 1987 3892 2123 3893 2121 3893 2120 3893 2124 3894 2120 3894 2111 3894 2124 3895 2111 3895 2125 3895 2125 3896 2111 3896 2114 3896 2125 3897 2114 3897 2116 3897 2125 3898 2116 3898 2126 3898 2126 3899 2116 3899 2118 3899 2126 3900 2118 3900 2122 3900 1986 3901 1984 3901 2122 3901 2122 3902 1984 3902 2127 3902 2122 3903 2127 3903 2126 3903 2126 3904 2127 3904 2128 3904 2126 3905 2128 3905 2125 3905 2125 3906 2128 3906 2129 3906 2125 3907 2129 3907 2124 3907 2059 3908 1989 3908 2109 3908 2059 3909 2109 3909 2060 3909 2060 3910 2109 3910 2110 3910 2063 3911 2110 3911 2091 3911 1989 3912 2059 3912 1974 3912 2107 3913 2046 3913 2048 3913 2110 3914 2048 3914 2091 3914 2063 3915 2062 3915 2110 3915 2110 3916 2062 3916 2061 3916 2110 3917 2061 3917 2060 3917 1974 3918 2059 3918 1952 3918 2050 3919 2123 3919 2051 3919 2051 3920 2123 3920 2120 3920 2051 3921 2120 3921 2054 3921 2054 3922 2120 3922 2124 3922 2054 3923 2124 3923 2129 3923 2055 3924 2054 3924 2129 3924 2055 3925 2129 3925 2130 3925 2130 3926 2129 3926 2128 3926 2130 3927 2128 3927 2131 3927 2131 3928 2128 3928 2132 3928 2132 3929 2128 3929 2127 3929 2132 3930 2127 3930 2049 3930 2049 3931 2127 3931 1984 3931 2133 3932 2131 3932 2132 3932 2133 3933 2132 3933 2056 3933 2056 3934 2132 3934 2049 3934 2121 3935 2134 3935 2112 3935 2112 3936 2134 3936 2113 3936 2113 3937 2134 3937 2135 3937 2113 3938 2135 3938 2136 3938 2113 3939 2136 3939 2115 3939 2115 3940 2136 3940 2137 3940 2115 3941 2137 3941 2117 3941 2117 3942 2137 3942 2088 3942 2117 3943 2088 3943 2087 3943 2087 3944 2086 3944 2119 3944 2119 3945 2086 3945 2089 3945 2040 3946 2004 3946 2102 3946 2040 3947 1944 3947 2004 3947 2079 3948 2040 3948 2103 3948 2104 3949 2138 3949 2079 3949 2042 3950 2040 3950 2079 3950 2079 3951 2103 3951 2104 3951 2040 3952 2102 3952 2103 3952 2078 3953 2079 3953 2138 3953 2081 3954 2080 3954 2045 3954 2045 3955 2080 3955 2043 3955 2078 3956 2138 3956 2080 3956 2044 3957 2100 3957 2139 3957 2044 3958 2139 3958 2082 3958 2082 3959 2045 3959 2044 3959 2043 3960 2106 3960 2044 3960 2044 3961 2106 3961 2101 3961 1980 3962 2085 3962 2090 3962 2090 3963 2085 3963 2083 3963 2090 3964 2083 3964 2046 3964 2046 3965 2084 3965 2047 3965 2047 3966 2084 3966 2139 3966 2047 3967 2139 3967 2100 3967 2100 3968 2044 3968 2101 3968 2090 3969 1981 3969 1980 3969 2106 3970 2043 3970 2099 3970 2099 3971 2043 3971 2080 3971 2099 3972 2080 3972 2105 3972 2105 3973 2080 3973 2138 3973 2105 3974 2138 3974 2104 3974 2140 3975 2141 3975 1992 3975 2140 3976 1992 3976 1995 3976 1910 3977 2140 3977 1995 3977 2028 3978 2034 3978 2141 3978 2140 3979 2029 3979 2028 3979 2140 3980 2028 3980 2141 3980 2142 3981 2143 3981 2144 3981 1932 3982 1919 3982 2145 3982 2017 3983 2019 3983 2146 3983 2024 3984 2147 3984 2034 3984 2148 3985 2149 3985 2150 3985 2151 3986 2149 3986 2152 3986 2152 3987 2149 3987 2148 3987 2151 3988 2152 3988 2153 3988 2154 3989 2144 3989 2155 3989 2143 3990 2155 3990 2144 3990 2155 3991 2143 3991 2156 3991 2156 3992 2157 3992 2155 3992 2157 3993 2158 3993 2159 3993 2159 3994 2158 3994 2160 3994 2161 3995 2005 3995 2162 3995 2162 3996 2005 3996 2163 3996 2162 3997 2163 3997 2164 3997 2165 3998 2166 3998 2167 3998 2167 3999 2166 3999 2168 3999 2167 4000 2168 4000 2050 4000 2167 4001 2050 4001 2052 4001 2134 4002 2169 4002 2170 4002 2171 4003 2172 4003 2173 4003 1932 4004 2174 4004 2175 4004 2176 4005 2175 4005 2173 4005 2145 4006 2174 4006 1932 4006 2038 4007 2177 4007 2178 4007 2178 4008 2177 4008 2179 4008 1928 4009 1930 4009 2175 4009 2175 4010 1930 4010 1932 4010 2180 4011 2181 4011 2182 4011 2180 4012 2182 4012 2161 4012 2161 4013 2182 4013 2018 4013 2161 4014 2018 4014 2014 4014 2161 4015 2014 4015 2005 4015 2020 4016 1928 4016 2176 4016 2183 4017 2184 4017 2172 4017 2185 4018 2172 4018 2186 4018 2187 4019 2186 4019 2169 4019 2187 4020 2169 4020 2121 4020 2172 4021 2185 4021 2183 4021 2176 4022 2184 4022 2188 4022 2176 4023 2188 4023 2020 4023 2188 4024 2184 4024 2189 4024 2189 4025 2184 4025 2183 4025 2189 4026 2183 4026 2190 4026 2190 4027 2183 4027 2185 4027 2190 4028 2185 4028 2191 4028 2191 4029 2185 4029 2186 4029 2191 4030 2186 4030 2187 4030 2191 4031 2187 4031 2123 4031 2123 4032 2187 4032 2121 4032 2016 4033 2020 4033 2163 4033 2163 4034 2020 4034 2188 4034 2192 4035 2163 4035 2188 4035 2192 4036 2188 4036 2189 4036 2192 4037 2189 4037 2193 4037 2193 4038 2189 4038 2190 4038 2193 4039 2190 4039 2166 4039 2166 4040 2190 4040 2191 4040 2166 4041 2191 4041 2168 4041 2168 4042 2191 4042 2123 4042 2168 4043 2123 4043 2050 4043 2005 4044 2016 4044 2163 4044 2164 4045 2163 4045 2192 4045 2164 4046 2192 4046 2194 4046 2194 4047 2192 4047 2193 4047 2194 4048 2193 4048 2195 4048 2195 4049 2193 4049 2166 4049 2195 4050 2166 4050 2165 4050 2159 4051 2160 4051 2196 4051 2196 4052 2160 4052 2197 4052 2196 4053 2197 4053 2180 4053 2180 4054 2197 4054 2198 4054 2180 4055 2198 4055 2181 4055 2182 4056 2181 4056 2146 4056 2182 4057 2146 4057 2018 4057 2199 4058 2200 4058 2142 4058 2201 4059 2202 4059 2203 4059 2201 4060 2203 4060 2204 4060 2205 4061 2206 4061 2207 4061 2207 4062 2206 4062 2145 4062 2207 4063 2145 4063 2017 4063 2017 4064 2145 4064 1918 4064 2208 4065 2209 4065 2202 4065 2208 4066 2202 4066 2201 4066 2210 4067 2201 4067 2204 4067 2210 4068 2204 4068 2205 4068 2205 4069 2204 4069 2206 4069 2205 4070 2146 4070 2181 4070 2205 4071 2181 4071 2198 4071 2205 4072 2198 4072 2210 4072 2210 4073 2198 4073 2197 4073 2210 4074 2197 4074 2160 4074 2201 4075 2160 4075 2208 4075 2208 4076 2160 4076 2158 4076 2209 4077 2208 4077 2156 4077 2209 4078 2156 4078 2142 4078 2207 4079 2017 4079 2146 4079 2207 4080 2146 4080 2205 4080 2201 4081 2210 4081 2160 4081 2024 4082 2021 4082 2211 4082 2212 4083 2211 4083 2213 4083 2212 4084 2213 4084 2148 4084 2148 4085 2213 4085 2214 4085 2148 4086 2214 4086 2152 4086 2152 4087 2214 4087 2153 4087 2153 4088 2214 4088 2215 4088 2153 4089 2215 4089 2216 4089 2216 4090 2215 4090 2217 4090 2216 4091 2217 4091 2199 4091 2199 4092 2217 4092 2200 4092 2147 4093 2024 4093 2211 4093 2147 4094 2211 4094 2218 4094 2218 4095 2211 4095 2212 4095 2218 4096 2212 4096 2150 4096 2150 4097 2212 4097 2148 4097 2219 4098 2153 4098 2216 4098 2219 4099 2216 4099 2144 4099 2144 4100 2216 4100 2199 4100 2144 4101 2199 4101 2142 4101 2019 4102 2018 4102 2146 4102 2208 4103 2158 4103 2157 4103 2208 4104 2157 4104 2156 4104 2151 4105 2153 4105 2220 4105 2220 4106 2153 4106 2219 4106 2220 4107 2219 4107 2221 4107 2221 4108 2219 4108 2154 4108 2154 4109 2219 4109 2144 4109 2222 4110 2223 4110 2224 4110 2225 4111 2224 4111 2223 4111 2225 4112 2223 4112 2226 4112 2224 4113 2227 4113 2222 4113 2222 4114 2227 4114 2179 4114 2179 4115 2227 4115 2228 4115 2179 4116 2228 4116 2178 4116 2224 4117 2229 4117 2227 4117 2227 4118 2229 4118 2228 4118 2039 4119 2178 4119 2214 4119 2039 4120 2214 4120 2213 4120 2228 4121 2214 4121 2178 4121 2038 4122 2178 4122 2039 4122 1948 4123 2039 4123 2230 4123 1948 4124 2230 4124 2031 4124 2039 4125 2213 4125 2230 4125 2021 4126 2031 4126 2211 4126 2211 4127 2031 4127 2230 4127 2211 4128 2230 4128 2213 4128 2215 4129 2214 4129 2228 4129 2215 4130 2228 4130 2217 4130 2217 4131 2228 4131 2229 4131 2217 4132 2229 4132 2200 4132 2200 4133 2229 4133 2224 4133 2206 4134 2231 4134 2232 4134 2206 4135 2232 4135 2233 4135 2206 4136 2233 4136 2145 4136 2145 4137 2233 4137 2174 4137 2226 4138 2232 4138 2231 4138 2226 4139 2231 4139 2203 4139 2226 4140 2203 4140 2225 4140 2224 4141 2225 4141 2200 4141 1928 4142 2175 4142 2176 4142 2184 4143 2176 4143 2173 4143 2184 4144 2173 4144 2172 4144 2172 4145 2171 4145 2186 4145 2186 4146 2171 4146 2169 4146 2169 4147 2171 4147 2170 4147 2121 4148 2169 4148 2134 4148 2156 4149 2143 4149 2142 4149 2142 4150 2200 4150 2209 4150 2209 4151 2200 4151 2225 4151 2209 4152 2225 4152 2202 4152 2202 4153 2225 4153 2203 4153 2204 4154 2203 4154 2231 4154 2204 4155 2231 4155 2206 4155 1918 4156 2145 4156 1919 4156 2234 4157 2235 4157 2236 4157 2237 4158 2238 4158 2239 4158 2236 4159 2240 4159 2234 4159 2241 4160 2242 4160 2243 4160 2244 4161 2245 4161 2246 4161 2247 4162 2248 4162 2249 4162 2247 4163 2249 4163 2250 4163 2251 4164 2252 4164 2253 4164 2251 4165 2254 4165 2252 4165 2255 4166 2256 4166 2257 4166 2254 4167 2258 4167 2259 4167 2259 4168 2260 4168 2261 4168 2262 4169 2263 4169 2264 4169 2265 4170 2266 4170 2267 4170 2266 4171 2268 4171 2267 4171 2265 4172 2269 4172 2266 4172 2265 4173 2270 4173 2269 4173 2271 4174 2264 4174 2272 4174 2272 4175 2264 4175 2263 4175 2273 4176 2270 4176 2265 4176 2274 4177 2275 4177 2271 4177 2274 4178 2271 4178 2272 4178 2263 4179 2262 4179 2276 4179 2258 4180 2254 4180 2251 4180 2256 4181 2255 4181 2277 4181 2278 4182 2279 4182 2280 4182 2267 4183 2275 4183 2274 4183 2275 4184 2267 4184 2268 4184 2276 4185 2261 4185 2260 4185 2260 4186 2259 4186 2258 4186 2251 4187 2253 4187 2281 4187 2281 4188 2253 4188 2257 4188 2281 4189 2257 4189 2256 4189 2282 4190 2283 4190 2284 4190 2285 4191 2286 4191 2287 4191 2288 4192 2289 4192 2290 4192 2286 4193 2289 4193 2288 4193 2291 4194 2292 4194 2293 4194 2294 4195 2295 4195 2296 4195 2292 4196 2291 4196 2295 4196 2297 4197 2298 4197 2299 4197 2300 4198 2301 4198 2302 4198 2303 4199 2304 4199 2305 4199 2306 4200 2305 4200 2307 4200 2308 4201 2309 4201 2310 4201 2311 4202 2076 4202 2312 4202 2313 4203 2314 4203 2315 4203 2316 4204 2317 4204 2318 4204 2298 4205 2162 4205 2319 4205 2320 4206 2321 4206 2322 4206 2323 4207 2315 4207 2314 4207 2317 4208 2324 4208 2318 4208 2053 4209 2282 4209 2284 4209 2055 4210 2325 4210 2326 4210 2327 4211 2325 4211 2131 4211 2328 4212 2327 4212 2056 4212 2056 4213 2327 4213 2133 4213 2133 4214 2327 4214 2131 4214 2329 4215 2061 4215 2062 4215 2330 4216 2061 4216 2329 4216 2331 4217 2065 4217 2332 4217 2332 4218 2065 4218 2333 4218 2334 4219 2335 4219 2336 4219 2316 4220 2337 4220 2317 4220 2309 4221 2338 4221 2339 4221 2340 4222 2221 4222 2341 4222 2341 4223 2221 4223 2154 4223 2342 4224 2155 4224 2285 4224 2157 4225 2289 4225 2286 4225 2290 4226 2289 4226 2157 4226 2295 4227 2291 4227 2180 4227 2180 4228 2291 4228 2196 4228 2161 4229 2296 4229 2295 4229 2343 4230 2344 4230 2161 4230 2161 4231 2344 4231 2296 4231 2162 4232 2298 4232 2297 4232 2302 4233 2164 4233 2300 4233 2300 4234 2164 4234 2306 4234 2306 4235 2164 4235 2194 4235 2194 4236 2305 4236 2306 4236 2303 4237 2165 4237 2345 4237 2165 4238 2167 4238 2345 4238 2345 4239 2167 4239 2346 4239 2346 4240 2167 4240 2347 4240 2348 4241 2073 4241 2075 4241 2316 4242 2070 4242 2073 4242 2072 4243 2070 4243 2318 4243 2335 4244 2096 4244 2072 4244 2334 4245 2096 4245 2335 4245 2068 4246 2096 4246 2334 4246 2066 4247 2068 4247 2333 4247 2062 4248 2065 4248 2331 4248 2333 4249 2065 4249 2066 4249 2329 4250 2062 4250 2331 4250 2349 4251 2058 4251 2330 4251 2330 4252 2058 4252 2061 4252 2349 4253 2350 4253 2058 4253 2058 4254 2350 4254 2057 4254 2328 4255 2056 4255 2350 4255 2350 4256 2056 4256 2057 4256 2130 4257 2131 4257 2325 4257 2130 4258 2325 4258 2055 4258 2055 4259 2326 4259 2053 4259 2347 4260 2167 4260 2284 4260 2284 4261 2167 4261 2052 4261 2284 4262 2052 4262 2053 4262 2282 4263 2053 4263 2326 4263 2194 4264 2195 4264 2305 4264 2305 4265 2195 4265 2303 4265 2303 4266 2195 4266 2165 4266 2164 4267 2302 4267 2319 4267 2164 4268 2319 4268 2162 4268 2162 4269 2297 4269 2161 4269 2343 4270 2161 4270 2297 4270 2295 4271 2180 4271 2161 4271 2196 4272 2291 4272 2159 4272 2290 4273 2157 4273 2159 4273 2290 4274 2159 4274 2351 4274 2351 4275 2159 4275 2293 4275 2293 4276 2159 4276 2291 4276 2155 4277 2157 4277 2286 4277 2285 4278 2155 4278 2286 4278 2155 4279 2342 4279 2154 4279 2341 4280 2154 4280 2342 4280 2340 4281 2352 4281 2221 4281 2221 4282 2352 4282 2220 4282 2149 4283 2310 4283 2150 4283 2147 4284 2353 4284 2034 4284 2333 4285 2334 4285 2336 4285 2333 4286 2068 4286 2334 4286 2335 4287 2072 4287 2318 4287 2335 4288 2318 4288 2324 4288 2318 4289 2070 4289 2316 4289 2316 4290 2073 4290 2348 4290 2316 4291 2348 4291 2337 4291 2075 4292 2315 4292 2348 4292 2348 4293 2315 4293 2323 4293 2348 4294 2323 4294 2337 4294 2075 4295 2074 4295 2315 4295 2315 4296 2074 4296 2311 4296 2313 4297 2315 4297 2311 4297 2311 4298 2074 4298 2076 4298 2313 4299 2311 4299 2312 4299 2313 4300 2354 4300 2314 4300 2312 4301 2076 4301 2355 4301 2076 4302 2077 4302 2355 4302 2356 4303 2313 4303 2312 4303 2356 4304 2312 4304 2355 4304 2354 4305 2313 4305 2356 4305 2355 4306 2357 4306 2356 4306 2357 4307 2354 4307 2356 4307 2320 4308 2354 4308 2357 4308 2358 4309 2357 4309 2355 4309 2358 4310 2355 4310 2077 4310 1992 4311 2358 4311 2077 4311 2141 4312 2358 4312 1992 4312 2141 4313 2034 4313 2358 4313 2034 4314 2353 4314 2358 4314 2358 4315 2353 4315 2357 4315 2353 4316 2321 4316 2357 4316 2321 4317 2353 4317 2359 4317 2322 4318 2321 4318 2359 4318 2320 4319 2357 4319 2321 4319 2353 4320 2147 4320 2359 4320 2309 4321 2339 4321 2322 4321 2218 4322 2359 4322 2147 4322 2218 4323 2309 4323 2359 4323 2322 4324 2359 4324 2309 4324 2309 4325 2308 4325 2338 4325 2308 4326 2310 4326 2360 4326 2360 4327 2310 4327 2361 4327 2362 4328 2361 4328 2310 4328 2149 4329 2151 4329 2310 4329 2150 4330 2310 4330 2218 4330 2151 4331 2363 4331 2362 4331 2151 4332 2362 4332 2310 4332 2218 4333 2310 4333 2309 4333 2363 4334 2151 4334 2352 4334 2151 4335 2220 4335 2352 4335 2364 4336 2322 4336 2339 4336 2308 4337 2365 4337 2338 4337 2360 4338 2365 4338 2308 4338 2363 4339 2366 4339 2367 4339 2363 4340 2367 4340 2362 4340 2362 4341 2367 4341 2368 4341 2362 4342 2368 4342 2369 4342 2342 4343 2285 4343 2370 4343 2342 4344 2370 4344 2371 4344 2342 4345 2371 4345 2341 4345 2362 4346 2369 4346 2361 4346 2339 4347 2338 4347 2372 4347 2352 4348 2340 4348 2366 4348 2352 4349 2366 4349 2363 4349 2320 4350 2322 4350 2364 4350 2244 4351 2373 4351 2374 4351 2246 4352 2375 4352 2244 4352 2244 4353 2375 4353 2373 4353 2375 4354 2246 4354 2237 4354 2237 4355 2376 4355 2375 4355 2377 4356 2239 4356 2247 4356 2376 4357 2237 4357 2239 4357 2376 4358 2239 4358 2377 4358 2247 4359 2250 4359 2377 4359 2378 4360 2243 4360 2373 4360 2373 4361 2243 4361 2379 4361 2373 4362 2379 4362 2374 4362 2243 4363 2378 4363 2241 4363 2378 4364 2234 4364 2241 4364 2380 4365 2235 4365 2234 4365 2381 4366 2270 4366 2273 4366 2273 4367 2382 4367 2381 4367 2383 4368 2384 4368 2385 4368 2385 4369 2384 4369 2386 4369 2387 4370 2388 4370 2389 4370 2390 4371 2391 4371 2392 4371 2385 4372 2386 4372 2393 4372 2389 4373 2394 4373 2395 4373 2395 4374 2394 4374 2396 4374 2397 4375 2392 4375 2398 4375 2382 4376 2383 4376 2399 4376 2399 4377 2383 4377 2400 4377 2393 4378 2386 4378 2388 4378 2400 4379 2383 4379 2385 4379 2387 4380 2389 4380 2401 4380 2401 4381 2389 4381 2395 4381 2396 4382 2391 4382 2390 4382 2390 4383 2392 4383 2397 4383 2402 4384 2403 4384 2404 4384 2404 4385 2403 4385 2405 4385 2381 4386 2382 4386 2399 4386 2395 4387 2396 4387 2406 4387 2406 4388 2396 4388 2390 4388 2283 4389 2407 4389 2284 4389 2284 4390 2407 4390 2408 4390 2284 4391 2408 4391 2347 4391 2347 4392 2408 4392 2346 4392 2346 4393 2408 4393 2345 4393 2345 4394 2408 4394 2409 4394 2345 4395 2409 4395 2303 4395 2303 4396 2409 4396 2304 4396 2319 4397 2299 4397 2298 4397 2299 4398 2410 4398 2297 4398 2410 4399 2343 4399 2297 4399 2343 4400 2411 4400 2344 4400 2344 4401 2411 4401 2296 4401 2296 4402 2411 4402 2294 4402 2292 4403 2412 4403 2293 4403 2293 4404 2412 4404 2351 4404 2351 4405 2412 4405 2413 4405 2351 4406 2413 4406 2290 4406 2290 4407 2413 4407 2288 4407 2288 4408 2413 4408 2414 4408 2288 4409 2414 4409 2286 4409 2286 4410 2414 4410 2287 4410 2287 4411 2414 4411 2285 4411 2285 4412 2414 4412 2370 4412 2415 4413 2340 4413 2341 4413 2415 4414 2341 4414 2371 4414 2361 4415 2416 4415 2360 4415 2360 4416 2416 4416 2365 4416 2338 4417 2365 4417 2417 4417 2418 4418 2339 4418 2417 4418 2417 4419 2339 4419 2372 4419 2417 4420 2372 4420 2338 4420 2418 4421 2364 4421 2339 4421 2278 4422 2419 4422 2277 4422 2277 4423 2420 4423 2256 4423 2420 4424 2281 4424 2256 4424 2421 4425 2260 4425 2422 4425 2263 4426 2276 4426 2421 4426 2421 4427 2276 4427 2260 4427 2408 4428 2407 4428 2423 4428 2408 4429 2423 4429 2424 4429 2408 4430 2424 4430 2409 4430 2409 4431 2424 4431 2425 4431 2409 4432 2425 4432 2426 4432 2426 4433 2425 4433 2427 4433 2410 4434 2428 4434 2411 4434 2411 4435 2428 4435 2429 4435 2430 4436 2431 4436 2412 4436 2305 4437 2304 4437 2409 4437 2305 4438 2409 4438 2426 4438 2305 4439 2426 4439 2307 4439 2307 4440 2426 4440 2306 4440 2306 4441 2426 4441 2300 4441 2300 4442 2426 4442 2427 4442 2300 4443 2427 4443 2301 4443 2301 4444 2427 4444 2432 4444 2301 4445 2432 4445 2302 4445 2302 4446 2432 4446 2319 4446 2319 4447 2432 4447 2299 4447 2343 4448 2410 4448 2411 4448 2294 4449 2411 4449 2429 4449 2294 4450 2429 4450 2295 4450 2295 4451 2429 4451 2292 4451 2292 4452 2429 4452 2430 4452 2292 4453 2430 4453 2412 4453 2433 4454 2434 4454 2435 4454 2435 4455 2434 4455 2436 4455 2436 4456 2434 4456 2437 4456 2436 4457 2437 4457 2438 4457 2438 4458 2437 4458 2439 4458 2438 4459 2439 4459 2440 4459 2441 4460 2442 4460 2443 4460 2441 4461 2443 4461 2444 4461 2444 4462 2443 4462 2445 4462 2444 4463 2445 4463 2446 4463 2446 4464 2445 4464 2447 4464 2446 4465 2447 4465 2448 4465 2423 4466 2449 4466 2435 4466 2423 4467 2435 4467 2424 4467 2424 4468 2435 4468 2436 4468 2424 4469 2436 4469 2425 4469 2425 4470 2436 4470 2438 4470 2425 4471 2438 4471 2450 4471 2428 4472 2451 4472 2441 4472 2428 4473 2441 4473 2444 4473 2428 4474 2444 4474 2429 4474 2429 4475 2444 4475 2430 4475 2430 4476 2444 4476 2446 4476 2430 4477 2446 4477 2431 4477 2414 4478 2448 4478 2452 4478 2414 4479 2452 4479 2453 4479 2454 4480 2418 4480 2455 4480 2455 4481 2418 4481 2417 4481 2455 4482 2417 4482 2456 4482 2456 4483 2417 4483 2457 4483 2456 4484 2457 4484 2458 4484 2458 4485 2457 4485 2459 4485 2458 4486 2459 4486 2460 4486 2460 4487 2459 4487 2461 4487 2460 4488 2461 4488 2462 4488 2462 4489 2461 4489 2463 4489 2462 4490 2463 4490 2464 4490 2464 4491 2453 4491 2452 4491 2448 4492 2431 4492 2446 4492 2442 4493 2441 4493 2451 4493 2442 4494 2451 4494 2465 4494 2465 4495 2451 4495 2466 4495 2465 4496 2466 4496 2440 4496 2440 4497 2466 4497 2450 4497 2440 4498 2450 4498 2438 4498 2433 4499 2435 4499 2449 4499 2433 4500 2449 4500 2467 4500 2416 4501 2361 4501 2369 4501 2416 4502 2369 4502 2468 4502 2468 4503 2369 4503 2368 4503 2468 4504 2368 4504 2367 4504 2468 4505 2367 4505 2461 4505 2461 4506 2367 4506 2366 4506 2461 4507 2366 4507 2340 4507 2461 4508 2340 4508 2415 4508 2415 4509 2371 4509 2370 4509 2415 4510 2370 4510 2453 4510 2453 4511 2370 4511 2414 4511 2413 4512 2412 4512 2431 4512 2410 4513 2299 4513 2469 4513 2469 4514 2299 4514 2432 4514 2469 4515 2432 4515 2470 4515 2470 4516 2432 4516 2427 4516 2417 4517 2365 4517 2457 4517 2457 4518 2365 4518 2416 4518 2457 4519 2416 4519 2459 4519 2459 4520 2416 4520 2468 4520 2459 4521 2468 4521 2461 4521 2463 4522 2461 4522 2415 4522 2463 4523 2415 4523 2464 4523 2464 4524 2415 4524 2453 4524 2448 4525 2414 4525 2413 4525 2448 4526 2413 4526 2431 4526 2451 4527 2428 4527 2410 4527 2451 4528 2410 4528 2469 4528 2451 4529 2469 4529 2466 4529 2466 4530 2469 4530 2470 4530 2466 4531 2470 4531 2450 4531 2450 4532 2470 4532 2427 4532 2450 4533 2427 4533 2425 4533 2449 4534 2423 4534 2407 4534 2449 4535 2407 4535 2467 4535 2277 4536 2419 4536 2420 4536 2278 4537 2280 4537 2419 4537 2280 4538 2471 4538 2419 4538 2234 4539 2378 4539 2380 4539 2380 4540 2378 4540 2472 4540 2460 4541 2471 4541 2380 4541 2380 4542 2472 4542 2460 4542 2378 4543 2455 4543 2456 4543 2378 4544 2456 4544 2472 4544 2455 4545 2378 4545 2473 4545 2473 4546 2378 4546 2373 4546 2420 4547 2474 4547 2281 4547 2281 4548 2474 4548 2475 4548 2281 4549 2475 4549 2251 4549 2471 4550 2462 4550 2476 4550 2475 4551 2474 4551 2447 4551 2475 4552 2447 4552 2422 4552 2422 4553 2447 4553 2445 4553 2422 4554 2445 4554 2443 4554 2422 4555 2443 4555 2421 4555 2263 4556 2421 4556 2477 4556 2263 4557 2477 4557 2272 4557 2272 4558 2477 4558 2478 4558 2272 4559 2478 4559 2274 4559 2274 4560 2478 4560 2479 4560 2274 4561 2479 4561 2267 4561 2267 4562 2479 4562 2480 4562 2267 4563 2480 4563 2265 4563 2265 4564 2480 4564 2481 4564 2265 4565 2481 4565 2273 4565 2422 4566 2260 4566 2258 4566 2422 4567 2258 4567 2251 4567 2422 4568 2251 4568 2475 4568 2474 4569 2420 4569 2482 4569 2482 4570 2420 4570 2476 4570 2476 4571 2420 4571 2419 4571 2476 4572 2419 4572 2471 4572 2380 4573 2471 4573 2280 4573 2380 4574 2280 4574 2235 4574 2473 4575 2454 4575 2455 4575 2456 4576 2458 4576 2472 4576 2472 4577 2458 4577 2460 4577 2471 4578 2460 4578 2462 4578 2476 4579 2462 4579 2464 4579 2476 4580 2464 4580 2482 4580 2482 4581 2464 4581 2452 4581 2482 4582 2452 4582 2474 4582 2474 4583 2452 4583 2448 4583 2474 4584 2448 4584 2447 4584 2421 4585 2443 4585 2442 4585 2421 4586 2442 4586 2477 4586 2477 4587 2442 4587 2465 4587 2477 4588 2465 4588 2478 4588 2478 4589 2465 4589 2440 4589 2478 4590 2440 4590 2439 4590 2478 4591 2439 4591 2479 4591 2479 4592 2439 4592 2437 4592 2479 4593 2437 4593 2480 4593 2480 4594 2437 4594 2434 4594 2480 4595 2434 4595 2481 4595 2481 4596 2434 4596 2433 4596 2481 4597 2433 4597 2483 4597 2484 4598 2485 4598 2486 4598 2487 4599 2488 4599 2489 4599 2418 4600 2320 4600 2364 4600 2354 4601 2320 4601 2490 4601 2490 4602 2320 4602 2418 4602 2491 4603 2354 4603 2490 4603 2491 4604 2314 4604 2354 4604 2492 4605 2314 4605 2491 4605 2492 4606 2323 4606 2314 4606 2337 4607 2323 4607 2492 4607 2493 4608 2337 4608 2492 4608 2494 4609 2333 4609 2336 4609 2495 4610 2331 4610 2332 4610 2496 4611 2329 4611 2331 4611 2330 4612 2329 4612 2497 4612 2330 4613 2497 4613 2498 4613 2330 4614 2498 4614 2349 4614 2349 4615 2498 4615 2499 4615 2349 4616 2499 4616 2500 4616 2349 4617 2500 4617 2350 4617 2325 4618 2501 4618 2326 4618 2326 4619 2501 4619 2502 4619 2282 4620 2326 4620 2502 4620 2407 4621 2283 4621 2282 4621 2394 4622 2389 4622 2503 4622 2503 4623 2389 4623 2388 4623 2394 4624 2504 4624 2396 4624 2402 4625 2398 4625 2489 4625 2402 4626 2489 4626 2403 4626 2405 4627 2403 4627 2489 4627 2405 4628 2489 4628 2488 4628 2505 4629 2506 4629 2507 4629 2505 4630 2507 4630 2508 4630 2509 4631 2508 4631 2493 4631 2509 4632 2493 4632 2510 4632 2509 4633 2510 4633 2511 4633 2511 4634 2510 4634 2490 4634 2511 4635 2490 4635 2454 4635 2454 4636 2490 4636 2418 4636 2508 4637 2507 4637 2493 4637 2493 4638 2492 4638 2510 4638 2510 4639 2492 4639 2491 4639 2510 4640 2491 4640 2490 4640 2506 4641 2335 4641 2324 4641 2506 4642 2324 4642 2507 4642 2507 4643 2324 4643 2317 4643 2507 4644 2317 4644 2493 4644 2493 4645 2317 4645 2337 4645 2512 4646 2513 4646 2494 4646 2512 4647 2494 4647 2514 4647 2514 4648 2494 4648 2336 4648 2514 4649 2336 4649 2515 4649 2515 4650 2336 4650 2335 4650 2516 4651 2495 4651 2332 4651 2517 4652 2483 4652 2518 4652 2517 4653 2518 4653 2519 4653 2519 4654 2518 4654 2520 4654 2519 4655 2520 4655 2521 4655 2519 4656 2521 4656 2522 4656 2522 4657 2521 4657 2523 4657 2522 4658 2523 4658 2503 4658 2503 4659 2523 4659 2524 4659 2524 4660 2523 4660 2525 4660 2524 4661 2525 4661 2526 4661 2527 4662 2528 4662 2529 4662 2527 4663 2529 4663 2530 4663 2527 4664 2530 4664 2531 4664 2531 4665 2532 4665 2533 4665 2534 4666 2512 4666 2514 4666 2534 4667 2514 4667 2515 4667 2534 4668 2515 4668 2505 4668 2505 4669 2515 4669 2506 4669 2518 4670 2535 4670 2536 4670 2518 4671 2536 4671 2520 4671 2520 4672 2536 4672 2537 4672 2520 4673 2537 4673 2521 4673 2521 4674 2537 4674 2538 4674 2521 4675 2538 4675 2523 4675 2523 4676 2538 4676 2539 4676 2523 4677 2539 4677 2525 4677 2525 4678 2539 4678 2540 4678 2532 4679 2530 4679 2541 4679 2532 4680 2541 4680 2542 4680 2542 4681 2495 4681 2516 4681 2333 4682 2494 4682 2513 4682 2333 4683 2513 4683 2332 4683 2332 4684 2513 4684 2516 4684 2516 4685 2513 4685 2512 4685 2516 4686 2512 4686 2543 4686 2516 4687 2543 4687 2542 4687 2542 4688 2543 4688 2533 4688 2542 4689 2533 4689 2532 4689 2530 4690 2532 4690 2531 4690 2529 4691 2528 4691 2544 4691 2544 4692 2528 4692 2526 4692 2544 4693 2526 4693 2525 4693 2535 4694 2518 4694 2483 4694 2535 4695 2483 4695 2467 4695 2467 4696 2483 4696 2433 4696 2536 4697 2545 4697 2502 4697 2536 4698 2502 4698 2501 4698 2536 4699 2501 4699 2537 4699 2537 4700 2501 4700 2538 4700 2538 4701 2501 4701 2546 4701 2538 4702 2546 4702 2539 4702 2539 4703 2546 4703 2547 4703 2539 4704 2547 4704 2548 4704 2539 4705 2548 4705 2540 4705 2540 4706 2548 4706 2549 4706 2541 4707 2550 4707 2496 4707 2541 4708 2496 4708 2542 4708 2350 4709 2500 4709 2549 4709 2350 4710 2549 4710 2328 4710 2328 4711 2549 4711 2548 4711 2328 4712 2548 4712 2327 4712 2327 4713 2548 4713 2547 4713 2327 4714 2547 4714 2546 4714 2327 4715 2546 4715 2325 4715 2325 4716 2546 4716 2501 4716 2545 4717 2407 4717 2282 4717 2545 4718 2282 4718 2502 4718 2540 4719 2549 4719 2500 4719 2540 4720 2500 4720 2499 4720 2551 4721 2499 4721 2498 4721 2551 4722 2498 4722 2497 4722 2550 4723 2497 4723 2329 4723 2550 4724 2329 4724 2496 4724 2467 4725 2407 4725 2545 4725 2467 4726 2545 4726 2535 4726 2535 4727 2545 4727 2536 4727 2525 4728 2540 4728 2544 4728 2544 4729 2540 4729 2499 4729 2544 4730 2499 4730 2551 4730 2544 4731 2551 4731 2529 4731 2529 4732 2551 4732 2497 4732 2529 4733 2497 4733 2530 4733 2530 4734 2497 4734 2550 4734 2530 4735 2550 4735 2541 4735 2495 4736 2542 4736 2496 4736 2495 4737 2496 4737 2331 4737 2376 4738 2377 4738 2552 4738 2373 4739 2375 4739 2473 4739 2552 4740 2553 4740 2511 4740 2552 4741 2511 4741 2376 4741 2376 4742 2511 4742 2454 4742 2376 4743 2454 4743 2375 4743 2375 4744 2454 4744 2473 4744 2486 4745 2485 4745 2554 4745 2486 4746 2554 4746 2377 4746 2377 4747 2554 4747 2552 4747 2552 4748 2554 4748 2553 4748 2489 4749 2484 4749 2486 4749 2487 4750 2486 4750 2377 4750 2377 4751 2250 4751 2555 4751 2377 4752 2555 4752 2487 4752 2486 4753 2487 4753 2489 4753 2398 4754 2392 4754 2556 4754 2398 4755 2556 4755 2489 4755 2489 4756 2556 4756 2557 4756 2489 4757 2557 4757 2484 4757 2396 4758 2504 4758 2391 4758 2391 4759 2504 4759 2558 4759 2391 4760 2558 4760 2559 4760 2391 4761 2559 4761 2392 4761 2392 4762 2559 4762 2556 4762 2554 4763 2505 4763 2553 4763 2553 4764 2505 4764 2508 4764 2553 4765 2508 4765 2509 4765 2553 4766 2509 4766 2511 4766 2273 4767 2481 4767 2382 4767 2382 4768 2481 4768 2560 4768 2382 4769 2560 4769 2383 4769 2383 4770 2560 4770 2517 4770 2383 4771 2517 4771 2384 4771 2384 4772 2517 4772 2519 4772 2384 4773 2519 4773 2386 4773 2386 4774 2519 4774 2522 4774 2386 4775 2522 4775 2388 4775 2388 4776 2522 4776 2503 4776 2394 4777 2503 4777 2524 4777 2394 4778 2524 4778 2504 4778 2559 4779 2558 4779 2527 4779 2559 4780 2527 4780 2556 4780 2556 4781 2527 4781 2531 4781 2556 4782 2531 4782 2533 4782 2556 4783 2533 4783 2557 4783 2557 4784 2533 4784 2543 4784 2484 4785 2534 4785 2485 4785 2485 4786 2534 4786 2505 4786 2485 4787 2505 4787 2554 4787 2560 4788 2481 4788 2483 4788 2560 4789 2483 4789 2517 4789 2504 4790 2524 4790 2526 4790 2504 4791 2526 4791 2558 4791 2558 4792 2526 4792 2528 4792 2558 4793 2528 4793 2527 4793 2557 4794 2543 4794 2484 4794 2484 4795 2543 4795 2512 4795 2484 4796 2512 4796 2534 4796 2506 4797 2515 4797 2335 4797 1909 4798 1882 4798 1877 4798 1912 4799 1882 4799 1909 4799 1912 4800 1878 4800 1882 4800 1914 4801 1878 4801 1912 4801 1916 4802 1880 4802 1914 4802 1914 4803 1880 4803 1878 4803 1899 4804 1880 4804 1916 4804 1899 4805 1881 4805 1880 4805 1881 4806 1899 4806 1879 4806 1879 4807 1899 4807 1902 4807 1879 4808 1902 4808 1904 4808 1879 4809 1904 4809 1875 4809 1904 4810 1876 4810 1875 4810 1906 4811 1876 4811 1904 4811 1906 4812 1877 4812 1876 4812 1909 4813 1877 4813 1906 4813 1951 4814 1889 4814 1888 4814 1953 4815 1889 4815 1951 4815 1967 4816 1889 4816 1953 4816 1967 4817 1890 4817 1889 4817 1955 4818 1890 4818 1967 4818 1955 4819 1883 4819 1890 4819 1957 4820 1883 4820 1955 4820 1957 4821 1884 4821 1883 4821 1957 4822 1886 4822 1884 4822 1959 4823 1886 4823 1957 4823 1959 4824 1885 4824 1886 4824 1961 4825 1885 4825 1959 4825 1961 4826 1887 4826 1885 4826 1964 4827 1887 4827 1961 4827 1964 4828 1888 4828 1887 4828 1951 4829 1888 4829 1964 4829 1985 4830 1991 4830 1970 4830 1954 4831 1965 4831 1973 4831 1965 4832 1975 4832 1973 4832 1975 4833 1965 4833 1963 4833 1975 4834 1963 4834 1976 4834 1963 4835 1977 4835 1976 4835 1962 4836 1978 4836 1977 4836 1962 4837 1977 4837 1963 4837 1962 4838 1990 4838 1978 4838 1990 4839 1962 4839 1960 4839 1979 4840 1981 4840 1960 4840 1960 4841 1981 4841 1990 4841 1980 4842 1979 4842 1960 4842 1980 4843 1960 4843 1958 4843 1958 4844 2089 4844 1980 4844 1956 4845 2119 4845 2089 4845 1956 4846 2089 4846 1958 4846 1987 4847 1956 4847 1971 4847 1987 4848 2119 4848 1956 4848 1988 4849 1987 4849 1971 4849 1970 4850 1991 4850 1988 4850 1970 4851 1988 4851 1971 4851 1983 4852 1985 4852 1969 4852 1969 4853 1985 4853 1970 4853 1972 4854 1969 4854 1968 4854 1969 4855 1972 4855 1983 4855 2011 4856 2012 4856 1895 4856 1895 4857 2012 4857 2013 4857 1895 4858 2013 4858 1896 4858 2013 4859 1891 4859 1896 4859 2007 4860 1891 4860 2013 4860 2006 4861 1892 4861 2007 4861 2007 4862 1892 4862 1891 4862 1892 4863 2006 4863 2008 4863 1892 4864 2008 4864 1893 4864 2009 4865 1894 4865 2008 4865 2008 4866 1894 4866 1893 4866 2010 4867 1894 4867 2009 4867 2010 4868 1898 4868 1894 4868 1898 4869 2010 4869 1897 4869 2011 4870 1897 4870 2010 4870 2011 4871 1895 4871 1897 4871 2030 4872 1901 4872 1946 4872 1946 4873 1901 4873 1950 4873 1950 4874 1901 4874 1900 4874 1900 4875 1949 4875 1950 4875 1949 4876 1900 4876 1942 4876 1942 4877 1900 4877 1917 4877 1942 4878 1917 4878 1943 4878 1943 4879 1917 4879 1915 4879 1943 4880 1915 4880 2002 4880 1915 4881 2003 4881 2002 4881 1913 4882 1998 4882 1915 4882 1915 4883 1998 4883 2003 4883 1999 4884 1998 4884 1913 4884 2001 4885 1999 4885 1913 4885 1997 4886 2001 4886 1911 4886 1911 4887 2001 4887 1913 4887 1910 4888 1996 4888 1911 4888 1911 4889 1996 4889 1997 4889 1908 4890 2029 4890 2140 4890 1908 4891 2140 4891 1910 4891 2027 4892 2029 4892 1908 4892 2026 4893 2027 4893 1907 4893 1907 4894 2027 4894 1908 4894 2022 4895 2025 4895 1905 4895 1905 4896 2025 4896 1907 4896 1907 4897 2025 4897 2026 4897 1905 4898 2023 4898 2022 4898 2033 4899 2023 4899 1903 4899 1903 4900 2023 4900 1905 4900 2032 4901 2033 4901 1903 4901 2032 4902 1903 4902 2030 4902 2030 4903 1903 4903 1901 4903 2236 4904 2177 4904 2240 4904 2240 4905 2177 4905 2038 4905 2240 4906 2038 4906 2234 4906 2234 4907 2038 4907 2241 4907 2241 4908 2038 4908 2242 4908 2242 4909 2038 4909 2037 4909 2242 4910 2037 4910 2243 4910 2243 4911 2037 4911 2379 4911 2379 4912 2037 4912 2374 4912 2374 4913 2037 4913 2035 4913 2374 4914 2035 4914 2244 4914 2244 4915 2035 4915 2036 4915 2244 4916 2036 4916 2245 4916 2245 4917 2036 4917 2246 4917 2246 4918 2036 4918 2237 4918 2237 4919 2036 4919 2041 4919 2237 4920 2041 4920 2238 4920 2247 4921 2239 4921 2042 4921 2042 4922 2239 4922 2041 4922 2041 4923 2239 4923 2238 4923 2042 4924 2248 4924 2247 4924 2248 4925 2042 4925 2078 4925 2248 4926 2078 4926 2249 4926 2249 4927 2078 4927 2250 4927 2250 4928 2078 4928 2555 4928 2555 4929 2078 4929 2487 4929 2078 4930 2081 4930 2487 4930 2487 4931 2081 4931 2488 4931 2488 4932 2081 4932 2405 4932 2405 4933 2081 4933 2082 4933 2405 4934 2082 4934 2404 4934 2404 4935 2082 4935 2402 4935 2402 4936 2082 4936 2139 4936 2402 4937 2139 4937 2398 4937 2398 4938 2139 4938 2397 4938 2397 4939 2139 4939 2084 4939 2397 4940 2084 4940 2390 4940 2390 4941 2084 4941 2083 4941 2390 4942 2083 4942 2406 4942 2406 4943 2083 4943 2085 4943 2406 4944 2085 4944 2395 4944 2395 4945 2085 4945 2401 4945 2401 4946 2085 4946 2086 4946 2401 4947 2086 4947 2387 4947 2387 4948 2086 4948 2088 4948 2387 4949 2088 4949 2388 4949 2388 4950 2088 4950 2393 4950 2393 4951 2088 4951 2137 4951 2400 4952 2135 4952 2399 4952 2393 4953 2137 4953 2385 4953 2385 4954 2137 4954 2136 4954 2385 4955 2136 4955 2400 4955 2400 4956 2136 4956 2135 4956 2134 4957 2381 4957 2399 4957 2134 4958 2399 4958 2135 4958 2171 4959 2266 4959 2170 4959 2170 4960 2266 4960 2269 4960 2170 4961 2269 4961 2134 4961 2134 4962 2269 4962 2270 4962 2134 4963 2270 4963 2381 4963 2275 4964 2268 4964 2171 4964 2171 4965 2268 4965 2266 4965 2275 4966 2171 4966 2173 4966 2275 4967 2173 4967 2271 4967 2271 4968 2173 4968 2264 4968 2175 4969 2262 4969 2173 4969 2173 4970 2262 4970 2264 4970 2262 4971 2175 4971 2276 4971 2175 4972 2174 4972 2276 4972 2276 4973 2174 4973 2261 4973 2261 4974 2174 4974 2259 4974 2259 4975 2174 4975 2233 4975 2259 4976 2233 4976 2254 4976 2254 4977 2233 4977 2232 4977 2254 4978 2232 4978 2252 4978 2252 4979 2232 4979 2253 4979 2253 4980 2232 4980 2226 4980 2253 4981 2226 4981 2257 4981 2257 4982 2226 4982 2223 4982 2257 4983 2223 4983 2255 4983 2255 4984 2223 4984 2277 4984 2277 4985 2223 4985 2278 4985 2278 4986 2223 4986 2222 4986 2278 4987 2222 4987 2279 4987 2279 4988 2222 4988 2179 4988 2279 4989 2179 4989 2280 4989 2280 4990 2179 4990 2235 4990 2179 4991 2177 4991 2235 4991 2235 4992 2177 4992 2236 4992</p>
        </triangles>
      </mesh>
    </geometry>
  </library_geometries>
  <library_visual_scenes>
    <visual_scene id="DefaultScene">
      <node id="node_188e0084_b829_454a_bed8_7ffaebe78590" type="NODE">
        <matrix>1 0 0 0 0 1 0 0 0 0 1 0 0 0 0 1</matrix>
        <node id="node_5a00a313_6335_418d_aa00_9ebe8ea8dfaf" type="NODE">
          <matrix>1 0 0 0 0 1 0 0 0 0 1 0 0 0 0 1</matrix>
          <node id="node_5a00a313_6335_418d_aa00_9ebe8ea8dfaf_mesh0" type="NODE">
            <matrix>1 0 0 0 0 1 0 0 0 0 1 0 0 0 0 1</matrix>
            <instance_geometry url="#geometry_9f9e5a76_12ba_49ed_834e_d92b3bfa13c0">
              <bind_material>
                <technique_common>
                  <instance_material symbol="mat_0" target="#mat_0"/>
                </technique_common>
              </bind_material>
            </instance_geometry>
          </node>
        </node>
      </node>
    </visual_scene>
  </library_visual_scenes>
  <scene>
    <instance_visual_scene url="#DefaultScene"/>
  </scene>
</COLLADA>
