<?xml version="1.0" encoding="UTF-8"?>
<COLLADA xmlns="http://www.collada.org/2005/11/COLLADASchema" version="1.4.1">
<!--
# File generated by ImageToStl.com - Free Image and 3D model conversion tools
-->
  <asset>
    <contributor>
      <author>ImageToStl.com</author>
      <authoring_tool>ImageToStl.com</authoring_tool>
    </contributor>
    <created>2026-10-01T05:18:28</created>
    <modified>2026-10-01T05:18:28</modified>
    <up_axis>Z_UP</up_axis>
  </asset>
  <library_effects>
    <effect id="effect_0">
        <profile_COMMON>
          <technique sid="common">
            <phong>
              <diffuse>
                <color>0.9 0.9 0.9 1</color>
              </diffuse>
              <specular>
                <color>0.05 0.05 0.05 1</color>
              </specular>
              <shininess>
                <float>64</float>
              </shininess>
            </phong>
          </technique>
        </profile_COMMON>
    </effect>
  </library_effects>
  <library_materials>
    <material id="mat_0">
      <instance_effect url="#effect_0"/>
    </material>
  </library_materials>
  <library_geometries>
    <geometry id="geometry_eae59623_d53f_42df_a454_238c458e8770">
      <mesh>
        <source id="pos_0">
          <float_array id="pos_0-array" count="9129">-0.04703274 -0.03573589 0.028 -0.00487333 -0.00142183 0.028 -0.00302379 -0.00409676 0.028 0.00142183 -0.00487333 0.028 0.00409676 -0.00302379 0.028 0.03807224 -0.04516234 0.028 0.04638404 -0.03657394 0.028 -0.00142183 0.00487333 0.028 -0.00409676 0.00302379 0.028 -0.0323553 0.04939539 0.028 -0.04028957 0.04316907 0.028 -0.04705105 0.03567885 0.028 -0.05326356 -0.02553674 0.028 -0.05731376 -0.01429218 0.028 -0.00495154 0.00057545 0.028 -0.005 -0 0.028 -0.05870156 0.00690738 0.028 -0.00052989 -0.0590665 0.028 0 -0.005 0.028 -0.00057545 -0.00495154 0.028 0.01137094 -0.05796408 0.028 0.00057545 0.00495154 0.028 0.00691763 0.05870116 0.028 0.0179318 0.05626187 0.028 -0.05243285 0.02715875 0.028 -0.0562894 0.01784028 0.028 -0.05869729 -0.00596893 0.028 -0.059 -0 0.028 -0.02912838 -0.05138745 0.028 -0.03887637 -0.04447201 0.028 0.02820175 -0.05190177 0.028 0.02049101 -0.05532737 0.028 0.00302379 0.00409676 0.028 -0 0.005 0.028 -9E-08 0.05900037 0.028 -0.00897297 0.05836335 0.028 -0.01877407 0.05598519 0.028 -0.02615317 0.05288714 0.028 -0.00893424 -0.05831964 0.028 -0.0181879 -0.05619904 0.028 0.05279682 -0.02648827 0.028 0.05704811 -0.01531813 0.028 0.00495154 -0.00057545 0.028 0.05869729 -0.00596893 0.028 0.005 0 0.028 0.05900026 6E-08 0.028 0.00487333 0.00142183 0.028 0.05210361 0.0277876 0.028 0.05504382 0.02124098 0.028 0.05747277 0.01355846 0.028 0.04656709 0.03630999 0.028 0.05864493 0.0064746 0.028 0.03970502 0.04370655 0.028 0.03170881 0.04981413 0.028 0.02461026 0.05362306 0.028 -0 0.059 0.028 -0 0.059 0.035 0.00651938 0.05871875 0.035 0.017075 0.05652779 0.035 0.02461026 0.05362306 0.035 0.03094639 0.05029142 0.035 0.0390561 0.04428746 0.035 0.04601084 0.03701245 0.035 0.05167536 0.02857615 0.035 0.05504382 0.02124098 0.035 0.05726011 0.01443022 0.035 0.05864493 0.0064746 0.035 0.05900052 1.2E-07 0.035 -0.059 -0 0.028 -0.059 -0 0.035 -0.05871909 0.00651032 0.035 -0.0565524 0.01698838 0.035 -0.05283753 0.02636269 0.035 -0.04758477 0.03496387 0.035 -0.04093957 0.04255312 0.035 -0.03309838 0.04890057 0.035 -0.02615317 0.05288714 0.035 -0.01961733 0.05569536 0.035 -0.00985482 0.05822094 0.035 -1.8E-07 0.05900073 0.035 0.059 0 0.028 0.059 0 0.035 0.05869729 -0.00596893 0.035 0.05731376 -0.01429218 0.035 0.05326355 -0.02553676 0.035 0.04703275 -0.03573588 0.035 0.04064905 -0.04276278 0.035 0.03417774 -0.0481769 0.035 0.02598326 -0.05297047 0.035 0.0181879 -0.05619904 0.035 0.00893424 -0.05831964 0.035 0.00052989 -0.0590665 0.035 -0.00893424 -0.05831964 0.035 -0.01717671 -0.05651631 0.035 -0.02820175 -0.05190177 0.035 -0.03807225 -0.04516233 0.035 -0.04638404 -0.03657395 0.035 -0.05279683 -0.02648824 0.035 -0.05704811 -0.01531814 0.035 -0.05869729 -0.00596893 0.035 -0.059 -0 0.035 -0.059 -0 0.028 0.00383022 0.00321394 0.035 0.00321394 0.00383022 0.035 0.00433013 0.0025 0.035 0.00469846 0.0017101 0.035 0.00492404 0.00086824 0.035 0.005 0 0.035 0.0017101 0.00469846 0.035 0.0025 0.00433013 0.035 0.0017101 -0.00469846 0.035 0.0025 -0.00433013 0.035 0.00321394 -0.00383022 0.035 -0.00086824 -0.00492404 0.035 0 -0.005 0.035 0.00086824 -0.00492404 0.035 -0.0017101 -0.00469846 0.035 -0.0025 -0.00433013 0.035 -0.00383022 -0.00321394 0.035 -0.00321394 -0.00383022 0.035 0.00492404 -0.00086824 0.035 -0.00433013 -0.0025 0.035 -0.005 -0 0.035 -0.00492404 -0.00086824 0.035 -0.00469846 -0.0017101 0.035 -0.00321394 0.00383022 0.035 -0.00383022 0.00321394 0.035 -0.0025 0.00433013 0.035 -0.0017101 0.00469846 0.035 -0.00086824 0.00492404 0.035 -0 0.005 0.035 0.00086824 0.00492404 0.035 0.00433013 -0.0025 0.035 0.00469846 -0.0017101 0.035 0.00383022 -0.00321394 0.035 -0.00492404 0.00086824 0.035 -0.00469846 0.0017101 0.035 -0.00433013 0.0025 0.035 0.005 0 0.035 -0.005 -0 0.035 -0.0371473 -0.03518774 0.15535118 -0.03446519 -0.0365602 0.15639961 -0.03585137 -0.03722255 0.154275 -0.0369322 -0.0365436 0.15393163 -0.03596733 -0.03423124 0.15747268 -0.03475846 -0.0345594 0.15814565 -0.03426741 -0.03543536 0.15770383 -0.03645058 0.0370155 0.17028451 -0.03708129 0.03519412 0.17063229 -0.03713533 0.03608305 0.17020254 -0.03493164 0.03702322 0.1713713 -0.03652107 0.03447231 0.17123839 -0.03423963 0.03588929 0.17205524 -0.0356563 0.03424452 0.17173938 -0.03460168 0.03467441 0.17211156 0.03424201 -0.03557651 0.15744214 0.03472431 -0.03457561 0.15802045 0.03583952 -0.03423407 0.15742165 0.03447041 -0.0365174 0.15627341 0.03684118 -0.03474349 0.15597351 0.03557149 -0.03722274 0.15438631 0.03718455 -0.03577523 0.15441723 0.03676294 -0.03674885 0.15366098 0.03603452 0.0342359 0.17158246 0.03470781 0.03459587 0.17208509 0.03422215 0.03570806 0.17210689 0.0347807 0.03690542 0.17152065 0.03705668 0.0350946 0.17071745 0.03603187 0.03715028 0.17057401 0.0370489 0.03641121 0.1701484 -0.03669382 -0.0345304 0.14820001 -0.03851293 -0.03488674 0.14822805 -0.03721192 -0.03317888 0.14825033 -0.0361963 -0.03285096 0.14822158 -0.03514711 -0.03431842 0.14820001 -0.03451243 -0.03304426 0.14823672 -0.03431752 -0.03519635 0.14820002 -0.03376715 -0.03354441 0.14823146 -0.03286174 -0.03507365 0.1482269 -0.03433884 -0.03623863 0.14820001 -0.03301709 -0.03686532 0.14824371 -0.03357989 -0.03770633 0.14823309 -0.03500957 -0.03702509 0.14820002 -0.0345848 -0.03840101 0.14822692 -0.03616063 -0.03711591 0.14820001 -0.0365551 -0.03850851 0.14823526 -0.0371488 -0.03621936 0.14820002 -0.03760695 -0.03795737 0.14824866 -0.03840466 -0.03682884 0.14822784 -0.03645083 0.03700307 0.1592 -0.0373383 0.03807845 0.15920745 -0.03543399 0.03857144 0.15920745 -0.03518793 0.0371111 0.1592 -0.03422751 0.03820897 0.15923266 -0.03436873 0.03632646 0.1592 -0.0332271 0.03722187 0.15923436 -0.03288691 0.03646851 0.15924427 -0.03428209 0.03533042 0.1592 -0.03280905 0.0353744 0.15923311 -0.0334646 0.0338644 0.15923287 -0.03496287 0.03441428 0.1592 -0.0345157 0.0330924 0.15920745 -0.03600654 0.0342723 0.1592 -0.0359919 0.03280781 0.15922786 -0.03688112 0.03479125 0.15920001 -0.03745031 0.03336677 0.1592329 -0.0385265 0.03493872 0.15922706 -0.03717193 0.03599506 0.1592 -0.0383942 0.03685965 0.15923513 0.03617729 -0.03427118 0.14820002 0.03763808 -0.03356443 0.14820883 0.0371009 -0.0351985 0.14820002 0.03854237 -0.03599254 0.14820075 0.03704033 -0.03636064 0.14820002 0.03785387 -0.03763868 0.14820936 0.03642656 -0.03698196 0.14820002 0.03645159 -0.03853491 0.14824376 0.03553447 -0.03718265 0.14820001 0.03450337 -0.03835894 0.14822197 0.03438234 -0.03646024 0.14820002 0.03373313 -0.03784145 0.14822453 0.0328185 -0.03541996 0.14821948 0.03436384 -0.03509587 0.14820002 0.03304478 -0.03451558 0.14823714 0.0359922 -0.03287502 0.148201 0.03457661 -0.0330311 0.14822383 0.03501721 -0.03441405 0.14820001 0.03445517 0.03646947 0.1592 0.03336121 0.03744537 0.15923357 0.03513754 0.03707138 0.1592 0.03489787 0.03851477 0.15923382 0.03568204 0.03861711 0.15923437 0.03641437 0.03704474 0.1592 0.03653515 0.03850794 0.15923272 0.03810751 0.03736968 0.15922545 0.03715168 0.03602674 0.1592 0.03860446 0.03622343 0.15924792 0.03692555 0.03482619 0.15920001 0.03830478 0.03447151 0.15920745 0.03690208 0.0330924 0.15920745 0.03585905 0.03423923 0.1592 0.03497232 0.03289431 0.15922639 0.03486848 0.03449241 0.1592 0.03365829 0.03369277 0.15920745 0.03423599 0.03545872 0.1592 0.03296627 0.03474316 0.15923339 0.03287564 0.03640387 0.15923265 -0.03868965 -0.0357671 0.15238141 -0.03865898 -0.03601699 0.15224916 -0.038841 -0.0358274 0.15244354 -0.03875292 -0.03604444 0.15235694 -0.03576107 -0.03867624 0.15186611 -0.03598256 -0.03880152 0.15195662 -0.03624231 -0.03863845 0.15192206 -0.03577479 -0.03892054 0.15198934 -0.03576765 -0.0387841 0.15198769 -0.03630134 0.03867542 0.16919881 -0.03676017 0.03856209 0.1691 -0.03632493 0.03883792 0.16924903 -0.0366776 0.03851992 0.16903314 -0.03607934 0.03865404 0.16925459 -0.03864302 0.03614429 0.16838424 -0.03876281 0.03624479 0.16848165 -0.03855854 0.03656148 0.1684147 -0.03889825 0.03622919 0.16847827 -0.0386277 0.03663569 0.16853152 0.03613892 0.03864776 0.1692653 0.03520011 0.03862367 0.17016122 0.03516253 0.03880921 0.17036474 0.03698367 0.03302857 0.17118253 0.0357081 0.03274116 0.17179595 0.03620202 0.03278863 0.17156829 0.03863722 0.03625709 0.16843751 0.03879824 0.03618257 0.16855602 0.03867039 0.0357703 0.16866612 0.03884939 0.03509176 0.16928162 0.03862735 0.03512258 0.16915776 0.03831945 0.03427938 0.16989888 0.03636617 0.03881855 0.1692787 0.03634092 0.03868135 0.16924241 0.03426997 0.03830577 0.17106971 0.03357281 0.0379473 0.17184708 0.03339504 0.03756922 0.17192657 0.03284562 0.03658978 0.17247534 0.03273936 0.03586828 0.17253801 0.03275767 0.035237 0.17262971 0.03777816 0.0335803 0.17056458 0.03689055 0.03276655 0.17145656 0.03483428 0.03272473 0.17219366 0.03474871 0.03289621 0.17210132 0.03385155 0.0333648 0.17238745 0.03345906 0.03376904 0.17241356 0.03301201 0.03444964 0.17256933 0.03830935 0.03382447 0.17031449 0.03889405 0.03624504 0.16852812 0.03870128 -0.0350526 0.15336096 0.0387711 -0.03581074 0.15220916 0.03858165 -0.03496118 0.15333463 0.03866918 -0.03573926 0.1521067 0.03824621 -0.03418275 0.1548005 0.03804058 -0.03358105 0.15602268 0.03781574 -0.03361725 0.15602005 0.03711328 -0.03307458 0.15736096 0.03651448 -0.03285674 0.15802012 0.0355006 -0.03272974 0.15902904 0.03573829 -0.03868206 0.15168756 0.03579064 -0.03886259 0.15178311 0.03521251 -0.03865182 0.15247419 0.03279014 -0.0351275 0.15891542 0.03276404 -0.03605219 0.15801205 0.03281647 -0.03679802 0.15735875 0.03487609 -0.03878919 0.15304634 0.03382381 -0.03823748 0.15487288 0.03360275 -0.03780174 0.15538637 0.03472104 -0.03850285 0.15320215 0.03411904 -0.03820794 0.15428187 0.0388895 -0.0358164 0.15222514 0.03873069 -0.03455553 0.15414445 0.03303993 -0.0370179 0.15679847 -0.03861374 0.03508669 0.16913238 -0.03886229 0.0351881 0.16916367 -0.03868025 0.03564547 0.1687151 -0.03822051 0.03410849 0.16997533 -0.03848191 0.0342469 0.1699428 -0.03313709 0.03422724 0.17249845 -0.03284167 0.03495608 0.17255187 -0.03328231 0.03372024 0.17255279 -0.03305453 0.03731608 0.17228356 -0.03273589 0.03598779 0.17254594 -0.03303767 0.03699376 0.17225008 -0.03519421 0.03863901 0.17019035 -0.03258494 0.03557404 0.17268071 -0.03358236 0.03778739 0.17173953 -0.03446947 0.03862942 0.17097627 -0.03441775 0.03837833 0.17093471 -0.03637288 0.0326196 0.17169227 -0.03772661 0.03336313 0.17081526 -0.03657839 0.03286504 0.17143476 -0.03743953 0.03330593 0.17081209 -0.03566968 0.0327421 0.1718175 -0.03484681 0.03284535 0.17214637 -0.03359652 0.03362754 0.17238764 -0.03428291 0.03310144 0.17222141 -0.03423163 -0.03829959 0.15429115 -0.03343394 -0.03762092 0.15589431 -0.03306632 -0.03734579 0.15674534 -0.03288415 -0.03662724 0.15747252 -0.03700774 -0.03301578 0.15765892 -0.0378226 -0.03362153 0.15618122 -0.03815311 -0.03371379 0.15593286 -0.03830883 -0.03426651 0.1548679 -0.03880265 -0.03503595 0.15361458 -0.03859769 -0.03499384 0.15354651 -0.03442028 -0.0386692 0.15393332 -0.0348397 -0.03866345 0.15330815 -0.03519944 -0.03863504 0.15261745 -0.03273255 -0.03561905 0.15865207 0.03603642 -0.03874378 0.15173844 0.03628416 -0.03861511 0.15169068 0.03867588 -0.03612365 0.15211181 0.03846398 0.03686479 0.16862486 0.03870102 0.03650596 0.16854909 0.03676265 0.03855858 0.1691484 0.0366723 0.03851422 0.16905749 -0.04087249 -0.03365377 0.15273106 -0.04131942 0.03355478 0.16764088 -0.03840102 -0.03700368 0.15242155 -0.03264576 -0.04170102 0.15155038 -0.03469095 0.04044195 0.16966496 -0.02983494 0.04418963 0.17080666 -0.03227498 0.04236591 0.17028174 -0.03803713 0.03757832 0.1689177 0.03345555 -0.04102194 0.15143287 0.03415961 -0.03316303 0.15964642 0.03325075 -0.03403392 0.1595352 0.03030902 -0.03420969 0.16121435 0.03797482 -0.02985988 0.15954006 0.040891 -0.03364233 0.15251961 0.04294055 -0.03099 0.15294319 0.05051738 -0.01605026 0.15561852 0.0481147 -0.01499923 0.15971841 0.0498302 -0.01049373 0.15991235 0.05193133 -0.01062719 0.15671055 0.05074745 -0.00517525 0.1608789 0.05273346 -0.00567009 0.15775289 0.05117225 -7.006E-05 0.1617687 0.05307642 0.00089633 0.15921217 0.05102406 0.00479465 0.16276823 0.05261856 0.00703082 0.16065176 0.05041796 0.00992867 0.16380799 0.05147396 0.01321204 0.16216917 0.04941121 0.01492222 0.16474611 0.04946352 0.01945764 0.16378012 0.04148652 0.03339785 0.16763365 0.0408962 0.03019529 0.16958863 0.0348353 0.03171812 0.17222655 0.03321521 0.03355752 0.17259544 0.03124469 0.03555797 0.17300117 0.02790927 0.04069728 0.17350274 0.03356332 0.04143361 0.17000806 0.00677692 0.05179752 0.17458165 0.00855096 0.05274261 0.1735234 0.01185868 0.05209701 0.17332059 0.00384685 0.05029643 0.17552133 -0.00229712 0.04974754 0.17568131 0.00132344 0.05148343 0.1751534 0.00856273 0.04722028 0.17555073 0.00547968 0.04768697 0.17565861 0.00667077 0.04863451 0.17561503 0.01275846 0.04620175 0.17531799 0.01677434 0.04482467 0.17499664 0.01199373 0.04804333 0.17534305 0.01983146 0.04497942 0.17467624 0.02076208 0.04300911 0.17459238 0.02452014 0.04084085 0.17410877 0.02802403 0.03835255 0.17358062 0.03696128 0.02898578 0.17168601 0.04284297 0.02237683 0.16962735 0.04119853 0.02169747 0.17032437 0.03923269 0.02546503 0.17101848 0.04540218 0.01460438 0.16833122 0.04271851 0.01797389 0.16966379 0.04396641 0.01390425 0.16896696 0.04483514 0.00974603 0.16827452 0.04471178 -0.00513151 0.16608377 0.04525578 -0.00088838 0.16665773 0.04695561 0.00420909 0.16657321 0.04537353 0.00250213 0.16716671 0.03700264 -0.02664956 0.16235536 0.0312029 -0.03028731 0.16315021 0.0335301 -0.02794618 0.16335005 0.0289519 -0.03230406 0.16293938 0.02550123 -0.03490138 0.1626928 0.02469074 -0.03839023 0.16069348 0.02176121 -0.03718562 0.16248994 0.02018528 -0.04017222 0.16094016 0.0179045 -0.03905807 0.16233587 0.01500365 -0.04018026 0.16224803 0.01090837 -0.04349514 0.16062695 0.01170454 -0.04120827 0.162147 0.00844904 -0.0419343 0.16211262 0.00436232 -0.04255494 0.1620519 0.00661359 -0.04480362 0.16018373 0.00078584 -0.04489892 0.16042621 -0.0019771 -0.04269231 0.16205855 -6.69E-06 -0.04276656 0.16200607 0.00069786 -0.04275084 0.16201393 0.01764409 -0.04848015 0.15284811 0.02210918 -0.0481052 0.15053415 0.01802531 -0.04975627 0.15034425 0.01371177 -0.05110998 0.15020469 0.02418152 -0.04581864 0.15274324 0.02740081 -0.04528363 0.15087199 0.02990179 -0.04223236 0.15335742 0.03045811 -0.04327377 0.15113062 0.01209302 0.04965835 0.17491728 0.03012175 0.04158486 0.17235239 0.0301548 0.04393738 0.17080101 0.02643399 0.04636008 0.17151251 0.02279773 0.04635299 0.17348424 0.02169349 0.04877198 0.17226769 0.03993932 0.02826601 0.17062983 0.04555781 0.02238744 0.16768132 0.04769832 0.01377096 0.16662289 0.04887015 0.00371578 0.16499388 0.04420556 0.02703593 0.16771124 0.048445 -0.00595405 0.16321318 0.04623866 -0.01226998 0.16288325 0.04685659 -0.00469888 0.16489248 0.04413738 -0.02443611 0.15793736 0.04033199 -0.02652484 0.16006914 0.0437699 -0.02012065 0.16125202 0.04647959 -0.01980131 0.15865383 0.00173413 -0.04742404 0.15805316 0.00985911 -0.04704644 0.15748501 0.01588956 -0.04343976 0.15953793 0.02082754 -0.04273548 0.1584693 0.02941889 -0.03743591 0.15909235 0.04234402 -0.01839195 0.1632086 0.0163874 -0.04590727 0.15683867 0.02583827 -0.04200321 0.15670827 -0.0007995 -0.05049427 0.15422563 0.00396499 -0.04978061 0.15499152 0.01170583 -0.04911241 0.15436892 0.02143986 -0.04503798 0.15559754 0.03021223 -0.03960284 0.15638804 0.04741811 0.02405819 0.16501516 0.04501864 0.0283503 0.166196 0.04162925 -0.0292369 0.15654643 0.04548891 -0.02713545 0.15358794 0.04834303 -0.02173495 0.1545404 0.00567639 -0.05091503 0.15312761 -0.00128952 -0.05290826 0.15006305 0.00366525 -0.05279306 0.15005201 0.00669332 -0.05249628 0.15007731 0.01075983 -0.05181564 0.1501338 0.04528816 0.00571192 0.16764255 0.03618437 -0.02476536 0.16368273 0.03868217 -0.02110802 0.16407833 0.04075765 -0.01731807 0.1645276 0.04245796 -0.01338703 0.16499743 0.04369785 -0.00961832 0.16549081 0.00277063 0.04793285 0.17571861 2.12E-06 0.04810246 0.17571506 0.00325269 0.05335302 0.17371966 0.01715359 0.04789214 0.17454121 0.01788364 0.04928085 0.17357451 0.01886234 0.04990971 0.17265639 0.01603247 0.05094453 0.17295149 0.02322976 0.04451263 0.17402057 -0.01878465 0.04555656 0.17478722 -0.0184575 0.0441142 0.17484386 -0.02235825 0.04214125 0.17440131 -0.03571279 -0.0327248 0.15899751 -0.04003293 -0.02951797 0.1581322 -0.00562927 0.05057634 0.17533256 -0.00335678 0.05194967 0.17479092 -0.01812645 0.04913533 0.17356504 -0.0191054 0.04984294 0.17258275 -0.01601199 0.05094251 0.17292808 -0.0134341 0.05027864 0.17427985 -0.01151006 0.05216405 0.17332421 -0.0087878 0.0513339 0.17457983 -0.00583993 0.05312816 0.17363301 -0.00122082 0.05341888 0.17373852 -0.03302234 0.03378786 0.17263544 -0.03593168 0.03037987 0.17195822 -0.04053882 0.03165309 0.16937113 -0.0490558 0.01590556 0.16506171 -0.05015751 0.01755775 0.16327666 -0.04797062 0.02295044 0.16469705 -0.05174803 0.01187387 0.16186018 -0.05017619 0.01095841 0.16411884 -0.05260462 0.00705557 0.16069773 -0.05072188 0.00574146 0.16330761 -0.05298959 0.00289538 0.15973972 -0.0517992 -0.00115974 0.16077861 -0.05293641 -0.00320921 0.15838028 -0.05236555 -0.00828533 0.15730999 -0.04911796 -0.01578801 0.15807724 -0.05132986 -0.01321753 0.15631746 -0.04996248 -0.00948764 0.16030678 -0.04937432 -0.01929416 0.15516031 -0.04646166 -0.02087137 0.15810451 -0.04661283 -0.02514638 0.15412283 -0.04459241 -0.02622332 0.15596777 -0.04393086 -0.02956467 0.15338252 -0.04167875 -0.03063006 0.1552545 -0.03506149 -0.0296321 0.16177289 -0.03366104 -0.03355071 0.1597819 -0.0345805 -0.03296338 0.15962498 -0.03292108 -0.03465074 0.15935513 -0.02858495 -0.037911 0.15932015 -0.02251985 -0.04669027 0.15279028 -0.02828868 -0.04475668 0.15113224 -0.02945077 -0.04265004 0.15334679 -0.0235594 -0.0474125 0.15078172 -0.01833132 -0.04965301 0.15050258 -0.01646505 -0.04850264 0.15348472 -0.01365965 -0.0511359 0.15031402 -0.00985791 -0.0430124 0.16122471 -0.0056898 -0.0423919 0.16207655 -0.00999589 -0.04163226 0.16214471 -0.01434427 -0.04042221 0.16224593 -0.01959729 -0.04025391 0.16115668 -0.01758765 -0.03918249 0.16236123 -0.0206198 -0.03778463 0.16248342 -0.02349862 -0.03617 0.16263014 -0.02680365 -0.03628557 0.16141516 -0.02632207 -0.03433181 0.16279151 -0.02978227 -0.03160584 0.16305852 -0.03152123 -0.03249685 0.16179249 -0.03297514 -0.02853281 0.16337021 -0.0353925 -0.02575962 0.16364078 -0.04662366 -0.00278253 0.16554354 -0.04527343 -0.00054438 0.16674681 -0.04476693 -0.00483633 0.166145 -0.04688185 0.00531952 0.16678578 -0.04526034 0.00605266 0.16771553 -0.04536823 0.00280266 0.16724296 -0.04544723 0.01502181 0.16831665 -0.0437221 0.0148256 0.16912811 -0.04471767 0.01042919 0.16840643 -0.04290051 0.02164172 0.16963439 -0.04093914 0.02222477 0.17042413 -0.04232167 0.01904067 0.1698506 -0.03982108 0.02843551 0.17068256 -0.03953261 0.02493933 0.17091991 -0.037884 0.02761506 0.17142779 -0.02843871 0.04017464 0.17341508 -0.02815106 0.03825067 0.17355937 -0.02510132 0.04045647 0.17402835 -0.01429962 0.04572056 0.1752045 -0.00973186 0.04849004 0.17546843 -0.01019786 0.0468752 0.17547226 -0.00558895 0.04768922 0.17566811 -0.00213511 0.04796071 0.17574301 -0.01556362 -0.04612258 0.15696979 -0.02119016 -0.04252634 0.15863857 -0.01508029 -0.04363884 0.15964225 -0.0105668 -0.04750365 0.15680437 -0.00775876 -0.04549714 0.15947533 -0.00551364 -0.04834077 0.15670371 -0.02858012 -0.04085798 0.15633745 -0.02182301 -0.04483081 0.15580675 -0.01085939 -0.0497748 0.15369405 -0.00566412 -0.05063375 0.1535724 -0.00866803 -0.0522111 0.15017869 -0.00496075 -0.05267685 0.15010867 -0.04343628 -0.02472334 0.15859626 -0.04669051 -0.01555249 0.16111019 -0.04960497 -0.00129901 0.16338573 -0.04855935 0.00164273 0.16494805 -0.04804473 -0.00841577 0.16284704 -0.04398244 -0.01958295 0.16142415 -0.04144006 -0.024467 0.16065505 -0.03788004 -0.02922814 0.16016795 -0.04846713 0.00675666 0.16570032 -0.04771379 0.0130631 0.16659248 -0.04685906 0.01883278 0.16700621 -0.04510463 0.02338445 0.16783561 -0.04293551 0.02772645 0.16865435 -0.04557172 -0.01011495 0.16428047 -0.04197189 -0.01907904 0.16321622 -0.03810979 -0.02521793 0.16252664 -0.03051841 0.0403168 0.17257546 -0.03133852 0.04157917 0.17154473 -0.01825775 0.04746548 0.17442043 -0.02541142 0.04498826 0.17303321 -0.02256319 0.0452592 0.17398931 -0.0232536 0.04802588 0.17200147 -0.02603853 0.04655018 0.17154352 -0.04443655 0.02926591 0.16642448 -0.01266578 0.04919099 0.17496811 -0.04381791 -0.0091845 0.1655723 -0.04280114 -0.01241204 0.16516627 -0.0416035 -0.01549655 0.16478315 -0.03969964 -0.01936178 0.16433859 -0.03727271 -0.02325747 0.16389786 0.03694212 -0.03841735 0.15198295 0.03765349 0.03797331 0.16908047 0.00138508 0.05474647 0.17518304 -0.00272806 0.05467907 0.17515512 -0.00681751 0.05433723 0.17503823 -0.01213999 0.05339872 0.17472859 -0.01733978 0.05194166 0.17425174 -0.0211775 0.05047894 0.17378414 -0.02483884 0.04879767 0.17324719 -0.02833395 0.04683309 0.17263053 -0.03167111 0.04465813 0.17194635 -0.0358745 0.04135229 0.17093684 -0.03874664 0.03864556 0.17012051 -0.04151237 0.03567996 0.169258 -0.04758023 0.02704988 0.16683488 -0.04475351 0.03151276 0.16806981 -0.0533014 0.01236085 0.16303304 -0.0518696 0.01743203 0.16429694 -0.0499597 0.02233388 0.16556409 -0.05452311 0.0045046 0.16117504 -0.05404081 0.00844257 0.16209346 -0.05436372 -0.00605875 0.15886083 -0.05469899 -0.0007717 0.15999256 -0.05375512 -0.01001912 0.15804952 -0.05289473 -0.01391164 0.15727663 -0.05171608 -0.01774834 0.15655816 -0.05078679 -0.02027388 0.1561074 -0.04974708 -0.02267475 0.15565565 -0.04849342 -0.02526284 0.15522407 -0.04727178 -0.0274571 0.1548333 -0.04573702 -0.02996037 0.1544406 -0.04432222 -0.0319951 0.15409474 -0.04251968 -0.03436952 0.15374473 -0.04094781 -0.03620702 0.15344431 -0.03885868 -0.03845428 0.15312362 -0.03788658 -0.03772987 0.15241051 -0.03613938 -0.04102691 0.15274562 -0.03725145 -0.03824768 0.15227382 -0.0318632 -0.04442689 0.1522833 -0.02843862 -0.04667146 0.15198818 -0.0248979 -0.04866988 0.15173268 -0.02120251 -0.05037456 0.15152822 -0.01867126 -0.05136587 0.15140511 -0.01080576 -0.05357362 0.15113206 -0.01348369 -0.05296351 0.15120858 -0.01609698 -0.05222917 0.15129904 -0.00810743 -0.05404758 0.15107271 -0.00539612 -0.05438504 0.15102312 -0.00267395 -0.05458664 0.15098611 2.403E-05 -0.05465202 0.15096411 -6.54E-06 -0.04273423 0.16204201 -6.66E-06 -0.04275712 0.16201329 -6.65E-06 -0.04275387 0.16201624 -6.62E-06 -0.04274843 0.16202179 -6.41E-06 -0.04272387 0.16207273 -6.39E-06 -0.04272325 0.16207707 -6.34E-06 -0.04272255 0.16208892 -6.44E-06 -0.04272542 0.16206512 -6.47E-06 -0.0427278 0.16205694 1.99E-06 0.048 0.17581503 2E-06 0.04800042 0.17580593 2.12E-06 0.04809336 0.17571525 2.12E-06 0.04808399 0.17571633 2.11E-06 0.04807449 0.17571834 2.11E-06 0.04806498 0.17572136 2.1E-06 0.04805565 0.1757254 2.1E-06 0.04804662 0.17573047 2.09E-06 0.04803808 0.17573652 2.08E-06 0.04803016 0.17574346 2.07E-06 0.04802303 0.17575119 2.06E-06 0.04801679 0.17575958 2.05E-06 0.0480115 0.17576848 2.04E-06 0.04800722 0.17577773 2.02E-06 0.04800397 0.17578717 2.01E-06 0.04800171 0.1757966 -0.03057966 0.03615395 0.17314096 0.04174209 -0.035316 0.15335953 0.03898432 -0.03830874 0.15290505 0.03836294 -0.03706955 0.15220279 0.03607742 -0.04108129 0.15251866 0.03771686 -0.03790072 0.15215701 0.03293328 -0.04361907 0.1521765 0.02959177 -0.04596935 0.15187493 0.02608929 -0.04802285 0.15162329 0.02245897 -0.04984106 0.15141359 0.0174247 -0.0518149 0.15120076 0.01357155 -0.05294124 0.15109597 0.01090112 -0.0535543 0.15103996 0.00820959 -0.05403194 0.15100214 0.00555033 -0.05436749 0.15097162 0.00272463 -0.0545826 0.15095475 0.04502564 -0.03102752 0.15403594 0.04786981 -0.0264363 0.15480894 0.05022785 -0.0216306 0.15566358 0.05168619 -0.01783421 0.15638386 0.05287082 -0.01400108 0.15711854 0.05398046 -0.00882944 0.15817544 0.05458566 -0.00356925 0.15929842 0.0546787 0.00175282 0.16049005 0.05425522 0.00704949 0.16172762 0.05361582 0.01089852 0.16269162 0.05266376 0.01485317 0.16364473 0.05098724 0.01987117 0.16493796 0.04936298 0.02359988 0.16593821 0.04757973 0.02705278 0.16687465 0.04479676 0.03145028 0.16809916 0.04152629 0.03566432 0.16930757 0.03788425 0.03951517 0.17043799 0.02832468 0.04683954 0.17268373 0.03074329 0.04528967 0.17221673 0.03382414 0.04304869 0.17150705 0.0248834 0.04877451 0.17328613 0.02121303 0.05046336 0.1738248 0.01739335 0.05192412 0.17428029 0.01216047 0.05339502 0.17475182 0.00679478 0.05433993 0.17505516 -0.00706958 0.04746058 0.17751865 -0.00419952 0.04783131 0.1776493 -0.00980273 0.04695861 0.17744726 -0.02354784 0.04142804 0.17616433 -0.01998279 0.04340485 0.17663936 -0.02670179 0.03935594 0.17575844 -0.02884435 0.03774256 0.17543511 -0.03253623 0.03429664 0.17472726 -0.03057205 0.03617072 0.17505434 -0.04094539 0.02220015 0.17241129 -0.03971222 0.02463734 0.17289652 -0.04200806 0.01986565 0.17205945 -0.04521651 -0.00123511 0.16876577 -0.04538555 0.00132807 0.16917314 -0.04475064 -0.00576681 0.16821472 -0.04463343 -0.00555718 0.16818541 -0.04363789 -0.00982357 0.16764408 -0.04272148 -0.0130438 0.16731025 -0.04220284 -0.01405209 0.16713887 -0.03948836 -0.02003438 0.16650994 -0.04086987 -0.01705443 0.16678235 -0.03934128 -0.01998085 0.16645679 -0.0375818 -0.02277244 0.16615443 -0.0343343 -0.02727157 0.16575307 -0.03563147 -0.02546794 0.1658788 -0.03274716 -0.02877774 0.16554418 -0.02885971 -0.03257146 0.16524678 -0.02956052 -0.03179727 0.1652568 -0.02427517 -0.03588687 0.16493931 -0.02600505 -0.03455444 0.16500176 -0.0232194 -0.03633628 0.16483638 -0.02032754 -0.03793359 0.16469444 -0.01812045 -0.03900298 0.16466352 -0.00551188 -0.04240358 0.16430862 -0.00803043 -0.04205814 0.16440493 -0.0023268 -0.04280596 0.16434082 -0.00108297 -0.04273208 0.16428527 -0.04514155 0.0075373 0.17007448 -0.04660184 0.0098028 0.16969427 -0.04676667 0.00061015 0.16847785 -0.04457226 0.01667084 0.17102973 -0.04439875 0.01217559 0.17079015 -0.04334823 0.01613325 0.17142285 -0.03934144 0.02866624 0.17305548 0.00150728 0.05157879 0.17727961 -0.00083861 0.05355078 0.17622699 -0.00585354 0.05272123 0.17650175 -0.02463033 -0.04757454 0.15383451 -0.02936914 -0.04479217 0.15421386 -0.03378381 -0.04154433 0.15467665 -0.05113678 -0.01430026 0.15979119 -0.05204157 -0.00873396 0.16134267 -0.04856253 0.02198471 0.16751522 -0.05027397 0.01709838 0.16655532 -0.05151761 0.01206666 0.16559255 -0.05229734 0.00704681 0.16462052 -0.0527312 0.00177806 0.16346845 -0.05249656 -0.00347508 0.16256128 -0.03712573 0.03908988 0.1714662 -0.03035478 0.04383203 0.17354049 -0.0120249 0.05184607 0.17604208 0.00450541 0.04972478 0.17765078 -0.00321222 0.04974071 0.17767633 -0.00082178 0.04802229 0.17769448 -0.00838037 0.04914368 0.1775118 -0.01349529 0.04597552 0.17721091 -0.0143161 0.04762218 0.17717142 -0.01609644 0.04507916 0.17701648 -0.02197458 0.0441631 0.17643344 -0.04536603 0.00424242 0.16958733 -0.02640019 -0.0373471 0.16342343 -0.01789255 -0.04125028 0.16342358 -0.01425483 -0.04047913 0.1645364 -0.00891863 -0.04374077 0.16331136 -0.01098157 -0.04141498 0.16445765 -0.00159559 -0.04517883 0.16276811 -0.00267241 -0.05002031 0.15808184 -0.00239615 -0.0474205 0.1608315 -0.00622365 -0.04852444 0.15943867 0.00123529 -0.05250598 0.15475798 0.00250647 -0.05002698 0.15805823 -0.00371777 -0.0524931 0.15463533 -0.0090921 -0.05128345 0.15558578 -0.04875485 -0.018526 0.16029535 -0.04855757 -0.01328371 0.16328552 -0.01438885 -0.05004719 0.15575127 -0.01947836 -0.04828074 0.15599044 -0.03722149 -0.03633327 0.15764937 -0.04076476 -0.03232128 0.15822642 -0.04388819 -0.02797934 0.15886264 -0.04655514 -0.02336882 0.15955338 -0.04389208 0.02170979 0.17136824 -0.04457337 0.02411015 0.17072564 -0.04705213 0.0194963 0.16941141 -0.04703004 0.01429221 0.16966999 -0.0491923 -0.00349966 0.16604182 -0.04856947 -0.00856891 0.16509342 -0.04594954 -0.00951547 0.16668242 -0.04539737 -0.01812477 0.16383989 -0.04310209 -0.01678228 0.16591933 -0.03951763 -0.02349428 0.16513397 -0.0403771 -0.026937 0.16276452 -0.03465397 -0.030568 0.16399246 -0.02060253 -0.04225785 0.16188426 -0.01101875 -0.04557724 0.16156638 -0.03996379 0.03128652 0.17241207 -0.0371149 0.03721942 0.17242101 -0.04370472 0.02903393 0.17035688 -0.04907548 0.01335291 0.16810364 -0.04870243 0.00559492 0.16799676 -0.05047155 0.00295603 0.16617571 -0.0435801 -0.02347064 0.16237368 -0.03586269 -0.03376142 0.16112988 -0.03178413 -0.03409703 0.16321589 -0.02793026 -0.04039602 0.16036093 -0.02114463 -0.04420216 0.15991141 -0.01633763 -0.04616035 0.15969551 -0.01132748 -0.04761171 0.1595367 -0.0424352 0.03247232 0.17012829 -0.03305163 -0.03946024 0.15786053 -0.0287856 -0.04266917 0.1574302 -0.02419539 -0.04543316 0.15706491 -0.0187741 0.04932706 0.17571481 -0.02301241 0.04820842 0.174703 -0.02696302 0.04442435 0.17496294 -0.03407074 0.0385014 0.17377385 -0.02756697 0.04168549 0.17553489 -0.03395247 0.03584287 0.17438452 -0.03512133 0.03140286 0.17415389 -0.03771428 0.02790859 0.17349027 -0.00438921 0.0513183 0.17725168 -0.01186374 0.0500173 0.17695794 -0.02011395 0.04694003 0.17630097 0.00299767 -0.04267635 0.16433957 0.04437423 -0.00684573 0.16801731 0.04354096 -0.01061185 0.16757755 0.04496814 -0.00368927 0.16846278 0.0448815 0.00953759 0.17037015 0.043504 0.01566472 0.17135426 0.04425794 0.01264381 0.17083029 0.00989546 -0.04165293 0.16436297 0.0098117 -0.04182928 0.16440748 0.01416625 -0.04047611 0.16445257 0.01637051 -0.0397259 0.16457194 0.02597266 -0.03457713 0.1649579 0.02390663 -0.03597118 0.16489103 0.02875329 -0.03262118 0.16519552 0.03526235 0.03119718 0.17406832 0.03695366 0.02899527 0.17369156 0.03353774 0.03323434 0.17451736 0.00552875 -0.04240068 0.16429752 0.02943482 -0.0318984 0.16519281 0.03427281 -0.02736877 0.16570459 0.03263822 -0.02889307 0.16548494 0.03640419 -0.0245844 0.16598244 0.03559617 -0.02551064 0.16582504 0.04215629 -0.01415998 0.16707906 0.04123249 -0.01639329 0.16687894 0.04357132 -0.01003767 0.16757751 0.0424308 0.0327285 0.17006113 0.04681098 0.02502165 0.16862112 0.00547509 -0.0477953 0.16028674 0.00441521 -0.04421052 0.1633427 0.00306685 0.04792781 0.17767124 0.00535647 0.05288597 0.17646018 0.01271619 0.05232213 0.17557384 0.02177841 0.04898331 0.17480835 0.0528539 0.00335291 0.16351734 0.05104391 0.01427431 0.16598924 0.04961112 0.01921028 0.16695721 0.05287242 -0.00150886 0.16256337 0.05324985 -0.00612763 0.16053702 0.05201297 -0.01275586 0.15931019 0.04917881 -0.01853275 0.15967607 0.04761055 -0.02415432 0.15741991 0.04491056 -0.0288411 0.15665363 0.04174905 -0.0332551 0.15595198 0.03713039 -0.03765982 0.15609045 0.03309139 -0.04127482 0.15556695 0.02832652 -0.04490655 0.15481851 0.02260032 -0.04793272 0.15457276 0.01757663 -0.05002957 0.15428475 0.01319998 -0.0428407 0.16328011 0.03032465 -0.03366536 0.16409245 0.02225306 -0.03914652 0.16358453 0.02030455 -0.03798335 0.16471428 0.04350747 -0.01702163 0.16555768 0.0392849 -0.02014118 0.16645372 0.04071039 -0.02136958 0.16534317 0.04652815 0.00974779 0.16971368 0.0453382 0.00512852 0.16969964 0.04675048 0.00037654 0.16841702 0.04536798 0.00073309 0.16906674 0.03844039 0.026789 0.17329997 0.03327479 0.03659698 0.17453784 0.02838281 0.04004623 0.17549288 0.03079563 0.03599043 0.1750637 0.02745283 0.03879654 0.17564909 0.0238626 0.04126111 0.17617628 0.02060812 0.04488585 0.17658769 0.02001493 0.04338207 0.17663477 0.01594997 0.04513894 0.1770281 0.01297124 0.0480553 0.17725977 0.01167799 0.0465042 0.1773404 0.00736365 0.04742998 0.17755228 0.01473153 0.05045922 0.17623681 0.04220648 0.02735791 0.17178212 0.04157552 0.03149257 0.17129438 0.03723305 0.03501343 0.17310159 0.03756734 0.03750901 0.17196718 0.0307339 0.04160495 0.17438565 0.03407588 0.0409882 0.17272338 0.02911757 0.04448231 0.1738847 0.02314172 0.04681049 0.17545633 0.04615074 0.02289767 0.16971454 0.04548601 0.01946879 0.17056262 0.04856453 0.01316492 0.16853905 0.00991867 -0.04590991 0.16143738 0.01621005 -0.04473943 0.16102897 0.02321246 -0.04166898 0.1613584 0.03161613 -0.0359314 0.16196057 0.03793801 -0.02756914 0.16386364 0.0445273 -0.02045295 0.16327438 0.04592377 -0.00936426 0.16669379 0.0469677 -0.01316206 0.16462505 0.04928963 -0.00611532 0.16517597 0.04856937 -0.00048613 0.1671136 0.03767817 -0.03162364 0.16131876 0.04086883 -0.0275757 0.16181351 0.05048141 0.0009711 0.1657417 0.04911712 0.0067147 0.16774683 0.01172338 -0.04886327 0.15798749 0.01677691 -0.04735574 0.15816729 0.02165604 -0.04532782 0.15841006 0.0262924 -0.04281083 0.15871575 0.03064021 -0.0398364 0.15908282 0.03465816 -0.03643919 0.15950967 0.04528642 -0.02384093 0.16047153 0.04944878 -0.01349932 0.16216604 0.05071906 -0.00844133 0.16293682 0.05141565 0.00679538 0.16557208 0.00664264 -0.05169019 0.15544604 0.03889393 -0.03366234 0.15857442 0.04219033 -0.02948891 0.15916187 0.01207608 -0.05124372 0.15468758 0.00990621 0.05049848 0.17706475 0.01826277 0.04779876 0.17648488 0.02598368 0.04354196 0.17560351 0.03841497 0.03095402 0.17322822 0.0432099 0.02145976 0.17172152 0.04010771 0.02391904 0.17276609 0.04195065 0.02000266 0.17207412 -0.03812354 -0.03402911 0.14828207 -0.0354508 -0.03278006 0.1482812 -0.03327092 -0.03405736 0.1482873 -0.03547079 -0.03864028 0.14828271 -0.03864001 -0.03595027 0.14828259 -0.03276296 -0.03596336 0.14834388 -0.03864882 0.03595463 0.15932098 -0.03780262 0.0377925 0.15932725 -0.03696439 0.03838087 0.15932453 -0.0359979 0.03864817 0.15932652 -0.03496647 0.03856714 0.15932599 -0.03363133 0.03780642 0.15932459 -0.03303652 0.03444802 0.15932888 -0.03402033 0.03328614 0.15932594 -0.03494137 0.03285848 0.15932398 -0.03648202 0.03285881 0.15932582 -0.03812289 0.03400997 0.15932393 0.033449 -0.03385916 0.14825891 0.03828613 -0.0342568 0.14828587 0.03547536 -0.03863778 0.14828041 0.03314459 -0.03718524 0.14828518 0.03651215 -0.03286918 0.14831327 0.03864464 -0.03545225 0.14830254 0.03855527 -0.03648916 0.14831273 0.03736974 -0.03814868 0.1483136 0.03277482 -0.03598994 0.14830318 0.0340208 -0.03329208 0.14830382 0.03546022 -0.03277182 0.14830329 0.03743442 -0.03331508 0.1483129 0.03810764 -0.03742524 0.1483106 0.03401555 0.03812837 0.15932608 0.03737789 0.03815127 0.15933461 0.03856704 0.03496815 0.15932511 0.03814216 0.0340375 0.15932409 0.03742289 0.03330421 0.15932585 0.03649704 0.03286337 0.15932524 0.03547888 0.03276562 0.15932451 0.03403543 0.03327164 0.15933175 0.03329679 0.03400638 0.15932485 0.03276711 0.03544794 0.15932639 -0.03426098 0.0364945 0.1542 -0.03478928 0.03431601 0.1542 -0.0341246 0.03539336 0.1542 -0.03659674 0.03426554 0.1542 -0.03735563 0.03575251 0.1542 -0.03683192 0.03688945 0.1542 -0.03551803 0.03736703 0.1542 -0.03431601 -0.03478928 0.14320001 -0.03575251 -0.03735563 0.14320001 -0.03426554 -0.03659674 0.14320001 -0.03688945 -0.03683192 0.14320001 -0.03736703 -0.03551803 0.14320001 -0.0364945 -0.03426098 0.14320001 -0.03539336 -0.0341246 0.14320001 0.0364945 0.03426098 0.1542 0.03431601 0.03478928 0.1542 0.03539336 0.0341246 0.1542 0.03426554 0.03659674 0.1542 0.03575251 0.03735563 0.1542 0.03688945 0.03683192 0.1542 0.03736703 0.03551803 0.1542 0.00699382 -0.03314012 0.16804615 -0.00243113 -0.03378635 0.16797605 -0.00102802 -0.03904114 0.16631985 0.02657038 -0.02721256 0.16778095 0.02917523 -0.02131368 0.16876803 0.01706058 -0.02987564 0.16823192 0.02679599 0.03921414 0.17576425 0.03412857 0.03250475 0.17439806 0.02987205 0.03674734 0.17525072 0.03113332 0.03563944 0.17501207 0.036633 0.02938047 0.17378996 0.03766577 0.023734 0.17331916 0.0384566 0.02667934 0.17328423 0.0410688 0.02191564 0.17242296 0.03970132 0.02453452 0.1729137 0.04227829 0.01265064 0.1715267 0.04256435 0.01832814 0.17180593 0.0437683 0.01456366 0.17120515 0.04472939 0.01018076 0.17050511 0.04514153 0.00700783 0.17002285 0.0432729 -0.00231026 0.16942318 0.04440451 -0.00663517 0.16812478 0.04509765 -0.00229055 0.16869347 0.04537303 0.003054 0.16944474 0.04191836 -0.00796609 0.16881338 0.04311192 -0.01153897 0.16750854 0.03927656 -0.01501557 0.16807468 0.03981635 -0.01915531 0.1666069 0.04195039 -0.01465744 0.16710624 0.03753574 -0.02281486 0.16622603 0.03478859 -0.02210301 0.16746737 0.03499126 -0.02626925 0.16586123 0.02965685 -0.02887314 0.16656902 0.03132763 -0.03016482 0.16548645 0.02841792 -0.0327437 0.1652211 0.02328358 -0.03222776 0.16679436 0.02487273 -0.03529969 0.16501154 0.01877751 -0.0359851 0.16606903 0.02130779 -0.03740134 0.16483921 0.01653757 -0.03961902 0.16464515 0.0116873 -0.04120465 0.16449647 0.01358203 -0.03681308 0.16648814 0.00625194 -0.03869996 0.1663098 0.00740093 -0.0421201 0.16444646 0.00310048 -0.0426197 0.1644091 -7.183E-05 -0.0427122 0.16440576 0.03973061 0.00161163 0.1707821 0.03760736 -0.00947696 0.16957223 -0.03434665 -0.02700983 0.1658209 -0.03058135 -0.0308901 0.16545922 -0.03241139 -0.02492998 0.16725978 -0.01963064 0.04351046 0.17668615 -0.02320097 0.04161457 0.17625293 -0.02503449 0.04043223 0.17602158 -0.00338194 -0.04260226 0.16441442 -0.00933653 -0.0391745 0.16589159 -0.00847387 -0.04194181 0.16448608 -0.01361822 -0.04063115 0.16459039 -0.01865085 -0.03504931 0.16653371 -0.01764071 -0.0391527 0.16471636 -0.02338223 -0.03624776 0.16495356 -0.02044768 -0.03784551 0.16482042 -0.02640928 -0.03154812 0.16637896 -0.02665949 -0.03406421 0.16516581 -0.03662176 -0.01925523 0.16777661 -0.03818431 -0.02185542 0.16636068 -0.03633642 -0.02451018 0.16607748 -0.04156078 -0.01545622 0.16712755 -0.04018276 -0.01839677 0.16675276 -0.04270582 -0.0126424 0.16741124 -0.04396293 -0.00852537 0.16792753 -0.04526883 -0.00029129 0.16898932 -0.0448167 -0.00443477 0.16841105 -0.0409279 0.01808914 0.17227978 -0.04331744 0.01609878 0.17145179 -0.04242948 0.00510181 0.17069955 -0.04222641 0.01919188 0.17196143 -0.03967424 0.0245799 0.17292333 -0.03376778 0.03002555 0.17438766 -0.03216876 0.03457429 0.17481588 -0.03418123 0.03246457 0.17436662 -0.03670017 0.02928338 0.17377871 -0.02749037 0.03868562 0.17565404 -0.02999641 0.03666397 0.17520897 -0.01023037 -0.03452458 0.16754745 -0.02464607 -0.02808257 0.16786021 -0.0416269 -0.00653583 0.16919699 -0.0453531 0.00372714 0.16954675 -0.04506072 0.0079829 0.17014879 -0.04433114 0.01226128 0.17083481 -0.03840833 0.02675935 0.17329875 -0.03669502 -0.01121229 0.1694518 -0.02886305 -0.02135438 0.16878451 -0.01702127 -0.02998057 0.16820635 0.0163735 0.04491462 0.17699632 0.0133975 0.04596376 0.17722917 0.00825864 0.04714473 0.17754965 0.01086312 0.04663971 0.17739928 0.02333271 0.04152428 0.17625368 0.01949569 0.04358588 0.17669055 0.02782133 0.02724347 0.17505018 0.01291635 0.0275095 0.17653641 0.03061901 0.01361786 0.17362531 0.02794909 -0.00919747 0.1710847 0.01811019 -0.02087778 0.17006107 0.00559632 -0.02093183 0.17076987 -0.00723493 -0.02097669 0.17068739 -0.01763528 -0.02092015 0.17009494 -0.0254336 -0.00889477 0.17147501 -0.03289021 0.00301292 0.17210801 -0.03286602 0.01462365 0.17336194 -0.01773718 0.02736864 0.17618366 -0.01417861 0.04567122 0.17719042 -0.01649016 0.04488698 0.17697661 -0.01144754 0.0465217 0.17735311 -0.00835688 0.04719991 0.17751332 -0.00289518 0.0324042 0.1771547 -0.00429455 0.04777826 0.17764638 0.00419934 0.04777981 0.17764539 -0.00024262 0.04798851 0.17768817 -0.01761781 0.01456315 0.1752075 0.00260603 0.01449487 0.17590293 0.01778646 0.01456505 0.17513485 -0.01761804 0.00230609 0.17388009 0.00260645 0.00221582 0.1745729 0.02284245 0.00236031 0.17339604 -0.00751925 -0.00956859 0.17277852 0.01273531 -0.00953321 0.1725385 0.03426098 -0.0364945 0.14320001 0.03683192 -0.03688945 0.14320001 0.03735563 -0.03575251 0.14320001 0.03551803 -0.03736703 0.14320001 0.03478928 -0.03431601 0.14320001 0.0341246 -0.03539336 0.14320001 0.03659674 -0.03426554 0.14320001 0.0083487 0.0472425 0.17744686 -0.04094276 0.02217584 0.17246549 -0.03484777 0.03430459 0.15620002 -0.0343737 0.0331236 0.15620385 -0.0332721 0.03400493 0.15624873 -0.0341791 0.03519 0.15620002 -0.03283822 0.03496907 0.15623039 -0.03417639 0.0363131 0.15620002 -0.03284067 0.03648015 0.15624276 -0.03324335 0.03732803 0.15622263 -0.03546127 0.03738527 0.15620002 -0.0344616 0.03840548 0.15624341 -0.03557503 0.03867612 0.15622945 -0.03688945 0.03683192 0.15620002 -0.0379007 0.0376838 0.15622464 -0.03651495 0.03421832 0.15620002 -0.03752347 0.03343978 0.15620106 -0.03598024 0.03274997 0.15624355 -0.03841355 0.03694588 0.15624511 -0.03735563 0.03566529 0.15620002 -0.03866855 0.03596011 0.15624295 -0.03832385 0.03434029 0.156229 -0.03421832 -0.03651495 0.1452 -0.03395132 -0.038077 0.14521913 -0.03285609 -0.03654575 0.14523683 -0.03274691 -0.03552988 0.14523262 -0.03430459 -0.03484777 0.1452 -0.03306795 -0.03435704 0.14522144 -0.03683192 -0.03688945 0.1452 -0.0384068 -0.03694424 0.14522725 -0.03696527 -0.03832791 0.14520419 -0.03566529 -0.03735563 0.1452 -0.03547616 -0.03866908 0.14523922 -0.03519 -0.0341791 0.1452 -0.0349297 -0.03289628 0.14520594 -0.0363131 -0.03417639 0.1452 -0.03662112 -0.03288528 0.14522208 -0.03738527 -0.03546127 0.1452 -0.0384145 -0.03450067 0.14522938 -0.03866301 -0.03541875 0.14523144 0.0363131 0.03417639 0.15620002 0.03733036 0.03324317 0.15622325 0.03738527 0.03546127 0.15620002 0.0385694 0.03494118 0.15622728 0.03866576 0.03593352 0.15622902 0.03683192 0.03688945 0.15620002 0.03770395 0.03788674 0.15622644 0.03430459 0.03484777 0.15620002 0.03304939 0.03438083 0.1562319 0.03443054 0.03302328 0.15623753 0.03519 0.0341791 0.15620002 0.03537782 0.03275791 0.15623075 0.03648091 0.03284053 0.15624294 0.03697116 0.0383974 0.15624283 0.03566529 0.03735563 0.15620002 0.0361793 0.03862967 0.1562344 0.03457979 0.03846255 0.15623501 0.03421832 0.03651495 0.15620002 0.03370536 0.03790895 0.15623283 0.0330732 0.03708488 0.1562347 0.03275014 0.03597083 0.15624297 0.0328119 0.03512881 0.1562333 0.03417639 -0.0363131 0.1452 0.0330268 -0.03697693 0.14522791 0.03546127 -0.03738527 0.1452 0.03444793 -0.03839492 0.14523418 0.03606935 -0.03864378 0.14522892 0.03694413 -0.03840237 0.14522777 0.03688945 -0.03683192 0.1452 0.03839242 -0.03696752 0.14522843 0.03735563 -0.03566529 0.1452 0.03861077 -0.03506785 0.14523245 0.03651495 -0.03421832 0.1452 0.03772331 -0.03354923 0.14522697 0.03699451 -0.03303454 0.14523396 0.03535259 -0.03277745 0.1452269 0.03484777 -0.03430459 0.1452 0.03450799 -0.03299275 0.1452352 0.03376183 -0.03348689 0.14523299 0.0341791 -0.03519 0.1452 0.032838 -0.03496708 0.14522006 -0.0387984 -0.0357566 0.15240945 -0.03867831 -0.03511909 0.15331788 -0.0389273 -0.03574062 0.15247807 -0.03909177 -0.03571582 0.15241455 -0.03581029 -0.03268593 0.15895039 -0.03698163 -0.03280361 0.15797491 -0.0367629 -0.03288328 0.15793547 -0.03479681 -0.03877367 0.1533232 -0.0357361 -0.03884434 0.1519715 -0.03575595 -0.03895057 0.15196429 -0.0335591 -0.03808052 0.15550041 -0.03307913 -0.03717239 0.15670125 -0.03351131 -0.03776759 0.15563105 -0.03402177 -0.03820962 0.15460762 -0.03470025 -0.03854802 0.15334782 -0.03555558 -0.03872701 0.15201807 -0.03276971 -0.03645838 0.15780933 -0.03872779 -0.03576702 0.15230677 -0.03844557 -0.03443817 0.15447028 -0.03805566 -0.03382749 0.1556033 -0.03826268 -0.03389153 0.15558711 -0.03749609 -0.03328316 0.1568183 -0.00363049 0.04790031 0.1757165 -0.00216392 -0.04267958 0.16205175 -0.02464305 0.0407468 0.17412008 -0.02615961 0.03976272 0.17386171 -0.02957519 0.03707317 0.17332046 -0.00798622 0.04734543 0.1755766 -0.00964041 0.04697451 0.17556851 -0.02057104 0.04310834 0.17461768 -0.01802487 0.04428577 0.17494057 -0.01632152 0.04502132 0.17502283 -0.01315572 0.04605817 0.17534903 -0.0124438 0.04631706 0.17532611 3.325E-05 -0.04274134 0.16203 -0.03353305 0.03780293 0.17174082 -0.0329947 0.03707456 0.17232066 -0.034346 0.03840335 0.17099294 -0.03564283 0.03873587 0.16972856 -0.03505694 0.03890089 0.17036548 -0.03630153 0.03886572 0.16924401 -0.03622369 0.03869927 0.16918443 -0.03383942 0.03829559 0.17154309 -0.03274618 0.03626678 0.17248297 -0.03259696 0.03566953 0.17266311 -0.03851438 0.03456354 0.16957483 -0.03873612 0.03540791 0.16888358 -0.03891017 0.034844 0.16933635 -0.03889127 0.03622111 0.16846459 -0.03877055 0.03611326 0.16846004 -0.03290988 0.03455742 0.17258495 -0.03324289 0.03397143 0.17249523 -0.03310242 0.03371104 0.17261399 -0.03378942 0.03337394 0.1723485 -0.03504228 0.03260282 0.17214125 -0.03660608 0.03283016 0.17139734 -0.03744727 0.03324297 0.17086509 -0.03726163 0.03289738 0.17123246 -0.03808102 0.03384076 0.17023207 -0.03463821 0.03288911 0.1721262 -0.0356149 0.03268608 0.17183617 -0.0382023 0.03360949 0.17043729 -0.03869242 0.03620366 0.16837586 -0.03271874 0.03529014 0.17255433 -0.0351313 0.03866366 0.17016152 0.00276102 0.04793923 0.17571409 0.01693398 0.04476025 0.17498693 0.01352035 0.04596309 0.17528978 0.02073619 0.04301028 0.17460366 0.03146199 0.03535118 0.17296611 0.03545738 0.03096613 0.17208351 0.03326244 0.03353787 0.17257796 0.00337354 -0.04262309 0.16204403 0.03880492 0.03620155 0.16850279 0.03881759 0.03567168 0.1688087 0.03892441 0.03489241 0.16933098 0.03892117 0.03624584 0.16850172 0.03816227 0.03364503 0.17046547 0.03814915 0.033924 0.17017142 0.03503718 0.03265036 0.17213254 0.03687732 0.03273212 0.17146367 0.03563264 0.03269628 0.17182612 0.03630619 0.03275493 0.17155528 0.03465696 0.0328671 0.17214358 0.03620758 0.03868476 0.1692069 0.03632053 0.03882755 0.16928832 0.03529917 0.03884933 0.1702048 0.03303244 0.03735358 0.17229274 0.03268066 0.03639118 0.17257635 0.03287808 0.03678108 0.17236245 0.03268798 0.03563346 0.17256746 0.03274826 0.03503433 0.1726335 0.03549803 0.03871493 0.16985206 0.03400899 0.03819365 0.17131937 0.03473416 0.03855213 0.17057048 0.03395593 0.03834295 0.17147042 0.03870578 0.03606629 0.16843332 0.03870071 0.03521647 0.16905285 0.03727086 0.03312152 0.17098659 0.03849708 0.03457247 0.16952224 0.03370938 0.03344244 0.17236648 0.03309836 0.03417397 0.17254409 0.03340054 0.03764514 0.17189172 0.03461644 -0.03868673 0.15343669 0.03432223 -0.03840566 0.15381123 0.03361296 -0.03804128 0.15529931 0.0357328 -0.03894234 0.15177037 0.03509182 -0.03868836 0.15260281 0.03285899 -0.0369953 0.15711476 0.03276099 -0.03636399 0.15770273 0.03271262 -0.0352409 0.15885969 0.03639241 -0.03275761 0.15829673 0.0371912 -0.03308274 0.15718122 0.037652 -0.03325358 0.15672565 0.03862829 -0.03489059 0.15349215 0.03883051 -0.03575597 0.1522228 0.03898527 -0.0357202 0.15225168 0.03781939 -0.03356224 0.1560048 0.03827933 -0.03413295 0.15485229 0.0385747 -0.03431736 0.15457599 0.0387222 -0.03561166 0.15219225 0.03350689 -0.03775675 0.1554395 0.03308694 -0.03718549 0.1565264 0.03569988 -0.03874809 0.15170458 -0.03688034 0.03850076 0.1690816 -0.0364802 0.03865808 0.16911295 -0.03871463 0.03654549 0.16850562 -0.03859824 0.03657399 0.16841464 -0.03890053 -0.03589111 0.15239479 -0.03869797 -0.03611019 0.15229082 -0.03580688 -0.03873976 0.15187417 -0.03609543 -0.0387747 0.15196428 -0.03863395 0.02903508 0.17111632 -0.05163052 -0.00333564 0.16041134 -0.05239608 -0.00812264 0.15734181 -0.04968598 -0.0135369 0.1586756 -8.26E-05 -0.05290802 0.15005791 -0.00043907 -0.05013333 0.15471758 -0.00500213 -0.05126123 0.15268357 0.00457751 0.04923271 0.17568579 0.00128679 0.05341759 0.1737413 -0.00395897 0.0520015 0.17472441 0.00286013 0.05214006 0.17474164 0.00205183 0.05053176 0.17552505 -0.00528501 0.04958874 0.17562214 -0.02131201 0.04417489 0.17448524 -0.02855345 0.03936706 0.17344055 -0.03589517 0.03042461 0.17196888 -0.04287115 0.02218291 0.16963905 -0.04002145 0.0240084 0.17076907 -0.03892056 0.02601976 0.1711227 -0.04290954 0.01747629 0.16958942 -0.04151877 0.02094911 0.17022461 -0.045042 0.0156427 0.16853651 -0.04482958 0.00961241 0.16828798 -0.04424264 0.01274979 0.16879621 -0.04713089 0.00375373 0.16637121 -0.04524745 0.00611943 0.16773392 -0.04526732 -0.00064421 0.1667352 -0.04621149 -0.00593503 0.16508211 -0.04473563 -0.00498682 0.16613224 -0.04377883 -0.00932287 0.16555665 -0.04332239 -0.01495071 0.16402474 -0.04238064 -0.01358379 0.16503145 -0.04003581 -0.02146452 0.16327138 -0.03853545 -0.02133623 0.16412656 -0.04060895 -0.01761709 0.16455205 -0.03589469 -0.0251296 0.16370824 -0.03550532 -0.02765839 0.16265081 -0.0330402 -0.02847552 0.1633597 -0.02964194 -0.03371886 0.16191797 -0.02888924 -0.03239311 0.16296458 -0.02441798 -0.03560641 0.1626901 -0.02213516 -0.03920528 0.16112441 -0.02054405 -0.03782874 0.162477 -0.01665656 -0.0395736 0.16232733 -0.01317482 -0.04286094 0.16079138 -0.01318545 -0.04076808 0.16223349 -0.00997307 -0.04163589 0.16214399 -0.00550138 -0.04241204 0.16207378 -0.00642461 -0.04510293 0.15996788 -0.00224937 -0.04452914 0.16070811 -0.03335935 -0.04110653 0.15163046 -0.00457463 -0.05271131 0.15010637 -0.00972758 -0.05200932 0.15020518 -0.01144355 -0.05015267 0.15289219 -0.01444465 -0.05090359 0.1503453 -0.0189989 -0.04782679 0.1532637 -0.01804319 -0.0497594 0.15048894 -0.02155349 -0.04832749 0.15067005 -0.02500452 -0.0466552 0.15088387 -0.02850293 -0.04273992 0.15408559 -0.02933878 -0.04406214 0.15122665 -0.0299236 -0.03917974 0.15718341 -0.03045247 -0.03578102 0.15999439 -0.03374485 -0.03341619 0.15983669 -0.03314584 -0.03411863 0.15965018 -0.03271507 -0.03519931 0.15902632 -0.03860742 -0.02745633 0.16094673 -0.03471797 -0.03284529 0.15962756 -0.0416091 -0.03008696 0.15589026 -0.04249368 -0.03160218 0.15304954 -0.04585247 -0.02323755 0.15703741 -0.04532687 -0.02739028 0.15373984 -0.04924977 -0.01958029 0.15510514 -0.04772133 -0.02300779 0.15449163 -0.05111322 -0.01408229 0.15615092 -0.05303896 -0.00171666 0.15869974 -0.05288006 0.00444457 0.16008823 -0.05152458 0.00708376 0.16236766 -0.0520745 0.0104717 0.16151448 -0.04907948 0.01540772 0.16513875 -0.04823832 0.02236486 0.16453239 -0.05076856 0.0156552 0.16279784 -0.04073698 0.03425818 0.16784136 -0.04163047 0.03101328 0.16861661 -0.02968658 0.04045633 0.17292456 -0.03515313 0.04001705 0.16954036 -0.03194599 0.04268122 0.17034662 -0.00714346 -0.04844676 0.15637819 -0.00051408 -0.04727094 0.15821645 -0.01356325 -0.04551368 0.15830803 -0.02228951 -0.04159709 0.15908013 -0.0246471 -0.04277063 0.15664589 -0.01630879 -0.04654823 0.15624896 -0.04438783 -0.01771519 0.1620872 -0.04751384 -0.00836034 0.16333538 -0.04876766 0.00135356 0.16473493 -0.04776132 0.01002667 0.16653986 -0.04650152 0.01796642 0.16743551 -0.0423862 0.02687885 0.16934811 -0.04537351 0.02453954 0.16729419 -0.05026774 0.00534904 0.16380456 -0.04990887 -0.00471438 0.16214637 -0.04761799 -0.01459345 0.16061896 -0.04343446 -0.02389847 0.15926196 -0.02907183 0.04298637 0.17218329 -0.01892928 0.04990958 0.17260529 -0.02365523 0.04782988 0.17194134 -0.02024711 0.04824376 0.17339167 -0.02802252 0.04537566 0.17117503 -0.01087334 0.05140867 0.17414638 -0.01488483 0.04881531 0.17471342 -0.00867495 0.05042969 0.17506492 -0.04623488 0.02618229 0.16560934 -0.0440577 0.02984442 0.16657534 -0.02287645 0.0451978 0.17392726 -0.01378684 0.04740776 0.17521334 -0.00255335 0.05336152 0.17371704 -0.00640858 0.05304537 0.17361161 -0.01134279 0.05219433 0.17333685 -0.01450726 0.05139706 0.17307472 0.03862939 0.03647336 0.16840264 0.03865808 0.03658383 0.16854098 0.0364466 0.03869462 0.16919479 0.03675628 0.03855708 0.16913292 0.03416146 0.0409113 0.1698533 0.04073018 0.03428481 0.16789044 0.04121362 0.03081297 0.16913977 0.04354603 0.0305742 0.166823 0.04987259 0.01267965 0.16437961 0.0516831 0.01221534 0.16192079 0.05042025 0.01674301 0.16307445 0.04820521 0.01877758 0.16558161 0.04848226 0.02180546 0.16440764 0.0525001 0.00795269 0.16087848 0.05065114 0.00776405 0.1634669 0.05104613 0.00244414 0.16242848 0.05307396 0.00054118 0.15912941 0.05096852 -0.0081072 0.15940911 0.05270198 -0.00590164 0.15770364 0.05081328 -0.0023268 0.16166691 0.05188232 -0.0108614 0.15666094 0.0494208 -0.01437736 0.15837094 0.05031228 -0.01670484 0.15549463 0.04604446 -0.02289373 0.15691377 0.04838185 -0.02160127 0.15456994 0.04651025 -0.02533652 0.1538976 0.04404491 -0.02940195 0.15320425 0.04127729 -0.03051145 0.15568568 0.04096161 -0.0335452 0.15253535 0.03760581 -0.02833906 0.16092047 0.03544607 -0.03270005 0.15909807 0.03428911 -0.03301816 0.15967567 0.03318758 -0.03402919 0.1595913 0.03185825 -0.03365817 0.16073871 0.02705968 -0.0384119 0.15958118 0.02894956 -0.03997121 0.15690507 0.03296801 -0.04132953 0.15143304 0.00550195 -0.05131016 0.15249267 0.03088935 -0.04108464 0.1539766 0.02879808 -0.04436943 0.15101454 0.02559088 -0.04458566 0.15354671 0.02426791 -0.04701033 0.1506791 0.01950113 -0.0476288 0.15305035 0.01943719 -0.04921435 0.15040584 0.0159884 -0.05044456 0.15027717 0.01330018 -0.04976557 0.15277816 0.01177405 -0.05160706 0.15015016 0.00830264 -0.05227122 0.15010026 0.00372911 -0.05278999 0.15005355 0.00493675 -0.0444928 0.16059028 0.00755149 -0.04210835 0.16208673 0.01294714 -0.0431294 0.16057082 0.01170846 -0.04120751 0.16215104 0.01684466 -0.03951856 0.16229171 0.0189649 -0.04072747 0.16090451 0.02327968 -0.03850195 0.16113472 0.02154948 -0.03729714 0.16247992 0.02739437 -0.03585868 0.16137896 0.02621337 -0.03443455 0.16273059 0.02934731 -0.03195658 0.16298454 0.03891978 -0.02311811 0.16310394 0.03563352 -0.02550434 0.16360657 0.03208491 -0.02945386 0.1632219 0.03869326 -0.02107013 0.16409871 0.04076676 -0.01729675 0.16452833 0.04242994 -0.01346197 0.16499771 0.04381511 -0.01373887 0.16412269 0.04401996 -0.00844604 0.1656436 0.04615211 -0.00576711 0.16506854 0.0448581 -0.0041322 0.16622487 0.04525961 -0.0008138 0.16667303 0.04704787 0.00120946 0.16598813 0.04695121 0.00865612 0.16701235 0.04448598 0.01779648 0.16887651 0.04398786 0.0137885 0.16896527 0.04483861 0.00962936 0.16827571 0.0419136 0.02004507 0.17003596 0.04293386 0.01730753 0.16957006 0.03798921 0.02746958 0.17141914 0.04014328 0.02379734 0.17072706 0.04111723 0.02608337 0.1702718 0.02843274 0.0394407 0.17346166 0.02831079 0.038118 0.17353457 0.02453545 0.04082439 0.17411909 0.02143414 0.04411821 0.17448133 0.00972198 0.04696662 0.17549498 0.01366807 0.04735741 0.17522611 0.00631499 0.04758806 0.17564428 0.01400796 0.05154813 0.17314474 0.01579367 0.05007732 0.1737354 0.0183853 0.05013406 0.17269561 0.02318229 0.04690464 0.17298283 0.02141365 0.0488886 0.1723132 0.03154003 0.04297917 0.17048033 0.01078729 0.04991922 0.17503421 0.00923481 0.05263366 0.17349081 0.01889449 0.04723152 0.17438126 0.00431748 0.05326146 0.1736882 0.03062838 0.04174147 0.17195395 0.02666267 0.04285044 0.17341153 0.0280022 0.04540163 0.17122234 0.0247122 0.04727878 0.17180394 0.04402833 0.0246118 0.1685255 0.04725942 0.01559545 0.16693643 0.04874618 0.00606023 0.16537024 0.04539757 0.0246569 0.16725136 0.04072714 -0.02796624 0.15865874 0.04334837 -0.01983937 0.161744 0.04581366 -0.01918009 0.15983431 0.04655708 -0.0117872 0.16279627 0.04904409 -0.00953493 0.1612924 0.04839049 -0.00341222 0.16397381 0.00906026 -0.04642853 0.15831503 0.01813153 -0.0438487 0.15847565 0.00402894 -0.04873528 0.15635875 0.00976473 -0.04810549 0.1562393 0.01747395 -0.04617788 0.15608405 0.0235606 -0.0433231 0.1564786 0.04590328 0.02688522 0.16579533 0.04529816 0.0052155 0.16759728 0.03599605 -0.03879725 0.1517356 0.03872732 -0.03596094 0.15208346 0.03876292 -0.03607024 0.15213598 -0.03810736 0.03758204 0.16895293 -0.0495486 0.01932183 0.16374427 -0.03852399 -0.03684291 0.15243587 -0.03699115 -0.03846148 0.15221915 0.0382558 0.03733298 0.1688748 0.0255873 -0.04642649 0.15074044 0.03118325 -0.04285692 0.15119606 0.03690249 -0.03850905 0.15198988 0.03831016 -0.03722297 0.15217364 0.03794824 -0.03774374 0.15222028 -0.00231161 0.05473471 0.1751307 -0.01984268 0.05107199 0.17392716 -0.01636759 0.05227347 0.17431626 -0.01213055 0.05343181 0.17469794 -0.0067946 0.05437016 0.17500907 -0.03581462 0.04144629 0.17092521 -0.03239847 0.0441594 0.17174953 -0.02954945 0.04613809 0.17236048 -0.02315499 0.04966886 0.17347316 -0.03970996 0.03771285 0.16981305 -0.04318421 0.03369588 0.16864589 -0.04621378 0.029387 0.16743197 -0.04884439 0.02476552 0.16616799 -0.0502842 0.02163586 0.16533992 -0.05161528 0.01822423 0.16445717 -0.05264003 0.01505555 0.16365752 -0.05383303 0.00990088 0.16240086 -0.05453535 0.00461724 0.16116291 -0.0547212 -0.00067524 0.15997599 -0.05439373 -0.00597253 0.15884139 -0.05379204 -0.00993024 0.15803029 -0.05293008 -0.01385882 0.15725163 -0.05132708 -0.01893813 0.15629168 -0.04922382 -0.02386841 0.15540779 -0.04662612 -0.02860571 0.15460463 -0.04356101 -0.0330809 0.15388641 -0.04006667 -0.03723069 0.15325776 -0.0379613 -0.03772683 0.1524432 -0.03406321 -0.04278877 0.15246698 -0.03710899 -0.0401531 0.15283488 -0.0296384 -0.04596214 0.15204351 -0.0249154 -0.04868193 0.15169455 -0.02072935 -0.05059174 0.15145478 -0.01743663 -0.05183527 0.1513031 -0.01173393 -0.05341897 0.15110423 -0.00195466 -0.05465928 0.15092498 0.03803004 -0.03930308 0.15273325 0.01475927 0.05276706 0.17450912 0.00948503 0.05396649 0.17489392 0.04171105 -0.03538069 0.15331446 0.04500566 -0.03108846 0.15399088 0.04712889 -0.02773771 0.15455043 0.04908841 -0.02414477 0.15517388 0.05122908 -0.01920074 0.1560791 0.05287001 -0.01408294 0.15706821 0.05399857 -0.00884442 0.15813494 0.05460871 -0.00353381 0.15926987 0.05469875 0.00179813 0.16046312 0.0542744 0.0070687 0.16169472 0.05334318 0.01228303 0.16296361 0.05199361 0.01715324 0.16419379 0.05008012 0.02214154 0.16549945 0.04771446 0.02687808 0.16678144 0.04478278 0.03151273 0.16807681 0.04207563 0.03503546 0.16908613 0.03725591 0.04013655 0.17058916 0.03756114 0.0381022 0.16913651 0.03390559 0.04302828 0.17146374 0.02958361 0.04611609 0.17241216 0.02482062 0.04883876 0.17326234 0.01993527 0.05103121 0.17395617 0.00507492 0.05454465 0.17507847 0.03400096 -0.04283806 0.15224336 0.02958385 -0.04599638 0.15183377 0.02488366 -0.04869756 0.15150727 0.01994975 -0.05092124 0.15125616 0.01666569 -0.05207048 0.15113521 0.0121622 -0.05331358 0.15101638 0.00769159 -0.05412557 0.1509487 0.00412971 -0.0545333 0.15091215 -0.02678051 0.04786441 0.17285694 -0.00683507 -0.05429 0.15097083 0.00145349 0.05481321 0.17513715 0.03978532 0.03768672 0.16983941 -0.05516462 -0.0209727 0.14029478 -0.05333344 -0.02514074 0.1413732 -0.05632638 -0.0175047 0.14302397 -0.05431418 0.02162018 0.15716298 -0.05442071 0.02319644 0.15322463 -0.05653896 0.01717063 0.1518984 -0.04719166 0.03458907 0.16081527 -0.04552265 0.03785871 0.15739433 -0.04990618 0.03190659 0.15555486 -0.05244908 0.02739972 0.15434007 -0.05238175 0.02595211 0.15842424 -0.0412448 0.04245758 0.15865563 -0.0432193 0.03945603 0.16221476 -0.03890078 0.04388079 0.1631214 -0.03753537 0.0457781 0.15924463 -0.03378719 0.04811411 0.16346039 -0.03316659 0.04911975 0.15924641 -0.02929671 0.05101343 0.16424131 -0.02710207 0.05259475 0.16097204 -0.02396124 0.05377437 0.16489698 -0.02061695 0.05542878 0.16133258 -0.01846557 0.0559504 0.16528751 -0.01297139 0.05750397 0.16552718 -0.00744118 0.05863979 0.16054231 -0.00736755 0.05845213 0.16665985 -0.0009542 0.05899373 0.16567039 -0.00090122 0.05638177 0.17335084 -0.00603409 0.05604917 0.17325398 -0.01221475 0.05444898 0.17363919 -0.01828632 0.05256334 0.17319636 -0.00665888 0.05757988 0.17029068 -0.0012859 0.05847734 0.16887315 -0.0124192 0.05711009 0.16850352 -0.03700973 0.04430569 0.16619855 -0.03298413 0.04791507 0.1661644 -0.04056203 0.04042026 0.16617142 -0.04416949 0.03622999 0.16518192 -0.04735502 0.03171674 0.16412477 -0.04995991 0.03030032 0.15979761 -0.05009639 0.02691478 0.163011 -0.05236759 0.0218748 0.16185407 -0.054152 0.01663402 0.16066527 -0.05606109 0.01601711 0.15610933 -0.05542916 0.011307 0.15945289 -0.05732191 0.01050332 0.15471086 -0.05620848 0.00585258 0.15821937 -0.05804961 0.00489059 0.15329924 -0.05647729 0.00031776 0.15697059 -0.05823755 -0.00076547 0.1518885 -0.0562165 -0.0052272 0.15574434 -0.05781678 -0.00758602 0.15000486 -0.05542703 -0.01073058 0.15454942 -0.0566795 -0.01348267 0.1487895 -0.05410946 -0.01615264 0.15339285 -0.05510271 -0.01896598 0.14746255 -0.05227265 -0.02142764 0.152294 -0.05300302 -0.02427549 0.14618693 -0.04992696 -0.02651612 0.15125373 -0.0503865 -0.0293802 0.14497186 -0.04709111 -0.03136545 0.15027818 -0.04728344 -0.03421038 0.14382882 -0.04378177 -0.03593036 0.14937522 -0.04370471 -0.03873672 0.14276625 -0.04037162 -0.04122954 0.14528164 -0.02112004 -0.05344549 0.14424928 -0.0265232 -0.05145426 0.14307727 -0.02003708 -0.05506459 0.13896453 -0.01580956 -0.05578049 0.14214931 -0.01006217 -0.05665419 0.14358287 -0.00872256 -0.0579865 0.13827604 -0.00439203 -0.0578489 0.14170381 0.00228673 -0.05753476 0.14332187 0.00231862 -0.05833894 0.13958228 -0.01788832 0.05558636 0.16811328 -0.02316976 0.05353052 0.16758892 -0.02822139 0.05096157 0.16693586 -0.03879234 -0.04400567 0.13975583 -0.0361139 -0.04508774 0.14444718 -0.03427085 -0.04765343 0.13883598 -0.03148802 -0.04850632 0.14371046 -0.02886487 -0.05139065 0.13609685 -0.02417082 -0.0537573 0.13554031 -0.01388942 -0.05729441 0.13488485 3.422E-05 -0.05896303 0.13455749 -0.05789113 0.01152373 0.1508072 -0.05849204 0.00775379 0.14964388 -0.05893389 0.00248807 0.1487115 -0.05880517 -0.00427196 0.14680368 -0.05788649 -0.01128919 0.14492702 -0.05019898 -0.03097016 0.13929828 -0.04602829 -0.03692081 0.13775326 -0.04111763 -0.04229959 0.13620602 -0.03667139 -0.04618752 0.13557145 -0.03215938 -0.04945755 0.13447608 -0.01897475 -0.05586981 0.13280585 -0.01032431 -0.05808711 0.13255525 -0.00464081 -0.05882613 0.13217932 -0.01175993 0.05596603 0.17161247 -0.01695051 0.05452801 0.17127582 -0.02197114 0.05258581 0.17082265 -0.0267812 0.0501564 0.17025818 -0.03132711 0.04727088 0.16959134 -0.03557594 0.04395185 0.16883008 -0.03984763 0.03927569 0.16845503 -0.00124018 0.05761219 0.17116082 -0.03763732 -0.04158311 0.14993197 -0.02866901 -0.04837274 0.14865667 -0.01848778 -0.05322929 0.14775231 -0.0099747 -0.05543473 0.14736834 -0.00428945 -0.05618808 0.14718431 0.00227476 -0.05633073 0.14710627 0.01173355 -0.05508826 0.14746621 0.02252451 -0.05149239 0.14812264 0.03230645 -0.04580443 0.14917943 0.03912855 -0.04089941 0.1484174 0.04261851 -0.03600782 0.15104251 0.04660851 -0.03190174 0.15018547 0.04952583 -0.02706486 0.15115367 0.0519538 -0.02197364 0.1521914 0.05386698 -0.01669163 0.15329123 0.05525856 -0.01125829 0.15444465 0.05611649 -0.00573698 0.15564148 0.05644066 -0.00016567 0.15687227 0.0562312 0.00539207 0.15812244 0.05550759 0.01086421 0.15935691 0.02627666 0.04950897 0.17162792 0.02153419 0.05187152 0.17222111 0.01659488 0.05375455 0.17269515 0.01005191 0.05501421 0.17366892 0.00401402 0.05572686 0.17395827 0.00537517 0.0569671 0.17200255 0.00426091 0.05829929 0.16897458 0.00439636 0.05880402 0.16595471 0.00727452 0.05865914 0.16054963 0.00873443 0.05830384 0.16568445 0.0160365 0.05680851 0.16290529 0.01866798 0.05583354 0.16603264 0.02299503 0.05440361 0.16182792 0.02376618 0.05379907 0.16566087 0.02706017 0.05233493 0.16410913 0.02696021 0.05255478 0.16124739 0.03194385 0.04949917 0.16324101 0.03086775 0.0503681 0.16077496 0.03537554 0.04731019 0.1599561 0.03645213 0.04621865 0.16250812 0.04016333 0.04305258 0.16148703 0.03999326 0.04354601 0.15871932 0.04321034 0.04009303 0.15971321 0.0458985 0.03717361 0.15713175 0.04588284 0.03687272 0.15974258 0.04926668 0.03218972 0.15841377 0.05134887 0.0292487 0.15463983 0.05160433 0.02813913 0.15752155 0.05403735 0.02323641 0.15588862 0.05384438 0.02442715 0.15324165 0.05668721 0.0160943 0.15301655 0.05551167 0.02020699 0.15214045 0.05894769 0.00224678 0.1485173 0.05867297 0.00636643 0.1482411 0.05818859 0.00975338 0.15051296 0.00551171 -0.05867734 0.13483885 0.00910365 -0.05829406 0.13243081 0.01290805 -0.05751985 0.13487718 0.03223451 -0.0493402 0.13665155 0.03605392 -0.04668711 0.13524178 0.03903602 -0.04345451 0.14162976 0.04025175 -0.04309769 0.13634884 0.04229257 -0.04056212 0.14069846 0.04406105 -0.03924786 0.136916 0.04679155 -0.03483241 0.14365232 0.04898737 -0.03288549 0.13893127 0.0499767 -0.03001853 0.14479673 0.05262177 -0.02662243 0.14058645 0.05267214 -0.02492336 0.146017 0.05549184 -0.02003021 0.14242384 0.05484807 -0.01961531 0.14730132 0.05649726 -0.01412794 0.14863952 0.05749488 -0.01309688 0.1443174 0.05760382 -0.00852907 0.15001844 0.05848595 -0.00745398 0.14597832 0.05816557 -0.00285227 0.15142755 0.05888801 -0.00236846 0.14759506 0.05817832 0.00283551 0.15285259 0.05764422 0.00850228 0.15428282 0.0090438 -0.05725721 0.14188804 0.01475919 -0.05601702 0.14214438 0.01779482 -0.05619574 0.13502909 0.02029315 -0.05420577 0.14252566 0.02327435 -0.05417105 0.13525601 0.02560524 -0.05184375 0.14302498 0.02824418 -0.05172265 0.13607967 0.03064737 -0.04895748 0.14363845 0.03535491 -0.04559078 0.14435859 0.04362398 -0.03756079 0.14609247 0.01262653 0.05757409 0.16575372 0.0549601 0.01954377 0.15710211 0.05656954 0.0140821 0.15570301 0.00852342 0.05783357 0.16872813 0.01271824 0.05705289 0.16853063 0.0288338 0.05088298 0.1660931 0.03329879 0.04772416 0.16616689 0.03772836 0.04418693 0.16527617 0.04177913 0.0402432 0.16428745 0.04542497 0.03592366 0.16321057 0.04862728 0.0312813 0.1620605 0.0517779 0.02619851 0.15986823 0.01777471 0.05507261 0.16969772 0.02294236 0.0530385 0.16920145 0.02788644 0.05049857 0.1685849 0.05031732 0.02655201 0.16292711 0.05254719 0.02147465 0.16176558 0.05428438 0.0161971 0.16057345 0.01205186 0.05591811 0.17161797 0.03164448 0.04710571 0.16956064 0.03588554 0.04375027 0.16878976 0.03976709 0.04002395 0.16792402 0.04331863 0.03592306 0.16693212 0.04647478 0.03149328 0.16585878 0.05898488 -0.00140163 0.13633151 0.05867504 -0.00567034 0.1345447 0.05824235 -0.00909875 0.13316256 0.0575454 -0.01300069 0.13166025 0.05648694 -0.01683082 0.13004602 0.05555004 -0.01981288 0.12891491 0.05450133 -0.02244164 0.12778537 0.05332751 -0.02518388 0.12674773 0.05202529 -0.02769414 0.12566806 0.05063997 -0.03021383 0.12471865 0.04909423 -0.03261557 0.12368974 0.04737511 -0.03511247 0.12274612 0.0456672 -0.03726044 0.12181683 0.04325643 -0.04002421 0.12069984 0.04070105 -0.04273272 0.11976808 0.03617667 -0.0465959 0.11813937 0.03276662 -0.04897288 0.11709161 0.0298351 -0.05081416 0.11635177 0.02644441 -0.05272951 0.11567023 0.02278444 -0.05434644 0.11493278 0.01983992 -0.0555232 0.11452882 0.01740419 -0.05629085 0.11414447 0.01433589 -0.05719855 0.11386286 0.01167989 -0.05775211 0.11355637 0.00870928 -0.05832083 0.11341153 0.00583603 -0.05862795 0.1132023 0.00297783 -0.05888514 0.11317532 -0.00139916 -0.058991 0.1132111 -0.00572854 -0.05868882 0.11326422 -0.01024347 -0.05810572 0.1135551 -0.01569916 -0.05687737 0.11404693 -0.0198205 -0.0555384 0.1145331 -0.02407559 -0.05386732 0.11526105 -0.02899958 -0.05138919 0.11625805 -0.03275536 -0.04903805 0.11715031 -0.03646007 -0.04639117 0.11826989 -0.04064173 -0.04277714 0.11971851 -0.04369535 -0.03960668 0.12094733 -0.04664511 -0.03613359 0.12239322 -0.04900908 -0.03280189 0.12368053 -0.05048509 -0.03040927 0.12457412 -0.0525857 -0.0267486 0.12613684 -0.055047 -0.02124918 0.12837656 -0.05629576 -0.01746411 0.12979037 -0.05753337 -0.0130628 0.13164152 -0.0585663 -0.00716117 0.1340379 -0.05885856 -0.0032981 0.13550104 -0.05894709 0.00097528 0.13721852 0.05888463 0.00231308 0.13775298 0.05720376 0.01482795 0.14826562 0.04538973 0.03806578 0.1570328 0.04926806 0.0328757 0.1554613 0.01432643 0.05748857 0.16006036 0.01190026 0.05797874 0.1602072 0.00360321 0.05890075 0.16058716 0.03911288 0.0451355 0.15517473 0.04395866 0.04043992 0.15325242 0.04255238 0.04188485 0.15371984 0.04747992 0.03617769 0.15142673 0.04591188 0.03816288 0.15223016 0.05000237 0.03252338 0.14995359 0.0527092 0.02768232 0.14801334 0.05433755 0.02395049 0.14648953 0.05556289 0.02057595 0.1451284 0.05635954 0.01808376 0.14416276 0.03580581 0.0477221 0.15619414 0.0332127 0.04952274 0.15694523 0.03054597 0.05115527 0.15750359 0.02021593 0.05582924 0.15938467 0.01727674 0.05673916 0.15972456 0.05834679 0.00801929 0.14007618 0.05750844 0.01335246 0.14235836 -0.00223271 0.05896143 0.16060412 0.02263368 0.05494888 0.15899518 0.02548254 0.05375763 0.15856522 0.02786056 0.0526099 0.15805276 -0.01158628 0.05803266 0.16023721 -0.0145674 0.05743029 0.16001637 -0.01750384 0.05666959 0.15968321 -0.05889399 0.00290295 0.13812059 -0.05665943 0.01719256 0.14393854 -0.05555737 0.02059083 0.14513417 -0.05462177 0.02332241 0.14633809 -0.04291448 0.04155211 0.15371813 -0.04375881 0.0406349 0.15322052 -0.04601757 0.03804406 0.15220803 -0.04042009 0.0439495 0.15460956 -0.03817948 0.04587097 0.15533903 -0.03478833 0.0484807 0.15653959 -0.02013919 0.05586635 0.15943104 -0.0229157 0.05483625 0.15895149 -0.02538644 0.05380711 0.15859745 -0.02812017 0.05247708 0.15800393 -0.03071988 0.05107027 0.15750711 -0.05367244 0.02557199 0.14714508 -0.04759074 0.03602212 0.15135011 -0.04934233 0.03350184 0.15033394 -0.05087484 0.03107952 0.14940763 -0.05219802 0.02862967 0.1483701 -0.05783891 0.01160375 0.14160734 -0.05834754 0.00791628 0.14002378 -0.00943321 -0.05808386 0.11338194 -0.02327466 -0.0540509 0.11500822 -0.03572361 -0.04677451 0.11794227 -0.046034 -0.03668823 0.12200952 -0.05358408 -0.0243986 0.12696567 -0.05791964 -0.01064546 0.13251202 0.03842265 -0.04458274 0.11883003 -0.00125475 -0.05881897 0.11308107 -0.01576977 -0.05667678 0.11394937 -0.02908359 -0.05114489 0.11618026 -0.04065317 -0.04254412 0.11964843 0.05775753 0.01167293 0.14152934 0.03397732 0.04897602 0.15656668 0.03878588 0.04533721 0.15510419 -0.05701808 0.01526525 0.1429738 -0.03451936 0.04862066 0.15643425 -0.01545978 0.05545941 0.15915217 0.0056942 0.0568438 0.15965712 -0.00401308 0.05698093 0.15973888 -0.04875522 0.03106864 0.14927207 -0.05115149 0.02688449 0.14760606 0.0101302 0.05634162 0.15944242 0.02201688 0.05332671 0.15828428 -0.02784861 0.05064145 0.15720366 -0.04542203 0.03601678 0.15130435 0.02873299 0.05015388 0.15700918 -0.03338668 0.04728298 0.15584983 -0.04071629 0.04129579 0.15342599 0.03769263 0.04398162 0.15451176 0.05647141 0.0096076 0.14065155 0.05504157 0.01636197 0.14337108 0.05285859 0.02307989 0.1460752 0.0493933 0.03032396 0.14901277 0.0439475 0.03800467 0.1521152 0.024741 -0.05200792 0.11580968 0.0371305 -0.04398552 0.11903667 0.05651024 -0.01006158 0.13272285 0.04469731 -0.03610319 0.12220471 0.05119724 -0.02603189 0.12627593 0.05455262 -0.01823255 0.12944132 0.05732643 0.00134012 0.13732298 -0.05325364 0.02206696 0.14567123 -0.04863967 -0.03090208 0.12433086 -0.04247402 -0.03867087 0.12116501 -0.03300646 -0.04702001 0.11780001 -0.02825167 -0.05002324 0.11658353 -0.02322979 -0.05255133 0.11556302 -0.01798792 -0.05457401 0.11474657 -0.01257093 -0.05607446 0.11414093 -0.0068407 -0.05705175 0.11374369 -0.00093004 -0.05742352 0.11357364 0.00914316 -0.05678261 0.11386034 0.01727048 -0.05480336 0.11464773 -0.03744042 -0.04355974 0.11919661 -0.05481245 0.01708494 0.14364906 -0.0566163 0.00790994 0.13994588 -0.05730807 0.00133189 0.13731451 -0.05415332 -0.01896922 0.12912011 -0.05593378 0.01221788 0.14168485 -0.05707228 -0.00732716 0.1338395 -0.05535713 -0.0149455 0.13073257 0.05697528 -0.00533981 0.13456433 0.01389466 -0.05546842 0.11417744 0.01784298 -0.05418475 0.11444364 0.02332469 -0.05227907 0.11551975 0.02192539 -0.05264093 0.1150526 0.03155867 -0.0477723 0.11739904 0.035034 -0.04502347 0.11816864 0.03747851 -0.04323088 0.11916129 0.00133593 -0.05702341 0.11324386 0.00282731 -0.05711443 0.11351077 0.03046963 -0.04819782 0.11673658 0.02813775 -0.04980408 0.1164811 0.02564899 -0.05092384 0.11563475 0.01199343 -0.05578193 0.11382915 0.00700691 -0.05657841 0.11329487 0.00702792 -0.05679486 0.1136712 0.0392749 -0.04133315 0.11952791 0.04136275 -0.03949478 0.12065528 0.04959491 -0.0282067 0.12503886 0.04836269 -0.03077592 0.1243023 0.04663712 -0.03285404 0.12312452 0.05518414 -0.01540064 0.13051276 0.05336099 -0.02077426 0.12831977 0.05318454 -0.02061298 0.12806109 0.04325553 -0.03719226 0.12137838 0.0545865 -0.01647731 0.12974712 0.05564602 -0.01257796 0.13138011 0.05698653 -0.00277289 0.13543668 0.05659635 -0.00720995 0.13356817 0.05154532 -0.02443359 0.12659045 0.05701857 0.00141783 0.13705036 -0.00414012 -0.0568923 0.11333305 -0.00971673 -0.0562109 0.11361353 -0.01382043 -0.0553406 0.11400999 -0.01781304 -0.05419882 0.11445564 -0.02183709 -0.05267375 0.11503787 -0.02562914 -0.05097016 0.11576898 -0.03045179 -0.04823937 0.11687255 -0.0339737 -0.04580097 0.11786327 -0.03722353 -0.04323388 0.11891496 -0.04124952 -0.03939828 0.12044658 -0.04407386 -0.03617328 0.12174208 -0.04659742 -0.03289774 0.12308715 -0.0467949 -0.03312056 0.12335557 -0.04957441 -0.02820509 0.12498784 -0.04980255 -0.02837747 0.1252715 -0.05153363 -0.02439306 0.12652613 -0.05231955 -0.02343653 0.12728226 -0.05320712 -0.02056102 0.12810467 -0.05494745 -0.0152959 0.13023537 -0.05618985 -0.00979334 0.13247091 -0.05641334 -0.00994211 0.13271782 -0.05687791 -0.00425335 0.13472292 -0.05710352 -0.00438008 0.13496433 -0.05701667 0.0014356 0.13704835 -0.01255152 0.05586603 0.1590741 -0.01830266 0.0543972 0.15846865 -0.02271291 0.05283298 0.15796965 -0.0261001 0.05132484 0.15727626 -0.03095581 0.04866099 0.15620311 -0.03569236 0.04539882 0.15492225 -0.00715155 0.0566897 0.15949656 -0.03973694 0.0419395 0.15347178 -0.05550787 0.0130751 0.14163911 -0.05636697 0.00799214 0.13959977 -0.05398176 0.01917554 0.14417318 -0.04343076 0.03811492 0.15190229 -0.04674669 0.03390248 0.15020935 -0.04974136 0.02912822 0.14820801 -0.05202048 0.02449917 0.14635234 0.00146214 0.05703606 0.15971555 0.03978217 0.0419041 0.15346721 0.03524426 0.04575622 0.15509649 0.05308204 0.02192269 0.14542258 0.05101141 0.0267731 0.14739083 0.04900451 0.03043079 0.14887524 0.04690086 0.03368202 0.15010889 0.04361323 0.0379202 0.1518887 0.0564216 0.00779768 0.13967238 0.05431843 0.01807889 0.1438674 0.05558234 0.01285659 0.14174043 0.02107063 0.05347852 0.15816616 0.01562989 0.05518699 0.15890609 0.02611778 0.05131566 0.15727164 0.0309145 0.04868653 0.15621164 -0.00417556 -0.00292419 0.15000001 0.00131861 -0.00484566 0.15000001 -0.0013177 -0.00491676 0.15000001 0.00327901 -0.00383724 0.15000001 0.00488695 -0.00139102 0.14999999 0.0048355 0.00138376 0.15000005 0.00343341 0.00374528 0.14999992 0.00038451 0.00506086 0.14999996 -0.00207461 0.00456397 0.14999995 -0.00417942 0.0029053 0.15000001 -0.0050499 4.56E-05 0.15000002 0.01146979 -0.05593904 0.11121514 0.02043763 -0.05321702 0.11231335 0.02930273 -0.04900268 0.11401325 0.03814296 -0.04242826 0.11666508 0.04570765 -0.03421814 0.11997725 0.05149074 -0.02458039 0.1238641 0.05427461 -0.01747076 0.12673189 0.05637686 -0.00881485 0.13022368 0.05701094 0.00098452 0.13417599 0.00048782 -0.05705492 0.11076516 -0.01002343 -0.05618253 0.1111192 -0.01978566 -0.05347021 0.11221094 -0.02686174 -0.05033201 0.11347701 -0.0355344 -0.04466301 0.11576563 -0.04275101 -0.03772159 0.11856332 -0.04750615 -0.0315816 0.12104023 -0.05241393 -0.02258444 0.12467097 -0.05547119 -0.01318046 0.12846237 -0.05697824 0.00275795 0.13489148 -0.05672796 -0.00599718 0.13135993 -0.0556273 0.01265714 0.13888437 -0.05328488 0.02140785 0.14241429 -0.05010419 0.02848509 0.14526901 -0.04676842 0.03387326 0.14744201 -0.04252078 0.03912321 0.14955968 -0.03638316 0.04489842 0.15188938 -0.02959334 0.04946558 0.15373155 -0.02360136 0.05245596 0.15493824 -0.01586725 0.05516477 0.15603052 -0.00526619 0.05691119 0.15673383 0.00558592 0.05681864 0.15669732 0.01237283 0.05590869 0.15633057 0.03346155 0.04701228 0.152742 0.04018301 0.04157602 0.15054928 0.0188656 0.05422746 0.15565234 0.02635588 0.05124594 0.15444975 0.04539247 0.03572451 0.14818896 0.0491037 0.03024631 0.14597915 0.05270357 0.02296666 0.14304286 0.05592074 0.01147926 0.13840926 0.00132724 0.00485409 0.13573708 -0.00084996 0.00497751 0.13578685 -0.00505109 -0.00013786 0.13372351 -0.0043429 -0.00254998 0.13275057 0.00134475 -0.00483148 0.13183028 -0.00047239 -0.00501542 0.1317561 0.0050582 0.00040022 0.13394055 -0.0031327 0.00395831 0.13537577 0.00312996 -0.00396097 0.13218144 0.00370812 0.00348382 0.13518436 -0.00269043 -0.00427281 0.13205563 -0.0045666 0.00212688 0.13463704 0.0045671 -0.00212581 0.13292167 -0.03742591 0.03818287 0.15635774 -0.03662251 0.03855239 0.1562584 -0.0339725 0.03325444 0.15633997 -0.03494608 0.032811 0.1563063 -0.03785354 0.03360347 0.15633757 -0.03696799 0.03298607 0.15631108 -0.0336162 0.03785754 0.15631086 -0.03272333 0.03571323 0.15630238 -0.03859518 0.0349454 0.1562756 -0.03545131 -0.03272006 0.1453156 -0.03444841 -0.03298457 0.14531848 -0.03357544 -0.03360115 0.14530478 -0.03326007 -0.03743531 0.14530136 -0.03448711 -0.03845005 0.14531326 -0.03647609 -0.0386076 0.14530428 -0.03764581 -0.03801941 0.14530097 -0.03816267 -0.03398622 0.14530729 -0.03743463 -0.03325854 0.14530249 -0.03864599 -0.03622009 0.14528789 0.0354784 0.03870969 0.15635245 0.03843365 0.03444427 0.15632509 0.03785974 0.03361829 0.15631114 0.03361189 0.0335644 0.15631108 0.03834404 0.03716087 0.15628262 0.03324377 -0.03401018 0.14529464 0.03600915 -0.03272923 0.14529569 0.03818796 -0.03402612 0.14529756 0.03868939 -0.03599285 0.14529446 0.03780773 -0.03784493 0.14528972 0.03543129 -0.0386887 0.14529277 0.0336052 -0.03783808 0.14528839 0.03269817 -0.03571577 0.14528239 0.00035947 0.05 0.10100427 -0.00488389 0.05 0.09455976 -0.00478062 0.05 0.09762157 -0.00315886 0.05 0.09206231 -0.00122306 0.05 0.09113421 0.000986 0.05 0.09104909 0.00332938 0.05 0.09220539 0.0049497 0.05 0.09480537 0.00470449 0.05 0.09783074 0.00281549 0.05 0.10024261 -0.00360239 0.05 0.09949209 -0.00183077 0.05 0.10070448 -0.0025 0.07 0.10033013 -0.02845388 0.0700002 0.14781207 -0.0017101 0.07 0.10069847 -0.01889592 0.07 0.15189226 -0.00086824 0.07 0.10092404 -0.005 0.07 0.096 -0.05890501 0.06999952 0.09956366 -0.00492404 0.07 0.09686825 -0.05791357 0.06999896 0.10730176 -0.00469846 0.07 0.0977101 0.0025 0.07 0.10033013 0.03439579 0.07 0.14393672 0.00321394 0.07 0.09983023 0.039824 0.07 0.13953218 0.00383022 0.07 0.09921394 0.00086824 0.07 0.10092404 0.01555164 0.07 0.15291351 0.0017101 0.07 0.10069847 0.02217383 0.07 0.15067469 0.02848474 0.07 0.14766838 -0.01215274 0.07 0.15373483 -0.00197318 0.0699996 0.15504961 -0 0.07 0.10100001 0.00871115 0.07 0.15435337 -0.05630397 0.06999854 0.11361791 -0.05399359 0.07 0.11978428 -0.00433013 0.07 0.0985 -0.05080157 0.07 0.12600334 -0.00383022 0.07 0.09921394 -0.0017101 0.07 0.09130155 -0.02537385 0.07 0.04273493 -0.0025 0.07 0.09166989 -0.03149558 0.07 0.04610984 -0.00321394 0.07 0.09216978 -0 0.07 0.09100001 -0.00523896 0.07 0.03723306 -0.00086824 0.07 0.09107597 -0.01215274 0.07 0.03826517 -0.01889592 0.07 0.04010775 -0.04689641 0.07 0.13180122 -0.03977653 0.07000013 0.13972436 -0.00321394 0.07 0.09983023 -0.00492404 0.07 0.09513177 -0.05891196 0.06999915 0.09246619 -0.059 0.07 0.096 -0.00433013 0.07 0.0935 -0.05414561 0.06999855 0.07256873 -0.00469846 0.07 0.0942899 -0.05613017 0.06999511 0.07775671 -0.05806961 0.07 0.08556348 -0.03717518 0.07 0.0501851 -0.04233293 0.07 0.05490349 -0.00383022 0.07 0.09278606 -0.04689641 0.07 0.0601988 -0.05080157 0.07 0.06599666 0.0017101 0.07 0.09130155 0.01555164 0.07 0.03908651 0.00086824 0.07 0.09107597 0.00871115 0.07 0.03764663 0.00174837 0.07 0.03702591 0.00321394 0.07 0.09216978 0.03439579 0.07 0.04806328 0.0025 0.07 0.09166989 0.02848474 0.07 0.04433164 0.02217383 0.07 0.04132532 0.00433013 0.07 0.0935 0.04893494 0.07 0.06303984 0.00383022 0.07 0.09278606 0.04264785 0.06999913 0.05511067 0.04469317 0.07 0.13451652 0.04906467 0.06999779 0.12871476 0.00433013 0.07 0.0985 0.05248977 0.07 0.12294114 0.00469846 0.07 0.0977101 0.00492404 0.07 0.09513177 0.05822351 0.06999888 0.08598645 0.00469846 0.07 0.0942899 0.05565903 0.06999785 0.07635531 0.05262827 0.06999952 0.06934433 0.05530776 0.07 0.1165439 0.05705014 0.06999731 0.11106224 0.00492404 0.07 0.09686825 0.058604 0.06999958 0.10293406 0.005 0.07 0.096 0.059 0.07 0.096 -0 0.05925533 0.15848298 -3E-08 0.0591229 0.15891497 0.00438133 0.05909044 0.15881647 0.00704161 0.06282464 0.15464452 0.01032536 0.06177665 0.15444662 0.01405312 0.06279447 0.15339702 0.05809569 0.02911613 0.10698251 0.05729651 0.03257342 0.11256948 0.05794406 0.01965979 0.11176969 0.05784463 0.01201945 0.14141344 0.05620862 0.01910519 0.13709758 0.05546841 0.02109353 0.14506955 0.00992849 0.05882885 0.15804501 0.00582049 0.05885024 0.16025403 0.01366102 0.05781155 0.1598579 -0 0.05907112 0.15921788 3E-08 0.05900276 0.16030556 0.01287646 0.06126276 0.15408614 0.01800497 0.0613224 0.15252952 0.00269734 0.06229696 0.15518467 8.9E-07 0.06324961 0.15508099 0.0040362 0.06117189 0.1557163 -0 0.06225975 0.15529723 -0 0.06262675 0.15517204 -4.4E-07 0.06299697 0.15510888 0.0232836 0.05888623 0.15157707 0.01785346 0.060106 0.15321478 0.0084544 0.06031509 0.15579486 1E-08 0.06178921 0.15550849 2.3E-07 0.06120238 0.15590979 0.01261785 0.05958626 0.1556031 0.01526968 0.05808013 0.15720792 0.01794152 0.05908763 0.15411331 0.02088793 0.05783285 0.15416881 0.0259663 0.0552819 0.15424049 0.02587588 0.05716846 0.15160415 0.02074824 0.05672495 0.15632662 0.00438223 0.05990313 0.15694971 0 0.05947145 0.15793115 0.05569208 0.02683398 0.1252884 0.05713639 0.02195028 0.11799309 0.05610587 0.03386783 0.11861143 0.05515343 0.03103694 0.12479641 0.05445358 0.03880313 0.12303832 0.05337108 0.03513693 0.12922253 0.05144398 0.03946487 0.13180375 0.05055431 0.04406586 0.13080442 0.04766059 0.04309309 0.13802896 0.0460377 0.04630949 0.13829774 0.04335539 0.04977276 0.13988042 0.04043662 0.04933345 0.14472534 0.03955594 0.05208664 0.14320713 0.03529466 0.05356985 0.1468171 0.05666441 0.01846152 0.1278479 0.05825102 0.01227363 0.1152513 0.05343677 0.03070619 0.13391361 0.05079269 0.03552794 0.13861077 0.04988354 0.03870698 0.13712391 0.04698183 0.04087166 0.14246196 0.043444 0.04503473 0.14469096 0.03961236 0.04809579 0.14757389 0.03542447 0.05139431 0.14930524 0.030706 0.05318821 0.15263095 0.03068966 0.05555506 0.14941444 0.05777103 0.01127701 0.13246492 0.05528499 0.02384021 0.13289243 0.05866572 0.00535593 0.1305763 0.05899325 0.00179134 0.13730179 0.05870957 0.00610609 0.12140799 0.05330638 0.02842049 0.13989043 0.05028277 0.03407953 0.14360897 0.04725212 0.03834708 0.14643015 0.0437459 0.0422749 0.14902993 0.03974976 0.04623702 0.15061428 0.03555322 0.04932071 0.15266897 0.05334144 0.02653024 0.14726438 0.05063396 0.03169414 0.14934899 0.04737993 0.03654051 0.15130435 0.04367873 0.04095496 0.15308516 0.03986907 0.044628 0.1545586 0.03590789 0.04786312 0.1558685 0.03097769 0.05109357 0.15716203 0.02019808 0.05601998 0.15914699 0.02548801 0.05394186 0.15831317 -6E-08 0.06028847 0.15668862 0.0579503 0.06230868 0.10715181 0.05631715 0.05311817 0.11384735 0.05836453 0.042392 0.10385019 0.05887971 0.06166935 0.10007194 0.05775657 0.04628743 0.10818972 0.04931659 0.05754771 0.12860727 0.04481249 0.05751405 0.13466167 0.02064306 0.06248088 0.15133552 0.02332685 0.06074904 0.15056364 0.02725852 0.06208212 0.14841983 0.02808922 0.06019264 0.14825283 0.03299576 0.06157672 0.14498028 0.03194825 0.05952026 0.14602715 0.03725647 0.06027992 0.14185509 0.03990845 0.06109476 0.13951389 0.04059031 0.05767736 0.13930771 0.04339764 0.06027523 0.13605791 0.04939521 0.05293876 0.12917915 0.05270946 0.05921122 0.12257126 0.05263975 0.05304847 0.12320259 0.0547932 0.0537025 0.11811103 0.0562216 0.04031219 0.11599573 0.05555701 0.04515462 0.11724506 0.05354385 0.04491156 0.1231195 0.0512867 0.04842254 0.12711282 0.04608739 0.05392511 0.13390371 0.04153249 0.05408857 0.13955183 0.0374881 0.0556335 0.14307629 0.03354134 0.05733475 0.14566368 0.02837739 0.05816875 0.14901072 -0 0.06059973 0.15637642 0.04518456 0.05048267 0.13668053 0.04843187 0.04825592 0.13261923 -0.00491855 0.05915227 0.15845007 -0.00706293 0.06002049 0.15643936 -0.0125545 0.05942478 0.15590036 -0.0098506 0.05876463 0.15830475 -0 0.06129957 0.15580548 -0.00559991 0.0614953 0.1553812 -0.05848362 0.03888365 0.10211575 -0.05806125 0.02629799 0.10770576 -0.05799772 0.04026409 0.10678124 -0.05715602 0.02476662 0.11628778 -0.05740567 0.0320502 0.11187233 -0.05812259 0.01523678 0.11330031 -0.00604379 0.05882282 0.1602418 -0.01214766 0.05807694 0.1599603 -0.05900521 0.00118976 0.13705982 -0.05792914 0.01135376 0.14114574 -0.05872047 0.00482317 0.13184898 -0.05776066 0.01126696 0.1314878 -0.01539657 0.06075314 0.15367261 -0.01247031 0.0616542 0.15402573 -0.01784997 0.06097023 0.15271328 -0 0.06196452 0.15542445 -0.00708715 0.06284253 0.15463479 -0.03532962 0.04951388 0.15267895 -0.03721648 0.04686283 0.15546653 -0.03329916 0.04965678 0.15658164 -0.02922256 0.05407043 0.15293697 -0.02876369 0.05234492 0.15767027 -0.02325092 0.05489676 0.15869804 -0.02579323 0.05483006 0.15544523 -0.0232607 0.05675453 0.15415253 -0.01812062 0.05886782 0.15425014 -0.01523821 0.05813646 0.15710321 -7.4E-07 0.06015408 0.15692002 -0.0205089 0.05684299 0.1562486 -0.01773727 0.05677745 0.15944868 -0.02433992 0.0576297 0.15220299 -0.05665391 0.03473708 0.11558059 -0.05705734 0.01921538 0.1215985 -0.05589006 0.02932568 0.12197138 -0.05573199 0.02537245 0.12631559 -0.05824044 0.01031232 0.11956024 -0.05395116 0.04054546 0.12390658 -0.05417047 0.03363042 0.12728153 -0.05216756 0.03842534 0.13048807 -0.05105079 0.0436453 0.1298928 -0.04966777 0.03990741 0.13627557 -0.04743169 0.048765 0.1341307 -0.04667386 0.04583613 0.13748246 -0.04322807 0.05007261 0.13983382 -0.0449085 0.04559431 0.14110477 -0.04132998 0.0491939 0.14342138 -0.03726755 0.05395047 0.14436997 -0.03729541 0.05162347 0.14650124 -0.0282523 0.05695121 0.1500472 -0.03301176 0.05356419 0.1493375 -0.03738364 0.04964315 0.14897664 -0.04251092 0.04558637 0.14595018 -0.0467396 0.04186771 0.14157945 -0.05232382 0.03494381 0.13335617 -0.05457438 0.02786341 0.1315134 -0.05652112 0.01779393 0.13259047 -0.05543485 0.02207539 0.1366704 -0.05473625 0.02341634 0.14600842 -0.0538463 0.02631446 0.14179672 -0.0515876 0.0310369 0.1446365 -0.05092578 0.03122103 0.14915864 -0.04809041 0.03666426 0.14738606 -0.04646043 0.03776729 0.15179877 -0.03960082 0.04635996 0.15068418 -0.04354008 0.04253853 0.14903323 -0.04847655 0.03786807 0.1429501 -0.05337763 0.02925404 0.13692556 -0.04170833 0.04294999 0.15388876 -0.05124256 0.03367292 0.13980538 -0.05720296 0.05007406 0.11062945 -0.0556482 0.05664739 0.11570907 -0.0126899 0.06292517 0.15366957 -0.01809249 0.06232002 0.15223357 -0.03062886 0.05978896 0.14681536 -0.02756282 0.06148616 0.14826754 -0.03299516 0.06160346 0.14497827 -0.03511684 0.05838932 0.14397736 -0.03732736 0.06043934 0.14178266 -0.04139182 0.05754843 0.13850211 -0.04132834 0.06072699 0.13818084 -0.04506921 0.05645659 0.13456464 -0.04509729 0.05999218 0.13412668 -0.04821897 0.05698577 0.13017826 -0.04984037 0.05462435 0.12810087 -0.05140445 0.05751428 0.12508537 -0.05248556 0.05203684 0.12366454 -0.05343468 0.05914537 0.12111625 -0.05469716 0.05182806 0.11862601 -0.05612826 0.04291178 0.11563656 -0.05453648 0.04538182 0.1203274 -0.05113411 0.04868582 0.12732688 -0.04764983 0.05179357 0.13240564 -0.04324207 0.05341746 0.13780275 -0.03939561 0.05657041 0.14080001 -0.03931303 0.05443916 0.14183997 -0.03290299 0.05659716 0.1466064 -0.02816404 0.05877794 0.14877465 -0.02331363 0.06133819 0.15035743 -0.02323485 0.05919777 0.15139772 -0.01238529 0.06029306 0.15491249 -0.05877691 0.05985347 0.10146126 0.006918 0.06073543 0.0371377 0.00413159 0.05968877 0.03649153 7.9E-07 0.06071234 0.03668439 0 0.05934314 0.03605654 -2E-08 0.05950222 0.03619364 0.004419 0.05916829 0.03610969 0.00423538 0.05892115 0.03565748 0.01061257 0.05810791 0.03500058 -2.5E-07 0.0590549 0.03499823 0.05250865 0.03082777 0.05760378 0.05389605 0.02620019 0.05575605 0.05186127 0.03012508 0.05138707 0.05006823 0.03530585 0.054432 0.04902159 0.03483072 0.04899092 0.04720066 0.03887335 0.05074989 0.04580055 0.03872572 0.04607803 0.04272441 0.04446498 0.04841718 0.04281597 0.04206257 0.04475248 0.04925502 0.03327946 0.04532453 0.05214867 0.02840796 0.04701389 0.0571527 0.01514529 0.05281866 0.05578326 0.01956077 0.04684552 0.05600835 0.01974554 0.06312755 0.05841412 0.00854034 0.05345521 0.05781678 0.01104847 0.06340726 0.05869029 0.00488461 0.0629635 0.05811536 0.00947064 0.07353435 0.04761729 0.04113183 0.05475568 0.04877558 0.04102908 0.05727443 0.05106108 0.03615244 0.0589812 0.05208454 0.03614349 0.06237063 0.05442964 0.0256607 0.06088945 0.05388276 0.03205046 0.06624527 0.04542523 0.04228428 0.05109069 0.04513741 0.04566697 0.05366038 0.04660134 0.04883024 0.05757037 0.04463851 0.06094721 0.05738335 0.04680014 0.05870316 0.05992796 0.04503604 0.05515197 0.05720184 0.04827208 0.05057238 0.06071602 0.05114163 0.04628285 0.06477255 0.04966295 0.04390642 0.06083478 0.04990719 0.05735177 0.06438749 0.05317549 0.05432368 0.07018556 0.05239828 0.0475632 0.06781264 0.05410175 0.04389201 0.0714271 0.05094462 0.04023502 0.06181099 0.04136089 0.0566508 0.05332961 0.04110675 0.06058455 0.05354442 0.05312724 0.03938094 0.06730927 0.0548798 0.03773551 0.07267988 0.05535656 0.02745204 0.07071036 0.05590666 0.03499566 0.07638173 0.05692784 0.03082824 0.0811636 0.05666706 0.02261803 0.07680985 0.05762052 0.02534677 0.08535706 0.05666607 0.04306644 0.08012766 0.0554049 0.04849155 0.07571213 0.05791552 0.04035272 0.08688274 0.05741695 0.06139692 0.08234903 0.05831724 0.05951388 0.08695213 0.05880285 0.06013101 0.09088522 1E-07 0.0630031 0.03695569 0.02181908 0.05927477 0.04053301 0.02821855 0.05602671 0.04253962 0.02182331 0.05770852 0.03992489 0.04326097 0.05142403 0.0539883 0.04144283 0.0487455 0.05036245 0.03844529 0.05390399 0.04961418 0.03738096 0.05150084 0.04742914 0.0329949 0.0564582 0.04599854 0.03286375 0.0533191 0.04439496 0.02825513 0.05867742 0.04360531 0.01527641 0.05963984 0.03843723 0.00703147 0.0627119 0.03739063 0.03740104 0.06026083 0.05021744 0.03729251 0.05711867 0.04962202 0.01673721 0.06228263 0.03937228 0.02067964 0.06265821 0.04069998 0.02336749 0.06135775 0.04169599 0.02850263 0.06214348 0.04428235 0.0327947 0.06045507 0.04681356 0.01103437 0.05993131 0.03758353 0.01249589 0.06240557 0.03828834 -0 0.05900643 0.0352774 -0 0.05909578 0.03569282 2E-08 0.05920432 0.03589248 -0 0.05903685 0.03549842 -3E-08 0.05901557 0.03539219 0.00995173 0.05825433 0.03591877 0.01534331 0.05703519 0.03599247 0.02113327 0.05511878 0.03500257 0.01926457 0.05585336 0.03648648 1E-08 0.05966602 0.03630438 0.01058288 0.05840007 0.03643415 0.00965838 0.05906677 0.03687962 0.0206189 0.05670781 0.03872152 0.01534818 0.05739236 0.03693881 0.01526536 0.05826028 0.03774533 0.02328021 0.05438687 0.03705586 0.02824968 0.05222519 0.03848166 0.03003721 0.05093821 0.03731587 0.05900326 0.0009721 0.03500055 0.05820582 0.00979254 0.03499989 0.0567726 0.01608483 0.03499996 0.05480869 0.02184638 0.03500001 0.05365242 0.02482554 0.04447364 0.05105087 0.02974247 0.03499985 0.05083542 0.03008477 0.04081816 0.04697203 0.0359553 0.04138606 0.04428138 0.03911118 0.03499981 0.04398856 0.0394435 0.03914978 0.03994652 0.04353451 0.0384238 0.03638338 0.04652023 0.03500026 0.03474445 0.04788263 0.03856415 0.04093 0.04325332 0.04211137 0.03665135 0.04691414 0.04078547 0.05892563 0.00256145 0.05734164 0.02936198 0.05118752 0.03499964 0.0207096 0.05588879 0.03785614 0.02524674 0.05441495 0.03931811 0.02822239 0.05287061 0.03978695 0.0397465 0.04594777 0.04508629 0.03540787 0.049245 0.04310674 0.03201414 0.05062078 0.04068652 0.02955507 0.05360278 0.04180632 0.03753882 0.04941771 0.0459652 0.05609832 0.02092738 0.06900959 0.05759744 0.01585324 0.07984144 -0 0.05983849 0.0363998 -0.02069762 0.05928885 0.04011868 -0.01788725 0.05865948 0.03883756 -0.02064759 0.05722672 0.03915529 -0.04846204 0.0408778 0.0563702 -0.05122968 0.03418024 0.05723939 -0.05099103 0.0380467 0.06043748 -0.05752059 0.01312154 0.03500048 -0.0583383 0.0090177 0.05488207 -0.05714028 0.01519562 0.05310088 -0.05218084 0.02821945 0.04621669 -0.05376225 0.0245668 0.04482307 -0.05185907 0.0301469 0.05160197 -0.04925662 0.03326616 0.04527508 -0.05758384 0.01184804 0.06767593 -0.05599866 0.0197608 0.06273822 -0.05572441 0.01986565 0.04832691 -0.05453029 0.02502278 0.05950609 -0.05337539 0.02757526 0.05563196 -0.04316694 0.0410496 0.04298425 -0.04619265 0.03769791 0.04494161 -0.04582332 0.04084268 0.05023913 -0.04274828 0.04312804 0.04661391 -0.05885363 0.00359425 0.06337284 -0.04890989 0.03560094 0.05045995 -0.04370368 0.04387779 0.04953653 -0.05272614 0.03404025 0.0629767 -0.05382194 0.02934301 0.06272881 -0.05393437 0.03352895 0.06746175 -0.05558525 0.02374582 0.068648 -0.05744633 0.01676887 0.07896993 -0.05821569 0.00923373 0.07539505 -0.04926788 0.04376038 0.05989392 -0.05208163 0.04023499 0.06476141 -0.05542491 0.0301588 0.07250781 -0.05227402 0.04441743 0.06672161 -0.05571741 0.03624223 0.07566464 -0.05415585 0.04086385 0.07092497 -0.05682124 0.02810645 0.0800713 -0.057305 0.03849269 0.08344249 -0.05663639 0.0431798 0.07998846 -0.05804314 0.0372142 0.08841616 -0.05870748 0.05895728 0.09001861 -0.04496364 0.06041137 0.05772003 -0.04497644 0.0558991 0.05728534 -0.04839455 0.05778575 0.06209181 -0.05789207 0.01840776 0.08494869 -0.05778525 0.02643244 0.08670008 -0.0578266 0.06043202 0.08419129 -0.054292 0.05092141 0.07270311 -0.05192591 0.05743891 0.06780915 -0.01508866 0.06015852 0.03855796 -0.04939985 0.04662925 0.06146094 -0.03036472 0.05594394 0.04396998 -0.03060135 0.06050339 0.04538813 -0.02562735 0.05938289 0.04237363 -0.02066123 0.0619242 0.04066425 -6E-08 0.06112955 0.03679689 -0.00401995 0.06170665 0.03706937 -0.00967647 0.06047827 0.03746165 -0.01019471 0.0621304 0.03783198 -0.01522062 0.06250987 0.03895456 -0.04510534 0.04569005 0.05362555 -0.02574727 0.05694922 0.04153684 -0.0253716 0.0623724 0.04268198 -0.04827749 0.05217933 0.06106872 -0.05109951 0.05258097 0.06596212 -0.03297071 0.06175127 0.04699492 -0.03513319 0.05860647 0.04816508 -0.03703293 0.06128186 0.04997931 -0.04038553 0.05701247 0.05238134 -0.04132357 0.06077506 0.05378366 -0.05545182 0.04723403 0.07575397 -0.0466666 0.04899612 0.05773566 -0.04323127 0.05143904 0.05395718 -0.04142661 0.04875984 0.05035097 -0.03937969 0.05364599 0.05049408 -0.03633208 0.05215381 0.04673379 -0.03515143 0.055607 0.04737127 -0.00537096 0.05906492 0.03611838 -0.00416167 0.05895472 0.03576129 -0.00949054 0.05833361 0.03594052 -0.00732274 0.05855946 0.03499976 -0.01585232 0.05691778 0.03499971 -0.01534543 0.05705925 0.03616239 -0.02058675 0.05537733 0.03641294 -0.02385782 0.05397549 0.0349997 -0.01243959 0.05800914 0.03654984 -0.01804364 0.05661903 0.03721993 -0 0.05915641 0.03581395 -0 0.05925205 0.03595358 -0 0.05937865 0.03608962 -0.00407978 0.05984455 0.03656632 -0.00993641 0.05914031 0.03696591 -0 0.06016168 0.03653573 -0.02378909 0.05419618 0.03729592 -0.02070362 0.05610843 0.03815123 -0.01535212 0.05804945 0.03762349 -0.02834375 0.05198992 0.03797667 -0.02451396 0.05444413 0.03869758 -0.03149975 0.04998507 0.03499962 -0.03323838 0.04890188 0.03822555 -0.03738869 0.0458183 0.03901138 -0.03943579 0.04394097 0.03499985 -0.04004506 0.04342773 0.0382789 -0.04406017 0.03934886 0.03899875 -0.04633197 0.03666943 0.03499998 -0.04769076 0.03485319 0.03976779 -0.05088204 0.0299892 0.04059037 -0.05261808 0.0268843 0.03499996 -0.05584144 0.01906647 0.03500015 -0.05907894 -0.00076317 0.03499987 -0.05900232 0.00043712 0.05922505 -0.05853282 0.00753611 0.03499991 -0.0283169 0.0528071 0.03978144 -0.02434257 0.05571864 0.03998259 -0.03990978 0.04449947 0.04259451 -0.03977131 0.04591196 0.04507732 -0.03548033 0.04834861 0.04178135 -0.04858099 0.03834129 0.0539287 -0.03853493 0.04843847 0.04623242 -0.03305908 0.05169792 0.04322162 -0.03187284 0.05073929 0.0406864 -0.02825716 0.05421531 0.04134017 0.05885942 0.00544854 0.10499841 0.05850979 0.01790474 0.10311429 0.05856499 0.03281148 0.09935574 0.05832418 0.02355685 0.09296739 0.05805355 0.01548826 0.08535649 0.05867933 0.00747425 0.08923961 0.05898532 0.05862026 0.09541129 -0.0048883 0.00135312 0.13711731 -0.0036772 0.00341892 0.13794805 -0.00178707 0.00474515 0.13848184 0.00106094 0.0049485 0.1385631 0.00340485 0.00372892 0.1380727 0.0048815 0.00137022 0.13712414 0.00487801 -0.00117974 0.13609946 0.05885176 -0.00463553 0.13471955 0.05798237 -0.01107242 0.13213174 0.05636512 -0.017525 0.12953804 0.05337413 -0.02533588 0.12639806 0.00398833 -0.00309471 0.13532984 0.04819729 -0.03411233 0.12287003 0.04118259 -0.04242004 0.1195301 0.00183795 -0.00471508 0.13467841 0.03065678 -0.05055007 0.11626177 0.02041115 -0.0554253 0.11430231 0.01299458 -0.05757947 0.11343782 0.00643404 -0.05868176 0.11299403 -0.00094562 -0.00497259 0.13457485 -0.00137508 -0.05902866 0.11285342 -0.01132744 -0.05797813 0.11327772 -0.01939961 -0.05574689 0.11417329 -0.02554037 -0.0532164 0.11518992 -0.00296569 -0.00405664 0.13494314 -0.0320326 -0.04960143 0.11664304 -0.04529023 -0.0379535 0.12132581 -0.03829135 -0.04490754 0.11853021 -0.0046746 -0.00202361 0.13576028 -0.05046342 -0.03067463 0.12425201 -0.05401025 -0.02380993 0.12701118 -0.05634851 -0.01757772 0.12951685 -0.05796462 -0.01114486 0.13210264 -0.05880205 -0.00521482 0.13448833 -0.05837443 0.01792746 0.10562956 -0.05885411 0.00516862 0.1121033 -0.05869999 0.00660984 0.08498826 -0.05834624 0.01682706 0.09151708 -0.0585274 0.03236145 0.09535657 -0.05898968 0.05880127 0.09544353 -0.05852715 0.01518403 0.09888297 0.02950882 -0.05120059 0.035 0.04041456 -0.04311498 0.035 -0.05656198 -0.0167852 0.035 0.04919765 -0.03273735 0.03500001 0.05422579 -0.02325003 0.035 0.05656198 -0.0167852 0.035 0.05813038 -0.01009253 0.035 0.02021561 -0.0554286 0.035 0.01363148 -0.05740368 0.035 0.00340026 -0.0589789 0.03500003 0.05890971 -0.00326287 0.035 -0.00686231 -0.05859956 0.035 -0.01363148 -0.05740368 0.035 -0.02021561 -0.0554286 0.035 -0.04738691 -0.0351494 0.035 -0.05115354 -0.02939925 0.035 -0.05422579 -0.02325003 0.035 -0.05813038 -0.01009253 0.035 -0.02652532 -0.05270111 0.035 -0.03247498 -0.04925826 0.035 -0.03798382 -0.04514676 0.035 -0.04297706 -0.04042243 0.035 8E-08 0.06341242 0.15501644 0.05557379 0.07 0.07598285 0.04703272 0.07 0.0602641 0.05158645 0.07 0.06736718 0.0291284 0.07 0.04461257 -0 0.07 0.09100001 0.0005299 0.07 0.0369335 -0.05704811 0.07 0.08068185 -0 0.07 0.10100001 9E-08 0.07 0.15500037 -0.00691761 0.07 0.15470117 0.05846562 0.07 0.08757952 0.03887635 0.07 0.05152797 0.01240907 0.07 0.03824927 0.02049101 0.07 0.04067262 -0.05869729 0.07 0.09003108 -0.03970502 0.07 0.13970655 -0.03170885 0.07 0.14581412 -0.02461026 0.07 0.14962305 -0.01793191 0.07 0.15226185 0.05628941 0.07 0.11384027 0.05850366 0.07 0.10401185 0.03235511 0.07 0.14539553 -0.01137096 0.07 0.03803594 -0.02280625 0.07 0.04151141 -0.03807222 0.07 0.05083764 -0.03120888 0.07 0.04592999 0.00897291 0.07 0.15436336 0.01877416 0.07 0.15198517 0.02615317 0.07 0.14888714 0.04028956 0.07 0.13916907 -0.04638402 0.07 0.05942604 -0.05747277 0.07 0.10955848 -0.05210358 0.07 0.12378767 -0.05504382 0.07 0.11724098 -0.04656707 0.07 0.13231003 0.04705102 0.07 0.13167889 0.05243287 0.07 0.12315874 -0.0527968 0.07 0.0695117 -0.05887024 0.07 0.10037047 -0 0.07 0.155 -0 0.07700001 0.155 -0.00651936 0.07700001 0.15471876 -0.01707513 0.07700001 0.15252776 -0.02461026 0.07700001 0.14962305 -0.03094641 0.07700001 0.1462914 -0.03905612 0.07700001 0.14028744 -0.04601083 0.07700001 0.13301246 -0.05167532 0.07700001 0.12457624 -0.05504382 0.07700001 0.11724098 -0.0572601 0.07700001 0.11043024 -0.05897454 0.07700001 0.09953491 0.05894734 0.07700001 0.09230579 0.05861804 0.07700001 0.10312629 0.05655241 0.07700001 0.11298837 0.05283754 0.07700001 0.12236269 0.04758473 0.07700001 0.13096392 0.04093958 0.07700001 0.13855311 0.03309817 0.07700001 0.14490072 0.02615317 0.07700001 0.14888714 0.01961743 0.07700001 0.15169534 0.0098547 0.07700001 0.15422095 1.8E-07 0.07700001 0.15500073 -0.05846562 0.07700001 0.08757952 -0.05557379 0.07700001 0.07598285 -0.05158645 0.07700001 0.06736718 -0.04703273 0.07700001 0.0602641 -0.04064905 0.07700001 0.05323723 -0.03417775 0.07700001 0.0478231 -0.02378016 0.07700001 0.04192934 -0.01240907 0.07700001 0.03824927 -0.0005299 0.07700001 0.0369335 0.01137096 0.07700001 0.03803594 0.02280625 0.07700001 0.04151141 0.03120888 0.07700001 0.04592999 0.03807222 0.07700001 0.05083765 0.04638402 0.07700001 0.05942604 0.05279681 0.07700001 0.06951173 0.0570481 0.07700001 0.08068183 0.00111938 0.07700001 0.09109859 -0 0.07700001 0.09100001 -0.00107973 0.07700001 0.09109239 -0 0.07700001 0.10100001 -0.00029306 0.07700001 0.10097626 -0.0049497 0.07700001 0.09480537 -0.00332938 0.07700001 0.09220539 0.00315886 0.07700001 0.09206231 0.00151521 0.07700001 0.10086448 -0.00281548 0.07700001 0.10024263 -0.00470449 0.07700001 0.09783074 0.00360239 0.07700001 0.09949207 0.00478062 0.07700001 0.09762157 0.00488389 0.07700001 0.09455976 -0 0.07 0.10100001</float_array>
          <technique_common>
            <accessor source="#pos_0-array" count="9129" stride="3">
              <param name="X" type="float"/>
              <param name="Y" type="float"/>
              <param name="Z" type="float"/>
            </accessor>
          </technique_common>
        </source>
        <source id="norm_0">
          <float_array id="norm_0-array" count="17640">-0 0 -1 0.0431 0.99907 -0 0.04316 0.99907 -6E-05 0.20322 0.97909 0.0091 0.21622 0.97629 -0.01062 0.35967 0.93304 0.00858 0.36748 0.93003 -0 0.4654 0.8851 0 0.4728 0.88113 -0.00858 0.59499 0.80367 0.01001 0.60697 0.79466 -0.00968 0.72281 0.69098 0.00966 0.73306 0.68009 -0.00999 0.83017 0.55742 0.01003 0.83854 0.54475 -0.01007 0.90873 0.41731 0.00858 0.91222 0.4097 -0 0.95092 0.30944 0 0.95344 0.30145 -0.00858 0.98515 0.17148 0.00857 0.98658 0.16325 -0 0.9985 0.05484 0 0.9985 0.0548 -4E-05 -0.99907 0.04311 0 -0.99907 0.04317 -5E-05 -0.97924 0.20249 0.00903 -0.97646 0.21544 -0.01047 -0.92962 0.36839 0.00991 -0.92395 0.38239 -0.00993 -0.85339 0.52117 0.00993 -0.84542 0.53402 -0.00992 -0.75231 0.65873 0.00992 -0.74226 0.67004 -0.00996 -0.62916 0.77722 0.00997 -0.61732 0.78665 -0.00992 -0.4978 0.86725 0.00846 -0.49059 0.87139 0 -0.39477 0.91878 0 -0.38709 0.922 -0.00846 -0.25044 0.96808 0.00991 -0.23579 0.97175 -0.00993 -0.07888 0.99683 0.01034 -0.07081 0.99749 -5E-05 0.99872 -0.05065 -0 0.99872 -0.05065 0 0.98646 -0.16398 0 0.98473 -0.1737 -0.01191 0.94074 -0.33885 0.01396 0.93451 -0.35567 -0.01396 0.85327 -0.52128 0.01396 0.84378 -0.5365 -0.01396 0.74012 -0.67237 0.01191 0.71834 -0.6952 -0.02612 0.64145 -0.7667 0.02669 0.56339 -0.82513 -0.0419 0.50473 -0.86282 0.02823 0.38257 -0.92371 -0.01978 0.40592 -0.91369 0.01978 0.27762 -0.96027 -0.02823 0.22328 -0.97434 0.02823 0.0885 -0.99588 -0.01978 0.09223 -0.99564 -0.01396 -0.07867 -0.99683 0.01191 -0.08852 -0.99607 0 -0.21373 -0.97689 -0 -0.22336 -0.97466 -0.01191 -0.38606 -0.92237 0.01396 -0.40254 -0.91529 -0.01396 -0.56383 -0.82577 0.01396 -0.57855 -0.81553 -0.01396 -0.71851 -0.69537 0.01396 -0.73087 -0.68237 -0.01396 -0.84378 -0.5365 0.01396 -0.85327 -0.52128 -0.01396 -0.93451 -0.35567 0.01396 -0.94074 -0.33885 -0.01396 -0.98473 -0.1737 0.01191 -0.98646 -0.16398 0 -0.99872 -0.05065 -0 -0.99872 -0.05065 -0 -0 0 1 -0.99918 -0.03913 0.01013 -0.99619 -0.08716 0.00032 -0.96584 -0.2588 -0.01347 -0.9063 -0.42261 -0.00524 -0.8223 -0.56856 0.02376 -0.81895 -0.57344 0.02203 -0.70709 -0.70709 -0.00772 -0.57351 -0.81905 -0.01561 -0.42262 -0.90631 -0.00141 -0.32956 -0.94394 0.01929 -0.25881 -0.9659 0.00703 -0.08716 -0.99619 -0.00027 0.03913 -0.99918 0.01013 0.08716 -0.99619 0.00032 0.2588 -0.96584 -0.01347 0.42261 -0.9063 -0.00524 0.56856 -0.8223 0.02376 0.57344 -0.81895 0.02203 0.70709 -0.70709 -0.00772 0.81905 -0.57351 -0.01561 0.90631 -0.42262 -0.00141 0.94394 -0.32956 0.01929 0.9659 -0.25881 0.00703 0.99619 -0.08716 -0.00027 0.99918 0.03913 0.01013 0.99619 0.08716 0.00032 0.96584 0.2588 -0.01347 0.9063 0.42261 -0.00524 0.8223 0.56856 0.02376 0.81895 0.57344 0.02203 0.70709 0.70709 -0.00772 0.57351 0.81905 -0.01561 0.42262 0.90631 -0.00141 0.32956 0.94394 0.01929 0.25881 0.9659 0.00703 0.08716 0.99619 -0.00027 -0.03913 0.99918 0.01013 -0.08716 0.99619 0.00032 -0.2588 0.96584 -0.01347 -0.42261 0.9063 -0.00524 -0.56856 0.8223 0.02376 -0.57344 0.81895 0.02203 -0.70709 0.70709 -0.00772 -0.81905 0.57351 -0.01561 -0.90631 0.42262 -0.00141 -0.94394 0.32956 0.01929 -0.9659 0.25881 0.00703 -0.99619 0.08716 -0.00027 0.54067 0.63572 -0.55094 0.56633 0.63717 -0.52277 0.50769 0.59762 -0.62057 0.51386 0.60956 -0.60365 0.5394 0.6136 -0.57666 0.54954 -0.33632 -0.76479 0.54914 -0.33625 -0.76511 0.51607 -0.27937 -0.80971 0.45556 -0.23918 -0.85747 0.44584 -0.21725 -0.86835 0.38491 -0.15687 -0.90953 -0.51307 0.60121 -0.61263 -0.52175 0.61182 -0.59452 -0.53243 0.61287 -0.58387 -0.55593 0.63106 -0.54102 -0.56808 0.644 -0.5124 -0.54288 0.63205 -0.55299 -0.38571 -0.15059 -0.91025 -0.43461 -0.22432 -0.87224 -0.49364 -0.25113 -0.83262 -0.53116 -0.31955 -0.7847 -0.55906 -0.33173 -0.75988 -0.02111 0.02912 -0.99935 -0.03585 0.02346 -0.99908 -0.00184 0.01339 -0.99991 0.01163 0.02301 -0.99967 0.01997 0.01886 -0.99962 0.00467 0.01747 -0.99984 0.01734 0.01325 -0.99976 0.01849 -0.00036 -0.99983 0.02748 -0.01176 -0.99955 0.02963 -0.0072 -0.99953 0.01643 -0.01404 -0.99977 0.01619 -0.01454 -0.99976 0.00152 -0.01908 -0.99982 -0.0029 -0.02449 -0.9997 -0.01828 -0.02013 -0.99963 -0.02406 -0.02163 -0.99948 -0.00983 -0.02538 -0.99963 -0.02161 -0.0011 -0.99977 -0.01627 0.00437 -0.99986 -0.00148 0.00571 -0.99998 -0.00043 0.00503 -0.99999 0.02362 0.00908 -0.99968 0.0155 0.01618 -0.99975 0.01752 0.01603 -0.99972 0.02983 0.00032 -0.99955 0.02962 0.00258 -0.99956 0.02212 0.01177 -0.99969 0.02276 -0.00972 -0.99969 0.01723 -0.01281 -0.99977 0.02268 0.00204 -0.99974 0.00073 -0.00539 -0.99999 -0.01014 -0.01912 -0.99977 -0.01137 -0.01914 -0.99975 -0.01067 -0.01882 -0.99977 -0.01786 -0.01594 -0.99971 -0.0168 -0.00407 -0.99985 -0.02457 0.0059 -0.99968 -0.01908 0.01365 -0.99972 -0.01752 -0.00753 -0.99982 0.00407 0.00405 -0.99998 0.00294 0.00442 -0.99999 0.00049 -3E-05 -1 0.00197 -0.00606 -0.99998 0.0045 -0.00445 -0.99998 -0.00646 -0.02825 -0.99958 0.00633 -0.02805 -0.99959 0.0088 -0.02638 -0.99961 -0.00756 -0.01204 -0.9999 -0.01159 -0.0123 -0.99986 -0.01847 -0.00906 -0.99979 -0.01256 -0.00017 -0.99992 -0.0176 0.02392 -0.99956 0.00534 0.00141 -0.99998 -0.02206 0.0138 -0.99966 -0.01351 0.01292 -0.99983 -0.01741 0.01168 -0.99978 -7E-05 0.00069 -1 -0.01525 0.01729 -0.99973 -0.01447 0.02102 -0.99967 -0.0023 0.02305 -0.99973 0.00046 0.02207 -0.99976 0.00091 0.02228 -0.99975 0.01091 0.02146 -0.99971 0.0132 0.00956 -0.99987 0.03365 -0.00501 -0.99942 0.03383 -0.00638 -0.99941 0.01085 0.02124 -0.99972 0.00427 -0.00435 -0.99998 0.00239 -0.00432 -0.99999 -0.00837 -0.0141 -0.99987 -0.00429 -0.01679 -0.99985 0.00456 -0.01621 -0.99986 -0.0043 -0.00281 -0.99999 -0.02932 0.00537 -0.99956 -0.02526 -0.00183 -0.99968 -0.02085 0.00452 -0.99977 -0.02111 0.01073 -0.99972 -0.47444 0.36556 -0.8008 -0.74826 -0.0394 -0.66224 -0.13703 -0.40941 -0.902 0.14461 -0.01956 -0.9893 0.15434 -0.74322 -0.651 0.12648 0.30959 -0.94242 -0.07047 0.8022 -0.59289 0.25981 0.3359 -0.90535 -0.53295 0.16846 -0.82921 0.01063 0.12294 -0.99236 -0.7089 0.32489 -0.62603 -0.58794 0.5408 -0.60155 0.40338 0.13978 0.90429 0.44105 -0.35672 -0.82354 0.36663 -0.5033 -0.78248 0.27754 -0.68943 -0.66908 -0.63941 0.30442 -0.70603 -0.1898 0.93306 -0.30557 -0.56071 0.81846 -0.12544 -0.77515 0.24173 -0.5837 -0.69534 0.46255 -0.55005 -0.3119 0.12772 0.94149 -0.89802 0.37327 -0.23287 -0.04778 -0.71379 -0.69873 -0.18967 -0.67666 -0.71145 0.026 -0.99954 0.01582 -0.33141 -0.57017 -0.75171 -0.50841 -0.59097 -0.62632 -0.41338 -0.45239 0.79023 0.17687 -0.666 -0.72468 -0.03792 -0.67355 -0.73816 0.04308 -0.75905 -0.64961 0.1148 -0.54645 -0.82959 0.83305 -0.36851 -0.41258 0.60907 0.67894 -0.40998 0.73895 0.5917 -0.32226 0.62201 0.74154 -0.25144 0.57951 0.76557 -0.2794 -0.13624 0.87953 -0.45593 0.65161 -0.30734 0.6935 -0.74269 -0.46856 -0.4784 -0.59686 -0.552 0.58228 -0.81593 0.21738 -0.53573 -0.93991 -0.08813 -0.32984 -0.83285 -0.16319 -0.52889 -0.87379 -0.24437 -0.42044 -0.57684 -0.81628 0.03057 0.11262 0.83472 -0.53904 0.19975 0.82397 -0.53025 -0.23541 0.82464 -0.51434 -0.13831 0.89075 -0.43294 -0.92864 0.00151 -0.37097 -0.76823 -0.35031 -0.53582 -0.81626 0.34711 -0.46178 -0.33311 -0.5893 -0.73604 -0.28162 -0.68883 -0.66798 -0.74629 -0.32835 -0.579 -0.69639 -0.34176 -0.63107 0.8003 -0.28574 -0.52714 0.84487 0.09882 -0.52576 0.25972 0.31933 -0.91136 0.52961 0.69252 -0.48983 0.56381 -0.06254 -0.82354 0.9104 -0.3248 -0.25629 0.76049 0.61657 -0.20369 0.75841 0.25548 -0.59962 0.71239 0.25497 -0.65383 0.71568 0.03388 -0.69761 0.51413 0.72052 -0.46532 0.09623 -0.68103 -0.72591 0.08368 -0.54594 -0.83364 -0.37992 -0.81868 -0.43062 -0.35724 -0.67702 -0.64345 -0.15818 -0.75886 -0.63176 -0.18442 -0.90422 -0.3852 0.2404 -0.59959 -0.76335 0.20403 -0.9561 -0.21034 0.50553 -0.23383 -0.83052 0.51607 -0.44134 -0.73409 0.25581 -0.74413 0.61712 0.75816 0.1065 -0.64332 0.82245 -0.53931 -0.18092 0.86223 0.23533 -0.44854 0.04515 0.91535 -0.40012 0.10906 0.87567 -0.47043 -0.3283 0.85716 -0.39687 -0.31117 0.85966 -0.40516 0.81997 -0.15318 -0.55153 0.8193 -0.04978 -0.57121 0.82551 0.11385 -0.55279 0.67186 -0.57174 -0.47087 0.55743 -0.76532 -0.3218 0.8645 -0.20548 -0.45871 0.66474 -0.60794 0.43419 -0.33117 0.79802 -0.50349 -0.4874 0.73077 -0.47793 0.91171 -0.07409 -0.40411 0.05987 -0.44664 -0.89271 0.05778 -0.45386 -0.8892 0.71002 0.00302 -0.70417 0.14124 0.25465 -0.95666 0.23487 0.3469 -0.90802 -0.22487 -0.08839 -0.97037 0.63483 0.1747 -0.75264 0.12496 0.83708 -0.53261 -0.18319 0.5433 -0.81931 -0.13186 0.27606 -0.95205 0.39648 0.47451 -0.78591 0.57963 -0.2858 -0.76312 -0.68174 -0.29519 -0.66939 0.45266 0.61181 -0.64869 0.43793 -0.22008 -0.87165 0.29421 -0.60629 0.73882 -0.48967 0.57522 -0.65525 -0.56837 0.68785 -0.45145 -0.43888 0.54887 -0.71142 -0.43109 0.57545 -0.69499 -0.48954 0.54347 -0.6819 -0.52953 0.56862 -0.6295 -0.6183 0.63243 -0.46663 -0.63347 0.57261 -0.52041 -0.77935 0.31993 -0.53875 -0.78822 0.31229 -0.53027 -0.80759 0.23739 -0.53986 -0.80043 0.24459 -0.54725 -0.82074 0.16369 -0.54734 -0.81985 0.16469 -0.54839 -0.815 0.0927 -0.572 -0.83004 0.06795 -0.55354 -0.81004 0.02303 -0.58593 -0.8266 -0.01495 -0.56259 -0.79468 -0.04651 -0.60525 -0.81091 -0.11294 -0.57416 -0.65577 -0.39497 -0.6434 -0.51778 -0.20283 -0.83112 -0.21346 -0.03212 -0.97642 -0.33904 -0.11126 -0.93417 -0.2477 -0.04773 -0.96766 -0.73066 -0.18564 -0.65702 -0.33736 -0.10422 -0.93559 -0.37037 -0.21934 -0.90262 -0.5953 -0.45295 -0.66366 -0.16282 -0.58447 -0.79491 0.00133 -0.29349 -0.95596 -0.03523 -0.00169 -0.99938 -0.0656 -0.04244 -0.99694 -0.10191 -0.04441 -0.9938 -0.0875 -0.02278 -0.9959 -0.1039 -0.00674 -0.99457 -0.14164 -0.02478 -0.98961 -0.25982 -0.16387 -0.95165 -0.22408 -0.0433 -0.97361 -0.25653 -0.09623 -0.96173 -0.28424 -0.03159 -0.95823 -0.38024 -0.02809 -0.92446 -0.43969 0.005 -0.89814 -0.39146 0.00345 -0.92019 -0.41611 0.02803 -0.90888 -0.42867 0.06055 -0.90143 -0.58481 0.18191 -0.79051 -0.48203 0.14642 -0.86383 -0.39986 0.46491 -0.78992 -0.35246 0.47753 -0.80482 -0.31943 0.50076 -0.80449 -0.31822 0.52593 -0.78876 -0.26079 0.5495 -0.79375 -0.27725 0.52539 -0.80442 -0.20028 0.57956 -0.78993 -0.23047 0.54124 -0.80867 -0.15763 0.58411 -0.79622 -0.12044 0.57827 -0.8069 -0.08196 0.61634 -0.7832 -0.09301 0.57952 -0.80963 -0.04286 0.61271 -0.78915 0.00104 0.59556 -0.80331 -0.00427 0.59427 -0.80425 -0.0234 0.59361 -0.80441 -0.31228 0.82632 -0.46869 -0.25049 0.84659 -0.46961 -0.33123 0.79347 -0.51058 -0.39649 0.79794 -0.45398 -0.41892 0.75468 -0.50494 -0.4575 0.75614 -0.46792 -0.50085 0.72926 -0.46618 -0.51134 0.69279 -0.50849 -0.17022 -0.55118 -0.81684 -0.51261 -0.37932 -0.77029 -0.5235 -0.41977 -0.74144 -0.51146 -0.46805 -0.72065 -0.45816 -0.48485 -0.74499 -0.42183 -0.46289 -0.77961 -0.39709 -0.55056 -0.7343 -0.51467 -0.19529 -0.83485 -0.57643 -0.14783 -0.80366 -0.57588 -0.14704 -0.8042 -0.58153 -0.05614 -0.81158 -0.60857 -0.05394 -0.79166 -0.58453 0.04961 -0.80986 -0.62733 0.05276 -0.77696 -0.73006 0.05181 -0.68141 -0.69397 0.03563 -0.71912 -0.7324 -0.0198 -0.68059 -0.70764 -0.0897 -0.70086 -0.60449 -0.17084 -0.77808 -0.68252 -0.32631 -0.65398 -0.63277 -0.30902 -0.71001 -0.60305 0.25023 -0.75744 -0.65203 0.16494 -0.74003 -0.6048 0.15414 -0.78132 -0.69119 0.29164 -0.66122 -0.69 0.27599 -0.66913 -0.72993 0.24206 -0.63922 -0.72955 0.1759 -0.66092 -0.70647 0.1581 -0.68985 -0.74087 0.11345 -0.662 -0.61141 0.44862 -0.65186 -0.65173 0.42632 -0.6273 -0.66528 0.37025 -0.64832 -0.64656 0.34472 -0.68054 -0.04167 0.67588 -0.73584 -0.13211 0.67842 -0.7227 -0.16374 0.68037 -0.71434 -0.24865 0.6392 -0.72774 -0.28743 0.62642 -0.72456 -0.36388 0.57985 -0.72894 -0.43964 0.48342 -0.75698 -0.44898 0.50842 -0.7348 -0.51031 0.47447 -0.71726 -0.5247 0.41859 -0.74127 -0.52136 0.41432 -0.74601 -0.59279 0.33827 -0.73087 -0.08176 0.71596 -0.69334 -0.19077 0.70675 -0.68126 -0.24557 0.6925 -0.67834 -0.33508 0.64801 -0.68397 -0.35944 0.63751 -0.68146 -0.43079 0.57587 -0.69483 -0.01833 0.78581 -0.6182 -0.08039 0.7607 -0.6441 -0.19407 0.76073 -0.61938 -0.27997 0.71898 -0.63615 -0.3251 0.70278 -0.63278 -0.40474 0.65199 -0.64117 -0.44317 0.63163 -0.63612 -0.449 0.60536 -0.65722 -0.74783 -0.13004 -0.65103 -0.75658 -0.16663 -0.63232 -0.73529 -0.20975 -0.64448 -0.74734 -0.24823 -0.61634 -0.70129 -0.30757 -0.64311 -0.63127 -0.27863 -0.72379 -0.56559 0.5612 -0.60429 -0.58239 0.55295 -0.59588 -0.59339 0.51724 -0.61673 -0.61556 0.49845 -0.61043 -0.6222 0.57769 -0.52834 -0.63546 0.57769 -0.51232 -0.6781 0.53297 -0.50608 -0.68089 0.50845 -0.52713 -0.71732 0.46984 -0.51449 -0.71804 0.44552 -0.53472 -0.75655 0.38906 -0.52561 -0.75412 0.37613 -0.53836 -0.11837 0.79624 -0.59329 -0.11514 0.79513 -0.59541 -0.23128 0.78288 -0.57759 -0.27451 0.76649 -0.58064 -0.03793 0.83777 -0.54471 -0.32734 0.7832 -0.52863 -0.37066 0.74177 -0.55891 -0.40436 0.73758 -0.5408 -0.42782 0.70394 -0.56695 -0.4866 0.68393 -0.54356 -0.4893 0.65398 -0.57697 -0.02125 0.86595 -0.49968 -0.02991 0.86167 -0.50659 -0.0816 0.87347 -0.48 -0.13712 0.86 -0.49153 -0.14899 0.84828 -0.50816 -0.19034 0.84625 -0.49763 -0.21835 0.83469 -0.50558 -0.51237 0.6946 -0.50499 -0.45822 0.11841 -0.88092 -0.38962 0.41131 -0.82403 -0.43459 0.38488 -0.81425 -0.47612 0.38944 -0.78844 -0.45115 0.34465 -0.82321 -0.47812 0.30523 -0.82355 -0.56944 0.28813 -0.76988 -0.50739 0.22461 -0.83193 -0.50417 0.16553 -0.84759 -0.16479 -0.0408 -0.98548 -0.06984 -0.4278 -0.90117 -0.02361 -0.0163 -0.99959 3E-05 -0.02048 -0.99979 -0.01518 -0.06291 -0.9979 -0.01816 -0.08702 -0.99604 -0.05277 -0.57283 -0.81797 -0.10278 -0.65009 -0.75288 -0.05191 -0.00796 -0.99862 -0.2282 -0.47258 -0.85123 -0.22261 -0.54891 -0.80569 -0.29906 -0.60814 -0.73534 -0.22296 -0.54959 -0.80513 -0.09703 -0.38512 -0.91775 -0.08989 -0.24872 -0.9644 -0.06945 -0.1734 -0.9824 -0.28055 -0.44465 -0.85063 -0.34701 -0.5592 -0.75292 -0.32333 -0.53882 -0.7779 -0.21578 -0.24223 -0.94592 -0.20372 -0.11795 -0.9719 -0.27518 -0.09132 -0.95705 -0.33562 -0.06332 -0.93987 -0.34714 -0.06328 -0.93568 -0.34328 -0.04358 -0.93822 -0.50792 0.0693 -0.85861 -0.38276 -0.03155 -0.92331 -0.37449 -0.23052 -0.89812 -0.34277 -0.29956 -0.89038 -0.35441 -0.33736 -0.87211 -0.25912 -0.32581 -0.90923 -0.13027 -0.16509 -0.97764 -0.17537 -0.24087 -0.95458 -0.17718 0.60029 -0.77991 -0.19767 0.59439 -0.7795 -0.40611 0.47719 -0.77934 -0.52175 0.28927 -0.80256 -0.54928 0.25594 -0.79548 -0.48459 0.08201 -0.87089 0.11874 -0.01206 -0.99285 0.53685 0.55079 -0.63908 0.65955 -0.3973 -0.63808 0.01807 -0.32521 -0.94547 0.02988 -0.40913 -0.91199 0.00076 -0.60903 -0.79315 0.29833 -0.6083 -0.73551 0.25846 -0.5758 -0.77567 0.23389 -0.61879 -0.74993 0.1843 -0.58747 -0.78798 0.15024 -0.64309 -0.75091 0.09764 -0.5852 -0.80499 0.05758 -0.63532 -0.7701 0.59104 -0.42416 -0.68612 0.31505 -0.05313 -0.94759 0.28337 -0.05161 -0.95762 0.34009 -0.17932 -0.92314 0.29233 -0.05578 -0.95469 0.64998 -0.34791 -0.67563 0.77268 -0.15094 -0.61659 0.81181 -0.08313 -0.57798 0.81938 -0.00738 -0.57321 0.81235 0.00571 -0.58315 0.82256 0.05424 -0.56608 0.80758 0.08765 -0.58321 0.8532 0.12045 -0.50749 0.80296 0.20807 -0.55854 0.78207 0.29843 -0.54709 0.8009 0.2752 -0.53182 0.79764 0.3502 -0.49104 0.75055 0.38933 -0.53394 0.74497 0.44036 -0.50109 0.71995 0.45921 -0.52038 0.71178 0.51253 -0.4803 0.67615 0.52991 -0.51187 0.66664 0.5743 -0.47516 0.61708 0.59465 -0.51537 0.6207 0.64002 -0.45289 0.45889 0.52733 -0.71509 0.43301 0.58328 -0.68723 0.41326 0.55736 -0.72011 0.54802 0.69111 -0.4712 0.40164 0.75949 -0.51172 0.48015 0.74746 -0.45908 0.40014 0.77673 -0.48639 0.32758 0.82234 -0.46524 0.3004 0.81159 -0.50107 0.2478 0.84168 -0.47976 0.05083 0.67237 -0.73847 0.08547 0.55854 -0.82507 0.13648 0.55888 -0.81794 0.17914 0.61351 -0.7691 0.21073 0.52896 -0.82207 0.18537 0.56007 -0.80744 0.26125 0.53858 -0.80105 0.2722 0.54592 -0.79238 0.28219 0.50504 -0.81566 0.32378 0.49025 -0.80921 0.33218 0.49367 -0.80371 0.35927 0.45587 -0.81431 0.37532 0.45832 -0.80565 0.39771 0.42597 -0.81263 0.47495 0.17692 -0.86204 0.51211 0.14609 -0.8464 0.45517 0.11331 -0.88317 0.49389 0.14117 -0.85799 0.4298 0.05065 -0.9015 0.37206 0.00564 -0.92819 0.38286 -0.03109 -0.92328 0.38061 -0.0284 -0.9243 0.34585 -0.03512 -0.93763 0.21774 -0.04058 -0.97516 0.20974 -0.02659 -0.9774 0.1843 -0.04607 -0.98179 0.09327 -0.01794 -0.99548 0.08354 -0.02647 -0.99615 0.09612 -0.11209 -0.98904 0.04516 -0.0154 -0.99886 0.03768 -0.05386 -0.99784 0.02421 -0.03231 -0.99918 0.23793 0.68963 -0.68396 0.17233 0.7058 -0.68713 0.16176 0.69981 -0.69578 0.10872 0.73653 -0.66761 0.04001 0.71344 -0.69957 0.43363 0.62884 -0.64538 0.45182 0.63497 -0.62664 0.34141 0.66889 -0.66033 0.36593 0.68012 -0.63524 0.26757 0.71721 -0.64344 0.02017 0.77333 -0.63368 0.26688 0.76231 -0.58963 0.19992 0.78428 -0.58732 0.19685 0.7829 -0.59019 0.11784 0.79667 -0.59281 0.12047 0.79817 -0.59027 0.05639 0.80423 -0.59163 0.48063 0.68133 -0.55207 0.48363 0.68154 -0.54919 0.38551 0.73768 -0.55426 0.39208 0.73988 -0.54667 0.29677 0.78076 -0.54985 0.49742 0.69704 -0.51644 0.20853 0.8351 -0.50904 0.1713 0.85653 -0.48683 0.12874 0.85084 -0.50941 0.0995 0.86576 -0.49047 0.04828 0.86458 -0.50017 0.0431 0.86205 -0.505 0.61901 0.59492 -0.51273 0.60276 0.56525 -0.56318 0.64486 0.51261 -0.56691 0.63736 0.51429 -0.57383 0.68244 0.46388 -0.56488 0.71158 0.36862 -0.59814 0.7295 0.313 -0.60817 0.80213 0.20861 -0.55952 0.7215 0.10687 -0.68411 0.70028 0.29147 -0.65166 0.65775 0.39183 -0.6433 0.64067 0.42123 -0.64196 0.62199 0.42712 -0.65627 0.5967 0.4854 -0.63901 0.56347 0.48941 -0.66557 0.53505 0.54711 -0.64373 0.0425 0.62803 -0.77703 0.05913 0.60759 -0.79205 0.14795 0.64986 -0.74551 0.17071 0.58315 -0.79423 0.57299 0.14202 -0.80717 0.62371 0.10274 -0.77488 0.57936 0.04592 -0.81378 0.58909 0.04024 -0.80707 0.58258 -0.06282 -0.81034 0.59074 -0.08142 -0.80274 0.56347 -0.12952 -0.81592 0.56137 -0.12622 -0.81789 0.56624 -0.19964 -0.7997 0.5445 -0.20957 -0.81216 0.5676 -0.27943 -0.77443 0.70528 0.09071 -0.7031 0.47573 0.52987 -0.70209 0.49521 0.52016 -0.69584 0.7217 -0.03165 -0.69149 0.70133 0.01704 -0.71264 0.72051 0.03235 -0.69269 0.63302 0.17543 -0.75399 0.6371 0.1961 -0.74542 0.59742 0.21861 -0.77155 0.62261 0.29458 -0.72497 0.57533 0.32039 -0.75256 0.58 0.33175 -0.744 0.55105 0.402 -0.73126 0.51543 0.40886 -0.7531 0.51185 0.45713 -0.72735 0.48774 0.46318 -0.73998 0.42999 0.52636 -0.73352 0.40925 0.55326 -0.72555 0.37927 0.54661 -0.74657 0.31013 0.60517 -0.73321 0.30547 0.60274 -0.73716 0.2367 0.64209 -0.72917 0.03202 0.69083 -0.72231 0.62048 -0.33586 -0.70866 0.46881 -0.31598 -0.82485 0.47596 -0.34968 -0.80696 0.2418 -0.45738 -0.85577 0.31811 -0.45193 -0.83341 0.32113 -0.46551 -0.82473 0.53955 -0.44924 -0.71209 0.55548 -0.45555 -0.69564 0.4282 -0.38815 -0.81608 0.35017 -0.55896 -0.75163 0.35005 -0.51453 -0.78276 0.40707 -0.53951 -0.73704 0.45842 -0.51007 -0.72779 0.76309 0.114 -0.63615 0.75463 0.20181 -0.62434 0.73564 0.21002 -0.64399 0.56174 0.56731 -0.60217 0.68737 -0.31381 -0.65501 0.68482 -0.29648 -0.66567 0.72663 -0.22949 -0.64757 0.73243 -0.2462 -0.63477 0.73951 -0.16618 -0.65231 0.75971 -0.14978 -0.63278 0.46801 0.08089 -0.88001 0.49955 0.06247 -0.86403 0.33219 -0.04643 -0.94207 0.33707 -0.05773 -0.93971 0.46597 -0.1747 -0.86738 0.42134 0.01839 -0.90671 0.42683 0.01318 -0.90424 0.18723 -0.08826 -0.97834 0.18593 -0.08393 -0.97897 0.35361 -0.2102 -0.91147 0.34185 -0.28601 -0.89517 0.32934 -0.27869 -0.90214 0.31159 -0.13058 -0.9412 0.21508 -0.13938 -0.9666 0.21867 -0.24199 -0.94532 0.16485 -0.2298 -0.95917 0.12723 -0.16552 -0.97796 0.10121 -0.26153 -0.95988 0.05835 -0.1787 -0.98217 -0.01187 -0.57082 -0.82099 -0.01072 -0.03548 -0.99931 0.08923 -0.48972 -0.8673 0.124 -0.38974 -0.91254 0.15813 -0.44581 -0.88105 0.21344 -0.41028 -0.88663 0.46229 -0.47752 -0.74717 0.52039 -0.49622 -0.69495 0.80523 -0.07014 -0.5888 0.70035 -0.0527 -0.71186 0.6249 -0.03665 -0.77984 0.50932 0.21654 -0.83289 0.50042 0.21953 -0.83749 0.48105 0.25699 -0.83818 0.50676 0.29948 -0.8084 0.51306 0.29914 -0.80454 0.45138 0.31822 -0.83366 0.4478 0.373 -0.81261 0.45228 0.37339 -0.80995 0.41483 0.39589 -0.81926 0.41466 0.42385 -0.80524 -0.42989 -0.21626 -0.8766 -0.11739 -0.44152 0.88954 -0.16703 -0.66449 0.72839 -0.39947 0.55084 -0.7328 0.39391 -0.8693 -0.29858 -0.7076 -0.48197 -0.51673 -0.57372 0.60323 -0.55405 -0.33349 -0.02128 -0.94251 0.36759 0.63804 -0.6766 -0.00763 0.74308 -0.66916 -0.03039 0.73053 -0.68221 -0.04294 0.74237 -0.66861 -0.08602 0.72485 -0.68351 -0.08881 0.72797 -0.67983 -0.13323 0.71393 -0.68742 -0.13882 0.71846 -0.68157 -0.16998 0.697 -0.69663 -0.18364 0.70183 -0.68827 -0.19954 0.68094 -0.70463 -0.2129 0.68588 -0.69587 -0.23492 0.66371 -0.71015 -0.25053 0.6662 -0.70243 -0.26104 0.64423 -0.7189 -0.27602 0.64708 -0.7107 -0.29912 0.61089 -0.73304 -0.30844 0.61404 -0.72651 -0.33546 0.58997 -0.73444 -0.34917 0.59006 -0.72795 -0.34961 0.58885 -0.72871 -0.36951 0.54101 -0.7555 -0.38168 0.56803 -0.72915 -0.44245 0.48837 -0.75215 -0.39627 0.5054 -0.76651 -0.40764 0.52923 -0.74414 -0.36953 0.54121 -0.75534 -0.49976 0.33968 -0.79678 -0.49193 0.39256 -0.77711 -0.46741 0.39753 -0.78962 -0.47008 0.4429 -0.76346 -0.42049 0.45069 -0.78744 -0.53713 0.25342 -0.80453 -0.50784 0.29032 -0.81106 -0.51847 0.28654 -0.80566 -0.49722 0.33825 -0.79898 -0.55574 0.14017 -0.81946 -0.51459 0.1821 -0.83788 -0.54933 0.20013 -0.81129 -0.51952 0.23711 -0.8209 -0.52239 0.11927 -0.84432 -0.54942 0.08583 -0.83113 -0.52639 0.06014 -0.84811 -0.53748 0.04836 -0.84189 -0.52093 -0.0051 -0.85358 -0.51051 0.00419 -0.85986 -0.53417 -0.04589 -0.84413 -0.52331 -0.06678 -0.84952 -0.48476 -0.07425 -0.87149 -0.49838 -0.09776 -0.86143 -0.4958 -0.12294 -0.85969 -0.46559 -0.1361 -0.87447 -0.47396 -0.15459 -0.86687 -0.468 -0.17829 -0.86556 -0.43766 -0.18723 -0.87943 -0.44488 -0.20937 -0.87077 -0.43549 -0.23025 -0.87025 -0.41779 -0.23299 -0.87816 -0.4132 -0.25957 -0.87286 -0.42012 -0.28451 -0.86172 -0.50572 -0.24131 -0.82826 -0.40649 -0.30302 -0.86194 -0.44048 -0.31873 -0.83928 -0.41822 -0.31215 -0.85303 -0.08071 -0.32802 -0.94122 -0.35935 -0.28924 -0.88724 -0.36236 -0.33761 -0.86874 -0.31679 -0.33004 -0.88922 -0.31565 -0.36652 -0.87523 -0.27576 -0.37419 -0.8854 -0.27582 -0.37557 -0.8848 -0.23847 -0.41145 -0.87968 -0.21821 -0.39818 -0.89098 -0.20861 -0.42318 -0.8817 -0.12691 -0.44591 -0.88604 -0.15592 -0.44632 -0.88118 -0.17552 -0.41362 -0.89337 -0.17287 -0.43207 -0.88511 -0.11846 -0.43777 -0.89125 -0.10022 -0.46006 -0.88221 -0.07388 -0.45465 -0.8876 -0.073 -0.45618 -0.88689 -0.04022 -0.46359 -0.88513 -0.0456 -0.45225 -0.89072 -0.01858 -0.47 -0.88247 -0.02051 0.5459 -0.8376 -0.00532 0.67191 -0.74061 -0.00536 0.71379 -0.70034 -0.0047 0.6082 -0.79377 -0.03892 0.98926 -0.14092 -0.03877 0.9975 -0.05912 -0.03881 0.97911 -0.19959 -0.03829 0.95963 -0.27864 -0.03677 0.91789 -0.39513 -0.02582 -0.99862 -0.04579 -2E-05 -0.02127 -0.99977 -0.0054 -0.11381 -0.99349 -0.0105 -0.20708 -0.97827 -0.01542 -0.30327 -0.95278 -0.01985 -0.39679 -0.91769 -0.02384 -0.48931 -0.87179 -0.02724 -0.57774 -0.81577 -0.02992 -0.65929 -0.75129 -0.03191 -0.73464 -0.67771 -0.03314 -0.80176 -0.59673 -0.03361 -0.85917 -0.51058 -0.03333 -0.90723 -0.41932 -0.03235 -0.94476 -0.32616 -0.03073 -0.97215 -0.23233 -0.0285 -0.99007 -0.13763 0.00177 0.60819 -0.79379 0.01712 0.97966 -0.19993 -0.01167 -0.02127 -0.99971 -0.00584 -0.11381 -0.99349 0.01623 0.9981 -0.05939 0.01687 0.98983 -0.14123 0.0199 -0.99875 -0.04574 0.02245 -0.99023 -0.13759 0.02448 -0.97234 -0.2323 0.02656 -0.90744 -0.41935 0.02651 -0.85939 -0.51063 -0.00027 -0.20709 -0.97832 0.00514 -0.30331 -0.95288 0.01006 -0.39686 -0.91782 0.01455 -0.48941 -0.87193 0.01844 -0.57788 -0.81591 0.02159 -0.65947 -0.75142 0.02402 -0.73484 -0.67782 0.02567 -0.80197 -0.59681 0.01706 0.96013 -0.27902 0.10574 -0.31096 0.94452 0.02586 -0.94496 -0.32615 0.02059 0.99709 -0.07345 -0.0097 0.28704 -0.95787 0.00726 0.71376 -0.70036 0.00509 0.67189 -0.74063 0.01621 0.91831 -0.39553 0.42148 -0.25629 -0.86987 0.47784 -0.23938 -0.8452 0.40535 -0.30488 -0.86182 0.40423 -0.31715 -0.85791 0.41994 -0.27886 -0.86365 0.33038 -0.32062 -0.88772 0.3559 -0.32269 -0.87704 0.36061 -0.28961 -0.88661 0.34586 -0.29161 -0.89182 0.32354 -0.34705 -0.88027 0.30038 -0.34236 -0.89026 0.28492 -0.37802 -0.88087 0.25262 -0.36655 -0.89545 0.24988 -0.39706 -0.88312 0.20659 -0.40874 -0.88896 0.20438 -0.42626 -0.88121 0.16031 -0.41867 -0.89387 0.15322 -0.44192 -0.88387 0.12697 -0.44193 -0.88802 0.12206 -0.4509 -0.88419 0.09306 -0.45421 -0.88602 0.08752 -0.44909 -0.88919 0.06869 -0.46404 -0.88315 0.03962 -0.45047 -0.89191 0.05362 -0.47207 -0.87993 0.00858 -0.45397 -0.89098 0.00857 -0.45395 -0.89099 0.418 -0.22866 -0.8792 0.44972 -0.2073 -0.86878 0.45089 -0.20987 -0.86756 0.45638 -0.15517 -0.87615 0.48676 -0.15685 -0.85934 0.47674 -0.09788 -0.87358 0.51342 -0.10036 -0.85225 0.51301 -0.03434 -0.8577 0.54125 -0.00611 -0.84084 0.51182 -0.03296 -0.85846 0.51268 0.03904 -0.85769 0.54996 0.05234 -0.83355 0.52351 0.09336 -0.84689 0.5595 0.11098 -0.82137 0.51962 0.1594 -0.8394 0.55626 0.1723 -0.81295 0.52714 0.23308 -0.81719 0.53262 0.23084 -0.81426 0.5133 0.29306 -0.80662 0.52376 0.28781 -0.80177 0.53401 0.31742 -0.78363 0.49697 0.36851 -0.78563 0.48691 0.36179 -0.795 0.47621 0.41536 -0.77505 0.46805 0.41722 -0.77901 0.46731 0.44804 -0.76216 0.43695 0.45736 -0.77453 0.44692 0.49105 -0.74775 0.40195 0.49979 -0.76723 0.41799 0.53495 -0.73424 0.38027 0.54514 -0.74714 0.38656 0.57684 -0.71961 0.38412 0.57707 -0.72072 0.27674 0.64617 -0.71125 0.27317 0.61088 -0.7431 0.28091 0.62812 -0.72564 0.34165 0.6091 -0.71573 0.33601 0.59276 -0.73194 0.3345 0.59405 -0.73158 0.25785 0.67408 -0.69219 0.22617 0.66684 -0.71005 0.21853 0.69381 -0.6862 0.18208 0.69348 -0.69709 0.18184 0.6933 -0.69733 0.13987 0.72316 -0.67637 0.14056 0.71845 -0.68122 0.1001 0.72642 -0.67992 0.09275 0.74039 -0.66574 0.05785 0.72339 -0.68801 0.04065 0.749 -0.66132 0.00785 0.72916 -0.6843 0.08589 -0.33419 -0.93858 0.15581 -0.04385 -0.98681 0.6443 -0.59044 -0.48606 0.67576 -0.20071 -0.70927 0.7029 0.15663 -0.69383 0.36629 -0.07512 0.92746 0.31863 -0.04578 0.94677 0.92235 0.28906 -0.25636 0.70701 0.25131 0.66105 0.74629 0.39496 -0.53578 0.31932 0.06159 0.94564 0.30865 0.09199 0.94672 0.70739 0.55018 -0.44373 0.81063 0.57547 0.10822 0.20132 0.07671 0.97652 0.67324 0.66443 0.32448 0.44241 0.39003 0.80756 0.16331 0.13519 0.97727 0.60349 0.78893 -0.11573 0.16823 0.17292 0.97046 0.23618 0.34695 0.90766 0.36138 0.7614 -0.53821 0.27716 -0.02071 0.9606 0.12451 0.96823 -0.21685 0.16488 -0.39966 0.90171 0.02603 0.28276 0.95884 -0.41006 -0.11242 0.9051 -0.33013 -0.06294 0.94183 -0.32987 -0.00689 0.944 -0.02503 0.44741 0.89398 -0.34879 -0.81218 0.46766 -0.42168 -0.781 0.46069 -0.40257 -0.77544 0.48645 -0.4615 -0.76351 0.45174 -0.48373 -0.72696 0.48737 -0.52616 -0.7227 0.44819 -0.55669 -0.66214 0.50166 -0.25153 -0.36193 0.89763 -0.31035 -0.36499 0.87776 -0.33113 -0.34103 0.8798 -0.36425 -0.32215 0.87381 -0.79496 -0.33849 0.50345 -0.75757 -0.37421 0.53484 -0.80716 -0.27657 0.52155 -0.80167 -0.28187 0.52714 -0.82259 -0.2327 0.51884 -0.77148 0.22933 0.59349 -0.79 0.15442 0.59334 -0.79424 0.16321 0.58527 -0.8081 0.08281 0.58319 -0.81215 0.09044 0.5764 -0.81936 0.01721 0.57302 -0.81883 0.01608 0.57381 -0.83001 -0.02826 0.55703 -0.81871 -0.05751 0.57132 -0.83544 -0.09352 0.54157 -0.81735 -0.1333 0.56051 -0.82845 -0.16697 0.53459 -0.81292 -0.1973 0.54794 -0.64568 0.41591 0.64041 -0.63239 0.49011 0.5999 -0.53967 0.46299 0.70314 -0.54093 0.47606 0.69337 -0.49127 0.53841 0.68467 -0.14635 0.63256 0.76056 -0.15301 0.61167 0.77618 -0.06562 0.64804 0.75878 -0.07408 0.61885 0.78201 -0.01606 0.67439 0.7382 0.00334 0.01521 0.99988 -0.01295 -0.00746 0.99989 -0.03679 0.00488 0.99931 -0.03072 -0.00952 0.99948 -0.06775 0.01464 0.9976 -0.05621 -0.00407 0.99841 -0.07066 -0.0113 0.99744 -0.10084 0.00998 0.99485 -0.09967 0.0084 0.99499 -0.11334 -0.028 0.99316 -0.1714 0.03028 0.98474 -0.44234 -0.10161 0.89107 -0.39264 -0.12683 0.9109 -0.37773 -0.15707 0.9125 -0.23564 -0.51358 0.82505 -0.20941 -0.48858 0.84702 -0.15863 -0.48926 0.85759 -0.13947 -0.53994 0.83007 -0.13121 -0.52946 0.83813 -0.09512 -0.50668 0.85687 -0.05887 -0.52196 0.85094 -0.04918 -0.56228 0.82549 -0.04181 -0.72389 0.68864 -0.01704 -0.79628 0.60469 0.00161 -0.81274 0.58263 -0.0745 -0.79941 0.59615 -0.71222 -0.32738 0.62094 -0.72717 -0.29143 0.62152 -0.01699 -0.86794 0.49638 -0.0145 -0.86909 0.49444 -0.05807 -0.87301 0.48423 -0.0982 -0.86209 0.49716 -0.10421 -0.85809 0.50282 -0.13977 -0.85769 0.49481 -0.17824 -0.8455 0.50335 -0.18111 -0.84361 0.5055 -0.21897 -0.84034 0.49585 -0.25613 -0.82555 0.50286 -0.26132 -0.82153 0.50675 -0.29537 -0.81594 0.49699 -0.31987 -0.8042 0.50095 -0.55591 -0.65713 0.50906 -0.60218 -0.61679 0.5069 -0.6046 -0.60798 0.51461 -0.65396 -0.55784 0.51102 -0.6557 -0.54782 0.51956 -0.69928 -0.49615 0.51463 -0.70021 -0.48371 0.52511 -0.73803 -0.43116 0.51905 -0.73752 -0.41645 0.53164 -0.76627 -0.36918 0.52587 -0.55719 0.06351 0.82795 -0.54581 0.03927 0.83699 -0.56252 -0.21831 0.79744 -0.57073 -0.29022 0.76814 -0.54113 -0.29474 0.78759 -0.50189 -0.36005 0.78643 -0.52336 -0.39057 0.75733 -0.4422 -0.43097 0.78659 -0.25072 -0.54645 0.79908 -0.19318 -0.62981 0.75234 -0.15206 -0.58386 0.79748 -0.06994 -0.64394 0.76187 -0.07089 -0.63748 0.7672 -0.58636 0.28042 0.75997 -0.54685 0.15805 0.82217 -0.61807 0.0364 0.78528 -0.59595 -0.03971 0.80204 -0.68478 -0.04295 0.72749 -0.60473 -0.13611 0.78471 -0.58139 -0.29258 0.7592 -0.50992 -0.38441 0.76956 -0.46676 -0.48578 0.73902 -0.4246 -0.50992 0.74813 -0.41016 -0.57266 0.70981 -0.36723 -0.56096 0.74194 -0.30563 -0.59405 0.74411 -0.30849 -0.63376 0.70936 -0.2363 -0.65882 0.71422 -0.19429 -0.63275 0.74959 -0.17503 -0.68193 0.71017 -0.11035 -0.69351 0.71194 -0.07873 -0.66456 0.74308 -0.56957 0.26209 0.77904 -0.67171 0.17246 0.72046 -0.66731 0.15075 0.72937 -0.70339 0.10836 0.70249 -0.69223 0.0752 0.71775 -0.72852 0.04933 0.68325 -0.70995 -0.026 0.70377 -0.69726 -0.0391 0.71575 -0.74709 -0.0827 0.65956 -0.72653 -0.14832 0.67094 -0.71689 -0.15615 0.67948 -0.70874 -0.21688 0.67131 -0.71237 -0.21265 0.66881 -0.70377 -0.25591 0.66274 -0.65868 -0.35394 0.66398 -0.64485 -0.39331 0.65534 -0.63835 -0.39775 0.65902 -0.62086 -0.4548 0.63851 -0.58959 -0.47079 0.65631 -0.57013 -0.50508 0.64796 -0.54346 -0.51777 0.66073 -0.53709 -0.56449 0.6268 -0.48409 -0.60271 0.63435 -0.43685 -0.59998 0.67022 -0.42588 -0.65051 0.62885 -0.36075 -0.68304 0.63507 -0.33672 -0.67753 0.65389 -0.29321 -0.72213 0.62655 -0.26557 -0.72234 0.63851 -0.2302 -0.7476 0.62298 -0.19564 -0.74511 0.63761 -0.15947 -0.76651 0.62212 -0.12383 -0.76084 0.63702 -0.08932 -0.77712 0.62298 -0.3088 0.38222 0.87095 -0.40922 0.48051 0.77566 -0.41347 0.32545 0.85037 -0.50552 0.38617 0.77157 -0.50802 0.38928 0.76836 -0.4192 0.51002 0.7511 -0.42555 0.5166 0.74299 -0.37651 0.59249 0.71218 -0.33014 0.57099 0.75165 -0.31522 0.58922 0.74394 -0.25207 0.57417 0.77896 -0.24143 0.61626 0.74962 -0.33546 -0.76378 0.55146 -0.39188 -0.74166 0.5444 -0.39634 -0.73153 0.55477 -0.45858 -0.70113 0.546 -0.46234 -0.68943 0.55761 -0.51927 -0.65542 0.54843 -0.71613 0.22751 0.65985 -0.72023 0.28063 0.63444 -0.6998 0.30144 0.64762 -0.69791 0.36756 0.61467 -0.62985 0.36694 0.68458 -0.61848 0.35443 0.70133 -0.47352 0.2261 0.85127 -0.37032 -0.08344 0.92515 -0.38836 -0.06399 0.91928 -0.34569 -0.00146 0.93835 -0.35693 -0.01457 0.93402 -0.32338 -0.0451 0.9452 -0.17183 0.03075 0.98465 -0.21756 0.04581 0.97497 -0.21004 0.02427 0.97739 -0.22602 0.0089 0.97408 -0.26353 0.01928 0.96446 -0.25553 0.00601 0.96678 -0.01559 0.24904 0.96837 -0.05642 0.22004 0.97386 -0.08472 0.27021 0.95907 -0.106 0.19544 0.97497 -0.17337 0.26213 0.94933 -0.16465 0.15677 0.97381 -0.24479 0.20918 0.94674 -0.27981 -0.46483 0.84002 -0.32837 -0.42001 0.84603 -0.39266 -0.40336 0.82651 -0.35391 -0.34304 0.8701 -0.43382 -0.32979 0.83848 -0.39813 -0.284 0.87226 -0.45832 -0.26856 0.84724 -0.41808 -0.22594 0.87986 -0.49118 -0.19036 0.85 -0.45489 -0.03857 0.88971 -0.48965 0.00752 0.87189 -0.26409 -0.01375 0.9644 -0.02417 0.45154 0.89192 -0.1028 0.38335 0.91787 -0.12808 0.43505 0.89125 -0.20121 0.4244 0.88284 -0.19922 0.33772 0.91992 -0.31196 0.38806 0.86723 -0.27454 0.2542 0.92737 -0.37171 0.2676 0.88894 -0.34439 0.1956 0.91823 -0.42954 0.18397 0.88411 -0.39616 0.12913 0.90906 -0.47688 0.10113 0.87313 -0.47551 0.09905 0.87412 -0.56588 -0.04952 0.823 -0.48801 -0.1059 0.86639 -0.56992 -0.14323 0.80912 -0.51688 -0.18973 0.83477 -0.33577 -0.4546 0.82498 -0.3196 -0.47716 0.81864 -0.01896 0.78491 0.61932 -0.57829 0.21969 -0.7857 -0.45986 0.0391 -0.88713 -0.09922 0.28755 0.95261 -0.24407 0.80353 -0.54293 -0.50064 0.76169 -0.41132 -0.51457 -0.25518 -0.8186 -0.10204 0.86078 -0.49864 -0.06086 0.27134 0.96056 -0.246 0.23549 0.94023 -0.57299 0.5426 0.61422 -0.68571 0.72174 0.09427 -0.14292 0.01064 0.98968 -0.75141 0.65943 -0.02306 -0.83968 0.38193 -0.38609 -0.38454 0.02041 0.92288 -0.56988 0.0302 0.82118 0.71107 0.28395 0.64323 0.03048 -0.64321 0.76508 0.00366 0.20199 0.97938 0.00613 0.00647 0.99996 0.03671 0.61764 0.78561 0.06719 0.65816 0.74987 0.1406 0.61255 0.77782 0.15657 0.65051 0.74319 0.26665 0.54085 0.79773 0.25075 0.66725 0.70136 0.382 0.60828 0.69575 0.31868 0.60605 0.7288 0.80291 -0.01587 0.59589 0.81474 0.05708 0.57701 0.80315 0.11783 0.584 0.80216 0.11806 0.58531 0.78377 0.18214 0.59375 0.84102 -0.05842 0.53783 0.82603 -0.10549 0.55367 0.84096 -0.13218 0.5247 0.8247 -0.16935 0.53962 0.84578 -0.20267 0.49353 0.80694 -0.24966 0.53527 0.83093 -0.27691 0.48257 0.79289 -0.34174 0.50452 0.77963 -0.34958 0.5196 0.77022 -0.39141 0.50355 0.74811 -0.41614 0.51687 0.75521 -0.45455 0.47227 0.71207 -0.49209 0.5008 0.7145 -0.5212 0.46674 0.66758 -0.55673 0.49436 0.66732 -0.58387 0.46236 0.60815 -0.62219 0.49298 0.60668 -0.63223 0.48189 0.57524 -0.66875 0.47103 0.54495 -0.67992 0.49065 0.52372 -0.71194 0.46783 0.48147 -0.73126 0.48316 0.47801 -0.74028 0.47275 0.42328 -0.7787 0.4631 0.39163 -0.78061 0.48712 0.37422 -0.80107 0.46716 0.3142 -0.81876 0.48053 0.3059 -0.83041 0.46566 0.23438 -0.8463 0.47838 0.01357 -0.5495 0.83538 0.00665 -0.54052 0.84131 0.09616 -0.57973 0.80912 0.0546 -0.50809 0.85957 0.3193 -0.41797 0.8505 0.274 -0.47254 0.83763 0.27761 -0.48563 0.82891 0.21851 -0.46646 0.85713 0.19103 -0.50026 0.84454 0.19083 -0.53546 0.82272 0.13742 -0.49557 0.85763 0.4116 -0.31108 0.85663 0.40784 -0.30483 0.86067 0.37993 -0.33767 0.86118 0.42218 -0.40414 0.81144 0.43067 -0.11366 0.89532 0.39451 -0.12834 0.90988 0.38604 -0.159 0.90868 0.3795 -0.10056 0.91971 0.32851 0.054 0.94296 0.25104 0.01374 0.96788 0.20339 0.01741 0.97894 0.20512 0.01008 0.97868 0.16987 -0.00323 0.98546 0.11135 -0.01281 0.9937 0.09381 -0.00583 0.99557 0.09509 0.01805 0.99531 0.07066 -0.00706 0.99748 0.02653 -0.00986 0.9996 0.04993 0.01933 0.99857 0.05105 0.00935 0.99865 0.14087 0.46369 0.87473 0.27643 0.57349 0.77116 0.49648 0.17604 0.85001 0.55435 0.28174 0.78315 0.4769 0.30999 0.82248 0.46856 0.28875 0.83491 0.46631 0.39937 0.78934 0.36462 0.35472 0.86095 0.39336 0.48055 0.7838 0.66395 0.24537 0.70637 0.59994 0.31756 0.73432 0.50389 0.47534 0.72121 0.4713 0.52107 0.71159 0.41295 0.51989 0.74779 0.4101 0.48985 0.76932 0.63868 0.0658 0.76665 0.62585 0.19431 0.75535 0.61155 0.1841 0.76949 0.26441 0.42419 0.86611 0.51393 0.48177 0.70977 0.58081 0.46527 0.66797 0.58103 0.43334 0.68892 0.63232 0.40399 0.66104 0.63064 0.36947 0.68248 0.70332 0.37215 0.60568 0.69478 0.25213 0.67358 0.07024 -0.63503 0.76928 0.16677 -0.63245 0.75643 0.21341 -0.58731 0.78072 0.22474 -0.59532 0.77142 0.32687 -0.55241 0.76681 0.31808 -0.54714 0.77425 0.41358 -0.48764 0.76887 0.50883 -0.4084 0.75783 0.50985 -0.36639 0.77834 0.53399 -0.28652 0.79546 0.59092 -0.25456 0.76551 0.55975 -0.20477 0.80296 0.02078 -0.65784 0.75287 0.43387 -0.49876 0.75033 0.50122 -0.48284 0.71808 0.51967 -0.41956 0.74425 0.57104 -0.33036 0.75151 0.6564 -0.16909 0.73522 0.63567 -0.11547 0.76328 0.01287 -0.72721 0.68629 0.00231 -0.70814 0.70607 0.12834 -0.71921 0.68284 0.17526 -0.70073 0.69156 0.18644 -0.70643 0.68279 0.26801 -0.68401 0.67845 0.24322 -0.66924 0.70212 0.32162 -0.67329 0.66576 0.36981 -0.61477 0.69664 0.35783 -0.61027 0.70677 0.43778 -0.60172 0.66804 0.46541 -0.55184 0.692 0.57943 -0.43852 0.68699 0.63783 -0.34139 0.69038 0.65854 -0.27185 0.70173 0.65755 -0.2722 0.70252 0.68619 -0.08904 0.72195 0.68752 -0.03021 0.72553 0.71763 -0.00317 0.69642 0.70132 0.06435 0.70994 0.67028 0.07709 0.73809 0.70386 0.13974 0.69646 0.09559 -0.76416 0.63791 0.10471 -0.76234 0.63865 0.51291 -0.5646 0.64665 0.5645 -0.523 0.6386 0.54799 -0.52455 0.65158 0.59893 -0.4774 0.64294 0.65883 -0.38638 0.64548 0.65926 -0.36151 0.65931 0.7261 -0.18994 0.66084 0.71667 -0.17443 0.67525 0.74295 -0.12615 0.65735 0.73109 -0.0976 0.67526 0.04693 -0.80727 0.58831 0.1475 -0.79459 0.58896 0.2123 -0.78161 0.58652 0.21556 -0.78292 0.58358 0.28701 -0.7603 0.58272 0.28348 -0.75958 0.58539 0.35755 -0.72944 0.58316 0.36076 -0.7298 0.58074 0.42128 -0.68863 0.59019 0.43261 -0.68774 0.58298 0.47982 -0.64256 0.5974 0.49628 -0.63952 0.58713 0.5278 -0.60395 0.59722 0.80585 -0.0166 0.59188 0.79109 0.0052 0.61167 0.75942 0.18755 0.62298 0.58674 -0.59808 0.54593 0.60351 -0.55699 0.57056 0.63561 -0.54256 0.54921 0.65085 -0.49104 0.57903 0.67349 -0.47991 0.56222 0.69823 -0.42576 0.5755 0.74377 -0.32801 0.58242 0.74944 -0.27967 0.6001 0.77712 -0.25178 0.5768 0.7656 -0.20496 0.60979 0.02414 -0.87343 0.48636 0.06702 -0.86444 0.49824 0.06271 -0.8631 0.50113 0.10343 -0.86443 0.49199 0.14 -0.85476 0.49979 0.14499 -0.8563 0.49571 0.1864 -0.85601 0.48219 0.22193 -0.84262 0.49066 0.15218 0.01029 0.9883 0.15703 0.02894 0.98717 0.06188 0.29118 0.95466 0.08068 0.17947 0.98045 0.15229 0.26702 0.95158 0.15051 0.15564 0.97628 0.22805 0.21711 0.94913 0.20561 0.11034 0.97239 0.31221 0.18478 0.93187 0.26559 0.01823 0.96391 0.33248 0.01827 0.94293 0.29917 -0.02774 0.9538 0.31627 -0.044 0.94765 0.331 0.01679 0.94348 0.42528 -0.27404 0.86258 0.4558 -0.26968 0.84824 0.43158 -0.20142 0.8793 0.46109 -0.19238 0.86625 0.4307 -0.03259 0.90191 0.50511 0.0771 0.8596 0.37659 -0.06378 0.92418 0.4211 -0.03606 0.9063 0.40445 0.05943 0.91263 0.48669 0.16844 0.85718 0.38708 0.14112 0.91118 0.41365 0.23659 0.87916 0.31522 0.1882 0.93017 0.36587 0.35683 0.85954 0.24914 0.25865 0.93329 0.26949 0.43768 0.85779 0.16349 0.30449 0.93838 0.15023 0.50196 0.85174 0.07134 0.37047 0.9261 0.01964 0.48889 0.87213 0.0972 -0.58664 0.804 0.38196 -0.44665 0.80908 0.399 -0.37782 0.8355 0.51002 -0.19163 0.83855 0.54703 -0.10199 0.83087 0.51299 -0.11384 0.85081 0.56406 -0.05289 0.82404 0.52258 -0.01842 0.85239 0.54774 0.09928 0.83073 0.76312 0.23036 0.60381 -0.7608 0.64884 0.01372 -0.39892 0.91663 -0.02548 -0.07863 0.99667 0.0215 0.67185 0.74051 0.0165 0.53471 0.84495 -0.01239 0.98259 0.18387 -0.02673 0.96491 -0.25993 0.03729 0.65869 -0.75192 -0.02735 0.13575 -0.99051 0.02132 -0.25497 -0.96686 -0.01346 -0.72679 -0.68676 0.01176 -0.87389 -0.48606 -0.00762 -0.98324 0.18216 -0.00801 -0.99977 0.02045 0.00579 -0.95843 0.28519 -0.00923 -0.80261 0.59642 0.01044 -0.37498 0.927 -0.00819 -0.1348 0.99086 0.00596 0.25746 0.96627 -0.00505 0.51028 0.85998 0.00752 0.79303 0.60914 -0.00758 0.99826 0.05885 -0.00379 0.972 0.23481 0.00874 0.81331 -0.58182 0.00063 0.80592 -0.59202 0.00205 0.08522 -0.99636 0.00112 0.0104 -0.99992 -0.00744 -0.69168 -0.72214 0.00935 -0.85106 -0.52499 -0.00931 -0.99621 -0.08666 0.00706 -0.91255 0.4086 -0.01731 -0.71135 0.70271 0.01382 -0.37805 0.92564 -0.01623 -0.21948 0.97559 0.00764 0.53123 0.84722 0.00231 0.5395 0.84199 8E-05 0.96917 0.24624 -0.00883 0.99981 0.01356 0.01388 0.90316 -0.42919 -0.01041 0.72197 -0.69185 0.01015 0.12223 -0.99247 0.00847 0.28933 -0.9572 -0.00712 -0.46885 -0.88317 -0.01362 -0.70841 -0.70558 0.01763 -0.95512 -0.29586 -0.01459 -0.99848 0.05204 0.01826 -0.9827 0.18509 0.00687 -0.64832 0.7613 -0.01036 -0.48215 0.87606 0.00707 0.24763 0.96885 -0.00325 0.26026 0.96553 -0.00451 0.83669 0.54765 0.00604 0.91637 0.40028 -0.00675 0.97727 -0.21192 0.00514 0.90455 -0.42627 -0.00882 0.66148 -0.74991 0.00906 -0.02086 -0.99975 0.00858 0.18634 -0.98245 -0.00784 -0.59121 -0.80642 -0.0124 -0.80982 -0.58653 0.013 -0.99991 -0.00982 -0.00904 -0.15874 0.13368 -0.97823 0.04524 0.32003 -0.94633 0.28142 0.16943 -0.94451 0.01026 -0.26295 -0.96476 -0.28136 -0.01558 -0.95948 0.52463 -0.05346 -0.84965 -0.42233 0.0329 -0.90584 -0.4331 0.35641 -0.82789 -0.55433 0.78851 -0.2664 -0.13648 0.49985 -0.85529 -0.12116 0.46802 -0.87537 0.07544 0.96196 -0.26258 0.19974 0.61157 -0.76556 0.39919 0.40315 -0.82348 0.47109 -0.20439 -0.85808 0.37959 -0.49101 -0.78411 0.406 -0.87317 -0.26969 0.10182 -0.58581 -0.80403 -0.21797 -0.56152 -0.79824 -0.3613 -0.25069 -0.89812 -0.10028 0.0946 -0.99045 0.19867 0.07724 -0.97702 -0.01097 -0.24161 -0.97031 -0.17866 -0.06953 -0.98145 0.18559 0.43305 -0.88206 0.38027 0.10122 -0.91932 0.43637 -0.18712 -0.88009 0.238 -0.40624 -0.88222 -0.38468 -0.10519 -0.91704 -0.30169 0.37367 -0.87713 -0.06903 0.49983 -0.86337 0.08662 0.89008 -0.44751 0.2643 0.54731 -0.7941 0.72921 0.66424 -0.16442 0.88428 -0.08074 -0.45992 0.5351 -0.25405 -0.80569 0.67915 -0.69373 -0.23979 -0.25309 0.36388 -0.8964 0.26482 0.3715 -0.88987 0.51261 -0.06791 -0.85593 0.87702 -0.40012 -0.26597 0.37395 -0.36883 -0.85095 0.33929 -0.3451 -0.87509 0.41448 -0.87012 -0.26664 0.05119 -0.52687 -0.8484 0.04231 -0.49513 -0.86779 -0.29405 -0.50319 -0.81261 -0.67957 -0.68562 -0.26099 -0.5436 -0.33918 -0.76776 -0.50197 -0.02778 -0.86444 -0.2176 0.97604 -0.00166 -0.96604 -0.25823 -0.00896 -0.96702 -0.25453 -0.00977 -0.81617 -0.57734 -0.02336 -0.81594 -0.57767 -0.02324 -0.6319 -0.77505 -9E-05 -0.46422 -0.88542 -0.02286 -0.36175 -0.93227 -0.00217 -0.11976 -0.99261 -0.01966 -0.08153 -0.99627 -0.0282 0.07806 -0.99694 -0.00368 0.2598 -0.96554 -0.0151 0.33309 -0.94289 -0.00363 0.56862 -0.82237 -0.01936 0.65263 -0.75766 -0.00399 0.83109 -0.55605 -0.00963 0.87508 -0.48398 -0.00012 0.9627 -0.27048 -0.00689 0.98851 -0.15113 0.00213 0.99397 0.10949 -0.00659 0.98128 0.19256 -0.00209 0.9274 0.37394 -0.00927 0.83039 0.55717 0.00362 0.71905 0.69493 -0.00623 0.55723 0.83036 -0.00257 0.53886 0.84238 -0.00449 0.27108 0.96255 0.00166 0.2092 0.97786 -0.00569 -0.09409 0.99554 -0.00743 -0.3075 0.9515 -0.00982 -0.59542 0.80342 -0.00101 -0.79782 0.6029 -0.00071 -0.68222 0.73105 -0.01173 -0.91038 0.41372 -0.00618 -0.92168 0.38777 -0.01195 -0.99295 -0.11832 -0.00674 -0.99289 0.11775 -0.01729 -0.99043 0.1374 -0.01302 0.99743 0.07107 -0.00876 0.95787 0.2872 -0.0005 0.9114 0.41147 -0.00605 0.82232 0.56902 -0.00237 0.82512 0.56495 -0.00211 0.5599 0.82856 -0.00289 0.57816 0.81592 -0.00103 0.31793 0.94811 0.00039 0.43554 0.90015 -0.00595 0.07832 0.99693 5E-05 0.02345 0.99971 -0.00612 -0.21791 0.97597 -0.00236 -0.26654 0.9638 -0.00593 0.43799 0.89861 -0.02581 -0.61053 0.79199 0.00276 -0.57452 0.81849 -0.00317 -0.84409 0.53614 -0.00867 -0.88962 0.45671 -0.00109 -0.97989 0.19923 -0.01107 -0.96274 0.27038 -0.00504 -0.99288 -0.11888 -0.00723 -0.99727 0.07383 -0.00091 -0.99235 -0.12326 -0.0069 -0.92707 -0.37488 -0.00256 -0.91695 -0.39898 -0.00471 -0.69113 -0.72273 0.00035 -0.7151 -0.69901 -0.00301 -0.46423 -0.8857 -0.00422 -0.45392 -0.89104 -0.00315 -0.10355 -0.99462 -0.00031 -0.13334 -0.99107 -0.00176 0.04877 -0.99879 -0.00646 0.41393 -0.9103 -0.00399 0.12526 -0.99212 -0.00194 0.42114 -0.90699 -0.00442 0.60818 -0.7938 0.00101 0.72058 -0.69335 -0.00526 0.79419 -0.60766 -0.00412 0.80654 -0.59117 -0.00256 0.92675 -0.37569 0.00078 0.97102 -0.23896 -0.00513 0.99478 -0.102 -0.00077 -0.06882 -0.9976 -0.00765 0.10411 -0.9944 -0.01808 0.12183 -0.9923 -0.0223 0.38908 -0.92094 -0.02209 0.29114 -0.95665 -0.00812 0.55423 -0.83235 0.00364 0.69993 -0.714 -0.01715 0.78941 -0.61385 0.00432 0.902 -0.43129 -0.01975 0.99621 -0.08599 -0.01291 0.9993 0.01699 -0.03336 0.94939 -0.31409 8E-05 0.99404 0.10897 0.00181 0.95779 0.28701 -0.01602 0.91915 0.39391 0.00116 0.74147 0.6709 -0.01038 0.79356 0.60849 -0.00205 0.6122 0.79071 0.00071 0.34063 0.9402 -0.00129 0.43527 0.90026 -0.00848 0.12003 0.99276 -0.00435 0.09217 0.99574 -0.0013 -0.28134 0.95961 -0.00271 -0.42562 0.90489 -0.00509 -0.30756 0.95153 -0.00024 -0.70412 0.71008 -0.00137 -0.69188 0.72201 0.00025 -0.85138 0.5245 -0.00684 -0.92164 0.38804 0.00026 -0.97001 0.24288 -0.00921 -0.99708 0.07631 -0.00062 -0.99949 0.03165 -0.00351 -0.95534 -0.29545 -0.00594 -0.96245 -0.27143 -0.00281 -0.81098 -0.58507 0.00153 -0.55765 -0.82994 -0.01469 -0.62767 -0.77844 -0.00711 -0.74486 -0.66714 -0.00986 -0.27456 -0.96135 -0.02043 -0.30897 -0.95097 -0.01398 -0.44886 -0.89358 -0.0062 0.09398 -0.99557 -0.00368 0.96131 0.27542 -0.00444 0.9175 0.39751 -0.01344 0.80745 0.58993 0.00107 0.7304 0.68298 -0.00818 0.48274 0.87576 0.00234 0.2414 0.97042 -0.00399 0.39036 0.92064 -0.00604 0.12692 0.99187 -0.00881 -0.02737 0.99962 -0.00181 -0.1294 0.99157 -0.0063 -0.40161 0.9158 -0.00513 -0.32382 0.94612 -0.00047 -0.72175 0.69213 -0.00483 -0.64267 0.76614 0.00235 -0.90631 0.42254 -0.00799 -0.87273 0.48819 -0.00244 -0.99366 0.11226 -0.00566 -0.98937 0.14534 -0.00428 -0.99957 -0.02916 -0.00117 -0.96248 -0.27132 -0.00499 -0.91211 -0.40991 -0.00589 -0.95165 -0.30715 -0.0035 -0.83578 -0.54906 0.00041 -0.70521 -0.70898 -0.00411 -0.71762 -0.69642 -0.00514 -0.463 -0.88636 -0.0002 -0.37419 -0.92733 -0.00636 -0.15923 -0.98724 0.00099 -0.24548 -0.96939 -0.00412 0.29401 -0.9558 0.00125 0.09557 -0.99542 -0.00377 0.4299 -0.90286 -0.00506 0.71389 -0.70024 -0.00536 0.57149 -0.8206 0.00209 0.79102 -0.61179 0.00073 0.90968 -0.41532 0.00094 0.9371 -0.34898 -0.00773 0.9978 0.06621 -0.0038 0.9995 -0.03032 -0.00846 0.99753 -0.0701 -0.00502 0.01772 -0.99965 0.01962 -0.11467 -0.99329 0.01483 -0.02421 -0.99971 0.00109 -0.02428 -0.9997 0.00121 -0.09127 -0.99484 -0.0442 -0.14917 -0.98871 0.01423 -0.21087 -0.97722 -0.02394 -0.23481 -0.97184 0.01989 -0.30574 -0.95188 -0.02099 -0.32324 -0.9462 0.01521 -0.39826 -0.91706 -0.01975 -0.41304 -0.91059 0.01518 -0.48426 -0.87475 -0.01742 -0.49794 -0.86703 0.01788 -0.5672 -0.82348 -0.013 -0.57735 -0.81634 0.01579 -0.6443 -0.76465 -0.01379 -0.65361 -0.75665 0.01634 -0.70955 -0.70462 -0.00675 -0.71226 -0.70191 0.0015 -0.76106 -0.64841 0.01869 -0.75159 -0.65952 -0.01227 -0.78836 -0.61515 0.00881 -0.79306 -0.60914 -0.00013 -0.82933 -0.55876 -0.0005 -0.83782 -0.54536 0.02552 -0.86542 -0.50094 -0.00984 -0.88392 -0.46669 0.02973 -0.906 -0.42279 -0.02007 -0.9238 -0.38192 0.02717 -0.94228 -0.3343 -0.0188 -0.99351 -0.11325 0.01072 -0.97882 -0.20471 0.00129 -0.95375 -0.29852 0.0354 -0.97062 -0.24038 -0.01074 -0.97974 -0.19941 0.0184 -0.99562 0.09216 -0.01566 -0.99919 0.03083 0.02579 -0.99944 -0.02298 -0.02431 -0.99972 -0.00987 0.02152 -0.99474 -0.1023 -0.00482 -0.9919 0.12278 0.03245 -0.98256 0.18583 -0.00678 -0.97579 0.21754 0.02251 -0.96943 0.24517 -0.00951 -0.9246 0.37909 0.03762 -0.91833 0.39556 0.0138 -0.9501 0.31191 0.00507 -0.94512 0.32633 -0.01579 -0.83862 0.54465 -0.0089 -0.87816 0.47753 0.02845 -0.88724 0.46131 -0.00226 -0.40485 0.91437 -0.00464 -0.43762 0.89845 0.03563 -0.48745 0.87313 -0.00608 -0.52231 0.85201 0.03576 -0.55928 0.82898 -0.00227 -0.60184 0.79854 0.01095 -0.61141 0.79123 -0.01141 -0.66773 0.74434 0.0091 -0.68335 0.72992 -0.01579 -0.7098 0.70423 0.01582 -0.75152 0.65936 -0.02151 -0.76834 0.63993 0.01166 -0.82395 0.5659 -0.02936 -0.7526 0.61786 0.22767 -0.32451 0.94402 0.05933 -0.36046 0.9327 -0.01175 -0.29788 0.95449 0.01494 -0.26513 0.96394 -0.02302 -0.21782 0.97582 0.01799 -0.16855 0.98558 -0.0149 -0.15028 0.98859 0.01015 -0.10846 0.99403 -0.01195 -0.01424 0.99891 0.04452 -0.03846 0.99915 -0.01451 0.01516 0.99982 0.01177 0.0739 0.99719 -0.01187 0.08065 0.99674 -0.00121 0.13568 0.99074 -0.00563 0.17415 0.98413 0.03399 0.21292 0.97707 -0.00105 0.27539 0.96095 0.02709 0.26836 0.96323 0.01346 0.35699 0.93406 0.00927 0.35733 0.93393 0.00988 0.43618 0.89933 0.03082 0.41885 0.90804 0.00581 0.4833 0.87544 -0.0049 0.48932 0.8721 0.0038 0.53864 0.84252 -0.00467 0.54584 0.83787 0.0061 0.61242 0.79049 -0.00822 0.61911 0.78528 0.00593 0.68752 0.72614 -0.00612 0.69385 0.72007 0.00836 0.75364 0.65727 -0.00498 0.75355 0.65737 -0.00521 0.79978 0.60025 0.00717 0.80933 0.58716 -0.01535 0.84605 0.53311 0.0013 0.84926 0.52787 0.0106 0.88563 0.46418 -0.01417 0.89763 0.44054 0.01389 0.91306 0.40746 -0.01754 0.93276 0.36012 0.0165 0.94613 0.32327 -0.0182 0.95409 0.29938 0.00944 0.97335 0.2289 -0.01397 0.97724 0.21185 0.01091 0.99058 0.13589 -0.0168 0.99323 0.11559 0.01154 0.99776 0.06665 -0.00533 0.99933 0.02423 0.02748 0.99997 -0.00719 0.00348 0.99911 -0.03627 0.02134 0.99774 -0.06676 -0.00823 0.99134 -0.12773 0.03047 0.98769 -0.15535 -0.01833 0.97342 -0.22626 0.03553 0.96695 -0.25468 -0.01241 0.9472 -0.31945 0.02772 0.94157 -0.33673 -0.00792 0.90827 -0.41751 0.02698 0.9174 -0.39797 -0.00205 0.8881 -0.45964 -0.0029 0.89128 -0.4533 0.01174 0.85358 -0.52096 -0.00203 0.85096 -0.5252 0.00472 0.8154 -0.5787 0.01526 0.80475 -0.59326 -0.0206 0.75798 -0.65184 0.02395 0.74688 -0.66486 -0.01185 0.68881 -0.72476 0.01621 0.69538 -0.71864 0.00353 0.635 -0.7725 0.00424 0.65799 -0.75093 -0.05622 0.54223 -0.83781 0.06374 0.59132 -0.80386 -0.06442 0.52258 -0.85255 0.00772 0.48727 -0.87291 -0.02434 0.44861 -0.89328 0.02819 0.39756 -0.91725 -0.02465 0.32018 -0.94465 0.07162 0.36228 -0.93168 -0.02684 0.27009 -0.96273 0.01406 0.07881 -0.99666 -0.02159 0.05599 -0.99791 0.0323 0.12895 -0.99146 -0.01932 0.1732 -0.98474 0.01692 0.1805 -0.98356 0.00543 0.2579 -0.96611 -0.0108 0.01329 -0.29735 0.95468 0.10461 -0.2089 0.97233 0.0291 -0.16881 0.98522 0.10576 -0.09287 0.99005 0.17677 -0.04963 0.983 0.20624 -0.04378 0.97752 0.22504 -0.06467 0.9722 0.25373 -0.06027 0.96539 0.28526 -0.06142 0.95648 0.31094 -0.08304 0.9468 0.28861 -0.10712 0.95144 0.36703 -0.17806 0.91301 0.3686 -0.148 0.91773 0.36374 -0.20992 0.90754 0.35233 -0.18333 0.91774 0.33626 -0.22192 0.91525 0.35966 -0.2698 0.89323 0.35915 -0.24978 0.89923 0.32798 -0.2977 0.89655 0.31888 -0.27952 0.90564 0.31723 -0.32765 0.88995 0.29386 -0.3615 0.88485 0.28199 -0.33314 0.89972 0.26723 -0.39209 0.88026 0.23255 -0.3954 0.88858 0.23463 -0.38583 0.89224 0.20057 -0.41306 0.88834 0.20054 -0.41208 0.8888 0.17369 -0.45025 0.87585 0.12095 -0.45281 0.88336 0.14111 -0.43536 0.88913 0.09264 -0.44413 0.89116 0.08662 -0.45402 0.88677 0.04644 -0.46583 0.88366 0.01247 -0.45974 0.88797 0.02235 -0.4507 0.8924 0.25683 -0.12508 0.95833 0.28389 -0.11497 0.95194 0.21322 -0.2856 0.93433 0.19708 -0.312 0.92942 0.12861 -0.33447 0.93359 0.2123 -0.04543 0.97615 0.2198 -0.06593 0.97331 0.23723 -0.11977 0.96404 0.20206 -0.1527 0.9674 0.2214 -0.14757 0.96395 0.23367 -0.18754 0.95406 0.18985 -0.20254 0.96069 0.1938 -0.20326 0.95975 0.18664 -0.24176 0.95222 0.12006 -0.2668 0.95625 0.1086 -0.29321 0.94986 0.07215 -0.27702 0.95815 0.05521 -0.30435 0.95096 0.01537 -0.29993 0.95384 -0.28075 -0.35553 0.8915 -0.09819 -0.04229 0.99427 -0.01313 -0.46497 0.88523 -0.03871 -0.45141 0.89148 -0.04775 -0.46411 0.88449 -0.10353 -0.47587 0.8734 -0.12776 -0.42776 0.89482 -0.12796 -0.42453 0.89632 -0.18935 -0.42166 0.88676 -0.16913 -0.43363 0.88508 -0.21363 -0.40696 0.88811 -0.19794 -0.39904 0.89532 -0.25697 -0.39887 0.88027 -0.254 -0.35034 0.90152 -0.30439 -0.30794 0.9014 -0.30445 -0.30807 0.90133 -0.30443 -0.3339 0.89209 -0.32534 -0.26804 0.90681 -0.3286 -0.2917 0.8983 -0.23092 -0.19017 0.95421 -0.20709 -0.15736 0.96558 -0.26083 -0.08683 0.96147 -0.28364 -0.05766 0.9572 -0.27201 -0.04278 0.96134 -0.19344 -0.02433 0.98081 -0.1972 -0.02497 0.98005 -0.14202 -0.04167 0.98899 -0.13518 -0.04565 0.98977 -0.04288 -0.34247 0.93855 -0.09049 -0.34949 0.93256 -0.16175 -0.31713 0.93449 -0.19415 -0.30037 0.93385 -0.29035 -0.2183 0.93169 -0.31731 -0.21654 0.92327 -0.35139 -0.17434 0.91985 -0.28972 -0.13747 0.94719 -0.30433 -0.14259 0.94184 -0.31883 -0.11125 0.94126 -0.30698 -0.09942 0.94651 -0.25773 -0.08664 0.96232 -0.18871 -0.05869 0.98028 -0.18726 -0.06081 0.98043 -0.18495 -0.06153 0.98082 -0.18136 -0.13822 0.97365 -0.23882 -0.20009 0.95023 -0.17976 -0.20215 0.96272 -0.185 -0.2244 0.95677 -0.17068 -0.23832 0.95607 -0.11263 -0.27853 0.9538 -0.09718 -0.28357 0.95401 -0.02332 -0.30618 0.95169 0.03234 -0.12824 0.99122 0.03245 -0.1278 0.99127 0.03688 -0.141 0.98932 0.09819 -0.05087 0.99387 0.15207 -0.06003 0.98654 0.14134 -0.04688 0.98885 0.16936 -0.08827 0.98159 0.16774 -0.10483 0.98024 0.14758 -0.17132 0.9741 0.10532 -0.20989 0.97204 0.05072 -0.21194 0.97597 0.05623 -0.20519 0.97711 -0.00555 -0.20907 0.97789 0.00761 -0.21691 0.97616 -0.03289 -0.21875 0.97523 -0.05676 -0.20741 0.97661 -0.04933 -0.21514 0.97534 -0.09629 -0.20936 0.97309 -0.10594 -0.2002 0.97401 -0.13977 -0.17209 0.97511 -0.17372 -0.13567 0.9754 -0.16432 -0.07512 0.98354 -0.12057 -0.05753 0.99104 -0.11255 -0.05056 0.99236 -0.09215 0.00012 0.99575 -0.03324 -0.08378 0.99593 -0.04468 -0.04069 0.99817 -0.02782 -0.03448 0.99902 0.00361 -0.12645 0.99197 0.01267 -0.03636 0.99926 -0.00861 -0.03275 0.99943 -0.09809 -0.04246 0.99427 -0.07631 -0.03997 0.99628 -0.04995 -0.04517 0.99773 0.02493 -0.04562 0.99865 0.05763 -0.03781 0.99762 0.08517 -0.04322 0.99543 0.10276 -0.05634 0.99311 -0.123 -0.07311 0.98971 -0.1201 -0.07657 0.9898 -0.03929 -0.07631 0.99631 -0.03453 -0.08023 0.99618 0.01926 -0.06382 0.99778 0.05074 -0.08862 0.99477 0.09772 -0.07072 0.9927 0.11055 -0.08089 0.99057 0.14746 -0.07287 0.98638 -0.1741 -0.09908 0.97973 -0.16782 -0.1055 0.98016 -0.11989 -0.10635 0.98707 -0.11948 -0.10689 0.98707 -0.03453 -0.1076 0.99359 -0.03452 -0.10762 0.99359 0.05073 -0.10755 0.9929 0.05849 -0.11701 0.99141 0.10932 -0.09567 0.98939 0.14658 -0.12125 0.98174 -0.14628 -0.14363 0.97876 -0.12014 -0.12757 0.98453 -0.07755 -0.15728 0.9845 -0.03452 -0.12139 0.992 0.01198 -0.16057 0.98695 0.05849 -0.12115 0.99091 0.09735 -0.15363 0.98332 0.14593 -0.13161 0.9805 0.14946 -0.13548 0.97944 -0.10707 -0.18161 0.97752 -0.0777 -0.16326 0.98352 -0.05691 -0.18138 0.98177 -0.00569 -0.18043 0.98357 0.01198 -0.16064 0.98694 0.05636 -0.18746 0.98066 0.09745 -0.16805 0.98095 0.1074 -0.17622 0.97847 0.23298 0.29528 -0.92657 0.06389 0.27913 -0.95812 0.19606 0.85564 -0.479 0.167 0.63721 0.75238 -0.21502 -0.07202 0.97395 -0.30535 0.33115 -0.8928 -0.25198 0.42545 -0.86919 -0.1954 0.74867 -0.63349 -0.09568 0.332 -0.93841 0.12129 0.66401 0.73782 -0.03278 -0.00992 0.99941 -0.02702 0.0204 0.99943 -0.01816 0.02719 0.99947 -0.02263 5E-05 0.99974 -0.03095 -0.00823 0.99949 -0.03299 0.00806 0.99942 -0.01052 -0.0126 0.99987 -0.011 -0.03173 0.99944 -0.01847 -0.02442 0.99953 0.00854 -0.02204 0.99972 0.00681 -0.02081 0.99976 -0.01705 0.02342 0.99958 -0.0015 0.02908 0.99958 0.0219 0.01203 0.99969 0.03008 0.00683 0.99952 0.02871 -0.01147 0.99952 0.03042 -0.01006 0.99949 0.03229 -0.00173 0.99948 0.01667 0.00969 0.99981 0.01481 -0.01785 0.99973 -0.02686 0.00765 0.99961 -0.02687 0.00704 0.99961 -0.02142 -0.00111 0.99977 -0.01905 0.00431 0.99981 0.01726 0.00131 0.99985 0.00112 0.00281 1 -0.01724 0.02736 0.99948 0.00149 0.03006 0.99955 -0.00647 0.01114 0.99992 -0.01136 -0.01505 0.99982 -0.01032 -0.00254 0.99994 -1E-05 -0.00463 0.99999 0.00944 -0.01485 0.99985 0.01594 -0.0133 0.99978 0.01609 -0.01334 0.99978 0.02445 -0.00438 0.99969 0.02465 0.0014 0.9997 0.01707 0.00661 0.99983 -0.01293 0.01079 0.99986 -0.01821 0.01092 0.99977 -0.02281 0.00046 0.99974 -0.01981 -0.00768 0.99977 -0.02034 -0.0087 0.99976 0.01729 0.02174 0.99961 0.01637 0.02168 0.99963 0.01372 0.02342 0.99963 5E-05 0.02162 0.99977 -0.01332 0.03043 0.99945 0.00749 0.03305 0.99943 0.00243 -0.0286 0.99959 -0.01094 -0.02737 0.99957 -0.0166 -0.02028 0.99966 0.00334 -0.02832 0.99959 0.0117 -0.02013 0.99973 0.01007 -0.01983 0.99975 0.02272 -0.01517 0.99963 0.02968 -0.00119 0.99956 0.02869 0.00148 0.99959 0.02041 -0.00999 0.99974 0.02333 0.00553 0.99971 0.01435 0.01719 0.99975 0.01467 0.01912 0.99971 0.00731 0.02651 0.99962 -0.00444 0.02083 0.99977 -0.00676 0.01745 0.99983 -0.01737 0.01708 0.9997 -0.01826 0.00729 0.99981 -0.02628 0.0009 0.99965 -0.02025 -0.01177 0.99973 -0.01837 -0.00713 0.99981 -0.00829 -0.02532 0.99965 -0.00827 -0.02533 0.99965 0.00093 -0.01792 0.99984 0.01563 -0.02277 0.99962 0.01264 -0.02355 0.99964 0.01936 -0.01462 0.99971 0.01223 -0.01637 0.99979 0.01495 -4E-05 0.99989 0.02088 0.00587 0.99976 0.19013 -0.81526 0.54699 -0.34619 -0.70211 0.62225 -0.2479 -0.88057 0.40391 -0.81857 0.11476 0.56282 -0.92335 -0.01906 0.38348 -0.88272 -0.05975 0.46609 -0.86546 0.32913 0.3777 -0.8735 0.25264 0.41614 -0.82059 0.29793 0.48772 -0.65495 0.7052 -0.27152 0.53097 -0.72504 0.43862 0.24332 -0.88633 0.39398 0.23363 -0.85705 0.45922 -0.23006 -0.85852 0.45828 0.40047 -0.8957 0.19324 0.26175 -0.92002 0.29163 0.63806 -0.72769 0.25169 -0.57198 0.73758 0.3589 -0.02914 0.65934 0.75128 -0.02169 -0.98974 0.14124 -0.02147 -0.91821 0.39551 -0.02205 -0.97956 0.19993 -0.02213 -0.96003 0.27901 -0.0209 -0.99802 0.0594 -0.03129 0.73469 0.67768 -0.21976 0.08348 0.97198 -0.06527 0.27012 0.96061 -0.03226 0.97212 0.23224 -0.03067 0.99002 0.13755 -0.02864 0.99854 0.04572 -0.03279 0.80181 0.59668 -0.0336 0.85921 0.51052 -0.03377 0.90724 0.41925 -0.0333 0.94476 0.32607 -0.00079 0.02127 0.99977 -0.00571 0.11381 0.99349 -0.35913 0.86956 -0.33894 -0.01502 0.30328 0.95278 -0.02306 0.48934 0.87179 -0.23654 0.45156 0.86032 -0.32446 0.91384 0.24419 -0.01922 0.39681 0.9177 -0.01042 0.20708 0.97827 -0.00771 -0.60816 0.79378 -0.01095 -0.67185 0.74061 -0.01305 -0.7137 0.70033 -0.0135 -0.72331 0.69039 -0.02044 -0.88851 0.45841 -0.21705 0.66048 0.71879 -0.21658 0.96858 -0.12222 -0.02641 0.57778 0.81576 0.57798 -0.2022 -0.79061 -0.57873 -0.4826 0.6574 -0.57486 -0.50051 0.64733 -0.73504 -0.26128 0.62566 -0.70949 -0.14376 0.68989 -0.74135 -0.0893 0.66515 -0.81421 -0.3444 -0.46739 -0.02139 0.62994 0.77635 0.45104 0.47295 0.75689 0.43245 0.47958 0.76353 -0.47725 0.13835 0.86781 -0.52527 0.741 0.41834 -0.42798 0.17365 0.88695 -0.10699 0.69665 0.70939 0.0054 0.72973 0.68372 0.8375 0.50428 -0.21044 -0.34072 0.522 0.78194 -0.23719 0.56729 0.78862 0.04506 0.97484 0.21831 0.05258 0.68891 0.72293 -0.53205 0.76951 0.35323 0.29445 0.50249 0.8129 -0.71736 0.0307 0.69602 0.08982 0.99074 0.10177 -0.95105 0.25537 0.17406 0.41773 -0.67661 -0.60639 0.02367 0.99867 0.0458 0.02654 0.99013 0.13764 0.02896 0.9722 0.23234 0.03081 0.94481 0.32617 0.03203 0.90726 0.41934 0.03257 0.8592 0.5106 0.03238 0.80178 0.59674 0.03143 0.73465 0.67772 0.02973 0.6593 0.7513 0.02733 0.57774 0.81577 0.02422 0.4893 0.87178 0.0205 0.39678 0.91768 0.01633 0.30326 0.95277 0.01166 0.20707 0.97826 0.00678 0.11381 0.99348 0.00161 0.02127 0.99977 0.04888 -0.11119 0.9926 0.15416 -0.05807 0.98634 0.0307 -0.98953 0.14099 0.0309 -0.97937 0.19968 0.0308 -0.95987 0.27874 0.02995 -0.91809 0.39524 0.02659 -0.81908 0.57307 -0.01725 -0.71365 0.70029 -0.04429 -0.67116 0.73999 -0.09146 -0.60546 0.79061 0.03015 -0.99779 0.05918 -0.58262 0.39587 0.70982 -0.18765 0.51284 0.83773 -0.15024 0.71387 0.68398 0.17024 0.56461 0.80761 0.03341 0.97685 0.21131 0.10932 0.8799 0.46241 0.48353 0.83482 0.26319 0.47615 -0.68853 0.547 0.86119 -0.17405 0.47755 0.73563 -0.00085 0.67738 0.80158 0.01476 -0.59771 0.44938 -0.72065 0.52793 0.75267 -0.31659 0.57729 -0.52661 0.50284 0.68545 -0.78491 0.29562 0.54454 -0.02306 0.72475 0.68863 -0.76031 -0.20807 -0.61533 0.13937 0.70772 0.69261 0.34315 0.5637 0.75133 0.45018 0.16287 0.87796 0.45812 0.45978 0.76074 -0.17627 0.82879 0.53107 -0.88831 -0.01806 -0.45889 0.7768 -0.13454 0.6152 0.8029 -0.34595 0.48546 0.78049 -0.28539 0.55622 0.60574 -0.7102 0.35873 0.63954 -0.52575 0.56087 0.82194 0.50216 0.26881 0.75411 0.49732 0.42893 0.51581 0.62539 -0.58552 -0.27109 -0.95876 0.08533 0.08244 -0.81728 0.57031 0.06228 -0.91217 0.40505 -0.3558 -0.88617 0.29683 -0.24455 -0.90667 0.34371 -0.79948 -0.54793 0.24618 0.84299 0.24264 0.4801 0.94212 0.23192 0.24212 0.9066 0.14222 0.3973 -0.46485 -0.79196 0.39587 -0.11958 -0.88007 0.45955 0.79659 0.31063 0.5186 0.93827 0.10341 0.33009 0.87059 -0.2561 0.42009 -0.30126 0.62225 0.72253 0.1917 -0.63648 0.74709 -0.18413 -0.40641 0.89495 0.36464 -0.30966 0.87815 0.40093 0.41433 0.81706 0.63369 -0.23822 0.736 0.20494 -0.25851 0.94402 0.3945 -0.39022 0.83193 0.82531 0.04558 0.56283 -0.46868 0.41068 0.7821 -0.75282 0.09648 0.65111 0.22175 0.42809 0.87611 -0.36535 0.10199 0.92527 -0.77747 -0.24664 0.57854 -0.01517 -0.85962 0.51072 -0.00135 0.03133 0.99951 -0.01431 0.60546 0.79574 -0.01126 0.44245 0.89672 -0.03463 0.36517 0.9303 -0.00212 0.11873 0.99292 -0.00459 0.05132 0.99867 -0.03486 0.02169 0.99916 -0.2612 0.15227 0.9532 -0.17764 0.02762 0.98371 -0.25237 0.06186 0.96565 -0.86857 0.21294 0.44749 -0.24766 0.02032 0.96863 -0.39991 0.05806 0.91471 -0.38381 0.03843 0.92261 -0.40222 -0.00637 0.91552 -0.38051 0.0217 0.92452 -0.43863 -0.0059 0.89865 -0.47672 -0.05296 0.87746 -0.41866 -0.03421 0.9075 -0.48783 -0.11041 0.86593 -0.49882 -0.14059 0.85523 -0.5415 -0.16117 0.82511 -0.49171 -0.17854 0.85226 -0.46942 -0.21719 0.85584 -0.52424 -0.26299 0.80994 -0.49784 -0.26515 0.82574 -0.44779 -0.32239 0.83399 -0.51988 -0.37751 0.7663 -0.45797 -0.30061 0.8366 -0.37436 -0.40621 0.83358 -0.44139 -0.40317 0.80164 -0.43069 -0.3896 0.81407 -0.38398 -0.46776 0.79609 -0.34774 -0.45134 0.82181 -0.29619 -0.48255 0.82427 -0.31019 -0.53781 0.78393 -0.25063 -0.51548 0.81943 -0.21444 -0.54716 0.80909 -0.21096 -0.58821 0.78071 -0.17067 -0.55966 0.81096 -0.12937 -0.56308 0.81622 -0.09061 -0.5943 0.79912 -0.10365 -0.60269 0.79121 -0.04163 -0.58597 0.80926 -0.05824 -0.60279 0.79577 -0.00655 -0.58753 0.80917 -0.54998 -0.68529 0.47739 -0.033 -0.87337 0.48593 -0.10998 -0.87392 0.47347 -0.13036 -0.85267 0.50592 -0.18751 -0.86004 0.47452 -0.22923 -0.82669 0.51385 -0.2451 -0.83311 0.49584 -0.31301 -0.82652 0.46786 -0.35242 -0.79118 0.49984 -0.3615 -0.76217 0.53704 -0.42237 -0.76934 0.47929 -0.48785 -0.72919 0.47987 -0.49635 -0.69612 0.51869 -0.51447 -0.6882 0.51157 -0.47416 -0.63594 0.60889 -0.43497 -0.55847 0.70634 -0.44239 -0.57408 0.689 -0.51008 -0.5311 0.67657 -0.50146 -0.52943 0.68429 -0.455 -0.50751 0.73172 -0.62785 -0.59247 0.50476 -0.62237 -0.59347 0.51035 -0.67676 -0.50844 0.53243 -0.67912 -0.53856 0.49874 -0.74763 -0.42477 0.5105 -0.7268 -0.48118 0.49012 -0.77611 -0.36135 0.5168 -0.73302 -0.38444 0.56115 -0.80937 -0.27764 0.51753 -0.83916 -0.19208 0.50884 -0.81512 -0.10727 0.56928 -0.7977 -0.10344 0.59412 -0.85522 -0.00832 0.5182 -0.78824 0.02688 0.61478 -0.79462 0.1474 0.58894 -0.80669 0.05762 0.58816 -0.65259 0.41165 0.63613 -0.61428 0.29901 0.73024 -0.21629 0.03135 0.97583 -0.42371 0.25951 0.86782 -0.60891 0.43695 0.66205 -0.55724 0.46202 0.68994 -0.06205 -0.72408 0.68692 -0.11919 -0.71449 0.68942 -0.43855 -0.61468 0.65562 -0.44058 -0.61186 0.6569 -0.36891 -0.6258 0.68723 -0.37027 -0.64425 0.6692 -0.29488 -0.71723 0.63137 -0.24957 -0.68998 0.67944 -0.16858 -0.77211 0.61272 -0.03806 -0.77383 0.63225 -0.46737 -0.67906 0.56607 -0.4059 -0.68671 0.60305 -0.36192 -0.76277 0.5359 -0.30789 -0.74216 0.59531 -0.22187 -0.80791 0.54595 -0.17103 -0.78516 0.5952 -0.1236 -0.82261 0.55501 -0.0595 -0.81039 0.58286 -0.03512 -0.68421 0.72844 -0.1321 -0.66705 0.73321 -0.22639 -0.6478 0.7274 -0.22691 -0.62427 0.74753 -0.34426 -0.59707 0.72457 -0.33605 -0.56842 0.75098 -0.41482 -0.52812 0.74096 -0.42331 -0.48759 0.76358 -0.43859 -0.51351 0.73752 -0.45878 -0.41433 0.78604 -0.55256 -0.41267 0.72414 -0.51464 -0.35018 0.78264 -0.59117 -0.29757 0.74965 -0.55386 -0.26986 0.78766 -0.6423 -0.18989 0.74256 -0.56936 -0.16128 0.80611 -0.6395 -0.08481 0.7641 -0.55557 0.04444 0.83028 -0.59773 0.00441 0.80168 -0.53838 0.20229 0.81806 -0.60702 0.11144 0.78684 -0.59257 0.24413 0.76763 -0.67267 0.2464 0.69771 -0.6263 0.12403 0.76965 -0.73251 0.14003 0.66619 -0.67866 0.02488 0.73403 -0.73451 -0.00324 0.67859 -0.66583 -0.07718 0.7421 -0.75349 -0.13296 0.64387 -0.65306 -0.18992 0.73311 -0.72216 -0.26618 0.63846 -0.62191 -0.3041 0.72163 -0.66701 -0.39226 0.63342 -0.55685 -0.41469 0.71969 -0.59686 -0.52072 0.61042 -0.4547 0.35039 0.81883 -0.36989 0.61948 0.69241 -0.41539 0.50243 0.7583 -0.25379 0.56433 0.78557 -0.11564 0.52908 0.84066 -0.51147 0.42463 0.74706 -0.51882 0.42617 0.74108 -0.59112 -0.56575 0.5749 -0.58461 -0.51431 0.62747 -0.65613 -0.50101 0.56434 -0.6781 -0.39524 0.61965 -0.72888 -0.38378 0.56697 -0.72884 -0.26652 0.63068 -0.77877 -0.24659 0.57681 -0.75431 -0.13284 0.64294 -0.80619 -0.10125 0.58293 -0.75187 0.00137 0.65931 -0.742 0.14672 0.65415 -0.75969 0.22675 0.60948 -0.72804 0.26619 0.63175 -0.692 0.26275 0.67238 -0.69583 0.34243 0.63132 -0.65841 0.34154 0.67071 -0.3201 0.05047 0.94604 -0.31167 0.03163 0.94966 -0.49001 0.14827 0.85901 -0.47182 0.10298 0.87566 -0.51697 -0.05342 0.85434 -0.51837 -0.07313 0.85202 -0.5208 -0.0752 0.85036 -0.50004 0.51378 0.69713 -0.30489 0.12977 0.9435 -0.31004 0.14137 0.94015 -0.24078 0.15444 0.95821 -0.18292 0.06232 0.98115 -0.39244 0.47812 0.78574 -0.39165 0.47649 0.78712 -0.36584 0.34244 0.86539 -0.26247 0.17636 0.94869 -0.0622 0.02657 0.99771 -0.06183 0.05422 0.99661 -0.17981 0.2017 0.9628 -0.11473 0.04353 0.99244 -0.13708 0.02773 0.99017 -0.05865 0.37627 0.92465 -0.1039 0.22336 0.96918 -0.07964 0.00501 0.99681 -0.16653 0.44949 0.87763 -0.11903 0.24856 0.96127 -0.113 0.04077 0.99276 -0.01386 0.60436 0.79659 -0.07349 0.64153 0.76357 -0.11718 0.58248 0.80435 -0.15507 0.66247 0.73286 -0.2209 0.63275 0.74218 -0.24997 0.47725 0.84246 -0.25548 0.57057 0.7805 -0.25936 0.38 0.88788 -0.19488 0.22295 0.95515 -0.53853 -0.03762 0.84177 -0.81495 -0.35852 0.45533 0.04107 -0.08369 0.99564 0.06045 -0.2931 0.95417 0.06474 -0.53245 0.84398 -0.14408 -0.65721 0.73981 0.60315 0.44557 0.66158 -0.56053 0.10865 0.82098 0.65389 0.33514 0.67832 0.65019 0.39807 0.64714 0.68207 0.32984 0.65268 0.80977 0.07767 0.58159 0.7988 0.15254 0.58194 0.8061 0.00982 0.5917 0.81283 0.02065 0.58213 0.8144 -0.05234 0.57793 0.8329 -0.06521 0.54957 0.80368 -0.19765 0.56127 0.82261 -0.16772 0.5433 0.80912 -0.13093 0.57287 0.82004 -0.24432 0.51753 0.78704 -0.28487 0.5472 0.80297 -0.31654 0.50501 0.74367 -0.38799 0.54445 0.75011 -0.39578 0.5298 0.74259 -0.45975 0.48703 0.69006 -0.50661 0.51687 0.67852 -0.50987 0.52881 0.66287 -0.5714 0.48384 0.61521 -0.62216 0.48418 0.59922 -0.5849 0.54665 0.62565 -0.5923 0.50769 0.52617 -0.53635 0.6599 0.4908 -0.53155 0.69034 0.43072 -0.58418 0.68791 0.45188 -0.55088 0.70166 0.41956 -0.59123 0.68877 0.43067 -0.61813 0.65761 0.47393 -0.6634 0.57905 0.54308 -0.69547 0.47052 0.02202 -0.85826 0.51275 0.49948 -0.69927 0.51141 0.52769 -0.68848 0.49753 0.48865 -0.73501 0.47009 0.44745 -0.73902 0.50363 0.41985 -0.77929 0.46522 0.35292 -0.78842 0.50382 0.34233 -0.80946 0.47705 0.27678 -0.82709 0.4892 0.26143 -0.82293 0.50442 0.22151 -0.85439 0.47005 0.14946 -0.84845 0.50773 0.15357 -0.84158 0.51785 0.09509 -0.88023 0.46492 0.02731 -0.86332 0.50393 0.01824 -0.60938 0.79267 0.06306 -0.57921 0.81274 0.11454 -0.58584 0.80229 0.10558 -0.60909 0.78604 0.1626 -0.56202 0.81099 0.18766 -0.58026 0.79251 0.24035 -0.5488 0.80066 0.22271 -0.54043 0.81138 0.28811 -0.52263 0.8024 0.2727 -0.51543 0.81238 0.32577 -0.49459 0.80576 0.47051 -0.49397 0.73117 0.39454 -0.3658 0.84293 0.46049 -0.34611 0.81741 0.46481 -0.30341 0.8318 0.51764 -0.35474 0.77859 0.47813 -0.25961 0.83904 0.4911 -0.20935 0.84557 0.53469 -0.25244 0.80647 0.49242 -0.14469 0.85825 0.52018 -0.17692 0.83553 0.523 -0.17591 0.83398 0.51371 -0.11036 0.85084 0.49576 -0.04241 0.86742 0.40874 -0.00299 0.91264 0.41604 -0.03158 0.9088 0.35728 0.03367 0.93339 0.40382 0.01013 0.91478 0.44183 0.04342 0.89605 0.2606 0.03693 0.96474 0.33857 0.1369 0.93093 0.20695 0.03482 0.97773 0.25067 0.00141 0.96807 0.17921 0.03767 0.98309 0.13884 0.02184 0.99007 0.11666 0.03609 0.99252 0.06411 0.03875 0.99719 0.10046 0.03476 0.99433 0.0485 0.02604 0.99848 0.00152 0.01974 0.9998 0.27765 0.62877 0.72633 0.30671 0.52613 0.79317 0.32289 0.54824 0.77148 0.50383 0.4078 0.76148 0.23991 0.05278 0.96936 0.26852 0.0826 0.95973 0.33881 0.05719 0.93911 0.12119 0.54211 0.83153 0.21371 0.43174 0.87631 0.19038 0.56526 0.80264 0.30147 0.51116 0.80488 0.18426 0.55065 0.81414 0.10861 0.60199 0.79108 0.04681 0.65094 0.75769 0.41568 0.44096 0.79546 0.31385 0.36224 0.87766 0.40007 0.28641 0.87058 0.43235 0.30247 0.84946 0.53421 0.41856 0.73445 0.54292 0.44674 0.7111 0.48935 0.49467 0.71822 0.42784 0.46223 0.77672 0.43188 0.53107 0.72901 0.39681 0.59084 0.70246 0.52393 0.17421 0.83376 0.52719 0.18762 0.82877 0.57134 0.18001 0.80073 0.54203 0.07948 0.83659 0.56454 -0.01605 0.82525 0.61399 0.08166 0.78508 0.65814 -0.021 0.7526 0.70914 -0.00524 0.70505 0.68342 -0.02721 0.72952 0.73562 0.0683 0.67394 0.67212 0.11186 0.73194 0.67466 0.11512 0.72909 0.65921 0.22824 0.71649 0.60238 0.30342 0.73829 0.55954 -0.44574 0.69873 0.61972 -0.44524 0.64631 0.63089 -0.34239 0.69624 0.68842 -0.32834 0.64673 0.65391 -0.24385 0.7162 0.722 -0.21144 0.65879 0.71342 -0.12834 0.68888 0.68302 -0.14752 0.71535 0.01611 -0.60531 0.79583 0.36084 -0.50358 0.78498 0.37606 -0.48617 0.78881 0.41843 -0.47851 0.77198 0.41981 -0.43808 0.79488 0.54342 -0.43661 0.71698 0.5007 -0.34745 0.79283 0.5916 -0.33177 0.7348 0.56345 -0.25829 0.78473 0.61884 -0.24061 0.74776 0.57788 -0.17915 0.79622 0.65431 -0.13428 0.74421 0.58629 -0.10291 0.80354 0.73799 -0.07609 0.67051 0.01559 -0.66704 0.74486 0.05514 -0.70896 0.70309 0.11203 -0.64743 0.75385 0.185 -0.69383 0.69597 0.21218 -0.63481 0.74297 0.28919 -0.63479 0.71652 0.30429 -0.64267 0.70313 0.32324 -0.57278 0.75329 0.38325 -0.56482 0.73082 0.45365 -0.51504 0.72728 0.53673 -0.53488 0.65255 0.00952 -0.77386 0.63329 0.19579 -0.72927 0.65562 0.19547 -0.7289 0.65613 0.29896 -0.72342 0.62233 0.05559 -0.71354 0.6984 0.09666 -0.75793 0.64513 0.31543 -0.65719 0.68455 0.36489 -0.66902 0.64751 0.43126 -0.61318 0.66184 0.5574 -0.55119 0.62089 0.58912 -0.55675 0.58564 0.66259 -0.50397 0.55406 0.63635 -0.45203 0.62508 0.73922 -0.38733 0.55093 0.69725 -0.32975 0.63648 0.77 -0.28461 0.57105 0.76049 -0.21843 0.61151 0.78224 0.09245 0.61607 0.75084 0.17791 0.63607 0.76397 0.2224 0.60571 0.69952 0.27282 0.66048 0.69427 0.25628 0.67254 0.04925 -0.82253 0.56659 0.10096 -0.80987 0.57786 0.14389 -0.82692 0.5436 0.20746 -0.78241 0.58719 0.25069 -0.79742 0.54889 0.31718 -0.75549 0.57327 0.33399 -0.75943 0.55832 0.39636 -0.71112 0.5807 0.42701 -0.71432 0.55444 0.47402 -0.67167 0.56936 0.06221 0.05734 0.99641 0.19066 0.07184 0.97902 0.01914 -0.00501 0.9998 0.08442 0.1685 0.98208 0.07232 0.25977 0.96296 0.11982 0.0594 0.99102 0.16127 0.16284 0.97338 0.16034 0.2518 0.9544 0.31149 0.16207 0.93633 0.3177 0.17861 0.93122 0.2296 0.13336 0.9641 0.24889 0.23325 0.94002 0.34471 0.05181 0.93728 0.38217 0.10222 0.91842 0.07953 0.40394 0.91132 0.53931 -0.11735 0.83389 0.48274 -0.08373 0.87175 0.4984 -0.04218 0.86592 -0.04737 0.3132 0.9485 -0.56047 -0.25377 0.78833 -0.1244 -0.23925 0.96296 -0.81357 0.0144 0.58128 -0.30322 0.05762 0.95118 0.58357 -0.58495 0.56328 -0.37667 -0.49894 0.7805 -0.4314 0.12183 0.8939 -0.00863 -0.24723 0.96892 -0.23568 0.37645 -0.89596 0.66855 0.29397 0.6831 0.29139 0.05626 0.95495 -0.17503 -0.33777 0.92481 0.49697 -0.54015 0.67916 0.70306 0.48704 0.51816 -0.58419 -0.5708 0.57698 0.45346 0.23689 0.85922 0.03952 -0.19233 0.98053 0.42838 -0.7381 0.52125 0.21864 -0.57678 0.7871 0.08304 -0.24683 0.96549 0.55538 -0.71488 0.42485 0.41058 -0.57547 0.70729 -0.15329 -0.33735 0.92882 -0.18487 0.04054 -0.98193 0.00608 -0.71781 0.69622 0.19247 -0.66713 0.71965 0.15726 -0.68518 0.7112 0.15417 -0.68349 0.71349 0.1307 -0.70707 0.69496 0.11796 -0.69981 0.70452 0.08411 -0.71257 0.69654 0.08442 -0.71138 0.69771 0.04005 -0.71959 0.69324 0.03977 -0.72012 0.69271 0.30332 -0.60548 0.73579 0.26884 -0.61849 0.73838 0.26832 -0.61522 0.74129 0.23758 -0.64856 0.72314 0.23985 -0.65903 0.71285 0.17844 -0.65795 0.73161 0.35096 -0.57252 0.74098 0.35178 -0.58478 0.73095 0.31216 -0.58262 0.7504 0.30014 -0.5885 0.75073 0.36251 -0.54092 0.75894 0.36326 -0.54034 0.759 0.37205 -0.50357 0.77974 0.37224 -0.54106 0.75412 0.40921 -0.50231 0.76173 0.45854 -0.4184 0.78402 0.39795 -0.44581 0.8018 0.41059 -0.44663 0.79495 0.47858 -0.39024 0.78656 0.45654 -0.40213 0.79364 0.48202 -0.35773 0.79981 0.47059 -0.36404 0.80375 0.50655 -0.31309 0.80335 0.47853 -0.32274 0.81661 0.5066 -0.25995 0.82206 0.50086 -0.26214 0.82487 0.5076 -0.20547 0.83673 0.51865 -0.20067 0.8311 0.50109 -0.13104 0.85542 0.53986 -0.14425 0.8293 0.51212 -0.0575 0.85699 0.50589 -0.06301 0.8603 0.53309 -0.09133 0.84111 0.51932 0.01348 0.85447 0.494 -0.00841 0.86942 0.51199 0.07515 0.8557 0.49608 0.05629 0.86645 0.47188 0.10771 0.87506 0.47533 0.11272 0.87256 0.44375 0.1538 0.88285 0.45222 0.16919 0.87571 0.4128 0.20437 0.8876 0.41973 0.22003 0.88058 0.21694 0.1276 0.96781 0.41349 0.22499 0.88227 0.40139 0.26279 0.8774 0.357 0.29187 0.88733 0.36099 0.29361 0.88514 0.35611 0.29761 0.88578 0.41557 0.2854 0.86362 0.40328 0.28219 0.87048 0.31185 0.31523 0.89631 0.33027 0.32837 0.88493 0.27597 0.34257 0.89805 0.27712 0.36732 0.88785 0.23493 0.36988 0.89889 0.23003 0.39237 0.89058 0.20388 0.38601 0.89968 0.19479 0.40693 0.89245 0.16356 0.40126 0.90124 0.15068 0.43083 0.88976 0.12178 0.40469 0.90631 0.07442 0.45879 0.88542 0.08185 0.47767 0.87472 0.02815 0.4192 0.90746 -0.3569 0.30579 0.88268 -0.02781 -0.76042 0.64884 -0.11075 -0.71008 0.69536 -0.34991 0.3255 0.87842 -0.39085 0.26907 0.88025 -0.41846 0.26393 0.86904 -0.40855 0.2432 0.87974 -0.4051 0.21209 0.88933 -0.43507 0.19544 0.87893 -0.42471 0.17258 0.88873 -0.48199 0.11208 0.86898 -0.43806 0.12901 0.88964 -0.47172 0.13752 0.87096 -0.50821 0.06278 0.85894 -0.47097 0.07782 0.87871 -0.52774 0.00505 0.84939 -0.48541 0.02634 0.87389 -0.53353 -0.0569 0.84386 -0.49262 -0.04114 0.86927 -0.54047 -0.116 0.83333 -0.50506 -0.09683 0.85764 -0.54021 -0.17509 0.82312 -0.50092 -0.15934 0.8507 -0.5014 -0.23531 0.8326 -0.50042 -0.23501 0.83328 -0.51685 -0.29552 0.80345 -0.50093 -0.28807 0.81614 -0.49002 -0.34108 0.80221 -0.48542 -0.33816 0.80624 -0.46513 -0.38765 0.79586 -0.46353 -0.38651 0.79734 -0.44241 -0.43834 0.78239 -0.43289 -0.43056 0.79197 -0.42027 -0.48262 0.76841 -0.41785 -0.47992 0.77141 -0.38662 -0.51372 0.76591 -0.38889 -0.51728 0.76235 -0.38715 -0.57756 0.71871 -0.36406 -0.53516 0.76228 -0.3669 -0.54418 0.75449 -0.33151 -0.5807 0.74357 -0.36321 -0.57691 0.73161 -0.31317 -0.58831 0.74553 -0.33779 -0.59538 0.72898 -0.26648 -0.60375 0.75131 -0.33662 -0.63701 0.69347 -0.27171 -0.62181 0.73452 -0.24489 -0.65238 0.71724 -0.2458 -0.6528 0.71654 -0.19465 -0.66261 0.72323 -0.22868 -0.68682 0.68991 -0.18808 -0.67607 0.71243 -0.15199 -0.69402 0.70373 -0.1605 -0.70019 0.69568 -0.01398 -0.73096 0.68228 -0.06348 -0.71588 0.69533 -0.06507 -0.71767 0.69333 -0.11122 -0.71055 0.6948 -0.33796 0.25984 0.90458 -0.32891 0.34605 0.87868 -0.28195 0.32687 0.90203 -0.28186 0.38418 0.87918 -0.21777 0.37212 0.90227 -0.21787 0.38199 0.89812 -0.17224 0.39732 0.90137 -0.17653 0.40087 0.89897 -0.14162 0.41523 0.89862 -0.14027 0.42259 0.8954 -0.09575 0.43314 0.89623 -0.09335 0.43952 0.89337 -0.0581 0.43113 0.90042 -0.05849 0.43023 0.90082 -0.01306 0.45485 0.89047 -0.00723 0.44048 0.89773 -0.13153 -0.07333 0.9886 -0.00376 -0.17202 0.98509 0.00218 -0.18533 0.98267 0.12707 -0.16798 0.97757 -0.9202 -0.38052 0.09182 -0.94296 0.29948 0.14537 -0.81733 0.55981 0.1363 -0.90973 0.3864 0.15195 -0.91749 0.36009 0.16894 -0.74381 0.65383 0.13876 -0.67266 0.73009 0.1204 -0.63656 0.75721 0.14638 -0.60455 0.79032 0.09957 -0.55289 0.82521 0.11551 -0.51109 0.85657 0.07123 -0.40219 0.91435 0.04704 -0.37188 0.9248 0.08032 -0.27291 0.9618 0.0216 -0.07928 0.99635 0.03152 -0.01659 0.74037 0.67199 -0.0613 0.75632 0.65132 -0.07815 0.73708 0.67127 -0.15286 0.74635 0.64776 -0.16418 0.70478 0.69017 -0.26239 0.68534 0.67931 -0.25707 0.73272 0.6301 -0.30413 0.65592 0.69085 -0.37811 0.69453 0.61209 -0.09498 0.96357 0.25002 -0.15828 0.95262 0.25974 -0.6369 0.71312 0.29294 -0.69529 0.63331 0.33984 -0.70939 0.626 0.32387 -0.74631 0.55615 0.36568 -0.77487 0.53617 0.33481 -0.79694 0.47512 0.37302 -0.82299 0.44849 0.34862 -0.8393 0.39169 0.37703 -0.86067 0.36834 0.35152 -0.87549 0.3093 0.3713 -0.88846 0.29363 0.35273 -0.90412 0.22551 0.36293 -0.91035 0.21763 0.352 -0.92007 0.13707 0.36698 -0.92866 0.12366 0.34971 -0.93049 0.05091 0.36277 -0.93823 0.03507 0.34423 -0.93373 -0.03503 0.35626 -0.94007 -0.05278 0.33686 -0.92979 -0.12064 0.34776 -0.93568 -0.14639 0.32105 -0.91758 -0.20552 0.3403 -0.91768 -0.24195 0.31515 -0.89739 -0.28916 0.33329 -0.89256 -0.33082 0.30643 -0.87138 -0.37043 0.32168 -0.86213 -0.41185 0.29516 -0.8378 -0.44955 0.30983 -0.82425 -0.49002 0.28371 -0.79667 -0.52584 0.29802 -0.77892 -0.56487 0.2724 -0.74788 -0.59884 0.28646 -0.72635 -0.63566 0.26145 -0.6996 -0.6606 0.27235 -0.3767 -0.9045 0.19992 -0.31971 -0.92232 0.21706 -0.19423 -0.96189 0.19246 -0.13477 -0.96855 0.20914 -0.00494 -0.97765 0.2102 -0.05972 0.98644 0.15286 -0.19677 0.96656 0.16442 -0.27583 0.94491 0.17622 -0.27493 0.94486 0.17789 -0.37251 0.90773 0.19304 -0.37306 0.90774 0.19192 -0.46463 0.85915 0.21444 -0.46958 0.85902 0.20393 -0.55048 0.80106 0.2351 -0.55583 0.80054 0.224 -0.62832 0.73967 0.24105 -0.66979 -0.72247 0.17154 -0.638 -0.74565 0.19227 -0.59955 -0.78388 0.1615 -0.56548 -0.80442 0.18208 -0.5122 -0.84666 0.14428 -0.48945 -0.8579 0.15637 -0.43293 -0.89094 0.13712 -0.40764 -0.90105 0.1481 -0.26035 -0.95665 0.13055 -0.22252 -0.9645 0.14219 -0.06095 -0.99128 0.11679 -0.02923 -0.99024 0.13628 -0.46744 0.8771 0.11045 -0.72252 0.6713 0.1653 -0.78678 0.5903 0.18034 -0.84538 0.50302 0.17973 -0.87755 0.45201 0.16001 -0.88277 0.43804 0.16981 -0.94828 0.26192 0.17936 -0.96601 0.19957 0.16429 -0.96697 0.17383 0.18644 -0.97997 0.10374 0.17001 -0.9799 0.08122 0.18222 -0.98537 0.05407 0.16162 -0.98012 -0.01674 0.19768 -0.98632 -0.0619 0.15279 -0.97621 -0.11157 0.18591 -0.9776 -0.16345 0.13262 -0.95956 -0.221 0.17435 -0.94994 -0.28054 0.13753 -0.93832 -0.3079 0.15732 -0.91423 -0.38539 0.12516 -0.91034 -0.39194 0.13294 -0.86596 -0.47849 0.14545 -0.85801 -0.50125 0.11211 -0.82013 -0.55743 0.12911 -0.80315 -0.58793 0.09637 -0.76387 -0.63322 0.12468 -0.72313 -0.68521 0.08697 -0.69384 -0.71126 0.11266 -0.65176 -0.75575 0.06371 -0.61265 -0.78421 0.09837 -0.57657 -0.81499 0.05801 -0.53593 -0.83967 0.08791 -0.34755 -0.93559 0.06237 -0.29671 -0.95215 0.07331 -0.17509 -0.98232 0.0663 -0.12535 -0.99072 0.05252 -0.07362 -0.99344 0.08753 -0.17365 0.8067 0.56487 -0.25689 0.80047 0.54152 -0.27918 0.76156 0.58488 -0.34515 0.7655 0.54303 -0.3829 0.70153 0.60103 -0.42045 0.6977 0.58003 -0.43688 0.67457 0.59506 -0.4972 0.65065 0.57398 -0.50241 0.63803 0.58353 -0.54155 0.597 0.59187 -0.56564 0.59257 0.57351 -0.58294 0.55318 0.59513 -0.63169 0.53182 0.56403 -0.63125 0.47628 0.61211 -0.69547 0.43542 0.5716 -0.06546 0.86559 0.49645 -0.08085 0.87851 0.47084 -0.14974 0.86522 0.47851 -0.6625 0.56583 0.49085 -0.71829 0.50549 0.47806 -0.71857 0.44788 0.53204 -0.75268 0.41073 0.51456 -0.75652 0.38246 0.53048 -0.79291 0.33454 0.50928 -0.7936 0.30825 0.52458 -0.8257 0.25679 0.50228 -0.82483 0.24459 0.50974 -0.83625 0.19352 0.51307 -0.85074 0.17744 0.49472 -0.84951 0.14685 0.50672 -0.86693 0.09656 0.48899 -0.86101 0.0767 0.50277 -0.87602 0.01616 0.48201 -0.86941 -0.0002 0.49409 -0.87889 -0.06397 0.47272 -0.87178 -0.07786 0.48367 -0.8744 -0.14362 0.46347 -0.86726 -0.15495 0.47314 -0.86269 -0.22238 0.45422 -0.86118 -0.2244 0.4561 -0.84388 -0.27631 0.45991 -0.84811 -0.29934 0.43715 -0.82042 -0.34508 0.45588 -0.82199 -0.37543 0.42822 -0.79099 -0.4176 0.44715 -0.78854 -0.44934 0.41987 -0.75446 -0.4881 0.43881 -0.74789 -0.52029 0.41226 -0.71073 -0.55596 0.43102 -0.70009 -0.58774 0.4055 -0.66012 -0.62008 0.42397 -0.64153 -0.6586 0.39329 -0.59899 -0.66974 0.43894 -0.55392 -0.70248 0.44687 -0.52458 -0.76362 0.37643 -0.50936 -0.76327 0.39747 -0.42289 -0.79107 0.44201 -0.37218 -0.84975 0.37337 -0.3651 -0.84839 0.38333 -0.30269 -0.85328 0.4246 -0.23016 -0.88074 0.41391 -0.21541 -0.8982 0.3832 -0.14835 -0.89784 0.41458 -0.10889 -0.91606 0.38599 -0.0649 -0.90888 0.41197 -0.01545 -0.92215 0.38652 -0.06243 0.93311 0.35413 -0.19015 0.9076 0.37431 -0.26965 0.88378 0.3824 -0.27344 0.88485 0.3772 -0.36258 0.84612 0.39067 -0.36781 0.84701 0.38378 -0.45015 0.79831 0.40008 -0.45681 0.79873 0.3916 -0.53092 0.74169 0.4099 -0.53897 0.74131 0.39996 -0.6043 0.67736 0.41953 -0.60383 0.67744 0.42008 -0.66336 0.6034 0.44257 -0.65452 -0.67863 0.33325 -0.60723 -0.73524 0.30114 -0.53508 -0.77145 0.34432 -0.52879 -0.78506 0.32258 -0.462 -0.83951 0.28598 -0.38246 -0.86317 0.32964 -0.38957 -0.85377 0.34542 -0.29301 -0.91521 0.27666 -0.22497 -0.92284 0.31266 -0.21682 -0.92771 0.30387 -0.11525 -0.94471 0.30699 -0.10425 -0.95126 0.29022 -0.01734 -0.95679 0.29027 -0.0286 -0.95257 0.30297 0.01968 -0.90772 0.41911 0.10607 -0.9181 0.3819 0.10174 -0.92223 0.37303 0.15537 -0.89098 0.42663 0.23229 -0.88093 0.41232 0.27459 -0.89034 0.36318 0.29009 -0.87074 0.39707 0.35055 -0.82736 0.43885 0.4361 -0.8192 0.37247 0.43809 -0.80953 0.39081 0.49139 -0.74561 0.45011 0.56581 -0.72632 0.39027 0.57337 -0.71014 0.4086 0.62706 -0.66505 0.40559 0.62581 -0.65097 0.42965 0.68004 -0.59047 0.43461 0.69366 -0.58689 0.4176 0.73202 -0.53441 0.42254 0.73911 -0.5292 0.41673 0.75579 -0.48796 0.43667 0.78359 -0.45902 0.41867 0.78734 -0.42302 0.44849 0.81796 -0.38523 0.42725 0.8171 -0.35046 0.45774 0.84495 -0.30907 0.4365 0.83985 -0.2761 0.46735 0.86452 -0.23108 0.44633 0.85567 -0.20029 0.47719 0.87666 -0.15186 0.45651 0.86461 -0.12359 0.48701 0.88142 -0.07179 0.46684 0.8668 -0.04623 0.49651 0.87869 0.00851 0.47732 0.86238 0.03105 0.50531 0.45963 0.59945 0.65528 0.40723 0.65856 0.63283 0.38265 0.64257 0.66383 0.32688 0.69665 0.63862 0.29907 0.67783 0.67164 0.23606 0.73303 0.63792 0.20806 0.69368 0.68958 0.11822 0.72694 0.67645 0.12459 0.73908 0.662 0.06437 0.71622 0.6949 0.02318 0.87312 0.48696 0.02356 0.93524 0.35322 0.02638 0.98647 0.16178 0.03584 0.99933 -0.0077 0.11665 0.99254 0.03551 0.32902 0.94416 0.0175 0.37414 0.92468 0.07057 0.42755 0.90224 0.05628 0.42849 0.90191 0.05432 0.50797 0.86002 0.04833 0.49457 0.86459 0.08883 0.5662 0.82315 0.04297 0.59553 0.79826 0.0902 0.66082 0.74486 0.09219 0.64002 0.76619 0.05771 0.71789 0.69164 0.07919 0.73262 0.68061 -0.00681 0.76683 0.63709 0.07802 0.81793 0.57096 0.07071 0.82635 0.5629 0.01726 0.87116 0.47914 0.10726 0.90335 0.42098 0.08201 0.89546 0.42673 0.12668 0.9455 0.29814 0.13093 0.93407 0.34617 0.08763 0.99204 0.07304 0.10263 0.15384 -0.98542 0.07263 0.59639 -0.79322 0.12299 0.63263 -0.76876 0.0937 0.67716 -0.72806 0.1067 0.70229 -0.70707 0.08267 0.74853 -0.65147 0.12361 0.77127 -0.62869 0.09946 0.80971 -0.56945 0.14177 0.8464 -0.52069 0.11174 0.85976 -0.48961 0.14521 0.89653 -0.42507 0.12468 0.90073 -0.40637 0.15345 0.93604 -0.31805 0.1506 0.93978 -0.31051 0.14284 0.95876 -0.23045 0.16632 0.96457 -0.21459 0.1535 0.97447 -0.14 0.17552 0.97715 -0.13057 0.16771 0.98267 -0.04712 0.17929 0.98228 -0.04886 0.18096 0.98452 0.05042 0.16787 0.9853 0.0568 0.16113 0.04657 -0.99367 0.10224 0.109 -0.98362 0.14355 0.15286 -0.98081 0.121 0.20335 -0.9678 0.14834 0.25535 -0.95766 0.133 0.2981 -0.94254 0.15085 0.33855 -0.9313 0.13439 0.38915 -0.908 0.15525 0.41817 -0.897 0.14325 0.47473 -0.86447 0.16531 0.48938 -0.85761 0.15814 0.55574 -0.81362 0.17081 0.57923 -0.80032 0.15483 0.68221 -0.69738 0.21965 0.72127 -0.66544 0.19223 0.08461 -0.974 0.21017 0.62434 -0.73384 0.26773 0.65838 -0.70734 0.25729 0.74317 -0.60247 0.29108 0.76881 -0.57515 0.27954 0.78733 -0.53589 0.30484 0.81528 -0.50089 0.29056 0.8296 -0.46011 0.31633 0.85437 -0.4232 0.30158 0.8644 -0.38133 0.32771 0.88611 -0.34247 0.3123 0.89169 -0.30028 0.33871 0.91037 -0.25934 0.32245 0.91157 -0.2173 0.34902 0.92719 -0.17408 0.33169 0.92408 -0.13293 0.35835 0.93648 -0.08721 0.33971 0.92927 -0.04738 0.36634 0.93819 0.00107 0.34613 0.92724 0.03858 0.37249 0.10298 -0.94777 0.30186 0.112 -0.94321 0.31274 0.19222 -0.9424 0.27375 0.27553 -0.90817 0.31514 0.28102 -0.90277 0.32562 0.36734 -0.88597 0.28306 0.44008 -0.83759 0.32369 0.44545 -0.82893 0.33832 0.52508 -0.79766 0.29668 0.57503 -0.74843 0.33045 0.66791 -0.66055 0.3429 0.70923 -0.6186 0.33813 0.27323 0.95946 0.06921 0.74507 0.62056 0.24448 0.94486 0.28758 0.15662 0.95095 0.22616 0.21105 0.97228 0.16469 0.16595 0.0286 0.98571 0.16603 0.11669 0.97872 0.16881 0.12289 0.97946 0.15985 0.18793 0.96862 0.16269 0.17839 0.96812 0.17582 0.26561 0.94909 0.16936 0.47555 0.85629 0.20153 0.51652 0.84221 0.1546 0.56037 0.79732 0.2242 0.59761 0.7777 0.19505 0.63458 0.73288 0.24535 0.66741 0.71283 0.21549 0.70571 0.66076 0.25569 0.74651 0.63318 0.20448 0.76877 0.58374 0.26125 0.81709 0.51946 0.25004 0.82268 0.50084 0.26901 0.85999 0.43901 0.26015 0.86538 0.41574 0.27979 0.89934 0.3673 0.23722 0.90645 0.31788 0.27804 0.29852 0.91739 0.26322 0.3749 0.88529 0.27517 0.37348 0.88529 0.27708 0.46576 0.83669 0.28811 0.45588 0.83707 0.30246 0.54246 0.77437 0.3257 0.85366 0.37188 0.36464 0.87471 0.29645 0.38341 0.89448 0.28428 0.3451 0.90108 0.21103 0.37885 0.91826 0.18028 0.35255 0.91796 0.12465 0.37657 0.9322 0.09034 0.35049 0.04009 0.91995 0.38999 0.1219 0.92426 0.36178 0.16472 0.9028 0.39727 0.18667 0.90838 0.37417 0.25923 0.88706 0.382 0.55358 0.72897 0.40269 0.60891 0.67324 0.4195 0.61842 0.67173 0.40783 0.67371 0.60229 0.4282 0.68466 0.59922 0.41494 0.72991 0.52677 0.4356 0.74236 0.52181 0.42025 0.77816 0.44769 0.4405 0.79125 0.44081 0.4238 0.81613 0.37259 0.44171 0.28305 0.83194 0.47724 0.35128 0.79825 0.48928 0.3611 0.80078 0.47786 0.4364 0.75194 0.4941 0.44723 0.75364 0.48168 0.50678 0.7043 0.49713 0.79825 0.31683 0.51226 0.80983 0.26246 0.52468 0.82796 0.24864 0.50265 0.83484 0.18449 0.51865 0.85245 0.16883 0.4948 0.85272 0.10716 0.51126 0.86905 0.08829 0.48679 0.02262 0.76582 0.64266 0.04195 0.8303 0.55574 0.12243 0.7974 0.59089 0.1615 0.83526 0.52561 0.23637 0.78288 0.57553 0.50823 0.63087 0.58626 0.54838 0.58362 0.59888 0.56813 0.58514 0.57866 0.60916 0.52637 0.59318 0.63078 0.52412 0.5722 0.64589 0.48691 0.588 0.68951 0.46229 0.55754 0.69168 0.43337 0.57772 0.71982 0.38831 0.57539 0.73433 0.38829 0.55677 0.75528 0.3175 0.57337 0.97241 0.13974 0.18679 0.99987 -0.0144 0.00736 0.99684 -0.07937 0.00176 0.99721 -0.07442 0.00488 0.99227 -0.12405 -0.00294 0.98474 -0.17402 0.00362 0.98424 -0.1768 0.00259 0.96058 -0.27798 0.00172 0.963 -0.26941 0.00778 0.9541 -0.29949 -0.00071 0.9291 -0.36982 -0.00195 0.91647 -0.40009 0.00389 0.91852 -0.39534 0.00575 0.8881 -0.45964 -0.00249 0.86475 -0.5022 0.0015 0.87456 -0.48481 0.01056 0.84161 -0.54008 -0.00366 0.8244 -0.566 -0.00424 0.7898 -0.61334 0.00572 0.78246 -0.6227 0.00127 0.75479 -0.65594 -0.00605 0.72793 -0.68564 -0.00329 0.71056 -0.70363 0.00377 0.64975 -0.76015 0.00087 0.64923 -0.7606 0.0006 0.57043 -0.82135 -0.00029 0.57181 -0.82039 0.00015 0.53214 -0.84665 -0.00142 0.51245 -0.85872 0.00178 0.4919 -0.87065 -0.00043 0.44121 -0.89739 0.00536 0.40442 -0.91457 -0.00186 0.37122 -0.92855 -0.00094 0.34646 -0.93806 0.00379 0.30077 -0.9537 -0.00128 0.28376 -0.9589 -0.00094 0.26144 -0.96522 0.00301 0.20415 -0.97894 -0.0011 0.19994 -0.97981 -0.00084 0.18815 -0.98214 -0.00252 0.10634 -0.99433 -0.00081 0.10565 -0.9944 -0.00069 0.08963 -0.99597 -0.00093 0.05191 -0.99865 0.00351 0.02418 -0.99971 -0.00031 -0.03099 -0.99951 0.00339 -0.06967 -0.99757 -0.00324 -0.12808 -0.99176 0.00017 -0.12892 -0.99166 0.00042 -0.21965 -0.97558 2E-05 -0.21745 -0.97607 -0.00065 -0.30816 -0.9513 0.00772 -0.26783 -0.96345 -0.00508 -0.36554 -0.9308 4E-05 -0.37515 -0.92696 0.00327 -0.44911 -0.89347 0.00274 -0.44991 -0.89307 0.00299 -0.53001 -0.84799 0.00354 -0.50478 -0.86324 -0.00354 -0.58128 -0.81371 0.00029 -0.58645 -0.80998 0.00237 -0.65371 -0.75675 0.00092 -0.65803 -0.75299 0.00282 -0.72039 -0.69357 -0.00071 -0.73772 -0.67509 0.00548 -0.76271 -0.64674 -0.00252 -0.815 -0.57945 0.00303 -0.81826 -0.57482 0.00508 -0.85165 -0.5241 -0.00342 -0.86772 -0.49704 -0.00207 -0.87969 -0.4755 0.00701 -0.91557 -0.40217 0.00029 -0.91302 -0.40791 -0.00176 -0.94989 -0.31259 -0.00212 -0.94895 -0.31541 -0.00316 -0.963 -0.2695 -0.00305 -0.96938 -0.24546 0.007 -0.98525 -0.17108 -0.00335 -0.99107 -0.13283 0.01152 -0.9972 -0.07479 -0.00173 -0.99976 -0.02185 0.00284 -0.99979 -0.02011 0.00379 0.99956 0.02915 -0.00568 0.95939 0.28052 0.02954 0.97612 0.21147 0.04976 0.79946 0.49384 0.34203 0.60195 0.16855 0.78054 0.63985 0.43514 0.63344 0.20324 0.97289 0.1104 0.24901 0.96775 0.038 0.14913 0.98742 0.05251 0.18399 0.9828 0.01569 0.06603 0.99698 0.04096 0.71607 0.68587 0.12971 0.70132 0.52743 0.47955 0.54343 0.09153 0.83445 0.8825 0.46487 0.07128 0.89452 0.43988 0.07965 0.93297 0.3574 0.04291 0.92171 0.38581 0.04008 0.94279 0.3325 0.02438 0.95893 0.28237 0.02676 0.95478 0.29645 0.02257 0.87245 0.48115 0.08554 0.83471 0.54537 0.0764 0.81185 0.57349 0.10954 0.78598 0.61212 0.08689 0.727 0.67091 0.14614 0.64885 0.7448 0.15576 0.59331 0.79004 0.15436 0.5743 0.7997 0.17512 0.53863 0.82968 0.14666 0.49667 0.8537 0.15657 0.34362 0.92704 0.15007 0.30465 0.9474 0.09813 0.25377 0.96412 0.07793 0.99779 0.06617 -0.00544 0.99464 0.10156 -0.01918 0.98896 0.14786 -0.00958 0.98703 0.16014 -0.01165 0.98145 0.19169 0.00274 0.97086 0.23947 -0.00974 0.01037 0.99991 -0.00899 0.35789 0.92435 0.13227 0.39868 0.90866 0.12405 0.45849 0.87087 0.17713 0.43507 0.88976 0.13797 0.49479 0.85522 0.1542 0.6396 0.74814 0.17663 -0.06174 0.99805 0.00922 -0.14716 0.98859 0.0321 -0.1768 0.98288 0.05194 -0.20107 0.97854 0.04515 -0.25683 0.9645 0.06149 -0.31662 0.94203 0.11107 -0.99649 0.0837 -0.00048 -0.95268 0.30359 0.01525 -0.94872 0.31535 0.02178 -0.77612 0.57926 0.24919 -0.66929 0.73193 0.12778 -0.63215 0.76511 0.12245 -0.30098 0.94309 0.14139 -0.3636 0.92364 0.12118 -0.40265 0.90043 0.16465 -0.39963 0.90057 0.17107 -0.45543 0.88198 0.12125 -0.49136 0.86052 0.13443 -0.52787 0.82857 0.18661 -0.55505 0.82013 0.13892 -0.94516 0.32487 0.03354 -0.92509 0.37822 0.03393 -0.90923 0.41333 0.0496 -0.59834 0.78216 0.17383 -0.67269 0.72817 0.13139 -0.70912 0.69611 0.11214 -0.74356 0.65567 0.1312 -0.76568 0.63605 0.0958 -0.81556 0.57028 0.09821 -0.80761 0.57731 0.12033 -0.83305 0.54776 0.0774 -0.85436 0.51556 0.06526 -0.87696 0.47478 0.07431 -0.88828 0.45581 0.05655 -0.9071 0.41817 0.04801 -0.98732 0.15868 -0.00422 -0.9898 0.14189 -0.01247 -0.99348 0.11323 -0.01301 -0.97812 0.20799 -0.00374 -0.97306 0.23004 0.01536 -0.99958 0.02877 -0.00264 -0.13459 -0.68481 -0.71619 -0.36198 -0.6175 -0.69833 -0.55476 -0.49298 -0.67023 -0.69694 -0.32601 -0.63874 -0.89422 -0.24861 -0.37225 -0.9485 -0.03832 -0.31446 0.48594 -0.16309 -0.85864 0.6649 -0.58056 -0.46997 0.00819 -0.60733 -0.79441 -0.05016 -0.57508 -0.81656 -0.17719 -0.43312 -0.88375 -0.18365 -0.48145 -0.85702 -0.25856 -0.49457 -0.82978 -0.35461 -0.35691 -0.86421 -0.36731 -0.39454 -0.84227 -0.44436 -0.40696 -0.79808 -0.49584 -0.23908 -0.83486 -0.51367 -0.27013 -0.81435 -0.5808 -0.26047 -0.77125 -0.60914 -0.12993 -0.78234 -0.47748 0.16484 -0.86304 -0.45429 0.28528 -0.84394 0.3184 0.34627 -0.88245 0.33478 0.2859 -0.89788 0.50406 0.16332 -0.84809 0.49189 0.11596 -0.8629 0.48104 0.06495 -0.87429 0.45651 0.02182 -0.88945 0.29294 0.0012 -0.95613 0.19918 -0.00391 -0.97995 0.22228 -0.23103 -0.94721 0.16352 -0.25725 -0.95241 0.09881 -0.27235 -0.95711 0.02022 -0.12053 -0.9925 -0.04279 -0.06805 -0.99676 -0.15439 -0.04323 -0.98706 -0.24819 0.01345 -0.96862 -0.31537 0.09107 -0.94459 -0.35235 0.12884 -0.92696 -0.44227 0.12533 -0.88808 -0.43253 0.2435 -0.86812 0.05618 0.39834 -0.91551 0.20402 0.40971 -0.88911 0.53742 0.68304 -0.49461 0.45086 0.83986 -0.30228 0.552 0.82968 -0.08328 0.54336 0.74667 -0.38373 0.40457 0.74678 -0.52786 0.54685 0.79844 -0.25188 0.18593 0.69525 -0.69431 0.1087 0.63639 -0.76367 0.10185 0.71218 -0.69457 0.03257 0.61713 -0.78619 0.7023 0.39612 -0.5915 0.96919 0.20848 -0.13115 0.1537 0.58453 -0.79668 -0.69656 0.31976 -0.64231 -0.34704 0.51842 -0.78154 -0.28067 0.55164 -0.78544 -0.62848 0.48373 -0.60911 -0.66116 0.43058 -0.61439 -0.50095 0.39893 -0.76805 -0.05384 0.56763 -0.82152 -0.02677 0.58874 -0.80788 -0.19956 0.71105 -0.67423 -0.16641 0.74778 -0.64276 -0.5255 0.80692 -0.2697 -0.20959 0.64641 -0.73364 -0.50351 0.84964 -0.15679 -0.20208 0.54465 -0.81396 -0.91204 0.30625 -0.27275 -0.56006 0.72904 -0.39349 -0.00493 0.39483 -0.91874 -0.00188 0.4104 -0.9119 0.00149 0.39922 -0.91686 -0.00417 0.40348 -0.91498 -0.0055 0.39555 -0.91843 -0.00787 0.39064 -0.92051 -0.03118 0.38511 -0.92234 0.00456 0.41583 -0.90943 0.00363 0.42002 -0.90751 0.01507 0.40977 -0.91206 0.01017 0.40078 -0.91612 0.00838 0.3987 -0.91704 -0.00807 0.39267 -0.91964 -0.01337 0.39794 -0.91732 -0.02579 0.39461 -0.91849 -0.03703 0.39219 -0.91914 0.01239 0.3974 -0.91756 0.01201 0.39465 -0.91875 -0.01469 0.39777 -0.91737 -0.01245 0.39144 -0.92012 -0.01632 0.38866 -0.92124 -0.01824 0.3943 -0.9188 -0.0243 0.39709 -0.91746 -0.02305 0.39206 -0.91965 -0.0185 0.387 -0.92189 -0.01852 0.38493 -0.92276 0.01104 0.39436 -0.91889 0.00889 0.38613 -0.9224 0.02209 0.37937 -0.92498 0.03964 0.38041 -0.92397 0.02594 0.38203 -0.92379 0.03348 0.38254 -0.92333 0.03003 0.38749 -0.92139 0.02715 0.38678 -0.92177 0.02347 0.38768 -0.9215 0.01583 0.38697 -0.92196 0.01793 0.38821 -0.9214 0.01519 0.3901 -0.92065 0.01528 0.38546 -0.9226 0.02265 0.3882 -0.9213 0.02257 0.38898 -0.92097 -0.03169 0.38484 -0.92244 0.01833 0.34752 -0.93749 0.01854 0.36254 -0.93179 0.0317 0.36745 -0.9295 0.02173 0.35827 -0.93337 0.03483 0.34373 -0.93842 0.04045 0.34785 -0.93668 0.03272 0.35635 -0.93378 0.03098 0.35686 -0.93365 0.03599 0.35899 -0.93265 0.02767 0.36568 -0.93033 0.02583 0.36571 -0.93037 0.02429 0.36755 -0.92969 0.03225 0.37387 -0.92692 0.03468 0.37634 -0.92583 0.019 0.37855 -0.92539 0.02361 0.37225 -0.92783 0.02515 0.37249 -0.9277 0.02971 0.37051 -0.92835 -0.03133 0.38425 -0.9227 -0.03112 0.38427 -0.9227 -0.01713 0.36563 -0.9306 -0.01728 0.35117 -0.93615 -0.01834 0.35029 -0.93646 -0.01497 0.34811 -0.93733 -0.01567 0.34736 -0.9376 -0.01205 0.34728 -0.93769 -0.01256 0.34285 -0.9393 -0.009 0.34617 -0.93813 -0.00816 0.34216 -0.9396 -0.00627 0.34476 -0.93867 -0.00405 0.33982 -0.94048 -0.0061 0.33411 -0.94251 0.0072 0.33136 -0.94348 0.00616 0.32606 -0.94533 0.00925 0.32112 -0.94699 0.01185 0.32724 -0.94487 0.01515 0.32167 -0.94673 0.02223 0.32219 -0.94641 0.02087 0.33568 -0.94175 0.02172 0.33504 -0.94195 0.01714 0.35024 -0.9365 0.01354 0.353 -0.93552 -0.01945 0.35439 -0.9349 -0.01679 0.35564 -0.93447 -0.02426 0.35458 -0.93471 -0.01849 0.35699 -0.93393 -0.03002 0.3828 -0.92334 -0.03569 0.38542 -0.92205 -0.04025 0.3774 -0.92518 -0.02701 0.37372 -0.92715 -0.03422 0.36552 -0.93018 -0.01181 0.36774 -0.92985 -0.02768 0.3572 -0.93362 -0.02614 0.36205 -0.93179 -0.03059 0.38012 -0.92443 -0.0402 0.37949 -0.92432 -0.03715 0.37805 -0.92504 -0.02667 0.3723 -0.92773 -0.0247 0.37175 -0.928 -0.01637 0.37498 -0.92689 -0.015 0.37469 -0.92703 -0.03819 0.36258 -0.93117 -0.03693 0.36219 -0.93137 0.41653 -0.36564 0.83235 0.2129 -0.47815 -0.85208 0.34376 -0.56547 -0.74971 0.3702 -0.7798 -0.50485 0.52515 -0.46427 -0.71321 0.3953 -0.0307 -0.91804 0.0564 -0.80556 -0.58983 0.57834 -0.56697 -0.58657 0.5435 -0.72052 -0.43066 0.48669 -0.60657 -0.62865 0.23802 -0.56883 -0.78726 0.07221 -0.86284 -0.5003 0.08088 -0.71404 -0.69542 0.71766 -0.61692 -0.32308 0.59122 -0.42754 -0.68386 0.48238 -0.79635 -0.36488 0.38842 -0.60735 -0.69301 0.18855 -0.84671 -0.49752 0.62221 -0.07502 -0.77925 0.81384 -0.03952 -0.57975 0.65346 -0.32204 -0.68504 0.71471 0.09594 -0.69281 0.81391 -0.03959 -0.57965 0.67789 0.23389 -0.69696 0.78947 -0.10601 -0.60457 0.81377 0.03795 -0.57995 0.23674 0.29718 -0.92501 0.67575 0.00843 -0.73709 0.20963 -0.47971 0.85201 0.27563 -0.69345 0.6657 0.82133 0.18033 -0.5412 0.74476 -0.58844 -0.31475 0.37593 -0.02038 -0.92642 0.53525 -0.66713 -0.51812 0.2033 -0.01508 -0.979 0.2294 -0.65588 -0.71916 0.07962 -0.99056 -0.11159 0.79875 0.1487 -0.583 0.58977 0.2131 -0.77895 0.78142 0.0629 -0.62083 0.70372 -0.01348 -0.71034 0.5823 0.03303 -0.8123 0.72962 -0.15927 -0.66505 0.63346 -0.29625 -0.71482 0.24018 -0.25221 -0.93739 0.0656 -0.72387 -0.68681 0.6761 0.26026 -0.68932 0.74344 -0.27072 -0.61156 0.54537 -0.08967 -0.83338 0.23871 -0.70086 -0.67218 0.08715 -0.27804 -0.95661 -0.02665 -0.54159 -0.84022 -0.06482 -0.70948 -0.70174 -0.10313 -0.48699 -0.8673 -0.16505 -0.67575 -0.71841 -0.18231 -0.46499 -0.86634 -0.24066 -0.52223 -0.81814 -0.32995 -0.58897 -0.73773 -0.35182 -0.42525 -0.8339 -0.38895 -0.34105 -0.85581 -0.45358 -0.31666 -0.83306 -0.51886 -0.33458 -0.78666 -0.62695 -0.3884 -0.67533 -0.57702 -0.18586 -0.7953 -0.75655 -0.35821 -0.5471 -0.67134 -0.24682 -0.69884 -0.71503 -0.18001 -0.67552 -0.71176 -0.17672 -0.67983 -0.73979 -0.11253 -0.66337 -0.76823 -0.13685 -0.62537 -0.70114 -0.01252 -0.71292 -0.77494 -0.05923 -0.62925 -0.65992 0.08402 -0.74662 -0.75985 0.03285 -0.64926 -0.72716 0.11104 -0.67743 -0.76507 0.09141 -0.63743 -0.77662 0.15206 -0.61134 -0.76161 0.15921 -0.62817 -0.76809 0.22615 -0.59908 -0.69999 0.25015 -0.6689 -0.24273 -0.55522 -0.7955 -0.31448 -0.4858 -0.81553 -0.42194 -0.546 -0.72377 -0.49551 -0.49556 -0.71337 -0.53876 -0.38869 -0.74743 -0.57437 -0.28194 -0.76851 -0.63363 -0.19813 -0.74783 -0.17105 0.27384 -0.94644 -0.5754 0.03934 -0.81693 -0.6084 0.1784 -0.77332 -0.18011 0.34909 -0.91962 -0.74231 0.23205 -0.62859 -0.1723 -0.43443 0.88407 -0.12199 0.74701 -0.65352 -0.31692 0.9381 -0.13972 -0.33676 0.89326 -0.2978 -0.2572 0.72584 -0.63797 -0.42733 0.83972 -0.33504 -0.29145 0.68525 -0.66745 -0.14062 0.98289 -0.11895 -0.46818 0.74598 -0.47363 -0.80048 0.33476 -0.49716 -0.81739 0.38317 -0.43017 -0.75431 0.34498 -0.55857 -0.64144 0.69892 -0.31633 -0.7212 0.61598 -0.31691 -0.46014 0.61828 -0.63718 -0.39637 0.64922 -0.64916 -0.75866 0.56419 -0.32575 -0.59018 0.53346 -0.60589 -0.74822 0.50111 -0.43481 -0.59756 0.48234 -0.64053 -0.79528 0.42451 -0.43281 -0.5896 0.5976 -0.54336 -0.11447 0.5395 0.83417 -0.6319 0.77504 -0.00359 -0.2292 0.20448 0.95166 -0.69808 0.32801 -0.63647 -0.80909 0.28102 -0.51613 -0.61509 0.41281 -0.67176 0.00591 -0.16947 0.98552 0.31583 0.66026 -0.6814 0.48571 0.49867 -0.71792 0.40845 0.52666 -0.74552 0.40871 0.54284 -0.73368 0.71402 0.62979 -0.30584 0.35098 0.58073 -0.73455 0.68522 0.33189 -0.64833 0.67065 0.33479 -0.66192 0.49778 0.42776 -0.75448 0.51821 0.39588 -0.75812 0.67719 0.39365 -0.62165 0.67982 0.45305 -0.5767 0.69495 0.45034 -0.56057 0.78373 0.51543 -0.34654 0.19761 0.84471 -0.49741 0.1988 0.73297 -0.65057 0.36624 0.88756 -0.27949 0.2617 0.73137 -0.62978 0.56579 0.82394 0.03168 0.57268 0.60946 0.54827 0.09748 0.00203 0.99524 0.61824 0.74611 -0.2472 0.33472 0.60735 -0.72048 -0 -1E-05 -1 -1E-05 2E-05 -1 3E-05 -4E-05 -1 -1E-05 0 -1 1E-05 -1E-05 -1 -3E-05 -0 -1 -2E-05 -0 -1 0.26288 -0.96481 0.00533 0.29758 -0.95212 -0.07007 0.35306 -0.93559 0.00501 0.42354 -0.90501 -0.0397 0.43933 -0.89551 -0.07104 0.48262 -0.87431 0.05161 0.57145 -0.82063 -0.00232 0.61176 -0.78576 -0.09131 0.64995 -0.75924 0.03344 0.7261 -0.68717 -0.02423 0.74935 -0.65695 -0.08303 0.78015 -0.6243 0.04019 0.84719 -0.53092 -0.02008 0.86981 -0.48466 -0.09239 0.88712 -0.46149 0.00709 0.91858 -0.39523 0.00289 0.93673 -0.34637 -0.05062 0.9459 -0.32433 0.00902 0.96653 -0.25609 -0.0156 0.97543 -0.20996 -0.06678 0.98272 -0.1836 0.02361 0.99673 -0.07532 -0.02927 0.99637 -0.03281 -0.0785 0.99997 -0.00703 -0.00159 0.1547 -0.98755 0.02837 0.10406 -0.99123 -0.08144 0.07835 -0.99683 -0.01414 -0.02359 -0.99951 0.02078 -0.08541 -0.99217 -0.0911 -0.12111 -0.99263 0.0036 -0.20613 -0.97842 0.01422 -0.27536 -0.95778 -0.08273 -0.28098 -0.95758 -0.0639 -0.35349 -0.93541 0.00702 -0.41132 -0.91053 -0.04195 -0.41447 -0.90956 -0.03034 -0.48912 -0.87198 0.02026 -0.56084 -0.8235 -0.08545 -0.61386 -0.78889 0.02875 -0.57266 -0.81959 -0.01855 -0.70327 -0.70875 -0.05557 -0.70208 -0.70855 -0.07107 -0.75032 -0.66101 0.00971 -0.79752 -0.60205 -0.03865 -0.79815 -0.60158 -0.03247 -0.83974 -0.54245 0.02401 -0.88809 -0.45304 -0.07779 -0.89205 -0.45162 -0.017 -0.91111 -0.41094 0.03169 -0.95553 -0.29073 -0.04941 -0.95495 -0.28985 -0.06374 -0.99956 -0.01367 -0.02619 -0.9992 -0.01339 -0.03761 -0.99078 -0.13317 0.02487 -0.987 -0.15369 -0.04709 -0.97379 -0.2268 0.01705 -0.99576 0.08524 0.03452 -0.98782 0.15061 -0.03919 -0.98705 0.15936 0.01861 -0.97063 0.2405 0.00559 -0.96165 0.27191 -0.03592 -0.94317 0.32934 0.0443 -0.90487 0.42361 -0.042 -0.8995 0.43666 0.01549 -0.84817 0.5296 -0.01118 -0.6741 0.73689 -0.0508 -0.84734 0.53106 0.00105 -0.77731 0.62912 -0.00054 -0.77885 0.62634 -0.03296 -0.72262 0.69104 0.01674 -0.65485 0.75536 0.02453 -0.56589 0.82445 -0.00713 -0.55169 0.83341 -0.03282 -0.48396 0.87491 0.01803 -0.44033 0.89709 -0.0366 -0.40776 0.91307 0.00595 -0.32778 0.94451 -0.0214 -0.33073 0.94313 -0.03344 -0.25227 0.96625 0.0522 -0.15881 0.98582 -0.05413 -0.14903 0.98858 -0.02245 -0.0936 0.99548 0.01593 -0.01015 0.99977 -0.01897 0.00831 0.99813 -0.06055 0.04524 0.99892 -0.01015 0.11188 0.99364 -0.01254 0.13043 0.99049 -0.0438 0.61824 0.78442 -0.04963 0.64785 0.76176 0.00335 0.20664 0.97833 0.01281 0.24651 0.9683 -0.04041 0.30191 0.95315 0.01915 0.36371 0.93058 -0.04179 0.39546 0.91842 0.01068 0.48382 0.87496 0.0192 0.50286 0.86307 -0.04732 0.563 0.82633 0.01455 0.725 0.68839 0.0222 0.73683 0.67452 -0.04596 0.79435 0.60707 0.02173 0.82028 0.57074 -0.03728 0.83853 0.54483 -0.00599 0.8766 0.48123 -0.00063 0.88498 0.46177 -0.05984 0.92269 0.38492 0.02212 0.95014 0.31148 -0.01447 0.95031 0.29987 -0.0836 0.9721 0.23455 0.00177 0.98822 0.1479 0.03923 0.99171 0.11575 -0.05586 0.99363 0.11103 -0.01937 0 0.37407 -0.9274 7E-05 0.37407 -0.9274 0 0.37408 -0.9274 -1E-05 0.37408 -0.9274 4E-05 0.37407 -0.9274 1E-05 0.37407 -0.9274 0 0.37409 -0.92739 -1E-05 0.37408 -0.9274 -1E-05 0.37408 -0.9274 -0 0.37408 -0.9274 -9E-05 0.37405 -0.92741 0 0.37407 -0.9274 -1E-05 0.37407 -0.9274 -0 0.37407 -0.9274 1E-05 0.37408 -0.9274 1E-05 0.37408 -0.92739 -0 0.37408 -0.9274 0 0.37407 -0.9274 0 0.37408 -0.9274 -1E-05 0.37408 -0.9274 6E-05 0.37411 -0.92739 2E-05 0.37409 -0.92739 -0.00019 0.37408 -0.9274 0.0002 0.37401 -0.92742 1E-05 0.37408 -0.9274 -2E-05 0.37409 -0.92739 0 0.37408 -0.9274 2E-05 0.37409 -0.92739 3E-05 0.3741 -0.92739 -0 0.37408 -0.9274 -0 0.37408 -0.9274 -0 0.37408 -0.9274 -4E-05 0.37407 -0.9274 -0 0.37408 -0.9274 -3E-05 0.37404 -0.92741 0 0.37408 -0.9274 -0.00016 0.37415 -0.92737 -3E-05 0.37404 -0.92741 1E-05 0.37407 -0.9274 -1E-05 0.37409 -0.92739 -0 0.37407 -0.9274 1E-05 0.3741 -0.92739 -0 0.37408 -0.9274 0 0.37407 -0.9274 0 0.37408 -0.92739 4E-05 0.37394 -0.92745 0.00014 0.37394 -0.92745 -0 0.37409 -0.92739 -2E-05 0.3741 -0.92739 -0 0.37405 -0.92741 0 0.37407 -0.9274 1E-05 0.37411 -0.92739 -8E-05 0.37418 -0.92735 -0.99195 -0.12286 0.03081 -0.64012 -0.7671 -0.0425 -0.57005 -0.82127 0.02367 0.34161 -0.93984 -0.00112 0.36123 -0.93233 -0.01643 0.90818 -0.41834 0.01409 0.92848 -0.37102 -0.01618 0.89053 0.45449 0.01982 0.86442 0.50222 -0.02349 -0.0279 0.9993 0.02474 -0.05168 0.99865 0.00419 -0.79784 0.60254 -0.01989 -0.85067 0.52483 0.03019 -0.99963 0.0024 -0.02699 -0.9993 -0.0279 0.02474 -0.99865 -0.05168 0.00419 -0.60254 -0.79784 -0.01989 -0.52483 -0.85067 0.03019 -0.0024 -0.99963 -0.02699 0.12286 -0.99195 0.03081 0.7671 -0.64012 -0.0425 0.82127 -0.57005 0.02367 0.93984 0.34161 -0.00112 0.93233 0.36123 -0.01643 0.41834 0.90818 0.01409 0.37102 0.92848 -0.01618 -0.45449 0.89053 0.01982 -0.50222 0.86442 -0.02349 -0.93984 -0.34161 -0.00112 -0.93233 -0.36123 -0.01643 -0.41834 -0.90818 0.01409 -0.37102 -0.92848 -0.01618 0.45449 -0.89053 0.01982 0.50222 -0.86442 -0.02349 0.9993 0.0279 0.02474 0.99865 0.05168 0.00419 0.60254 0.79784 -0.01989 0.52483 0.85067 0.03019 0.0024 0.99963 -0.02699 -0.12286 0.99195 0.03081 -0.7671 0.64012 -0.0425 -0.82127 0.57005 0.02367 -0.89053 -0.45449 0.01982 -0.86442 -0.50222 -0.02349 0.0279 -0.9993 0.02474 0.05168 -0.99865 0.00419 0.79784 -0.60254 -0.01989 0.85067 -0.52483 0.03019 0.99963 -0.0024 -0.02699 0.99195 0.12286 0.03081 0.64012 0.7671 -0.0425 0.57005 0.82127 0.02367 -0.34161 0.93984 -0.00112 -0.36123 0.93233 -0.01643 -0.90818 0.41834 0.01409 -0.92848 0.37102 -0.01618 0.21165 -0.97731 0.00864 0.20883 -0.97795 0.00308 -0.07941 -0.99522 0.05678 -0.01998 -0.99979 0.0039 0.02914 -0.99956 0.00529 0.02948 -0.99955 0.00484 0.11526 -0.99323 0.01473 0.12225 -0.9925 0.00286 0.31228 -0.94998 0.00398 0.31073 -0.9505 -3E-05 0.42097 -0.90693 0.01622 0.42683 -0.90432 0.00378 0.5073 -0.86166 0.01391 0.52364 -0.8518 -0.01531 0.58311 -0.81164 0.03488 0.62102 -0.7836 -0.01771 0.66263 -0.74885 0.01181 0.8472 -0.53065 0.02576 0.82381 -0.56663 -0.01647 0.80349 -0.59471 0.02712 0.675 -0.73779 -0.0059 0.72685 -0.68624 0.02762 0.74447 -0.6675 -0.01438 0.90197 -0.43095 0.02708 0.87738 -0.47903 -0.02715 0.91802 -0.39621 -0.01585 0.98673 -0.16057 0.02404 0.93641 -0.35061 0.01418 0.95393 -0.29846 -0.03052 0.96497 -0.25935 0.03973 0.9819 -0.18884 -0.01436 0.99285 -0.11912 -0.00748 0.99764 -0.05681 0.03845 0.99933 -0.03565 0.00885 0.99956 0.02884 -0.00677 0.9982 0.05496 0.02385 0.92118 0.38833 -0.02502 0.9532 0.30169 0.01982 0.95767 0.28782 -0.00573 0.97729 0.21064 0.0229 0.97966 0.20066 -0.00163 0.99185 0.1262 0.01738 0.99431 0.10565 -0.01387 0.93861 0.33841 0.067 0.90308 0.42915 -0.01668 0.87938 0.47391 0.04592 0.86242 0.50619 -0.00165 0.83085 0.55582 0.02729 0.80891 0.58783 -0.01106 0.78323 0.62062 0.0371 0.73622 0.6762 -0.02684 0.72476 0.68873 0.01939 0.6598 0.75144 0.00012 0.64098 0.76526 0.05926 0.55109 0.83369 -0.03545 0.58816 0.80596 0.06714 0.33385 0.9424 0.02083 0.38406 0.92011 -0.0768 0.37593 0.9261 -0.03197 0.47652 0.8782 0.04103 0.49836 0.86696 -0.00345 0.24611 0.96912 0.01526 0.25744 0.96526 0.04469 0.17887 0.98378 -0.0132 0.13032 0.99054 0.04286 0.0985 0.9951 0.00878 0.04733 0.99777 0.04711 0.02235 0.99971 0.00905 -0.0275 0.99962 0.00254 -0.05223 0.99762 0.04512 -0.14138 0.98986 0.01395 -0.15189 0.98829 -0.0143 -0.21569 0.97602 0.02924 -0.25169 0.96776 -0.00931 -0.31114 0.94927 0.04564 -0.34042 0.94004 -0.02098 -0.40388 0.91416 0.0345 -0.46536 0.88442 -0.03526 -0.42951 0.89422 0.12609 -0.50036 0.86571 -0.01391 -0.60095 0.79834 0.03894 -0.56794 0.82157 0.04974 -0.61551 0.78291 -0.09051 -0.93041 0.36103 0.06326 -0.94014 0.33833 -0.04074 -0.69026 0.72356 0.00282 -0.71294 0.69881 0.05815 -0.76128 0.64838 -0.00746 -0.78685 0.61595 0.03842 -0.82692 0.56216 -0.01332 -0.82445 0.56593 0.00173 -0.87966 0.47335 0.04619 -0.87748 0.47797 0.03977 -0.89738 0.44113 -0.01082 -0.91972 0.39196 0.02184 -0.99925 0.03765 -0.00854 -0.99753 0.06468 0.02722 -0.99246 0.12142 -0.01695 -0.98611 0.16468 0.02172 -0.98299 0.18368 0.00134 -0.96318 0.26791 0.02239 -0.96582 0.25841 -0.02041 -0.99267 -0.12069 -0.00608 -0.99371 -0.11076 0.01667 -0.99955 -0.02985 0.004 -0.99961 -0.02316 0.01586 -0.9766 -0.21503 -0.0035 -0.97844 -0.206 0.01509 -0.76159 -0.6478 -0.01848 -0.7814 -0.62379 0.0174 -0.8209 -0.57106 -0.00375 -0.82092 -0.57103 -0.00368 -0.87204 -0.48887 0.02345 -0.86627 -0.4995 -0.00921 -0.90407 -0.42672 0.0239 -0.91561 -0.40207 -0.00104 -0.92516 -0.37884 0.02345 -0.95038 -0.31102 -0.00683 -0.95523 -0.29481 0.02499 -0.479 -0.87732 -0.0294 -0.58175 -0.81257 0.03597 -0.55622 -0.82845 -0.06551 -0.62652 -0.77817 0.04388 -0.68754 -0.72556 -0.02922 -0.71554 -0.69766 0.03565 -0.49696 -0.86766 0.01423 -0.42181 -0.90662 0.01086 -0.40973 -0.91217 -0.00808 -0.34424 -0.93859 0.02355 -0.32551 -0.94553 -0.00484 -0.24667 -0.96904 0.011 -0.25955 -0.9649 0.0401 -0.17127 -0.98504 -0.01903 -0.12806 -0.99113 0.0354 -0.03328 -0.99814 -0.05098 0.34003 -0.53056 0.77646 -0.39717 0.84478 0.35861 0.53381 0.74881 0.39284 -0.41858 0.48406 0.76842 0.5208 0.4402 0.73143 -0.30443 -0.36123 0.88138 -0.4936 -0.00792 0.86965 -0.08024 0.44004 0.89439 0.16009 0.41335 0.89639 0.03881 -0.09577 0.99465 0.27842 0.05099 0.95911 -0.24259 -0.9163 0.31865 -0.27854 -0.41362 0.86679 0.00479 -0.51805 0.85534 -0.19106 -0.2334 0.95343 -0.30011 0.20388 0.93186 -0.16717 0.46012 0.87197 0.08593 0.46553 0.88085 0.42902 0.85483 0.29188 0.24034 0.23469 0.94189 0.28381 -0.2779 0.91773 0.18936 -0.20588 0.96008 0.44519 0.07232 0.89251 0.06384 -0.60813 0.79127 -0.43317 0.28655 0.85455 -0.31376 0.22677 0.92202 0.26191 0.27031 0.92646 -0.19091 -0.09272 0.97722 0.31974 -0.20764 0.92447 -0.06648 -0.39943 0.91435 -0.34055 -0.19569 0.91964 -0.32666 0.03555 0.94447 -0.19683 0.19824 0.96019 0.06377 0.39614 0.91597 0.19147 0.19615 0.9617 0.27189 0.0293 0.96188 0.68678 0.72686 -0.00117 0.96895 -0.24717 0.00715 0.96811 -0.25044 0.00693 0.89901 -0.43792 0.00026 0.82124 -0.57052 0.00877 0.72367 -0.69012 0.00623 0.59973 -0.80019 -0.00572 0.28909 -0.9573 0.00196 0.41835 -0.90828 0.00475 0.11752 -0.99304 0.00766 -0.14282 -0.98974 0.00366 0.05849 -0.99828 0.00471 -0.31688 -0.94846 0.00235 -0.23627 -0.97166 0.00666 -0.54411 -0.839 0.00414 -0.5943 -0.80424 0.00036 -0.81745 -0.57599 0.00237 -0.80536 -0.59278 0.00311 -0.90335 -0.42885 0.0072 -0.95589 -0.29374 0.0017 -0.98853 -0.15096 0.00377 -0.98834 0.15219 0.00424 -0.9996 -0.02812 -0.00045 -0.91185 0.41047 0.00634 -0.9676 0.2525 0.00212 -0.86958 0.49378 0.00258 -0.73088 0.68249 0.00326 -0.73821 0.67457 0.00272 -0.49582 0.86842 -0.00081 -0.4146 0.91 0.00358 -0.20328 0.97912 -0.00088 -0.05925 0.99823 0.00548 0.23277 0.97252 0.00447 0.14355 0.98964 0.00069 0.44122 0.8974 -0.00131 0.572 0.82025 0.00436 0.84272 0.53835 0.00303 0.85556 0.51767 0.00517 0.96691 0.25511 0.00145 0.91263 0.40875 0.00619 0.99859 -0.05291 0.00303 0.99734 0.07238 0.00849 -0.05515 0.99845 0.00789 0.06225 0.99797 0.01373 0.22774 0.97371 -0.00361 0.44917 0.89333 0.01458 0.60279 0.79787 -0.00606 0.84354 0.53703 0.00616 0.81577 0.57824 0.01235 0.99971 0.02195 0.01023 0.99625 0.0863 0.00604 0.94959 0.31348 0.00213 0.97231 0.23335 0.01253 0.99646 -0.0839 0.00499 0.9434 -0.33163 0.00541 0.9652 -0.26124 0.01151 0.89779 -0.44038 0.006 0.84325 -0.53752 -0.00048 0.69485 -0.71915 0.00217 0.70694 -0.70727 0.00356 0.47244 -0.88134 0.00541 0.41705 -0.90889 0.00028 0.13937 -0.99022 0.00615 0.20042 -0.97971 0.00239 -0.14357 -0.98964 -0.0013 -0.25504 -0.96692 0.00461 -0.57687 -0.81683 0.00367 -0.50584 -0.86263 -0.00113 -0.76099 -0.64877 -0.00061 -0.82999 -0.55776 0.00474 -0.9287 -0.37083 0.00111 -0.9645 -0.26393 0.00855 -0.99425 0.10688 0.00609 -0.99911 0.04211 0.0013 -0.91956 0.39292 0.00359 -0.91036 0.41379 0.00491 -0.68078 0.73246 0.007 -0.80855 0.58842 -0.00074 -0.57053 0.82125 0.00732 -0.66105 0.75032 0.00564 -0.21663 0.97624 0.00581 -0.2141 0.97679 0.00623 -0.44501 0.89553 -0.00089 0.44384 -0.89611 0.00082 0.96043 -0.27846 0.00637 0.98657 -0.16335 0.00038 0.79343 -0.60864 0.00519 0.85588 -0.51717 0.00061 0.66985 -0.7425 0.00053 0.53489 -0.8449 0.00518 0.26517 -0.9642 -1E-05 0.21188 -0.97729 0.00383 -0.11269 -0.99362 0.00447 -0.04208 -0.99911 0.00045 -0.22604 -0.97411 0.00463 -0.49203 -0.87057 0.00258 -0.28152 -0.95953 0.00719 -0.57161 -0.82049 0.00737 -0.75018 -0.66123 0.00378 -0.74165 -0.67078 0.00299 -0.91733 -0.39813 -0.00099 -0.9829 -0.18407 0.00523 -0.9672 -0.25389 0.00837 -0.99529 0.09663 0.00812 -0.99996 0.00829 0.00319 -0.95312 0.30258 0.00164 -0.96443 0.2643 0.0042 -0.82125 0.57055 0.00456 -0.88133 0.47251 -0.00035 -0.57864 0.81557 0.00439 -0.67561 0.73725 -0.00215 -0.42821 0.90366 0.00572 -0.35462 0.93501 0.00118 -0.07474 0.99719 0.00472 -0.08462 0.9964 0.00532 0.26979 0.9629 0.00561 0.1728 0.98496 0.00107 0.51956 0.85443 0.00334 0.55144 0.83421 0.00034 0.76817 0.64022 0.00581 0.8235 0.56731 -0.00069 0.92632 0.37674 0.002 0.9531 0.3026 0.00544 0.99731 0.07309 0.00531 0.99492 0.10058 0.00444 -0.99985 -0.01643 0.00566 -0.95178 -0.30669 0.00676 -0.95675 0.29059 0.01357 -0.93075 0.36565 0.00243 -0.82079 0.57117 0.0083 -0.83177 0.55501 0.01056 -0.5906 0.80696 0.00019 -0.5428 0.8398 0.00991 -0.26597 0.96389 0.01357 -0.06902 0.99754 0.01213 -0.196 0.98059 0.00461 0.10481 0.99448 0.00482 0.2855 0.95829 0.01321 0.35358 0.93538 0.00635 0.55167 0.83401 0.00913 0.62243 0.78268 -0.00024 0.81153 0.58428 0.00647 0.83001 0.55774 0.00357 0.93039 0.36656 0.00181 0.96774 0.25182 0.00825 0.99895 0.04577 -0.00266 0.98307 -0.18316 0.00536 0.92055 -0.3906 0.0031 0.93078 -0.36558 0.00122 0.71076 -0.70343 0.00186 0.67623 -0.73669 -0.00078 0.55212 -0.83374 0.0069 0.07272 -0.99734 0.00508 -0.06103 -0.99814 -0.00038 0.24704 -0.969 0.00374 0.2662 -0.96392 0.00234 -0.29558 -0.9553 0.00663 -0.3741 -0.92739 0.00242 -0.57683 -0.81685 0.00416 -0.59886 -0.80083 0.00663 -0.77821 -0.62801 0.00042 -0.71663 -0.69743 0.00555 -0.92632 -0.37659 0.01005 -0.90559 -0.42414 0.00392 -0.99642 -0.08406 0.00939 -0.9904 -0.13812 0.00506 -0.85984 -0.51051 -0.00693 -0.91417 -0.40514 0.01214 -0.39615 -0.91809 -0.01287 -0.49775 -0.8673 0.00608 -0.05635 -0.99835 0.01075 0.19805 -0.98013 -0.01145 0.40641 -0.91365 0.00843 0.6189 -0.78537 -0.01225 0.78505 -0.61932 0.01159 0.95662 -0.29119 -0.00935 0.97768 -0.21008 0.0023 0.95928 0.28242 -0.00325 0.95915 0.28288 -0.00317 0.72327 0.69052 0.00796 0.57187 0.82022 -0.01431 0.31864 0.94783 0.00964 -0.02696 0.99961 -0.00665 -0.10074 0.99491 0.00063 -0.45742 0.88925 -0.00235 -0.4383 0.89883 7E-05 -0.83561 0.54926 -0.00798 -0.78776 0.61598 0.00231 -0.99975 -0.01854 -0.01273 -0.98234 0.1868 0.01036 -0 1 0 0 1 -0 2E-05 1 1E-05 -1E-05 1 0 -1E-05 1 7E-05 -2E-05 1 0 4E-05 1 1E-05 -0 1 1E-05 0 1 1E-05 -4E-05 1 1E-05 -1E-05 1 7E-05 -9E-05 1 -0.0002 -1E-05 1 -1E-05 0 1 -0 0 1 -0 -0 1 -1E-05 -2E-05 1 -0 0 1 -0.00024 -0 1 0.00013 -2E-05 1 -1E-05 -0.00028 1 0.00056 -9E-05 1 -2E-05 0.00011 1 -0.0006 -2E-05 1 0.00012 -0.0001 1 0.00017 -5E-05 1 -7E-05 1E-05 1 -1E-05 7E-05 1 5E-05 0.0002 1 -0.00023 3E-05 1 2E-05 -0.00015 1 0.00029 2E-05 1 -1E-05 0 1 -0.00011 4E-05 1 -2E-05 0.00011 1 0.00019 4E-05 1 5E-05 0.00016 1 -0.00044 5E-05 1 1E-05 -2E-05 1 0.00028 1E-05 1 0 0 1 6E-05 0 1 -0.00011 0.01367 0.95599 0.29307 0.16584 0.3452 0.92376 0.99238 0.0426 0.11559 0.96982 0.242 0.02969 0.13957 0.95807 0.25027 0.06134 0.99264 0.10445 0.00986 0.98784 0.15519 0.0267 0.99768 0.06269 0.28209 0.20496 0.93724 0.07798 0.32336 0.94306 0.15803 0.31869 0.93459 0.18913 0.27837 0.94167 0.03502 0.32268 0.94586 0.01594 0.16815 0.98563 0.00055 0.10974 0.99396 0.34767 0.42696 0.83476 0.25451 0.4504 0.85578 0.21861 0.49558 0.8406 0.10235 0.60052 0.79303 0.05135 0.47597 0.87796 0.0227 0.44907 0.89321 0.0438 0.56395 0.82464 0.0324 0.40936 0.9118 0.20995 0.86176 0.46183 0.32291 0.78184 0.53334 0.37433 0.76013 0.53111 0.28206 0.84593 0.45259 0.39829 0.80526 0.43923 0.09828 0.91242 0.39727 0.19513 0.8552 0.48016 0.00728 0.93111 0.36467 -0.00092 0.91688 0.39916 0.01109 0.98564 0.16849 0.98663 0.07789 0.14319 0.96478 0.14902 0.21678 0.98127 0.07566 0.17716 0.96815 0.13498 0.21087 0.95691 0.14339 0.25251 0.92505 0.23296 0.30003 0.88509 0.25562 0.38893 0.83576 0.38934 0.38718 0.77922 0.3735 0.5033 0.72302 0.49628 0.48057 0.65124 0.51544 0.55696 0.99257 0.09167 0.07999 0.98463 0.14439 0.09827 0.97115 0.14649 0.18817 0.95863 0.21352 0.18824 0.93066 0.2724 0.24425 0.93158 0.26889 0.24465 0.86593 0.39259 0.30991 0.86986 0.37464 0.32092 0.79685 0.48241 0.36375 0.65975 0.60049 0.45181 0.99152 0.0868 0.09673 0.87236 0.37821 0.30975 0.82695 0.38284 0.41182 0.74961 0.52116 0.40803 0.73873 0.51332 0.43679 0.66722 0.57764 0.47026 0.59571 0.6198 0.51086 0.56285 0.66711 0.48803 0.48663 0.70482 0.51616 0.47147 0.72475 0.50245 0.98392 0.17489 0.03631 0.9751 0.21932 0.03279 0.98754 0.15594 -0.02106 0.9941 0.10807 0.00887 0.98941 0.14423 0.01653 0.98734 0.15835 0.00975 0.96348 0.24244 0.11373 0.92216 0.35415 0.15555 0.91263 0.35822 0.19692 0.85823 0.46292 0.2217 0.8629 0.45096 0.22813 0.80086 0.52847 0.28166 0.80031 0.52958 0.28116 0.72728 0.60092 0.33162 0.6609 0.65322 0.36948 0.95594 0.29314 0.01565 0.93888 0.3345 0.08128 0.89759 0.42804 0.10546 0.9055 0.40863 0.11441 0.84812 0.50562 0.15823 0.85198 0.49783 0.16218 0.7889 0.58267 0.19527 0.79303 0.57528 0.20038 0.72 0.6563 0.22555 0.66101 0.70157 0.2662 0.6504 0.71586 0.25402 0.57653 0.76578 0.28495 0.16656 0.96574 0.19899 0.27094 0.92725 0.25845 0.28204 0.91638 0.28407 0.36156 0.88549 0.29186 0.38976 0.86022 0.32881 0.4723 0.81931 0.32505 0.48829 0.80292 0.3419 0.59173 0.74466 0.30876 0.72982 0.64044 0.23918 0.95817 0.27035 0.09396 0.97734 0.21014 -0.02547 0.0407 0.83486 0.54895 0.06183 0.85097 0.52157 0.17357 0.87022 0.46108 0.56479 0.71196 0.41728 0.66434 0.64734 0.37363 0.72865 0.5985 0.33297 0.86535 0.39295 0.31105 0.96065 0.23706 0.14476 0.98275 0.14803 0.11089 0.98936 0.13282 0.05937 0.97276 -0.004 0.23178 0.9939 -0.00496 0.11019 0.98984 -0.00387 0.14215 0.98883 -0.0023 0.14906 0.80225 0.01108 0.59689 0.35636 0.14054 0.92372 0.40399 0.23164 0.88495 0.44458 0.11697 0.88807 0.51801 0.15337 0.84151 0.51424 0.16637 0.84136 0.60707 0.09255 0.78924 0.6451 0.08289 0.75959 0.71195 0.10012 0.69505 0.74017 0.03984 0.67124 0.85987 0.07728 0.50463 0.87788 0.03896 0.4773 0.91922 0.02982 0.39261 0.97025 0.00395 0.24208 0.97644 0.0286 0.2139 0.94577 0.04687 0.32144 0.94409 0.05137 0.32566 0.9121 0.09728 0.39826 0.90025 0.09569 0.42472 0.8682 0.14674 0.47402 0.77236 0.1437 0.61871 0.72357 0.23413 0.64933 0.6877 0.22744 0.68945 0.61506 0.35996 0.70152 0.5539 0.27294 0.78657 0.5121 0.36421 0.77788 0.45918 0.36813 0.80848 0.43515 0.42246 0.79509 0.35243 0.4409 0.82547 0.01508 0.70809 0.70596 0.01896 0.69958 0.7143 0.26045 0.65134 0.71269 0.41618 0.63827 0.64762 0.49171 0.54046 0.68274 0.51361 0.5554 0.65402 0.57865 0.47302 0.66439 0.61629 0.47861 0.62539 0.66816 0.41239 0.61927 0.68212 0.41977 0.59875 0.72873 0.3525 0.58711 0.77092 0.36534 0.52174 0.85905 0.23911 0.45261 0.91337 0.1627 0.37322 0.93561 0.135 0.32622 0.96433 0.06623 0.25628 0.9818 0.05603 0.18147 0.04249 0.61166 0.78998 0.12513 0.70891 0.69411 0.14823 0.65086 0.74459 0.27305 0.62195 0.73391 0.35022 0.63655 0.68713 0.75023 0.28463 0.59678 0.82076 0.21249 0.53028 0.8173 0.22237 0.53157 0.87486 0.15671 0.45832 0.97465 0.03774 0.22054 0.99133 0.00863 0.13114 0.99084 0.01167 0.13451 0.94263 0.0508 0.32996 0.82443 0.08352 0.55977 0.792 0.15672 0.59007 0.66129 0.12278 0.74001 0.56687 0.28464 0.77307 0.29941 0.26336 0.91706 0.30746 0.74798 0.58821 0.41715 0.63969 0.64559 0.77317 0.36031 0.52191 0.81611 0.34616 0.46274 0.86124 0.24292 0.44638 0.89168 0.25383 0.37481 0.94014 0.13586 0.31254 0.96147 0.08839 0.26031 0.99266 0.04277 0.11308 -0.02593 0.94227 0.33384 -0.13772 0.90467 0.40325 -0.0466 0.51805 0.85408 -0.99489 0.01117 0.10031 -0.99331 0.03304 0.11067 -0.99117 0.06417 0.116 -0.12837 0.96627 0.22326 -0.99494 0.09934 0.0149 -0.98907 0.14628 -0.01857 -0.99047 0.01358 0.13709 -0.26353 0.54351 0.79696 -0.04314 0.43189 0.9009 -0.17616 0.32108 0.93053 -0.60906 0.73827 0.28985 -0.58239 0.76499 0.27499 -0.44652 0.83092 0.33195 -0.44302 0.82254 0.3566 -0.43652 0.83084 0.3452 -0.21847 0.86922 0.44354 -0.04677 0.89795 0.43761 -0.08294 0.87967 0.46829 -0.03107 0.98633 0.16185 -0.0815 0.98809 0.1305 0.00525 0.8288 0.55953 -0.34455 0.8838 0.31652 -0.33045 0.77913 0.53269 -0.351 0.83406 0.4256 -0.28196 0.82159 0.49547 -0.26899 0.92959 0.25202 -0.24164 0.92887 0.28074 -0.15498 0.96989 0.18785 -0.20432 0.86081 0.46611 -0.00219 0.99629 0.08607 -0.98591 0.06071 0.15588 -0.99308 0.07151 0.0932 -0.98524 0.10888 0.13212 -0.98489 0.10874 0.13479 -0.99073 0.11518 0.07196 -0.96941 0.13181 0.20707 -0.93283 0.1815 0.31127 -0.91299 0.23348 0.33456 -0.87482 0.31083 0.37158 -0.82399 0.32107 0.46686 -0.80404 0.42089 0.41995 -0.75288 0.42511 0.50245 -0.69589 0.48956 0.52542 -0.55333 0.6754 0.48751 -0.43132 0.70721 0.56019 -0.43265 0.70849 0.55755 -0.37629 0.80421 0.46006 -0.37855 0.88292 0.27776 -0.54031 0.69751 0.47069 -0.63565 0.67411 0.37619 -0.70251 0.56773 0.42915 -0.76662 0.51746 0.38018 -0.80239 0.44492 0.39776 -0.90166 0.29836 0.31305 -0.94233 0.23839 0.23492 -0.97617 0.16861 0.1366 -0.53862 0.77344 0.33417 -0.60622 0.63142 0.48353 -0.68973 0.55323 0.46712 -0.79385 0.44311 0.41647 -0.86503 0.36724 0.34184 -0.94271 0.23631 0.23549 -0.96973 0.162 0.1827 -0.98357 0.06157 0.16969 -0.98848 0.1488 0.02785 -0.98168 0.18961 -0.01883 -0.97249 0.23248 0.01495 -0.96969 0.2414 0.03788 -0.94534 0.3252 0.02402 -0.91659 0.39247 0.07638 -0.91025 0.39717 0.11704 -0.86708 0.48653 0.10709 -0.84501 0.50103 0.18689 -0.65785 0.6458 0.38752 -0.72385 0.59601 0.34757 -0.79644 0.54141 0.26936 -0.786 0.53998 0.30104 -0.87275 0.44658 0.19716 -0.95291 0.26804 0.14184 -0.97916 0.19527 0.05578 -0.97221 0.20082 0.12028 -0.98483 0.15939 0.06865 -0.99108 0.11716 0.0635 -0.80155 0.57842 0.15149 -0.76178 0.60321 0.23627 -0.72509 0.65318 0.21819 -0.68462 0.67699 0.27014 -0.64763 0.72077 0.2471 -0.87296 0.44621 0.19708 -0.87778 0.4441 0.17963 -0.92277 0.36216 0.1317 -0.92325 0.36172 0.12946 -0.95948 0.2724 0.07207 -0.9829 0.18245 0.02493 -0.69722 0.63941 0.32411 -0.83711 0.46324 0.29094 -0.88443 0.37819 0.2734 -0.908 0.35517 0.22222 -0.92686 0.30711 0.21591 -0.9534 0.26596 0.14248 -0.96901 0.00668 0.24694 -0.95587 -0.00094 0.29378 -0.97892 -0.0008 0.20423 -0.04022 0.39539 0.91763 -0.01926 0.24748 0.9687 -0.06965 0.42352 0.90321 -0.16135 0.24036 0.95718 -0.25747 0.21924 0.94109 -0.2757 0.27754 0.9203 -0.50517 0.19286 0.84119 -0.5555 0.11003 0.8242 -0.61379 0.16473 0.77209 -0.66292 0.08838 0.74345 -0.73963 0.08228 0.66796 -0.73716 0.0773 0.67129 -0.80668 0.06634 0.58726 -0.83823 0.10475 0.53516 -0.88038 0.05147 0.47147 -0.91579 0.02151 0.40108 -0.93066 0.03668 0.36404 -0.9539 0.05413 0.29519 -0.91382 0.08219 0.39771 -0.88359 0.13402 0.44868 -0.85118 0.1188 0.51126 -0.84725 0.12826 0.51548 -0.79148 0.16563 0.58833 -0.78759 0.1604 0.59495 -0.74241 0.22573 0.63077 -0.69755 0.19574 0.68928 -0.64842 0.31341 0.69378 -0.57624 0.36262 0.73243 -0.51002 0.31087 0.80202 -0.46027 0.37431 0.80501 -0.33982 0.40097 0.85073 0.99998 0.00428 0.00539 -0.06201 0.6926 0.71865 -0.2565 0.74734 0.61293 -0.35449 0.61261 0.70644 -0.45333 0.63874 0.62169 -0.53978 0.49858 0.67827 -0.71214 0.3622 0.60139 -0.79779 0.3105 0.51684 -0.85405 0.20965 0.47607 -0.8619 0.21865 0.45751 -0.91847 0.16726 0.35839 -0.95656 0.08955 0.27744 -0.04277 0.61009 0.79118 -0.16977 0.68011 0.71318 -0.23384 0.57748 0.7822 -0.2474 0.59235 0.76676 -0.3683 0.57909 0.72733 -0.4333 0.52916 0.72955 -0.58618 0.3487 0.7313 -0.68005 0.3847 0.62412 -0.72239 0.28043 0.63207 -0.78449 0.2633 0.56146 -0.88935 0.1227 0.44045 -0.93754 0.1264 0.32412 -0.95517 0.05943 0.29003 -0.98298 0.02362 0.18217 -0.98852 0.02143 0.14953 -0.02607 0.73134 0.68151 -0.15191 0.53284 0.83247 -0.2575 0.51611 0.8169 -0.36885 0.25172 0.89475 -0.41941 0.25618 0.8709 -0.52962 0.26826 0.8047 -0.62826 0.14156 0.76502 -0.69691 0.19744 0.68945 -0.8691 0.04373 0.4927 -0.9342 0.03077 0.35543 -0.96669 0.03244 0.2539 -0.99424 -0.01058 0.10668 -0.14467 0.75536 0.63914 -0.51052 0.58542 0.6298 -0.62123 0.53656 0.57112 -0.61899 0.53448 0.57548 -0.65601 0.43765 0.61491 -0.74578 0.43809 0.50188 -0.78749 0.36477 0.4968 -0.91703 0.23309 0.3236 -0.95193 0.11558 0.28367 -0.98347 0.06207 0.17011 0.05837 0.40729 -0.91143 0.03492 0.65245 -0.75703 0.08344 0.9343 -0.34658 0.93302 0.33358 -0.13487 0.90763 0.39599 -0.13928 0.88069 0.42625 -0.20663 0.85552 0.47501 -0.20605 0.83098 0.48939 -0.2645 0.8039 0.53597 -0.25786 0.76401 0.54818 -0.34027 0.8196 0.54451 -0.17821 0.8719 0.46843 -0.14268 0.87635 0.46516 -0.12505 0.9211 0.37918 -0.08835 0.96106 0.27586 -0.01642 0.98198 0.18864 0.0114 0.99005 0.13854 0.02451 0.97904 0.20367 0.00287 0.84717 0.37719 -0.3742 0.90614 0.33372 -0.25987 0.90799 0.31756 -0.27333 0.95385 0.23906 -0.18172 0.95232 0.23971 -0.18875 0.78484 0.45098 -0.42501 0.94825 0.31062 -0.06592 0.99001 0.14082 -0.00725 0.82357 0.24887 -0.5097 0.79104 0.07328 -0.60736 0.78431 0.08239 -0.61487 0.8818 0.1762 -0.43746 0.88294 0.06185 -0.4654 0.91696 0.03411 -0.39751 0.93366 0.22164 -0.28134 0.88352 0.2836 -0.37279 0.73882 0.08424 -0.66861 0.82672 0.1735 -0.53518 0.83075 0.16386 -0.53198 0.91937 0.2107 -0.33223 0.94631 0.13984 -0.29146 0.9533 0.1373 -0.26902 0.96947 0.08873 -0.22861 0.97455 0.08492 -0.20748 0.98493 0.05214 -0.16489 0.98442 0.05696 -0.16637 0.9921 0.03271 -0.12111 0.73069 0.07139 -0.67897 0.87662 0.18828 -0.44281 0.9276 0.13949 -0.34656 0.83018 0.09708 -0.54898 0.85044 0.07674 -0.52045 0.90238 0.10609 -0.41768 0.93625 0.10405 -0.33556 0.95426 0.06104 -0.2927 0.97856 0.0035 -0.20592 0.90722 0.08686 -0.41159 0.93944 0.04973 -0.33908 0.96835 0.0228 -0.24857 0.96792 0.02497 -0.25001 0.98372 0.00584 -0.17961 0.9819 -0.01737 -0.18859 0.95784 -0.00442 -0.28727 0.96055 -0.00303 -0.27808 0.99264 -0.02038 -0.11936 0.97965 -0.01982 -0.19971 0.9861 -0.00249 -0.16614 0.94171 0.04392 -0.33354 0.06455 0.11738 -0.99099 0.84851 0.37342 -0.37497 0.43011 0.32776 -0.84118 0.79556 0.28962 -0.53217 0.75869 0.28077 -0.58785 0.72216 0.33158 -0.60707 0.68405 0.30112 -0.66438 0.62652 0.35392 -0.69442 0.61475 0.33829 -0.71249 0.5496 0.36173 -0.75305 0.50498 0.31596 -0.80322 0.43132 0.33141 -0.83912 0.3037 0.34556 -0.8879 0.06634 0.12291 -0.9902 0.6763 0.11453 -0.72766 0.32339 -0.05511 -0.94466 0.42751 0.14381 -0.8925 0.53982 0.12409 -0.83258 0.59279 0.13013 -0.79477 0.2051 0.15417 -0.96652 0.24808 0.19836 -0.94821 0.30921 0.16071 -0.93731 0.35088 0.24394 -0.90409 0.43733 0.16816 -0.88344 0.51358 0.19606 -0.83534 0.60266 0.18831 -0.77546 0.63189 0.2284 -0.74064 0.66866 0.2415 -0.70326 0.70936 0.17172 -0.68361 0.00449 0.98525 0.17106 0.03185 0.87156 -0.48925 0.03063 0.87816 -0.47738 0.03795 0.76282 -0.6455 0.03034 0.60208 -0.79786 0.03414 0.97995 -0.1963 0.11883 0.99027 -0.07239 0.02719 0.99648 -0.07936 0.26433 0.93019 -0.25472 0.29819 0.9498 -0.09467 0.03442 0.55977 -0.82794 0.11885 0.62915 -0.76815 0.1266 0.66647 -0.73471 0.16919 0.17629 -0.96969 0.12978 0.11853 -0.98443 0.3159 0.66187 -0.67981 0.20645 0.67656 -0.70686 0.19661 0.41163 -0.88989 0.4469 0.85603 -0.25979 0.99593 0.09004 -0.00513 0.94641 0.3226 -0.01562 0.90268 0.42959 -0.02492 0.88015 0.47468 0.00467 0.83528 0.54983 -0.00142 0.80945 0.58488 -0.05201 0.75947 0.65054 0.0015 0.71187 0.70228 -0.00601 0.6822 0.72723 -0.07579 0.64135 0.76725 0.00164 0.55493 0.82959 -0.06194 0.98222 0.18774 0.00165 0.89964 0.43027 -0.07424 0.86609 0.49748 -0.04894 0.82632 0.55374 -0.10277 0.76857 0.63913 -0.02845 0.71667 0.68342 -0.13902 0.66679 0.73523 -0.12177 0.62409 0.75335 -0.20729 0.99649 0.08364 -0.00249 0.97499 0.22208 -0.00909 0.95705 0.28988 -0.00513 0.92761 0.37352 -0.00425 0.55216 0.83066 -0.07156 0.30726 0.70703 -0.63694 0.22336 0.73642 -0.63859 0.21142 0.91407 -0.34609 0.31036 0.88885 -0.33708 0.30786 0.88562 -0.34771 0.38936 0.85239 -0.34904 0.36375 0.83862 -0.40546 0.47237 0.79398 -0.38271 0.46017 0.7876 -0.40979 0.22051 0.97538 0.00317 0.41548 0.68198 -0.6019 0.13398 0.89844 -0.41815 0.97879 0.20409 0.01758 0.96757 0.25209 -0.01624 0.93571 0.34749 -0.06074 0.74732 0.61254 -0.25749 0.66246 0.66714 -0.3407 0.67153 0.67109 -0.31413 0.57629 0.71018 -0.4044 0.53761 0.76025 -0.36467 0.3464 0.93767 -0.02795 0.20621 0.43736 -0.87533 0.28085 0.42847 -0.8588 0.33389 0.53301 -0.77744 0.35487 0.51287 -0.78168 0.47855 0.6132 -0.62846 0.54592 0.54273 -0.63829 0.64461 0.56529 -0.51471 0.6543 0.54823 -0.5209 0.72503 0.56209 -0.39798 0.81816 0.46029 -0.34461 0.87108 0.3835 -0.30682 0.91335 0.31504 -0.25796 0.96992 0.23536 -0.06212 0.98676 0.15543 -0.04632 0.03701 0.95633 -0.28992 0.12254 0.84911 -0.5138 0.22922 0.82635 -0.5144 0.45099 0.70141 -0.55194 0.51478 0.6391 -0.57145 0.59426 0.66172 -0.45715 0.71248 0.59487 -0.37217 0.99606 0.08854 0.00511 0.93465 0.34998 -0.06282 0.90053 0.42884 -0.0717 0.83189 0.5433 -0.11309 0.76728 0.61753 -0.17305 0.7359 0.63311 -0.24005 0.61495 0.76414 -0.19475 0.52739 0.78248 -0.33105 0.55525 0.82921 -0.06405 0.45542 0.88951 -0.03702 0.4275 0.89491 -0.128 0.99251 -0.00238 -0.12217 0.98682 0.14699 -0.06772 0.99117 0.09473 -0.0928 0.9851 0.13854 -0.10186 0.98262 0.14267 -0.11877 0.97374 0.18932 -0.12644 0.66168 0.08344 -0.74513 0.74785 0.19177 -0.63556 0.77634 0.15664 -0.61054 0.86777 0.25797 -0.42476 0.89604 0.2086 -0.39191 0.98804 0.07567 -0.13437 0.84446 0.36771 -0.38946 0.77362 0.42372 -0.47113 0.78603 0.43496 -0.43928 0.7033 0.45775 -0.54391 0.69434 0.44826 -0.56299 0.61373 0.48456 -0.62333 0.55783 0.50649 -0.65749 0.43715 0.47254 -0.76525 0.18018 0.43253 -0.88343 0.10152 0.31278 -0.94439 0.03231 0.30948 -0.95036 0.03694 0.48378 -0.87441 -0.30564 0.39692 -0.86547 -0.88786 0.32456 -0.32614 -0.98177 0.19005 -0.00115 -0.89882 0.42696 -0.09911 -0.86854 0.48083 -0.1202 -0.9808 0.19447 0.01482 -0.97817 0.20706 0.01779 -0.96565 0.25934 -0.01649 -0.93895 0.33942 -0.05628 -0.78795 0.55203 -0.27276 -0.75391 0.60385 -0.25882 -0.99007 0.13777 0.02791 -0.93197 0.33593 -0.1363 -0.87773 0.43063 -0.2101 -0.79715 0.46856 -0.38079 -0.94543 0.2326 -0.22817 -0.97207 0.22012 -0.08143 -0.97182 0.22129 -0.08124 -0.98663 0.14018 -0.08314 -0.98558 0.16751 -0.02394 -0.98457 0.16908 -0.04514 -0.98603 0.16469 -0.02493 -0.89018 0.23111 -0.39264 -0.93717 0.25489 -0.23822 -0.95647 0.16822 -0.23848 -0.97737 0.14641 -0.15271 -0.97109 0.14046 -0.19303 -0.93128 0.11859 -0.34445 -0.96714 0.07892 -0.24169 -0.96925 0.08052 -0.23253 -0.98894 0.09386 -0.11486 -0.98419 0.07007 -0.16268 -0.98448 0.04118 -0.17058 -0.97835 0.02124 -0.20585 -0.98013 -0.00628 -0.19825 -0.98827 -0.01903 -0.15156 -0.80232 0.05949 -0.59392 -0.99376 0.06368 -0.09155 -0.99017 0.04228 -0.13332 -0.98961 0.00057 -0.14377 -0.98916 -0.00028 -0.14687 -0.98791 -0.01823 -0.15395 -0.97736 -0.01604 -0.21095 -0.96571 -0.00338 -0.25962 -0.93399 0.00465 -0.35728 -0.90231 0.00389 -0.43107 -0.30283 0.4044 -0.86299 -0.94024 0.12176 -0.31801 -0.89928 0.15101 -0.41047 -0.89308 0.18333 -0.41085 -0.46264 0.24132 -0.85307 -0.40532 0.19069 -0.89406 -0.05533 0.08433 -0.9949 -0.20485 0.15246 -0.96685 -0.20455 0.15163 -0.96704 -0.83144 0.3215 -0.45315 -0.40852 0.37818 -0.83071 -0.29112 0.19779 -0.93602 -0.31059 0.14112 -0.94001 -0.49211 0.13087 -0.86064 -0.38033 0.12703 -0.91609 -0.79378 0.09311 -0.60104 -0.86128 0.07376 -0.50275 -0.90452 0.00823 -0.42635 -0.53917 0.05812 -0.84019 -0.59673 0.11482 -0.79418 -0.63706 0.06829 -0.76779 -0.66666 0.10863 -0.7374 -0.73563 0.0678 -0.67399 -0.73593 0.06699 -0.67374 -0.85102 0.05384 -0.52237 -0.93596 0.00309 -0.35209 -0.96187 -0.0046 -0.27348 -0.92443 0.19124 -0.32994 -0.90561 0.23984 -0.34979 -0.84815 0.22337 -0.48037 -0.84276 0.21534 -0.49334 -0.79394 0.28965 -0.53457 -0.75822 0.2811 -0.58828 -0.72838 0.32284 -0.60435 -0.67773 0.30353 -0.66973 -0.65602 0.34794 -0.66976 -0.5618 0.33197 -0.75775 -0.49508 0.30423 -0.81384 -0.38957 0.31657 -0.86488 -0.95659 0.02547 -0.29033 -0.94972 0.042 -0.31028 -0.92735 0.05294 -0.37042 -0.90851 0.09281 -0.40742 -0.88909 0.08609 -0.44956 -0.8532 0.13697 -0.50328 -0.83732 0.13183 -0.53058 -0.81757 0.16417 -0.55193 -0.77801 0.1507 -0.60991 -0.73775 0.19386 -0.64664 -0.71098 0.17009 -0.68234 -0.64336 0.21902 -0.73357 -0.64946 0.19823 -0.73411 -0.5759 0.21243 -0.78944 -0.57425 0.21583 -0.78972 -0.1115 0.77838 -0.61782 -0.00574 0.99504 0.09934 -0.06573 0.97073 -0.23101 -0.11674 0.99269 -0.03068 -0.18534 0.96295 -0.19589 -0.21354 0.9766 -0.02573 -0.30477 0.95227 0.017 -0.34198 0.93047 -0.13143 -0.19977 0.82607 -0.52697 -0.29752 0.86789 -0.39781 -0.26282 0.92113 -0.28713 -0.03696 0.96554 -0.25762 -0.03765 0.8936 -0.44728 -0.03476 0.85318 -0.52045 -0.02784 0.78774 -0.61538 -0.02288 0.74874 -0.66247 -0.01172 0.68163 -0.7316 -0.05429 0.88744 -0.45771 -0.04168 0.64343 -0.76437 -0.0306 0.52244 -0.85213 -0.03355 0.53909 -0.84158 -0.12901 0.64595 -0.7524 -0.1372 0.59492 -0.79199 -0.02749 0.26058 -0.96506 -0.10793 0.18509 -0.97678 -0.33526 0.77836 -0.5308 -0.33494 0.77955 -0.52926 -0.09707 0.26248 -0.96004 -0.0277 0.26154 -0.9648 -0.02807 0.26019 -0.96515 -0.3841 0.90512 -0.18226 -0.24945 0.66734 -0.70174 -0.22567 0.7347 -0.63976 -0.1581 0.95324 -0.25757 -0.4489 0.81082 -0.37558 -0.4162 0.83379 -0.36273 -0.14367 0.36826 -0.91856 -0.19194 0.4175 -0.88817 -0.20528 0.37486 -0.90407 -0.03702 0.38742 -0.92116 -0.36392 0.92813 -0.07831 -0.44356 0.8933 -0.07258 -0.46028 0.88146 -0.10566 -0.53371 0.84566 -0.0037 -0.60238 0.79615 -0.05733 -0.60469 0.79397 -0.06299 -0.66777 0.74433 -0.00757 -0.71452 0.69923 -0.02332 -0.72472 0.68731 -0.04881 -0.77627 0.63012 0.0188 -0.83812 0.54458 -0.03141 -0.84071 0.54009 -0.03889 -0.88 0.47487 0.00953 -0.92436 0.38112 -0.01775 -0.90404 0.42056 -0.07641 -0.86798 0.49458 -0.0448 -0.83961 0.53665 -0.08407 -0.82296 0.56358 -0.07158 -0.78238 0.61293 -0.11047 -0.76668 0.63437 -0.09888 -0.71798 0.68366 -0.13083 -0.65891 0.74998 -0.05812 -0.99895 0.04588 0.00089 -0.99784 0.06566 -0.00216 -0.99515 0.09833 0.00241 -0.98397 0.17832 -0.00366 -0.96229 0.2718 -0.01093 -0.95933 0.28217 -0.0085 -0.92652 0.37597 -0.01441 -0.4537 0.81433 -0.36197 -0.30313 0.64501 -0.70148 -0.30889 0.41727 -0.85468 -0.45476 0.66192 -0.59586 -0.41229 0.67375 -0.61325 -0.96136 0.27481 -0.0163 -0.93672 0.34449 -0.06236 -0.90904 0.40872 -0.08122 -0.88284 0.44754 -0.14249 -0.81389 0.54822 -0.19244 -0.71287 0.64088 -0.28476 -0.72975 0.61097 -0.30689 -0.65054 0.67514 -0.34781 -0.96077 0.24887 -0.12244 -0.93065 0.33701 -0.14251 -0.89303 0.39042 -0.22376 -0.82827 0.47521 -0.29689 -0.72861 0.56734 -0.38372 -0.73673 0.54409 -0.40149 -0.84279 0.48658 -0.23009 -0.68187 0.55273 -0.4791 -0.62568 0.64253 -0.44235 -0.57722 0.63699 -0.51094 -0.52632 0.68411 -0.50495 -0.54656 0.6317 -0.54975 -0.45953 0.66773 -0.58564 -0.71576 0.64573 -0.26594 -0.66329 0.72075 -0.20141 -0.60684 0.74896 -0.26608 -0.58644 0.77049 -0.24987 -0.51885 0.7976 -0.30762 -0.53591 0.77208 -0.34162 -0.3729 0.63017 -0.68106 -0.31166 0.41039 -0.857 -0.96877 0.02541 -0.24667 -0.94247 0.23254 -0.24015 -0.89473 0.33079 -0.30007 -0.84438 0.39155 -0.36565 -0.84804 0.38212 -0.36717 -0.77494 0.43507 -0.45846 -0.77341 0.43729 -0.45892 -0.72368 0.42787 -0.54149 -0.69757 0.48479 -0.5276 -0.62143 0.45456 -0.63812 -0.60348 0.49335 -0.62643 -0.52204 0.45807 -0.71947 -0.4866 0.49835 -0.71754 -0.44383 0.46266 -0.76744 -0.38385 0.523 -0.761 0.99831 0.05283 0.02407 0.99285 0.11848 0.01444 0.99795 0.01543 0.0621 0.99828 -0.00646 0.0583 0.99736 -0.01265 0.07145 0.99238 -0.01991 -0.12161 0.99549 -0.00997 -0.09439 0.99569 0.04374 -0.08178 0.99588 0.04375 -0.07947 0.98598 0.15073 -0.07157 0.99626 0.08628 0.00564 0.99939 0.03496 -0.00018 0.99136 0.13057 -0.01245 0.99771 0.06761 -0.00271 0.981 0.19372 -0.01037 0.99678 0.08 0.0059 0.99616 0.04005 -0.07788 0.99971 0.02331 -0.00531 0.9976 0.01342 0.06789 0.99856 -0.02362 -0.04814 0.99975 -0.01407 -0.0173 0.99967 -0.00967 -0.02367 0.99947 -0.01165 0.03027 0.98718 0.15891 -0.01525 0.99753 0.06451 -0.02762 0.99961 0.02685 -0.00797 0.99765 0.03674 0.05776 0.00014 -0.373 0.92783 -5E-05 -0.37387 0.92748 0.00044 -0.37332 0.9277 -0.00022 -0.3742 0.92735 -3E-05 -0.37401 0.92742 -1E-05 -0.37399 0.92743 0.00032 -0.37377 0.92752 1E-05 -0.37398 0.92744 -0.00076 -0.37426 0.92732 0.00172 -0.37276 0.92793 0.00012 -0.37382 0.9275 0.0011 -0.37347 0.92764 0.00186 -0.37326 0.92772 0.00018 -0.37328 0.92772 0.0028 -0.3731 0.92779 0.00132 -0.37315 0.92777 -0.00256 -0.37313 0.92778 -0.00157 -0.3732 0.92775 -0.00144 -0.37336 0.92769 -0.00057 -0.37364 0.92758 -0.00115 -0.37324 0.92774 -0.00034 -0.37364 0.92757 0.0004 -0.37405 0.92741 -0.00093 -0.37314 0.92777 0.00079 -0.37447 0.92724 6E-05 -0.37407 0.9274 -0.00043 -0.37335 0.92769 0.0001 -0.37411 0.92739 0.00025 -0.37423 0.92734 2E-05 -0.37372 0.92754 0.00027 -0.37426 0.92732 -0.00014 -0.373 0.92783 -0.00015 -0.37286 0.92789 -0.00014 -0.37282 0.9279 -0.00016 -0.37299 0.92783 -0.00015 -0.37293 0.92786 -0.00015 -0.37294 0.92785 -0.00011 -0.37286 0.92789 -0.00013 -0.37291 0.92787 -0.00013 -0.37292 0.92787 -0.0001 -0.37289 0.92788 -0.0001 -0.37289 0.92788 -4E-05 -0.37285 0.92789 0.00012 -0.3728 0.92791 -0.00012 -0.37285 0.92789 -3E-05 -0.37284 0.9279 -0.00014 -0.37285 0.92789 0.0002 -0.37286 0.92789 -0.0001 -0.37281 0.92791 -2E-05 -0.37283 0.9279 9E-05 -0.37289 0.92788 6E-05 -0.37287 0.92788 0.00012 -0.3729 0.92787 0.00011 -0.3729 0.92787 9E-05 -0.37287 0.92788 0.00014 -0.37292 0.92786 0.00012 -0.37289 0.92788 0.00016 -0.37298 0.92784 0.00015 -0.37293 0.92786 0.00014 -0.37259 0.92799 0.00018 -0.37288 0.92788 0.0002 -0.37321 0.92775 -0.99875 0.02689 0.04222 -0.99937 0.03556 -0.00038 -0.99879 0.04914 -0.0016 -0.99034 0.13809 -0.01223 -0.99739 -0.01048 -0.07149 -0.99779 0.00475 -0.0663 -0.99232 -0.00405 -0.12365 -0.99598 -0.02407 -0.08632 -0.99862 -0.00693 -0.05215 -0.99847 -0.01729 -0.05244 -0.99932 -0.00582 0.03635 -0.99911 -0.01759 0.0384 -0.99591 0.08997 0.00831 -0.99963 0.02703 -0.00424 -0.99364 0.11087 -0.01984 -0.9978 0.06625 -0.00215 -0.99972 -0.01338 0.01938 -0.99471 0.01192 0.10199 -0.99973 -0.00132 0.02317 -0.99998 0.0011 0.00542 -0.99965 -0.0053 -0.02573 -0.99768 0.02692 -0.06251 -0.99431 0.10618 0.00859 -0.99705 0.06829 0.03495 -0.99628 0.06576 0.05577 -0.99915 0.04065 0.00609 -0.99892 0.04399 -0.01472 -0.9942 0.08022 -0.07168 0 0 -1 0 -0 -1 0 0 -1 0 -0 -1 -0 -0 -1 0 0 -1 1E-05 -2E-05 -1 -0 -0 -1 -0 -0 -1 -0 -0 -1 0 -0 -1 -0 -0 -1 1E-05 0.00013 -1 0 1E-05 -1 -2E-05 -2E-05 -1 0 -1E-05 -1 0 -0 -1 -0 1E-05 -1 -0 -0 -1 -0 1E-05 -1 -3E-05 3E-05 -1 -0 -0 -1 0 0 -1 -0.00028 0.00015 -1 6E-05 -4E-05 -1 0.00022 -3E-05 -1 -0 -3E-05 -1 1E-05 -0 -1 -0.00021 -3E-05 -1 0 -3E-05 -1 0 -1E-05 -1 1E-05 -0 -1 0 -1E-05 -1 0 -0 -1 -0 -0 -1 1E-05 -7E-05 -1 0.00018 -2E-05 -1 2E-05 4E-05 -1 0 -0 -1 0 -1E-05 -1 0 0 -1 -1E-05 -1E-05 -1 0 -0 -1 -2E-05 -5E-05 -1 -0 0 -1 -1E-05 -2E-05 -1 0 0 -1 0 -0 -1 0 0 -1 0 -0 -1 1E-05 0.0001 -1 -0.10489 -0.99448 0.00191 -0.99949 -0.03181 0.00027 -0.99999 0.00403 0.00296 -0.97362 -0.22816 0.00029 -0.96995 -0.24328 -0.00098 -0.99487 -0.10115 0.0006 -0.99036 -0.13847 -0.00344 -0.94048 -0.33986 0.00014 -0.93638 -0.35099 -0.00083 -0.89456 -0.44694 0.00053 -0.88854 -0.4588 -0.00071 -0.7671 -0.64153 -0.00221 -0.83651 -0.54795 0.00252 -0.81548 -0.57878 -0.00197 -0.59812 -0.8014 -0.00013 -0.59997 -0.80002 8E-05 -0.68728 -0.7264 -0.00045 -0.70454 -0.70966 0.00142 -0.39678 -0.91791 0.0004 -0.38118 -0.9245 -0.00126 -0.50085 -0.86553 0.00059 -0.48666 -0.87359 -0.00104 -0.28733 -0.95783 0.00143 -0.26654 -0.96382 -0.00113 -0.17397 -0.98475 -0.00211 -0.03694 -0.99931 -0.0029 0.04434 -0.99901 0.00208 0.15217 -0.98835 -0.00215 0.16575 -0.98617 -0.00086 0.27899 -0.96029 -0.00065 0.28733 -0.95783 0.00019 0.41411 -0.91022 -0.00098 0.42949 -0.90307 0.00116 0.59557 -0.8033 -0.00198 0.61109 -0.79156 0.00096 0.76331 -0.64603 -0.00162 0.76434 -0.64482 -0.00139 0.861 -0.50861 0.00184 0.88358 -0.46828 -0.00245 0.93399 -0.35731 -0.00085 0.94048 -0.33986 0.00101 0.97362 -0.22816 0.00024 0.97009 -0.24275 -0.00097 0.99107 -0.13335 -0.00126 0.99355 -0.11337 0.00037 0.99976 -0.02208 0.00028 0.99976 -0.02212 0.00027 0.9994 0.00823 -0.03371 0.99619 0.00386 -0.08715 0.96592 -0.00282 -0.25882 0.90631 -0.00185 -0.42262 0.84612 0.00435 -0.53297 0.81915 0.00135 -0.57357 0.7071 -0.00178 -0.70711 0.56475 0.00298 -0.82525 0.57357 0.00386 -0.81915 0.42262 -0.00282 -0.9063 0.25882 -0.00185 -0.96592 0.13561 0.00435 -0.99075 0.08716 0.00135 -0.99619 -0.08716 -0.00178 -0.99619 -0.2962 0.0037 -0.95512 -0.25881 0.00771 -0.9659 -0.42262 -0.0027 -0.9063 -0.57357 -0.00546 -0.81914 -0.70711 -0.00049 -0.70711 -0.78725 0.00823 -0.61658 -0.81915 0.00386 -0.57357 -0.9063 -0.00282 -0.42262 -0.96592 -0.00185 -0.25882 -0.99671 0.00705 -0.08079 -0.99617 0.00771 -0.08715 -0.99619 -0.0027 0.08716 -0.96591 -0.00546 0.25881 -0.90631 -0.00049 0.42262 -0.84865 0.00823 0.52888 -0.81915 0.00386 0.57357 -0.7071 -0.00282 0.70711 -0.57356 -0.00185 0.81916 -0.44249 0.00566 0.89676 -0.42262 0.00386 0.9063 -0.25882 -0.00282 0.96592 -0.08716 -0.00185 0.99619 0.0385 0.00435 0.99925 0.08716 0.00135 0.99619 0.25882 -0.00178 0.96592 0.43232 0.00298 0.90171 0.42262 0.00386 0.9063 0.57356 -0.00282 0.81916 0.7071 -0.00185 0.70711 0.82278 0.00705 0.56831 0.81913 0.00771 0.57356 0.9063 -0.0027 0.42262 0.96591 -0.00546 0.25881 0.99619 -0.00049 0.08716 0.9968 0.02015 -0.0773 0.9992 0.00078 -0.04002 0.98064 -0.00925 -0.19558 0.96617 0.01819 -0.25726 0.92747 0.00022 -0.3739 0.91785 0.01075 -0.39678 0.86278 0.01247 -0.50543 0.87206 0.00418 -0.48938 0.76494 0.00652 -0.64407 0.78336 0.02307 -0.62114 0.82081 0.00223 -0.5712 0.73629 -0.00796 -0.67662 0.64929 0.0202 -0.76027 0.66555 0.04053 -0.74525 0.59444 0.00557 -0.80412 0.5337 0.02116 -0.84541 0.50988 0.00656 -0.86022 0.43006 0.00664 -0.90278 0.44685 0.02336 -0.8943 0.35099 0.00832 -0.93634 0.32023 0.01551 -0.94721 0.31795 0.01374 -0.94801 0.20598 -0.00459 -0.97855 0.24853 0.04209 -0.96771 0.16196 -0.00267 -0.98679 0.08879 0.01452 -0.99594 0.06152 -0.00535 -0.99809 -0.03425 0.01859 -0.99924 -0.02963 0.01537 -0.99944 -0.12246 0.00159 -0.99247 -0.14762 0.0177 -0.98889 -0.21802 -0.00052 -0.97594 -0.26354 0.01917 -0.96446 -0.29977 -0.00021 -0.95401 -0.39187 0.02228 -0.91975 -0.37582 0.00632 -0.92667 -0.46126 0.00602 -0.88724 -0.48269 0.02109 -0.87554 -0.5574 0.0106 -0.83018 -0.59343 0.01979 -0.80464 -0.58295 0.00967 -0.81245 -0.66387 0.00682 -0.74782 -0.6749 0.01571 -0.73774 -0.73429 0.00206 -0.67883 -0.75741 0.01607 -0.65274 -0.78693 0.00089 -0.61704 -0.82931 0.01515 -0.55858 -0.8508 0.00033 -0.52548 -0.89117 0.01434 -0.45345 -0.97045 0.00993 -0.2411 -0.9926 0.00847 -0.12113 -0.98863 -0.00355 -0.15034 -0.99969 0.00032 -0.02491 -0.99964 -0.00225 0.02665 -0.99183 0.01124 0.12708 -0.98931 0.00025 0.14581 -0.92528 -0.0011 0.37929 -0.93639 0.00896 0.35084 -0.88961 0.01022 0.45661 -0.88871 0.00921 0.45837 -0.84772 0.00193 0.53043 -0.82932 0.01462 0.55859 -0.73323 0.00953 0.67992 -0.74363 0.02159 0.66824 -0.78542 0.00263 0.61896 -0.66948 -0.0116 0.74274 -0.58079 0.0397 0.81309 -0.59693 0.01975 0.80205 -0.51806 -0.00846 0.8553 -0.33921 0.00632 0.94069 -0.39234 0.03725 0.91907 -0.44129 0.00182 0.89736 -0.26356 0.01529 0.96452 -0.25798 0.01067 0.96609 -0.16972 0.00379 0.98548 -0.12802 0.03403 0.99119 -0.06652 -0.01029 0.99773 0.59409 0.17401 0.78535 -0.78426 -0.23203 -0.57541 0.06501 0.02365 0.9976 0.0634 0.02573 0.99766 0.17517 -0.00081 0.98454 0.20592 0.02282 0.9783 0.32027 -0.00304 0.94732 0.29947 0.02286 0.95383 0.40322 -0.00166 0.9151 0.42999 0.01907 0.90263 0.53382 -0.00242 0.84559 0.51541 0.02047 0.8567 0.59175 0.00152 0.80612 0.62997 0.01914 0.77638 0.66099 0.00473 0.75038 0.7175 0.00537 0.69654 0.70576 0.01823 0.70822 0.71696 0.01495 0.69695 0.79858 0.01463 0.60171 0.85997 0.013 0.51017 0.87161 0.00094 0.4902 0.90794 0.00412 0.41908 0.9151 0.00987 0.4031 0.94177 0.0026 0.33626 0.95298 0.0086 0.30291 0.98203 0.01949 0.18774 0.99828 0.01345 0.05701 0.9997 -0.00255 0.02432 -0.96593 0.25882 0.00036 -0.99619 0.08716 -0.00019 -0.81915 0.57358 0.00061 -0.90631 0.42262 -0.00058 -0.90681 0.42154 -0.0006 -0.57358 0.81915 -0.00065 -0.60157 0.79882 -0.00121 -0.70711 0.70711 0.00027 -0.25882 0.96593 0.00049 -0.42262 0.90631 0.00069 -0.08716 0.99619 -0.0011 -0.09207 0.99575 -0.00119 0.08716 0.99619 0.00055 0.25882 0.96593 0.00067 0.41286 0.9108 -0.00066 0.42262 0.90631 -0.00051 0.57358 0.81915 0.00043 0.70711 0.70711 -0.00015 0.76525 0.64373 -0.00119 0.81915 0.57358 9E-05 0.90631 0.42262 0.0011 0.96593 0.25882 0.00058 0.99619 0.08716 -0.00147 0.99795 0.06393 -0.00194 0.99619 -0.08716 7E-05 0.96593 -0.25882 0.00089 0.90631 -0.42262 0.00021 0.86285 -0.50547 -0.00096 0.81915 -0.57358 -8E-05 0.70711 -0.70711 0.00036 0.57451 -0.8185 -0.00068 0.57358 -0.81915 -0.00067 0.42262 -0.90631 0.00072 0.25882 -0.96593 0.00063 0.08716 -0.99619 -0.00095 0.07125 -0.99746 -0.00123 -0.08716 -0.99619 0.0004 -0.25882 -0.96593 0.00071 -0.42262 -0.90631 -0.00046 -0.57358 -0.81915 0.00026 -0.46176 -0.88701 -0.00112 -0.70711 -0.70711 0.00061 -0.81915 -0.57358 -0.00051 -0.90631 -0.42262 0.00022 -0.84783 -0.53026 -0.00129 -0.96593 -0.25882 0.00087 -1 0.00185 -0.00119 -0.99619 -0.08716 1E-05 -0 -1 -0 -0.0431 -0 0.99907 -0.04316 -5E-05 0.99907 -0.20322 0.0091 0.97909 -0.21622 -0.01062 0.97629 -0.35968 0.00858 0.93304 -0.36748 0 0.93003 -0.4654 0 0.8851 -0.47279 -0.00858 0.88113 -0.59499 0.01001 0.80367 -0.60697 -0.00968 0.79466 -0.72281 0.00966 0.69098 -0.73306 -0.00999 0.68009 -0.83017 0.01003 0.55742 -0.83854 -0.01007 0.54475 -0.90873 0.00859 0.41731 -0.91222 0 0.4097 -0.95092 0 0.30944 -0.95344 -0.00858 0.30145 -0.98779 0.01065 0.15543 -0.98862 0.00322 0.15037 -0.9995 -0.01135 0.02968 0.99926 0.02357 0.03041 0.99805 -0.00849 0.06183 0.97871 0.00994 0.20499 0.9755 -0.00991 0.21977 0.92962 0.00991 0.36839 0.92395 -0.00993 0.38239 0.85339 0.00993 0.52117 0.84542 -0.00991 0.53402 0.75231 0.00992 0.65873 0.74226 -0.00997 0.67004 0.62916 0.00997 0.77722 0.61732 -0.00992 0.78665 0.4978 0.00846 0.86725 0.49058 -0 0.87139 0.39477 0 0.91878 0.3871 -0.00846 0.922 0.25044 0.00991 0.96808 0.23579 -0.00993 0.97175 0.07888 0.01034 0.99683 0.07082 -5E-05 0.99749 -0.99878 0.0251 -0.04252 -0.9986 0.01531 -0.05064 -0.9844 -0.02823 -0.17365 -0.96943 0.0419 -0.24175 -0.93378 -0.0419 -0.35539 -0.90716 0.02823 -0.41983 -0.84169 -0.01978 -0.5396 -0.84378 -0.01396 -0.5365 -0.74012 0.01191 -0.67237 -0.71834 -0.02612 -0.6952 -0.64145 0.02669 -0.7667 -0.58144 -0.02669 -0.81315 -0.49296 0.02612 -0.86966 -0.4654 -0.01191 -0.88502 -0.30788 0.01396 -0.95132 -0.29076 -0.01396 -0.95669 -0.11008 0.01396 -0.99382 -0.09223 -0.01396 -0.99564 0.09223 0.01396 -0.99564 0.11008 -0.01396 -0.99382 0.29076 0.01396 -0.95669 0.28716 0.01978 -0.95768 0.41485 -0.02823 -0.90945 0.46524 0.02823 -0.88473 0.58154 -0.01978 -0.81328 0.57855 -0.01396 -0.81553 0.71851 0.01396 -0.69537 0.73087 -0.01396 -0.68237 0.84378 0.01396 -0.5365 0.84169 0.01978 -0.5396 0.90716 -0.02823 -0.41983 0.93378 0.0419 -0.35539 0.96943 -0.0419 -0.24175 0.98609 0.04092 -0.16112 0.99766 -0.02591 -0.06331 0.99595 -0.02203 -0.08713 0.99653 -0.02015 -0.08077 0.96591 0.00529 -0.25882 0.90628 0.00806 -0.42261 0.8191 -0.01103 -0.57354 0.78706 -0.02351 -0.61643 0.7071 0.00141 -0.70711 0.57351 0.01561 -0.81905 0.42261 0.00772 -0.90628 0.25875 -0.02203 -0.96569 0.27924 -0.01578 -0.96009 0.08716 0.00027 -0.99619 -0.08716 -0.00703 -0.99617 -0.06169 -0.00279 -0.99809 -0.25879 0.0157 -0.96581 -0.4226 0.00973 -0.90626 -0.57348 -0.01816 -0.81902 -0.54938 -0.00987 -0.83551 -0.7071 0.00508 -0.7071 -0.81915 -0.00387 -0.57357 -0.84606 -0.01243 -0.53294 -0.90629 0.00529 -0.42261 -0.96589 0.00806 -0.25881 -0.99613 -0.01103 -0.08715 -0.99916 -0.02351 -0.0337 -0.99619 0.00141 0.08716 -0.96581 0.01561 0.25878 -0.90628 0.00771 0.42261 -0.81896 -0.02203 0.57343 -0.82264 -0.02015 0.56821 -0.7071 0.00529 0.7071 -0.57355 0.00806 0.81913 -0.4226 -0.01103 0.90625 -0.42721 -0.00984 0.9041 -0.25881 0.00616 0.96591 -0.08716 -9E-05 0.99619 -0.00282 -0.01363 0.9999 0.08716 0.0003 0.99619 0.25881 0.00555 0.96591 0.4226 -0.01098 0.90625 0.44338 -0.01603 0.89619 0.57356 0.00529 0.81915 0.70708 0.00806 0.70709 0.8191 -0.01103 0.57354 0.84845 -0.02351 0.52876 0.90631 0.00141 0.42262 0.96581 0.01561 0.25878 0.99616 0.00772 0.08715</float_array>
          <technique_common>
            <accessor source="#norm_0-array" count="17640" stride="3">
              <param name="X" type="float"/>
              <param name="Y" type="float"/>
              <param name="Z" type="float"/>
            </accessor>
          </technique_common>
        </source>
        <vertices id="vert_0">
          <input semantic="POSITION" source="#pos_0"/>
        </vertices>
        <triangles count="6238" material="mat_0">
          <input semantic="VERTEX" source="#vert_0" offset="0"/>
          <input semantic="NORMAL" source="#norm_0" offset="1"/>
          <p>0 0 1 0 2 0 3 0 4 0 5 0 5 0 4 0 6 0 7 0 8 0 9 0 8 0 10 0 9 0 8 0 11 0 10 0 0 0 12 0 1 0 1 0 12 0 13 0 14 0 15 0 16 0 3 0 17 0 18 0 18 0 17 0 19 0 3 0 20 0 17 0 21 0 22 0 23 0 8 0 24 0 11 0 14 0 16 0 25 0 14 0 25 0 8 0 8 0 25 0 24 0 1 0 13 0 26 0 1 0 26 0 15 0 15 0 26 0 27 0 15 0 27 0 16 0 28 0 29 0 2 0 2 0 29 0 0 0 5 0 30 0 3 0 3 0 30 0 31 0 3 0 31 0 20 0 21 0 23 0 32 0 22 0 21 0 33 0 22 0 33 0 34 0 7 0 35 0 33 0 33 0 35 0 34 0 7 0 36 0 35 0 7 0 9 0 37 0 7 0 37 0 36 0 17 0 38 0 19 0 19 0 38 0 39 0 19 0 39 0 2 0 2 0 39 0 28 0 6 0 4 0 40 0 40 0 4 0 41 0 41 0 4 0 42 0 41 0 42 0 43 0 43 0 42 0 44 0 43 0 44 0 45 0 46 0 47 0 48 0 46 0 48 0 49 0 32 0 50 0 46 0 46 0 50 0 47 0 46 0 49 0 51 0 46 0 51 0 44 0 44 0 51 0 45 0 32 0 52 0 50 0 32 0 53 0 52 0 32 0 23 0 54 0 32 0 54 0 53 0 55 1 56 1 57 1 55 2 57 2 22 2 22 3 57 3 58 3 22 4 58 4 23 4 23 5 58 5 59 5 23 6 59 6 54 6 54 7 59 7 60 7 54 8 60 8 53 8 53 9 60 9 61 9 53 10 61 10 52 10 52 11 61 11 62 11 52 12 62 12 50 12 50 13 62 13 63 13 50 14 63 14 47 14 47 15 63 15 64 15 47 16 64 16 48 16 48 17 64 17 65 17 48 18 65 18 49 18 49 19 65 19 66 19 49 20 66 20 51 20 51 21 66 21 67 21 51 22 67 22 45 22 68 23 69 23 70 23 68 24 70 24 16 24 16 25 70 25 71 25 16 26 71 26 25 26 25 27 71 27 72 27 25 28 72 28 24 28 24 29 72 29 73 29 24 30 73 30 11 30 11 31 73 31 74 31 11 32 74 32 10 32 10 33 74 33 75 33 10 34 75 34 9 34 9 35 75 35 76 35 9 36 76 36 37 36 37 37 76 37 77 37 37 38 77 38 36 38 36 39 77 39 78 39 36 40 78 40 35 40 35 41 78 41 79 41 35 42 79 42 34 42 80 43 81 43 82 43 80 44 82 44 43 44 43 45 82 45 83 45 43 46 83 46 41 46 41 47 83 47 84 47 41 48 84 48 40 48 40 49 84 49 85 49 40 50 85 50 6 50 6 51 85 51 86 51 6 52 86 52 5 52 5 53 86 53 87 53 5 54 87 54 30 54 30 55 87 55 88 55 30 56 88 56 89 56 30 57 89 57 31 57 31 58 89 58 20 58 20 59 89 59 90 59 20 60 90 60 91 60 20 61 91 61 17 61 17 62 91 62 92 62 17 63 92 63 38 63 38 64 92 64 93 64 38 65 93 65 39 65 39 66 93 66 94 66 39 67 94 67 28 67 28 68 94 68 95 68 28 69 95 69 29 69 29 70 95 70 96 70 29 71 96 71 0 71 0 72 96 72 97 72 0 73 97 73 12 73 12 74 97 74 98 74 12 75 98 75 13 75 13 76 98 76 99 76 13 77 99 77 26 77 26 78 99 78 100 78 26 79 100 79 101 79 62 80 61 80 102 80 102 80 61 80 103 80 62 80 102 80 104 80 62 80 104 80 63 80 63 80 104 80 105 80 63 80 105 80 64 80 64 80 105 80 65 80 65 80 105 80 106 80 65 80 106 80 66 80 66 80 106 80 107 80 66 80 107 80 67 80 59 80 108 80 109 80 103 80 61 80 60 80 103 80 60 80 109 80 109 80 60 80 59 80 110 80 88 80 111 80 111 80 88 80 87 80 111 80 87 80 112 80 113 80 91 80 114 80 114 80 91 80 115 80 116 80 93 80 113 80 113 80 93 80 92 80 113 80 92 80 91 80 117 80 94 80 116 80 116 80 94 80 93 80 118 80 95 80 119 80 119 80 95 80 117 80 117 80 95 80 94 80 120 80 82 80 107 80 107 80 82 80 67 80 91 80 90 80 115 80 115 80 90 80 89 80 115 80 89 80 110 80 110 80 89 80 88 80 121 80 96 80 118 80 118 80 96 80 95 80 122 80 99 80 123 80 123 80 99 80 98 80 123 80 98 80 124 80 125 80 74 80 126 80 74 80 125 80 75 80 75 80 125 80 127 80 75 80 127 80 76 80 76 80 127 80 128 80 76 80 128 80 77 80 77 80 128 80 129 80 77 80 129 80 78 80 78 80 129 80 130 80 78 80 130 80 79 80 131 80 57 80 130 80 130 80 57 80 79 80 59 80 58 80 108 80 108 80 58 80 131 80 131 80 58 80 57 80 132 80 84 80 133 80 133 80 84 80 83 80 133 80 83 80 120 80 120 80 83 80 82 80 134 80 85 80 132 80 132 80 85 80 84 80 112 80 87 80 86 80 112 80 86 80 134 80 134 80 86 80 85 80 124 80 98 80 97 80 124 80 97 80 121 80 121 80 97 80 96 80 135 80 70 80 122 80 122 80 70 80 100 80 122 80 100 80 99 80 136 80 71 80 135 80 135 80 71 80 70 80 137 80 72 80 136 80 136 80 72 80 71 80 74 80 73 80 126 80 126 80 73 80 137 80 137 80 73 80 72 80 42 81 138 81 46 81 46 82 138 82 106 82 46 83 106 83 105 83 46 84 105 84 104 84 46 85 104 85 32 85 32 86 104 86 102 86 32 87 102 87 103 87 32 88 103 88 109 88 32 89 109 89 108 89 32 90 108 90 21 90 21 91 108 91 131 91 21 92 131 92 130 92 21 93 130 93 7 93 7 94 130 94 129 94 7 95 129 95 128 95 7 96 128 96 127 96 7 97 127 97 8 97 8 98 127 98 125 98 8 99 125 99 126 99 8 100 126 100 137 100 8 101 137 101 136 101 8 102 136 102 14 102 14 103 136 103 135 103 14 104 135 104 139 104 14 105 139 105 1 105 1 106 139 106 123 106 1 107 123 107 124 107 1 108 124 108 121 108 1 109 121 109 2 109 2 110 121 110 118 110 2 111 118 111 119 111 2 112 119 112 117 112 2 113 117 113 116 113 2 114 116 114 19 114 19 115 116 115 113 115 19 116 113 116 114 116 19 117 114 117 3 117 3 118 114 118 115 118 3 119 115 119 110 119 3 120 110 120 111 120 3 121 111 121 4 121 4 122 111 122 112 122 4 123 112 123 134 123 4 124 134 124 132 124 4 125 132 125 133 125 4 126 133 126 42 126 42 127 133 127 120 127 42 128 120 128 138 128 140 129 141 129 142 129 142 130 143 130 140 130 144 131 145 131 146 131 144 132 146 132 141 132 144 133 141 133 140 133 147 134 148 134 149 134 148 135 147 135 150 135 148 136 150 136 151 136 151 137 150 137 152 137 151 138 152 138 153 138 153 139 152 139 154 139 155 140 156 140 157 140 155 141 157 141 158 141 158 142 157 142 159 142 160 143 159 143 161 143 160 144 161 144 162 144 158 145 159 145 160 145 163 146 164 146 165 146 163 147 165 147 166 147 163 148 166 148 167 148 167 149 166 149 168 149 168 150 169 150 167 150 170 151 171 151 172 151 170 152 172 152 173 152 170 153 173 153 174 153 174 154 173 154 175 154 174 155 175 155 176 155 176 156 175 156 177 156 176 157 177 157 178 157 176 158 178 158 179 158 179 159 178 159 180 159 179 160 180 160 181 160 179 161 181 161 182 161 182 162 181 162 183 162 182 163 183 163 184 163 184 164 183 164 185 164 184 165 185 165 186 165 186 166 185 166 187 166 186 167 187 167 188 167 186 168 188 168 171 168 186 169 171 169 170 169 189 170 190 170 191 170 189 171 191 171 192 171 192 172 191 172 193 172 192 173 193 173 194 173 194 174 193 174 195 174 194 175 195 175 196 175 194 176 196 176 197 176 197 177 196 177 198 177 197 178 198 178 199 178 197 179 199 179 200 179 200 180 199 180 201 180 200 181 201 181 202 181 202 182 201 182 203 182 202 183 203 183 204 183 204 184 203 184 205 184 204 185 205 185 206 185 204 186 206 186 207 186 207 187 206 187 208 187 207 188 208 188 189 188 189 189 208 189 190 189 209 190 210 190 211 190 211 191 210 191 212 191 211 192 212 192 213 192 213 193 212 193 214 193 213 194 214 194 215 194 215 195 214 195 216 195 215 196 216 196 217 196 217 197 216 197 218 197 217 198 218 198 219 198 219 199 218 199 220 199 219 200 220 200 221 200 219 201 221 201 222 201 222 202 221 202 223 202 209 203 224 203 210 203 222 204 223 204 225 204 222 205 225 205 226 205 226 206 225 206 224 206 226 207 224 207 209 207 227 208 228 208 229 208 229 209 228 209 230 209 229 210 230 210 231 210 229 211 231 211 232 211 232 212 231 212 233 212 232 213 233 213 234 213 232 214 234 214 235 214 235 215 234 215 236 215 235 216 236 216 237 216 237 217 236 217 238 217 237 218 238 218 239 218 237 219 239 219 240 219 240 220 239 220 241 220 240 221 241 221 242 221 242 222 241 222 243 222 242 223 243 223 244 223 244 224 243 224 245 224 244 225 245 225 246 225 244 226 246 226 227 226 227 227 246 227 228 227 247 228 248 228 249 228 250 229 249 229 248 229 251 230 252 230 253 230 254 231 252 231 255 231 251 232 255 232 252 232 256 233 257 233 258 233 259 234 257 234 256 234 259 235 256 235 260 235 261 236 262 236 263 236 262 237 264 237 265 237 263 238 262 238 265 238 266 239 267 239 268 239 269 240 270 240 271 240 272 241 273 241 274 241 273 242 275 242 276 242 275 243 277 243 276 243 268 244 278 244 279 244 266 245 268 245 279 245 268 246 280 246 281 246 280 247 282 247 281 247 267 248 280 248 268 248 283 249 284 249 285 249 283 250 281 250 282 250 269 251 286 251 287 251 269 252 287 252 270 252 270 253 287 253 288 253 270 254 288 254 289 254 289 255 288 255 290 255 291 256 290 256 292 256 277 257 275 257 293 257 286 258 277 258 293 258 286 259 293 259 287 259 275 260 273 260 294 260 276 261 274 261 273 261 295 262 296 262 297 262 297 263 296 263 298 263 297 264 299 264 295 264 295 265 299 265 300 265 300 266 299 266 301 266 302 267 303 267 304 267 305 268 306 268 307 268 308 269 309 269 310 269 311 270 312 270 313 270 313 271 312 271 310 271 307 272 311 272 314 272 311 273 315 273 314 273 313 274 315 274 311 274 316 275 296 275 317 275 317 276 296 276 295 276 317 277 295 277 300 277 300 278 301 278 302 278 318 279 313 279 310 279 307 280 306 280 311 280 309 281 318 281 310 281 319 282 320 282 321 282 322 283 323 283 319 283 261 284 321 284 262 284 320 285 262 285 321 285 324 286 325 286 326 286 327 287 328 287 329 287 256 288 258 288 260 288 260 289 258 289 330 289 325 290 328 290 331 290 325 291 331 291 326 291 327 292 332 292 333 292 333 293 332 293 334 293 333 294 334 294 330 294 331 295 328 295 327 295 333 296 330 296 258 296 335 297 336 297 337 297 264 298 262 298 320 298 323 299 322 299 338 299 320 300 319 300 323 300 336 301 323 301 338 301 336 302 338 302 337 302 335 303 337 303 339 303 335 304 339 304 340 304 341 305 324 305 326 305 341 306 326 306 342 306 342 307 326 307 340 307 327 308 329 308 332 308 343 309 344 309 345 309 345 310 344 310 346 310 347 311 348 311 349 311 348 312 350 312 349 312 349 313 350 313 351 313 350 314 352 314 351 314 353 315 254 315 354 315 354 316 254 316 255 316 343 317 353 317 354 317 251 318 355 318 255 318 255 319 355 319 354 319 355 320 343 320 354 320 346 321 356 321 345 321 351 322 352 322 247 322 351 323 247 323 249 323 353 324 343 324 345 324 357 325 305 325 358 325 305 326 357 326 306 326 298 327 296 327 359 327 316 328 359 328 296 328 360 329 361 329 272 329 294 330 273 330 361 330 273 331 272 331 361 331 279 332 362 332 363 332 266 333 279 333 363 333 279 334 278 334 362 334 364 335 249 335 250 335 365 336 265 336 264 336 366 337 250 337 248 337 367 338 252 338 254 338 368 339 258 339 257 339 369 340 370 340 368 340 371 341 263 341 265 341 311 342 306 342 372 342 373 343 374 343 375 343 375 344 374 344 308 344 376 345 304 345 373 345 376 346 302 346 304 346 316 347 317 347 377 347 378 348 377 348 317 348 379 349 380 349 381 349 379 350 381 350 382 350 382 351 381 351 383 351 382 352 383 352 384 352 384 353 383 353 385 353 384 354 385 354 386 354 386 355 385 355 387 355 386 356 387 356 388 356 388 357 387 357 389 357 388 358 389 358 390 358 390 359 389 359 391 359 390 360 391 360 392 360 294 361 393 361 275 361 287 362 293 362 394 362 288 363 395 363 290 363 290 364 395 364 396 364 396 365 397 365 285 365 396 366 285 366 292 366 396 367 292 367 290 367 281 368 283 368 398 368 399 369 278 369 268 369 400 370 401 370 402 370 403 371 404 371 405 371 406 372 407 372 408 372 409 373 406 373 408 373 410 374 411 374 412 374 411 375 410 375 409 375 412 376 413 376 410 376 412 377 414 377 413 377 414 378 412 378 415 378 415 379 398 379 285 379 285 380 397 380 415 380 288 381 416 381 395 381 417 382 418 382 419 382 420 383 421 383 417 383 417 384 421 384 418 384 420 385 422 385 421 385 420 386 423 386 422 386 424 387 425 387 426 387 426 388 425 388 427 388 428 389 429 389 430 389 375 390 431 390 429 390 431 391 375 391 432 391 433 392 432 392 375 392 434 393 433 393 435 393 433 394 434 394 432 394 436 395 435 395 437 395 435 396 436 396 434 396 438 397 439 397 437 397 438 398 440 398 439 398 440 399 438 399 441 399 441 400 438 400 442 400 443 401 441 401 442 401 444 402 445 402 443 402 443 403 445 403 446 403 443 404 446 404 441 404 447 405 448 405 449 405 447 406 449 406 450 406 448 407 447 407 451 407 448 408 451 408 452 408 452 409 451 409 453 409 452 410 453 410 454 410 454 411 453 411 372 411 372 412 453 412 311 412 455 413 400 413 402 413 268 414 281 414 456 414 268 415 456 415 399 415 399 416 456 416 457 416 457 417 456 417 458 417 458 418 456 418 459 418 458 419 459 419 460 419 287 420 394 420 461 420 461 421 394 421 462 421 461 422 462 422 417 422 417 423 462 423 420 423 420 424 462 424 463 424 420 425 463 425 426 425 426 426 463 426 464 426 387 427 464 427 389 427 389 428 464 428 463 428 389 429 463 429 391 429 391 430 463 430 462 430 465 431 462 431 394 431 465 432 394 432 275 432 275 433 394 433 293 433 466 434 467 434 468 434 466 435 468 435 464 435 464 436 468 436 426 436 380 437 467 437 381 437 381 438 467 438 466 438 381 439 466 439 383 439 383 440 466 440 385 440 385 441 466 441 464 441 385 442 464 442 387 442 469 443 470 443 471 443 469 444 471 444 472 444 472 445 471 445 380 445 380 446 471 446 467 446 473 447 443 447 442 447 474 448 442 448 438 448 474 449 438 449 475 449 476 450 475 450 435 450 476 451 435 451 433 451 477 452 433 452 375 452 373 453 375 453 376 453 376 454 375 454 428 454 376 455 428 455 470 455 470 456 428 456 471 456 471 457 428 457 478 457 471 458 478 458 467 458 474 459 473 459 442 459 479 460 474 460 475 460 479 461 475 461 476 461 480 462 476 462 433 462 480 463 433 463 477 463 308 464 477 464 375 464 481 465 473 465 482 465 482 466 473 466 474 466 483 467 474 467 479 467 484 468 479 468 476 468 484 469 476 469 480 469 485 470 480 470 477 470 485 471 477 471 310 471 310 472 477 472 308 472 392 473 391 473 462 473 392 474 462 474 486 474 486 475 462 475 465 475 486 476 465 476 487 476 487 477 465 477 393 477 393 478 465 478 275 478 300 479 302 479 376 479 300 480 376 480 488 480 488 481 376 481 470 481 488 482 470 482 469 482 317 483 300 483 488 483 378 484 317 484 488 484 378 485 488 485 489 485 489 486 488 486 469 486 489 487 469 487 490 487 490 488 469 488 472 488 490 489 472 489 379 489 379 490 472 490 380 490 491 491 482 491 474 491 491 492 474 492 483 492 447 493 483 493 479 493 447 494 479 494 484 494 491 495 481 495 482 495 447 496 484 496 451 496 451 497 484 497 480 497 451 498 480 498 453 498 453 499 480 499 485 499 453 500 485 500 312 500 312 501 485 501 310 501 492 502 481 502 493 502 493 503 481 503 491 503 493 504 491 504 494 504 494 505 491 505 495 505 495 506 491 506 483 506 495 507 483 507 450 507 450 508 483 508 447 508 311 509 453 509 312 509 496 510 426 510 427 510 428 511 430 511 497 511 428 512 497 512 498 512 428 513 498 513 478 513 478 514 498 514 499 514 478 515 499 515 500 515 478 516 500 516 501 516 468 517 501 517 424 517 468 518 424 518 426 518 398 519 415 519 412 519 405 520 400 520 403 520 408 521 407 521 502 521 503 522 404 522 502 522 502 523 404 523 408 523 408 524 404 524 403 524 405 525 504 525 400 525 400 526 504 526 401 526 409 527 408 527 411 527 505 528 455 528 506 528 455 529 402 529 506 529 507 530 506 530 508 530 508 531 506 531 402 531 400 532 455 532 403 532 403 533 455 533 411 533 403 534 411 534 408 534 459 535 505 535 506 535 506 536 507 536 459 536 459 537 507 537 460 537 412 538 505 538 509 538 412 539 509 539 398 539 285 540 398 540 283 540 288 541 287 541 416 541 416 542 287 542 461 542 416 543 461 543 419 543 426 544 423 544 420 544 461 545 417 545 419 545 456 546 281 546 398 546 456 547 398 547 509 547 456 548 509 548 459 548 459 549 509 549 505 549 455 550 505 550 412 550 455 551 412 551 411 551 475 552 438 552 437 552 475 553 437 553 435 553 375 554 429 554 428 554 467 555 478 555 501 555 467 556 501 556 468 556 426 557 496 557 423 557 510 558 511 558 512 558 513 559 347 559 514 559 320 560 365 560 264 560 515 561 405 561 404 561 405 562 515 562 516 562 405 563 516 563 504 563 517 564 518 564 519 564 517 565 519 565 520 565 520 566 519 566 521 566 520 567 521 567 522 567 522 568 521 568 523 568 522 569 523 569 516 569 516 570 523 570 524 570 368 571 333 571 258 571 525 572 326 572 331 572 525 573 526 573 340 573 525 574 340 574 326 574 526 575 335 575 340 575 365 576 320 576 527 576 528 577 529 577 530 577 531 578 529 578 528 578 531 579 532 579 533 579 533 580 532 580 534 580 533 581 534 581 535 581 535 582 534 582 536 582 535 583 536 583 537 583 537 584 536 584 538 584 539 585 540 585 541 585 541 586 540 586 538 586 539 587 542 587 540 587 542 588 539 588 543 588 542 589 543 589 544 589 544 590 543 590 545 590 544 591 545 591 546 591 546 592 545 592 547 592 546 593 547 593 364 593 364 594 547 594 351 594 364 595 351 595 249 595 548 596 549 596 550 596 551 597 552 597 356 597 552 598 551 598 549 598 367 599 254 599 353 599 553 600 554 600 555 600 555 601 554 601 367 601 553 602 556 602 554 602 556 603 553 603 557 603 557 604 553 604 558 604 557 605 558 605 559 605 560 606 561 606 444 606 560 607 562 607 561 607 560 608 563 608 562 608 564 609 563 609 560 609 565 610 564 610 566 610 564 611 565 611 563 611 566 612 564 612 567 612 567 613 564 613 568 613 568 614 569 614 567 614 570 615 569 615 568 615 571 616 570 616 568 616 570 617 571 617 572 617 548 618 572 618 571 618 548 619 573 619 572 619 574 620 575 620 576 620 577 621 575 621 574 621 577 622 578 622 579 622 577 623 579 623 575 623 580 624 581 624 582 624 583 625 584 625 585 625 586 626 587 626 583 626 583 627 587 627 584 627 586 628 588 628 587 628 589 629 590 629 331 629 331 630 590 630 525 630 591 631 590 631 589 631 510 632 592 632 511 632 593 633 594 633 510 633 510 634 594 634 592 634 594 635 593 635 595 635 404 636 595 636 593 636 404 637 596 637 595 637 597 638 598 638 599 638 597 639 599 639 600 639 600 640 599 640 601 640 600 641 601 641 602 641 602 642 601 642 473 642 345 643 356 643 603 643 603 644 356 644 552 644 603 645 552 645 604 645 604 646 552 646 598 646 604 647 598 647 597 647 481 648 602 648 473 648 558 649 604 649 597 649 558 650 597 650 605 650 605 651 597 651 600 651 605 652 600 652 606 652 606 653 600 653 602 653 606 654 602 654 481 654 353 655 345 655 555 655 555 656 345 656 603 656 555 657 603 657 553 657 553 658 603 658 604 658 553 659 604 659 558 659 367 660 353 660 555 660 559 661 558 661 605 661 559 662 605 662 607 662 607 663 605 663 606 663 607 664 606 664 608 664 608 665 606 665 492 665 492 666 606 666 481 666 351 667 547 667 349 667 514 668 349 668 547 668 514 669 547 669 609 669 609 670 547 670 545 670 609 671 545 671 543 671 610 672 543 672 539 672 610 673 539 673 541 673 536 674 541 674 538 674 611 675 534 675 612 675 541 676 613 676 610 676 543 677 610 677 614 677 543 678 614 678 609 678 609 679 614 679 615 679 609 680 615 680 514 680 514 681 615 681 616 681 514 682 616 682 513 682 444 683 443 683 601 683 444 684 601 684 560 684 560 685 601 685 599 685 560 686 599 686 564 686 577 687 574 687 612 687 577 688 612 688 617 688 618 689 580 689 617 689 617 690 580 690 577 690 580 691 619 691 583 691 583 692 619 692 620 692 583 693 620 693 586 693 586 694 620 694 621 694 586 695 621 695 527 695 586 696 527 696 336 696 336 697 527 697 323 697 534 698 617 698 612 698 513 699 616 699 548 699 513 700 548 700 550 700 528 701 618 701 532 701 532 702 618 702 617 702 532 703 617 703 534 703 611 704 612 704 574 704 611 705 574 705 613 705 613 706 574 706 622 706 613 707 622 707 610 707 610 708 622 708 623 708 610 709 623 709 614 709 614 710 623 710 615 710 615 711 623 711 624 711 615 712 624 712 616 712 616 713 624 713 548 713 549 714 548 714 571 714 549 715 571 715 552 715 552 716 571 716 568 716 552 717 568 717 598 717 598 718 568 718 564 718 598 719 564 719 599 719 473 720 601 720 443 720 320 721 323 721 527 721 625 722 327 722 333 722 625 723 333 723 626 723 517 724 520 724 627 724 517 725 627 725 628 725 628 726 627 726 629 726 368 727 370 727 333 727 333 728 370 728 626 728 625 729 626 729 628 729 518 730 517 730 630 730 630 731 517 731 628 731 630 732 628 732 631 732 631 733 628 733 369 733 536 734 534 734 611 734 536 735 611 735 541 735 541 736 611 736 613 736 349 737 514 737 347 737 632 738 365 738 527 738 632 739 527 739 621 739 632 740 621 740 530 740 530 741 621 741 620 741 530 742 620 742 619 742 530 743 619 743 528 743 578 744 577 744 582 744 582 745 577 745 580 745 586 746 335 746 526 746 586 747 526 747 588 747 336 748 335 748 586 748 580 749 583 749 585 749 580 750 585 750 581 750 591 751 589 751 512 751 512 752 589 752 510 752 589 753 327 753 625 753 589 754 625 754 628 754 589 755 628 755 629 755 331 756 327 756 589 756 510 757 589 757 629 757 510 758 629 758 627 758 510 759 627 759 633 759 510 760 633 760 593 760 593 761 633 761 515 761 593 762 515 762 404 762 524 763 504 763 516 763 503 764 596 764 404 764 516 765 515 765 522 765 522 766 515 766 633 766 522 767 633 767 520 767 520 768 633 768 627 768 369 769 628 769 626 769 369 770 626 770 370 770 531 771 528 771 532 771 528 772 619 772 618 772 618 773 619 773 580 773 622 774 574 774 576 774 622 775 576 775 634 775 622 776 634 776 635 776 622 777 635 777 623 777 623 778 635 778 636 778 623 779 636 779 637 779 623 780 637 780 624 780 624 781 637 781 638 781 624 782 638 782 573 782 624 783 573 783 548 783 399 784 362 784 278 784 458 785 399 785 457 785 508 786 460 786 507 786 372 787 306 787 357 787 357 788 358 788 639 788 294 789 361 789 393 789 377 790 359 790 316 790 361 791 360 791 393 791 640 792 363 792 362 792 641 793 524 793 642 793 642 794 524 794 523 794 642 795 523 795 643 795 523 796 521 796 643 796 643 797 521 797 644 797 644 798 521 798 519 798 644 799 519 799 645 799 645 800 519 800 518 800 645 801 518 801 646 801 646 802 518 802 630 802 646 803 630 803 647 803 647 804 630 804 631 804 647 805 631 805 648 805 648 806 631 806 369 806 648 807 369 807 649 807 649 808 369 808 368 808 649 809 368 809 650 809 368 810 257 810 650 810 650 811 257 811 651 811 257 812 371 812 651 812 371 813 265 813 652 813 371 814 652 814 651 814 632 815 653 815 654 815 632 816 654 816 365 816 365 817 654 817 652 817 365 818 652 818 265 818 655 819 656 819 529 819 529 820 656 820 657 820 529 821 657 821 530 821 530 822 657 822 653 822 530 823 653 823 632 823 533 824 658 824 659 824 533 825 659 825 655 825 533 826 655 826 531 826 531 827 655 827 529 827 537 828 660 828 661 828 537 829 661 829 535 829 535 830 661 830 658 830 535 831 658 831 533 831 537 832 538 832 660 832 660 833 538 833 662 833 662 834 538 834 540 834 662 835 540 835 663 835 540 836 542 836 663 836 663 837 542 837 664 837 664 838 542 838 665 838 665 839 542 839 666 839 666 840 542 840 544 840 666 841 544 841 667 841 667 842 544 842 668 842 668 843 544 843 546 843 668 844 546 844 669 844 669 845 546 845 670 845 670 846 546 846 364 846 670 847 364 847 671 847 671 848 364 848 672 848 672 849 364 849 250 849 672 850 250 850 673 850 674 851 673 851 366 851 366 852 673 852 250 852 673 853 674 853 675 853 675 854 674 854 676 854 676 855 253 855 675 855 675 856 253 856 252 856 252 857 367 857 675 857 675 858 367 858 677 858 677 859 367 859 554 859 677 860 554 860 678 860 678 861 554 861 556 861 678 862 556 862 679 862 679 863 556 863 680 863 680 864 556 864 557 864 680 865 557 865 681 865 682 866 683 866 559 866 559 867 683 867 684 867 559 868 684 868 681 868 559 869 681 869 557 869 559 870 607 870 682 870 682 871 607 871 685 871 685 872 607 872 608 872 685 873 608 873 686 873 686 874 608 874 492 874 686 875 492 875 687 875 687 876 492 876 688 876 441 877 446 877 689 877 690 878 691 878 446 878 446 879 691 879 692 879 690 880 446 880 445 880 693 881 694 881 441 881 441 882 694 882 695 882 696 883 693 883 441 883 697 884 696 884 441 884 697 885 441 885 689 885 502 886 698 886 699 886 503 887 502 887 700 887 700 888 502 888 701 888 701 889 502 889 702 889 702 890 502 890 703 890 703 891 502 891 704 891 704 892 502 892 705 892 705 893 502 893 706 893 706 894 502 894 707 894 707 895 502 895 708 895 708 896 502 896 709 896 709 897 502 897 710 897 710 898 502 898 711 898 711 899 502 899 712 899 712 900 502 900 713 900 713 901 502 901 699 901 690 902 445 902 444 902 693 903 696 903 444 903 503 904 700 904 596 904 596 905 700 905 701 905 695 906 694 906 444 906 444 907 694 907 693 907 699 908 698 908 596 908 699 909 596 909 713 909 712 910 713 910 596 910 710 911 711 911 596 911 709 912 710 912 596 912 701 913 702 913 596 913 596 914 702 914 703 914 596 915 703 915 704 915 596 916 704 916 705 916 596 917 705 917 706 917 596 918 706 918 707 918 596 919 707 919 708 919 708 920 709 920 596 920 696 921 697 921 444 921 590 922 714 922 525 922 711 923 712 923 596 923 689 924 446 924 444 924 444 925 446 925 692 925 444 926 692 926 691 926 444 927 691 927 690 927 697 928 689 928 444 928 359 929 715 929 716 929 359 930 716 930 717 930 718 931 639 931 716 931 639 932 719 932 716 932 716 933 719 933 717 933 454 934 372 934 720 934 720 935 372 935 718 935 718 936 372 936 357 936 718 937 357 937 639 937 720 938 721 938 454 938 454 939 721 939 452 939 452 940 721 940 722 940 452 941 722 941 448 941 448 942 722 942 723 942 448 943 723 943 449 943 449 944 723 944 724 944 449 945 724 945 450 945 450 946 724 946 725 946 450 947 725 947 495 947 495 948 725 948 726 948 495 949 726 949 727 949 495 950 727 950 494 950 727 951 728 951 494 951 494 952 728 952 729 952 494 953 729 953 493 953 493 954 729 954 688 954 493 955 688 955 492 955 359 956 377 956 715 956 715 957 377 957 730 957 377 958 378 958 730 958 730 959 378 959 489 959 730 960 489 960 731 960 489 961 490 961 731 961 731 962 490 962 732 962 732 963 490 963 733 963 379 964 734 964 733 964 379 965 733 965 490 965 734 966 379 966 382 966 734 967 382 967 735 967 382 968 384 968 735 968 735 969 384 969 736 969 384 970 386 970 736 970 736 971 386 971 737 971 737 972 386 972 738 972 738 973 386 973 388 973 390 974 739 974 388 974 388 975 739 975 738 975 739 976 390 976 740 976 392 977 741 977 740 977 392 978 740 978 390 978 741 979 392 979 742 979 392 980 486 980 742 980 742 981 486 981 743 981 743 982 486 982 487 982 743 983 487 983 744 983 487 984 393 984 744 984 744 985 393 985 745 985 745 986 393 986 360 986 360 987 746 987 745 987 640 988 746 988 360 988 747 989 748 989 458 989 458 990 748 990 749 990 458 991 749 991 399 991 399 992 749 992 746 992 399 993 746 993 362 993 362 994 746 994 640 994 747 995 458 995 750 995 750 996 458 996 460 996 750 997 460 997 751 997 751 998 460 998 752 998 460 999 508 999 752 999 752 1000 508 1000 402 1000 752 1001 402 1001 753 1001 402 1002 401 1002 753 1002 753 1003 401 1003 754 1003 754 1004 401 1004 504 1004 754 1005 504 1005 641 1005 524 1006 641 1006 504 1006 755 1007 756 1007 757 1007 758 1008 759 1008 760 1008 761 1009 762 1009 763 1009 764 1010 765 1010 766 1010 767 1011 768 1011 769 1011 767 1012 769 1012 770 1012 770 1013 769 1013 771 1013 771 1014 769 1014 772 1014 773 1015 772 1015 774 1015 773 1016 774 1016 775 1016 775 1017 774 1017 776 1017 776 1018 774 1018 777 1018 777 1019 774 1019 778 1019 777 1020 778 1020 779 1020 779 1021 778 1021 780 1021 780 1022 778 1022 781 1022 780 1023 781 1023 782 1023 782 1024 781 1024 783 1024 782 1025 783 1025 784 1025 784 1026 783 1026 785 1026 785 1027 783 1027 786 1027 786 1028 783 1028 787 1028 771 1029 772 1029 773 1029 788 1030 789 1030 790 1030 760 1031 761 1031 763 1031 791 1032 788 1032 790 1032 792 1033 793 1033 794 1033 795 1034 796 1034 797 1034 765 1035 798 1035 766 1035 799 1036 800 1036 801 1036 680 1037 802 1037 679 1037 679 1038 802 1038 803 1038 679 1039 803 1039 678 1039 678 1040 803 1040 677 1040 677 1041 803 1041 804 1041 677 1042 804 1042 675 1042 675 1043 804 1043 673 1043 673 1044 671 1044 672 1044 671 1045 669 1045 670 1045 669 1046 667 1046 668 1046 667 1047 665 1047 666 1047 805 1048 663 1048 664 1048 805 1049 664 1049 665 1049 663 1050 805 1050 806 1050 663 1051 806 1051 662 1051 662 1052 806 1052 660 1052 653 1053 657 1053 807 1053 807 1054 657 1054 656 1054 807 1055 656 1055 808 1055 808 1056 656 1056 655 1056 808 1057 655 1057 809 1057 809 1058 655 1058 659 1058 809 1059 659 1059 810 1059 810 1060 659 1060 658 1060 810 1061 658 1061 811 1061 811 1062 658 1062 661 1062 811 1063 661 1063 812 1063 812 1064 661 1064 660 1064 812 1065 660 1065 806 1065 652 1066 813 1066 651 1066 651 1067 813 1067 650 1067 650 1068 813 1068 814 1068 650 1069 814 1069 649 1069 649 1070 814 1070 648 1070 644 1071 815 1071 801 1071 644 1072 801 1072 643 1072 643 1073 801 1073 800 1073 643 1074 800 1074 642 1074 642 1075 800 1075 641 1075 816 1076 817 1076 818 1076 818 1077 817 1077 756 1077 756 1078 817 1078 757 1078 757 1079 817 1079 819 1079 757 1080 819 1080 820 1080 820 1081 819 1081 821 1081 820 1082 821 1082 822 1082 822 1083 821 1083 759 1083 759 1084 821 1084 823 1084 759 1085 823 1085 760 1085 760 1086 823 1086 761 1086 792 1087 794 1087 824 1087 824 1088 794 1088 768 1088 768 1089 794 1089 769 1089 783 1090 825 1090 826 1090 783 1091 826 1091 787 1091 787 1092 826 1092 827 1092 827 1093 826 1093 828 1093 827 1094 828 1094 829 1094 829 1095 828 1095 789 1095 789 1096 828 1096 790 1096 790 1097 828 1097 830 1097 831 1098 832 1098 833 1098 834 1099 835 1099 836 1099 836 1100 835 1100 831 1100 836 1101 831 1101 837 1101 805 1102 838 1102 839 1102 805 1103 839 1103 806 1103 688 1104 834 1104 687 1104 687 1105 834 1105 836 1105 687 1106 836 1106 686 1106 686 1107 836 1107 685 1107 685 1108 836 1108 837 1108 685 1109 837 1109 682 1109 682 1110 837 1110 683 1110 683 1111 837 1111 840 1111 683 1112 840 1112 684 1112 684 1113 840 1113 681 1113 681 1114 840 1114 841 1114 681 1115 841 1115 680 1115 680 1116 841 1116 802 1116 673 1117 804 1117 842 1117 673 1118 842 1118 671 1118 671 1119 842 1119 843 1119 671 1120 843 1120 669 1120 669 1121 843 1121 844 1121 669 1122 844 1122 667 1122 667 1123 844 1123 845 1123 667 1124 845 1124 665 1124 665 1125 845 1125 838 1125 665 1126 838 1126 805 1126 846 1127 847 1127 848 1127 846 1128 848 1128 849 1128 850 1129 851 1129 852 1129 852 1130 851 1130 853 1130 852 1131 853 1131 854 1131 854 1132 853 1132 855 1132 855 1133 853 1133 856 1133 855 1134 856 1134 857 1134 825 1135 858 1135 826 1135 826 1136 858 1136 859 1136 826 1137 859 1137 828 1137 828 1138 859 1138 830 1138 830 1139 859 1139 832 1139 860 1140 861 1140 862 1140 860 1141 862 1141 847 1141 848 1142 863 1142 849 1142 849 1143 863 1143 864 1143 864 1144 863 1144 865 1144 864 1145 865 1145 850 1145 851 1146 839 1146 853 1146 853 1147 866 1147 856 1147 856 1148 867 1148 857 1148 857 1149 867 1149 868 1149 868 1150 867 1150 869 1150 868 1151 869 1151 825 1151 825 1152 869 1152 858 1152 858 1153 869 1153 870 1153 858 1154 870 1154 871 1154 858 1155 871 1155 859 1155 859 1156 871 1156 872 1156 859 1157 872 1157 833 1157 859 1158 833 1158 832 1158 861 1159 873 1159 862 1159 847 1160 862 1160 807 1160 847 1161 807 1161 848 1161 848 1162 807 1162 808 1162 848 1163 808 1163 863 1163 863 1164 808 1164 809 1164 863 1165 809 1165 810 1165 863 1166 810 1166 865 1166 865 1167 810 1167 811 1167 865 1168 811 1168 812 1168 865 1169 812 1169 850 1169 850 1170 812 1170 806 1170 850 1171 806 1171 851 1171 851 1172 806 1172 839 1172 839 1173 838 1173 853 1173 853 1174 838 1174 845 1174 853 1175 845 1175 866 1175 866 1176 845 1176 844 1176 866 1177 844 1177 856 1177 856 1178 844 1178 843 1178 856 1179 843 1179 867 1179 867 1180 843 1180 842 1180 867 1181 842 1181 874 1181 867 1182 874 1182 869 1182 869 1183 874 1183 875 1183 869 1184 875 1184 876 1184 869 1185 876 1185 870 1185 870 1186 876 1186 841 1186 870 1187 841 1187 871 1187 871 1188 841 1188 840 1188 871 1189 840 1189 872 1189 872 1190 840 1190 837 1190 872 1191 837 1191 833 1191 833 1192 837 1192 831 1192 877 1193 878 1193 879 1193 879 1194 878 1194 814 1194 879 1195 814 1195 880 1195 880 1196 814 1196 861 1196 813 1197 861 1197 814 1197 648 1198 814 1198 647 1198 647 1199 814 1199 878 1199 647 1200 878 1200 646 1200 646 1201 878 1201 877 1201 646 1202 877 1202 645 1202 645 1203 877 1203 815 1203 645 1204 815 1204 644 1204 802 1205 841 1205 876 1205 802 1206 876 1206 803 1206 803 1207 876 1207 875 1207 803 1208 875 1208 804 1208 804 1209 875 1209 874 1209 804 1210 874 1210 842 1210 653 1211 807 1211 862 1211 653 1212 862 1212 654 1212 654 1213 862 1213 873 1213 654 1214 873 1214 652 1214 652 1215 873 1215 813 1215 813 1216 873 1216 861 1216 861 1217 860 1217 880 1217 793 1218 792 1218 796 1218 793 1219 796 1219 795 1219 798 1220 846 1220 766 1220 766 1221 846 1221 795 1221 766 1222 795 1222 797 1222 823 1223 881 1223 761 1223 761 1224 881 1224 882 1224 761 1225 882 1225 762 1225 762 1226 882 1226 883 1226 883 1227 882 1227 798 1227 883 1228 798 1228 884 1228 817 1229 799 1229 885 1229 817 1230 885 1230 819 1230 819 1231 885 1231 886 1231 819 1232 886 1232 821 1232 821 1233 886 1233 887 1233 821 1234 887 1234 823 1234 823 1235 887 1235 881 1235 825 1236 783 1236 781 1236 781 1237 778 1237 857 1237 857 1238 778 1238 855 1238 855 1239 778 1239 774 1239 855 1240 774 1240 854 1240 854 1241 774 1241 772 1241 854 1242 772 1242 852 1242 852 1243 772 1243 769 1243 852 1244 769 1244 794 1244 849 1245 793 1245 795 1245 849 1246 795 1246 846 1246 798 1247 765 1247 884 1247 885 1248 799 1248 801 1248 885 1249 801 1249 886 1249 886 1250 801 1250 815 1250 886 1251 815 1251 877 1251 886 1252 877 1252 887 1252 887 1253 877 1253 879 1253 887 1254 879 1254 881 1254 881 1255 879 1255 880 1255 881 1256 880 1256 882 1256 882 1257 880 1257 860 1257 882 1258 860 1258 798 1258 798 1259 860 1259 847 1259 798 1260 847 1260 846 1260 793 1261 849 1261 864 1261 793 1262 864 1262 794 1262 794 1263 864 1263 850 1263 794 1264 850 1264 852 1264 857 1265 868 1265 781 1265 781 1266 868 1266 825 1266 791 1267 790 1267 888 1267 889 1268 890 1268 891 1268 892 1269 893 1269 894 1269 895 1270 896 1270 897 1270 897 1271 896 1271 898 1271 899 1272 900 1272 901 1272 902 1273 903 1273 904 1273 905 1274 888 1274 896 1274 905 1275 896 1275 895 1275 899 1276 901 1276 906 1276 906 1277 901 1277 907 1277 906 1278 907 1278 908 1278 908 1279 907 1279 909 1279 908 1280 909 1280 910 1280 911 1281 912 1281 890 1281 911 1282 890 1282 913 1282 913 1283 890 1283 889 1283 914 1284 915 1284 743 1284 830 1285 916 1285 917 1285 799 1286 817 1286 816 1286 818 1287 918 1287 816 1287 800 1288 919 1288 641 1288 641 1289 919 1289 754 1289 754 1290 919 1290 920 1290 754 1291 920 1291 753 1291 921 1292 752 1292 920 1292 920 1293 752 1293 753 1293 750 1294 751 1294 921 1294 921 1295 751 1295 752 1295 922 1296 738 1296 739 1296 739 1297 740 1297 923 1297 923 1298 740 1298 741 1298 923 1299 741 1299 924 1299 924 1300 741 1300 742 1300 738 1301 922 1301 737 1301 737 1302 922 1302 925 1302 737 1303 925 1303 736 1303 736 1304 925 1304 926 1304 736 1305 926 1305 735 1305 735 1306 926 1306 927 1306 735 1307 927 1307 734 1307 734 1308 927 1308 733 1308 733 1309 927 1309 928 1309 733 1310 928 1310 732 1310 732 1311 928 1311 929 1311 732 1312 929 1312 731 1312 731 1313 929 1313 930 1313 731 1314 930 1314 730 1314 730 1315 930 1315 931 1315 730 1316 931 1316 715 1316 715 1317 931 1317 932 1317 715 1318 932 1318 716 1318 716 1319 932 1319 718 1319 718 1320 932 1320 933 1320 718 1321 933 1321 720 1321 720 1322 933 1322 934 1322 720 1323 934 1323 721 1323 721 1324 934 1324 722 1324 722 1325 934 1325 935 1325 722 1326 935 1326 723 1326 723 1327 935 1327 936 1327 723 1328 936 1328 724 1328 724 1329 936 1329 725 1329 888 1330 790 1330 830 1330 917 1331 888 1331 830 1331 937 1332 896 1332 917 1332 917 1333 896 1333 888 1333 938 1334 907 1334 901 1334 938 1335 901 1335 900 1335 938 1336 900 1336 939 1336 939 1337 900 1337 940 1337 939 1338 940 1338 898 1338 939 1339 898 1339 937 1339 937 1340 898 1340 896 1340 941 1341 912 1341 942 1341 941 1342 942 1342 943 1342 943 1343 942 1343 909 1343 943 1344 909 1344 907 1344 944 1345 945 1345 946 1345 946 1346 945 1346 947 1346 946 1347 947 1347 891 1347 944 1348 892 1348 945 1348 903 1349 948 1349 949 1349 903 1350 949 1350 904 1350 950 1351 951 1351 949 1351 949 1352 951 1352 904 1352 950 1353 952 1353 951 1353 953 1354 954 1354 955 1354 955 1355 954 1355 956 1355 956 1356 954 1356 957 1356 956 1357 957 1357 958 1357 816 1358 918 1358 959 1358 816 1359 959 1359 957 1359 957 1360 959 1360 958 1360 920 1361 919 1361 960 1361 920 1362 960 1362 921 1362 961 1363 962 1363 963 1363 963 1364 962 1364 964 1364 963 1365 964 1365 965 1365 965 1366 964 1366 966 1366 965 1367 966 1367 967 1367 965 1368 967 1368 968 1368 968 1369 967 1369 921 1369 962 1370 915 1370 914 1370 962 1371 914 1371 964 1371 967 1372 966 1372 748 1372 967 1373 748 1373 747 1373 967 1374 747 1374 921 1374 921 1375 747 1375 750 1375 969 1376 970 1376 971 1376 915 1377 962 1377 969 1377 969 1378 962 1378 961 1378 960 1379 968 1379 921 1379 749 1380 748 1380 966 1380 749 1381 966 1381 746 1381 746 1382 966 1382 964 1382 746 1383 964 1383 745 1383 745 1384 964 1384 914 1384 745 1385 914 1385 744 1385 744 1386 914 1386 743 1386 917 1387 916 1387 972 1387 937 1388 972 1388 973 1388 937 1389 973 1389 939 1389 939 1390 973 1390 974 1390 939 1391 974 1391 938 1391 938 1392 974 1392 975 1392 938 1393 975 1393 976 1393 943 1394 976 1394 977 1394 943 1395 977 1395 941 1395 978 1396 941 1396 979 1396 978 1397 979 1397 980 1397 978 1398 980 1398 981 1398 830 1399 832 1399 916 1399 976 1400 975 1400 982 1400 976 1401 982 1401 983 1401 976 1402 983 1402 977 1402 941 1403 977 1403 979 1403 981 1404 980 1404 984 1404 981 1405 984 1405 985 1405 832 1406 831 1406 916 1406 916 1407 831 1407 835 1407 972 1408 916 1408 986 1408 972 1409 986 1409 973 1409 973 1410 986 1410 987 1410 973 1411 987 1411 974 1411 974 1412 987 1412 988 1412 974 1413 988 1413 989 1413 974 1414 989 1414 975 1414 975 1415 989 1415 990 1415 975 1416 990 1416 991 1416 975 1417 991 1417 982 1417 977 1418 983 1418 992 1418 979 1419 977 1419 993 1419 979 1420 993 1420 980 1420 980 1421 993 1421 994 1421 985 1422 984 1422 995 1422 985 1423 995 1423 971 1423 971 1424 995 1424 923 1424 971 1425 923 1425 924 1425 971 1426 924 1426 969 1426 969 1427 924 1427 915 1427 835 1428 996 1428 916 1428 916 1429 996 1429 986 1429 982 1430 991 1430 997 1430 982 1431 997 1431 983 1431 983 1432 997 1432 998 1432 983 1433 998 1433 992 1433 977 1434 992 1434 928 1434 977 1435 928 1435 993 1435 980 1436 994 1436 925 1436 980 1437 925 1437 984 1437 984 1438 925 1438 922 1438 984 1439 922 1439 995 1439 835 1440 834 1440 996 1440 986 1441 996 1441 999 1441 986 1442 999 1442 987 1442 987 1443 999 1443 936 1443 987 1444 936 1444 988 1444 988 1445 936 1445 935 1445 988 1446 935 1446 989 1446 989 1447 935 1447 934 1447 989 1448 934 1448 990 1448 990 1449 934 1449 933 1449 990 1450 933 1450 991 1450 991 1451 933 1451 932 1451 991 1452 932 1452 997 1452 995 1453 922 1453 739 1453 995 1454 739 1454 923 1454 915 1455 924 1455 742 1455 997 1456 932 1456 931 1456 997 1457 931 1457 998 1457 998 1458 931 1458 930 1458 998 1459 930 1459 992 1459 992 1460 930 1460 929 1460 992 1461 929 1461 928 1461 993 1462 928 1462 927 1462 993 1463 927 1463 994 1463 994 1464 927 1464 926 1464 994 1465 926 1465 925 1465 834 1466 688 1466 729 1466 834 1467 729 1467 996 1467 996 1468 729 1468 728 1468 996 1469 728 1469 727 1469 996 1470 727 1470 999 1470 999 1471 727 1471 726 1471 999 1472 726 1472 725 1472 999 1473 725 1473 936 1473 952 1474 950 1474 953 1474 953 1475 950 1475 954 1475 799 1476 816 1476 1000 1476 1000 1477 816 1477 957 1477 1000 1478 957 1478 1001 1478 1001 1479 957 1479 954 1479 1001 1480 954 1480 1002 1480 1002 1481 954 1481 950 1481 1002 1482 950 1482 949 1482 1003 1483 949 1483 948 1483 1003 1484 948 1484 1004 1484 1004 1485 1005 1485 1006 1485 1004 1486 1006 1486 893 1486 1005 1487 1004 1487 948 1487 890 1488 912 1488 941 1488 890 1489 941 1489 978 1489 890 1490 978 1490 891 1490 891 1491 978 1491 946 1491 1004 1492 944 1492 970 1492 1004 1493 970 1493 961 1493 892 1494 944 1494 893 1494 893 1495 944 1495 1004 1495 1004 1496 961 1496 1003 1496 1003 1497 961 1497 963 1497 1003 1498 963 1498 949 1498 949 1499 963 1499 965 1499 949 1500 965 1500 1002 1500 1002 1501 965 1501 968 1501 1002 1502 968 1502 1001 1502 1001 1503 968 1503 960 1503 1001 1504 960 1504 1000 1504 1000 1505 960 1505 919 1505 1000 1506 919 1506 799 1506 799 1507 919 1507 800 1507 917 1508 972 1508 937 1508 907 1509 938 1509 976 1509 907 1510 976 1510 943 1510 946 1511 978 1511 981 1511 946 1512 981 1512 944 1512 944 1513 981 1513 985 1513 944 1514 985 1514 971 1514 944 1515 971 1515 970 1515 961 1516 970 1516 969 1516 915 1517 742 1517 743 1517 179 1518 182 1518 141 1518 182 1519 142 1519 141 1519 184 1520 142 1520 182 1520 186 1521 143 1521 184 1521 184 1522 143 1522 142 1522 186 1523 140 1523 143 1523 170 1524 140 1524 186 1524 140 1525 170 1525 144 1525 144 1526 170 1526 174 1526 144 1527 174 1527 145 1527 176 1528 145 1528 174 1528 176 1529 146 1529 145 1529 179 1530 141 1530 146 1530 179 1531 146 1531 176 1531 197 1532 154 1532 152 1532 200 1533 154 1533 197 1533 154 1534 200 1534 153 1534 153 1535 200 1535 202 1535 153 1536 202 1536 151 1536 204 1537 151 1537 202 1537 204 1538 148 1538 151 1538 149 1539 148 1539 207 1539 207 1540 148 1540 204 1540 189 1541 147 1541 207 1541 147 1542 149 1542 207 1542 192 1543 147 1543 189 1543 192 1544 150 1544 147 1544 194 1545 150 1545 192 1545 194 1546 152 1546 150 1546 197 1547 152 1547 194 1547 213 1548 162 1548 161 1548 215 1549 162 1549 213 1549 162 1550 215 1550 160 1550 217 1551 160 1551 215 1551 217 1552 219 1552 160 1552 160 1553 219 1553 158 1553 158 1554 219 1554 155 1554 155 1555 219 1555 222 1555 222 1556 156 1556 155 1556 156 1557 222 1557 226 1557 209 1558 157 1558 226 1558 226 1559 157 1559 156 1559 157 1560 209 1560 159 1560 209 1561 211 1561 159 1561 211 1562 161 1562 159 1562 213 1563 161 1563 211 1563 167 1564 235 1564 237 1564 167 1565 237 1565 163 1565 163 1566 237 1566 240 1566 163 1567 240 1567 242 1567 163 1568 242 1568 164 1568 244 1569 164 1569 242 1569 244 1570 165 1570 164 1570 165 1571 244 1571 227 1571 165 1572 227 1572 166 1572 229 1573 166 1573 227 1573 229 1574 232 1574 168 1574 229 1575 168 1575 166 1575 232 1576 169 1576 168 1576 235 1577 169 1577 232 1577 167 1578 169 1578 235 1578 171 1579 1007 1579 172 1579 173 1580 1008 1580 175 1580 177 1581 1009 1581 178 1581 183 1582 1010 1582 185 1582 188 1583 1011 1583 171 1583 178 1584 1012 1584 180 1584 206 1585 1013 1585 208 1585 208 1586 1014 1586 190 1586 190 1587 1014 1587 1015 1587 190 1588 1015 1588 1016 1588 190 1589 1016 1589 191 1589 191 1590 1016 1590 1017 1590 191 1591 1017 1591 193 1591 193 1592 1018 1592 195 1592 198 1593 1019 1593 199 1593 199 1594 1020 1594 201 1594 201 1595 1020 1595 1021 1595 201 1596 1021 1596 203 1596 203 1597 1022 1597 205 1597 205 1598 1023 1598 206 1598 1024 1599 225 1599 223 1599 210 1600 1025 1600 212 1600 216 1601 1026 1601 218 1601 220 1602 1027 1602 221 1602 224 1603 1028 1603 210 1603 1025 1604 1029 1604 212 1604 212 1605 1030 1605 214 1605 214 1606 1031 1606 216 1606 1027 1607 1032 1607 221 1607 1024 1608 1033 1608 225 1608 225 1609 1034 1609 224 1609 1034 1610 1028 1610 224 1610 1028 1611 1035 1611 210 1611 1035 1612 1025 1612 210 1612 1029 1613 1030 1613 212 1613 1030 1614 1036 1614 214 1614 1036 1615 1031 1615 214 1615 228 1616 1037 1616 230 1616 233 1617 1038 1617 234 1617 236 1618 1039 1618 238 1618 238 1619 1039 1619 1040 1619 238 1620 1040 1620 1041 1620 238 1621 1041 1621 239 1621 239 1622 1041 1622 1042 1622 239 1623 1042 1623 1043 1623 239 1624 1043 1624 241 1624 241 1625 1044 1625 243 1625 243 1626 1044 1626 1045 1626 243 1627 1045 1627 245 1627 245 1628 1046 1628 246 1628 347 1629 513 1629 173 1629 248 1630 1011 1630 188 1630 188 1631 366 1631 248 1631 366 1632 188 1632 187 1632 366 1633 187 1633 674 1633 674 1634 187 1634 676 1634 676 1635 187 1635 185 1635 676 1636 185 1636 253 1636 1010 1637 251 1637 185 1637 185 1638 251 1638 253 1638 355 1639 251 1639 1010 1639 183 1640 355 1640 1010 1640 183 1641 343 1641 355 1641 343 1642 183 1642 181 1642 343 1643 181 1643 344 1643 180 1644 344 1644 181 1644 344 1645 180 1645 346 1645 1012 1646 346 1646 180 1646 346 1647 1012 1647 356 1647 356 1648 1012 1648 178 1648 356 1649 178 1649 551 1649 1009 1650 551 1650 178 1650 549 1651 551 1651 1009 1651 549 1652 1009 1652 177 1652 175 1653 550 1653 177 1653 550 1654 549 1654 177 1654 1008 1655 513 1655 175 1655 175 1656 513 1656 550 1656 173 1657 513 1657 1008 1657 172 1658 347 1658 173 1658 172 1659 348 1659 347 1659 1007 1660 350 1660 348 1660 1007 1661 348 1661 172 1661 171 1662 352 1662 1007 1662 1007 1663 352 1663 350 1663 248 1664 247 1664 1011 1664 1011 1665 247 1665 171 1665 171 1666 247 1666 352 1666 196 1667 328 1667 198 1667 328 1668 196 1668 329 1668 195 1669 329 1669 196 1669 1018 1670 332 1670 195 1670 195 1671 332 1671 329 1671 193 1672 334 1672 1018 1672 334 1673 332 1673 1018 1673 1017 1674 330 1674 334 1674 1017 1675 334 1675 193 1675 1016 1676 260 1676 1017 1676 1017 1677 260 1677 330 1677 1016 1678 259 1678 260 1678 259 1679 1016 1679 1015 1679 259 1680 1015 1680 257 1680 1014 1681 371 1681 257 1681 1014 1682 257 1682 1015 1682 208 1683 371 1683 1014 1683 263 1684 371 1684 208 1684 261 1685 263 1685 208 1685 1013 1686 261 1686 208 1686 206 1687 321 1687 1013 1687 1013 1688 321 1688 261 1688 206 1689 319 1689 321 1689 206 1690 322 1690 319 1690 322 1691 206 1691 1023 1691 205 1692 322 1692 1023 1692 205 1693 338 1693 322 1693 338 1694 205 1694 1022 1694 338 1695 1022 1695 337 1695 337 1696 1022 1696 203 1696 337 1697 203 1697 339 1697 1021 1698 339 1698 203 1698 342 1699 340 1699 1021 1699 1021 1700 340 1700 339 1700 342 1701 1021 1701 1020 1701 341 1702 342 1702 1020 1702 341 1703 1020 1703 199 1703 1019 1704 324 1704 341 1704 1019 1705 341 1705 199 1705 325 1706 324 1706 1019 1706 325 1707 1019 1707 198 1707 198 1708 328 1708 325 1708 1026 1709 305 1709 307 1709 216 1710 358 1710 1026 1710 1026 1711 358 1711 305 1711 1031 1712 639 1712 216 1712 216 1713 639 1713 358 1713 1031 1714 719 1714 639 1714 719 1715 1031 1715 1036 1715 1036 1716 717 1716 719 1716 717 1717 1036 1717 1030 1717 1029 1718 298 1718 1030 1718 1030 1719 298 1719 359 1719 1030 1720 359 1720 717 1720 297 1721 298 1721 1029 1721 1025 1722 297 1722 1029 1722 299 1723 297 1723 1025 1723 1035 1724 301 1724 1025 1724 1025 1725 301 1725 299 1725 301 1726 1035 1726 302 1726 303 1727 302 1727 1028 1727 1028 1728 302 1728 1035 1728 1034 1729 304 1729 303 1729 1034 1730 303 1730 1028 1730 225 1731 304 1731 1034 1731 1033 1732 373 1732 225 1732 225 1733 373 1733 304 1733 1024 1734 374 1734 1033 1734 1033 1735 374 1735 373 1735 223 1736 374 1736 1024 1736 223 1737 308 1737 374 1737 221 1738 308 1738 223 1738 1032 1739 309 1739 221 1739 221 1740 309 1740 308 1740 1027 1741 318 1741 1032 1741 1032 1742 318 1742 309 1742 313 1743 318 1743 1027 1743 218 1744 315 1744 220 1744 220 1745 315 1745 313 1745 220 1746 313 1746 1027 1746 1026 1747 307 1747 218 1747 218 1748 307 1748 314 1748 218 1749 314 1749 315 1749 271 1750 270 1750 1043 1750 236 1751 360 1751 272 1751 234 1752 360 1752 236 1752 360 1753 234 1753 640 1753 1038 1754 640 1754 234 1754 1038 1755 363 1755 640 1755 266 1756 363 1756 233 1756 233 1757 363 1757 1038 1757 231 1758 266 1758 233 1758 266 1759 231 1759 267 1759 267 1760 231 1760 230 1760 1037 1761 280 1761 230 1761 230 1762 280 1762 267 1762 228 1763 282 1763 1037 1763 1037 1764 282 1764 280 1764 246 1765 283 1765 228 1765 228 1766 283 1766 282 1766 1046 1767 284 1767 246 1767 246 1768 284 1768 283 1768 1046 1769 285 1769 284 1769 245 1770 285 1770 1046 1770 1045 1771 292 1771 245 1771 245 1772 292 1772 285 1772 1045 1773 291 1773 292 1773 291 1774 1045 1774 1044 1774 1044 1775 290 1775 291 1775 289 1776 290 1776 1044 1776 241 1777 289 1777 1044 1777 1043 1778 270 1778 289 1778 1043 1779 289 1779 241 1779 271 1780 1042 1780 269 1780 1042 1781 271 1781 1043 1781 1041 1782 269 1782 1042 1782 1040 1783 286 1783 1041 1783 1041 1784 286 1784 269 1784 1040 1785 277 1785 286 1785 1039 1786 276 1786 1040 1786 1040 1787 276 1787 277 1787 272 1788 274 1788 236 1788 236 1789 274 1789 1039 1789 1039 1790 274 1790 276 1790 698 1791 818 1791 596 1791 959 1792 918 1792 502 1792 502 1793 918 1793 698 1793 698 1794 918 1794 818 1794 502 1795 407 1795 959 1795 407 1796 406 1796 959 1796 959 1797 406 1797 958 1797 958 1798 406 1798 409 1798 958 1799 409 1799 956 1799 956 1800 409 1800 410 1800 956 1801 410 1801 955 1801 955 1802 410 1802 413 1802 955 1803 413 1803 953 1803 953 1804 413 1804 414 1804 953 1805 414 1805 952 1805 952 1806 414 1806 415 1806 952 1807 415 1807 951 1807 415 1808 397 1808 951 1808 951 1809 397 1809 904 1809 904 1810 397 1810 396 1810 904 1811 396 1811 902 1811 902 1812 396 1812 395 1812 902 1813 395 1813 416 1813 902 1814 416 1814 903 1814 903 1815 416 1815 948 1815 948 1816 416 1816 419 1816 948 1817 419 1817 1005 1817 419 1818 418 1818 1005 1818 1005 1819 418 1819 1006 1819 1006 1820 418 1820 421 1820 1006 1821 421 1821 893 1821 496 1822 892 1822 423 1822 423 1823 892 1823 422 1823 893 1824 421 1824 422 1824 893 1825 422 1825 894 1825 894 1826 422 1826 892 1826 425 1827 891 1827 947 1827 425 1828 947 1828 427 1828 427 1829 947 1829 496 1829 496 1830 947 1830 945 1830 496 1831 945 1831 892 1831 891 1832 425 1832 424 1832 891 1833 424 1833 889 1833 889 1834 424 1834 501 1834 889 1835 501 1835 913 1835 499 1836 912 1836 911 1836 499 1837 911 1837 500 1837 913 1838 501 1838 500 1838 913 1839 500 1839 911 1839 498 1840 909 1840 942 1840 498 1841 942 1841 499 1841 499 1842 942 1842 912 1842 436 1843 898 1843 940 1843 436 1844 940 1844 434 1844 434 1845 940 1845 900 1845 434 1846 900 1846 432 1846 432 1847 900 1847 899 1847 432 1848 899 1848 431 1848 431 1849 899 1849 906 1849 431 1850 906 1850 429 1850 429 1851 906 1851 908 1851 429 1852 908 1852 430 1852 430 1853 908 1853 910 1853 430 1854 910 1854 497 1854 497 1855 910 1855 498 1855 498 1856 910 1856 909 1856 898 1857 436 1857 897 1857 897 1858 436 1858 437 1858 897 1859 437 1859 439 1859 897 1860 439 1860 895 1860 895 1861 439 1861 440 1861 895 1862 440 1862 905 1862 905 1863 440 1863 441 1863 905 1864 441 1864 888 1864 888 1865 441 1865 791 1865 791 1866 441 1866 695 1866 791 1867 695 1867 444 1867 791 1868 444 1868 788 1868 788 1869 444 1869 561 1869 788 1870 561 1870 789 1870 789 1871 561 1871 562 1871 789 1872 562 1872 829 1872 829 1873 562 1873 827 1873 827 1874 562 1874 563 1874 827 1875 563 1875 787 1875 787 1876 563 1876 565 1876 787 1877 565 1877 786 1877 786 1878 565 1878 566 1878 786 1879 566 1879 785 1879 785 1880 566 1880 567 1880 785 1881 567 1881 784 1881 784 1882 567 1882 569 1882 784 1883 569 1883 782 1883 782 1884 569 1884 570 1884 782 1885 570 1885 780 1885 780 1886 570 1886 572 1886 780 1887 572 1887 779 1887 779 1888 572 1888 573 1888 779 1889 573 1889 638 1889 779 1890 638 1890 777 1890 777 1891 638 1891 776 1891 776 1892 638 1892 637 1892 776 1893 637 1893 775 1893 775 1894 637 1894 636 1894 775 1895 636 1895 773 1895 773 1896 636 1896 635 1896 773 1897 635 1897 771 1897 771 1898 635 1898 634 1898 771 1899 634 1899 770 1899 770 1900 634 1900 576 1900 770 1901 576 1901 767 1901 767 1902 576 1902 575 1902 767 1903 575 1903 768 1903 768 1904 575 1904 579 1904 768 1905 579 1905 824 1905 824 1906 579 1906 578 1906 824 1907 578 1907 792 1907 792 1908 578 1908 582 1908 792 1909 582 1909 796 1909 796 1910 582 1910 581 1910 796 1911 581 1911 797 1911 797 1912 581 1912 585 1912 797 1913 585 1913 766 1913 766 1914 585 1914 764 1914 764 1915 585 1915 584 1915 764 1916 584 1916 587 1916 764 1917 587 1917 765 1917 765 1918 587 1918 884 1918 884 1919 587 1919 588 1919 588 1920 526 1920 884 1920 884 1921 526 1921 883 1921 883 1922 526 1922 525 1922 883 1923 525 1923 762 1923 762 1924 525 1924 763 1924 763 1925 525 1925 714 1925 763 1926 714 1926 760 1926 760 1927 714 1927 590 1927 760 1928 590 1928 758 1928 758 1929 590 1929 591 1929 591 1930 512 1930 758 1930 758 1931 512 1931 759 1931 759 1932 512 1932 511 1932 759 1933 511 1933 822 1933 822 1934 511 1934 820 1934 820 1935 511 1935 592 1935 820 1936 592 1936 594 1936 596 1937 818 1937 595 1937 595 1938 818 1938 756 1938 595 1939 756 1939 755 1939 595 1940 755 1940 594 1940 594 1941 755 1941 757 1941 594 1942 757 1942 820 1942 1047 80 1048 80 1049 80 1047 80 1050 80 1048 80 1047 80 1051 80 1050 80 1047 80 1052 80 1051 80 1047 80 1053 80 1052 80 1054 80 1055 80 1056 80 1054 80 1057 80 1055 80 1054 80 1058 80 1057 80 1054 80 1059 80 1058 80 1054 80 1060 80 1059 80 1061 80 1062 80 1063 80 1061 80 1064 80 1062 80 1061 80 1065 80 1064 80 1061 80 1066 80 1065 80 1061 80 1067 80 1066 80 1068 1943 1069 1943 1070 1943 1071 1944 1072 1944 1073 1944 1074 1945 1075 1945 1076 1945 1075 1946 1077 1946 1076 1946 1078 1947 1075 1947 1079 1947 1078 1948 1079 1948 1080 1948 1081 1949 1082 1949 1083 1949 1081 1950 1083 1950 1084 1950 1084 1951 1083 1951 1085 1951 1086 1952 1085 1952 1083 1952 1086 1953 1083 1953 1087 1953 1088 1954 1089 1954 1090 1954 1088 1955 1090 1955 1091 1955 1089 1956 1092 1956 1093 1956 1092 1957 1089 1957 1088 1957 1094 1958 1093 1958 1092 1958 1094 1959 1095 1959 1096 1959 1094 1960 1096 1960 1093 1960 1097 1961 1095 1961 1098 1961 1098 1962 1095 1962 1094 1962 1098 1963 1099 1963 1097 1963 1100 1964 1101 1964 1099 1964 1100 1965 1099 1965 1098 1965 1102 1966 1101 1966 1100 1966 1103 1967 1104 1967 1102 1967 1103 1968 1102 1968 1100 1968 1105 1969 1106 1969 1104 1969 1105 1970 1104 1970 1103 1970 1105 1971 1107 1971 1106 1971 1108 1972 1107 1972 1109 1972 1109 1973 1107 1973 1105 1973 1110 1974 1108 1974 1109 1974 1110 1975 1111 1975 1108 1975 1111 1976 1110 1976 1112 1976 1113 1977 1112 1977 1070 1977 1070 1978 1112 1978 1110 1978 1087 1979 1083 1979 1091 1979 1091 1980 1083 1980 1088 1980 1100 1981 1098 1981 1071 1981 1100 1982 1071 1982 1103 1982 1105 1983 1103 1983 1109 1983 1080 1984 1079 1984 1082 1984 1082 1985 1079 1985 1083 1985 1088 1986 1083 1986 1114 1986 1088 1987 1114 1987 1092 1987 1092 1988 1114 1988 1115 1988 1092 1989 1115 1989 1094 1989 1094 1990 1115 1990 1098 1990 1098 1991 1115 1991 1072 1991 1098 1992 1072 1992 1071 1992 1103 1993 1071 1993 1073 1993 1103 1994 1073 1994 1109 1994 1109 1995 1073 1995 1068 1995 1109 1996 1068 1996 1110 1996 1110 1997 1068 1997 1070 1997 1116 1998 1117 1998 1118 1998 1119 1999 1120 1999 1121 1999 1070 2000 1122 2000 1113 2000 1123 2001 1122 2001 1070 2001 1123 2002 1124 2002 1122 2002 1123 2003 1125 2003 1124 2003 1126 2004 1127 2004 1123 2004 1123 2005 1127 2005 1125 2005 1128 2006 1129 2006 1126 2006 1126 2007 1129 2007 1127 2007 1130 2008 1131 2008 1128 2008 1130 2009 1128 2009 1126 2009 1130 2010 1117 2010 1131 2010 1118 2011 1117 2011 1130 2011 1132 2012 1133 2012 1118 2012 1118 2013 1133 2013 1134 2013 1118 2014 1134 2014 1116 2014 1135 2015 1136 2015 1132 2015 1132 2016 1136 2016 1133 2016 1137 2017 1135 2017 1138 2017 1138 2018 1139 2018 1140 2018 1141 2019 1142 2019 1143 2019 1141 2020 1144 2020 1142 2020 1141 2021 1145 2021 1144 2021 1146 2022 1147 2022 1148 2022 1146 2023 1148 2023 1149 2023 1146 2024 1150 2024 1151 2024 1146 2025 1151 2025 1147 2025 1123 2026 1070 2026 1152 2026 1123 2027 1152 2027 1126 2027 1130 2028 1126 2028 1153 2028 1130 2029 1153 2029 1118 2029 1135 2030 1132 2030 1154 2030 1135 2031 1154 2031 1138 2031 1138 2032 1154 2032 1139 2032 1139 2033 1154 2033 1155 2033 1155 2034 1154 2034 1143 2034 1155 2035 1143 2035 1156 2035 1156 2036 1143 2036 1157 2036 1157 2037 1143 2037 1142 2037 1146 2038 1149 2038 1158 2038 1146 2039 1158 2039 1141 2039 1141 2040 1158 2040 1145 2040 1143 2041 1154 2041 1159 2041 1159 2042 1154 2042 1132 2042 1159 2043 1132 2043 1160 2043 1160 2044 1132 2044 1118 2044 1160 2045 1118 2045 1153 2045 1161 2046 1153 2046 1126 2046 1161 2047 1126 2047 1152 2047 1069 2048 1152 2048 1070 2048 1162 2049 1163 2049 1164 2049 1164 2050 1163 2050 1165 2050 1162 2051 1166 2051 1167 2051 1168 2052 1074 2052 1169 2052 1079 2053 1075 2053 1168 2053 1168 2054 1075 2054 1074 2054 1083 2055 1079 2055 1170 2055 1083 2056 1170 2056 1114 2056 1072 2057 1115 2057 1171 2057 1073 2058 1072 2058 1172 2058 1068 2059 1073 2059 1173 2059 1173 2060 1073 2060 1172 2060 1174 2061 1069 2061 1173 2061 1173 2062 1069 2062 1068 2062 1174 2063 1152 2063 1069 2063 1175 2064 1161 2064 1174 2064 1174 2065 1161 2065 1152 2065 1175 2066 1153 2066 1161 2066 1175 2067 1160 2067 1153 2067 1176 2068 1159 2068 1160 2068 1177 2069 1143 2069 1159 2069 1178 2070 1146 2070 1141 2070 1179 2071 1150 2071 1146 2071 1150 2072 1179 2072 1121 2072 1119 2073 1180 2073 1181 2073 1182 2074 1180 2074 1183 2074 1183 2075 1180 2075 1184 2075 1183 2076 1184 2076 1185 2076 1164 2077 1186 2077 1187 2077 1164 2078 1187 2078 1184 2078 1184 2079 1187 2079 1185 2079 1119 2080 1121 2080 1179 2080 1119 2081 1179 2081 1180 2081 1180 2082 1179 2082 1184 2082 1164 2083 1184 2083 1169 2083 1164 2084 1169 2084 1162 2084 1162 2085 1169 2085 1166 2085 1166 2086 1169 2086 1074 2086 1146 2087 1178 2087 1179 2087 1179 2088 1178 2088 1188 2088 1179 2089 1188 2089 1184 2089 1184 2090 1188 2090 1189 2090 1184 2091 1189 2091 1169 2091 1169 2092 1189 2092 1190 2092 1169 2093 1190 2093 1168 2093 1168 2094 1190 2094 1170 2094 1168 2095 1170 2095 1079 2095 1141 2096 1143 2096 1178 2096 1178 2097 1143 2097 1177 2097 1178 2098 1177 2098 1188 2098 1188 2099 1177 2099 1191 2099 1188 2100 1191 2100 1189 2100 1189 2101 1191 2101 1192 2101 1189 2102 1192 2102 1190 2102 1190 2103 1192 2103 1193 2103 1190 2104 1193 2104 1170 2104 1170 2105 1193 2105 1114 2105 1177 2106 1159 2106 1176 2106 1177 2107 1176 2107 1191 2107 1191 2108 1176 2108 1194 2108 1191 2109 1194 2109 1192 2109 1192 2110 1194 2110 1195 2110 1192 2111 1195 2111 1193 2111 1193 2112 1195 2112 1171 2112 1193 2113 1171 2113 1114 2113 1114 2114 1171 2114 1115 2114 1176 2115 1160 2115 1175 2115 1176 2116 1175 2116 1194 2116 1194 2117 1175 2117 1174 2117 1194 2118 1174 2118 1173 2118 1194 2119 1173 2119 1195 2119 1195 2120 1173 2120 1172 2120 1195 2121 1172 2121 1171 2121 1171 2122 1172 2122 1072 2122 1196 80 1197 80 1198 80 1196 80 1199 80 1197 80 1196 80 1200 80 1201 80 1196 80 1202 80 1200 80 1196 80 1198 80 1202 80 1081 2123 1080 2123 1082 2123 1076 2124 1077 2124 1074 2124 1165 2125 1163 2125 1203 2125 1165 2126 1203 2126 1164 2126 1145 2127 1204 2127 1144 2127 1204 2128 1145 2128 1158 2128 1148 2129 1147 2129 1151 2129 1180 2130 1182 2130 1181 2130 1150 2131 1121 2131 1120 2131 1203 2132 1186 2132 1164 2132 1205 2133 1206 2133 1207 2133 1205 2134 1207 2134 1208 2134 1208 2135 1207 2135 1209 2135 1208 2136 1209 2136 1210 2136 1210 2137 1209 2137 1211 2137 1210 2138 1211 2138 1212 2138 1210 2139 1212 2139 1213 2139 1213 2140 1212 2140 1214 2140 1213 2141 1214 2141 1215 2141 1213 2142 1215 2142 1216 2142 1216 2143 1215 2143 1217 2143 1218 2144 1219 2144 1220 2144 1218 2145 1220 2145 1205 2145 1205 2146 1220 2146 1206 2146 1216 2147 1217 2147 1221 2147 1216 2148 1221 2148 1222 2148 1222 2149 1221 2149 1223 2149 1222 2150 1223 2150 1224 2150 1222 2151 1224 2151 1218 2151 1218 2152 1224 2152 1219 2152 1225 2153 1226 2153 1227 2153 1225 2154 1227 2154 1228 2154 1225 2155 1228 2155 1229 2155 1229 2156 1228 2156 1230 2156 1231 2157 1232 2157 1233 2157 1231 2158 1233 2158 1234 2158 1234 2159 1233 2159 1235 2159 1234 2160 1235 2160 1226 2160 1234 2161 1226 2161 1225 2161 1229 2162 1230 2162 1236 2162 1236 2163 1230 2163 1237 2163 1236 2164 1237 2164 1238 2164 1238 2165 1237 2165 1239 2165 1238 2166 1239 2166 1240 2166 1240 2167 1239 2167 1241 2167 1240 2168 1241 2168 1242 2168 1240 2169 1242 2169 1232 2169 1240 2170 1232 2170 1231 2170 1243 2171 1244 2171 1245 2171 1245 2172 1244 2172 1246 2172 1245 2173 1246 2173 1247 2173 1245 2174 1247 2174 1248 2174 1248 2175 1247 2175 1249 2175 1250 2176 1251 2176 1252 2176 1250 2177 1252 2177 1253 2177 1253 2178 1252 2178 1254 2178 1253 2179 1254 2179 1243 2179 1243 2180 1254 2180 1255 2180 1243 2181 1255 2181 1244 2181 1248 2182 1249 2182 1256 2182 1248 2183 1256 2183 1257 2183 1257 2184 1256 2184 1258 2184 1257 2185 1258 2185 1259 2185 1257 2186 1259 2186 1260 2186 1260 2187 1259 2187 1261 2187 1260 2188 1261 2188 1262 2188 1260 2189 1262 2189 1263 2189 1260 2190 1263 2190 1250 2190 1250 2191 1263 2191 1264 2191 1250 2192 1264 2192 1251 2192 1265 2193 1266 2193 1267 2193 1267 2194 1266 2194 1268 2194 1267 2195 1268 2195 1269 2195 1267 2196 1269 2196 1270 2196 1267 2197 1270 2197 1271 2197 1271 2198 1270 2198 1272 2198 1271 2199 1272 2199 1273 2199 1273 2200 1272 2200 1274 2200 1273 2201 1274 2201 1275 2201 1275 2202 1274 2202 1276 2202 1275 2203 1276 2203 1277 2203 1275 2204 1277 2204 1278 2204 1275 2205 1278 2205 1279 2205 1279 2206 1278 2206 1280 2206 1279 2207 1280 2207 1281 2207 1279 2208 1281 2208 1282 2208 1282 2209 1281 2209 1283 2209 1282 2210 1283 2210 1265 2210 1265 2211 1283 2211 1266 2211 1284 2212 1285 2212 1286 2212 1286 2213 1285 2213 1287 2213 1288 2214 1289 2214 1290 2214 1291 2215 1292 2215 1293 2215 1294 2216 1295 2216 1296 2216 1294 2217 1296 2217 1297 2217 1297 2218 1298 2218 1291 2218 1297 2219 1291 2219 1294 2219 1298 2220 1299 2220 1291 2220 1294 2221 1300 2221 1295 2221 1301 2222 1285 2222 1284 2222 1302 2223 1303 2223 1304 2223 1302 2224 1287 2224 1285 2224 1305 2225 1290 2225 1289 2225 1289 2226 1304 2226 1305 2226 1303 2227 1305 2227 1304 2227 1302 2228 1304 2228 1287 2228 1292 2229 1291 2229 1299 2229 1306 2230 707 2230 706 2230 1307 2231 693 2231 694 2231 689 2232 697 2232 1307 2232 693 2233 1307 2233 696 2233 1307 2234 697 2234 696 2234 695 2235 1307 2235 694 2235 707 2236 1306 2236 708 2236 1308 2237 1309 2237 1310 2237 1311 2238 1312 2238 1306 2238 712 2239 1306 2239 713 2239 713 2240 1306 2240 699 2240 699 2241 1306 2241 698 2241 708 2242 1306 2242 709 2242 709 2243 1306 2243 710 2243 710 2244 1306 2244 711 2244 711 2245 1306 2245 712 2245 700 2246 503 2246 1306 2246 1306 2247 701 2247 700 2247 1313 2248 1314 2248 1315 2248 1306 2249 703 2249 702 2249 1306 2250 705 2250 704 2250 1315 2251 1314 2251 1316 2251 1315 2252 1316 2252 1317 2252 1306 2253 704 2253 703 2253 1306 2254 702 2254 701 2254 445 2255 690 2255 1307 2255 1307 2256 690 2256 691 2256 691 2257 692 2257 1307 2257 1307 2258 692 2258 1318 2258 1318 2259 689 2259 1307 2259 1316 2260 1312 2260 1317 2260 1317 2261 1312 2261 1311 2261 1306 2262 706 2262 705 2262 1319 2263 1320 2263 1321 2263 1322 2264 1323 2264 1324 2264 1322 2265 1324 2265 1325 2265 1326 2266 1323 2266 1321 2266 1321 2267 1323 2267 1322 2267 1326 2268 1321 2268 1320 2268 1327 2269 1328 2269 1320 2269 1329 2270 1330 2270 1331 2270 1332 2271 1331 2271 1333 2271 1333 2272 1331 2272 1330 2272 1334 2273 1335 2273 1336 2273 1336 2274 1337 2274 1338 2274 1335 2275 1337 2275 1336 2275 1339 2276 1340 2276 1341 2276 1340 2277 1342 2277 1341 2277 1341 2278 1342 2278 1331 2278 1343 2279 1344 2279 1338 2279 1331 2280 1345 2280 1341 2280 1339 2281 1341 2281 1344 2281 1331 2282 1342 2282 1329 2282 1337 2283 1343 2283 1338 2283 1346 2284 1333 2284 1330 2284 1327 2285 1347 2285 1328 2285 1338 2286 1344 2286 1341 2286 1347 2287 1334 2287 1328 2287 1348 2288 1321 2288 1322 2288 698 2289 1349 2289 699 2289 699 2290 1349 2290 713 2290 713 2291 1349 2291 712 2291 712 2292 1349 2292 711 2292 711 2293 1349 2293 710 2293 710 2294 1349 2294 709 2294 709 2295 1349 2295 708 2295 708 2296 1349 2296 707 2296 707 2297 1349 2297 706 2297 706 2298 1349 2298 705 2298 705 2299 1349 2299 704 2299 704 2300 1349 2300 703 2300 703 2301 1349 2301 702 2301 702 2302 1349 2302 701 2302 701 2303 1349 2303 700 2303 700 2304 1349 2304 503 2304 1350 2305 1351 2305 1352 2305 1353 2306 1354 2306 1355 2306 694 2307 693 2307 1356 2307 693 2308 696 2308 1356 2308 1356 2309 696 2309 697 2309 1356 2310 697 2310 689 2310 1356 2311 689 2311 1318 2311 692 2312 691 2312 1318 2312 1318 2313 691 2313 690 2313 1318 2314 690 2314 445 2314 695 2315 694 2315 1356 2315 1357 2316 1358 2316 1359 2316 1359 2317 1360 2317 1357 2317 1361 2318 1359 2318 1362 2318 1362 2319 1359 2319 1358 2319 1363 2320 1364 2320 1365 2320 1365 2321 1364 2321 1366 2321 1355 2322 1363 2322 1367 2322 1368 2323 1369 2323 1370 2323 1371 2324 1372 2324 1373 2324 1374 2325 1373 2325 1372 2325 1374 2326 1372 2326 1375 2326 1370 2327 1376 2327 1368 2327 1377 2328 1378 2328 1379 2328 1358 2329 1380 2329 1381 2329 1380 2330 1358 2330 1357 2330 1362 2331 1382 2331 1361 2331 1362 2332 1381 2332 1383 2332 1382 2333 1366 2333 1364 2333 1365 2334 1367 2334 1363 2334 1355 2335 1384 2335 1385 2335 1367 2336 1384 2336 1355 2336 1364 2337 1361 2337 1382 2337 1362 2338 1358 2338 1381 2338 1371 2339 1373 2339 1386 2339 1371 2340 1386 2340 1379 2340 1379 2341 1386 2341 1377 2341 1370 2342 1379 2342 1378 2342 1370 2343 1378 2343 1376 2343 1387 2344 1388 2344 1389 2344 1387 2345 1390 2345 1391 2345 1392 2346 1393 2346 1394 2346 1395 2347 1396 2347 1397 2347 1398 2348 1399 2348 1400 2348 1396 2349 1401 2349 1397 2349 1402 2350 1397 2350 1401 2350 1397 2351 1402 2351 1403 2351 1398 2352 1404 2352 1399 2352 1388 2353 1387 2353 1391 2353 1405 2354 1406 2354 1389 2354 1388 2355 1405 2355 1389 2355 1398 2356 1400 2356 1403 2356 1403 2357 1402 2357 1398 2357 1390 2358 1407 2358 1391 2358 1392 2359 1389 2359 1406 2359 1392 2360 1406 2360 1393 2360 1408 2361 1325 2361 1409 2361 1408 2362 1409 2362 1324 2362 1409 2363 1325 2363 1324 2363 1332 2364 1346 2364 1410 2364 1346 2365 1332 2365 1333 2365 1410 2366 1346 2366 1411 2366 1412 2367 1413 2367 1284 2367 1286 2368 1412 2368 1284 2368 1413 2369 1301 2369 1284 2369 1292 2370 1299 2370 1414 2370 1293 2371 1292 2371 1414 2371 1415 2372 1293 2372 1414 2372 1338 2373 1341 2373 1416 2373 1417 2374 1418 2374 1419 2374 1420 2375 1421 2375 1422 2375 1306 2376 503 2376 1423 2376 1424 2377 1425 2377 1426 2377 1426 2378 1425 2378 1427 2378 1427 2379 1425 2379 1428 2379 1428 2380 1423 2380 1427 2380 1428 2381 1306 2381 1423 2381 1428 2382 1311 2382 1306 2382 1309 2383 1308 2383 1429 2383 1430 2384 1310 2384 1309 2384 1336 2385 1310 2385 1430 2385 1336 2386 1328 2386 1334 2386 1336 2387 1338 2387 1431 2387 1432 2388 1433 2388 1434 2388 1432 2389 1434 2389 1416 2389 1432 2390 1435 2390 1436 2390 1432 2391 1436 2391 1433 2391 1437 2392 1435 2392 1432 2392 1438 2393 1439 2393 1437 2393 1437 2394 1439 2394 1435 2394 1440 2395 579 2395 1441 2395 1440 2396 1442 2396 579 2396 1443 2397 1442 2397 1440 2397 1443 2398 1444 2398 1442 2398 1443 2399 1445 2399 1444 2399 1445 2400 1443 2400 1446 2400 1446 2401 1447 2401 1445 2401 1448 2402 1449 2402 1446 2402 1446 2403 1449 2403 1450 2403 1446 2404 1450 2404 1447 2404 1451 2405 1452 2405 1453 2405 1452 2406 1451 2406 1448 2406 1448 2407 1451 2407 1449 2407 1453 2408 1452 2408 1454 2408 1454 2409 1455 2409 1453 2409 1456 2410 1455 2410 1454 2410 1457 2411 1456 2411 1454 2411 1458 2412 1456 2412 1457 2412 1458 2413 1457 2413 1459 2413 1460 2414 1459 2414 1457 2414 1460 2415 1461 2415 1459 2415 1460 2416 1462 2416 1461 2416 1463 2417 1462 2417 1464 2417 1464 2418 1462 2418 1460 2418 1463 2419 1465 2419 1307 2419 1465 2420 1463 2420 1464 2420 1307 2421 1465 2421 445 2421 1466 2422 1291 2422 1293 2422 1467 2423 1420 2423 1422 2423 1467 2424 1422 2424 1468 2424 1468 2425 1422 2425 1469 2425 1468 2426 1469 2426 1470 2426 1470 2427 1469 2427 1471 2427 1470 2428 1471 2428 1472 2428 1472 2429 1471 2429 1473 2429 1473 2430 1471 2430 1474 2430 1474 2431 1471 2431 1475 2431 1474 2432 1475 2432 1476 2432 1476 2433 1475 2433 1466 2433 1466 2434 1475 2434 1294 2434 1466 2435 1294 2435 1291 2435 1477 2436 1300 2436 1294 2436 1478 2437 1479 2437 1480 2437 1480 2438 1481 2438 1478 2438 1482 2439 1289 2439 1288 2439 1482 2440 1288 2440 1483 2440 1482 2441 1483 2441 1479 2441 1287 2442 1304 2442 1484 2442 1287 2443 1484 2443 1485 2443 1486 2444 1487 2444 1484 2444 1484 2445 1487 2445 1485 2445 1488 2446 1489 2446 1486 2446 1486 2447 1489 2447 1487 2447 1419 2448 1490 2448 1488 2448 1419 2449 1488 2449 1486 2449 1419 2450 1418 2450 1490 2450 1418 2451 1417 2451 1491 2451 1491 2452 1417 2452 1492 2452 1492 2453 1417 2453 1493 2453 1492 2454 1493 2454 1494 2454 1495 2455 1494 2455 1493 2455 1496 2456 1497 2456 1495 2456 1495 2457 1497 2457 1494 2457 1498 2458 1331 2458 1332 2458 1499 2459 1345 2459 1331 2459 1328 2460 1336 2460 1430 2460 1500 2461 1326 2461 1320 2461 1501 2462 1324 2462 1323 2462 1501 2463 1323 2463 1502 2463 1503 2464 1504 2464 1464 2464 1503 2465 1464 2465 1505 2465 1478 2466 1481 2466 1300 2466 1478 2467 1300 2467 1477 2467 1478 2468 1477 2468 1506 2468 1506 2469 1477 2469 1507 2469 1506 2470 1507 2470 1508 2470 1506 2471 1508 2471 1505 2471 1505 2472 1508 2472 1503 2472 1504 2473 1503 2473 1421 2473 1477 2474 1294 2474 1475 2474 1477 2475 1475 2475 1507 2475 1507 2476 1475 2476 1471 2476 1507 2477 1471 2477 1508 2477 1508 2478 1471 2478 1469 2478 1508 2479 1469 2479 1503 2479 1503 2480 1469 2480 1422 2480 1503 2481 1422 2481 1421 2481 1504 2482 1465 2482 1464 2482 1505 2483 1464 2483 1460 2483 1505 2484 1460 2484 1506 2484 1506 2485 1460 2485 1457 2485 1506 2486 1457 2486 1478 2486 1478 2487 1457 2487 1454 2487 1478 2488 1454 2488 1479 2488 1479 2489 1454 2489 1482 2489 1482 2490 1454 2490 1452 2490 1482 2491 1452 2491 1448 2491 1482 2492 1448 2492 1509 2492 1509 2493 1448 2493 1446 2493 1509 2494 1446 2494 1510 2494 1510 2495 1446 2495 1443 2495 1510 2496 1443 2496 1511 2496 1511 2497 1443 2497 1440 2497 1511 2498 1440 2498 1512 2498 1437 2499 1432 2499 1513 2499 1437 2500 1513 2500 1512 2500 1341 2501 1345 2501 1514 2501 1432 2502 1514 2502 1513 2502 1345 2503 1499 2503 1514 2503 1514 2504 1499 2504 1515 2504 1514 2505 1515 2505 1513 2505 1513 2506 1515 2506 1495 2506 1513 2507 1495 2507 1512 2507 1512 2508 1495 2508 1516 2508 1512 2509 1516 2509 1511 2509 1511 2510 1516 2510 1517 2510 1511 2511 1517 2511 1510 2511 1510 2512 1517 2512 1518 2512 1510 2513 1518 2513 1509 2513 1509 2514 1518 2514 1519 2514 1509 2515 1519 2515 1482 2515 1482 2516 1519 2516 1289 2516 1326 2517 1500 2517 1520 2517 1521 2518 1522 2518 1523 2518 1522 2519 1524 2519 1520 2519 1525 2520 1523 2520 1526 2520 1425 2521 1525 2521 1527 2521 1323 2522 1326 2522 1502 2522 1502 2523 1326 2523 1520 2523 1304 2524 1289 2524 1484 2524 1484 2525 1289 2525 1519 2525 1484 2526 1519 2526 1486 2526 1486 2527 1519 2527 1518 2527 1486 2528 1518 2528 1419 2528 1419 2529 1518 2529 1517 2529 1419 2530 1517 2530 1417 2530 1417 2531 1517 2531 1516 2531 1417 2532 1516 2532 1493 2532 1493 2533 1516 2533 1495 2533 1496 2534 1495 2534 1515 2534 1496 2535 1515 2535 1528 2535 1528 2536 1515 2536 1529 2536 1529 2537 1515 2537 1499 2537 1529 2538 1499 2538 1498 2538 1498 2539 1499 2539 1331 2539 1431 2540 1338 2540 1416 2540 1431 2541 1416 2541 1434 2541 1416 2542 1341 2542 1514 2542 1416 2543 1514 2543 1432 2543 1438 2544 1437 2544 1512 2544 1438 2545 1512 2545 1441 2545 1441 2546 1512 2546 1440 2546 1524 2547 1502 2547 1520 2547 1430 2548 1500 2548 1320 2548 1430 2549 1320 2549 1328 2549 1429 2550 1530 2550 1430 2550 1429 2551 1430 2551 1309 2551 1523 2552 1522 2552 1520 2552 1523 2553 1520 2553 1530 2553 1530 2554 1520 2554 1500 2554 1530 2555 1500 2555 1430 2555 1317 2556 1311 2556 1531 2556 1531 2557 1311 2557 1428 2557 1531 2558 1526 2558 1429 2558 1531 2559 1429 2559 1313 2559 1313 2560 1429 2560 1308 2560 1425 2561 1527 2561 1428 2561 1428 2562 1527 2562 1531 2562 1317 2563 1531 2563 1315 2563 1527 2564 1525 2564 1526 2564 1527 2565 1526 2565 1531 2565 1531 2566 1313 2566 1315 2566 1424 2567 1532 2567 1425 2567 1425 2568 1532 2568 1533 2568 1425 2569 1533 2569 1525 2569 1525 2570 1533 2570 1534 2570 1525 2571 1534 2571 1535 2571 1525 2572 1535 2572 1521 2572 1525 2573 1521 2573 1523 2573 1526 2574 1523 2574 1530 2574 1526 2575 1530 2575 1429 2575 1536 2576 1380 2576 1357 2576 1536 2577 1357 2577 1537 2577 1357 2578 1360 2578 1537 2578 1538 2579 1368 2579 1539 2579 1538 2580 1369 2580 1368 2580 1369 2581 1538 2581 1539 2581 1370 2582 1369 2582 1540 2582 1318 2583 445 2583 1465 2583 1541 2584 1359 2584 1542 2584 1541 2585 1360 2585 1359 2585 1542 2586 1543 2586 1541 2586 1544 2587 1545 2587 1546 2587 1547 2588 1546 2588 1548 2588 1545 2589 1544 2589 1549 2589 1549 2590 1544 2590 1550 2590 1549 2591 1550 2591 1551 2591 1549 2592 1551 2592 1552 2592 1553 2593 1554 2593 1555 2593 1555 2594 1554 2594 1552 2594 1555 2595 1552 2595 1551 2595 1554 2596 1553 2596 1556 2596 1556 2597 1553 2597 1557 2597 1556 2598 1557 2598 1558 2598 1558 2599 1557 2599 1559 2599 1558 2600 1559 2600 1560 2600 1560 2601 1559 2601 1561 2601 1561 2602 1559 2602 1562 2602 1562 2603 1559 2603 1563 2603 1563 2604 1564 2604 1562 2604 1564 2605 1403 2605 1400 2605 1397 2606 1403 2606 1563 2606 1563 2607 1403 2607 1564 2607 1565 2608 1566 2608 1395 2608 1565 2609 1567 2609 1566 2609 1568 2610 1569 2610 1394 2610 1569 2611 1568 2611 1567 2611 1394 2612 1569 2612 1570 2612 1394 2613 1570 2613 1392 2613 1389 2614 1392 2614 1571 2614 1390 2615 1387 2615 1572 2615 1573 2616 1421 2616 1420 2616 1387 2617 1389 2617 1572 2617 1572 2618 1389 2618 1574 2618 1572 2619 1574 2619 1575 2619 1575 2620 1574 2620 1576 2620 1575 2621 1576 2621 1577 2621 1577 2622 1576 2622 1578 2622 1577 2623 1578 2623 1579 2623 1579 2624 1578 2624 1580 2624 1580 2625 1578 2625 1581 2625 1580 2626 1581 2626 1582 2626 1582 2627 1581 2627 1573 2627 1582 2628 1573 2628 1583 2628 1583 2629 1573 2629 1584 2629 1584 2630 1573 2630 1420 2630 1318 2631 1465 2631 1356 2631 1356 2632 1585 2632 1586 2632 1587 2633 1588 2633 1586 2633 1587 2634 1586 2634 1585 2634 1587 2635 1589 2635 1588 2635 1589 2636 1587 2636 1590 2636 1591 2637 1592 2637 1590 2637 1590 2638 1592 2638 1589 2638 1593 2639 1594 2639 1591 2639 1591 2640 1594 2640 1592 2640 1595 2641 1594 2641 1593 2641 1596 2642 1597 2642 1598 2642 1596 2643 1599 2643 1597 2643 1599 2644 1596 2644 1600 2644 1601 2645 1600 2645 1602 2645 1602 2646 1600 2646 1596 2646 1602 2647 1603 2647 1601 2647 1604 2648 1605 2648 1603 2648 1604 2649 1603 2649 1602 2649 1606 2650 1607 2650 427 2650 1607 2651 1606 2651 1604 2651 1604 2652 1606 2652 1605 2652 1607 2653 1608 2653 427 2653 1609 2654 1610 2654 1611 2654 1609 2655 1612 2655 1613 2655 1609 2656 1613 2656 1610 2656 1614 2657 1615 2657 1616 2657 1616 2658 1615 2658 1609 2658 1609 2659 1615 2659 1612 2659 1355 2660 1354 2660 1363 2660 1353 2661 1355 2661 1385 2661 1617 2662 1618 2662 1353 2662 1385 2663 1375 2663 1353 2663 1619 2664 1618 2664 1617 2664 1620 2665 1352 2665 1619 2665 1620 2666 1350 2666 1352 2666 1621 2667 1351 2667 1622 2667 1351 2668 1350 2668 1622 2668 1423 2669 1623 2669 1621 2669 1349 2670 1423 2670 503 2670 1624 2671 1625 2671 1626 2671 1626 2672 1625 2672 1627 2672 1626 2673 1627 2673 1628 2673 1540 2674 1629 2674 1370 2674 1372 2675 1617 2675 1375 2675 1375 2676 1617 2676 1353 2676 1354 2677 1364 2677 1363 2677 1630 2678 1631 2678 1426 2678 1632 2679 1625 2679 1630 2679 1630 2680 1625 2680 1631 2680 1632 2681 1627 2681 1625 2681 1625 2682 1624 2682 1631 2682 1426 2683 1631 2683 1633 2683 1426 2684 1633 2684 1424 2684 1634 2685 1627 2685 1635 2685 1635 2686 1627 2686 1632 2686 1634 2687 1635 2687 1371 2687 1634 2688 1371 2688 1379 2688 1634 2689 1379 2689 1370 2689 1634 2690 1370 2690 1629 2690 1634 2691 1629 2691 1636 2691 1634 2692 1636 2692 1627 2692 1627 2693 1636 2693 1637 2693 1627 2694 1637 2694 1628 2694 1542 2695 1361 2695 1364 2695 1542 2696 1364 2696 1616 2696 1616 2697 1638 2697 1542 2697 1609 2698 1638 2698 1616 2698 1609 2699 1608 2699 1639 2699 1609 2700 1639 2700 1638 2700 1608 2701 1640 2701 1639 2701 1640 2702 1550 2702 1639 2702 1639 2703 1550 2703 1544 2703 1639 2704 1544 2704 1547 2704 1639 2705 1547 2705 1638 2705 1638 2706 1547 2706 1641 2706 1638 2707 1641 2707 1542 2707 1361 2708 1542 2708 1359 2708 1565 2709 1642 2709 1643 2709 1643 2710 1642 2710 1644 2710 1643 2711 1644 2711 1645 2711 1645 2712 1644 2712 1646 2712 1645 2713 1646 2713 1647 2713 1647 2714 1646 2714 1555 2714 1647 2715 1555 2715 1640 2715 1640 2716 1555 2716 1551 2716 1356 2717 1465 2717 1585 2717 1595 2718 1593 2718 1569 2718 1595 2719 1569 2719 1598 2719 1598 2720 1569 2720 1565 2720 1598 2721 1565 2721 1596 2721 1596 2722 1565 2722 1643 2722 1596 2723 1643 2723 1602 2723 1602 2724 1643 2724 1645 2724 1602 2725 1645 2725 1604 2725 1604 2726 1645 2726 1647 2726 1604 2727 1647 2727 1607 2727 1607 2728 1647 2728 1640 2728 1607 2729 1640 2729 1608 2729 1640 2730 1551 2730 1550 2730 1465 2731 1504 2731 1585 2731 1585 2732 1504 2732 1648 2732 1585 2733 1648 2733 1587 2733 1587 2734 1648 2734 1649 2734 1587 2735 1649 2735 1590 2735 1590 2736 1649 2736 1591 2736 1591 2737 1649 2737 1570 2737 1591 2738 1570 2738 1593 2738 1593 2739 1570 2739 1569 2739 1569 2740 1567 2740 1565 2740 1565 2741 1395 2741 1642 2741 1504 2742 1421 2742 1650 2742 1648 2743 1651 2743 1649 2743 1649 2744 1651 2744 1652 2744 1649 2745 1652 2745 1653 2745 1504 2746 1650 2746 1648 2746 1648 2747 1650 2747 1651 2747 1649 2748 1653 2748 1570 2748 1570 2749 1653 2749 1571 2749 1570 2750 1571 2750 1392 2750 1395 2751 1397 2751 1642 2751 1642 2752 1397 2752 1563 2752 1642 2753 1563 2753 1559 2753 1642 2754 1559 2754 1644 2754 1644 2755 1559 2755 1557 2755 1644 2756 1557 2756 1646 2756 1646 2757 1557 2757 1553 2757 1646 2758 1553 2758 1555 2758 1547 2759 1544 2759 1546 2759 1641 2760 1547 2760 1548 2760 1641 2761 1548 2761 1654 2761 1641 2762 1654 2762 1542 2762 1542 2763 1654 2763 1543 2763 1650 2764 1421 2764 1573 2764 1650 2765 1573 2765 1651 2765 1651 2766 1573 2766 1581 2766 1651 2767 1581 2767 1652 2767 1652 2768 1581 2768 1578 2768 1652 2769 1578 2769 1653 2769 1653 2770 1578 2770 1576 2770 1653 2771 1576 2771 1571 2771 1571 2772 1576 2772 1574 2772 1571 2773 1574 2773 1389 2773 1622 2774 1423 2774 1621 2774 1619 2775 1617 2775 1620 2775 1349 2776 1623 2776 1423 2776 1423 2777 1622 2777 1630 2777 1630 2778 1427 2778 1423 2778 1350 2779 1620 2779 1622 2779 1622 2780 1620 2780 1632 2780 1622 2781 1632 2781 1630 2781 1617 2782 1372 2782 1371 2782 1617 2783 1371 2783 1635 2783 1617 2784 1635 2784 1620 2784 1620 2785 1635 2785 1632 2785 1364 2786 1354 2786 1616 2786 1616 2787 1354 2787 1614 2787 1426 2788 1427 2788 1630 2788 1655 2789 427 2789 1608 2789 1655 2790 1608 2790 1611 2790 1611 2791 1608 2791 1609 2791 1390 2792 1656 2792 1407 2792 1657 2793 1399 2793 1404 2793 1658 2794 1400 2794 1399 2794 1657 2795 1658 2795 1399 2795 1501 2796 1408 2796 1324 2796 1659 2797 1410 2797 1411 2797 1412 2798 1286 2798 1287 2798 1332 2799 1410 2799 1498 2799 1660 2800 1497 2800 1496 2800 1496 2801 1528 2801 1529 2801 1413 2802 1412 2802 1661 2802 1414 2803 1662 2803 1415 2803 1466 2804 1293 2804 1415 2804 1400 2805 1658 2805 1564 2805 1360 2806 1541 2806 1537 2806 1536 2807 1537 2807 1663 2807 1540 2808 1369 2808 1539 2808 1664 2809 1575 2809 1577 2809 1664 2810 1665 2810 1575 2810 1577 2811 1579 2811 1664 2811 1665 2812 1572 2812 1575 2812 1665 2813 1656 2813 1572 2813 1572 2814 1656 2814 1390 2814 1656 2815 1666 2815 1407 2815 1658 2816 1667 2816 1668 2816 1532 2817 1424 2817 1669 2817 1522 2818 1521 2818 1670 2818 1670 2819 1521 2819 1671 2819 1671 2820 1521 2820 1535 2820 1671 2821 1535 2821 1672 2821 1672 2822 1535 2822 1534 2822 1672 2823 1534 2823 1533 2823 1672 2824 1533 2824 1673 2824 1673 2825 1533 2825 1532 2825 1673 2826 1532 2826 1669 2826 1674 2827 1502 2827 1675 2827 1675 2828 1502 2828 1524 2828 1675 2829 1524 2829 1676 2829 1676 2830 1524 2830 1522 2830 1676 2831 1522 2831 1677 2831 1677 2832 1522 2832 1670 2832 1659 2833 1408 2833 1678 2833 1678 2834 1408 2834 1674 2834 1674 2835 1408 2835 1501 2835 1674 2836 1501 2836 1502 2836 1678 2837 1498 2837 1410 2837 1678 2838 1410 2838 1659 2838 1529 2839 1498 2839 1679 2839 1679 2840 1498 2840 1678 2840 1680 2841 1529 2841 1679 2841 1681 2842 1682 2842 1496 2842 1681 2843 1496 2843 1680 2843 1680 2844 1496 2844 1529 2844 1682 2845 1683 2845 1660 2845 1682 2846 1660 2846 1496 2846 1683 2847 1684 2847 1497 2847 1683 2848 1497 2848 1660 2848 1685 2849 1494 2849 1684 2849 1684 2850 1494 2850 1497 2850 1686 2851 1492 2851 1685 2851 1685 2852 1492 2852 1494 2852 1687 2853 1491 2853 1686 2853 1686 2854 1491 2854 1492 2854 1418 2855 1491 2855 1688 2855 1688 2856 1491 2856 1687 2856 1689 2857 1690 2857 1490 2857 1490 2858 1418 2858 1689 2858 1689 2859 1418 2859 1688 2859 1490 2860 1690 2860 1488 2860 1488 2861 1690 2861 1691 2861 1488 2862 1691 2862 1489 2862 1489 2863 1691 2863 1692 2863 1489 2864 1692 2864 1487 2864 1487 2865 1692 2865 1693 2865 1487 2866 1693 2866 1485 2866 1485 2867 1693 2867 1694 2867 1485 2868 1694 2868 1287 2868 1287 2869 1694 2869 1695 2869 1412 2870 1287 2870 1661 2870 1661 2871 1287 2871 1695 2871 1661 2872 1695 2872 1696 2872 1466 2873 1415 2873 1697 2873 1697 2874 1415 2874 1698 2874 1698 2875 1415 2875 1662 2875 1698 2876 1662 2876 1696 2876 1698 2877 1696 2877 1695 2877 1466 2878 1697 2878 1699 2878 1466 2879 1699 2879 1476 2879 1476 2880 1699 2880 1474 2880 1474 2881 1699 2881 1700 2881 1474 2882 1700 2882 1473 2882 1473 2883 1700 2883 1701 2883 1473 2884 1701 2884 1472 2884 1472 2885 1701 2885 1702 2885 1472 2886 1702 2886 1470 2886 1702 2887 1703 2887 1470 2887 1470 2888 1703 2888 1468 2888 1468 2889 1703 2889 1704 2889 1468 2890 1704 2890 1467 2890 1467 2891 1704 2891 1420 2891 1705 2892 1656 2892 1665 2892 1633 2893 1669 2893 1424 2893 1624 2894 1706 2894 1707 2894 1666 2895 1656 2895 1705 2895 1705 2896 1668 2896 1666 2896 1668 2897 1705 2897 1708 2897 1668 2898 1708 2898 1658 2898 1658 2899 1708 2899 1564 2899 1564 2900 1708 2900 1709 2900 1564 2901 1709 2901 1562 2901 1710 2902 1711 2902 1561 2902 1710 2903 1561 2903 1709 2903 1709 2904 1561 2904 1562 2904 1711 2905 1712 2905 1560 2905 1711 2906 1560 2906 1561 2906 1712 2907 1713 2907 1558 2907 1712 2908 1558 2908 1560 2908 1713 2909 1714 2909 1556 2909 1713 2910 1556 2910 1558 2910 1714 2911 1715 2911 1554 2911 1714 2912 1554 2912 1556 2912 1716 2913 1552 2913 1715 2913 1715 2914 1552 2914 1554 2914 1552 2915 1716 2915 1549 2915 1549 2916 1716 2916 1717 2916 1549 2917 1717 2917 1545 2917 1545 2918 1717 2918 1718 2918 1545 2919 1718 2919 1546 2919 1546 2920 1718 2920 1719 2920 1546 2921 1719 2921 1548 2921 1548 2922 1719 2922 1720 2922 1548 2923 1720 2923 1654 2923 1654 2924 1720 2924 1721 2924 1654 2925 1721 2925 1543 2925 1543 2926 1721 2926 1722 2926 1543 2927 1722 2927 1541 2927 1541 2928 1722 2928 1723 2928 1724 2929 1663 2929 1723 2929 1723 2930 1663 2930 1537 2930 1723 2931 1537 2931 1541 2931 1539 2932 1725 2932 1724 2932 1724 2933 1725 2933 1663 2933 1539 2934 1724 2934 1726 2934 1539 2935 1726 2935 1540 2935 1540 2936 1726 2936 1727 2936 1540 2937 1727 2937 1629 2937 1629 2938 1727 2938 1636 2938 1636 2939 1727 2939 1728 2939 1636 2940 1728 2940 1637 2940 1637 2941 1728 2941 1729 2941 1637 2942 1729 2942 1628 2942 1628 2943 1729 2943 1626 2943 1706 2944 1624 2944 1626 2944 1706 2945 1626 2945 1729 2945 1669 2946 1633 2946 1730 2946 1730 2947 1633 2947 1631 2947 1730 2948 1631 2948 1707 2948 1707 2949 1631 2949 1624 2949 1665 2950 1731 2950 1705 2950 1731 2951 1665 2951 1732 2951 1732 2952 1665 2952 1664 2952 1732 2953 1664 2953 1733 2953 1733 2954 1664 2954 1579 2954 1733 2955 1579 2955 1734 2955 1734 2956 1579 2956 1735 2956 1735 2957 1579 2957 1580 2957 1735 2958 1580 2958 1582 2958 1735 2959 1582 2959 1736 2959 1736 2960 1582 2960 1583 2960 1736 2961 1583 2961 1737 2961 1737 2962 1583 2962 1584 2962 1737 2963 1584 2963 1738 2963 1420 2964 1704 2964 1584 2964 1584 2965 1704 2965 1738 2965 1677 2966 1739 2966 1676 2966 1704 2967 1703 2967 1740 2967 1730 2968 1741 2968 1669 2968 1723 2969 1742 2969 1724 2969 1743 2970 1744 2970 1745 2970 1746 2971 1747 2971 1748 2971 1749 2972 1750 2972 1751 2972 1752 2973 1747 2973 1753 2973 1753 2974 1747 2974 1746 2974 1754 2975 1750 2975 1755 2975 1754 2976 1756 2976 1757 2976 1757 2977 1756 2977 1758 2977 1757 2978 1758 2978 1759 2978 1759 2979 1758 2979 1760 2979 1759 2980 1760 2980 1761 2980 1761 2981 1762 2981 1763 2981 1763 2982 1762 2982 1764 2982 1763 2983 1764 2983 1765 2983 1766 2984 1767 2984 1768 2984 1669 2985 1741 2985 1769 2985 1669 2986 1769 2986 1770 2986 1669 2987 1770 2987 1673 2987 1673 2988 1770 2988 1771 2988 1673 2989 1771 2989 1672 2989 1672 2990 1771 2990 1772 2990 1672 2991 1772 2991 1671 2991 1671 2992 1772 2992 1670 2992 1670 2993 1772 2993 1677 2993 1773 2994 1774 2994 1767 2994 1773 2995 1767 2995 1775 2995 1776 2996 1777 2996 1756 2996 1776 2997 1756 2997 1778 2997 1778 2998 1756 2998 1755 2998 1778 2999 1755 2999 1779 2999 1779 3000 1755 3000 1749 3000 1779 3001 1749 3001 1780 3001 1780 3002 1749 3002 1781 3002 1780 3003 1781 3003 1782 3003 1782 3004 1781 3004 1753 3004 1782 3005 1753 3005 1783 3005 1783 3006 1753 3006 1746 3006 1783 3007 1746 3007 1784 3007 1784 3008 1746 3008 1785 3008 1784 3009 1785 3009 1786 3009 1786 3010 1785 3010 1787 3010 1786 3011 1787 3011 1788 3011 1788 3012 1787 3012 1789 3012 1788 3013 1789 3013 1790 3013 1790 3014 1789 3014 1791 3014 1790 3015 1791 3015 1792 3015 1792 3016 1791 3016 1793 3016 1792 3017 1793 3017 1794 3017 1794 3018 1793 3018 1795 3018 1794 3019 1795 3019 1796 3019 1796 3020 1795 3020 1797 3020 1796 3021 1797 3021 1798 3021 1798 3022 1797 3022 1799 3022 1798 3023 1799 3023 1800 3023 1800 3024 1799 3024 1801 3024 1800 3025 1801 3025 1802 3025 1802 3026 1801 3026 1803 3026 1802 3027 1803 3027 1804 3027 1804 3028 1803 3028 1805 3028 1804 3029 1805 3029 1806 3029 1807 3030 1808 3030 1809 3030 1807 3031 1809 3031 1810 3031 1811 3032 1810 3032 1812 3032 1811 3033 1812 3033 1813 3033 1814 3034 1813 3034 1815 3034 1774 3035 1768 3035 1767 3035 1775 3036 1767 3036 1765 3036 1775 3037 1765 3037 1816 3037 1816 3038 1765 3038 1764 3038 1816 3039 1764 3039 1817 3039 1817 3040 1764 3040 1762 3040 1817 3041 1762 3041 1818 3041 1818 3042 1762 3042 1760 3042 1818 3043 1760 3043 1777 3043 1777 3044 1760 3044 1758 3044 1777 3045 1758 3045 1756 3045 1806 3046 1805 3046 1819 3046 1806 3047 1819 3047 1820 3047 1820 3048 1819 3048 1821 3048 1820 3049 1821 3049 1822 3049 1822 3050 1821 3050 1823 3050 1822 3051 1823 3051 1808 3051 1808 3052 1823 3052 1824 3052 1808 3053 1824 3053 1809 3053 1810 3054 1809 3054 1825 3054 1810 3055 1825 3055 1812 3055 1813 3056 1812 3056 1826 3056 1813 3057 1826 3057 1815 3057 1760 3058 1762 3058 1761 3058 1756 3059 1754 3059 1755 3059 1755 3060 1750 3060 1749 3060 1781 3061 1749 3061 1751 3061 1781 3062 1751 3062 1752 3062 1781 3063 1752 3063 1753 3063 1746 3064 1748 3064 1785 3064 1785 3065 1748 3065 1827 3065 1785 3066 1827 3066 1787 3066 1787 3067 1827 3067 1828 3067 1787 3068 1828 3068 1789 3068 1789 3069 1828 3069 1829 3069 1789 3070 1829 3070 1791 3070 1791 3071 1829 3071 1830 3071 1791 3072 1830 3072 1793 3072 1793 3073 1830 3073 1831 3073 1793 3074 1831 3074 1795 3074 1795 3075 1831 3075 1745 3075 1795 3076 1745 3076 1797 3076 1797 3077 1745 3077 1744 3077 1797 3078 1744 3078 1799 3078 1799 3079 1744 3079 1801 3079 1801 3080 1744 3080 1832 3080 1801 3081 1832 3081 1803 3081 1803 3082 1832 3082 1833 3082 1803 3083 1833 3083 1805 3083 1805 3084 1833 3084 1834 3084 1805 3085 1834 3085 1819 3085 1819 3086 1834 3086 1835 3086 1819 3087 1835 3087 1821 3087 1821 3088 1835 3088 1836 3088 1821 3089 1836 3089 1823 3089 1809 3090 1824 3090 1837 3090 1809 3091 1837 3091 1825 3091 1825 3092 1838 3092 1812 3092 1812 3093 1838 3093 1839 3093 1812 3094 1839 3094 1826 3094 1771 3095 1770 3095 1840 3095 1771 3096 1840 3096 1841 3096 1771 3097 1841 3097 1772 3097 1772 3098 1841 3098 1842 3098 1772 3099 1842 3099 1677 3099 1677 3100 1842 3100 1843 3100 1677 3101 1843 3101 1739 3101 1739 3102 1843 3102 1844 3102 1739 3103 1844 3103 1676 3103 1676 3104 1844 3104 1675 3104 1675 3105 1844 3105 1845 3105 1675 3106 1845 3106 1674 3106 1674 3107 1845 3107 1846 3107 1674 3108 1846 3108 1678 3108 1678 3109 1846 3109 1679 3109 1769 3110 1847 3110 1770 3110 1770 3111 1847 3111 1773 3111 1770 3112 1773 3112 1840 3112 1846 3113 1845 3113 1778 3113 1846 3114 1778 3114 1779 3114 1846 3115 1779 3115 1679 3115 1679 3116 1779 3116 1780 3116 1679 3117 1780 3117 1680 3117 1680 3118 1780 3118 1782 3118 1680 3119 1782 3119 1681 3119 1681 3120 1782 3120 1783 3120 1681 3121 1783 3121 1682 3121 1682 3122 1783 3122 1683 3122 1683 3123 1783 3123 1784 3123 1683 3124 1784 3124 1684 3124 1684 3125 1784 3125 1786 3125 1684 3126 1786 3126 1685 3126 1685 3127 1786 3127 1788 3127 1685 3128 1788 3128 1686 3128 1686 3129 1788 3129 1790 3129 1686 3130 1790 3130 1687 3130 1687 3131 1790 3131 1792 3131 1687 3132 1792 3132 1688 3132 1688 3133 1792 3133 1794 3133 1688 3134 1794 3134 1689 3134 1689 3135 1794 3135 1690 3135 1690 3136 1794 3136 1796 3136 1690 3137 1796 3137 1691 3137 1691 3138 1796 3138 1798 3138 1691 3139 1798 3139 1692 3139 1692 3140 1798 3140 1800 3140 1692 3141 1800 3141 1693 3141 1693 3142 1800 3142 1802 3142 1693 3143 1802 3143 1694 3143 1694 3144 1802 3144 1804 3144 1694 3145 1804 3145 1695 3145 1695 3146 1804 3146 1848 3146 1695 3147 1848 3147 1698 3147 1698 3148 1848 3148 1697 3148 1697 3149 1848 3149 1849 3149 1697 3150 1849 3150 1699 3150 1699 3151 1849 3151 1700 3151 1700 3152 1849 3152 1850 3152 1700 3153 1850 3153 1701 3153 1701 3154 1850 3154 1702 3154 1702 3155 1850 3155 1703 3155 1703 3156 1850 3156 1851 3156 1740 3157 1703 3157 1851 3157 1740 3158 1851 3158 1852 3158 1740 3159 1852 3159 1704 3159 1704 3160 1852 3160 1853 3160 1847 3161 1774 3161 1773 3161 1840 3162 1773 3162 1775 3162 1840 3163 1775 3163 1841 3163 1841 3164 1775 3164 1816 3164 1841 3165 1816 3165 1842 3165 1842 3166 1816 3166 1817 3166 1842 3167 1817 3167 1843 3167 1843 3168 1817 3168 1818 3168 1843 3169 1818 3169 1844 3169 1844 3170 1818 3170 1777 3170 1844 3171 1777 3171 1845 3171 1845 3172 1777 3172 1776 3172 1845 3173 1776 3173 1778 3173 1848 3174 1804 3174 1806 3174 1848 3175 1806 3175 1820 3175 1848 3176 1820 3176 1849 3176 1849 3177 1820 3177 1822 3177 1849 3178 1822 3178 1808 3178 1849 3179 1808 3179 1850 3179 1850 3180 1808 3180 1807 3180 1850 3181 1807 3181 1810 3181 1850 3182 1810 3182 1851 3182 1851 3183 1810 3183 1811 3183 1851 3184 1811 3184 1852 3184 1852 3185 1811 3185 1813 3185 1852 3186 1813 3186 1853 3186 1853 3187 1813 3187 1814 3187 1738 3188 1704 3188 1853 3188 1738 3189 1853 3189 1854 3189 1738 3190 1854 3190 1737 3190 1737 3191 1854 3191 1736 3191 1736 3192 1854 3192 1735 3192 1735 3193 1854 3193 1855 3193 1735 3194 1855 3194 1734 3194 1734 3195 1855 3195 1733 3195 1733 3196 1855 3196 1856 3196 1733 3197 1856 3197 1732 3197 1732 3198 1856 3198 1731 3198 1731 3199 1856 3199 1857 3199 1731 3200 1857 3200 1705 3200 1705 3201 1857 3201 1858 3201 1705 3202 1858 3202 1708 3202 1708 3203 1858 3203 1709 3203 1709 3204 1858 3204 1859 3204 1709 3205 1859 3205 1710 3205 1710 3206 1859 3206 1860 3206 1710 3207 1860 3207 1711 3207 1711 3208 1860 3208 1861 3208 1711 3209 1861 3209 1712 3209 1712 3210 1861 3210 1862 3210 1712 3211 1862 3211 1713 3211 1713 3212 1862 3212 1863 3212 1713 3213 1863 3213 1714 3213 1714 3214 1863 3214 1864 3214 1714 3215 1864 3215 1715 3215 1715 3216 1864 3216 1865 3216 1715 3217 1865 3217 1716 3217 1716 3218 1865 3218 1866 3218 1716 3219 1866 3219 1717 3219 1717 3220 1866 3220 1867 3220 1717 3221 1867 3221 1718 3221 1727 3222 1868 3222 1728 3222 1728 3223 1868 3223 1869 3223 1728 3224 1869 3224 1729 3224 1729 3225 1869 3225 1870 3225 1729 3226 1870 3226 1706 3226 1870 3227 1871 3227 1706 3227 1706 3228 1871 3228 1707 3228 1707 3229 1871 3229 1872 3229 1707 3230 1872 3230 1730 3230 1730 3231 1872 3231 1741 3231 1873 3232 1847 3232 1769 3232 1874 3233 1774 3233 1847 3233 1875 3234 1768 3234 1774 3234 1875 3235 1876 3235 1768 3235 1876 3236 1875 3236 1877 3236 1878 3237 1879 3237 1880 3237 1880 3238 1879 3238 1881 3238 1881 3239 1882 3239 1880 3239 1880 3240 1882 3240 1883 3240 1883 3241 1882 3241 1884 3241 1883 3242 1884 3242 1885 3242 1885 3243 1884 3243 1886 3243 1886 3244 1884 3244 1887 3244 1888 3245 1889 3245 1887 3245 1887 3246 1889 3246 1886 3246 1889 3247 1888 3247 1890 3247 1889 3248 1890 3248 1891 3248 1892 3249 1891 3249 1890 3249 1891 3250 1892 3250 1893 3250 1891 3251 1893 3251 1894 3251 1894 3252 1893 3252 1895 3252 1894 3253 1895 3253 1896 3253 1894 3254 1896 3254 1897 3254 1898 3255 1899 3255 1896 3255 1896 3256 1899 3256 1897 3256 1900 3257 1901 3257 1902 3257 1903 3258 1904 3258 1905 3258 1906 3259 1907 3259 1908 3259 1908 3260 1907 3260 1909 3260 1908 3261 1909 3261 1910 3261 1910 3262 1909 3262 1911 3262 1910 3263 1911 3263 1912 3263 1912 3264 1911 3264 1913 3264 1912 3265 1913 3265 1914 3265 1914 3266 1913 3266 1915 3266 1914 3267 1915 3267 1916 3267 1916 3268 1915 3268 1917 3268 1916 3269 1917 3269 1918 3269 1918 3270 1917 3270 1919 3270 1919 3271 1917 3271 1920 3271 1919 3272 1920 3272 1921 3272 1921 3273 1920 3273 1922 3273 1921 3274 1922 3274 1923 3274 1923 3275 1922 3275 1924 3275 1923 3276 1924 3276 1925 3276 1925 3277 1924 3277 1900 3277 1925 3278 1900 3278 1926 3278 1926 3279 1900 3279 1902 3279 1815 3280 1826 3280 1903 3280 1815 3281 1903 3281 1927 3281 1927 3282 1903 3282 1905 3282 1927 3283 1905 3283 1928 3283 1928 3284 1905 3284 1929 3284 1928 3285 1929 3285 1930 3285 1930 3286 1929 3286 1931 3286 1930 3287 1931 3287 1932 3287 1932 3288 1931 3288 1933 3288 1932 3289 1933 3289 1934 3289 1934 3290 1933 3290 1906 3290 1934 3291 1906 3291 1935 3291 1935 3292 1906 3292 1908 3292 1908 3293 1910 3293 1936 3293 1936 3294 1910 3294 1912 3294 1814 3295 1815 3295 1927 3295 1935 3296 1908 3296 1857 3296 1857 3297 1908 3297 1936 3297 1936 3298 1912 3298 1859 3298 1859 3299 1912 3299 1914 3299 1859 3300 1914 3300 1860 3300 1860 3301 1914 3301 1916 3301 1860 3302 1916 3302 1861 3302 1861 3303 1916 3303 1918 3303 1861 3304 1918 3304 1862 3304 1862 3305 1918 3305 1919 3305 1862 3306 1919 3306 1863 3306 1863 3307 1919 3307 1921 3307 1863 3308 1921 3308 1864 3308 1864 3309 1921 3309 1923 3309 1864 3310 1923 3310 1865 3310 1865 3311 1923 3311 1925 3311 1865 3312 1925 3312 1866 3312 1866 3313 1925 3313 1926 3313 1866 3314 1926 3314 1867 3314 1853 3315 1814 3315 1927 3315 1853 3316 1927 3316 1854 3316 1854 3317 1927 3317 1928 3317 1854 3318 1928 3318 1930 3318 1854 3319 1930 3319 1855 3319 1855 3320 1930 3320 1932 3320 1855 3321 1932 3321 1934 3321 1855 3322 1934 3322 1856 3322 1856 3323 1934 3323 1935 3323 1856 3324 1935 3324 1857 3324 1857 3325 1936 3325 1858 3325 1858 3326 1936 3326 1859 3326 1878 3327 1937 3327 1879 3327 1890 3328 1888 3328 1892 3328 1896 3329 1938 3329 1898 3329 1898 3330 1938 3330 1939 3330 1898 3331 1939 3331 1902 3331 1774 3332 1874 3332 1875 3332 1875 3333 1874 3333 1940 3333 1875 3334 1940 3334 1877 3334 1877 3335 1940 3335 1941 3335 1877 3336 1941 3336 1937 3336 1937 3337 1941 3337 1879 3337 1882 3338 1881 3338 1942 3338 1882 3339 1942 3339 1884 3339 1884 3340 1942 3340 1943 3340 1884 3341 1943 3341 1887 3341 1887 3342 1943 3342 1944 3342 1887 3343 1944 3343 1888 3343 1888 3344 1944 3344 1945 3344 1888 3345 1945 3345 1892 3345 1892 3346 1945 3346 1946 3346 1892 3347 1946 3347 1893 3347 1893 3348 1946 3348 1947 3348 1893 3349 1947 3349 1895 3349 1895 3350 1947 3350 1948 3350 1895 3351 1948 3351 1896 3351 1896 3352 1948 3352 1938 3352 1941 3353 1949 3353 1879 3353 1879 3354 1949 3354 1950 3354 1879 3355 1950 3355 1881 3355 1881 3356 1950 3356 1951 3356 1881 3357 1951 3357 1942 3357 1942 3358 1951 3358 1943 3358 1947 3359 1952 3359 1948 3359 1948 3360 1952 3360 1953 3360 1948 3361 1953 3361 1938 3361 1938 3362 1953 3362 1954 3362 1938 3363 1954 3363 1939 3363 1939 3364 1954 3364 1867 3364 1939 3365 1867 3365 1926 3365 1847 3366 1873 3366 1874 3366 1874 3367 1873 3367 1940 3367 1940 3368 1873 3368 1955 3368 1940 3369 1955 3369 1941 3369 1941 3370 1955 3370 1949 3370 1951 3371 1956 3371 1943 3371 1943 3372 1956 3372 1957 3372 1943 3373 1957 3373 1944 3373 1944 3374 1957 3374 1958 3374 1944 3375 1958 3375 1945 3375 1945 3376 1958 3376 1959 3376 1945 3377 1959 3377 1946 3377 1946 3378 1959 3378 1960 3378 1946 3379 1960 3379 1947 3379 1947 3380 1960 3380 1952 3380 1955 3381 1870 3381 1949 3381 1949 3382 1870 3382 1869 3382 1949 3383 1869 3383 1950 3383 1950 3384 1869 3384 1868 3384 1950 3385 1868 3385 1951 3385 1951 3386 1868 3386 1956 3386 1960 3387 1721 3387 1952 3387 1952 3388 1721 3388 1720 3388 1952 3389 1720 3389 1953 3389 1953 3390 1720 3390 1719 3390 1953 3391 1719 3391 1954 3391 1954 3392 1719 3392 1718 3392 1954 3393 1718 3393 1867 3393 1769 3394 1741 3394 1872 3394 1769 3395 1872 3395 1873 3395 1873 3396 1872 3396 1871 3396 1873 3397 1871 3397 1955 3397 1955 3398 1871 3398 1870 3398 1868 3399 1727 3399 1956 3399 1956 3400 1727 3400 1726 3400 1956 3401 1726 3401 1957 3401 1957 3402 1726 3402 1724 3402 1957 3403 1724 3403 1958 3403 1958 3404 1724 3404 1742 3404 1958 3405 1742 3405 1959 3405 1959 3406 1742 3406 1723 3406 1959 3407 1723 3407 1722 3407 1959 3408 1722 3408 1960 3408 1960 3409 1722 3409 1721 3409 1939 3410 1926 3410 1902 3410 1961 3411 1900 3411 1924 3411 1961 3412 1924 3412 1922 3412 1961 3413 1922 3413 1962 3413 1962 3414 1922 3414 1963 3414 1963 3415 1922 3415 1920 3415 1963 3416 1920 3416 1964 3416 1964 3417 1920 3417 1917 3417 1964 3418 1917 3418 1965 3418 1965 3419 1917 3419 1966 3419 1966 3420 1917 3420 1967 3420 1967 3421 1917 3421 1915 3421 1967 3422 1915 3422 1968 3422 1968 3423 1915 3423 1969 3423 1969 3424 1915 3424 1913 3424 1969 3425 1913 3425 1970 3425 1970 3426 1913 3426 1971 3426 1971 3427 1913 3427 1972 3427 1972 3428 1913 3428 1911 3428 1972 3429 1911 3429 1973 3429 1973 3430 1911 3430 1974 3430 1974 3431 1911 3431 1975 3431 1975 3432 1911 3432 1909 3432 1975 3433 1909 3433 1907 3433 1975 3434 1907 3434 1976 3434 1976 3435 1907 3435 1906 3435 1976 3436 1906 3436 1977 3436 1977 3437 1906 3437 1978 3437 1978 3438 1906 3438 1933 3438 1978 3439 1933 3439 1979 3439 1979 3440 1933 3440 1931 3440 1979 3441 1931 3441 1980 3441 1980 3442 1931 3442 1981 3442 1981 3443 1931 3443 1929 3443 1981 3444 1929 3444 1982 3444 1982 3445 1929 3445 1983 3445 1983 3446 1929 3446 1905 3446 1983 3447 1905 3447 1984 3447 1984 3448 1905 3448 1904 3448 1984 3449 1904 3449 1985 3449 1985 3450 1904 3450 1986 3450 1986 3451 1904 3451 1903 3451 1986 3452 1903 3452 1987 3452 1987 3453 1903 3453 1826 3453 1987 3454 1826 3454 1988 3454 1988 3455 1826 3455 1839 3455 1988 3456 1839 3456 1989 3456 1989 3457 1839 3457 1990 3457 1990 3458 1839 3458 1838 3458 1990 3459 1838 3459 1991 3459 1991 3460 1838 3460 1825 3460 1991 3461 1825 3461 1992 3461 1992 3462 1825 3462 1837 3462 1992 3463 1837 3463 1993 3463 1993 3464 1837 3464 1824 3464 1993 3465 1824 3465 1994 3465 1994 3466 1824 3466 1823 3466 1994 3467 1823 3467 1995 3467 1995 3468 1823 3468 1836 3468 1995 3469 1836 3469 1996 3469 1996 3470 1836 3470 1835 3470 1996 3471 1835 3471 1997 3471 1997 3472 1835 3472 1834 3472 1997 3473 1834 3473 1998 3473 1834 3474 1833 3474 1998 3474 1998 3475 1833 3475 1999 3475 1999 3476 1833 3476 2000 3476 2000 3477 1833 3477 1832 3477 2000 3478 1832 3478 2001 3478 2001 3479 1832 3479 2002 3479 2002 3480 1832 3480 1744 3480 1743 3481 2003 3481 1744 3481 1744 3482 2003 3482 2002 3482 2003 3483 1743 3483 2004 3483 2004 3484 1743 3484 1745 3484 2004 3485 1745 3485 2005 3485 2005 3486 1745 3486 1831 3486 2005 3487 1831 3487 2006 3487 2006 3488 1831 3488 1830 3488 2006 3489 1830 3489 2007 3489 2007 3490 1830 3490 2008 3490 2008 3491 1830 3491 1829 3491 1961 3492 2009 3492 1900 3492 2010 3493 1899 3493 1898 3493 2010 3494 1898 3494 1902 3494 2011 3495 1891 3495 2012 3495 2012 3496 1891 3496 1894 3496 1889 3497 1891 3497 2011 3497 1878 3498 2013 3498 2014 3498 1878 3499 2014 3499 1937 3499 1937 3500 2014 3500 1876 3500 1937 3501 1876 3501 1877 3501 1876 3502 2015 3502 1768 3502 2016 3503 1889 3503 2017 3503 2016 3504 2017 3504 2018 3504 2017 3505 2019 3505 2020 3505 2021 3506 1894 3506 2022 3506 2022 3507 1894 3507 1897 3507 1899 3508 2023 3508 1897 3508 1897 3509 2023 3509 2022 3509 1899 3510 2024 3510 2023 3510 2010 3511 2025 3511 1899 3511 1899 3512 2025 3512 2024 3512 2012 3513 1894 3513 2021 3513 2012 3514 2021 3514 2019 3514 2012 3515 2019 3515 2011 3515 2011 3516 2019 3516 2017 3516 2011 3517 2017 3517 1889 3517 1886 3518 1889 3518 2026 3518 1886 3519 2026 3519 2027 3519 1886 3520 2027 3520 1885 3520 1885 3521 2027 3521 2028 3521 1885 3522 2028 3522 1883 3522 1880 3523 2029 3523 1878 3523 1878 3524 2029 3524 2030 3524 1878 3525 2030 3525 2013 3525 1900 3526 2009 3526 1901 3526 1901 3527 2009 3527 2031 3527 1901 3528 2031 3528 1902 3528 1902 3529 2031 3529 2032 3529 1902 3530 2032 3530 2010 3530 2010 3531 2032 3531 2025 3531 2033 3532 1768 3532 2015 3532 2034 3533 2029 3533 1880 3533 2034 3534 1880 3534 2035 3534 2035 3535 1880 3535 2036 3535 2036 3536 1880 3536 1883 3536 2036 3537 1883 3537 2028 3537 2026 3538 1889 3538 2016 3538 1768 3539 2033 3539 1766 3539 1767 3540 1766 3540 2037 3540 1767 3541 2037 3541 1765 3541 1765 3542 2037 3542 2038 3542 2038 3543 2039 3543 1765 3543 1765 3544 2039 3544 1763 3544 1828 3545 2040 3545 1829 3545 2041 3546 1748 3546 2042 3546 2042 3547 1748 3547 2043 3547 2044 3548 2045 3548 2046 3548 2047 3549 1757 3549 2048 3549 2048 3550 1757 3550 2049 3550 1763 3551 2039 3551 2050 3551 1763 3552 2050 3552 2051 3552 1763 3553 2051 3553 1761 3553 1761 3554 2051 3554 2052 3554 1761 3555 2052 3555 2053 3555 1761 3556 2053 3556 2054 3556 1761 3557 2054 3557 1759 3557 1759 3558 2054 3558 2049 3558 2043 3559 1748 3559 1747 3559 2043 3560 1747 3560 2055 3560 2055 3561 1747 3561 1752 3561 1757 3562 1759 3562 2049 3562 1754 3563 1757 3563 2047 3563 1754 3564 2047 3564 2044 3564 1754 3565 2044 3565 1750 3565 1750 3566 2044 3566 2046 3566 1750 3567 2046 3567 1751 3567 1751 3568 2046 3568 2056 3568 1751 3569 2056 3569 2057 3569 1751 3570 2057 3570 2058 3570 1751 3571 2058 3571 1752 3571 1752 3572 2058 3572 2059 3572 1752 3573 2059 3573 2055 3573 1828 3574 1827 3574 2060 3574 1828 3575 2060 3575 2061 3575 2061 3576 2040 3576 1828 3576 2041 3577 2060 3577 1827 3577 2041 3578 1827 3578 1748 3578 2008 3579 1829 3579 2040 3579 1989 3580 1990 3580 2062 3580 1992 3581 1993 3581 2063 3581 1995 3582 1996 3582 2064 3582 1998 3583 1999 3583 2065 3583 2066 3584 2002 3584 2003 3584 2067 3585 2005 3585 2006 3585 1974 3586 1975 3586 2068 3586 2068 3587 1975 3587 1976 3587 1987 3588 1988 3588 2069 3588 2069 3589 1988 3589 1989 3589 2062 3590 1990 3590 1991 3590 2062 3591 1991 3591 2070 3591 2070 3592 1991 3592 1992 3592 2063 3593 1993 3593 1994 3593 2063 3594 1994 3594 2071 3594 2071 3595 1994 3595 1995 3595 2064 3596 1996 3596 1997 3596 2064 3597 1997 3597 2072 3597 2072 3598 1997 3598 1998 3598 2065 3599 1999 3599 2000 3599 2066 3600 2003 3600 2004 3600 2067 3601 2006 3601 2007 3601 2009 3602 1961 3602 1962 3602 1963 3603 1964 3603 1965 3603 1965 3604 1966 3604 1967 3604 1967 3605 1968 3605 1969 3605 1969 3606 1970 3606 1971 3606 1971 3607 1972 3607 1973 3607 2068 3608 1976 3608 1977 3608 1978 3609 1979 3609 1980 3609 1980 3610 1981 3610 1982 3610 1982 3611 1983 3611 1984 3611 1984 3612 1985 3612 1986 3612 1986 3613 1987 3613 2069 3613 2069 3614 1989 3614 2062 3614 2070 3615 1992 3615 2063 3615 2071 3616 1995 3616 2064 3616 2072 3617 1998 3617 2065 3617 2065 3618 2000 3618 2001 3618 2001 3619 2002 3619 2066 3619 2004 3620 2005 3620 2067 3620 2023 3621 2021 3621 2022 3621 2025 3622 2073 3622 2024 3622 2020 3623 2018 3623 2017 3623 2074 3624 2028 3624 2027 3624 2074 3625 2027 3625 2026 3625 2016 3626 2018 3626 2075 3626 2075 3627 2074 3627 2026 3627 2075 3628 2026 3628 2016 3628 2034 3629 2035 3629 2036 3629 2034 3630 2030 3630 2029 3630 2030 3631 2014 3631 2013 3631 2014 3632 2015 3632 1876 3632 2073 3633 2025 3633 2032 3633 2032 3634 2031 3634 2073 3634 2028 3635 2074 3635 2036 3635 2061 3636 2008 3636 2040 3636 2057 3637 2059 3637 2058 3637 2045 3638 2056 3638 2046 3638 2042 3639 2043 3639 2055 3639 2042 3640 2076 3640 2041 3640 2076 3641 2061 3641 2060 3641 2039 3642 2038 3642 2037 3642 2033 3643 2037 3643 1766 3643 2051 3644 2053 3644 2052 3644 2039 3645 2051 3645 2050 3645 2077 3646 2048 3646 2049 3646 2053 3647 2077 3647 2054 3647 2054 3648 2077 3648 2049 3648 2048 3649 2045 3649 2047 3649 2060 3650 2041 3650 2076 3650 2047 3651 2045 3651 2044 3651 2037 3652 2078 3652 2039 3652 2079 3653 2080 3653 2015 3653 2015 3654 2080 3654 2033 3654 2033 3655 2080 3655 2037 3655 2037 3656 2080 3656 2078 3656 2039 3657 2078 3657 2051 3657 2081 3658 2082 3658 2059 3658 2079 3659 2015 3659 2014 3659 2079 3660 2014 3660 2083 3660 2083 3661 2014 3661 2084 3661 2084 3662 2014 3662 2030 3662 2084 3663 2030 3663 2034 3663 2078 3664 2085 3664 2051 3664 2051 3665 2085 3665 2053 3665 2081 3666 2057 3666 2086 3666 2081 3667 2059 3667 2057 3667 2034 3668 2036 3668 2084 3668 2084 3669 2036 3669 2087 3669 2053 3670 2085 3670 2077 3670 2077 3671 2085 3671 2088 3671 2077 3672 2088 3672 2048 3672 2048 3673 2088 3673 2089 3673 2048 3674 2089 3674 2045 3674 2045 3675 2089 3675 2056 3675 2056 3676 2089 3676 2086 3676 2056 3677 2086 3677 2057 3677 2036 3678 2074 3678 2087 3678 2087 3679 2074 3679 2090 3679 2073 3680 2091 3680 2024 3680 2024 3681 2091 3681 2092 3681 2024 3682 2092 3682 2023 3682 2023 3683 2092 3683 2093 3683 2023 3684 2093 3684 2021 3684 2021 3685 2093 3685 2094 3685 2021 3686 2094 3686 2019 3686 2018 3687 2095 3687 2075 3687 2095 3688 2090 3688 2075 3688 2075 3689 2090 3689 2074 3689 2019 3690 2094 3690 2020 3690 2020 3691 2094 3691 2095 3691 2020 3692 2095 3692 2018 3692 2082 3693 2055 3693 2059 3693 1978 3694 2096 3694 1977 3694 2068 3695 2097 3695 1974 3695 1965 3696 2098 3696 1963 3696 1974 3697 2097 3697 1973 3697 1973 3698 2097 3698 2099 3698 1973 3699 2099 3699 1971 3699 1971 3700 2099 3700 2100 3700 1971 3701 2100 3701 1969 3701 1969 3702 2100 3702 1967 3702 1967 3703 2100 3703 2101 3703 1967 3704 2101 3704 1965 3704 1965 3705 2101 3705 2098 3705 2073 3706 2031 3706 2091 3706 2091 3707 2031 3707 2102 3707 2102 3708 2031 3708 2009 3708 2102 3709 2009 3709 1962 3709 2102 3710 1962 3710 2098 3710 2098 3711 1962 3711 1963 3711 2082 3712 2103 3712 2055 3712 2055 3713 2103 3713 2042 3713 2065 3714 2104 3714 2105 3714 2064 3715 2106 3715 2071 3715 2071 3716 2106 3716 2107 3716 2071 3717 2107 3717 2063 3717 2063 3718 2107 3718 2108 3718 2063 3719 2108 3719 2109 3719 2063 3720 2109 3720 2070 3720 2070 3721 2109 3721 2110 3721 2070 3722 2110 3722 2062 3722 2062 3723 2110 3723 2111 3723 2062 3724 2111 3724 2069 3724 2069 3725 2111 3725 2112 3725 2069 3726 2112 3726 1986 3726 1986 3727 2112 3727 2113 3727 1986 3728 2113 3728 1984 3728 1984 3729 2113 3729 2114 3729 1984 3730 2114 3730 1982 3730 1982 3731 2114 3731 1980 3731 1980 3732 2114 3732 2096 3732 1980 3733 2096 3733 1978 3733 2096 3734 2097 3734 1977 3734 1977 3735 2097 3735 2068 3735 2072 3736 2115 3736 2064 3736 2064 3737 2115 3737 2106 3737 2065 3738 2105 3738 2072 3738 2072 3739 2105 3739 2115 3739 2042 3740 2103 3740 2076 3740 2076 3741 2103 3741 2116 3741 2061 3742 2117 3742 2008 3742 2008 3743 2117 3743 2118 3743 2004 3744 2119 3744 2066 3744 2066 3745 2119 3745 2104 3745 2066 3746 2104 3746 2001 3746 2001 3747 2104 3747 2065 3747 2120 3748 2076 3748 2116 3748 2117 3749 2061 3749 2120 3749 2120 3750 2061 3750 2076 3750 2008 3751 2118 3751 2007 3751 2007 3752 2118 3752 2121 3752 2007 3753 2121 3753 2067 3753 2067 3754 2121 3754 2122 3754 2067 3755 2122 3755 2004 3755 2004 3756 2122 3756 2119 3756 2123 3757 2102 3757 2098 3757 2114 3758 2124 3758 2125 3758 2114 3759 2125 3759 2126 3759 2126 3760 2125 3760 2127 3760 2097 3761 2128 3761 2129 3761 2097 3762 2129 3762 2130 3762 2131 3763 2132 3763 2112 3763 2133 3764 2129 3764 2128 3764 2133 3765 2128 3765 2134 3765 2133 3766 2134 3766 2135 3766 2136 3767 2125 3767 2124 3767 2137 3768 2138 3768 2131 3768 2131 3769 2138 3769 2132 3769 2139 3770 2140 3770 2130 3770 2139 3771 2130 3771 2129 3771 2135 3772 2134 3772 2126 3772 2135 3773 2126 3773 2127 3773 2137 3774 2136 3774 2138 3774 2141 3775 2142 3775 2143 3775 2144 3776 2145 3776 2146 3776 2140 3777 2139 3777 2147 3777 2144 3778 2148 3778 2149 3778 2144 3779 2146 3779 2148 3779 2150 3780 2123 3780 2151 3780 2152 3781 2146 3781 2145 3781 2144 3782 2098 3782 2101 3782 2144 3783 2101 3783 2145 3783 2145 3784 2101 3784 2100 3784 2142 3785 2100 3785 2099 3785 2096 3786 2128 3786 2097 3786 2150 3787 2102 3787 2123 3787 2140 3788 2099 3788 2097 3788 2140 3789 2097 3789 2130 3789 2134 3790 2128 3790 2096 3790 2134 3791 2096 3791 2126 3791 2124 3792 2114 3792 2113 3792 2132 3793 2138 3793 2112 3793 2151 3794 2123 3794 2098 3794 2151 3795 2098 3795 2149 3795 2149 3796 2098 3796 2144 3796 2152 3797 2145 3797 2100 3797 2152 3798 2100 3798 2141 3798 2141 3799 2100 3799 2142 3799 2147 3800 2099 3800 2140 3800 2126 3801 2096 3801 2114 3801 2138 3802 2113 3802 2112 3802 2153 3803 2102 3803 2150 3803 2143 3804 2142 3804 2099 3804 2143 3805 2099 3805 2147 3805 2136 3806 2124 3806 2113 3806 2136 3807 2113 3807 2138 3807 2131 3808 2112 3808 2154 3808 2154 3809 2112 3809 2111 3809 2154 3810 2111 3810 2155 3810 2155 3811 2111 3811 2110 3811 2155 3812 2110 3812 2156 3812 2157 3813 2156 3813 2109 3813 2158 3814 2157 3814 2108 3814 2158 3815 2108 3815 2159 3815 2159 3816 2107 3816 2160 3816 2160 3817 2106 3817 2161 3817 2162 3818 2161 3818 2115 3818 2163 3819 2162 3819 2105 3819 2163 3820 2105 3820 2164 3820 2164 3821 2105 3821 2165 3821 2165 3822 2105 3822 2166 3822 2165 3823 2166 3823 2167 3823 2167 3824 2166 3824 2168 3824 2167 3825 2168 3825 2169 3825 2169 3826 2168 3826 2170 3826 2169 3827 2170 3827 2171 3827 2171 3828 2170 3828 2119 3828 2171 3829 2119 3829 2172 3829 2172 3830 2119 3830 2122 3830 2172 3831 2122 3831 2173 3831 2173 3832 2122 3832 2174 3832 2173 3833 2174 3833 2175 3833 2175 3834 2174 3834 2176 3834 2175 3835 2176 3835 2177 3835 2177 3836 2176 3836 2118 3836 2156 3837 2110 3837 2109 3837 2157 3838 2109 3838 2108 3838 2159 3839 2108 3839 2107 3839 2160 3840 2107 3840 2106 3840 2161 3841 2106 3841 2115 3841 2162 3842 2115 3842 2105 3842 2166 3843 2105 3843 2104 3843 2166 3844 2104 3844 2168 3844 2168 3845 2104 3845 2170 3845 2174 3846 2122 3846 2121 3846 2174 3847 2121 3847 2176 3847 2176 3848 2121 3848 2118 3848 2119 3849 2170 3849 2104 3849 2078 3850 2178 3850 2179 3850 2078 3851 2179 3851 2180 3851 2180 3852 2181 3852 2085 3852 2085 3853 2181 3853 2182 3853 2085 3854 2182 3854 2088 3854 2088 3855 2182 3855 2183 3855 2078 3856 2184 3856 2178 3856 2183 3857 2185 3857 2089 3857 2186 3858 2187 3858 2117 3858 2188 3859 2186 3859 2120 3859 2120 3860 2186 3860 2117 3860 2089 3861 2189 3861 2086 3861 2086 3862 2190 3862 2081 3862 2189 3863 2190 3863 2086 3863 2185 3864 2189 3864 2089 3864 2081 3865 2191 3865 2082 3865 2191 3866 2192 3866 2082 3866 2082 3867 2192 3867 2103 3867 2192 3868 2188 3868 2103 3868 2103 3869 2188 3869 2116 3869 2190 3870 2191 3870 2081 3870 2080 3871 2184 3871 2078 3871 2089 3872 2088 3872 2183 3872 2085 3873 2078 3873 2180 3873 2118 3874 2117 3874 2177 3874 2177 3875 2117 3875 2187 3875 2116 3876 2188 3876 2120 3876 2080 3877 2079 3877 2193 3877 2090 3878 2194 3878 2195 3878 2093 3879 2196 3879 2197 3879 2094 3880 2197 3880 2198 3880 2094 3881 2198 3881 2199 3881 2094 3882 2199 3882 2095 3882 2095 3883 2199 3883 2200 3883 2091 3884 2102 3884 2201 3884 2201 3885 2102 3885 2153 3885 2202 3886 2092 3886 2203 3886 2201 3887 2203 3887 2091 3887 2091 3888 2203 3888 2092 3888 2092 3889 2202 3889 2093 3889 2093 3890 2202 3890 2196 3890 2093 3891 2197 3891 2094 3891 2204 3892 2205 3892 2084 3892 2204 3893 2084 3893 2206 3893 2206 3894 2084 3894 2087 3894 2206 3895 2087 3895 2207 3895 2207 3896 2087 3896 2195 3896 2195 3897 2087 3897 2090 3897 2205 3898 2083 3898 2084 3898 2194 3899 2090 3899 2095 3899 2194 3900 2095 3900 2200 3900 2208 0 2209 0 2210 0 2208 0 2211 0 2209 0 2208 3901 2212 3901 2211 3901 2208 3902 2213 3902 2212 3902 2208 3903 2214 3903 2213 3903 2208 3904 2215 3904 2214 3904 2216 3905 2215 3905 2208 3905 2208 3906 2217 3906 2216 3906 2218 3907 2217 3907 2208 3907 2136 3908 2219 3908 2125 3908 2125 3909 2219 3909 2220 3909 2125 3910 2220 3910 2127 3910 2127 3911 2220 3911 2135 3911 2135 3912 2220 3912 2221 3912 2135 3913 2221 3913 2133 3913 2133 3914 2221 3914 2129 3914 2129 3915 2221 3915 2222 3915 2129 3916 2222 3916 2139 3916 2139 3917 2222 3917 2147 3917 2147 3918 2222 3918 2223 3918 2147 3919 2223 3919 2143 3919 2143 3920 2223 3920 2141 3920 2141 3921 2223 3921 2224 3921 2141 3922 2224 3922 2152 3922 2152 3923 2224 3923 2146 3923 2146 3924 2224 3924 2225 3924 2146 3925 2225 3925 2148 3925 2148 3926 2225 3926 2149 3926 2149 3927 2225 3927 2226 3927 2149 3928 2226 3928 2151 3928 2151 3929 2226 3929 2150 3929 2150 3930 2226 3930 2227 3930 2150 3931 2227 3931 2153 3931 2136 3932 2137 3932 2219 3932 2219 3933 2137 3933 2228 3933 2228 3934 2137 3934 2131 3934 2228 3935 2131 3935 2154 3935 2228 3936 2154 3936 2229 3936 2229 3937 2154 3937 2155 3937 2229 3938 2155 3938 2156 3938 2229 3939 2156 3939 2230 3939 2156 3940 2157 3940 2230 3940 2157 3941 2158 3941 2230 3941 2230 3942 2158 3942 2231 3942 2231 3943 2158 3943 2159 3943 2231 3944 2159 3944 2160 3944 2231 3945 2160 3945 2232 3945 2162 3946 2232 3946 2161 3946 2161 3947 2232 3947 2160 3947 2232 3948 2162 3948 2233 3948 2162 3949 2163 3949 2233 3949 2163 3950 2164 3950 2233 3950 2233 3951 2164 3951 2234 3951 2234 3952 2164 3952 2165 3952 2234 3953 2165 3953 2167 3953 2234 3954 2167 3954 2235 3954 2235 3955 2167 3955 2169 3955 2235 3956 2169 3956 2171 3956 2235 3957 2171 3957 2236 3957 2171 3958 2172 3958 2236 3958 2177 3959 2237 3959 2175 3959 2175 3960 2237 3960 2238 3960 2175 3961 2238 3961 2173 3961 2173 3962 2238 3962 2236 3962 2173 3963 2236 3963 2172 3963 2237 3964 2177 3964 2187 3964 2237 3965 2187 3965 2239 3965 2239 3966 2187 3966 2186 3966 2239 3967 2186 3967 2188 3967 2239 3968 2188 3968 2240 3968 2240 3969 2188 3969 2192 3969 2240 3970 2192 3970 2241 3970 2241 3971 2192 3971 2191 3971 2241 3972 2191 3972 2242 3972 2243 3973 2185 3973 2244 3973 2242 3974 2191 3974 2190 3974 2242 3975 2190 3975 2243 3975 2243 3976 2190 3976 2189 3976 2243 3977 2189 3977 2185 3977 2244 3978 2185 3978 2183 3978 2244 3979 2183 3979 2182 3979 2244 3980 2182 3980 2245 3980 2245 3981 2182 3981 2181 3981 2245 3982 2181 3982 2246 3982 2246 3983 2181 3983 2180 3983 2246 3984 2180 3984 2247 3984 2247 3985 2180 3985 2179 3985 2247 3986 2179 3986 2178 3986 2247 3987 2178 3987 2248 3987 2248 3988 2178 3988 2184 3988 2248 3989 2184 3989 2080 3989 2248 3990 2080 3990 2193 3990 2248 3991 2193 3991 2249 3991 2249 3992 2193 3992 2079 3992 2249 3993 2079 3993 2083 3993 2249 3994 2083 3994 2250 3994 2251 3995 2195 3995 2252 3995 2252 3996 2195 3996 2194 3996 2083 3997 2205 3997 2250 3997 2250 3998 2205 3998 2253 3998 2253 3999 2205 3999 2204 3999 2253 4000 2204 4000 2254 4000 2254 4001 2204 4001 2206 4001 2254 4002 2206 4002 2207 4002 2254 4003 2207 4003 2251 4003 2251 4004 2207 4004 2195 4004 2252 4005 2194 4005 2200 4005 2252 4006 2200 4006 2255 4006 2255 4007 2200 4007 2199 4007 2255 4008 2199 4008 2256 4008 2256 4009 2199 4009 2198 4009 2256 4010 2198 4010 2197 4010 2256 4011 2197 4011 2257 4011 2197 4012 2196 4012 2257 4012 2257 4013 2196 4013 2202 4013 2257 4014 2202 4014 2258 4014 2258 4015 2202 4015 2203 4015 2258 4016 2203 4016 2201 4016 2258 4017 2201 4017 2153 4017 2258 4018 2153 4018 2227 4018 2249 4019 2259 4019 2260 4019 2260 4020 2248 4020 2249 4020 2237 4021 2261 4021 2238 4021 2253 4022 2259 4022 2250 4022 2259 4023 2249 4023 2250 4023 2262 4024 2236 4024 2261 4024 2261 4025 2236 4025 2238 4025 2263 4026 2219 4026 2264 4026 2264 4027 2219 4027 2228 4027 2265 4028 2258 4028 2227 4028 2260 4029 2247 4029 2248 4029 2259 4030 2253 4030 2254 4030 2266 4031 2245 4031 2260 4031 2245 4032 2266 4032 2244 4032 2242 4033 2243 4033 2266 4033 2221 4034 2263 4034 2267 4034 2267 4035 2222 4035 2221 4035 2251 4036 2252 4036 2268 4036 2259 4037 2254 4037 2268 4037 2268 4038 2254 4038 2251 4038 2245 4039 2246 4039 2260 4039 2266 4040 2243 4040 2244 4040 2228 4041 2229 4041 2264 4041 2264 4042 2229 4042 2230 4042 2264 4043 2230 4043 2269 4043 2269 4044 2230 4044 2231 4044 2263 4045 2221 4045 2220 4045 2263 4046 2220 4046 2219 4046 2267 4047 2223 4047 2222 4047 2268 4048 2257 4048 2265 4048 2265 4049 2257 4049 2258 4049 2268 4050 2252 4050 2255 4050 2260 4051 2246 4051 2247 4051 2270 4052 2241 4052 2266 4052 2266 4053 2241 4053 2242 4053 2270 4054 2240 4054 2241 4054 2269 4055 2231 4055 2232 4055 2271 4056 2224 4056 2223 4056 2271 4057 2223 4057 2267 4057 2255 4058 2256 4058 2268 4058 2268 4059 2256 4059 2257 4059 2270 4060 2239 4060 2240 4060 2271 4061 2225 4061 2224 4061 2261 4062 2237 4062 2239 4062 2261 4063 2239 4063 2270 4063 2262 4064 2235 4064 2236 4064 2232 4065 2233 4065 2269 4065 2269 4066 2233 4066 2262 4066 2262 4067 2233 4067 2234 4067 2265 4068 2227 4068 2226 4068 2265 4069 2226 4069 2271 4069 2271 4070 2226 4070 2225 4070 2262 4071 2234 4071 2235 4071 1049 4072 1210 4072 1047 4072 1047 4073 1210 4073 1213 4073 1047 4074 1213 4074 1053 4074 1053 4075 1213 4075 1052 4075 1052 4076 1213 4076 1216 4076 1052 4077 1216 4077 1051 4077 1051 4078 1216 4078 1222 4078 1051 4079 1222 4079 1050 4079 1050 4080 1222 4080 1218 4080 1050 4081 1218 4081 1048 4081 1048 4082 1218 4082 1205 4082 1048 4083 1205 4083 1208 4083 1048 4084 1208 4084 1049 4084 1049 4085 1208 4085 1210 4085 1056 4086 1225 4086 1054 4086 1054 4087 1225 4087 1229 4087 1054 4088 1229 4088 1236 4088 1054 4089 1236 4089 1060 4089 1060 4090 1236 4090 1238 4090 1060 4091 1238 4091 1059 4091 1059 4092 1238 4092 1240 4092 1059 4093 1240 4093 1058 4093 1058 4094 1240 4094 1057 4094 1057 4095 1240 4095 1231 4095 1057 4096 1231 4096 1055 4096 1055 4097 1231 4097 1234 4097 1055 4098 1234 4098 1056 4098 1056 4099 1234 4099 1225 4099 1067 4100 1245 4100 1066 4100 1066 4101 1245 4101 1248 4101 1066 4102 1248 4102 1065 4102 1065 4103 1248 4103 1257 4103 1065 4104 1257 4104 1064 4104 1064 4105 1257 4105 1260 4105 1064 4106 1260 4106 1062 4106 1062 4107 1260 4107 1250 4107 1062 4108 1250 4108 1253 4108 1062 4109 1253 4109 1063 4109 1063 4110 1253 4110 1243 4110 1063 4111 1243 4111 1061 4111 1061 4112 1243 4112 1245 4112 1061 4113 1245 4113 1067 4113 1198 4114 1273 4114 1202 4114 1202 4115 1273 4115 1275 4115 1202 4116 1275 4116 1200 4116 1200 4117 1275 4117 1279 4117 1200 4118 1279 4118 1282 4118 1200 4119 1282 4119 1201 4119 1201 4120 1282 4120 1265 4120 1201 4121 1265 4121 1196 4121 1196 4122 1265 4122 1267 4122 1196 4123 1267 4123 1199 4123 1199 4124 1267 4124 1197 4124 1197 4125 1267 4125 1271 4125 1197 4126 1271 4126 1198 4126 1198 4127 1271 4127 1273 4127 1111 4128 1586 4128 1588 4128 1111 4129 1588 4129 1108 4129 1463 4130 1307 4130 1113 4130 1113 4131 1307 4131 695 4131 1113 4132 695 4132 1112 4132 1112 4133 695 4133 1356 4133 1112 4134 1356 4134 1111 4134 1111 4135 1356 4135 1586 4135 1108 4136 1588 4136 1589 4136 1108 4137 1589 4137 1107 4137 1107 4138 1589 4138 1106 4138 1106 4139 1589 4139 1592 4139 1106 4140 1592 4140 1104 4140 1104 4141 1592 4141 1594 4141 1104 4142 1594 4142 1102 4142 1102 4143 1594 4143 1595 4143 1102 4144 1595 4144 1101 4144 1095 4145 1097 4145 1599 4145 1599 4146 1097 4146 1597 4146 1597 4147 1097 4147 1099 4147 1595 4148 1598 4148 1101 4148 1101 4149 1598 4149 1099 4149 1099 4150 1598 4150 1597 4150 1096 4151 1095 4151 1600 4151 1600 4152 1095 4152 1599 4152 1096 4153 1600 4153 1601 4153 1089 4154 1605 4154 1090 4154 1096 4155 1601 4155 1093 4155 1093 4156 1601 4156 1603 4156 1093 4157 1603 4157 1089 4157 1089 4158 1603 4158 1605 4158 1090 4159 1605 4159 1606 4159 1090 4160 1606 4160 1091 4160 1091 4161 1606 4161 427 4161 1091 4162 427 4162 1655 4162 1091 4163 1655 4163 1087 4163 1081 4164 1084 4164 1613 4164 1613 4165 1084 4165 1085 4165 1613 4166 1085 4166 1610 4166 1610 4167 1085 4167 1086 4167 1610 4168 1086 4168 1611 4168 1611 4169 1086 4169 1087 4169 1611 4170 1087 4170 1655 4170 1613 4171 1612 4171 1081 4171 1612 4172 1615 4172 1081 4172 1081 4173 1615 4173 1080 4173 1080 4174 1615 4174 1614 4174 1080 4175 1614 4175 1078 4175 1078 4176 1614 4176 1354 4176 1078 4177 1354 4177 1075 4177 1075 4178 1354 4178 1353 4178 1075 4179 1353 4179 1077 4179 1077 4180 1353 4180 1618 4180 1077 4181 1618 4181 1074 4181 1074 4182 1618 4182 1166 4182 1618 4183 1619 4183 1166 4183 1163 4184 1162 4184 1351 4184 1351 4185 1162 4185 1167 4185 1351 4186 1167 4186 1352 4186 1352 4187 1167 4187 1166 4187 1352 4188 1166 4188 1619 4188 1163 4189 1351 4189 1203 4189 1203 4190 1351 4190 1621 4190 1203 4191 1621 4191 1623 4191 1203 4192 1623 4192 1186 4192 1186 4193 1623 4193 1349 4193 1186 4194 1349 4194 1187 4194 1187 4195 1349 4195 698 4195 1187 4196 698 4196 1306 4196 1187 4197 1306 4197 1185 4197 1185 4198 1306 4198 1183 4198 1183 4199 1306 4199 1312 4199 1183 4200 1312 4200 1182 4200 1182 4201 1312 4201 1316 4201 1182 4202 1316 4202 1181 4202 1181 4203 1316 4203 1314 4203 1181 4204 1314 4204 1119 4204 1119 4205 1314 4205 1120 4205 1120 4206 1314 4206 1313 4206 1120 4207 1313 4207 1308 4207 1308 4208 1310 4208 1151 4208 1120 4209 1308 4209 1150 4209 1150 4210 1308 4210 1151 4210 1435 4211 1142 4211 1436 4211 1436 4212 1142 4212 1144 4212 1151 4213 1310 4213 1336 4213 1151 4214 1336 4214 1148 4214 1148 4215 1336 4215 1431 4215 1148 4216 1431 4216 1149 4216 1149 4217 1431 4217 1158 4217 1158 4218 1431 4218 1434 4218 1158 4219 1434 4219 1433 4219 1158 4220 1433 4220 1204 4220 1204 4221 1433 4221 1436 4221 1204 4222 1436 4222 1144 4222 579 4223 1155 4223 1441 4223 1441 4224 1155 4224 1156 4224 1441 4225 1156 4225 1438 4225 1438 4226 1156 4226 1157 4226 1438 4227 1157 4227 1439 4227 1439 4228 1157 4228 1435 4228 1435 4229 1157 4229 1142 4229 1444 4230 1140 4230 1442 4230 1442 4231 1140 4231 1139 4231 1442 4232 1139 4232 579 4232 579 4233 1139 4233 1155 4233 1445 4234 1138 4234 1444 4234 1444 4235 1138 4235 1140 4235 1453 4236 1116 4236 1451 4236 1451 4237 1116 4237 1134 4237 1451 4238 1134 4238 1449 4238 1449 4239 1134 4239 1133 4239 1449 4240 1133 4240 1450 4240 1450 4241 1133 4241 1136 4241 1450 4242 1136 4242 1135 4242 1450 4243 1135 4243 1447 4243 1447 4244 1135 4244 1137 4244 1447 4245 1137 4245 1445 4245 1445 4246 1137 4246 1138 4246 1129 4247 1128 4247 1456 4247 1456 4248 1128 4248 1455 4248 1455 4249 1128 4249 1131 4249 1455 4250 1131 4250 1117 4250 1455 4251 1117 4251 1453 4251 1453 4252 1117 4252 1116 4252 1456 4253 1458 4253 1129 4253 1129 4254 1458 4254 1127 4254 1127 4255 1458 4255 1459 4255 1127 4256 1459 4256 1125 4256 1459 4257 1461 4257 1125 4257 1125 4258 1461 4258 1124 4258 1124 4259 1461 4259 1462 4259 1124 4260 1462 4260 1463 4260 1124 4261 1463 4261 1122 4261 1122 4262 1463 4262 1113 4262 2272 4263 1217 4263 2273 4263 2274 4264 1206 4264 2275 4264 2276 4265 2277 4265 1219 4265 2274 4266 1207 4266 1206 4266 2276 4267 1219 4267 1224 4267 2278 4268 1214 4268 1212 4268 2279 4269 1211 4269 1209 4269 2275 4270 1206 4270 1220 4270 2277 4271 1220 4271 1219 4271 2273 4272 1217 4272 1215 4272 2280 4273 1224 4273 1223 4273 2281 4274 1237 4274 2282 4274 2282 4275 1237 4275 2283 4275 2281 4276 1239 4276 1237 4276 2283 4277 1237 4277 1230 4277 2284 4278 1227 4278 1226 4278 2285 4279 1226 4279 1235 4279 2286 4280 1235 4280 1233 4280 2286 4281 1233 4281 2287 4281 2287 4282 1233 4282 1232 4282 2288 4283 1241 4283 2289 4283 2289 4284 1241 4284 1239 4284 2290 4285 1232 4285 1242 4285 2291 4286 1259 4286 1258 4286 2292 4287 1246 4287 2293 4287 2293 4288 1246 4288 1244 4288 2294 4289 1252 4289 1251 4289 2295 4290 1249 4290 1247 4290 2296 4291 1283 4291 1281 4291 2297 4292 1278 4292 1277 4292 2298 4293 1276 4293 1274 4293 2299 4294 1274 4294 1272 4294 2300 4295 1272 4295 1270 4295 2301 4296 1269 4296 1268 4296 2302 4297 1268 4297 1266 4297 2303 4298 1266 4298 1283 4298 1342 4299 1340 4299 2276 4299 1221 4300 1411 4300 1346 4300 1221 4301 1346 4301 1223 4301 1221 4302 1659 4302 1411 4302 1217 4303 1659 4303 1221 4303 1659 4304 1217 4304 2272 4304 2272 4305 1408 4305 1659 4305 2273 4306 1325 4306 1408 4306 2273 4307 1408 4307 2272 4307 1215 4308 1325 4308 2273 4308 1215 4309 1348 4309 1322 4309 1215 4310 1322 4310 1325 4310 1214 4311 1321 4311 1348 4311 1214 4312 1348 4312 1215 4312 1321 4313 1214 4313 2278 4313 1321 4314 2278 4314 1319 4314 1319 4315 2278 4315 1212 4315 1319 4316 1212 4316 1320 4316 1211 4317 1320 4317 1212 4317 1211 4318 1327 4318 1320 4318 2279 4319 1327 4319 1211 4319 1209 4320 1347 4320 2279 4320 2279 4321 1347 4321 1327 4321 1207 4322 1334 4322 1209 4322 1209 4323 1334 4323 1347 4323 1207 4324 1335 4324 1334 4324 2274 4325 1337 4325 1207 4325 1207 4326 1337 4326 1335 4326 1343 4327 1337 4327 2274 4327 1343 4328 2274 4328 2275 4328 2275 4329 1344 4329 1343 4329 1344 4330 2275 4330 1220 4330 2277 4331 1339 4331 1220 4331 1220 4332 1339 4332 1344 4332 2277 4333 1340 4333 1339 4333 2276 4334 1340 4334 2277 4334 1224 4335 1329 4335 2276 4335 2276 4336 1329 4336 1342 4336 1330 4337 1329 4337 2280 4337 2280 4338 1329 4338 1224 4338 1346 4339 1330 4339 1223 4339 1223 4340 1330 4340 2280 4340 1235 4341 1414 4341 1299 4341 2286 4342 1414 4342 1235 4342 2286 4343 1662 4343 1414 4343 1662 4344 2286 4344 2287 4344 2287 4345 1696 4345 1662 4345 1232 4346 1661 4346 1696 4346 1232 4347 1696 4347 2287 4347 1242 4348 1301 4348 2290 4348 2290 4349 1301 4349 1413 4349 2290 4350 1413 4350 1232 4350 1232 4351 1413 4351 1661 4351 1301 4352 1242 4352 1285 4352 1302 4353 1285 4353 1241 4353 1241 4354 1285 4354 1242 4354 1302 4355 1241 4355 2288 4355 1302 4356 2288 4356 1303 4356 2289 4357 1305 4357 1303 4357 2289 4358 1303 4358 2288 4358 1239 4359 1290 4359 1305 4359 1239 4360 1305 4360 2289 4360 2281 4361 1288 4361 1239 4361 1239 4362 1288 4362 1290 4362 2281 4363 1483 4363 1288 4363 1483 4364 2281 4364 2282 4364 2283 4365 1479 4365 2282 4365 2282 4366 1479 4366 1483 4366 2283 4367 1480 4367 1479 4367 1230 4368 1480 4368 2283 4368 1481 4369 1480 4369 1230 4369 1228 4370 1481 4370 1230 4370 1227 4371 1300 4371 1228 4371 1228 4372 1300 4372 1481 4372 1295 4373 1300 4373 1227 4373 2284 4374 1295 4374 1227 4374 2284 4375 1226 4375 1296 4375 2284 4376 1296 4376 1295 4376 2285 4377 1297 4377 1226 4377 1226 4378 1297 4378 1296 4378 1235 4379 1299 4379 2285 4379 2285 4380 1299 4380 1298 4380 2285 4381 1298 4381 1297 4381 1378 4382 1377 4382 1259 4382 1262 4383 1373 4383 1263 4383 1263 4384 1373 4384 1374 4384 1261 4385 1386 4385 1262 4385 1386 4386 1373 4386 1262 4386 1261 4387 1377 4387 1386 4387 1259 4388 1377 4388 1261 4388 1376 4389 1259 4389 2291 4389 1376 4390 1378 4390 1259 4390 2291 4391 1258 4391 1368 4391 1368 4392 1376 4392 2291 4392 1258 4393 1539 4393 1368 4393 1256 4394 1725 4394 1539 4394 1256 4395 1539 4395 1258 4395 1725 4396 1256 4396 1249 4396 2295 4397 1663 4397 1249 4397 1249 4398 1663 4398 1725 4398 2295 4399 1536 4399 1663 4399 1380 4400 1536 4400 1247 4400 1247 4401 1536 4401 2295 4401 1246 4402 1381 4402 1247 4402 1247 4403 1381 4403 1380 4403 1383 4404 1381 4404 2292 4404 2292 4405 1381 4405 1246 4405 2293 4406 1362 4406 2292 4406 2292 4407 1362 4407 1383 4407 1244 4408 1382 4408 2293 4408 2293 4409 1382 4409 1362 4409 1255 4410 1382 4410 1244 4410 1255 4411 1366 4411 1382 4411 1366 4412 1255 4412 1254 4412 1254 4413 1365 4413 1366 4413 1252 4414 1367 4414 1254 4414 1254 4415 1367 4415 1365 4415 2294 4416 1384 4416 1367 4416 2294 4417 1367 4417 1252 4417 1251 4418 1385 4418 1384 4418 1251 4419 1384 4419 2294 4419 1251 4420 1375 4420 1385 4420 1375 4421 1251 4421 1264 4421 1263 4422 1374 4422 1264 4422 1264 4423 1374 4423 1375 4423 2299 4424 1657 4424 1404 4424 1657 4425 2299 4425 1658 4425 1658 4426 2299 4426 1272 4426 1658 4427 1272 4427 1667 4427 2300 4428 1668 4428 1667 4428 2300 4429 1667 4429 1272 4429 2300 4430 1666 4430 1668 4430 1270 4431 1666 4431 2300 4431 1269 4432 1666 4432 1270 4432 1407 4433 1269 4433 2301 4433 1269 4434 1407 4434 1666 4434 2301 4435 1391 4435 1407 4435 1391 4436 2301 4436 1268 4436 1391 4437 1268 4437 1388 4437 2302 4438 1388 4438 1268 4438 2302 4439 1405 4439 1388 4439 1406 4440 1405 4440 1266 4440 1266 4441 1405 4441 2302 4441 1393 4442 1406 4442 1266 4442 2303 4443 1393 4443 1266 4443 1393 4444 2303 4444 1394 4444 1283 4445 1394 4445 2303 4445 2296 4446 1568 4446 1283 4446 1283 4447 1568 4447 1394 4447 1568 4448 2296 4448 1281 4448 1568 4449 1281 4449 1567 4449 1280 4450 1567 4450 1281 4450 1566 4451 1278 4451 2297 4451 1566 4452 2297 4452 1395 4452 1278 4453 1566 4453 1280 4453 1280 4454 1566 4454 1567 4454 1277 4455 1395 4455 2297 4455 1277 4456 1396 4456 1395 4456 1276 4457 1401 4457 1277 4457 1401 4458 1396 4458 1277 4458 2298 4459 1402 4459 1401 4459 2298 4460 1401 4460 1276 4460 1274 4461 1398 4461 2298 4461 2298 4462 1398 4462 1402 4462 2299 4463 1404 4463 1274 4463 1274 4464 1404 4464 1398 4464 2214 4465 2268 4465 2213 4465 2213 4466 2268 4466 2265 4466 2215 4467 2259 4467 2214 4467 2214 4468 2259 4468 2268 4468 2215 4469 2260 4469 2259 4469 2216 4470 2260 4470 2215 4470 2266 4471 2260 4471 2216 4471 2266 4472 2216 4472 2217 4472 2266 4473 2217 4473 2270 4473 2270 4474 2217 4474 2218 4474 2270 4475 2218 4475 2261 4475 2261 4476 2218 4476 2208 4476 2261 4477 2208 4477 2262 4477 2262 4478 2208 4478 2269 4478 2269 4479 2208 4479 2210 4479 2269 4480 2210 4480 2264 4480 2264 4481 2210 4481 2209 4481 2264 4482 2209 4482 2263 4482 2211 4483 2267 4483 2209 4483 2209 4484 2267 4484 2263 4484 2212 4485 2271 4485 2211 4485 2211 4486 2271 4486 2267 4486 2213 4487 2265 4487 2212 4487 2212 4488 2265 4488 2271 4488 2304 4489 2305 4489 2306 4489 2304 4489 2307 4489 2305 4489 2304 4489 2308 4489 2307 4489 2304 4489 2309 4489 2308 4489 2304 4489 2310 4489 2309 4489 2304 4489 2311 4489 2310 4489 2304 4489 2312 4489 2311 4489 2304 4489 2313 4489 2312 4489 2304 4489 2314 4489 2315 4489 2304 4489 2306 4489 2314 4489 2316 4490 2317 4490 2318 4490 2318 4491 2317 4491 2319 4491 2318 4489 2319 4489 2320 4489 2321 4492 2322 4492 2323 4492 2323 4493 2322 4493 2324 4493 2323 4494 2324 4494 2325 4494 2326 4489 2327 4489 2328 4489 2328 4489 2327 4489 2329 4489 2328 4489 2329 4489 2330 4489 2331 4489 2332 4489 2333 4489 2333 4489 2332 4489 2334 4489 2333 4489 2334 4489 2326 4489 2326 4489 2334 4489 2335 4489 2326 4489 2335 4489 2327 4489 2319 4489 2336 4489 2320 4489 2320 4495 2336 4495 2337 4495 2320 4496 2337 4496 2338 4496 2338 4497 2337 4497 2331 4497 2331 4498 2337 4498 2339 4498 2331 4489 2339 4489 2332 4489 2324 4499 2340 4499 2325 4499 2325 4500 2340 4500 2341 4500 2325 4489 2341 4489 2342 4489 2342 4489 2341 4489 2343 4489 2342 4489 2343 4489 2344 4489 2345 4489 2346 4489 2347 4489 2347 4489 2346 4489 2348 4489 2347 4489 2348 4489 2349 4489 2350 4489 2351 4489 2352 4489 2352 4489 2351 4489 2353 4489 2352 4489 2353 4489 2345 4489 2345 4489 2353 4489 2354 4489 2345 4489 2354 4489 2346 4489 2343 4489 2355 4489 2344 4489 2344 4501 2355 4501 2356 4501 2344 4502 2356 4502 2357 4502 2357 4503 2356 4503 2316 4503 2316 4504 2356 4504 2317 4504 2358 4505 2359 4505 2321 4505 2321 4506 2359 4506 2360 4506 2321 4507 2360 4507 2322 4507 2361 4508 2362 4508 2363 4508 2363 4509 2362 4509 2364 4509 2363 4510 2364 4510 2358 4510 2358 4511 2364 4511 2365 4511 2358 4512 2365 4512 2359 4512 2348 4489 2366 4489 2349 4489 2349 4489 2366 4489 2367 4489 2349 4489 2367 4489 2368 4489 2368 4489 2367 4489 2369 4489 2368 4489 2369 4489 2361 4489 2361 4489 2369 4489 2370 4489 2361 4513 2370 4513 2362 4513 2371 4489 2372 4489 2373 4489 2373 4489 2372 4489 2374 4489 2373 4489 2374 4489 2350 4489 2350 4489 2374 4489 2375 4489 2350 4489 2375 4489 2351 4489 2376 4489 2377 4489 2378 4489 2378 4489 2377 4489 2379 4489 2378 4489 2379 4489 2371 4489 2371 4489 2379 4489 2380 4489 2371 4489 2380 4489 2372 4489 2381 4489 2382 4489 2383 4489 2383 4514 2382 4514 2384 4514 2383 4515 2384 4515 2376 4515 2376 4516 2384 4516 2377 4516 2329 4489 2385 4489 2330 4489 2330 4517 2385 4517 2386 4517 2330 4518 2386 4518 2387 4518 2387 4519 2386 4519 2388 4519 2387 4489 2388 4489 2389 4489 2390 4520 2391 4520 2392 4520 2392 4521 2391 4521 2393 4521 2392 4522 2393 4522 2381 4522 2381 4523 2393 4523 2394 4523 2381 4524 2394 4524 2382 4524 2388 4489 2395 4489 2389 4489 2389 4525 2395 4525 2396 4525 2389 4526 2396 4526 2397 4526 2397 4527 2396 4527 2398 4527 2397 4528 2398 4528 2399 4528 2399 4529 2398 4529 2400 4529 2399 4489 2400 4489 2390 4489 2390 4530 2400 4530 2391 4530 2401 4531 2402 4531 2403 4531 2404 4532 2405 4532 2406 4532 2407 4533 2408 4533 2409 4533 2410 4534 2411 4534 2412 4534 2413 4535 2414 4535 2415 4535 2413 4536 2403 4536 2414 4536 2414 4537 2403 4537 2416 4537 2414 4538 2416 4538 2417 4538 2418 4539 2419 4539 2406 4539 2420 4540 2404 4540 2421 4540 2422 4541 2405 4541 2404 4541 2405 4542 2418 4542 2406 4542 2423 4543 2420 4543 2424 4543 2424 4544 2420 4544 2425 4544 2425 4545 2420 4545 2421 4545 2426 4546 2419 4546 2427 4546 2427 4547 2419 4547 2418 4547 2418 4548 2405 4548 2428 4548 2428 4549 2405 4549 2422 4549 2422 4550 2404 4550 2420 4550 2422 4551 2420 4551 2429 4551 2422 4552 2429 4552 2430 4552 2420 4553 2423 4553 2429 4553 2431 4554 2432 4554 2433 4554 2433 4555 2432 4555 2434 4555 2434 4556 2435 4556 2436 4556 2432 4557 2437 4557 2434 4557 2434 4558 2437 4558 2435 4558 2438 4559 2403 4559 2413 4559 2431 4560 2413 4560 2432 4560 2401 4561 2403 4561 2439 4561 2438 4562 2439 4562 2403 4562 2402 4563 2416 4563 2403 4563 2440 4564 2441 4564 2442 4564 2440 4565 2442 4565 2443 4565 2441 4566 2408 4566 2442 4566 2443 4567 2442 4567 2444 4567 2443 4568 2444 4568 2445 4568 2445 4569 2444 4569 2446 4569 2446 4570 2447 4570 2448 4570 2448 4571 2447 4571 2449 4571 2449 4572 2450 4572 2451 4572 2451 4573 2450 4573 2452 4573 2451 4574 2452 4574 2453 4574 2454 4575 2455 4575 2441 4575 2454 4576 2441 4576 2440 4576 2440 4577 2443 4577 2456 4577 2456 4578 2443 4578 2445 4578 2456 4579 2445 4579 2457 4579 2457 4580 2445 4580 2446 4580 2457 4581 2446 4581 2458 4581 2459 4582 2458 4582 2448 4582 2459 4583 2448 4583 2460 4583 2461 4584 2451 4584 2462 4584 2455 4585 2409 4585 2441 4585 2458 4586 2446 4586 2448 4586 2448 4587 2449 4587 2460 4587 2460 4588 2449 4588 2451 4588 2460 4589 2451 4589 2461 4589 2462 4590 2451 4590 2453 4590 2462 4591 2453 4591 2463 4591 2463 4592 2453 4592 2464 4592 2463 4593 2464 4593 2435 4593 2435 4594 2464 4594 2436 4594 2411 4595 2465 4595 2454 4595 2411 4596 2454 4596 2466 4596 2465 4597 2410 4597 2467 4597 2467 4598 2410 4598 2468 4598 2467 4599 2469 4599 2465 4599 2465 4600 2469 4600 2454 4600 2470 4601 2466 4601 2456 4601 2470 4602 2456 4602 2457 4602 2470 4603 2457 4603 2471 4603 2471 4604 2457 4604 2472 4604 2472 4605 2457 4605 2459 4605 2472 4606 2459 4606 2473 4606 2473 4607 2459 4607 2460 4607 2473 4608 2460 4608 2474 4608 2474 4609 2461 4609 2475 4609 2412 4610 2411 4610 2470 4610 2412 4611 2470 4611 2476 4611 2476 4612 2470 4612 2477 4612 2477 4613 2470 4613 2471 4613 2477 4614 2471 4614 2478 4614 2478 4615 2471 4615 2472 4615 2478 4616 2472 4616 2479 4616 2479 4617 2472 4617 2473 4617 2479 4618 2473 4618 2480 4618 2480 4619 2474 4619 2481 4619 2481 4620 2474 4620 2475 4620 2481 4621 2475 4621 2482 4621 2413 4622 2415 4622 2432 4622 2432 4623 2415 4623 2437 4623 2437 4624 2415 4624 2483 4624 2437 4625 2483 4625 2435 4625 2435 4626 2483 4626 2484 4626 2435 4627 2484 4627 2463 4627 2463 4628 2484 4628 2482 4628 2463 4629 2482 4629 2475 4629 2474 4630 2480 4630 2473 4630 2466 4631 2470 4631 2411 4631 2465 4632 2411 4632 2410 4632 2485 4633 2439 4633 2438 4633 2428 4634 2438 4634 2413 4634 2428 4635 2413 4635 2431 4635 2462 4636 2463 4636 2475 4636 2462 4637 2475 4637 2461 4637 2461 4638 2474 4638 2460 4638 2458 4639 2459 4639 2457 4639 2440 4640 2456 4640 2466 4640 2440 4641 2466 4641 2454 4641 2455 4642 2454 4642 2469 4642 2486 4643 2396 4643 2487 4643 2488 4644 2489 4644 2398 4644 2488 4645 2398 4645 2490 4645 2490 4646 2398 4646 2486 4646 2491 4647 2386 4647 2492 4647 2493 4648 2419 4648 2494 4648 2493 4649 2494 4649 2495 4649 2495 4650 2494 4650 2496 4650 2495 4651 2496 4651 2497 4651 2497 4652 2496 4652 2498 4652 2497 4653 2498 4653 2499 4653 2500 4654 2499 4654 2501 4654 2500 4655 2501 4655 2502 4655 2502 4656 2501 4656 2492 4656 2491 4657 2503 4657 2504 4657 2504 4658 2503 4658 2505 4658 2504 4659 2505 4659 2506 4659 2486 4660 2487 4660 2490 4660 2507 4661 2490 4661 2487 4661 2507 4662 2487 4662 2508 4662 2508 4663 2506 4663 2509 4663 2509 4664 2506 4664 2505 4664 2509 4665 2505 4665 2510 4665 2510 4666 2505 4666 2503 4666 2511 4667 2492 4667 2512 4667 2512 4668 2492 4668 2501 4668 2512 4669 2501 4669 2513 4669 2513 4670 2501 4670 2514 4670 2514 4671 2498 4671 2515 4671 2515 4672 2498 4672 2496 4672 2515 4673 2496 4673 2426 4673 2426 4674 2496 4674 2494 4674 2426 4675 2494 4675 2419 4675 2516 4676 2485 4676 2422 4676 2422 4677 2485 4677 2438 4677 2427 4678 2431 4678 2433 4678 2426 4679 2436 4679 2515 4679 2515 4680 2436 4680 2464 4680 2515 4681 2464 4681 2514 4681 2514 4682 2464 4682 2453 4682 2514 4683 2453 4683 2513 4683 2513 4684 2453 4684 2452 4684 2513 4685 2452 4685 2512 4685 2512 4686 2452 4686 2450 4686 2512 4687 2450 4687 2517 4687 2510 4688 2518 4688 2447 4688 2510 4689 2447 4689 2509 4689 2509 4690 2444 4690 2508 4690 2508 4691 2444 4691 2507 4691 2507 4692 2442 4692 2408 4692 2430 4693 2516 4693 2422 4693 2422 4694 2438 4694 2428 4694 2418 4695 2428 4695 2431 4695 2418 4696 2431 4696 2427 4696 2427 4697 2433 4697 2426 4697 2511 4698 2512 4698 2517 4698 2511 4699 2517 4699 2503 4699 2503 4700 2517 4700 2518 4700 2503 4701 2518 4701 2510 4701 2490 4702 2507 4702 2408 4702 2490 4703 2408 4703 2488 4703 2488 4704 2408 4704 2407 4704 2508 4705 2487 4705 2506 4705 2503 4706 2491 4706 2511 4706 2511 4707 2491 4707 2492 4707 2501 4708 2499 4708 2514 4708 2514 4709 2499 4709 2498 4709 2419 4710 2493 4710 2406 4710 2433 4711 2434 4711 2426 4711 2426 4712 2434 4712 2436 4712 2517 4713 2450 4713 2449 4713 2517 4714 2449 4714 2518 4714 2518 4715 2449 4715 2447 4715 2447 4716 2446 4716 2509 4716 2509 4717 2446 4717 2444 4717 2507 4718 2444 4718 2442 4718 2408 4719 2441 4719 2409 4719 2519 4720 2402 4720 2439 4720 2520 4721 2521 4721 2522 4721 2523 4722 2429 4722 2524 4722 2525 4723 2526 4723 2527 4723 2526 4724 2528 4724 2529 4724 2526 4725 2530 4725 2528 4725 2531 4726 2522 4726 2532 4726 2533 4727 2534 4727 2535 4727 2535 4728 2534 4728 2536 4728 2527 4729 2526 4729 2529 4729 2537 4730 2538 4730 2539 4730 2429 4731 2540 4731 2524 4731 2524 4732 2541 4732 2538 4732 2542 4733 2543 4733 2544 4733 2542 4734 2544 4734 2545 4734 2546 4735 2547 4735 2548 4735 2548 4736 2549 4736 2545 4736 2548 4737 2545 4737 2546 4737 2521 4738 2550 4738 2551 4738 2519 4739 2552 4739 2520 4739 2519 4740 2520 4740 2522 4740 2531 4741 2417 4741 2519 4741 2522 4742 2531 4742 2519 4742 2519 4743 2439 4743 2552 4743 2553 4744 2547 4744 2554 4744 2555 4745 2549 4745 2550 4745 2550 4746 2549 4746 2553 4746 2550 4747 2553 4747 2551 4747 2551 4748 2553 4748 2554 4748 2554 4749 2532 4749 2551 4749 2551 4750 2532 4750 2522 4750 2551 4751 2522 4751 2521 4751 2519 4752 2417 4752 2402 4752 2528 4753 2556 4753 2529 4753 2528 4754 2530 4754 2557 4754 2528 4755 2557 4755 2558 4755 2558 4756 2557 4756 2559 4756 2530 4757 2560 4757 2557 4757 2561 4758 2558 4758 2562 4758 2561 4759 2562 4759 2563 4759 2564 4760 2563 4760 2565 4760 2564 4761 2565 4761 2566 4761 2566 4762 2565 4762 2567 4762 2568 4763 2567 4763 2569 4763 2568 4764 2569 4764 2570 4764 2571 4765 2570 4765 2572 4765 2573 4766 2574 4766 2545 4766 2573 4767 2545 4767 2555 4767 2555 4768 2545 4768 2549 4768 2549 4769 2548 4769 2553 4769 2553 4770 2548 4770 2547 4770 2545 4771 2574 4771 2542 4771 2542 4772 2574 4772 2575 4772 2575 4773 2572 4773 2576 4773 2576 4774 2570 4774 2569 4774 2576 4775 2569 4775 2577 4775 2578 4776 2565 4776 2563 4776 2579 4777 2578 4777 2562 4777 2579 4778 2562 4778 2559 4778 2544 4779 2546 4779 2545 4779 2575 4780 2574 4780 2572 4780 2576 4781 2572 4781 2570 4781 2569 4782 2567 4782 2577 4782 2577 4783 2567 4783 2565 4783 2578 4784 2563 4784 2562 4784 2559 4785 2562 4785 2558 4785 2528 4786 2558 4786 2556 4786 2560 4787 2535 4787 2536 4787 2580 4788 2536 4788 2534 4788 2580 4789 2534 4789 2581 4789 2581 4790 2534 4790 2582 4790 2581 4791 2582 4791 2583 4791 2583 4792 2582 4792 2584 4792 2584 4793 2582 4793 2585 4793 2584 4794 2585 4794 2586 4794 2586 4795 2585 4795 2587 4795 2588 4796 2542 4796 2575 4796 2589 4797 2588 4797 2576 4797 2589 4798 2576 4798 2586 4798 2586 4799 2576 4799 2577 4799 2586 4800 2577 4800 2590 4800 2591 4801 2579 4801 2581 4801 2581 4802 2579 4802 2580 4802 2580 4803 2579 4803 2559 4803 2580 4804 2559 4804 2557 4804 2580 4805 2557 4805 2560 4805 2586 4806 2587 4806 2589 4806 2589 4807 2587 4807 2592 4807 2589 4808 2592 4808 2588 4808 2588 4809 2592 4809 2543 4809 2588 4810 2543 4810 2542 4810 2586 4811 2590 4811 2584 4811 2584 4812 2590 4812 2593 4812 2584 4813 2593 4813 2583 4813 2583 4814 2593 4814 2591 4814 2583 4815 2591 4815 2581 4815 2536 4816 2580 4816 2560 4816 2588 4817 2575 4817 2576 4817 2590 4818 2577 4818 2565 4818 2590 4819 2565 4819 2593 4819 2593 4820 2565 4820 2578 4820 2593 4821 2578 4821 2591 4821 2591 4822 2578 4822 2579 4822 2340 4823 2324 4823 2594 4823 2595 4824 2340 4824 2594 4824 2594 4825 2324 4825 2527 4825 2540 4826 2423 4826 2524 4826 2524 4827 2423 4827 2425 4827 2524 4828 2425 4828 2541 4828 2538 4829 2541 4829 2596 4829 2538 4830 2596 4830 2539 4830 2539 4831 2596 4831 2597 4831 2598 4832 2599 4832 2600 4832 2598 4833 2600 4833 2601 4833 2601 4834 2600 4834 2602 4834 2603 4835 2602 4835 2604 4835 2603 4836 2604 4836 2605 4836 2605 4837 2604 4837 2606 4837 2605 4838 2606 4838 2607 4838 2608 4839 2607 4839 2609 4839 2610 4840 2609 4840 2611 4840 2610 4841 2611 4841 2612 4841 2612 4842 2611 4842 2595 4842 2612 4843 2613 4843 2614 4843 2612 4844 2614 4844 2610 4844 2610 4845 2615 4845 2608 4845 2608 4846 2615 4846 2616 4846 2608 4847 2616 4847 2607 4847 2607 4848 2616 4848 2605 4848 2605 4849 2616 4849 2617 4849 2605 4850 2617 4850 2603 4850 2603 4851 2617 4851 2618 4851 2618 4852 2619 4852 2601 4852 2601 4853 2620 4853 2598 4853 2598 4854 2620 4854 2621 4854 2622 4855 2621 4855 2623 4855 2622 4856 2623 4856 2539 4856 2552 4857 2485 4857 2430 4857 2552 4858 2430 4858 2520 4858 2521 4859 2624 4859 2550 4859 2555 4860 2550 4860 2623 4860 2555 4861 2623 4861 2573 4861 2573 4862 2621 4862 2620 4862 2568 4863 2619 4863 2617 4863 2568 4864 2617 4864 2566 4864 2566 4865 2616 4865 2564 4865 2564 4866 2616 4866 2615 4866 2564 4867 2615 4867 2561 4867 2561 4868 2614 4868 2613 4868 2520 4869 2430 4869 2524 4869 2520 4870 2524 4870 2624 4870 2624 4871 2537 4871 2550 4871 2550 4872 2537 4872 2539 4872 2550 4873 2539 4873 2623 4873 2573 4874 2623 4874 2621 4874 2571 4875 2620 4875 2601 4875 2571 4876 2601 4876 2619 4876 2619 4877 2618 4877 2617 4877 2566 4878 2617 4878 2616 4878 2561 4879 2615 4879 2610 4879 2561 4880 2610 4880 2614 4880 2556 4881 2613 4881 2594 4881 2556 4882 2594 4882 2529 4882 2529 4883 2594 4883 2527 4883 2430 4884 2523 4884 2524 4884 2624 4885 2524 4885 2538 4885 2624 4886 2538 4886 2537 4886 2539 4887 2597 4887 2622 4887 2621 4888 2622 4888 2599 4888 2621 4889 2599 4889 2598 4889 2601 4890 2602 4890 2618 4890 2618 4891 2602 4891 2603 4891 2610 4892 2608 4892 2609 4892 2613 4893 2612 4893 2595 4893 2613 4894 2595 4894 2594 4894 2527 4895 2625 4895 2525 4895 2521 4896 2520 4896 2624 4896 2574 4897 2573 4897 2620 4897 2574 4898 2620 4898 2572 4898 2572 4899 2620 4899 2571 4899 2570 4900 2571 4900 2619 4900 2570 4901 2619 4901 2568 4901 2567 4902 2568 4902 2566 4902 2563 4903 2564 4903 2561 4903 2558 4904 2561 4904 2613 4904 2558 4905 2613 4905 2556 4905 2626 4906 2627 4906 2628 4906 2629 4907 2630 4907 2631 4907 2632 4908 2633 4908 2634 4908 2635 4909 2636 4909 2637 4909 2635 4910 2637 4910 2638 4910 2638 4911 2637 4911 2639 4911 2638 4912 2639 4912 2640 4912 2640 4913 2639 4913 2641 4913 2640 4914 2641 4914 2642 4914 2642 4915 2641 4915 2643 4915 2644 4916 2641 4916 2639 4916 2644 4917 2639 4917 2645 4917 2645 4918 2639 4918 2637 4918 2645 4919 2637 4919 2636 4919 2646 4920 2647 4920 2648 4920 2649 4921 2646 4921 2650 4921 2649 4922 2650 4922 2651 4922 2650 4923 2648 4923 2652 4923 2638 4924 2653 4924 2654 4924 2638 4925 2654 4925 2655 4925 2635 4926 2655 4926 2656 4926 2635 4927 2656 4927 2657 4927 2657 4928 2656 4928 2658 4928 2642 4929 2659 4929 2640 4929 2636 4930 2635 4930 2657 4930 2651 4931 2650 4931 2652 4931 2654 4932 2660 4932 2661 4932 2662 4933 2663 4933 2664 4933 2664 4934 2663 4934 2665 4934 2665 4935 2666 4935 2667 4935 2668 4936 2669 4936 2670 4936 2670 4937 2669 4937 2671 4937 2656 4938 2655 4938 2672 4938 2672 4939 2655 4939 2654 4939 2673 4940 2674 4940 2664 4940 2661 4941 2664 4941 2665 4941 2661 4942 2665 4942 2667 4942 2672 4943 2675 4943 2656 4943 2656 4944 2675 4944 2658 4944 2658 4945 2675 4945 2676 4945 2658 4946 2676 4946 2677 4946 2677 4947 2676 4947 2678 4947 2677 4948 2678 4948 2679 4948 2677 4949 2679 4949 2680 4949 2680 4950 2679 4950 2681 4950 2674 4951 2662 4951 2664 4951 2667 4952 2666 4952 2672 4952 2672 4953 2666 4953 2675 4953 2663 4954 2668 4954 2665 4954 2665 4955 2668 4955 2666 4955 2666 4956 2670 4956 2675 4956 2675 4957 2670 4957 2671 4957 2675 4958 2671 4958 2676 4958 2682 4959 2679 4959 2678 4959 2670 4960 2666 4960 2668 4960 2676 4961 2671 4961 2683 4961 2676 4962 2683 4962 2682 4962 2676 4963 2682 4963 2678 4963 2682 4964 2684 4964 2679 4964 2682 4965 2685 4965 2684 4965 2685 4966 2682 4966 2393 4966 2393 4967 2682 4967 2683 4967 2686 4968 2687 4968 2684 4968 2686 4969 2684 4969 2685 4969 2679 4970 2684 4970 2681 4970 2669 4971 2683 4971 2671 4971 2626 4972 2628 4972 2688 4972 2654 4973 2653 4973 2660 4973 2689 4974 2690 4974 2691 4974 2661 4975 2660 4975 2692 4975 2692 4976 2660 4976 2693 4976 2692 4977 2693 4977 2694 4977 2694 4978 2693 4978 2695 4978 2694 4979 2695 4979 2696 4979 2696 4980 2695 4980 2697 4980 2696 4981 2697 4981 2698 4981 2698 4982 2697 4982 2690 4982 2698 4983 2690 4983 2689 4983 2689 4984 2691 4984 2699 4984 2626 4985 2688 4985 2700 4985 2701 4986 2673 4986 2702 4986 2703 4987 2704 4987 2705 4987 2698 4988 2705 4988 2706 4988 2698 4989 2706 4989 2707 4989 2702 4990 2707 4990 2701 4990 2708 4991 2709 4991 2699 4991 2699 4992 2709 4992 2703 4992 2699 4993 2703 4993 2689 4993 2689 4994 2703 4994 2705 4994 2689 4995 2705 4995 2698 4995 2696 4996 2698 4996 2707 4996 2696 4997 2707 4997 2694 4997 2694 4998 2707 4998 2702 4998 2694 4999 2702 4999 2673 4999 2694 5000 2673 5000 2692 5000 2634 5001 2710 5001 2632 5001 2631 5002 2632 5002 2711 5002 2631 5003 2711 5003 2712 5003 2712 5004 2629 5004 2631 5004 2631 5005 2630 5005 2627 5005 2713 5006 2632 5006 2714 5006 2633 5007 2632 5007 2715 5007 2710 5008 2714 5008 2632 5008 2633 5009 2716 5009 2717 5009 2717 5010 2716 5010 2718 5010 2630 5011 2719 5011 2627 5011 2631 5012 2627 5012 2720 5012 2720 5013 2627 5013 2721 5013 2708 5014 2700 5014 2709 5014 2708 5015 2626 5015 2700 5015 2722 5016 2723 5016 2724 5016 2724 5017 2723 5017 2721 5017 2721 5018 2708 5018 2724 5018 2725 5019 2726 5019 2727 5019 2649 5020 2728 5020 2729 5020 2647 5021 2730 5021 2731 5021 2732 5022 2731 5022 2733 5022 2732 5023 2733 5023 2734 5023 2734 5024 2733 5024 2735 5024 2735 5025 2733 5025 2736 5025 2735 5026 2736 5026 2737 5026 2737 5027 2736 5027 2738 5027 2738 5028 2736 5028 2739 5028 2738 5029 2739 5029 2740 5029 2740 5030 2739 5030 2727 5030 2646 5031 2649 5031 2729 5031 2645 5032 2732 5032 2734 5032 2645 5033 2734 5033 2644 5033 2644 5034 2734 5034 2735 5034 2735 5035 2737 5035 2741 5035 2741 5036 2737 5036 2738 5036 2741 5037 2738 5037 2742 5037 2742 5038 2738 5038 2740 5038 2743 5039 2728 5039 2649 5039 2646 5040 2729 5040 2730 5040 2646 5041 2730 5041 2647 5041 2732 5042 2647 5042 2731 5042 2744 5043 2727 5043 2739 5043 2722 5044 2745 5044 2723 5044 2723 5045 2720 5045 2721 5045 2716 5046 2715 5046 2723 5046 2716 5047 2723 5047 2718 5047 2718 5048 2723 5048 2745 5048 2745 5049 2746 5049 2725 5049 2745 5050 2725 5050 2718 5050 2747 5051 2726 5051 2746 5051 2746 5052 2726 5052 2725 5052 2715 5053 2716 5053 2633 5053 2722 5054 2746 5054 2745 5054 2720 5055 2715 5055 2631 5055 2648 5056 2650 5056 2646 5056 2657 5057 2648 5057 2647 5057 2657 5058 2647 5058 2636 5058 2748 5059 2643 5059 2741 5059 2748 5060 2741 5060 2749 5060 2749 5061 2741 5061 2742 5061 2749 5062 2742 5062 2750 5062 2747 5063 2750 5063 2726 5063 2718 5064 2725 5064 2717 5064 2724 5065 2708 5065 2699 5065 2724 5066 2699 5066 2722 5066 2722 5067 2699 5067 2691 5067 2722 5068 2691 5068 2746 5068 2746 5069 2691 5069 2751 5069 2751 5070 2697 5070 2749 5070 2749 5071 2697 5071 2752 5071 2749 5072 2752 5072 2748 5072 2748 5073 2752 5073 2642 5073 2640 5074 2659 5074 2653 5074 2640 5075 2653 5075 2638 5075 2635 5076 2638 5076 2655 5076 2648 5077 2657 5077 2753 5077 2648 5078 2753 5078 2652 5078 2713 5079 2711 5079 2632 5079 2715 5080 2632 5080 2631 5080 2715 5081 2720 5081 2723 5081 2747 5082 2746 5082 2751 5082 2747 5083 2751 5083 2750 5083 2750 5084 2751 5084 2749 5084 2643 5085 2748 5085 2642 5085 2651 5086 2743 5086 2649 5086 2636 5087 2647 5087 2732 5087 2636 5088 2732 5088 2645 5088 2641 5089 2644 5089 2735 5089 2641 5090 2735 5090 2643 5090 2643 5091 2735 5091 2741 5091 2742 5092 2740 5092 2750 5092 2750 5093 2740 5093 2726 5093 2726 5094 2740 5094 2727 5094 2727 5095 2744 5095 2725 5095 2725 5096 2744 5096 2717 5096 2391 5097 2687 5097 2686 5097 2753 5098 2754 5098 2652 5098 2680 5099 2754 5099 2753 5099 2680 5100 2753 5100 2677 5100 2677 5101 2753 5101 2657 5101 2677 5102 2657 5102 2658 5102 2701 5103 2674 5103 2673 5103 2673 5104 2664 5104 2692 5104 2692 5105 2664 5105 2661 5105 2654 5106 2661 5106 2667 5106 2654 5107 2667 5107 2672 5107 2681 5108 2754 5108 2680 5108 2660 5109 2653 5109 2659 5109 2660 5110 2659 5110 2693 5110 2693 5111 2659 5111 2642 5111 2693 5112 2642 5112 2695 5112 2695 5113 2642 5113 2752 5113 2695 5114 2752 5114 2697 5114 2690 5115 2697 5115 2751 5115 2690 5116 2751 5116 2691 5116 2626 5117 2708 5117 2721 5117 2626 5118 2721 5118 2627 5118 2628 5119 2627 5119 2755 5119 2755 5120 2627 5120 2719 5120 2756 5121 2757 5121 2758 5121 2759 5122 2760 5122 2761 5122 2762 5123 2763 5123 2764 5123 2765 5124 2766 5124 2767 5124 2765 5125 2767 5125 2768 5125 2763 5126 2769 5126 2764 5126 2764 5127 2769 5127 2770 5127 2771 5128 2770 5128 2772 5128 2771 5129 2772 5129 2773 5129 2774 5130 2775 5130 2776 5130 2774 5131 2776 5131 2777 5131 2769 5132 2763 5132 2778 5132 2767 5133 2773 5133 2760 5133 2767 5134 2760 5134 2779 5134 2776 5135 2780 5135 2777 5135 2781 5136 2782 5136 2783 5136 2782 5137 2772 5137 2784 5137 2784 5138 2772 5138 2770 5138 2785 5139 2784 5139 2786 5139 2786 5140 2784 5140 2769 5140 2769 5141 2784 5141 2770 5141 2778 5142 2786 5142 2769 5142 2759 5143 2761 5143 2787 5143 2760 5144 2781 5144 2761 5144 2781 5145 2783 5145 2788 5145 2782 5146 2784 5146 2783 5146 2784 5147 2789 5147 2783 5147 2788 5148 2783 5148 2790 5148 2791 5149 2792 5149 2789 5149 2789 5150 2792 5150 2783 5150 2784 5151 2785 5151 2789 5151 2789 5152 2785 5152 2793 5152 2789 5153 2793 5153 2791 5153 2791 5154 2793 5154 2794 5154 2791 5155 2794 5155 2795 5155 2794 5156 2796 5156 2797 5156 2798 5157 2799 5157 2800 5157 2785 5158 2801 5158 2793 5158 2793 5159 2801 5159 2802 5159 2793 5160 2802 5160 2794 5160 2794 5161 2802 5161 2796 5161 2797 5162 2803 5162 2794 5162 2794 5163 2803 5163 2795 5163 2795 5164 2803 5164 2364 5164 2804 5165 2364 5165 2362 5165 2804 5166 2362 5166 2805 5166 2757 5167 2756 5167 2806 5167 2783 5168 2792 5168 2790 5168 2788 5169 2790 5169 2787 5169 2787 5170 2790 5170 2807 5170 2808 5171 2809 5171 2810 5171 2756 5172 2810 5172 2811 5172 2812 5173 2813 5173 2688 5173 2814 5174 2806 5174 2815 5174 2815 5175 2806 5175 2816 5175 2759 5176 2787 5176 2817 5176 2758 5177 2818 5177 2756 5177 2806 5178 2756 5178 2811 5178 2806 5179 2811 5179 2816 5179 2810 5180 2809 5180 2819 5180 2810 5181 2819 5181 2811 5181 2800 5182 2799 5182 2820 5182 2800 5183 2820 5183 2821 5183 2805 5184 2821 5184 2804 5184 2822 5185 2809 5185 2823 5185 2822 5186 2823 5186 2824 5186 2824 5187 2823 5187 2825 5187 2824 5188 2825 5188 2826 5188 2826 5189 2825 5189 2798 5189 2798 5190 2825 5190 2799 5190 2805 5191 2800 5191 2821 5191 2364 5192 2804 5192 2827 5192 2364 5193 2827 5193 2795 5193 2761 5194 2781 5194 2788 5194 2761 5195 2788 5195 2787 5195 2787 5196 2807 5196 2828 5196 2787 5197 2828 5197 2817 5197 2817 5198 2828 5198 2829 5198 2817 5199 2829 5199 2830 5199 2830 5200 2829 5200 2831 5200 2830 5201 2831 5201 2832 5201 2832 5202 2831 5202 2833 5202 2832 5203 2833 5203 2808 5203 2818 5204 2808 5204 2810 5204 2818 5205 2810 5205 2756 5205 2792 5206 2791 5206 2827 5206 2792 5207 2827 5207 2804 5207 2792 5208 2804 5208 2790 5208 2790 5209 2804 5209 2821 5209 2790 5210 2821 5210 2807 5210 2807 5211 2821 5211 2820 5211 2807 5212 2820 5212 2828 5212 2828 5213 2820 5213 2799 5213 2828 5214 2799 5214 2829 5214 2829 5215 2799 5215 2825 5215 2829 5216 2825 5216 2831 5216 2831 5217 2825 5217 2833 5217 2833 5218 2825 5218 2823 5218 2833 5219 2823 5219 2808 5219 2808 5220 2823 5220 2809 5220 2834 5221 2835 5221 2836 5221 2835 5222 2714 5222 2634 5222 2835 5223 2634 5223 2837 5223 2835 5224 2837 5224 2836 5224 2836 5225 2837 5225 2838 5225 2836 5226 2838 5226 2839 5226 2839 5227 2838 5227 2840 5227 2840 5228 2838 5228 2841 5228 2842 5229 2836 5229 2839 5229 2840 5230 2843 5230 2839 5230 2839 5231 2843 5231 2842 5231 2714 5232 2835 5232 2711 5232 2711 5233 2835 5233 2844 5233 2844 5234 2835 5234 2712 5234 2712 5235 2835 5235 2845 5235 2845 5236 2835 5236 2629 5236 2629 5237 2835 5237 2846 5237 2846 5238 2835 5238 2834 5238 2846 5239 2834 5239 2630 5239 2630 5240 2834 5240 2755 5240 2755 5241 2834 5241 2847 5241 2834 5242 2848 5242 2847 5242 2842 5243 2848 5243 2834 5243 2628 5244 2849 5244 2847 5244 2813 5245 2814 5245 2815 5245 2843 5246 2850 5246 2851 5246 2843 5247 2851 5247 2852 5247 2847 5248 2848 5248 2813 5248 2847 5249 2813 5249 2628 5249 2628 5250 2813 5250 2812 5250 2840 5251 2850 5251 2843 5251 2842 5252 2843 5252 2852 5252 2842 5253 2852 5253 2848 5253 2842 5254 2834 5254 2836 5254 2850 5255 2853 5255 2854 5255 2850 5256 2854 5256 2851 5256 2848 5257 2814 5257 2813 5257 2848 5258 2852 5258 2806 5258 2848 5259 2806 5259 2814 5259 2849 5260 2755 5260 2847 5260 2850 5261 2840 5261 2841 5261 2850 5262 2841 5262 2853 5262 2853 5263 2841 5263 2855 5263 2853 5264 2855 5264 2856 5264 2856 5265 2855 5265 2857 5265 2857 5266 2855 5266 2858 5266 2857 5267 2858 5267 2859 5267 2859 5268 2858 5268 2860 5268 2860 5269 2858 5269 2861 5269 2860 5270 2861 5270 2862 5270 2862 5271 2861 5271 2863 5271 2863 5272 2861 5272 2864 5272 2863 5273 2864 5273 2766 5273 2766 5274 2864 5274 2865 5274 2766 5275 2765 5275 2863 5275 2863 5276 2765 5276 2768 5276 2863 5277 2768 5277 2862 5277 2862 5278 2768 5278 2775 5278 2862 5279 2775 5279 2860 5279 2860 5280 2775 5280 2774 5280 2860 5281 2774 5281 2859 5281 2859 5282 2774 5282 2857 5282 2866 5283 2867 5283 2778 5283 2866 5284 2778 5284 2868 5284 2868 5285 2778 5285 2763 5285 2868 5286 2763 5286 2762 5286 2762 5287 2764 5287 2865 5287 2865 5288 2764 5288 2771 5288 2865 5289 2771 5289 2766 5289 2853 5290 2869 5290 2854 5290 2851 5291 2758 5291 2852 5291 2852 5292 2757 5292 2806 5292 2854 5293 2869 5293 2870 5293 2854 5294 2870 5294 2758 5294 2764 5295 2770 5295 2771 5295 2766 5296 2771 5296 2773 5296 2766 5297 2773 5297 2767 5297 2768 5298 2767 5298 2779 5298 2768 5299 2779 5299 2775 5299 2774 5300 2777 5300 2871 5300 2871 5301 2777 5301 2872 5301 2871 5302 2872 5302 2873 5302 2773 5303 2772 5303 2782 5303 2773 5304 2782 5304 2760 5304 2779 5305 2760 5305 2874 5305 2779 5306 2874 5306 2776 5306 2777 5307 2780 5307 2872 5307 2872 5308 2780 5308 2875 5308 2775 5309 2779 5309 2776 5309 2873 5310 2872 5310 2875 5310 2873 5311 2875 5311 2876 5311 2873 5312 2876 5312 2877 5312 2877 5313 2876 5313 2869 5313 2869 5314 2876 5314 2878 5314 2869 5315 2878 5315 2870 5315 2774 5316 2871 5316 2857 5316 2857 5317 2871 5317 2873 5317 2857 5318 2873 5318 2856 5318 2856 5319 2873 5319 2877 5319 2856 5320 2877 5320 2853 5320 2853 5321 2877 5321 2869 5321 2851 5322 2854 5322 2758 5322 2852 5323 2758 5323 2757 5323 2791 5324 2795 5324 2827 5324 2782 5325 2781 5325 2760 5325 2874 5326 2760 5326 2759 5326 2874 5327 2759 5327 2776 5327 2776 5328 2759 5328 2817 5328 2776 5329 2817 5329 2780 5329 2780 5330 2817 5330 2830 5330 2780 5331 2830 5331 2875 5331 2875 5332 2830 5332 2832 5332 2875 5333 2832 5333 2876 5333 2876 5334 2832 5334 2808 5334 2876 5335 2808 5335 2878 5335 2878 5336 2808 5336 2818 5336 2878 5337 2818 5337 2870 5337 2870 5338 2818 5338 2758 5338 2409 5339 2455 5339 2879 5339 2469 5340 2467 5340 2468 5340 2880 5341 2407 5341 2409 5341 2881 5342 2488 5342 2407 5342 2489 5343 2488 5343 2881 5343 2684 5344 2687 5344 2882 5344 2681 5345 2684 5345 2882 5345 2882 5346 2883 5346 2681 5346 2883 5347 2754 5347 2681 5347 2652 5348 2754 5348 2883 5348 2469 5349 2468 5349 2879 5349 2879 5350 2468 5350 2728 5350 2884 5351 2743 5351 2651 5351 2884 5352 2879 5352 2743 5352 2743 5353 2879 5353 2728 5353 2455 5354 2469 5354 2879 5354 2884 5355 2883 5355 2882 5355 2884 5356 2882 5356 2880 5356 2880 5357 2881 5357 2407 5357 2687 5358 2885 5358 2881 5358 2687 5359 2881 5359 2882 5359 2882 5360 2881 5360 2880 5360 2885 5361 2489 5361 2881 5361 2651 5362 2652 5362 2884 5362 2884 5363 2652 5363 2883 5363 2879 5364 2884 5364 2880 5364 2879 5365 2880 5365 2409 5365 2886 5366 2534 5366 2533 5366 2886 5367 2582 5367 2534 5367 2887 5368 2585 5368 2886 5368 2886 5369 2585 5369 2582 5369 2887 5370 2587 5370 2585 5370 2887 5371 2592 5371 2587 5371 2888 5372 2543 5372 2887 5372 2887 5373 2543 5373 2592 5373 2888 5374 2546 5374 2544 5374 2888 5375 2544 5375 2543 5375 2888 5376 2547 5376 2546 5376 2888 5377 2554 5377 2547 5377 2888 5378 2532 5378 2554 5378 2889 5379 2531 5379 2888 5379 2888 5380 2531 5380 2532 5380 2889 5381 2417 5381 2531 5381 2889 5382 2415 5382 2414 5382 2889 5383 2414 5383 2417 5383 2889 5384 2483 5384 2415 5384 2889 5385 2484 5385 2483 5385 2890 5386 2481 5386 2482 5386 2890 5387 2482 5387 2889 5387 2889 5388 2482 5388 2484 5388 2890 5389 2479 5389 2480 5389 2890 5390 2480 5390 2481 5390 2890 5391 2478 5391 2479 5391 2891 5392 2477 5392 2890 5392 2890 5393 2477 5393 2478 5393 2891 5394 2476 5394 2477 5394 2891 5395 2410 5395 2412 5395 2891 5396 2412 5396 2476 5396 2891 5397 2468 5397 2410 5397 2892 5398 2893 5398 2891 5398 2891 5399 2893 5399 2468 5399 2892 5400 2894 5400 2893 5400 2892 5401 2895 5401 2894 5401 2895 5402 2892 5402 2896 5402 2896 5403 2892 5403 2897 5403 2896 5404 2897 5404 2898 5404 2898 5405 2897 5405 2899 5405 2900 5406 2899 5406 2897 5406 2900 5407 2901 5407 2899 5407 2902 5408 2901 5408 2900 5408 2902 5409 2900 5409 2903 5409 2903 5410 2900 5410 2904 5410 2904 5411 2900 5411 2905 5411 2905 5412 2906 5412 2904 5412 2907 5413 2906 5413 2905 5413 2907 5414 2905 5414 2908 5414 2905 5415 2909 5415 2908 5415 2910 5416 2911 5416 2905 5416 2905 5417 2911 5417 2909 5417 2912 5418 2913 5418 2910 5418 2910 5419 2913 5419 2911 5419 2914 5420 2912 5420 2910 5420 2914 5421 2915 5421 2912 5421 2914 5422 2916 5422 2915 5422 2914 5423 2917 5423 2916 5423 2914 5424 2918 5424 2917 5424 2886 5425 2533 5425 2919 5425 2886 5426 2919 5426 2914 5426 2914 5427 2919 5427 2918 5427 2526 5428 2920 5428 2530 5428 2533 5429 2921 5429 2867 5429 2867 5430 2921 5430 2778 5430 2778 5431 2922 5431 2786 5431 2785 5432 2923 5432 2801 5432 2924 5433 2796 5433 2923 5433 2923 5434 2796 5434 2802 5434 2796 5435 2924 5435 2797 5435 2925 5436 2359 5436 2797 5436 2924 5437 2925 5437 2797 5437 2625 5438 2322 5438 2925 5438 2925 5439 2924 5439 2625 5439 2921 5440 2533 5440 2535 5440 2922 5441 2921 5441 2926 5441 2785 5442 2786 5442 2922 5442 2922 5443 2778 5443 2921 5443 2924 5444 2525 5444 2625 5444 2526 5445 2525 5445 2920 5445 2920 5446 2525 5446 2926 5446 2525 5447 2924 5447 2926 5447 2926 5448 2924 5448 2923 5448 2801 5449 2923 5449 2802 5449 2535 5450 2560 5450 2921 5450 2921 5451 2560 5451 2530 5451 2921 5452 2530 5452 2920 5452 2921 5453 2920 5453 2926 5453 2922 5454 2926 5454 2923 5454 2922 5455 2923 5455 2785 5455 110 0 111 0 2927 0 2927 0 111 0 112 0 2927 5456 112 5456 2928 5456 123 0 124 0 2929 0 2928 5457 112 5457 134 5457 2928 5458 134 5458 2930 5458 2930 5459 134 5459 132 5459 2930 5460 132 5460 2931 5460 2931 0 132 0 133 0 2931 0 133 0 2932 0 2932 0 133 0 120 0 2932 0 120 0 2933 0 2731 5461 105 5461 104 5461 2731 5462 104 5462 2733 5462 2733 5463 104 5463 102 5463 2733 5464 102 5464 2736 5464 2927 0 2934 0 110 0 110 0 2934 0 2935 0 110 0 2935 0 115 0 115 5465 2935 5465 2936 5465 115 5466 2936 5466 114 5466 114 5467 2936 5467 113 5467 2933 0 120 0 2937 0 2937 0 120 0 138 0 2937 5468 138 5468 2728 5468 131 5469 2633 5469 108 5469 2858 5470 2855 5470 125 5470 125 5471 2855 5471 127 5471 2936 5472 2938 5472 113 5472 113 0 2938 0 2939 0 113 0 2939 0 116 0 116 0 2939 0 2940 0 116 0 2940 0 117 0 2729 5473 106 5473 2730 5473 2730 5474 106 5474 105 5474 2730 5475 105 5475 2731 5475 2739 5476 2736 5476 103 5476 103 5477 2736 5477 102 5477 2739 5478 103 5478 109 5478 2717 5479 2744 5479 109 5479 109 5480 2744 5480 2739 5480 2633 5481 131 5481 2634 5481 2634 5482 131 5482 130 5482 129 5483 2838 5483 2837 5483 129 5484 2837 5484 2634 5484 129 5485 2634 5485 130 5485 2838 5486 129 5486 128 5486 2855 5487 2841 5487 127 5487 127 5488 2841 5488 128 5488 128 5489 2841 5489 2838 5489 118 0 2941 0 121 0 121 0 2941 0 2942 0 121 0 2942 0 124 0 124 0 2942 0 2943 0 124 0 2943 0 2929 0 106 5490 2729 5490 138 5490 138 5491 2729 5491 2728 5491 2633 5492 2717 5492 108 5492 108 5493 2717 5493 109 5493 2864 5494 137 5494 136 5494 2929 0 2944 0 123 0 123 5495 2944 5495 2866 5495 123 5496 2866 5496 139 5496 2940 0 2945 0 117 0 117 0 2945 0 2946 0 117 0 2946 0 119 0 119 0 2946 0 2947 0 119 0 2947 0 118 0 118 0 2947 0 2948 0 118 0 2948 0 2941 0 126 5497 2861 5497 2858 5497 126 5498 2858 5498 125 5498 135 5499 2762 5499 2865 5499 135 5500 2865 5500 136 5500 136 5501 2865 5501 2864 5501 137 5502 2864 5502 2861 5502 137 5503 2861 5503 126 5503 139 5504 2866 5504 2868 5504 139 5505 2868 5505 135 5505 135 5506 2868 5506 2762 5506 2906 5507 2907 5507 2938 5507 2919 5508 2533 5508 2867 5508 2919 5509 2867 5509 2866 5509 2929 5510 2917 5510 2944 5510 2944 5511 2917 5511 2918 5511 2944 5512 2918 5512 2866 5512 2866 5513 2918 5513 2919 5513 2943 5514 2916 5514 2929 5514 2929 5515 2916 5515 2917 5515 2942 5516 2915 5516 2943 5516 2943 5517 2915 5517 2916 5517 2912 5518 2941 5518 2948 5518 2941 5519 2912 5519 2942 5519 2942 5520 2912 5520 2915 5520 2911 5521 2947 5521 2946 5521 2911 5522 2913 5522 2947 5522 2947 5523 2913 5523 2948 5523 2948 5524 2913 5524 2912 5524 2940 5525 2908 5525 2945 5525 2945 5526 2908 5526 2909 5526 2945 5527 2909 5527 2946 5527 2946 5528 2909 5528 2911 5528 2939 5529 2907 5529 2940 5529 2940 5530 2907 5530 2908 5530 2938 5531 2907 5531 2939 5531 2906 5532 2938 5532 2936 5532 2936 5533 2904 5533 2906 5533 2904 5534 2936 5534 2935 5534 2904 5535 2935 5535 2903 5535 2934 5536 2902 5536 2903 5536 2934 5537 2903 5537 2935 5537 2902 5538 2934 5538 2927 5538 2902 5539 2927 5539 2901 5539 2901 5540 2927 5540 2928 5540 2901 5541 2928 5541 2899 5541 2899 5542 2928 5542 2930 5542 2899 5543 2930 5543 2898 5543 2896 5544 2898 5544 2930 5544 2896 5545 2930 5545 2931 5545 2932 5546 2895 5546 2896 5546 2932 5547 2896 5547 2931 5547 2895 5548 2932 5548 2933 5548 2895 5549 2933 5549 2894 5549 2937 5550 2893 5550 2894 5550 2937 5551 2894 5551 2933 5551 2937 5552 2728 5552 2893 5552 2893 5553 2728 5553 2468 5553 2305 5554 2321 5554 2306 5554 2306 5555 2321 5555 2323 5555 2306 5556 2323 5556 2325 5556 2306 5557 2325 5557 2342 5557 2306 5558 2342 5558 2314 5558 2314 5559 2342 5559 2344 5559 2314 5560 2344 5560 2357 5560 2314 5561 2357 5561 2315 5561 2315 5562 2357 5562 2316 5562 2315 5563 2316 5563 2318 5563 2315 5564 2318 5564 2320 5564 2315 5565 2320 5565 2304 5565 2304 5566 2320 5566 2338 5566 2304 5567 2338 5567 2331 5567 2304 5568 2331 5568 2313 5568 2313 5569 2331 5569 2333 5569 2313 5570 2333 5570 2326 5570 2313 5571 2326 5571 2328 5571 2313 5572 2328 5572 2330 5572 2313 5573 2330 5573 2312 5573 2312 5574 2330 5574 2387 5574 2312 5575 2387 5575 2389 5575 2312 5576 2389 5576 2397 5576 2312 5577 2397 5577 2311 5577 2311 5578 2397 5578 2399 5578 2311 5579 2399 5579 2390 5579 2311 5580 2390 5580 2392 5580 2311 5581 2392 5581 2381 5581 2311 5582 2381 5582 2310 5582 2310 5583 2381 5583 2383 5583 2310 5584 2383 5584 2376 5584 2310 5585 2376 5585 2378 5585 2310 5586 2378 5586 2309 5586 2309 5587 2378 5587 2371 5587 2309 5588 2371 5588 2373 5588 2309 5589 2373 5589 2350 5589 2309 5590 2350 5590 2308 5590 2308 5591 2350 5591 2352 5591 2308 5592 2352 5592 2345 5592 2308 5593 2345 5593 2307 5593 2307 5594 2345 5594 2347 5594 2307 5595 2347 5595 2349 5595 2307 5596 2349 5596 2368 5596 2307 5597 2368 5597 2305 5597 2305 5598 2368 5598 2361 5598 2305 5599 2361 5599 2363 5599 2305 5600 2363 5600 2358 5600 2305 5601 2358 5601 2321 5601 2687 5602 2391 5602 2400 5602 2687 5603 2400 5603 2885 5603 2686 5604 2685 5604 2391 5604 2391 5605 2685 5605 2393 5605 2393 5606 2683 5606 2669 5606 2393 5607 2669 5607 2394 5607 2668 5608 2382 5608 2394 5608 2668 5609 2394 5609 2669 5609 2662 5610 2384 5610 2663 5610 2663 5611 2384 5611 2382 5611 2663 5612 2382 5612 2668 5612 2384 5613 2662 5613 2674 5613 2384 5614 2674 5614 2377 5614 2377 5615 2674 5615 2701 5615 2377 5616 2701 5616 2707 5616 2377 5617 2707 5617 2379 5617 2707 5618 2706 5618 2379 5618 2379 5619 2706 5619 2380 5619 2380 5620 2706 5620 2705 5620 2380 5621 2705 5621 2704 5621 2380 5622 2704 5622 2372 5622 2704 5623 2703 5623 2372 5623 2372 5624 2703 5624 2374 5624 2374 5625 2703 5625 2709 5625 2374 5626 2709 5626 2700 5626 2374 5627 2700 5627 2375 5627 2375 5628 2700 5628 2688 5628 2375 5629 2688 5629 2813 5629 2375 5630 2813 5630 2351 5630 2813 5631 2815 5631 2351 5631 2351 5632 2815 5632 2353 5632 2353 5633 2815 5633 2816 5633 2353 5634 2816 5634 2354 5634 2354 5635 2816 5635 2811 5635 2354 5636 2811 5636 2819 5636 2354 5637 2819 5637 2346 5637 2346 5638 2819 5638 2809 5638 2346 5639 2809 5639 2348 5639 2348 5640 2809 5640 2822 5640 2348 5641 2822 5641 2824 5641 2348 5642 2824 5642 2366 5642 2366 5643 2824 5643 2826 5643 2366 5644 2826 5644 2367 5644 2826 5645 2798 5645 2367 5645 2367 5646 2798 5646 2369 5646 2798 5647 2800 5647 2369 5647 2369 5648 2800 5648 2370 5648 2370 5649 2800 5649 2805 5649 2370 5650 2805 5650 2362 5650 2364 5651 2803 5651 2365 5651 2797 5652 2359 5652 2365 5652 2797 5653 2365 5653 2803 5653 2359 5654 2925 5654 2360 5654 2360 5655 2925 5655 2322 5655 2322 5656 2625 5656 2324 5656 2527 5657 2324 5657 2625 5657 2611 5658 2341 5658 2595 5658 2595 5659 2341 5659 2340 5659 2341 5660 2611 5660 2343 5660 2343 5661 2611 5661 2609 5661 2343 5662 2609 5662 2607 5662 2343 5663 2607 5663 2355 5663 2604 5664 2356 5664 2606 5664 2606 5665 2356 5665 2355 5665 2606 5666 2355 5666 2607 5666 2602 5667 2356 5667 2604 5667 2600 5668 2317 5668 2356 5668 2600 5669 2356 5669 2602 5669 2599 5670 2317 5670 2600 5670 2597 5671 2319 5671 2622 5671 2622 5672 2319 5672 2317 5672 2622 5673 2317 5673 2599 5673 2319 5674 2597 5674 2336 5674 2336 5675 2597 5675 2596 5675 2336 5676 2596 5676 2541 5676 2336 5677 2541 5677 2337 5677 2541 5678 2425 5678 2337 5678 2337 5679 2425 5679 2949 5679 2949 5680 2421 5680 2337 5680 2337 5681 2421 5681 2339 5681 2339 5682 2421 5682 2404 5682 2404 5683 2406 5683 2339 5683 2339 5684 2406 5684 2332 5684 2332 5685 2406 5685 2334 5685 2334 5686 2406 5686 2493 5686 2334 5687 2493 5687 2495 5687 2334 5688 2495 5688 2335 5688 2335 5689 2495 5689 2327 5689 2327 5690 2495 5690 2497 5690 2327 5691 2497 5691 2499 5691 2327 5692 2499 5692 2329 5692 2499 5693 2500 5693 2329 5693 2329 5694 2500 5694 2385 5694 2385 5695 2500 5695 2502 5695 2385 5696 2502 5696 2492 5696 2385 5697 2492 5697 2386 5697 2388 5698 2386 5698 2491 5698 2388 5699 2491 5699 2504 5699 2388 5700 2504 5700 2506 5700 2388 5701 2506 5701 2395 5701 2395 5702 2506 5702 2487 5702 2487 5703 2396 5703 2395 5703 2396 5704 2486 5704 2398 5704 2398 5705 2489 5705 2400 5705 2400 5706 2489 5706 2885 5706 120 5707 133 5707 2892 5707 2892 5708 138 5708 120 5708 132 5709 134 5709 2897 5709 132 5710 2897 5710 133 5710 133 5711 2897 5711 2892 5711 112 5712 111 5712 2900 5712 112 5713 2900 5713 2897 5713 112 5714 2897 5714 134 5714 110 5715 115 5715 2900 5715 110 5716 2900 5716 111 5716 114 5717 2905 5717 115 5717 115 5718 2905 5718 2900 5718 2905 5719 114 5719 113 5719 2905 5720 113 5720 116 5720 2905 5721 116 5721 2910 5721 2910 5722 116 5722 117 5722 2910 5723 117 5723 119 5723 2910 5724 119 5724 118 5724 2910 5725 118 5725 2914 5725 2914 5726 118 5726 121 5726 2914 5727 121 5727 124 5727 2914 5728 124 5728 123 5728 2914 5729 123 5729 139 5729 2914 5730 139 5730 2886 5730 2886 5731 139 5731 135 5731 2886 5732 135 5732 136 5732 2886 5733 136 5733 137 5733 2886 5734 137 5734 2887 5734 2887 5735 137 5735 126 5735 2887 5736 126 5736 125 5736 2887 5737 125 5737 2888 5737 2888 5738 125 5738 127 5738 2888 5739 127 5739 128 5739 2888 5740 128 5740 129 5740 2888 5741 129 5741 130 5741 2888 5742 130 5742 2889 5742 131 5743 2889 5743 130 5743 108 5744 2889 5744 131 5744 109 5745 2889 5745 108 5745 103 5746 2890 5746 109 5746 109 5747 2890 5747 2889 5747 102 5748 2890 5748 103 5748 104 5749 2890 5749 102 5749 105 5750 2891 5750 104 5750 104 5751 2891 5751 2890 5751 106 5752 2891 5752 105 5752 2892 5753 2891 5753 138 5753 138 5754 2891 5754 106 5754 2381 5755 2950 5755 2392 5755 2392 5755 2950 5755 2390 5755 2383 5755 2951 5755 2381 5755 2381 5755 2951 5755 2952 5755 2381 5755 2952 5755 2950 5755 2371 5755 2953 5755 2378 5755 2378 5755 2953 5755 2376 5755 2373 5755 2954 5755 2955 5755 2363 5755 2358 5755 2956 5755 2957 5755 2958 5755 2959 5755 2950 5755 2960 5755 2390 5755 2390 5755 2960 5755 2399 5755 2953 5755 2961 5755 2376 5755 2376 5755 2961 5755 2383 5755 2383 5755 2961 5755 2951 5755 2955 5755 2962 5755 2373 5755 2373 5755 2962 5755 2371 5755 2371 5755 2962 5755 2963 5755 2371 5755 2963 5755 2953 5755 2957 5755 2959 5755 2320 5755 2956 5755 2358 5755 2964 5755 2964 5755 2358 5755 2321 5755 2964 5755 2321 5755 2360 5755 2344 5755 2357 5755 2965 5755 2316 5755 2966 5755 2357 5755 2357 5755 2966 5755 2965 5755 2318 5755 2967 5755 2316 5755 2316 5755 2967 5755 2966 5755 2320 5755 2959 5755 2968 5755 2320 5755 2968 5755 2318 5755 2318 5755 2968 5755 2967 5755 2389 5755 2397 5755 2969 5755 2960 5755 2400 5755 2399 5755 2399 5755 2400 5755 2970 5755 2399 5755 2970 5755 2397 5755 2397 5755 2970 5755 2969 5755 2326 5755 2328 5755 2971 5755 2345 5755 2972 5755 2352 5755 2352 5755 2972 5755 2954 5755 2954 5755 2972 5755 2955 5755 2347 5755 2973 5755 2345 5755 2345 5755 2973 5755 2972 5755 2368 5755 2974 5755 2349 5755 2349 5755 2974 5755 2347 5755 2347 5755 2974 5755 2975 5755 2347 5755 2975 5755 2973 5755 2331 5755 2976 5755 2957 5755 2957 5755 2976 5755 2958 5755 2333 5755 2977 5755 2331 5755 2331 5755 2977 5755 2976 5755 2326 5755 2971 5755 2978 5755 2326 5755 2978 5755 2333 5755 2333 5755 2978 5755 2977 5755 2330 5755 2979 5755 2328 5755 2328 5755 2979 5755 2971 5755 2361 5755 2980 5755 2368 5755 2368 5755 2980 5755 2974 5755 2323 5755 2325 5755 2981 5755 2342 5755 2982 5755 2325 5755 2325 5755 2982 5755 2983 5755 2325 5755 2983 5755 2981 5755 2965 5755 2984 5755 2344 5755 2344 5755 2984 5755 2342 5755 2342 5755 2984 5755 2982 5755 2387 5755 2985 5755 2330 5755 2330 5755 2985 5755 2979 5755 2389 5755 2969 5755 2986 5755 2389 5755 2986 5755 2387 5755 2387 5755 2986 5755 2985 5755 2363 5755 2956 5755 2987 5755 2363 5755 2987 5755 2361 5755 2361 5755 2987 5755 2980 5755 2323 5755 2981 5755 2988 5755 2323 5755 2988 5755 2321 5755 2321 5755 2988 5755 2360 5755 2989 5756 2990 5756 2991 5756 2989 5757 2991 5757 2959 5757 2959 5758 2991 5758 2992 5758 2959 5759 2992 5759 2968 5759 2968 5760 2992 5760 2993 5760 2968 5761 2993 5761 2967 5761 2967 5762 2993 5762 2994 5762 2967 5763 2994 5763 2966 5763 2966 5764 2994 5764 2995 5764 2966 5765 2995 5765 2965 5765 2965 5766 2995 5766 2996 5766 2965 5767 2996 5767 2984 5767 2984 5768 2996 5768 2997 5768 2984 5769 2997 5769 2982 5769 2982 5770 2997 5770 2998 5770 2982 5771 2998 5771 2983 5771 2983 5772 2998 5772 2999 5772 2983 5773 2999 5773 2981 5773 2981 5774 2999 5774 3000 5774 2981 5775 3000 5775 2988 5775 2988 5776 3000 5776 2360 5776 2400 5777 3001 5777 3002 5777 2400 5778 3002 5778 2970 5778 2970 5779 3002 5779 3003 5779 2970 5780 3003 5780 2969 5780 2969 5781 3003 5781 3004 5781 2969 5782 3004 5782 2986 5782 2986 5783 3004 5783 3005 5783 2986 5784 3005 5784 2985 5784 2985 5785 3005 5785 3006 5785 2985 5786 3006 5786 2979 5786 2979 5787 3006 5787 3007 5787 2979 5788 3007 5788 2971 5788 2971 5789 3007 5789 3008 5789 2971 5790 3008 5790 2978 5790 2978 5791 3008 5791 3009 5791 2978 5792 3009 5792 2977 5792 2977 5793 3009 5793 3010 5793 2977 5794 3010 5794 2976 5794 2976 5795 3010 5795 3011 5795 2976 5796 3011 5796 2958 5796 2360 5797 3000 5797 3012 5797 2360 5798 3012 5798 2964 5798 2964 5799 3012 5799 2956 5799 2956 5800 3012 5800 3013 5800 2956 5801 3013 5801 2987 5801 2987 5802 3013 5802 3014 5802 2987 5803 3014 5803 3015 5803 2987 5804 3015 5804 2980 5804 2980 5805 3015 5805 3016 5805 2980 5806 3016 5806 2974 5806 2974 5807 3016 5807 3017 5807 2974 5808 3017 5808 2975 5808 2975 5809 3017 5809 3018 5809 2975 5810 3018 5810 2973 5810 2973 5811 3018 5811 3019 5811 2973 5812 3019 5812 2972 5812 2972 5813 3019 5813 3020 5813 2972 5814 3020 5814 2955 5814 2955 5815 3020 5815 3021 5815 2955 5816 3021 5816 2962 5816 2962 5817 3021 5817 3022 5817 2962 5818 3022 5818 2963 5818 2963 5819 3022 5819 2953 5819 2953 5820 3022 5820 3023 5820 2953 5821 3023 5821 3024 5821 2953 5822 3024 5822 2961 5822 2961 5823 3024 5823 3025 5823 2961 5824 3025 5824 2951 5824 2951 5825 3025 5825 3026 5825 2951 5826 3026 5826 2952 5826 2952 5827 3026 5827 2950 5827 2950 5828 3026 5828 3027 5828 2950 5829 3027 5829 2960 5829 2960 5830 3027 5830 3001 5830 2960 5831 3001 5831 2400 5831 3028 4489 3020 4489 3029 4489 3029 4489 3020 4489 3030 4489 3011 4489 3031 4489 2991 4489 2991 4489 3031 4489 3032 4489 3000 4489 3033 4489 3012 4489 3030 4489 3018 4489 3034 4489 3034 4489 3018 4489 3017 4489 3028 4489 3021 4489 3020 4489 3015 4489 3033 4489 3034 4489 3020 4489 3019 4489 3030 4489 3030 4489 3019 4489 3018 4489 3024 4489 3023 4489 3035 4489 3035 4489 3023 4489 3022 4489 3035 4489 3022 4489 3028 4489 3028 4489 3022 4489 3021 4489 3036 4489 3009 4489 3008 4489 3037 4489 2995 4489 2994 4489 3038 4489 2997 4489 2996 4489 3038 4489 2996 4489 3037 4489 3037 4489 2996 4489 2995 4489 3038 4489 2999 4489 2998 4489 3038 4489 2998 4489 2997 4489 3015 4489 3014 4489 3033 4489 3033 4489 3014 4489 3013 4489 3033 4489 3013 4489 3012 4489 3034 4489 3017 4489 3016 4489 3034 4489 3016 4489 3015 4489 3008 4489 3007 4489 3036 4489 3036 4489 3007 4489 3039 4489 3039 4489 3007 4489 3006 4489 3031 4489 3011 4489 3010 4489 3031 4489 3010 4489 3036 4489 3036 4489 3010 4489 3009 4489 3037 4489 2992 4489 3032 4489 3032 4489 2992 4489 2991 4489 3037 4489 2994 4489 2993 4489 3037 4489 2993 4489 2992 4489 3033 4489 3000 4489 3038 4489 3038 4489 3000 4489 2999 4489 3006 4489 3005 4489 3039 4489 3039 4489 3005 4489 3040 4489 3040 4489 3005 4489 3004 4489 3002 4489 3041 4489 3040 4489 3004 4489 3003 4489 3040 4489 3040 4489 3003 4489 3002 4489 3002 4489 3001 4489 3041 4489 3041 4489 3001 4489 3027 4489 3041 4489 3025 4489 3035 4489 3035 4489 3025 4489 3024 4489 3041 4489 3027 4489 3026 4489 3041 4489 3026 4489 3025 4489 2321 5832 3033 5832 2323 5832 2323 5833 3033 5833 3038 5833 2323 5834 3038 5834 2325 5834 2325 5835 3038 5835 2342 5835 2342 5836 3038 5836 2344 5836 2344 5837 3038 5837 3037 5837 2344 5838 3037 5838 2357 5838 2357 5839 3037 5839 2316 5839 2316 5840 3037 5840 2318 5840 2318 5841 3037 5841 2320 5841 2320 5842 3037 5842 3032 5842 2320 5843 3032 5843 3042 5843 3042 5844 3032 5844 2331 5844 2331 5845 3032 5845 3036 5845 2331 5846 3036 5846 2333 5846 2333 5847 3036 5847 2326 5847 2326 5848 3036 5848 2328 5848 2328 5849 3036 5849 3039 5849 2328 5850 3039 5850 2330 5850 2330 5851 3039 5851 2387 5851 2387 5852 3039 5852 3040 5852 2387 5853 3040 5853 2389 5853 2389 5854 3040 5854 2397 5854 2397 5855 3040 5855 2399 5855 2399 5856 3040 5856 3041 5856 2399 5857 3041 5857 2390 5857 2390 5858 3041 5858 2392 5858 2392 5859 3041 5859 2381 5859 2381 5860 3041 5860 2383 5860 2383 5861 3041 5861 3035 5861 2383 5862 3035 5862 2376 5862 2376 5863 3035 5863 2378 5863 2378 5864 3035 5864 2371 5864 2371 5865 3035 5865 3028 5865 2371 5866 3028 5866 2373 5866 2373 5867 3028 5867 2954 5867 2954 5868 3028 5868 3030 5868 2954 5869 3030 5869 2352 5869 2352 5870 3030 5870 2345 5870 2345 5871 3030 5871 2347 5871 2347 5872 3030 5872 3034 5872 2347 5873 3034 5873 2349 5873 2349 5874 3034 5874 2368 5874 2368 5875 3034 5875 2361 5875 2361 5876 3034 5876 3033 5876 2361 5877 3033 5877 2363 5877 2363 5878 3033 5878 2358 5878 2358 5879 3033 5879 2321 5879</p>
        </triangles>
      </mesh>
    </geometry>
  </library_geometries>
  <library_visual_scenes>
    <visual_scene id="DefaultScene">
      <node id="node_ed94e9e0_969c_40aa_9733_2ba35eeb451e" type="NODE">
        <matrix>1 0 0 0 0 1 0 0 0 0 1 0 0 0 0 1</matrix>
        <node id="node_722eae05_3bf1_405e_bab8_2015edd84996" type="NODE">
          <matrix>1 0 0 0 0 1 0 0 0 0 1 0 0 0 0 1</matrix>
          <node id="node_722eae05_3bf1_405e_bab8_2015edd84996_mesh0" type="NODE">
            <matrix>1 0 0 0 0 1 0 0 0 0 1 0 0 0 0 1</matrix>
            <instance_geometry url="#geometry_eae59623_d53f_42df_a454_238c458e8770">
              <bind_material>
                <technique_common>
                  <instance_material symbol="mat_0" target="#mat_0"/>
                </technique_common>
              </bind_material>
            </instance_geometry>
          </node>
        </node>
      </node>
    </visual_scene>
  </library_visual_scenes>
  <scene>
    <instance_visual_scene url="#DefaultScene"/>
  </scene>
</COLLADA>
