<?xml version="1.0" encoding="UTF-8"?>
<COLLADA xmlns="http://www.collada.org/2005/11/COLLADASchema" version="1.4.1">
<!--
# File generated by ImageToStl.com - Free Image and 3D model conversion tools
-->
  <asset>
    <contributor>
      <author>ImageToStl.com</author>
      <authoring_tool>ImageToStl.com</authoring_tool>
    </contributor>
    <created>2026-10-01T05:18:29</created>
    <modified>2026-10-01T05:18:29</modified>
    <up_axis>Z_UP</up_axis>
  </asset>
  <library_effects>
    <effect id="effect_0">
        <profile_COMMON>
          <technique sid="common">
            <phong>
              <diffuse>
                <color>0.9 0.9 0.9 1</color>
              </diffuse>
              <specular>
                <color>0.05 0.05 0.05 1</color>
              </specular>
              <shininess>
                <float>64</float>
              </shininess>
            </phong>
          </technique>
        </profile_COMMON>
    </effect>
  </library_effects>
  <library_materials>
    <material id="mat_0">
      <instance_effect url="#effect_0"/>
    </material>
  </library_materials>
  <library_geometries>
    <geometry id="geometry_67b77518_844d_4f2e_a0b9_585ede89e8d5">
      <mesh>
        <source id="pos_0">
          <float_array id="pos_0-array" count="10950">-0.00262003 0.17150003 1.00568509 -0.01157325 0.17150003 0.97377121 -0.01763373 0.17150003 0.97630244 -0.00057586 0.17150003 1.00504863 -0.00446089 0.17150003 0.97219294 0 0.17150003 1.00500011 7E-08 0.17150003 0.97199982 0.00146013 0.17150003 1.01487303 0.01876134 0.17150003 1.04309678 0.0039379 0.17150003 1.0131588 0 0.17150003 1.0150001 0.0003413 0.17150003 1.04804289 -0.00111929 0.17150003 1.01490164 -0.00732287 0.17150003 1.047333 -0.0380157 0.17150003 1.0118947 -0.00505979 0.17150003 1.01057017 -0.03766 0.17150003 1.00469422 -0.00442647 0.17150003 1.00757325 -0.03619712 0.17150003 0.99832773 -0.03009449 0.17150003 0.98674524 -0.03364785 0.17150003 0.99227124 -0.02456029 0.17150003 0.98088586 0.00086824 0.17150003 1.00507605 0.00595801 0.17150003 0.97243834 0.00575426 0.17150003 1.04756188 0.01171542 0.17150003 1.04619575 -0.0035096 0.17150003 1.01368928 -0.01468786 0.17150003 1.04509485 0.00242735 0.17150003 1.00557387 0.01367451 0.17150003 0.97445136 -0.02733752 0.17150003 1.03645825 -0.02145191 0.17150003 1.04141974 -0.03118901 0.17150003 1.03170836 -0.03400508 0.17150003 1.02705967 -0.03674286 0.17150003 1.01986599 0.02094935 0.17150003 0.97825867 0.0321886 0.17150003 0.98974472 0.02714056 0.17150003 0.98327798 0.00431517 0.17150003 1.00738049 0.03575345 0.17150003 0.99687064 0.00508195 0.17150003 1.01031697 0.03768167 0.17150003 1.00485206 0.03765582 0.17150003 1.01542342 0.03798042 0.17150027 1.00819659 0.03029289 0.17150003 1.03301561 0.03430567 0.17150003 1.02644682 0.0362573 0.17150003 1.02137589 0.02503947 0.17150003 1.03864264 -0.038 0.16450003 1.01000011 -0.03780504 0.16450003 1.01384449 -0.03691395 0.16450003 1.01920521 -0.03430567 0.16450003 1.02644682 -0.03029288 0.16450003 1.03301561 -0.02503947 0.16450003 1.03864264 -0.01876134 0.16450003 1.04309678 -0.01171542 0.16450003 1.04619575 -0.00575426 0.16450003 1.04756188 -0.0003413 0.16450003 1.04804289 0.00732287 0.16450003 1.047333 0.01468786 0.16450003 1.04509485 0.02145191 0.16450003 1.04141974 0.02733752 0.16450003 1.03645825 0.03118901 0.16450003 1.03170836 0.03400508 0.16450003 1.02705967 0.03674286 0.16450003 1.01986599 0.03780504 0.16450003 1.01384449 0.038 0.16450003 1.01000011 0 0.17150003 0.97200012 -1.3E-07 0.16450003 0.97198427 -0.00420406 0.16450003 0.97218156 -0.01102109 0.16450003 0.97359943 -0.01711834 0.16450003 0.97603774 -0.02392777 0.16450003 0.98036361 -0.02973799 0.16450003 0.98629099 -0.0333746 0.16450003 0.99176204 -0.03652937 0.16450003 0.9992063 -0.03788735 0.16450003 1.00684333 0.03775492 0.16450003 1.00542033 0.03602565 0.16450003 0.99763721 0.03248988 0.16450003 0.99023157 0.02770409 0.16450003 0.98386258 0.02142536 0.16450003 0.97857803 0.0144306 0.16450003 0.97475153 0.00652351 0.16450003 0.97253239 1.5E-07 0.16450003 0.97199953 0.00086824 0.16450003 1.01492417 0.0017101 0.16450003 1.01469862 0.0025 0.16450003 1.00566995 0.0017101 0.16450003 1.00530171 0.00086824 0.16450003 1.00507605 0 0.16450003 1.00500011 -0.00086824 0.16450003 1.00507605 0.0025 0.16450003 1.01433027 0.005 0.16450003 1.01000011 0.00492404 0.16450003 1.01086831 0.00469846 0.16450003 1.01171017 0.00492404 0.16450003 1.00913191 0.00433013 0.16450003 1.00750017 0.00383022 0.16450003 1.00678623 0 0.16450003 1.0150001 -0.00086824 0.16450003 1.01492417 0.00383022 0.16450003 1.01321411 0.00321394 0.16450003 1.0138303 0.00433013 0.16450003 1.01250017 0.00469846 0.16450003 1.00829005 0.00321394 0.16450003 1.00616992 -0.0017101 0.16450003 1.00530171 -0.0025 0.16450003 1.00566995 -0.0017101 0.16450003 1.01469862 -0.0025 0.16450003 1.01433027 -0.00321394 0.16450003 1.0138303 -0.00433013 0.16450003 1.00750017 -0.00383022 0.16450003 1.00678623 -0.00321394 0.16450003 1.00616992 -0.00469846 0.16450003 1.00829005 -0.00492404 0.16450003 1.00913191 -0.005 0.16450003 1.01000011 -0.00433013 0.16450003 1.01250017 -0.00469846 0.16450003 1.01171017 -0.00492404 0.16450003 1.01086831 -0.00383022 0.16450003 1.01321411 0 0.16450003 1.00500011 0 0.16450003 1.0150001 0.00146257 0.06856355 0.97832119 0.00107757 0.06888404 0.97749007 -0.00013911 0.06911711 0.97698325 -0.00146308 0.06843483 0.97877121 0.00116659 0.06830525 0.97944778 -0.0008559 0.06828147 0.97971445 0.00012847 0.06826031 0.97996879 -0.00124901 0.06878819 0.9777106 -0.02593851 0.07688246 1.02638412 -0.02597669 0.07591385 1.02496374 -0.02709276 0.07652583 1.02428544 -0.02830063 0.07816215 1.02463245 -0.02875856 0.079932 1.02587283 -0.02815543 0.08014306 1.02698517 -0.02678705 0.07843776 1.02715385 0.02777566 0.07978385 1.027161 0.02874048 0.0802011 1.02616167 0.02853465 0.0788018 1.0249939 0.02770573 0.07718441 1.02431512 0.02597651 0.0770049 1.02648795 0.02674495 0.07835934 1.02711141 0.0259001 0.07599099 1.02517152 0.0266579 0.07619866 1.02441752 0.00025766 0.07050003 0.97997391 -0.00023226 0.07050005 0.9815008 0.00174781 0.07050002 0.98094481 0.00121179 0.07050002 0.97934341 0.00291264 0.07049999 0.97924089 0.00147024 0.0705001 0.9782021 0.00277505 0.0705 0.97741789 0.00079459 0.07049999 0.97725874 0.00188732 0.07050003 0.97619754 6.863E-05 0.07049814 0.97546542 -0.0005433 0.0705 0.97707105 -0.00184413 0.07049973 0.97617054 -0.00142786 0.07050002 0.97811657 -0.00287503 0.07049991 0.97762191 -0.00117129 0.07050002 0.97948855 -0.00272892 0.07049993 0.97974938 -0.00172524 0.07050003 0.98090798 0.02599203 0.07483719 1.02306056 0.02520402 0.07455618 1.02363539 0.0262764 0.0825 1.02288723 0.0280219 0.08249643 1.02863145 0.02672784 0.08250003 1.02867913 0.02733184 0.08126785 1.0287416 0.02649335 0.07985174 1.02862036 0.02497032 0.08250004 1.02771127 0.02581543 0.07871348 1.02832162 0.02516404 0.07750051 1.02781832 0.02469977 0.07647035 1.02721035 0.02435426 0.0755088 1.0263679 0.02430161 0.08250002 1.025805 0.0243466 0.07487147 1.02530503 0.02470505 0.08250007 1.02423334 0.02466158 0.07453594 1.02434158 0.02759343 0.07620314 1.02279747 0.02728071 0.07575239 1.02273428 0.02827439 0.08250001 1.02294838 0.02864091 0.07768451 1.02310717 0.02967336 0.0825 1.02395284 0.02954744 0.07962826 1.02383268 0.02999708 0.0811915 1.02457416 0.03022463 0.0824973 1.02534378 -0.00091261 0.06838273 0.98133391 -0.00184141 0.06836657 0.98083258 -0.00236001 0.06826417 0.98050642 -0.00066692 0.0682712 0.98151839 -6.973E-05 0.068367 0.98146433 0.00065076 0.06830359 0.98142225 -0.03048577 0.08250007 1.02545786 -0.02825053 0.08250001 1.02692175 -0.02875683 0.08250003 1.02570176 -0.02599428 0.08250003 1.02650857 -0.02432565 0.08250003 1.02537656 -0.02587912 0.08250002 1.02523112 -0.02480453 0.08250002 1.02412248 -0.02657375 0.08250001 1.02446818 -0.02598538 0.08250002 1.02304411 -0.02758281 0.08250001 1.02428842 -0.02772369 0.08250001 1.02280891 -0.02910507 0.0825 1.02339864 -0.02843119 0.08250002 1.02484703 -0.02996568 0.08249994 1.02448618 -0.0282263 0.08250019 1.02883196 -0.02805777 0.08249992 1.02862251 -0.03022233 0.08249995 1.02535725 -0.02691944 0.08250002 1.02718425 -0.02654932 0.08250004 1.02865767 -0.02508286 0.08250003 1.02775693 -0.02445235 0.08250001 1.02662146 -0.02760849 0.08168845 1.02872646 -0.03011846 0.08173759 1.02489281 -0.0300616 0.0804551 1.02425992 -0.02984278 0.08054007 1.02426589 -0.02943854 0.07925814 1.0237093 -0.02461114 0.0762219 1.02709305 -0.02494055 0.07704055 1.02755761 -0.02549883 0.0780376 1.02831042 -0.02548526 0.07809337 1.02810442 -0.02672079 0.08012021 1.02886021 -0.02615727 0.07936224 1.02848637 -0.0268484 0.0805634 1.02867818 -0.02886227 0.07762609 1.02302217 -0.02884533 0.07801488 1.0232327 -0.02803614 0.07678655 1.02288711 -0.02692901 0.07545717 1.02277696 -0.02586618 0.07483108 1.0231477 -0.02499693 0.07450211 1.0238198 -0.00114804 0.07015184 0.97571212 -0.00065009 0.07022424 0.97546297 -0.00086408 0.07023592 0.97534323 -0.002711 0.06923071 0.9769516 -0.00271241 0.06925042 0.97731698 -0.00229703 0.06959926 0.97662216 -0.00296889 0.06878146 0.97823757 -0.00318055 0.06848383 0.97873151 -0.00173506 0.06991423 0.97607106 -0.00092856 0.07032185 0.97568583 -0.00247648 0.06842774 0.98011947 -0.00288013 0.06848766 0.97923714 0.02702217 0.0825 1.02722561 0.02607647 0.08250003 1.02659476 0.02579561 0.08250004 1.02552652 0.02663174 0.08250003 1.02438164 0.02827964 0.08250001 1.02458119 0.02873375 0.08250001 1.02613664 0.02823018 0.08250158 1.02883089 0.02805702 0.08250002 1.02699018 0.03046793 0.08249626 1.02543724 0.03011285 0.08059397 1.02431977 0.02895302 0.07785242 1.02312744 0.02534752 0.07776138 1.02819133 0.02703185 0.08069026 1.02898324 0.00295624 0.06874285 0.97848642 0.00283876 0.06851034 0.97933245 0.0030964 0.06844738 0.97894722 0.00217879 0.06965257 0.97619826 0.00232353 0.06958899 0.97665459 0.00280106 0.06911927 0.97746366 0.00189849 0.06986663 0.97620654 0.00122522 0.07015556 0.97578013 0.00084391 0.07019584 0.97548676 0.00071239 0.07029687 0.97560757 0.00300674 0.06892589 0.97757143 0.00170365 0.06828618 0.98101133 0.00267325 0.06826633 0.98014939 0.00247756 0.06838429 0.98013002 0.00183983 0.0683782 0.98083103 0.00083238 0.07024399 0.97532511 0.0015965 0.06827065 0.98253709 -0.00453685 0.06830844 0.98282075 0.00682222 0.06838103 0.9833259 0.01316386 0.06871179 0.98580098 0.01061833 0.06851934 0.98207355 -0.00844872 0.06841289 0.98127073 -0.00979821 0.06851566 0.98431695 -0.0147813 0.06884062 0.98676765 -0.02539919 0.0705855 0.99467409 -0.02696183 0.07100303 1.00008774 -0.02491691 0.07028157 0.99627382 -0.02844306 0.07334483 1.01474547 -0.02911525 0.07262916 1.00869393 -0.03082713 0.07422149 1.0090723 -0.02433844 0.07539558 1.02619553 -0.02200727 0.07544445 1.02890038 -0.02649463 0.08298007 1.03132653 0.00048235 0.08367412 1.04375541 -0.00304955 0.08391103 1.04374075 -0.00101905 0.08620688 1.04474103 -0.00747269 0.0861543 1.04397964 -0.0085705 0.08378956 1.04277897 -0.01350787 0.0860016 1.04199696 -0.01478642 0.0833724 1.04036641 -0.02597016 0.08494771 1.03312039 -0.02974402 0.08408996 1.02788663 -0.03256734 0.08299868 1.02212834 -0.03165642 0.08060761 1.02146435 -0.03293931 0.07956466 1.01663291 -0.03447296 0.08128075 1.01427531 -0.03461635 0.07944086 1.00675809 -0.03354819 0.07782406 1.00843501 -0.03300017 0.07675877 1.00261366 -0.03288133 0.0773047 0.99886549 -0.03170361 0.07643358 0.99582076 -0.02850804 0.07329524 0.99324876 -0.02842307 0.07478148 0.99008083 -0.01761062 0.07065687 0.98157132 -0.01857065 0.07193589 0.98066676 -0.02160034 0.07120976 0.98491418 -0.02215516 0.07274738 0.98329592 -0.01510993 0.07133324 0.97875679 -0.00635935 0.07041542 0.97586721 -0.00998768 0.07071298 0.97678292 -0.01177348 0.07088588 0.9773463 -0.0026929 0.07026759 0.97541666 -0.01956905 0.06932747 0.9906894 -0.01392931 0.06876955 0.98367786 -0.02175908 0.06971152 0.98994702 -0.02287948 0.06984104 0.99480718 -0.02529478 0.07041439 0.99928576 -0.02668316 0.07265387 1.01616573 -0.02734262 0.07207372 1.0118556 -0.02477617 0.07337455 1.02170908 -0.02611127 0.07384899 1.02088642 -0.02216267 0.07386998 1.0260036 -0.01878903 0.07432494 1.02985632 -0.02435603 0.07478064 1.02515996 -0.02835397 0.07510727 1.01973963 -0.03221637 0.07562843 1.00692117 -0.03088498 0.07392585 1.00279868 -0.02995674 0.07353003 0.9979558 -0.02481165 0.07235964 0.98747951 -0.02554569 0.07372668 0.98645538 -0.00601479 0.06948099 0.97708952 -0.01159805 0.06979626 0.97878152 -0.02490379 0.07118678 0.99037772 -0.02844879 0.071821 1.00435305 -0.02863431 0.07199676 1.00080705 -0.00640971 0.06874375 0.97874308 -0.01117241 0.06899262 0.9802404 -0.01604327 0.06939094 0.98288876 -0.02052597 0.07017349 0.98590153 -0.02712473 0.07140601 0.99602664 -0.02995405 0.07496633 1.01564395 -0.0300222 0.07772703 1.02096033 -0.03139514 0.07696491 1.01629603 -0.03261421 0.07707647 1.01190531 0.00167668 0.07814606 1.04041314 0.00175988 0.07617581 1.03854358 -0.00347931 0.07699575 1.03923094 -0.00817075 0.07805419 1.03935671 -0.00795025 0.07638326 1.03781235 -0.01308494 0.07719905 1.03690541 -0.01786991 0.07749352 1.03459227 -0.01737157 0.07591715 1.03316474 -0.02236788 0.07713643 1.0306927 -0.00329827 0.08025043 1.04181886 0.00179051 0.08071737 1.04221392 -0.00845234 0.08072336 1.0411998 -0.01415906 0.080258 1.0388639 -0.01780953 0.0800975 1.03677237 -0.02158311 0.07962869 1.03376091 -0.02471373 0.08130584 1.03214753 -0.02038049 0.08268376 1.03672671 -0.0180209 0.08578122 1.03973019 -0.02206555 0.08543846 1.03679991 -0.00105774 0.07511538 1.037323 -0.00606444 0.07504791 1.03660786 -0.01007174 0.07491909 1.0353775 -0.01477103 0.07467204 1.03300655 -0.01899552 0.06937607 0.98670697 -0.02714484 0.07126388 1.00589514 0.00038992 0.07023999 0.97544008 -0.00015533 0.07032917 0.9755224 0.02862738 0.07245553 0.99670833 0.03079982 0.07488044 0.99672097 0.02869844 0.0736762 0.99287122 0.0041429 0.07031762 0.97554636 0.01742874 0.07066491 0.98138583 0.0170621 0.07165416 0.97978121 0.01341057 0.07108635 0.97797352 0.02013186 0.07228247 0.98169529 0.02167032 0.07120336 0.98500973 0.02839193 0.07477377 0.99002779 0.0316995 0.07642642 0.99575388 0.03182992 0.07547927 0.99985695 0.03370974 0.07808618 1.00171876 0.03287391 0.07650615 1.00538456 0.0345108 0.07932879 1.00633872 0.03276441 0.07670991 1.00940335 0.03179803 0.08337978 1.0240283 0.02829742 0.08447333 1.03011775 0.02590758 0.0815267 1.03102469 0.02358405 0.08528434 1.03554058 0.01431123 0.08597438 1.0417074 0.01149597 0.08351827 1.04177094 0.00617487 0.08617472 1.0442735 0.00524148 0.08380035 1.04345322 0.00519855 0.07507101 1.03680372 0.01060377 0.07490814 1.03521109 0.01448353 0.07586547 1.03476608 0.0172213 0.07451275 1.03128576 0.01775047 0.07534978 1.03216338 0.02178999 0.07553156 1.02924573 0.02417805 0.07352909 1.02288735 0.02166464 0.07394195 1.02668703 0.01806223 0.06916173 0.98928261 0.0164284 0.06897935 0.98548138 0.02137982 0.0695729 0.9927451 0.02679158 0.07411368 1.02036166 0.03443448 0.08144722 1.01497877 0.03235972 0.0789025 1.01727009 0.03203883 0.08097757 1.02097034 0.02023136 0.07715048 1.03253591 0.01571503 0.07766721 1.0360465 0.01097238 0.07720591 1.03775835 0.0067625 0.07703026 1.03874695 0.00789545 0.07872647 1.03995049 0.02332552 0.07874537 1.03141212 0.01952668 0.07991591 1.03553164 0.01408557 0.0804197 1.03900909 0.00808486 0.08073986 1.0413053 0.02264507 0.08235288 1.03475702 0.01739089 0.08307263 1.03885686 0.01917011 0.08569747 1.03895426 0.03287795 0.07771514 1.01258707 0.03021247 0.07818526 1.02127004 0.03107837 0.07443799 1.0085336 0.02996108 0.07304023 1.00510263 0.0289956 0.07244732 1.00775635 0.03053707 0.07460685 1.01249576 0.03011232 0.07575615 1.01715386 0.02878163 0.07400204 1.01599669 0.02859023 0.07574505 1.02045882 0.03134897 0.07445437 1.00384426 0.02982542 0.07299913 1.00072384 0.00643709 0.06921519 0.97764039 0.01166064 0.06979011 0.97882062 0.01220468 0.06907219 0.98067909 0.01720544 0.06948023 0.98379034 0.02162722 0.07033353 0.9870494 0.02531501 0.07128909 0.99096668 0.02707309 0.0712731 0.99678487 0.00891148 0.07059665 0.97640681 0.02488165 0.07235998 0.98758698 0.02269385 0.0728913 0.98373955 0.02566096 0.07376105 0.98659921 0.02379597 0.07002731 0.99632502 0.02598983 0.07063378 1.00108242 0.02644108 0.07078824 0.99969083 0.02802819 0.07153706 1.00272977 0.02735082 0.07154267 1.00782168 0.02355297 0.06998806 0.99343497 0.02098862 0.06966905 0.98855138 0.02469736 0.0703772 0.99362564 0.00674082 0.06854059 0.97954726 0.02838462 0.07276053 1.01237333 0.0271567 0.0723113 1.01361966 0.02613438 0.0729105 1.01811838 -0.01394484 0.06761079 0.98631847 -0.01614072 0.06784431 0.98777789 -0.01747336 0.0679113 0.98876524 0.01810191 0.06798977 0.98932248 0.01596091 0.06783357 0.98764712 0.01471352 0.06765717 0.98675394 0.02020569 0.06827812 0.99138397 0.02085713 0.06829639 0.99196947 0.02257277 0.06864484 0.99436778 0.02405887 0.06894191 0.99680644 0.02397589 0.06884553 0.9964419 0.02563953 0.06931923 1.00015175 0.02704459 0.07117233 1.01431465 0.02736731 0.07078564 1.0115521 0.02712752 0.07115127 1.01453698 0.00764817 0.0736751 1.0362016 0.0110221 0.07355271 1.03499115 0.01037853 0.07354222 1.03534853 0.02340747 0.07237522 1.02414596 0.02348932 0.07233874 1.02424979 0.02130483 0.07268035 1.02718127 0.01461605 0.07335868 1.03308153 0.01472099 0.07332714 1.03316689 -0.00029844 0.07376806 1.03746104 0.00165763 0.07377593 1.03725159 0.00351159 0.07374178 1.03720546 0.00480238 0.07374097 1.03688288 0.00748493 0.07365941 1.03640878 0.01702646 0.07317573 1.03136373 0.0188802 0.07299413 1.02997279 0.01881808 0.0730105 1.02981555 0.02489042 0.07201579 1.02141237 0.02595093 0.07168287 1.01879644 0.02641404 0.07152207 1.01716447 0.02741582 0.07050431 1.00940466 0.02717148 0.07014042 1.00628221 0.02714419 0.06998066 1.00538611 0.02649484 0.06971893 1.00294006 0.02028788 0.07287166 1.02828503 0.03277466 0.07627301 0.99527121 0.03439178 0.07747942 0.99952948 0.03364633 0.07679644 0.99737865 0.03499795 0.07804927 1.00180995 0.03453755 0.07752369 0.99964166 0.03534104 0.07853179 1.00345802 0.03584753 0.08076104 1.01208496 0.0359052 0.08066658 1.01216829 0.03591216 0.07988423 1.0086422 0.03508728 0.08197661 1.01789141 0.03543088 0.08168046 1.01611245 0.03451065 0.08252531 1.02007592 0.03171999 0.08391234 1.02691185 0.02943031 0.08454005 1.03065479 0.03057906 0.08415218 1.02899015 0.02334199 0.08549391 1.03736806 0.02480339 0.08527562 1.03605902 0.02649535 0.0850822 1.03431833 0.02114625 0.08563343 1.03910971 0.01973047 0.08580752 1.04007792 0.01277354 0.08610772 1.04362249 0.01501311 0.08601129 1.04269564 0.017287 0.08593076 1.04154873 0.01032208 0.07033657 0.97559738 0.00550533 0.07024504 0.97492743 0.01546304 0.07124797 0.97824025 0.00057017 0.07015972 0.97457826 0.00263286 0.07016982 0.97462547 -0.00037178 0.0698826 0.97408831 -0.00977188 0.07061411 0.97622752 -0.00613295 0.07038534 0.97543621 -0.00693421 0.07026035 0.97506845 -0.00940552 0.0702081 0.97524166 -0.01161631 0.07073631 0.97657877 -0.01680387 0.07143689 0.97886318 -0.02011645 0.07175899 0.9801107 -0.02111868 0.07227521 0.98160625 0.0105922 0.08615258 1.04437733 0.00830116 0.08619562 1.04500031 0.02805841 0.08481385 1.03250706 -0.01307663 0.07061137 0.97646827 -0.00611597 0.08624819 1.0455277 -0.00222347 0.08627757 1.0459547 -0.01182401 0.08617236 1.04411018 0.00065781 0.08624934 1.04598033 -0.01864662 0.08589253 1.04084647 -0.02341658 0.08552095 1.03743851 -0.02710825 0.08503161 1.03374469 -0.03607181 0.08020781 1.009794 -0.03557304 0.08166898 1.01596498 -0.0351789 0.07818928 1.00206721 -0.0330469 0.07637514 0.9956069 -0.030463 0.07500921 0.99079746 -0.02398359 0.07271273 0.98312974 -0.02741203 0.07375409 0.98661524 -0.01577916 0.07097828 0.97764295 0.00846724 0.07012852 0.97506094 0.0055974 0.06996503 0.97448707 0.0272088 0.07369207 0.98651809 0.02878167 0.07429089 0.98849088 0.03137412 0.07549269 0.99250966 0.03287409 0.08342917 1.02458775 0.03377193 0.0829903 1.02233744 0.00598229 0.08622885 1.04547 -0.01381867 0.07101506 0.97749072 -0.03352376 0.08321155 1.02323043 -0.03020643 0.08441408 1.02971256 0.00358875 0.08624034 1.04579437 0.03575214 0.07927601 1.00630033 0.02534376 0.07308603 0.98451775 0.0226343 0.07238586 0.98211265 -0.00485996 0.06991675 0.97433186 -0.00387113 0.07030481 0.97513837 -0.00459475 0.07016952 0.97468311 -0.00239672 0.07014565 0.9744885 -0.00199311 0.06982906 0.97407198 -0.00147293 0.07022677 0.97467065 0.00270152 0.06985555 0.97415 0.01358409 0.07067026 0.97672582 0.0161016 0.07102825 0.97786403 0.01861177 0.07147127 0.97926009 0.01106387 0.07027718 0.97583163 0.02293479 0.07232067 0.98236758 0.02059551 0.07179083 0.9805702 0.03156723 0.0754372 0.99283856 0.03014434 0.07477733 0.99044269 0.00063928 0.06973998 0.97408855 0.00010952 0.06709918 0.98250508 0.0034649 0.06706348 0.98033702 0.00248147 0.06710985 0.98261452 -0.00484042 0.06715528 0.98293328 -0.003971 0.06708741 0.97989154 -0.00248776 0.06711279 0.98261827 -0.00714279 0.06723062 0.98345256 -0.00966024 0.06734392 0.98426664 -0.0091347 0.06726162 0.98117399 -0.01679959 0.06777453 0.98641825 -0.01181412 0.06745816 0.98517835 0.0078825 0.06719999 0.98076653 0.00727851 0.06723015 0.98348624 0.00490544 0.06715603 0.98294598 0.00958886 0.06733833 0.9842366 0.01181662 0.06745926 0.98518145 0.01724491 0.06783851 0.98603898 -0.00098176 0.07377999 1.03728664 -0.00447408 0.07370056 1.03696787 -0.00589655 0.0737196 1.03664458 -0.00871094 0.07360625 1.03598905 -0.01305845 0.07344244 1.03418517 -0.01274009 0.07346743 1.03416789 -0.01651766 0.0731931 1.03190994 -0.02015542 0.07286095 1.02844167 -0.01902066 0.07294322 1.02967489 -0.02240486 0.07251994 1.02585161 -0.02678096 0.07130519 1.01578188 -0.02748635 0.07075353 1.01146269 -0.02714347 0.07106638 1.01356363 -0.01624942 0.07326268 1.03195775 -0.023644 0.07231782 1.02408993 -0.02433009 0.07218543 1.02250564 -0.02609362 0.07165082 1.01855814 -0.02739971 0.070684 1.01046801 -0.02722933 0.07007913 1.00618911 -0.02214417 0.07263026 1.02602136 -0.02717362 0.07017821 1.00639534 -0.00895094 0.07367222 1.03579402 -0.02597157 0.07173364 1.01864088 -0.02659004 0.06972077 1.00326645 -0.00170184 0.08408597 1.04520845 0.00180759 0.08287029 1.0447005 0.00749509 0.08376962 1.04436028 0.01403773 0.08347151 1.04217565 0.03038002 0.08029819 1.02630293 0.03305767 0.07984872 1.02069736 0.03487655 0.07769462 1.00841844 0.03388667 0.07586946 1.00330305 0.03244724 0.0744963 0.99856371 0.02838353 0.07263461 0.99025446 0.01512373 0.06991369 0.97843027 0.00637561 0.06887192 0.97583997 0.02718124 0.06977314 0.99993742 0.02870368 0.07100381 1.00909209 0.025744 0.07287454 1.0227623 0.02810833 0.0718424 1.01544106 0.02216869 0.07349098 1.02813745 0.00578916 0.08060876 1.04307866 0.01056438 0.0804076 1.04185212 0.01661122 0.08000274 1.03903735 0.01911353 0.0831224 1.03934884 0.02245869 0.0812435 1.03595996 0.03121202 0.07726842 1.02118373 0.03330607 0.07735239 1.01582468 0.03375328 0.07675457 1.01243198 0.03302113 0.07485612 1.0084492 0.02646092 0.08250109 1.03303158 0.00097645 0.0768718 1.0409199 0.00405936 0.0758497 1.03972864 0.00561126 0.07766791 1.04111826 0.01020593 0.07751302 1.0399282 0.00990973 0.07567073 1.03828526 0.01603902 0.07719457 1.03718638 0.01556499 0.07540767 1.03561389 0.01841995 0.07493869 1.03338802 0.02938775 0.0752442 1.02141869 0.0266694 0.07471 1.02498281 0.02803643 0.07330409 1.01996231 0.03089247 0.07462078 1.01682687 0.02944257 0.07282225 1.01559508 0.03181114 0.07374343 1.01045716 0.03027609 0.07213376 1.00953794 0.03145668 0.07274714 1.00395417 0.00241912 0.07917113 1.04258442 0.02034911 0.07819457 1.03528845 0.02782519 0.07697807 1.02656388 0.03014298 0.07175722 0.99976933 0.03071995 0.07300736 0.99616128 -0.00322086 0.06759979 0.97751951 0.00119611 0.06848678 0.9756735 0.00388868 0.06759086 0.97769153 0.00952467 0.06780083 0.97902602 0.01281588 0.06894007 0.97845238 0.01475136 0.06846385 0.98070967 0.01826415 0.06950426 0.98156929 0.01919294 0.06862912 0.98458213 0.02371176 0.0706843 0.98571044 0.02429997 0.06973321 0.98908597 0.0269516 0.07110181 0.99068958 0.02837988 0.07102911 0.9949643 0.02296333 0.07528731 1.03010666 0.02392245 0.07771567 1.03189278 -0.00157399 0.07989103 1.04313314 0.0205587 0.07067394 0.98190475 0.02691959 0.08003472 1.03076673 0.02440352 0.06896595 0.99387223 0.02189106 0.06859916 0.9891513 0.01347182 0.06769714 0.98201221 0.00052875 0.06722051 0.9785409 0.02894475 0.07073446 1.00437737 0.02595614 0.0696809 0.9935171 0.0125194 0.07448218 1.03593791 0.00680718 0.07465957 1.03795445 0.00082057 0.07485533 1.03888583 0.02817167 0.07034026 0.99889326 -0.00434086 0.07647706 1.0403167 -0.02594881 0.06951631 0.99453235 -0.02130086 0.06862243 0.98775411 -0.02219788 0.06852642 0.99086595 -0.02219243 0.06852423 0.99381417 -0.02388576 0.06885799 0.99642795 -0.02621884 0.06939554 0.9990412 -0.00397442 0.0687988 0.97545248 -0.00810165 0.06945515 0.97563893 -0.01280032 0.0697818 0.97723788 -0.01558593 0.06961253 0.97916478 -0.02880774 0.07300428 0.9905265 -0.03291056 0.07493667 0.99971527 -0.03477218 0.07723345 1.00494146 -0.03437103 0.07825941 1.01385987 -0.03416004 0.08033215 1.01842713 -0.03207437 0.07996501 1.02296686 -0.03109607 0.08203902 1.02667034 -0.01405698 0.08353899 1.04219639 -0.00746958 0.0830756 1.04407537 -0.02266274 0.07388227 1.02835321 -0.02556108 0.07339717 1.0241797 -0.02789153 0.07254302 1.01828253 -0.02567251 0.06933372 1.00024951 -0.02110731 0.06912045 0.98568654 -0.02188366 0.07047502 0.98373586 -0.0193856 0.07008765 0.9816547 -0.01708066 0.0690154 0.98144448 -0.01355598 0.06838581 0.98001927 -0.01000741 0.06876975 0.97730315 -0.00886475 0.06778236 0.97873771 -0.02832397 0.07122801 0.99392128 -0.03041753 0.07357036 0.99347401 -0.02623434 0.07136631 0.98858118 -0.02416885 0.0709027 0.98604614 -0.03098958 0.0730623 0.99718326 -0.00967417 0.0751971 1.03786612 -0.01010893 0.07767936 1.04009187 -0.01525941 0.07494833 1.03526616 -0.01451689 0.07746087 1.03815007 -0.01864303 0.0771407 1.03558993 -0.02022844 0.07458672 1.03156638 -0.0234398 0.07660311 1.03122211 -0.02758792 0.07647174 1.02627861 -0.02816592 0.07450984 1.02235353 -0.0301988 0.07248116 1.0118655 -0.03004589 0.07388717 1.01712143 -0.03183567 0.07493049 1.01480484 -0.03235657 0.07432476 1.01022351 -0.03104782 0.07245478 1.00667 -0.02488579 0.06977198 0.99020225 -0.00549663 0.07927419 1.04230571 -0.01048002 0.08060194 1.0419929 -0.01505365 0.08032607 1.03999341 -0.01933507 0.07991584 1.03735828 -0.02433498 0.07923414 1.0328517 -0.02861316 0.07899405 1.02769649 -0.0332826 0.07503432 1.0061785 -0.0323691 0.07385053 1.0023098 -0.02948284 0.07124642 0.99917477 -0.0302778 0.07167882 1.00332224 -0.0306777 0.07626858 1.02071798 -0.01995877 0.08301159 1.03879082 -0.02513265 0.082188 1.03419483 -0.02836777 0.08145905 1.03007734 -0.03400179 0.07656179 1.01000488 -0.03286717 0.07808818 1.01857102 -0.01491231 0.06772856 0.98337781 -0.01586893 0.06810527 0.98267728 -0.02023102 0.06824011 0.9913885 -0.02872517 0.07064004 1.00519645 -0.02781444 0.07013693 0.99872327 -0.02882875 0.07164219 1.01261866 -0.00424104 0.07479512 1.03854406 -0.00072521 0.07650002 0.97704101 -0.0011232 0.07650002 0.97968048 -0.00167636 0.07650002 0.97825241 4.365E-05 0.07650002 0.98014688 0.00118072 0.07650002 0.97962296 0.00165996 0.07650002 0.97815943 0.00052214 0.07650002 0.97693771 0.02622731 0.08850002 1.02707815 0.02565051 0.08850002 1.02550709 0.02816751 0.08850002 1.02719355 0.02793128 0.08850002 1.02425659 0.02893977 0.08850002 1.02540958 0.02653325 0.08850002 1.0242573 -0.02793078 0.08850002 1.02724385 -0.02873884 0.08850002 1.02647555 -0.02886372 0.08850002 1.02536786 -0.02592207 0.08850002 1.02665091 -0.02681883 0.08850002 1.02731299 -0.02566067 0.08850002 1.02556753 -0.02647371 0.08850002 1.02425957 -0.02814096 0.08850002 1.02434576 0.00167636 0.07450002 0.97825241 0.00296601 0.07446532 0.97828799 0.00259674 0.07447419 0.97990471 0.0011232 0.07450002 0.97968048 0.00210822 0.07445912 0.98059344 0.0014189 0.07446888 0.9810921 -4.365E-05 0.07450002 0.98014688 -0.00052214 0.07450002 0.97693771 0.0002483 0.07446405 0.97554386 0.00072521 0.07450002 0.97704101 0.00204675 0.07447162 0.97635245 0.00267501 0.07445855 0.97720504 -0.00165996 0.07450002 0.97815943 -0.00283106 0.07446788 0.97939765 -0.0025575 0.07447353 0.97701663 -0.00184924 0.07449462 0.97624928 -0.0007316 0.07445644 0.975618 -0.00018988 0.07447525 0.9814626 -0.00118072 0.07450002 0.97962296 -0.00189436 0.07447984 0.98076427 -0.0169477 0.06787945 0.98840469 -0.0148502 0.06768546 0.98691267 -0.01269167 0.06751063 0.98566282 0.01149813 0.06976914 1.01981866 0.02076837 0.07048735 1.01987171 0.01363688 0.07089241 1.02676082 0.02516773 0.07011004 1.012169 0.01591082 0.06868425 1.00708759 0.02500635 0.06946501 1.00531495 0.0237204 0.0687875 0.99630785 0.01967167 0.06816186 0.99086034 0.01200114 0.06767447 0.99396038 0.01704349 0.06788512 0.98848844 0.0039069 0.06730241 0.99211812 0.01016487 0.06736618 0.98449075 0.01254693 0.06750584 0.9855814 -0.00450355 0.0672916 0.9915418 0.00260562 0.06711414 0.98265982 0.00530296 0.06717743 0.9830426 0.00775098 0.06724605 0.98366201 -0.00522118 0.06716332 0.98304135 -0.00256344 0.06712161 0.98264539 -1.578E-05 0.06709593 0.98253614 -0.01026939 0.06737001 0.98453629 -0.00789713 0.06726427 0.9836908 -0.01081463 0.07098721 1.02823555 -0.01682256 0.07070515 1.02406728 -0.00258311 0.06948891 1.02009928 -0.00401859 0.07110527 1.03038871 0.0035541 0.07105398 1.03021407 -0.02311018 0.07016455 1.01536369 -0.01341919 0.06896316 1.01181853 0.00168311 0.06854255 1.0118351 -0.02473678 0.06925111 1.00307226 -0.01390174 0.06811436 1.00089633 0.00168324 0.06782775 1.00319552 -0.01969713 0.06816228 0.99088806 0.01495956 0.06769301 0.98698258 -0.02164265 0.06844421 0.99315643 -0.0232744 0.06872551 0.99548721 -0.02474909 0.06905684 0.99822015 -0.02576986 0.06936082 1.00067317 -0.0259631 0.0703178 1.012133 -0.02736601 0.0703842 1.00889206 -0.02704953 0.06999756 1.00572109 -0.02721394 0.07092524 1.01298678 -0.02653116 0.07136099 1.01670218 -0.01711727 0.0722916 1.0297873 -0.01943487 0.07284208 1.02920151 -0.02190275 0.07252172 1.02633619 -0.01609175 0.07314733 1.03207338 -0.01144497 0.07262364 1.03335702 -0.00987618 0.07350238 1.03543663 -0.01267346 0.07338043 1.03418195 -0.00668343 0.07359149 1.03647077 -0.00620077 0.07265315 1.03493595 -0.00168358 0.07276224 1.03572154 -0.00283134 0.07366171 1.03713322 0.00051689 0.07367079 1.03727674 -0.02187428 0.07180871 1.02460361 -0.02360642 0.07220875 1.02374518 -0.02514737 0.07184976 1.02073383 0.00209764 0.07178003 1.03339195 -0.00834288 0.07170121 1.0319767 -0.01518864 0.07147957 1.02850831 -0.02193682 0.07102585 1.02177966 -0.02650504 0.0696668 1.00301635 0.02737155 0.07043573 1.00925124 0.02707225 0.07000774 1.0059104 0.00363884 0.07270364 1.03543603 0.00369134 0.07364473 1.03702021 0.0080059 0.07271548 1.03466308 0.00673837 0.07359675 1.03644335 0.01065239 0.07345712 1.03513968 0.01264866 0.07252789 1.0326339 0.0143879 0.07328403 1.03321242 0.01773818 0.07301179 1.03078043 0.0177815 0.07226252 1.02925479 0.02063589 0.07270806 1.0279063 0.02228548 0.07244889 1.02579236 0.02412714 0.07210807 1.02285993 0.02274455 0.07122429 1.02175713 0.02586895 0.07163563 1.01888216 0.02653922 0.07134067 1.01656556 0.02717719 0.07096149 1.01333678 0.02589852 0.06941111 1.00101316 0.0266629 0.06974775 1.00372708 0.02472234 0.06904944 0.99815726 0.02210461 0.06851872 0.99374396 0.01837112 0.07130733 1.02587199 0.01215051 0.07159796 1.03035581 0.02886372 0.08650002 1.02536786 0.03016023 0.08649492 1.02547038 0.02873884 0.08650002 1.02647555 0.02996951 0.08645967 1.02700961 0.02938519 0.08645983 1.02784431 0.02793078 0.08650002 1.02724385 0.02821311 0.08649534 1.02851129 0.02566067 0.08650002 1.02556753 0.02448777 0.08649933 1.02504945 0.02647371 0.08650002 1.02425957 0.02532431 0.08645604 1.02351856 0.02625738 0.08649171 1.02303803 0.02681883 0.08650002 1.02731299 0.02654848 0.08645757 1.0286324 0.02482627 0.08648285 1.02739179 0.02592207 0.08650002 1.02665091 0.02441274 0.08645742 1.02653718 0.02705951 0.08646253 1.02279568 0.02814096 0.08650002 1.02434576 0.02860024 0.08646465 1.02309573 0.03007202 0.08646177 1.02474952 -0.02565051 0.08650002 1.02550709 -0.02432251 0.08646239 1.02549005 -0.02440534 0.08647778 1.0264498 -0.02622731 0.08650002 1.02707815 -0.02519124 0.08645823 1.02786541 -0.02727194 0.08649081 1.02869737 -0.02872776 0.08650002 1.02653563 -0.03004372 0.08647686 1.02679145 -0.02886409 0.08650002 1.02543449 -0.03017479 0.0864564 1.02501869 -0.02819937 0.08650002 1.0243572 -0.02966186 0.08645589 1.02396727 -0.02905647 0.08646644 1.02338398 -0.02754881 0.08647417 1.02279615 -0.02774077 0.08650002 1.02731299 -0.0290317 0.0864753 1.02814877 -0.02653325 0.08650002 1.0242573 -0.02529683 0.08647751 1.02354324 -0.02459884 0.08645773 1.02446425 0.00290354 0.07437098 0.97926855 0.00079099 0.07436533 0.98139971 0.00123589 0.07443328 0.97578454 0.02754859 0.08639263 1.02873743 0.0285883 0.08634593 1.0284611 0.02428799 0.08638986 1.02558553 0.03029214 0.08638382 1.02581525 0.02536973 0.08641913 1.02807462 -0.02628217 0.0863933 1.02290535 -0.02456571 0.08640048 1.02702069 -0.02624929 0.08642088 1.02857602 0.00115512 0.06840073 0.98128146 0.00189352 0.06836472 0.98085707 0.00151081 0.06827608 0.98123258 0.00030663 0.06829882 0.9815352 -0.00144305 0.06829435 0.98117673 -0.00064066 0.06834196 0.98146313 0.00214181 0.06972618 0.97610289 0.00090216 0.07021491 0.9754793 0.00087045 0.07023451 0.97534883 0.00256692 0.06838541 0.98008811 0.00297883 0.06831156 0.97966391 0.00231144 0.06964681 0.97655046 0.00190402 0.06991212 0.97615367 0.00271907 0.06925337 0.97715175 0.00287559 0.06924514 0.97689962 0.00316224 0.06861444 0.9783861 0.00129259 0.07013756 0.97574091 0.00292722 0.06899273 0.97773778 0.00288147 0.06852892 0.97935987 0.0030056 0.06873348 0.97854465 0.00089078 0.07032704 0.97561723 0.02844715 0.08295231 1.02869534 0.0288578 0.08358873 1.02843964 0.02939049 0.08412474 1.02837682 0.0303593 0.0837319 1.02634966 0.03031514 0.08342825 1.02599943 0.03054822 0.08374353 1.02632606 0.03034318 0.08214369 1.02516007 0.03021277 0.08098246 1.02449906 0.02942747 0.07916775 1.0236268 0.02883103 0.07747851 1.02290428 0.02742163 0.07591605 1.0227201 0.02832756 0.07710598 1.02291977 0.02890608 0.07811509 1.02322054 0.02750671 0.08147606 1.02897394 0.02744867 0.08161677 1.02877271 0.02518962 0.0775692 1.02793646 0.02575929 0.0785771 1.02857876 0.02456269 0.0761987 1.0271138 0.02882669 0.0837792 1.02833402 0.02822763 0.0829251 1.02861023 0.02655428 0.08005035 1.02868533 0.02600046 0.07909118 1.02848136 0.02935148 0.08405171 1.02820575 0.02921737 0.08413737 1.02808011 0.03026991 0.08261759 1.02532661 0.02999377 0.08105204 1.02443206 -0.00295697 0.06906044 0.97728354 -0.00292974 0.06901424 0.97780871 -0.00301079 0.06869322 0.97859311 -0.00091356 0.07021955 0.97543538 -0.00091547 0.07030158 0.97561628 -0.00151815 0.07011877 0.97588986 -0.00263075 0.06935544 0.97701532 -0.0021781 0.06975606 0.97641999 -0.00197544 0.06982338 0.97595048 -0.000934 0.07022606 0.97536623 -0.00254147 0.0683185 0.98016369 -0.00196697 0.06836373 0.98078734 -0.00290006 0.06849783 0.97931778 -0.00316271 0.06845318 0.9789086 -0.01376931 0.06875276 0.9862079 -0.00780918 0.0684142 0.98051685 -0.01167829 0.06860197 0.98511362 0.02096756 0.06948022 0.99019402 0.0179146 0.0691238 0.98916346 0.01579782 0.06891775 0.98751354 0.01163827 0.06859951 0.9850949 0.01370359 0.06873497 0.98370957 0.01380261 0.06875339 0.98623008 0.00944835 0.068478 0.98417854 0.00695084 0.06837451 0.98025221 0.00479611 0.06830253 0.98292279 0.00715307 0.06837401 0.98345244 0.0024354 0.06825805 0.98260903 -1.961E-05 0.06824289 0.98249912 -0.00239172 0.06825989 0.98260212 -0.004766 0.06830324 0.98291796 -0.00713519 0.06837463 0.98344558 -0.00942801 0.0684732 0.98417479 -0.02934291 0.08406461 1.02815783 -0.02888164 0.08371973 1.02833462 -0.02891234 0.08353698 1.02862847 -0.02942194 0.0840826 1.02826405 -0.02854631 0.0831141 1.02861404 -0.02747925 0.0814379 1.02901006 -0.02472927 0.07664238 1.02756453 -0.02570232 0.07846852 1.02852678 -0.0256299 0.07838936 1.02827716 -0.02655097 0.07521571 1.02281892 -0.02703919 0.07540175 1.02260315 -0.02559043 0.07468763 1.02326322 -0.02774848 0.07632116 1.02276123 -0.0284995 0.07740197 1.02299702 -0.0289908 0.07782075 1.02304888 -0.02931527 0.07889874 1.02350855 -0.02504973 0.0744939 1.02372384 -0.03050886 0.08226545 1.02521753 -0.03011728 0.0805524 1.02426493 -0.03021998 0.08201554 1.02502084 -0.03048493 0.08316882 1.02587986 -0.03039987 0.08372627 1.02636385 -0.03050797 0.08379857 1.02645767 -0.0299945 0.08095902 1.02441978 -0.03030115 0.08316115 1.02573311 -0.02824605 0.08295219 1.02860212 -0.02926154 0.08416043 1.02804375 -0.02767479 0.08195971 1.02875066 -0.02655452 0.07998569 1.0287143 -0.02487857 0.07695293 1.02759421 -0.02433202 0.07557109 1.02647388 -0.03026231 0.08380775 1.02631426 -0.02683158 0.08063725 1.02872741 0.03022516 0.08388948 1.02649903 0.0296139 0.0840802 1.02785993 0.02959085 0.08420294 1.02768302 0.0299891 0.08403839 1.02710557 0.03006015 0.08399702 1.02738106 0.00031115 0.0702972 0.97547621 0.0128207 0.069277 0.98051292 0.01777832 0.06927048 0.98534244 0.03104267 0.07950696 1.02136827 0.03231411 0.08309951 1.02269268 0.0322485 0.07893896 1.01762629 0.03356628 0.0822589 1.01872313 0.0337161 0.07797518 1.00778818 0.03467815 0.08050343 1.01109672 0.03249713 0.07765354 1.0141933 0.03426888 0.08151022 1.01535177 0.03447716 0.0792279 1.00598848 0.03241897 0.07582258 1.00349343 0.01543579 0.07138212 0.97890466 0.01916085 0.07204926 0.98104864 0.01768285 0.07069309 0.98157722 0.02244051 0.07281326 0.98352611 0.00385646 0.07030177 0.97551411 0.02000065 0.06936921 0.99115378 0.02527274 0.07039403 0.999331 0.02727263 0.07112044 0.99956018 0.02609801 0.07068893 1.00157022 0.02716784 0.07132298 1.00630796 0.02659384 0.07091738 1.00335431 0.02888619 0.07225858 1.00686479 0.02740135 0.0718945 1.01050997 0.02878565 0.07294147 1.01198947 0.02659721 0.07269651 1.01649356 0.02713129 0.07232524 1.0136708 0.024759 0.07447989 1.02409625 0.02450575 0.0734148 1.02214563 0.02533773 0.07455434 1.02344584 0.02430259 0.07475147 1.0251646 0.02238119 0.0738436 1.02570701 0.01960089 0.07482079 1.03000605 0.01956208 0.07424551 1.02910233 0.01599572 0.07457808 1.03214693 0.0128685 0.07478978 1.03408206 0.01204448 0.07630222 1.03641307 0.01022222 0.07491869 1.03530467 0.00796153 0.07500841 1.03611457 0.00605764 0.07502881 1.03660357 -0.00014591 0.07511471 1.03728533 0.00282482 0.07509654 1.03713953 -0.00149512 0.07674631 1.03917789 -0.00034104 0.08287487 1.04342782 0.00424482 0.08383064 1.04357946 0.0036246 0.08618606 1.04457867 0.00976719 0.08368658 1.04240596 0.00857961 0.0861181 1.04368091 0.01278386 0.08601485 1.04230237 0.0149612 0.08354978 1.04033613 0.02767134 0.08459194 1.03094482 0.02547733 0.08170913 1.03160369 0.02828976 0.07451721 1.01859534 0.02625987 0.07498963 1.02289844 0.02989949 0.07650658 1.01923418 0.02431289 0.07548131 1.02634299 0.0218063 0.07596952 1.02980828 0.02376089 0.07834207 1.03060544 0.02043569 0.07877675 1.03392923 0.01726681 0.07642037 1.03384805 0.01721918 0.07881586 1.03614914 0.0137363 0.07845403 1.03769803 0.00895749 0.07734399 1.03852928 0.0047592 0.07933316 1.04101515 0.00387994 0.07705757 1.03925276 0.00044353 0.07932508 1.04132009 0.01260723 0.08051127 1.03970325 0.00808352 0.08075405 1.04127502 0.00447068 0.08107996 1.04216123 0.02104986 0.08109378 1.03524101 0.01795166 0.08213732 1.03800297 0.03058363 0.07474659 1.01275492 0.03093244 0.07399507 1.00605273 0.03227778 0.07623482 1.01044929 0.02289395 0.08535032 1.0361352 0.02543477 0.08499529 1.03361773 0.02050403 0.08557541 1.03802299 0.01671213 0.08584163 1.0404588 0.02190573 0.07017244 0.98798609 0.02263155 0.07142068 0.98588759 0.02642957 0.07194667 0.99165273 0.01845297 0.07013191 0.98343384 0.00831082 0.06925549 0.97818738 0.00762921 0.0704964 0.97616208 0.01161495 0.07086086 0.9772861 0.02595907 0.07264237 0.98895705 0.03376948 0.07817492 1.00208986 0.03258709 0.07706115 0.99801213 0.03009463 0.07362761 0.99811929 0.03112067 0.07610005 0.99463469 0.02842294 0.07289435 0.99426919 0.02666203 0.07126787 0.99504012 0.02922734 0.07513286 0.99129015 0.02729686 0.07433355 0.98857588 0.02501731 0.0735525 0.98593509 0.02167405 0.06961386 0.99312419 0.02434106 0.070141 0.99731505 0.02496701 0.0703401 0.99529517 0.02321996 0.0698849 0.99534935 0.02424542 0.07057297 0.99127162 0.0288151 0.07204963 1.0032016 0.02575036 0.07306243 1.0192728 -0.0012504 0.08619229 1.04473078 -0.02971319 0.08411264 1.02758658 -0.02984934 0.08404987 1.02770293 -0.03011783 0.08397843 1.02682364 -0.00029045 0.07036019 0.97549587 -0.02739753 0.07186815 1.01036274 -0.0271803 0.0722708 1.01330817 -0.02910845 0.07326412 1.01226389 -0.01956165 0.06931517 0.99070716 -0.02129764 0.06954996 0.99264503 -0.01946241 0.069297 0.98834318 -0.03131711 0.07922873 1.02042425 -0.0247856 0.07332034 1.02154315 -0.02450123 0.07455198 1.02456737 -0.02493332 0.08051203 1.0312829 -0.02788611 0.08455154 1.03068745 -0.0260638 0.0832109 1.03198302 -0.02508932 0.08505684 1.0339936 -0.02234895 0.08355594 1.03566849 -0.0221817 0.08542547 1.03672767 -0.00959502 0.08610759 1.04341877 -0.00427142 0.08385479 1.04359579 -0.00539134 0.08617382 1.04433286 -0.00687236 0.07652525 1.03824806 -0.00737392 0.07502194 1.03628635 -0.00367241 0.07509072 1.03705561 -0.01425747 0.07567598 1.03466427 -0.01467772 0.07468579 1.03304398 -0.01101811 0.0748821 1.03499246 -0.0174989 0.07444333 1.0309633 -0.02127521 0.07402028 1.02716601 -0.01918417 0.07428192 1.02943599 -0.02212975 0.07529888 1.02857649 -0.02363015 0.07361569 1.02377319 -0.02427952 0.07485169 1.02538872 -0.02649991 0.07087298 1.00295067 -0.0279871 0.07153022 1.00285828 -0.02583753 0.07058313 1.00080431 -0.02276152 0.0698038 0.99462569 -0.02404466 0.07006709 0.99676704 -0.02424453 0.07014722 0.99465287 -0.01793029 0.06912829 0.9891715 -0.01579237 0.06892113 0.9875102 -0.01283861 0.06874444 0.98239118 -0.0045853 0.07033115 0.97559822 -0.0066149 0.06922853 0.97766763 -0.01518331 0.07133751 0.9787699 -0.01195678 0.07090978 0.97742099 -0.01429268 0.0702189 0.97972584 -0.01746517 0.07062826 0.98156154 -0.01895105 0.07201388 0.98092681 -0.0212936 0.07123148 0.98446542 -0.0214827 0.07257505 0.98275107 -0.03103545 0.07606374 0.99448657 -0.02953185 0.07526922 0.99176121 -0.03071299 0.07455209 0.99735105 -0.03274325 0.07718484 0.99847722 -0.03208875 0.07556291 1.0015521 -0.03385051 0.07827467 1.00250053 -0.01091643 0.06943363 0.97909659 -0.0088183 0.07059587 0.97642511 -0.01562537 0.0693914 0.98251492 -0.01990105 0.06976117 0.98624605 -0.02336138 0.07027638 0.99036503 -0.02461653 0.07179393 0.98831111 -0.02589744 0.07083571 0.99473631 -0.0275544 0.07263684 0.99245965 -0.02771779 0.07153934 0.99813914 -0.02977117 0.07316125 0.9990567 -0.02412406 0.07328795 0.98502171 -0.02688715 0.07417847 0.98802221 -0.03023884 0.07324247 1.00380933 -0.03270407 0.07622163 1.00544214 -0.03278678 0.07676475 1.00974846 -0.03445154 0.07920197 1.00588667 -0.03466774 0.08009279 1.00945067 -0.02951625 0.07607484 1.0192697 -0.03041073 0.07469371 1.01329195 -0.0276481 0.07366974 1.01761103 -0.01040564 0.07678811 1.03748918 -0.014704 0.07715709 1.03606391 -0.01952198 0.07619762 1.03202152 -0.00417564 0.07994431 1.04152644 -0.00933074 0.07927316 1.03998923 -0.01369425 0.07905209 1.03817582 -0.01778574 0.078722 1.0357554 -0.02258292 0.07816784 1.0315789 -0.00963198 0.08207803 1.04165089 -0.01426409 0.08282288 1.04033339 -0.01779819 0.08216821 1.03811681 -0.02095249 0.08107129 1.03530622 -0.03203024 0.08323081 1.02337444 -0.03370981 0.08217451 1.01829815 -0.03058478 0.07385429 1.00807905 -0.03297421 0.07777659 1.01228797 -0.0315079 0.07711099 1.01626909 -0.03288686 0.0796011 1.01678622 -0.01391236 0.08597865 1.04183912 -0.01681947 0.08583552 1.04038548 -0.01951289 0.08564452 1.03871465 -0.02715189 0.07130784 1.00615489 -0.02855309 0.07202795 1.00639987 -0.02672472 0.07262518 1.01595223 -0.02598137 0.07296266 1.01859999 -0.02495552 0.07030514 0.99859273 -0.03453385 0.08104214 1.01334393 0.00150949 0.07014275 0.97454709 0.00505984 0.06994931 0.97437465 0.0054963 0.07027324 0.97496563 -0.00073819 0.07025619 0.97491401 0.02460496 0.07288351 0.98371881 0.01970637 0.07199545 0.98068118 0.01925999 0.07160676 0.97959155 0.03468492 0.08249699 1.01967418 0.03338481 0.083317 1.02361643 0.0159573 0.08605624 1.04232883 0.0192457 0.08588222 1.04047573 0.00379505 0.08628286 1.04581487 0.00747588 0.08624952 1.04524434 -0.00123703 0.07009108 0.97436756 -0.00282002 0.07022209 0.97468406 -0.00149547 0.06985457 0.97404593 -0.00914972 0.07042646 0.97563857 -0.01259672 0.07086043 0.97698075 -0.01312307 0.07062472 0.9764905 -0.01546734 0.07123759 0.97822982 -0.01606619 0.0710447 0.97780728 -0.01813005 0.07167888 0.97965389 -0.01903246 0.07156586 0.97944772 -0.03106585 0.07528695 0.99174929 -0.02806255 0.07401255 0.98743045 -0.03423407 0.0773038 0.99884552 -0.03514853 0.07822528 1.00216436 -0.03570401 0.07903676 1.00520658 -0.03600365 0.08017074 1.00964963 -0.03572345 0.08140649 1.01479924 -0.03436771 0.08273048 1.02081561 -0.03284458 0.08352266 1.02477813 -0.02606606 0.0851977 1.03485632 -0.02261359 0.08561303 1.03807521 -0.01605978 0.08603419 1.04226553 -0.01927879 0.08586469 1.04043055 -0.01299644 0.08614378 1.04359937 -0.00934601 0.08623788 1.04481947 -0.0027204 0.08629937 1.04592192 -0.00616126 0.08626328 1.04549289 0.00069945 0.08628692 1.04601693 0.0117942 0.08617885 1.04405081 0.02395573 0.08548895 1.03693235 0.02764377 0.08497137 1.03314626 0.03084726 0.08424561 1.02862895 0.03554023 0.08168796 1.01595521 0.03601428 0.08055193 1.01114154 0.03583705 0.0793303 1.00633037 0.03259823 0.07614304 0.99473715 0.03405289 0.07714958 0.99829656 0.00846113 0.07015659 0.97502786 0.01228555 0.07052152 0.97614247 0.00167795 0.06984963 0.97406107 -0.02893146 0.08470138 1.03148198 -0.0312077 0.08411908 1.02798975 -0.02074708 0.0722226 0.98143226 -0.00772649 0.07046005 0.97573984 0.02757323 0.07383414 0.98685026 0.02975659 0.0746901 0.98974228 0.03124704 0.07538843 0.99209827 0.03518648 0.07826123 1.00231087 -0.02532727 0.07310072 0.98441535 -0.02210231 0.07223342 0.98159236 -0.00930911 0.0702199 0.97523201 -0.00567611 0.06999458 0.97449547 0.01540655 0.07123064 0.97818518 0.01653786 0.07111394 0.97801787 -0.00515498 0.06998178 0.97431397 -0.03304174 0.07643402 0.99563634 0.02149475 0.08576911 1.03895783 0.02180231 0.07218667 0.98130578 -0.0359164 0.08468941 1.01860154 -0.03667712 0.08339208 1.01406038 -0.0371886 0.08287865 1.00894868 -0.03634284 0.08045641 1.00378036 -0.03368694 0.07829969 0.99437928 -0.0238339 0.07359044 0.98206168 -0.02627601 0.07482507 0.98384887 -0.0290445 0.07534198 0.98751181 -0.01721173 0.07238974 0.97729552 -0.00620176 0.07147658 0.9733066 -0.00979617 0.07114802 0.97456372 -0.01323017 0.07181048 0.97547644 -0.00208703 0.07085522 0.97317207 -0.03765671 0.0852734 1.00495625 -0.03777949 0.08532721 1.00717664 -0.03802216 0.08763082 1.01029158 0.00091026 0.09071904 1.04722691 0.00164998 0.09723772 1.04795849 -0.00261392 0.09192102 1.04734063 -0.00311906 0.09725711 1.04785991 -0.00773572 0.09202322 1.0466845 -0.00721543 0.0965476 1.04726994 -0.01272989 0.09652662 1.04577434 -0.01301009 0.09029929 1.0448451 -0.0154421 0.09619798 1.04466677 -0.01751265 0.09292307 1.04332602 -0.01944606 0.08960407 1.04160571 -0.02200526 0.09578084 1.04095066 -0.02285639 0.09196378 1.03981924 -0.03151064 0.08740076 1.02943611 -0.03040403 0.08979451 1.03187656 -0.03264182 0.09210885 1.02931654 -0.03440613 0.0896237 1.02553618 -0.03323089 0.08657598 1.02622294 -0.03466403 0.08541798 1.02258551 -0.03624342 0.08809333 1.02034497 -0.03722795 0.08700261 1.01612222 -0.0376288 0.08563422 1.01214194 -0.03708833 0.08293876 1.00322855 -0.03624567 0.08181857 0.99957812 -0.03521015 0.0793209 0.99869633 -0.03507743 0.08074437 0.99609041 -0.03269477 0.07919189 0.99107999 -0.03148517 0.07703429 0.99037415 -0.029537 0.07729217 0.9866153 -0.02801342 0.0779836 0.98432457 -0.02516216 0.07692436 0.98154861 -0.02270768 0.07527636 0.97984445 -0.00948947 0.0728935 0.97345662 -0.00506732 0.07381853 0.97234893 -0.00284053 0.07296716 0.97224337 -0.00142972 0.07202788 0.9724533 0.00221456 0.07349344 0.97207874 -0.0344958 0.09241468 1.02594018 -0.03615236 0.09111345 1.02168858 -0.03748286 0.08924567 1.01640475 -0.0369828 0.08439024 1.00122905 -0.03592348 0.08325989 0.99755728 -0.03462335 0.08225101 0.99422896 -0.03247024 0.08061905 0.99021578 -0.0304026 0.07957503 0.98715925 -0.02084793 0.07643685 0.97819161 -0.01237431 0.0746913 0.97407669 -0.00860924 0.07438174 0.97298354 -0.00107631 0.07647589 0.97199106 -0.01021233 0.09817433 1.04660463 -0.01852481 0.09720309 1.04317725 -0.02531381 0.0957642 1.03832817 -0.02489251 0.09043044 1.03789663 -0.02765051 0.09482355 1.03601742 -0.02814934 0.09058525 1.03476608 -0.03062403 0.09428024 1.03253746 -0.02069766 0.07378867 0.97888583 -0.0171914 0.07391667 0.97646558 -0.01655888 0.07523896 0.97579741 -0.01378766 0.0734511 0.97488815 -0.0043109 0.08864027 1.04650497 -0.0255665 0.08743276 1.03632784 -0.02798931 0.08684172 1.03365016 0.00266835 0.07140195 0.97282416 0.01361561 0.07175751 0.97568238 0.00971982 0.0718093 0.97403586 0.00617885 0.07127942 0.97344851 0.03117968 0.07655808 0.99023587 0.0346462 0.07906792 0.99651635 0.03493185 0.08573765 1.02225852 0.03631906 0.08382114 1.01630616 0.0121336 0.09011484 1.04511654 0.00671611 0.07345608 0.97263747 0.0106416 0.07411838 0.97353977 0.01378189 0.07343803 0.97488934 0.01698103 0.07298998 0.97677052 0.01853124 0.07521954 0.97685349 0.02111186 0.07485478 0.97870678 0.02872294 0.07666034 0.98577511 0.03222046 0.0786791 0.9904508 0.03615543 0.08027112 1.00220847 0.03646412 0.08206209 1.0004499 0.03747972 0.08368646 1.00579143 0.03679673 0.08165534 1.0076865 0.03731077 0.08404759 1.01131511 0.03734501 0.08646148 1.01496959 0.03675844 0.08891557 1.01931143 0.0356981 0.08859646 1.02209687 0.03433789 0.09108226 1.02612174 0.03200038 0.08715424 1.0286386 0.03256495 0.09218038 1.02949202 0.02968335 0.09192687 1.03339708 0.02782658 0.08866897 1.03458858 0.02653838 0.09445316 1.03714156 0.02397679 0.08966347 1.03841436 0.02336053 0.09523696 1.03992558 0.0205388 0.09132753 1.04133248 0.01649858 0.09091746 1.04350758 0.01689505 0.09595305 1.04398084 0.01440849 0.09633002 1.0451256 0.00910262 0.09642696 1.04684973 0.00823139 0.09053166 1.04629159 0.00454799 0.09398126 1.04744649 0.02349092 0.07679823 0.98012012 0.03144588 0.07975382 0.98863947 0.03388996 0.08176844 0.99270713 0.03363283 0.07900015 0.99336016 0.03558011 0.08244845 0.99660915 0.03701106 0.0844612 1.00137174 0.03769465 0.08559515 1.00523496 0.03799221 0.08713766 1.00924897 0.03790619 0.08695255 1.0116204 0.03756032 0.08900288 1.01575959 0.03559789 0.09178796 1.0233196 0.02969672 0.09501331 1.03369689 0.01506116 0.07496582 0.97511041 0.0248414 0.07547815 0.98180008 0.02756592 0.07807881 0.98380983 0.02952715 0.07878037 0.98606205 0.01980997 0.096843 1.04242027 0.01186513 0.09760629 1.0460825 0.00589379 0.09888554 1.04755175 0.01973537 0.07297932 0.9787215 0.02404316 0.07388119 0.98196208 0.02831765 0.07498905 0.98662913 0.00453987 0.08967122 1.04671383 -0.03795896 0.09688248 1.01079357 -0.03787677 0.09531287 1.00781727 -0.00578346 0.07670563 0.97242689 -0.01029926 0.07723282 0.97342575 -0.0244061 0.08113617 0.98083764 -0.02128685 0.07987878 0.97845834 -0.02706785 0.08238469 0.9832471 -0.03659629 0.09138416 1.00048625 -0.03735984 0.09331986 1.0040437 -0.0172931 0.07865868 0.97614467 -0.01395612 0.07787783 0.97465408 -0.03421094 0.08793877 0.99381149 -0.03311195 0.0865476 0.99148613 -0.03557452 0.08963528 0.99714643 -0.03025956 0.08436704 0.98700821 -0.03213883 0.08587029 0.98985791 0.010353 0.07724507 0.9734484 0.0055754 0.07668419 0.9723931 0.00121826 0.07650019 0.9720192 0.03786918 0.09534739 1.0078578 0.03751676 0.09352905 1.00477433 0.01494905 0.07806747 0.97503257 0.0192551 0.07922508 0.97720581 0.02218852 0.08011055 0.97907728 0.02498206 0.08138373 0.9813 0.03675137 0.09159379 1.00098825 0.03309641 0.08663176 0.99148059 0.03454343 0.08817978 0.99445903 0.03588478 0.09007309 0.99804497 0.02764805 0.08268975 0.98386747 0.03027916 0.08438031 0.9870373 0.03179008 0.08555999 0.98928452 0.03795768 0.09685439 1.01071894 -0.00104265 0.11626173 1.04798377 -0.00462206 0.11611954 1.0477165 -0.00822951 0.11579449 1.04709673 -0.01191899 0.11526518 1.04608226 -0.01804681 0.11398892 1.04335713 -0.01548684 0.11455142 1.04469275 -0.02033847 0.11317886 1.04210007 -0.02619236 0.11078195 1.0375334 -0.02343995 0.11203425 1.03990388 -0.02796232 0.10993167 1.03563154 -0.03545099 0.10358452 1.02357233 -0.03001063 0.1085775 1.03330433 -0.03159411 0.10740981 1.03109932 -0.03305403 0.10618502 1.02874374 -0.03431662 0.10493992 1.02626109 -0.03723584 0.10032869 1.0174737 -0.03658649 0.1017689 1.02010942 -0.0376674 0.09894777 1.01473641 0.00276856 0.11622968 1.04789066 0.00557508 0.11610808 1.04755139 0.01448052 0.11476419 1.04512048 0.01186907 0.11528163 1.04609215 0.00829611 0.11579335 1.04708016 0.0225464 0.11243546 1.04054952 0.02036201 0.11317845 1.04207826 0.01710746 0.11413549 1.04393041 0.02491257 0.11144075 1.03866911 0.02752768 0.11009789 1.0361886 0.02982024 0.10874119 1.03353345 0.03216311 0.10695763 1.03024435 0.03364361 0.10567816 1.02753019 0.03475708 0.10440157 1.0253762 0.03568821 0.10323621 1.02288604 0.03661374 0.10171201 1.02011037 0.03743553 0.09979147 1.01653552 0.03789704 0.09784052 1.01281023 -0.03592335 0.09046201 0.99852312 0.03729566 0.09329569 1.00394619 0.03436197 0.08819735 0.9942351 0.03629148 0.09106925 0.99969339 -0.00931009 0.11578699 1.04666448 -0.00047897 0.11638574 1.04782939 0.03144632 0.10759047 1.03108335 -0.03254758 0.10668129 1.02935767 -0.02984516 0.10873622 1.03327692 -0.02471661 0.11156256 1.03865016 -0.02178086 0.11276451 1.04093504 -0.01433409 0.11491313 1.0450201 -0.0047392 0.11622787 1.04751539 0.00850041 0.11587635 1.04684663 0.01207898 0.11534458 1.04583573 0.01554032 0.11463109 1.04447937 0.01872161 0.1137834 1.04287207 0.00307983 0.11631998 1.04767299 0.02278413 0.11240009 1.04022431 0.027472 0.11017722 1.03600848 0.03713833 0.10042726 1.017465 -0.01653156 0.11366446 1.04253435 -0.02230499 0.11171915 1.03883934 -0.0105213 0.11494613 1.04495227 -0.00412728 0.11568642 1.0464294 0.00073672 0.11574192 1.04643583 0.00448644 0.11560973 1.04621387 -0.02796895 0.10883768 1.03336608 -0.00491664 0.07761295 0.97409457 -0.00170267 0.0776061 0.9740032 0.01207004 0.11470535 1.04454708 -0.00091244 0.07762973 0.97413713 0.02452756 0.11073844 1.03697395 0.01786657 0.11327822 1.04179966 0.03407888 0.10327452 1.02280033 0.02966639 0.10765407 1.03113687 -0.01972182 0.08050434 0.97956789 -0.01404751 0.07896703 0.97664988 -0.03631755 0.09718131 1.01123893 -0.03623185 0.09530633 1.0077163 -0.02479335 0.08260595 0.98354799 -0.03264176 0.1050182 1.02610195 -0.03554601 0.10050824 1.01752114 1.713E-05 0.07742617 0.97372586 0.00875788 0.07814997 0.97501546 0.01472819 0.07908881 0.97688633 0.02055532 0.08079082 0.98010737 0.03551329 0.10060602 1.01772213 0.03628068 0.09712714 1.01112139 0.03290199 0.08884883 0.99536693 0.03039096 0.08618564 0.99033761 0.02504295 0.08286011 0.983962 0.03491342 0.09181041 1.00100374 -0.03057843 0.08632547 0.99063742 -0.03550944 0.09287101 1.00308776 -0.03410211 0.09040297 0.99838197 0.00439641 0.11592417 1.0457654 0.00779365 0.11560605 1.04518676 0.00792444 0.11531475 1.04553449 0.01049935 0.11514505 1.0444926 0.01298769 0.11477138 1.04361582 0.0138615 0.11433873 1.04365861 0.01613812 0.11402661 1.04222202 0.01856014 0.11331018 1.04087758 0.02147378 0.11207048 1.03929389 0.02346322 0.11142803 1.03735363 0.02607415 0.110112 1.03487349 0.027436 0.10914978 1.03389609 0.02842002 0.10865649 1.03216183 0.03052455 0.10707488 1.02915514 0.03142015 0.10615829 1.0281533 0.03356732 0.10385173 1.02308893 0.03301566 0.10448609 1.02478099 0.03452018 0.102355 1.02027774 0.03514033 0.10110791 1.01794827 0.03579024 0.09910952 1.01444304 0.00090216 0.11608949 1.04602349 0.02076541 0.1126142 1.03943789 0.03601347 0.09733082 1.01075947 0.03215886 0.10560287 1.02622175 -0.00257988 0.1157591 1.04621947 -0.00616777 0.1155135 1.04584098 -0.00447528 0.11591807 1.04575777 -0.01299906 0.11451809 1.0439564 -0.0018093 0.1160889 1.04597127 -0.0078364 0.11560022 1.04517674 -0.01936436 0.11281847 1.04080379 -0.01127624 0.11508821 1.04423273 -0.01772152 0.11341742 1.04153025 -0.01459125 0.1144096 1.04295576 -0.02496852 0.11051509 1.03643775 -0.0186328 0.11334292 1.04085493 -0.02215322 0.11199445 1.03842866 -0.03060704 0.1068979 1.02958071 -0.02417296 0.11108726 1.0367167 -0.02834939 0.1086646 1.03227484 -0.02606112 0.11011609 1.03489232 -0.03398989 0.10324478 1.02248979 -0.03044527 0.10713248 1.02927291 -0.03214497 0.10554016 1.02627182 -0.03595979 0.09821215 1.01272142 -0.03600912 0.09613451 1.00868297 -0.03472158 0.10200146 1.01962233 -0.03549078 0.10016769 1.01621819 -0.03363798 0.10374864 1.02290785 0.03594665 0.09553253 1.00776553 0.03549172 0.09397125 1.00471008 0.02226518 0.08177229 0.98161685 0.004139 0.0777818 0.97418576 0.02713876 0.08416481 0.98624462 0.02924657 0.08562769 0.98897231 0.03084047 0.08708535 0.99152398 0.03281137 0.08932239 0.99556392 0.03390029 0.09071819 0.9984414 0.03477896 0.09242085 1.00147009 -3.97E-06 0.07779995 0.97395837 0.01145516 0.07873946 0.97584921 0.01558471 0.07956778 0.97748339 0.01938363 0.08069602 0.97959024 -0.03547038 0.09398279 1.004619 -0.00437913 0.07781006 0.97422767 -0.02736556 0.08427378 0.98649508 -0.01133234 0.07859266 0.97577959 -0.03277246 0.08896465 0.99535346 -0.0336731 0.09053254 0.99778205 -0.03140803 0.0875695 0.99256748 -0.03480336 0.09231839 1.00150323 -0.02422405 0.08265351 0.98324502 -0.02092228 0.08124486 0.98061621 -0.01796534 0.08026068 0.97874093 -0.01472778 0.07940251 0.97711325 -0.02967738 0.08610171 0.98963642 -0.0080802 0.0781822 0.97489011 -0.0359987 0.09951515 1.01061106 -0.03571952 0.1014936 1.01418686 -0.03530474 0.10284434 1.01676011 -0.03468549 0.10426342 1.01949012 -0.0337994 0.10571843 1.02223468 -0.03292134 0.10681592 1.02457166 -0.03134699 0.10846023 1.02769864 -0.02994874 0.10963256 1.02996421 -0.02839543 0.11077631 1.03212976 -0.02609897 0.11217589 1.03479218 -0.02354968 0.11344611 1.03722858 -0.02147925 0.11430357 1.03887916 -0.01928168 0.11511098 1.04039657 -0.01621994 0.11601563 1.04213917 -0.0138037 0.11658546 1.04323828 -0.0113028 0.11708942 1.04417503 -0.00792523 0.1175748 1.04511642 -0.00528366 0.11781925 1.04560208 -0.00259026 0.11800151 1.04589927 0.00015959 0.11815216 1.04591763 0.00255241 0.11800133 1.04590297 0.00525584 0.11783687 1.04560161 0.00791055 0.11764484 1.04508996 0.01125533 0.1171103 1.04418635 0.01467817 0.11638629 1.04287779 0.01715942 0.11587016 1.04155874 0.01927346 0.1151214 1.04039884 0.02143086 0.11437479 1.03889203 0.02359474 0.1134646 1.03716993 0.02607104 0.11220291 1.03481567 0.02836404 0.11080694 1.03216732 0.03041906 0.1092766 1.02925122 0.03212251 0.10770001 1.02625251 0.03357275 0.10599381 1.02300417 0.03415645 0.10517602 1.02118194 0.03512923 0.1033161 1.01786089 0.03599297 0.09916845 1.00997663 0.03587757 0.1006577 1.01266074 0.03540627 0.10257316 1.01621151 0.03586647 0.09826677 1.00801444 -0.00080175 0.08036092 0.97400498 0.00270391 0.08040991 0.97409892 0.00635435 0.0806573 0.9745692 0.01068897 0.08120145 0.97560871 0.01555686 0.08220866 0.97750843 0.01933434 0.08329694 0.97959495 0.02284737 0.08461833 0.98210096 0.02541661 0.08587283 0.98447442 0.02727568 0.08692648 0.98648953 0.02912207 0.08811668 0.98886997 0.03054304 0.0893525 0.99110997 0.03172633 0.09034809 0.99320459 0.03342923 0.09236027 0.99707073 0.03463613 0.09441776 1.00090718 0.03524454 0.09592877 1.00362694 -0.03586636 0.09821954 1.00794351 -0.03534563 0.09625168 1.00423312 -0.03439921 0.0939098 0.99997741 -0.03299891 0.09184419 0.99600744 -0.03171625 0.09033608 0.99318075 -0.02998161 0.0887242 0.99013925 -0.02864029 0.08785807 0.9882524 -0.02660748 0.08649431 0.98568881 -0.02289015 0.08463936 0.9821403 -0.01941481 0.08333166 0.9796496 -0.01595207 0.08232041 0.97771078 -0.00452281 0.08051214 0.97428799 -0.00812244 0.08085416 0.97493619 -0.01236538 0.08149733 0.97617054 -0.00359715 0.11807004 1.04565108 -0.00853586 0.1176295 1.04479778 -0.01287586 0.11690141 1.04342771 -0.01609683 0.11615306 1.04200506 -0.01916642 0.11524067 1.04027665 -0.02273434 0.11390065 1.03772104 -0.02656361 0.11199 1.03410172 -0.02974073 0.10986572 1.03003907 -0.03203885 0.10778931 1.02610528 0.01427148 0.1165993 1.0429219 0.01133042 0.11719358 1.04395628 0.00436209 0.11802145 1.04553354 0.02602122 0.11227685 1.03462934 0.02169539 0.11433764 1.03853846 0.03226657 0.10755663 1.025666 0.02938867 0.11014911 1.03058386 0.03321186 0.09230235 0.99666452 -0.03060323 0.08946285 0.99126661 -0.03384217 0.09328971 0.99852842 -7.31E-06 0.11773071 1.04507518 0.0048315 0.11758277 1.0447458 0.01139265 0.1167528 1.04317725 0.01475659 0.11603584 1.04182017 -0.00407874 0.11763038 1.04483986 -0.0118186 0.08187748 0.97690266 -0.00584562 0.08106142 0.97533977 -0.00302627 0.08085042 0.97509694 0.00171202 0.08080778 0.97482067 -0.02576857 0.11186091 1.03385913 -0.02913114 0.10953753 1.02951264 -0.03097195 0.10804056 1.02658057 -0.01576553 0.11577767 1.0413239 -0.01977735 0.11455168 1.03899646 -0.01262635 0.11651669 1.04271972 0.00561837 0.08104747 0.97530675 0.01627028 0.08290087 0.97882551 -0.00855623 0.11719465 1.04402554 0.01095951 0.08171009 0.97656924 0.02077732 0.1141748 1.03827584 -0.01576513 0.08277331 0.97858536 0.03071126 0.10817154 1.02691078 0.03275982 0.10585262 1.02248633 0.02964266 0.10918543 1.02877307 0.02830695 0.11015085 1.03066874 0.02436927 0.11262043 1.03527868 -0.03257577 0.1060765 1.02293181 -0.03329397 0.10511469 1.02105498 -0.03455021 0.10248208 1.01605594 -0.03503833 0.10056072 1.01237369 -0.03131081 0.09093963 0.99410909 -0.02964927 0.08938624 0.9911418 -0.0276369 0.08789334 0.98831898 0.03501089 0.09783905 1.00720203 -0.01933707 0.08385527 0.98066658 -0.02540886 0.0865454 0.98578328 0.01884323 0.08369622 0.98034716 0.02226965 0.08498882 0.98281956 0.02541043 0.08653729 0.98574573 0.02842199 0.08841971 0.98933142 0.0350433 0.09972651 1.01086819 -0.03329421 0.0933624 0.99871278 -0.03480325 0.09668913 1.00500464 -0.02321112 0.08542547 0.98362088 0.0316851 0.09129886 0.99476647 0.03481614 0.10141896 1.01407564 0.03418731 0.10351262 1.01799047 0.03309305 0.09309398 0.99820715 0.0342443 0.09526606 1.00235903 -0.0007842 0.0807495 0.97498131 -0.0134959 0.08210088 0.97774833 -0.01107066 0.08161806 0.97682095 -0.02286812 0.08520298 0.98350692 -0.01637654 0.08282037 0.97907233 -0.00096589 0.08060648 0.97505057 -0.00601453 0.08094896 0.9755435 -0.02534392 0.08635281 0.98589331 -0.02017557 0.08407139 0.98141658 -0.03415711 0.09512615 1.00233042 -0.03322302 0.09333208 0.99899787 -0.03502486 0.09879138 1.00916255 -0.03475781 0.09695093 1.00572419 -0.03166105 0.09126587 0.99504733 -0.02762009 0.08779725 0.9885242 -0.02958911 0.08928978 0.99131721 -0.0218291 0.11361361 1.03741109 -0.03488614 0.10072152 1.01301408 -0.03128152 0.10748085 1.02576065 -0.03397376 0.10377258 1.01861751 -0.02489675 0.11216521 1.03468204 -0.02764572 0.1104923 1.03151965 -0.00884373 0.08135055 0.97613299 0.00421561 0.08085015 0.97525543 0.00234027 0.08075379 0.97509223 0.00768391 0.0811648 0.97586048 0.02352745 0.11286148 1.0359894 0.02659514 0.11124322 1.03281426 0.03449713 0.1023167 1.01600885 0.0337491 0.10412544 1.01936793 0.03233379 0.09203744 0.99657083 0.03044747 0.09005906 0.99274969 0.02648325 0.08705018 0.98714691 0.02414276 0.08576636 0.98468399 0.01096967 0.08158876 0.97679341 0.01414234 0.08226494 0.97800112 0.03371708 0.09418027 1.00062013 0.02162392 0.08461674 0.98250526 0.01640674 0.08283649 0.97912097 0.01868483 0.0835162 0.9804318 0.02859439 0.08850013 0.98983276 0.0345333 0.09614588 1.0042032 0.03490966 0.09778355 1.00744963 0.01720273 0.11529689 1.04053295 0.00759884 0.11724226 1.04421604 0.03200108 0.10668726 1.02424335 -0.00119499 0.0743905 0.98125088 -0.00185742 0.07437383 0.97611874 -0.00285798 0.0743855 0.97758502 -0.00297827 0.07443754 0.97849339 -0.00238974 0.07438803 0.98031378 0.02977463 0.0863667 1.02408254 0.02929052 0.08644298 1.02355492 0.02767906 0.08638404 1.02277136 0.02612221 0.0863719 1.02297342 0.0248068 0.08640169 1.02406359 0.02450267 0.08641439 1.02463949 -0.03024637 0.08638795 1.02619338 -0.0296669 0.08638958 1.02756548 -0.0280437 0.08638881 1.02865112 -0.02848495 0.08639228 1.02300406 0.00350945 0.12568925 0.9715001 0.00495092 0.12298603 0.9715001 0.00478063 0.12037847 0.9715001 -0.00183074 0.12670451 0.9715001 0.00076676 0.1269896 0.9715001 -0.00424262 0.1248155 0.9715001 -0.00500426 0.12235953 0.9715001 -0.00470449 0.1201693 0.9715001 -0.00315886 0.11806233 0.9715001 -0.00076677 0.11701044 0.9715001 0.00137376 0.11717461 0.9715001 0.00332938 0.11820541 0.9715001 0.00203582 0.15450002 1.01466727 0.0040646 0.15450002 1.01294136 -0.0003168 0.15450002 1.0049181 0.00505979 0.15450002 1.01057017 -0.00144034 0.15450002 1.014884 -0.0039379 0.15450002 1.0131588 -0.00508195 0.15450002 1.01031697 -0.00431517 0.15450002 1.00738049 -0.00281336 0.15450002 1.00584602 0.00442647 0.15450002 1.00757325 0.00262003 0.15450002 1.00568509 -0.00111935 0.12690145 0.96150011 -0.00737873 0.15934105 0.96150029 0 0.12700003 0.96150011 0.00183415 0.16003391 0.96150005 0.00146013 0.12687285 0.96150011 0.01139949 0.15835711 0.96149969 -0.00350945 0.12568925 0.96150011 -0.02354716 0.15190677 0.96150017 -0.01582001 0.15661021 0.96150041 0.00111938 0.11709861 0.96150011 0.00718224 0.08462533 0.96150029 0 0.11700002 0.96150011 -0.00232743 0.08396634 0.96149969 -0.00107974 0.11709242 0.96150011 0.00315886 0.11806233 0.96150011 0.01994914 0.08958924 0.96150035 0.01347499 0.0864694 0.96150011 -0.00332938 0.11820541 0.96150011 -0.03260683 0.10238994 0.96150029 -0.00478063 0.12037847 0.96150011 -0.02353915 0.09210496 0.96150029 -0.02844341 0.09680136 0.96150011 -0.01141464 0.08570184 0.96150029 -0.01765948 0.0883527 0.96150011 0.00470449 0.1201693 0.96150011 0.03680236 0.11267728 0.96150178 0.03471146 0.10636414 0.96150005 0.00424262 0.1248155 0.96150011 0.03634585 0.13325487 0.96150041 0.00500426 0.12235953 0.96150011 0.03798656 0.12442811 0.96150017 0.03781003 0.11793584 0.96150219 0.03008236 0.14530575 0.96150041 0.03364733 0.13965951 0.96150011 0.02001673 0.15438518 0.96150011 0.02519866 0.15044343 0.96150011 -0.03013059 0.14528336 0.96150005 0.03127339 0.10041356 0.96150011 0.02693499 0.09509525 0.96150005 -0.00495092 0.12298603 0.96150011 -0.03743726 0.12892485 0.96150011 -0.03479769 0.13740624 0.96150041 -0.03631558 0.1106183 0.96150035 -0.03782095 0.11789405 0.96150243 -0.03806385 0.12170028 0.96150422 0.01235894 0.16311978 0.97394216 0.00958 0.16449928 0.97317487 0.01521853 0.16447347 0.97520924 0.00604454 0.16352874 0.97241366 0.00363161 0.16449982 0.97215027 0.02505653 0.15192109 0.97465348 0.02952696 0.14827846 0.97876877 0.02858809 0.1478619 0.97487807 0.03411729 0.15894675 0.99314141 0.03582855 0.15688895 0.99720931 0.03481768 0.15077224 0.99360055 0.03328475 0.15288928 0.99047452 0.03791075 0.14351933 1.00775492 0.03789088 0.16450009 1.00697267 0.03800422 0.14804488 1.00963688 0.03715208 0.1645 1.00179708 0.03756906 0.14994583 1.0041126 0.03696902 0.14695348 1.00090492 0.03465018 0.14596167 0.99172533 0.03746767 0.13700111 1.00395501 0.03592727 0.14251234 0.99594277 0.03592625 0.1381889 0.99331391 0.0346467 0.14197148 0.98907256 0.0334578 0.14450386 0.98649144 0.03279533 0.14771692 0.98720986 0.02517271 0.15511176 0.97880298 0.02766427 0.1525757 0.98034453 0.02568647 0.15285328 0.97732466 0.02968964 0.15031143 0.9819997 0.03174768 0.1462087 0.98246515 0.03243933 0.14342484 0.97989941 0.02666192 0.14922757 0.97185189 0.02930757 0.14627506 0.97151536 0.03062795 0.14505768 0.97501171 0.03223098 0.14230207 0.97345454 0.03099907 0.15004699 0.98453444 0.03360378 0.14136341 0.98163497 0.03758242 0.13028973 1.00269604 0.037396 0.12801223 0.99688357 0.03526858 0.13632385 0.97845715 0.03417158 0.13875557 0.9746353 0.03561306 0.13742337 0.9892354 0.0346137 0.13953356 0.984326 0.03661142 0.1316794 0.9867869 0.0360477 0.13406554 0.98213404 0.03670097 0.13193426 0.97094148 0.03719504 0.12829633 0.98926997 0.03767462 0.12700459 0.97224337 0.01304218 0.16067341 0.97314388 0.01412455 0.15843165 0.97190845 0.00965616 0.16127023 0.97226775 0.00975684 0.15969004 0.97120637 0.02260935 0.15548077 0.97605687 1.8E-07 0.16094618 0.97095704 0.00511296 0.16044788 0.97077012 0.0028526 0.1601578 0.97019315 0.00624428 0.15973619 0.97019571 0.00354736 0.15988158 0.96954423 -5E-08 0.16014421 0.97001541 0.00515298 0.1617294 0.97157329 0.01381551 0.15782541 0.97085553 0.00977621 0.15902816 0.97039527 0 0.16004583 0.96964532 0.00800029 0.15918256 0.96961695 -0 0.16000357 0.96925944 0.01174813 0.1581876 0.96977252 0.01479199 0.15705487 0.96991843 0.01719056 0.15836026 0.97379977 0.01945854 0.15780258 0.97505862 0.02091037 0.1554299 0.97399944 0.02090643 0.15438937 0.97229838 0.02366673 0.15206744 0.97194594 0.02077664 0.15387651 0.97037286 0.02434334 0.1512337 0.97011733 0.01795736 0.15618388 0.97190988 0.01781259 0.15562016 0.97010404 0.00277488 0.16338341 0.97200847 0.00874232 0.16336045 0.97291267 1.9E-07 0.16296956 0.97184503 0.03632618 0.15146272 0.99843562 0.03455236 0.16450007 0.9940443 0.03258518 0.16075379 0.99038053 0.03068413 0.16450006 0.98748726 0.03105401 0.15914799 0.98788142 0.02872335 0.16004038 0.98490608 0.02564554 0.16450006 0.981884 0.02615348 0.16084474 0.98222774 0.02266476 0.16271208 0.97942865 0.01965711 0.16449997 0.97741687 0.01963983 0.16304077 0.97740227 0.02398364 0.15981522 0.97993875 0.0210639 0.16062254 0.97782296 0.01723633 0.16184148 0.97573584 0.03134494 0.15362102 0.98694831 0.02862126 0.15470856 0.98311847 0.02532475 0.15734583 0.98028898 0.01733794 0.16034177 0.97516966 0.02175372 0.15799022 0.97711444 -0.02225592 0.15525723 0.97545779 -0.02170824 0.1576146 0.97683245 -0.01945133 0.15685752 0.97416925 -0.0095808 0.16043463 0.97177804 -0.00539288 0.16184112 0.97166711 -0.00626651 0.16028862 0.97085083 -0.03737947 0.12697212 0.98827589 -0.03724708 0.12979487 0.99804151 -0.03662086 0.13163093 0.98705816 -0.0372716 0.13594432 1.00249469 -0.03590688 0.1377997 0.99263066 -0.03590386 0.14223742 0.9959681 -0.03465258 0.14282817 0.98995918 -0.03218451 0.14377578 0.97932184 -0.02971186 0.14754279 0.9780792 -0.03069197 0.14524019 0.9759385 -0.03043197 0.14874725 0.98191547 -0.03099773 0.15048559 0.98479491 -0.02871454 0.15299621 0.98234272 -0.037527 0.14506347 1.00419247 -0.037989 0.14422964 1.00885534 -0.03789506 0.16450006 1.00700772 -0.03642926 0.15663904 0.99907219 -0.03713395 0.16449976 1.00175703 -0.03489221 0.15581274 0.99461704 -0.03447522 0.16450012 0.99388564 -0.03407281 0.15889263 0.99304366 -0.03722201 0.15121429 1.00206721 -0.03565038 0.14552528 0.99540156 -0.03456676 0.1483781 0.99240434 -0.03780201 0.1378275 1.00649619 -0.03301508 0.1499999 0.98889804 -0.03186316 0.15406744 0.9880203 -0.02900412 0.15683272 0.9844197 -0.0322356 0.15970996 0.98973858 -0.03212655 0.14574334 0.98301804 -0.02503857 0.15379623 0.97747898 -0.02754642 0.15123826 0.97865111 -0.03407187 0.14094409 0.98380744 -0.02748382 0.14964902 0.97586852 -0.02497399 0.15159431 0.97400439 -0.02642667 0.14940259 0.9713881 -0.02895844 0.14672729 0.97202337 -0.03249903 0.1422109 0.97583801 -0.03075537 0.14439593 0.97185886 -0.03300407 0.14094803 0.97264218 -0.03588135 0.13515079 0.98588014 -0.03511944 0.13845338 0.98638463 -0.03223118 0.14772493 0.98564607 -0.03341702 0.1454127 0.98725885 -0.03499478 0.13697937 0.97683084 -0.03406692 0.13928244 0.97706068 -0.0360531 0.13405758 0.97822422 -0.03690578 0.1310657 0.97159696 -0.03767038 0.12705658 0.9722423 -0.00974648 0.15901649 0.97039223 -0.01390352 0.15799589 0.97120225 -0.013191 0.15931103 0.97225314 -0.01285852 0.16072656 0.97310168 -0.01699791 0.15856335 0.97379118 -0.00284266 0.16039582 0.97053951 1E-08 0.16095199 0.97099257 -0.0026861 0.15995321 0.96966577 -0.00583519 0.15961877 0.96985108 -0.00799741 0.1591811 0.96959412 -0.01236047 0.15799132 0.96976542 -0.01695722 0.15689579 0.97208893 -0.01940112 0.15545315 0.97229469 -0.01712192 0.15598951 0.97011119 -0.01477536 0.1572706 0.97063154 -0.02233387 0.15342401 0.972637 -0.02077631 0.15387335 0.97033852 -0.02363066 0.15182108 0.97064233 -0.00293756 0.16323858 0.97198927 -0.00644126 0.16450082 0.97249037 -3.9E-07 0.16360322 0.97191739 -0.01346261 0.16300656 0.97434211 -0.01359041 0.16450045 0.97446787 -0.00965648 0.16332816 0.97315389 -0.00613671 0.16351034 0.97242445 -0.01964691 0.16450061 0.97742373 -0.01614017 0.16238955 0.97537971 -0.01951552 0.16225973 0.97724277 -0.02414722 0.1625032 0.98052496 -0.02545162 0.16449979 0.98169994 -0.02767997 0.1611429 0.98382449 -0.03061423 0.16450012 0.98739797 -0.03008809 0.16045323 0.98664629 -0.02278559 0.15970869 0.97887838 -0.01812177 0.15985999 0.97538519 -0.02536258 0.15860271 0.98083442 -0.0260342 0.15575002 0.9802354 0.00588318 0.07686646 0.97237563 -3.4E-07 0.07667485 0.97200978 0.00266628 0.07934549 0.97196645 0.03284485 0.08986227 0.9912166 0.03358761 0.08737831 0.99239272 0.03119474 0.08528211 0.98839533 0.03355762 0.09211441 0.99250698 0.03587906 0.09034869 0.99804652 0.0379018 0.09537409 1.00762618 0.03678818 0.10180573 1.00058484 0.03750965 0.10589388 1.00339043 0.03695849 0.10806613 0.99703693 0.03689487 0.11184569 0.98753399 0.03732042 0.11459406 0.98554939 0.03735548 0.112636 0.99586111 0.00320915 0.08407124 0.96978462 0.00872011 0.08495316 0.96993518 0.00652829 0.08428095 0.97051591 0 0.08397292 0.96960187 -0 0.08399884 0.96922797 0.00272398 0.08375549 0.97042972 -5E-08 0.08359939 0.97046167 1E-08 0.08376405 0.97023135 0.00274199 0.08309047 0.97103596 3E-08 0.08333485 0.970716 0 0.08349219 0.97057319 0.00618818 0.08378333 0.97110838 -1E-08 0.08387204 0.97001803 0.01630017 0.08723073 0.97243029 0.01921999 0.08840385 0.97397572 0.01517041 0.08619829 0.97311419 0.02271073 0.09091126 0.97456455 0.02299219 0.08982546 0.97688651 0.00606471 0.08322648 0.97149795 0.00990408 0.08472081 0.97152168 0.01160245 0.08466668 0.97241026 0.00797599 0.08319727 0.97199476 3.1E-07 0.08060151 0.97170055 1E-08 0.08210325 0.9713375 0.00265841 0.08167695 0.97157562 0 0.08225782 0.97128224 -0 0.08251879 0.97118127 1E-08 0.08297792 0.97095942 0.01894942 0.07930128 0.97701228 0.01869811 0.0832977 0.97672874 0.02291505 0.08064818 0.97957587 0.02188633 0.08386362 0.97878796 0.01411584 0.07806925 0.97466648 0.01472617 0.08211998 0.97476774 0.01501949 0.08486953 0.97409469 0.01854699 0.08571824 0.97585356 0.01840375 0.08724984 0.97467178 0.01112386 0.08368655 0.97280908 0.01105845 0.08150325 0.97344023 0.00710051 0.08081461 0.97246546 0.03371814 0.09790672 0.99046278 0.03267771 0.09778699 0.98725921 0.03382989 0.10104798 0.98722756 0.0223775 0.0879046 0.97783333 0.02565577 0.089701 0.9804191 0.0256475 0.0917448 0.9785068 0.02862588 0.09207902 0.98316723 0.0281003 0.09391256 0.98027933 0.03068499 0.09030353 0.98746109 0.02706593 0.08853942 0.98269087 0.02231638 0.08615232 0.97860974 0.03705519 0.09261748 1.00236714 0.03585113 0.09568939 0.99815392 0.02827337 0.08740851 0.98455882 0.02532391 0.08558705 0.98150235 0.02789937 0.08299984 0.98405677 0.03624628 0.10945199 0.98479754 0.03601744 0.10975233 0.97432798 0.03599923 0.1059232 0.99184895 0.03455106 0.10604072 0.97295606 0.03550865 0.10735387 0.98239404 0.03504121 0.09735117 0.99518287 0.03594692 0.10183571 0.99623185 0.03497836 0.10166568 0.99172026 0.0347234 0.10389571 0.98641801 0.03433871 0.1045735 0.98114705 0.03301276 0.10303631 0.97261369 0.01303914 0.0858354 0.97187769 0.02455051 0.09293112 0.97017622 0.0254093 0.0930327 0.97553432 0.02783018 0.09535471 0.97649103 0.01359435 0.08646733 0.96980274 0.01911529 0.08907581 0.97001433 0.01939849 0.08893702 0.97264725 0.02816512 0.0964481 0.97042763 0.02990205 0.09798917 0.97558695 0.03050084 0.09928022 0.9707706 0.03179663 0.10050695 0.97725374 0.03288967 0.10171749 0.98044211 0.03242977 0.09906913 0.98463988 0.03324697 0.09476247 0.99105954 0.0301123 0.09573293 0.98252517 0.03102226 0.0939656 0.98644406 0.03071945 0.09802655 0.98009229 -0.03085573 0.09848452 0.97933972 -0.02741974 0.09452569 0.97736937 -0.02925785 0.09592048 0.97981036 0 0.07951526 0.9718309 -0.00255159 0.07948066 0.97194195 -0.00261252 0.08209652 0.97145927 0 0.08145106 0.97151846 -0.03748253 0.11578607 0.98571432 -0.03718946 0.11397988 0.98152906 -0.03690487 0.0961904 1.001827 -0.03772591 0.10069342 1.00599289 -0.03645786 0.10134301 0.99889868 -0.03756147 0.10764712 1.00303793 -0.03671226 0.10724405 0.99602628 -0.03733383 0.11198767 0.99704486 -0.03801915 0.09591524 1.00866318 -0.03689174 0.09225944 1.00168991 -0.03158128 0.09025937 0.98892218 -0.0347119 0.08865502 0.99482286 -0.03388258 0.09200446 0.99328148 -0.02055964 0.08325557 0.97790098 -0.02073059 0.07984307 0.97804576 -0.02330354 0.08441323 0.97984898 -0.02619338 0.0821214 0.9823758 -0.00408182 0.0767689 0.97218627 -0.00645275 0.07949577 0.97245151 -0.01078927 0.07745277 0.97349143 -0.01125889 0.08059675 0.97356862 -0.0161773 0.07856087 0.97559166 0 0.08399781 0.96924806 -0.00307171 0.08406125 0.96980327 -0.01143487 0.08535478 0.97139907 -0.01187719 0.08584604 0.96998113 -0.00794042 0.08424908 0.97119534 -0.01473374 0.08654305 0.9720673 -0.0078859 0.08477046 0.970007 -0.00552952 0.08370812 0.97102493 -0.00365726 0.0839214 0.97030193 -0.00270618 0.08330283 0.97087765 0 0.08396087 0.96967036 -0.01670269 0.08781623 0.96997768 -0.01873802 0.08815872 0.97380817 -0.01510839 0.08627169 0.97295523 -0.01688769 0.08605066 0.97451299 -0.02002834 0.08779531 0.97563893 -0.01159464 0.085007 0.97207755 -0.00637851 0.08331684 0.9715097 0 0.08285572 0.97102427 -0.00645979 0.08203362 0.97206849 -0.01298434 0.08447549 0.97322035 -0.00992182 0.08374125 0.97234172 0 0.08324312 0.97078502 -0.01920524 0.08356738 0.97698909 -0.01558952 0.08170018 0.97521371 -0.0201363 0.08644523 0.97668737 -0.02303477 0.08900481 0.97774619 -0.01003061 0.08221529 0.97294414 -0.03452502 0.09735523 0.99339384 -0.03239005 0.09455588 0.98920155 -0.02306767 0.08683985 0.97907799 -0.01699878 0.08412381 0.97549468 -0.02814408 0.09029184 0.98355061 -0.02882004 0.09370497 0.98204398 -0.02571075 0.08835729 0.98123062 -0.02569571 0.09082925 0.97957915 -0.01363018 0.08293029 0.97411752 -0.02605812 0.08591439 0.98222345 -0.02865723 0.0876402 0.98501223 -0.02952267 0.08403483 0.9860329 -0.03615688 0.1090278 0.98547143 -0.03688226 0.111206 0.98945343 -0.03542721 0.09413132 0.99705261 -0.03556195 0.10381137 0.99193072 -0.03284513 0.10223626 0.97740495 -0.03433352 0.10461959 0.98111206 -0.03528015 0.10775848 0.97317016 -0.03524195 0.10629766 0.98419678 -0.03656062 0.11148421 0.97508919 -0.01776173 0.08796984 0.97272038 -0.02189102 0.09085713 0.970137 -0.02099788 0.08990248 0.9731319 -0.02368013 0.09173945 0.97429639 -0.02595935 0.09420195 0.97036886 -0.02651198 0.09425184 0.97461927 -0.02965539 0.09813927 0.97042042 -0.02885847 0.09672624 0.97527248 -0.03093638 0.09937149 0.97591341 -0.03335867 0.10367772 0.97068763 -0.03332251 0.10058621 0.98558855 -0.03287786 0.10142941 0.98128217 -0.03118314 0.09747657 0.98297369 -0.0332889 0.09844738 0.98844361 -0.02495725 0.09235315 0.97605592 -0.03152773 0.08555177 0.9889006 -0.02139305 0.0893749 0.97533584 -0.02594442 0.0923352 0.97804004 -0.03108149 0.09479148 0.9859218 -0.03068179 0.09236424 0.98668271 0.03790832 0.11288489 1.00655258 0.03800706 0.09705154 1.01082826 0.03762043 0.12437763 0.98922187 0.03802392 0.12286723 0.97125816 0.03765741 0.11826874 0.99186349 0.03774503 0.11938761 1.00128829 -8.089E-05 0.16449998 1.04804504 0 0.16450003 1.0150001 0.00832851 0.16449986 1.04711592 -0.01748731 0.16450001 1.04380822 -0.00879318 0.16450001 1.04703677 -0.03776922 0.16449998 1.01486337 0 0.16450003 1.00500011 0.01711414 0.16449995 1.04398394 -0.02494108 0.1645 1.03875041 -0.0354892 0.16450001 1.02375877 -0.03110879 0.16450003 1.03193951 0.03773699 0.16449989 1.01505303 0.03530824 0.16449998 1.02418566 0.02463002 0.16449991 1.03899276 0.02987146 0.16450003 1.03348827 0.0324802 0.16450003 1.02972412 -0.03761373 0.11545222 0.99868912 -0.03794265 0.12401008 0.97225803 -0.03766392 0.12081689 0.99631345 -0.03760786 0.1259895 1.00146401 -0.03795073 0.11809294 1.00740683 -0.03772633 0.09914206 1.01481473 -0.03595096 0.1032432 1.02262342 0.03767408 0.0994232 1.0153501 -0.00026669 0.11659875 1.04807377 -0.00695713 0.11623745 1.04738533 -0.01414304 0.11517238 1.04535568 -0.02040241 0.11346122 1.04209471 -0.02574856 0.11132479 1.03802419 -0.03142636 0.10792425 1.03154552 0.03572833 0.10351977 1.02315569 0.03234332 0.10711516 1.0300045 0.02828588 0.10999554 1.03549087 0.02176607 0.1130114 1.04123759 0.01345376 0.11532567 1.0456475 0.00577873 0.116348 1.04759598 0.02059486 0.20500004 0.99933898 0.02072553 0.20750228 1.0000608 0.02057704 0.20500004 1.00047028 0.01997505 0.20750155 1.00109828 0.01992477 0.20500004 1.00109828 0.01886822 0.20500004 1.00109708 0.01869792 0.20750229 1.00101459 0.01812034 0.20500004 1.0000571 0.01813785 0.20750105 0.99994564 0.01846146 0.20750049 0.9990989 0.01848987 0.20500004 0.99906683 0.01940154 0.20750228 0.99861574 0.01944904 0.20500004 0.99861526 0.02035924 0.20750049 0.99906945 0.01942339 0.20825109 0.99992472 -0.01816405 0.20500004 1.01986909 -0.01819189 0.20750156 1.01966918 -0.01842896 0.20750228 1.02092707 -0.01846009 0.20500004 1.02096295 -0.01940365 0.20750049 1.02134323 -0.01944664 0.20500004 1.02134323 -0.02038887 0.20750228 1.02095973 -0.02042069 0.20500004 1.02092457 -0.02063878 0.20750332 1.01955295 -0.02067902 0.20500004 1.01989961 -0.02025763 0.20500004 1.01909697 -0.01974591 0.20750049 1.01884937 -0.01940011 0.20500004 1.01880789 -0.01891881 0.2075007 1.01890337 -0.01861745 0.20500004 1.01908612 -0.01942339 0.20825109 1.02007556 0.02068274 0.20500004 1.01986909 0.02067945 0.20750049 1.01990306 0.02041783 0.20750228 1.02092707 0.0203867 0.20500004 1.02096295 0.01944314 0.20750049 1.02134323 0.01940014 0.20500004 1.02134323 0.01845792 0.20750228 1.02095973 0.0184261 0.20500004 1.02092457 0.01816474 0.2075007 1.01986551 0.01816777 0.20500004 1.01989973 0.01858916 0.20500004 1.01909697 0.0186203 0.2075007 1.01908386 0.01940363 0.20750049 1.01880777 0.01944667 0.20500004 1.01880789 0.02026029 0.20750102 1.01909947 0.02022935 0.20500004 1.01908612 0.01942339 0.20825109 1.02007556 0.03676377 0.19278932 1.01585257 0.0368478 0.19207233 1.01606464 0.03674884 0.18981659 1.01553118 0.03680236 0.18963966 1.0155468 0.0367395 0.18772274 1.0142504 0.03690157 0.19450614 1.01547909 0.03678944 0.19557372 1.01458931 0.03694761 0.19653678 1.01402318 0.0368082 0.19731921 1.01215482 0.0370066 0.19783053 1.01156056 0.03682461 0.19770494 1.01021028 0.03705331 0.19797757 1.00906384 0.03681591 0.19765404 1.00920105 0.03692937 0.19689186 1.00697875 0.03709957 0.19715986 1.00689602 0.03697639 0.19534214 1.00534642 0.03713974 0.19591992 1.00542235 0.03719104 0.1935232 1.00410819 0.03701848 0.19341643 1.00443745 0.03671457 0.19738109 1.007254 0.03680314 0.19646861 1.00641608 0.03681295 0.19732392 1.00792241 0.03681042 0.19517438 1.00524068 0.03682262 0.1933952 1.00443375 0.03672703 0.19354476 1.00414133 0.03672807 0.19588205 1.00538063 0.03672824 0.19802567 1.00959325 0.03672828 0.19757766 1.01238382 0.03672849 0.19616058 1.01435375 0.03672827 0.19450246 1.01548707 0.03672783 0.19190727 1.01606941 0.03672852 0.1892699 1.01538992 -0.03696619 0.19698605 1.00663483 -0.03681257 0.19722089 1.00768578 -0.0369968 0.1976845 1.0080359 -0.03679327 0.19608679 1.00589645 -0.03693574 0.19597447 1.00548506 -0.03690182 0.19451037 1.00452209 -0.03677525 0.19428688 1.00466025 -0.03686022 0.19259338 1.00400257 -0.03676279 0.19232026 1.00412595 -0.03682611 0.19083571 1.00409865 -0.03674969 0.18995789 1.00443053 -0.03678357 0.18894704 1.00478339 -0.03674036 0.18780537 1.00565088 -0.03682695 0.19768006 1.00927901 -0.03703199 0.19802155 1.00976515 -0.03682382 0.19764087 1.0108912 -0.03706689 0.19782081 1.01151729 -0.03692914 0.19689487 1.01301575 -0.03710464 0.19703001 1.01334035 -0.03697557 0.19534174 1.01465428 -0.03714886 0.19549951 1.01491261 -0.03702101 0.19339246 1.01557159 -0.03719618 0.19345731 1.01586199 -0.03680517 0.19337767 1.01557136 -0.03680603 0.19555126 1.01452124 -0.03680074 0.19697589 1.01284659 -0.03672821 0.19348454 1.01586068 -0.03672846 0.19532093 1.01501632 -0.03672727 0.19684106 1.0136224 -0.0367292 0.1979095 1.0112679 -0.03672026 0.19795385 1.00910413 -0.03672228 0.19724625 1.00699902 -0.03672812 0.19561136 1.0051589 -0.03672986 0.1935156 1.0041604 -0.03672727 0.19167334 1.00399518 -0.0367286 0.19000383 1.00431299 -0.01825193 0.20500004 0.99933898 -0.01812126 0.20750228 1.0000608 -0.01826975 0.20500004 1.00047028 -0.01887174 0.20750155 1.00109828 -0.01892202 0.20500004 1.00109828 -0.01997857 0.20500004 1.00109708 -0.02014887 0.20750229 1.00101459 -0.02072645 0.20500004 1.0000571 -0.02070894 0.20750105 0.99994564 -0.02038533 0.20750049 0.9990989 -0.02035692 0.20500004 0.99906683 -0.01944525 0.20750228 0.99861574 -0.01939775 0.20500004 0.99861526 -0.01848755 0.20750049 0.99906945 -0.01942339 0.20825109 0.99992472 -0.03724073 0.19693121 1.01756859 -0.0366342 0.19786532 1.01584065 -0.03628808 0.19559842 1.01747561 -0.03791376 0.20051527 1.01262271 -0.03800894 0.20089167 1.00925934 -0.03718407 0.20032471 1.01004839 -0.0369894 0.19951504 1.01353037 -0.03761231 0.19907722 1.01554215 -0.03695164 0.19404989 1.01886821 -0.03606351 0.19210276 1.01833773 -0.03690966 0.19112876 1.0190376 -0.03709027 0.18825594 1.01827586 -0.03631805 0.18810466 1.01736796 -0.03745975 0.185691 1.01640272 -0.03679157 0.18536329 1.01497877 -0.03790734 0.18352085 1.01300943 -0.03704854 0.18420777 1.01276898 -0.03718412 0.18366563 1.00995636 -0.03798927 0.18319762 1.00862253 0.03705639 0.19535628 1.01841831 0.03742987 0.19819862 1.01657605 0.03740323 0.2048673 1.01669228 0.03783446 0.20016801 1.01359677 0.03779941 0.20495382 1.01354575 0.03607111 0.20495787 1.02184021 0.03690982 0.19287118 1.01903772 0.03692357 0.20497385 1.01877439 0.03695736 0.17150013 1.01890302 0.03763713 0.18473023 1.01527619 0.03723799 0.18710279 1.01759756 0.03695116 0.1899616 1.01887047 0.03778472 0.17150003 1.01403928 0.03794723 0.18336287 1.01221097 0.03770923 0.1843586 1.00517535 0.0380026 0.18313679 1.00919843 0.03714133 0.17150003 1.00196755 0.03717304 0.18757217 1.00209069 0.0369128 0.19325671 1.00097406 0.03694331 0.19022748 1.00109875 0.03570058 0.17149992 0.99677253 0.03720755 0.20496972 1.00247049 0.03785494 0.20025751 1.00646174 0.03728065 0.19725385 1.00254858 0.03641157 0.20495524 0.99926615 0.03800957 0.20089775 1.01055896 0.03795575 0.20495577 1.01071811 0.0378357 0.20492536 1.00645733 -0.02643003 0.20497623 0.98275971 -0.02728134 0.19326879 0.98356408 -0.02806099 0.204898 0.98440075 -0.02939365 0.20495597 0.98594797 -0.02774663 0.19261166 0.98404765 -0.02780489 0.19158475 0.98411292 -0.02746765 0.1908845 0.98374826 -0.02813428 0.17150101 0.9844777 -0.02694106 0.19061106 0.98321843 -0.02617912 0.1909554 0.98246759 -0.02346594 0.17150003 0.98011118 -0.02587368 0.19176082 0.98218232 -0.0259052 0.19244049 0.98220968 -0.0264637 0.19328544 0.98274523 -0.02410603 0.20495683 0.98066849 -0.01621478 0.20496997 0.97566885 -0.01504394 0.20055363 0.97512668 -0.01518939 0.20021173 0.97517794 -0.01450023 0.20105425 0.9748854 -0.01405264 0.20488012 0.9747045 -0.01830824 0.17149992 0.97663897 -0.01514351 0.18372938 0.97516966 -0.01289108 0.17150003 0.97425354 -0.01494389 0.18331018 0.97508103 -0.01446628 0.18293828 0.97487694 0.01413964 0.20494676 0.97476286 0.01513164 0.20043412 0.97515351 0.01440033 0.20109731 0.97484052 0.01141046 0.20496251 0.97379994 0.01128196 0.20104334 0.97375405 0.00842572 0.20495112 0.97298634 0.00860485 0.20104429 0.97303379 0.00584855 0.20105295 0.97248727 0.00570727 0.20489983 0.97244859 0.00329318 0.2049679 0.97218066 0.00277528 0.20104375 0.97214055 -0.00132583 0.20492005 0.97202003 -0.00011244 0.2010543 0.97203159 -0.00288124 0.20104341 0.97215688 -0.00531586 0.20498385 0.97242856 -0.00574741 0.20109388 0.9724527 -0.00856998 0.20493869 0.97301018 -0.00988206 0.20108077 0.97330475 -0.01148661 0.2049484 0.973813 0.01444163 0.18292598 0.9748624 0.01509004 0.18346709 0.97514528 0.01637267 0.17150153 0.97571367 0.01689537 0.20497561 0.97602546 0.01886649 0.20487428 0.97700906 0.0089679 0.17150009 0.97302628 0.01105336 0.18297119 0.97369295 0.00860916 0.18289772 0.97300553 0.00106499 0.17149995 0.97196585 0.00582886 0.18295082 0.97248596 -3.385E-05 0.18292308 0.97202271 0.00282554 0.18295494 0.97214258 -0.00291951 0.18297109 0.97217089 -0.00706655 0.17149995 0.97261083 -0.00571038 0.1828904 0.97244263 -0.00815741 0.18296954 0.97292805 -0.01148851 0.1829544 0.9738192 -0.03790414 0.20495832 1.00792992 -0.03799026 0.20486537 1.0108161 -0.03739784 0.19798923 1.00324786 -0.03780466 0.20003015 1.00607014 -0.03764995 0.20488548 1.00490284 -0.03633651 0.17149961 0.99862301 -0.03724091 0.18706745 1.00243247 -0.03695165 0.1899493 1.00113225 -0.0369493 0.19422044 1.00111735 -0.0365581 0.20494336 0.99971163 -0.03719224 0.20497769 1.00250101 -0.0375162 0.17150003 1.00395572 -0.03768807 0.18450198 1.00499523 -0.03802742 0.17150033 1.01005924 -0.0375162 0.17150003 1.0160445 -0.03649958 0.20485699 1.02066243 -0.03632971 0.17149982 1.02138174 -0.03782133 0.20497614 1.01308966 -0.03744245 0.20496146 1.01625156 -0.01446609 0.18295059 1.04511976 -0.01512444 0.18355273 1.04484272 -0.0180122 0.17150001 1.04356134 -0.01103741 0.17150009 1.04640973 -0.0154748 0.204877 1.04469621 -0.01498119 0.20056029 1.04488754 -0.01443492 0.20107526 1.04514015 -0.01149518 0.1829554 1.0461787 -0.00504357 0.17150003 1.04766393 -0.00569729 0.18295158 1.04753149 -0.00858249 0.18295807 1.04697514 -0.00296306 0.1829547 1.0478375 0.00106582 0.17149995 1.04803431 -9.099E-05 0.18295589 1.04795659 0.00280262 0.18295883 1.04785371 0.0089707 0.17150009 1.04697323 0.00567339 0.18293987 1.04753745 0.00843117 0.18294859 1.0470165 0.01642063 0.17150101 1.04428518 0.01458143 0.18300146 1.04507256 0.0113579 0.18295769 1.04622018 0.01458703 0.20105135 1.0450846 0.01517268 0.20015296 1.04482138 0.01783931 0.20496663 1.04349887 0.0151743 0.18380341 1.04482222 0.01520984 0.20493315 1.04479635 0.01130517 0.20104279 1.04623568 0.0123609 0.20496404 1.04588521 0.0084013 0.20495859 1.04704344 0.00833828 0.20105433 1.04704046 0.00527946 0.20102607 1.04758036 0.00416858 0.20495297 1.04773533 0.00288613 0.20110534 1.04787815 0.00138854 0.20489818 1.04795837 -4.296E-05 0.2010503 1.04796505 -0.00122404 0.20497666 1.04792821 -0.00291935 0.2010473 1.04784143 -0.00563077 0.20494187 1.04757154 -0.0057597 0.20105204 1.047526 -0.00855838 0.20104729 1.04698706 -0.00958413 0.20497099 1.04672909 -0.01153721 0.20104685 1.04616785 -0.01320445 0.2049717 1.04559183 -0.02590125 0.19246431 1.03779352 -0.02592078 0.1914832 1.03777492 -0.02346594 0.17150003 1.0398891 -0.0263776 0.19078329 1.03733563 -0.0267941 0.19059673 1.03693819 -0.02809945 0.17150109 1.03555214 -0.02742562 0.19083224 1.03629375 -0.02782816 0.191687 1.03586721 -0.02774515 0.19254246 1.03594279 -0.0289086 0.20497417 1.03460205 -0.02743014 0.19301906 1.0362488 -0.0269257 0.19340846 1.03680301 -0.02702328 0.20495543 1.03666604 -0.02633867 0.19311191 1.0373354 -0.02505623 0.20495456 1.03850579 -0.02329919 0.20493644 1.03999555 0.03554588 0.20489976 0.99661511 0.03449775 0.20497085 0.99417043 0.03187389 0.17150004 0.98920482 0.03313693 0.20495975 0.99149132 0.03161912 0.20496476 0.98902309 0.02792142 0.17150003 0.98422426 0.02806807 0.20488659 0.98439187 0.02990307 0.20495212 0.98661363 0.02780977 0.1917766 0.98412168 0.02751985 0.19092974 0.98380733 0.02590448 0.19159614 0.98220873 0.0263177 0.19083631 0.98260379 0.02382959 0.17149991 0.98029286 0.02689272 0.19061446 0.98316866 0.02775669 0.1924984 0.98406512 0.02751484 0.19303456 0.98380679 0.02688675 0.19342263 0.98315382 0.02634834 0.20497414 0.98269045 0.02460135 0.20493799 0.98104763 0.02623865 0.19308761 0.98252702 0.0258766 0.19238123 0.98218167 0.02159132 0.20495698 0.97877818 -0.01924906 0.2048887 0.97724676 -0.02139547 0.20497417 0.9786604 -0.0327358 0.17150003 0.99059331 -0.03316798 0.20488732 0.99147248 -0.0317764 0.2049728 0.98925614 -0.03555232 0.20489496 0.99661899 -0.03457479 0.2049769 0.99436361 -0.03285917 0.17150003 1.02919722 -0.03379544 0.20495212 1.02729249 -0.03497512 0.20495786 1.02474916 -0.03232797 0.20495342 1.02990198 -0.03079805 0.20489973 1.03222966 -0.02039976 0.2049666 1.04200184 -0.01798393 0.20496476 1.04341304 0.02062243 0.20497666 1.04184818 0.02395954 0.17149986 1.03959167 0.02783038 0.19207075 1.0358572 0.02734041 0.19079517 1.03637516 0.02792142 0.17150003 1.03577602 0.0268875 0.19062363 1.03683174 0.0262491 0.19086744 1.03746533 0.02586456 0.1917606 1.03783023 0.02506803 0.20489079 1.03854823 0.0227293 0.20488715 1.04044282 0.02595866 0.19263142 1.03773868 0.02652777 0.19331855 1.03718758 0.02679946 0.20497453 1.0368669 0.02867911 0.20486239 1.03495276 0.02718237 0.19330586 1.03653705 0.02763982 0.19282877 1.03606188 0.03170679 0.17150001 1.031039 0.03064664 0.20497289 1.03238881 0.03236797 0.20495452 1.02983546 0.03460412 0.17150003 1.02570224 0.03496438 0.20495906 1.0247668 0.03372502 0.2049631 1.0273968 -0.03663518 0.18612957 1.00416481 -0.03628587 0.18840793 1.0025233 -0.03698983 0.18448307 1.00647402 -0.03606352 0.191897 1.00166225 -0.03631797 0.19589464 1.00263166 -0.03679259 0.19863646 1.0050211 -0.03704869 0.1997931 1.00723326 -0.03549999 0.20025089 1.00926948 -0.03549991 0.19982916 1.01283908 -0.0354989 0.19796215 1.01573551 -0.0354993 0.19470197 1.01788986 -0.03550056 0.19034082 1.01815724 -0.03550027 0.18659046 1.01633143 -0.03549998 0.18446623 1.0134393 -0.03549999 0.18374914 1.01073134 -0.0355 0.18400079 1.00787318 -0.03549909 0.18566903 1.00454891 -0.03549993 0.1893793 1.00209296 -0.03550057 0.19365823 1.00184274 -0.03550028 0.19740999 1.00366902 -0.03549997 0.19953442 1.00656188 -0.03648908 0.20499492 1.02022982 0.0371896 0.20033455 1.00997066 0.03699214 0.19952051 1.00648117 0.03663403 0.19786994 1.00416434 0.03628848 0.19558981 1.00252211 0.03606352 0.19210303 1.00166225 0.03621315 0.18923742 1.0022155 0.03642042 0.18742864 1.00309563 0.03678929 0.18535177 1.00503659 0.03705127 0.18421103 1.00722146 0.03718938 0.1836752 1.01003194 0.03699171 0.18448159 1.01352334 0.03663319 0.18613482 1.01584077 0.03629069 0.18840411 1.01747692 0.03606351 0.19189712 1.01833773 0.03621337 0.19476527 1.01778388 0.03642056 0.19657232 1.016904 0.03678959 0.19864964 1.01496196 0.03705107 0.19978806 1.01278126 -0.01458159 0.20085141 1.04495585 -0.01418836 0.20095918 1.04498363 -0.01456981 0.20082027 1.0448246 -0.0148103 0.20058754 1.04472184 -0.01498433 0.2002162 1.04466808 -0.01510913 0.20018104 1.04480457 0.01430814 0.2009787 1.04506969 0.01492434 0.20066766 1.04490066 0.01487724 0.20049667 1.04474127 0.01499441 0.20013401 1.04468322 0.01455817 0.20082411 1.04484797 0.01498673 0.18375629 1.04471374 0.0141568 0.18299654 1.0451411 0.01453124 0.18313573 1.04492414 0.01484424 0.18345492 1.04472852 0.01493305 0.18343507 1.04486144 -0.01416735 0.18303961 1.04499936 -0.01499164 0.18380815 1.04469728 -0.01483672 0.18344499 1.0447495 -0.0144837 0.18313342 1.04487622 0.02599172 0.19138113 1.0375675 0.02586658 0.19208193 1.03767884 0.02626689 0.1909675 1.03731799 0.02690386 0.19074133 1.03666568 0.02655334 0.19077787 1.03699458 0.02728294 0.19095898 1.03625917 0.02761691 0.19139722 1.0360018 0.02766697 0.19202211 1.03586113 0.02731526 0.19300333 1.03622353 0.0275543 0.19262332 1.03599 0.02701873 0.19321136 1.03652894 0.02667032 0.19325963 1.03688335 0.02630018 0.19307312 1.03724599 0.02602215 0.19270465 1.03751123 -0.02748284 0.19119075 1.03609049 -0.0271291 0.19082102 1.03644013 -0.02764357 0.19166845 1.03590941 -0.02667592 0.19073787 1.03690195 -0.02634255 0.19089708 1.03720725 -0.02607678 0.19119602 1.03746247 -0.02590527 0.19164667 1.03762794 -0.0258661 0.19213289 1.03764415 -0.02600171 0.19262952 1.03756738 -0.0269103 0.19326097 1.03666341 -0.02645847 0.19318564 1.03709447 -0.02751089 0.19273973 1.03604102 -0.02764124 0.19220623 1.03587461 -0.03549984 0.19700934 1.00372899 -0.03550036 0.19391361 1.00225258 -0.03550045 0.1911518 1.00206614 -0.03550037 0.18854788 1.00280607 -0.03550008 0.18632376 1.00438452 -0.03550022 0.18471958 1.00673807 -0.03550003 0.18396273 1.01015019 -0.0355005 0.18481591 1.01347601 -0.03549985 0.18699051 1.01627111 -0.0355004 0.1900858 1.01774359 -0.03550045 0.19284712 1.01793432 -0.0355005 0.19547573 1.01718438 -0.03550039 0.19770476 1.01558077 -0.03550059 0.19974431 1.01191199 -0.03550045 0.1999341 1.00915229 -0.0355005 0.19918391 1.00652385 -0.00032528 0.20500004 1.04154682 0.00695778 0.20500004 1.04077172 -0.00546992 0.20500003 1.04102159 -0.0110959 0.20500004 1.0395329 -0.01760698 0.20500004 1.03617823 -0.02316951 0.20500004 1.03141212 -0.02272289 0.20500004 0.98811466 -0.01706372 0.20500004 0.98346466 -0.01247651 0.20500003 0.9810763 -0.00695852 0.20500004 0.97922873 0.02002864 0.20500004 1.03437543 0.01386721 0.20500004 1.03833747 -0.03147444 0.20500004 1.00784123 -0.03065092 0.20500003 1.00273573 -0.02883792 0.20500004 0.99720657 -0.02631787 0.20500003 0.99269056 -0.02631787 0.20500003 1.02730966 -0.02909571 0.20500004 1.02219605 -0.03112397 0.20500004 1.0151577 0.00032528 0.20500004 0.9784534 0.02316933 0.20500004 0.98858786 0.01760724 0.20500004 0.98382211 0.02511031 0.20500004 1.02909923 0.01247651 0.20500003 0.9810763 0.0290956 0.20500004 0.99780393 0.02631787 0.20500003 0.99269056 0.03065092 0.20500003 1.00273573 0.02883805 0.20500004 1.02279329 0.031011 0.20500004 1.01579833 0.00759155 0.20500004 0.97937876 0.03151227 0.20500004 1.00849068 0.02760874 0.19151753 0.98406798 0.02733334 0.19098127 0.9837507 0.02691579 0.19073895 0.98334706 0.0264865 0.19080186 0.98293239 0.02618406 0.1910632 0.98258954 0.02599467 0.19136547 0.98246014 0.02587682 0.19189773 0.9823103 0.0259521 0.19249222 0.98238623 0.02621963 0.1929929 0.98265272 0.02655355 0.19322222 0.9830057 0.02690662 0.19325897 0.98333371 0.02720585 0.19310398 0.98365641 0.02745475 0.19280407 0.98392761 0.02766553 0.19227652 0.98410296 -0.02626632 0.19096792 0.9826827 -0.02666216 0.19073531 0.98306978 -0.02599186 0.1913638 0.98245531 -0.02706817 0.19080219 0.98351419 -0.02741383 0.191073 0.98382419 -0.02585985 0.19197679 0.98233825 -0.02755845 0.19141348 0.98402911 -0.02768335 0.19191431 0.98411667 -0.02760546 0.19253489 0.98404694 -0.02693246 0.19326358 0.98334175 -0.02649788 0.19320303 0.98294371 -0.02623626 0.1930023 0.98266053 -0.02729286 0.19302447 0.9837538 -0.02599652 0.19261035 0.9824149 -0.01499208 0.20018664 0.97530347 -0.01498454 0.18375561 0.97529352 -0.01435848 0.18304105 0.9749918 -0.0147502 0.18333794 0.9752171 0.0141789 0.18300526 0.97489834 0.01456229 0.18317136 0.97511268 0.01487979 0.18350703 0.97524852 0.01499707 0.1838042 0.97528708 0.01501146 0.20036611 0.97521049 0.01499363 0.20015016 0.97532034 0.01476736 0.20075712 0.97506344 0.01471946 0.20070134 0.97523123 0.01431748 0.20097408 0.97494155 0.01496055 0.20032352 0.97527295 -0.01149237 0.20097351 0.97405452 -0.01419721 0.20100611 0.97485566 -0.0062718 0.20097423 0.97278142 -0.01483467 0.20055827 0.97525054 -0.01452183 0.20084 0.97512609 0.0355 0.19999924 1.00787294 0.03549999 0.20025092 1.01073134 0.03549909 0.19833103 1.00454903 0.03549993 0.19462073 1.00209296 0.03550057 0.19034186 1.00184274 0.03550028 0.18659005 1.00366914 0.03549997 0.18446568 1.00656188 0.03549999 0.18374918 1.00926936 0.03549991 0.18417092 1.01283908 0.03550001 0.1861434 1.01585937 0.0354993 0.18929806 1.01788986 0.03550056 0.1936592 1.01815724 0.03550027 0.19740969 1.01633132 0.03549998 0.19953388 1.0134393 0.01420155 0.20095739 1.04496717 0.00766366 0.20099396 1.046929 -0.0006617 0.2009858 1.04768789 -0.00947457 0.20097643 1.04652178 0.01481998 0.20030829 1.04496217 0.01464348 0.18350033 1.04506421 0.01436672 0.18305042 1.04479325 -0.00604318 0.18301709 1.04720891 0.01141187 0.18301523 1.04592383 0.00163867 0.18300773 1.04764032 -0.01109453 0.18302602 1.04606783 0.02383519 0.1921283 1.03563046 0.02402167 0.19121113 1.03545594 0.0247387 0.19070235 1.03476334 0.02538509 0.1911128 1.034096 0.02563055 0.19187173 1.03383541 0.02545602 0.19278884 1.0340215 0.02476345 0.19329765 1.03473854 0.02409658 0.19288793 1.03538477 -0.02563056 0.19212797 1.03383553 -0.02545572 0.1912109 1.03402185 -0.02476316 0.19070235 1.03473878 -0.02409607 0.19111282 1.03538537 -0.02383503 0.19187206 1.03563023 -0.0240215 0.19278871 1.03545618 -0.02473845 0.19329765 1.03476357 -0.02538473 0.19288789 1.03409672 -0.03595494 0.18439679 1.01263022 -0.03594944 0.18628447 1.01557529 -0.03595076 0.18841393 1.01714051 -0.03595063 0.19189593 1.01806486 -0.03595092 0.19541708 1.01722074 -0.03595171 0.19762202 1.01567447 -0.03594856 0.19936481 1.01315439 -0.03595078 0.20001996 1.00972009 -0.03594803 0.19923577 1.00661659 -0.03594945 0.19772631 1.00443578 -0.0359522 0.19558199 1.00285745 -0.03594503 0.19204897 1.00194299 -0.03594556 0.18812948 1.0029701 -0.03595122 0.18568105 1.00511861 -0.03595021 0.18418895 1.00815177 0.03109034 0.2105048 1.01537144 0.02901368 0.21050481 1.02239633 0.02631787 0.21050003 1.02730966 0.02302396 0.2105048 1.03157222 0.01742842 0.2105048 1.03630042 0.01089399 0.2105048 1.03961062 0.00546992 0.21050003 1.04102159 0.00010892 0.2105048 1.04155076 -0.00546992 0.21050003 1.04102159 -0.01068924 0.21050479 1.03968513 -0.01724642 0.2105048 1.03642023 -0.02287443 0.21050479 1.03173077 -0.02631787 0.21050003 1.02730966 -0.0289274 0.21050479 1.02259636 -0.03105251 0.21050479 1.01558602 -0.03150368 0.2105048 1.00827444 -0.03065092 0.21050003 1.00273573 -0.02901359 0.2105048 0.99760371 -0.02631787 0.21050003 0.99269056 -0.0230238 0.21050479 0.98842782 -0.01742866 0.2105048 0.98369986 -0.01247651 0.21050003 0.9810763 -0.00738195 0.2105048 0.97932494 -0.00010895 0.2105048 0.97844934 0.00717001 0.21050481 0.97927475 0.01247651 0.21050003 0.9810763 0.01724666 0.21050479 0.98358017 0.02287428 0.2105048 0.98826933 0.02631787 0.21050003 0.99269056 0.02892728 0.2105048 0.99740362 0.03065092 0.21050003 1.00273573 0.03149102 0.2105048 1.008057 0.02563042 0.19212827 0.98616505 0.02545588 0.19121119 0.98597848 0.02476323 0.19070236 0.9852615 0.0240962 0.19111265 0.98461497 0.0238352 0.19187146 0.98436952 0.02402158 0.19278884 0.98454422 0.02473838 0.19329765 0.98523664 0.025385 0.19288749 0.98590392 -0.02383532 0.19212866 0.98436946 -0.02402175 0.19121103 0.9845444 -0.02473869 0.19070235 0.98523694 -0.02538509 0.19111267 0.98590398 -0.02563053 0.19187203 0.98616493 -0.02545604 0.19278869 0.9859786 -0.02476342 0.19329765 0.98526168 -0.0240963 0.19288757 0.98461515 -0.01428049 0.18303901 0.97513145 -0.00947452 0.18302362 0.9734785 -9.97E-06 0.18301062 0.97232109 0.01433371 0.18306868 0.97506553 0.00951916 0.18301374 0.97353315 0.00467215 0.18301854 0.97259015 0.01490917 0.18384065 0.97512078 0.01462342 0.20049585 0.97492677 0.01450892 0.18342561 0.97488278 0.01426772 0.20096897 0.97516268 0.01010376 0.20097074 0.97362661 0.00630682 0.20097062 0.97279567 0.00056242 0.2009823 0.97230518 -0.01420001 0.20095798 0.97503304 0.03550008 0.18632409 1.01561594 0.03550022 0.18471961 1.01326215 0.03550003 0.18396273 1.00985026 0.0355005 0.184816 1.00652409 0.03549985 0.18699065 1.00372899 0.03550042 0.19008647 1.00225651 0.03550045 0.19284827 1.00206614 0.03550049 0.19547735 1.0028168 0.03550014 0.19773553 1.00445306 0.03550019 0.19960669 1.0074228 0.03550045 0.19993401 1.0108633 0.0355005 0.199184 1.01347625 0.03549991 0.19699979 1.01628947 0.03550035 0.1939135 1.01774764 0.03550045 0.19115293 1.01793432 0.03550037 0.18854952 1.01719511 -0.01481567 0.20032501 1.04496801 -0.01476049 0.18360892 1.0449971 -0.01429638 0.20072091 1.04517746 -0.00517191 0.20094992 1.0474081 -0.00776407 0.20063773 1.04721606 -0.01174645 0.20073518 1.04610538 -0.00261318 0.20066825 1.04791439 0.00249262 0.20074546 1.04790282 0.00771103 0.20064946 1.04722595 0.01167791 0.20077723 1.04611468 0.01437786 0.20062622 1.04516447 0.01441364 0.18318838 1.04504216 -0.01063158 0.18333898 1.04650557 -0.01436574 0.18328421 1.04514909 -0.005148 0.18327922 1.04764152 -0.0012782 0.18322511 1.04793644 0.00253636 0.18323097 1.04789186 0.00782163 0.18338481 1.04720712 0.0118244 0.18335405 1.04610467 0.00773642 0.18306586 1.04700112 -0.0364392 0.18579787 1.01270354 -0.03638577 0.18668015 1.01435399 -0.03635531 0.18781941 1.01563323 -0.03634087 0.18968402 1.01678753 -0.03620576 0.1913759 1.01730001 -0.03644627 0.18546838 1.00828767 -0.03644897 0.18853298 1.00410092 -0.03644149 0.19297063 1.00335324 -0.03640864 0.19478664 1.00372386 -0.0363713 0.1966884 1.00473821 -0.03624604 0.19826716 1.00637579 -0.03618743 0.19919628 1.00855923 -0.03614024 0.19944607 1.01098418 -0.03611287 0.1985752 1.01372349 -0.03611358 0.19700907 1.01565528 -0.03614078 0.19437638 1.01712108 0.03101203 0.21100008 1.0114857 0.02983339 0.2110002 1.01859736 0.02704648 0.21100017 1.0252459 0.02280154 0.21100013 1.03107238 0.01732755 0.21100011 1.03576267 0.00936409 0.21100041 1.03969181 -0.00135639 0.21100041 1.04110384 -0.01031809 0.21100014 1.03928292 -0.01822474 0.21100032 1.03524184 -0.02575876 0.21100047 1.02748621 -0.03018572 0.21100062 1.01762187 -0.03101203 0.21100008 1.0085144 -0.02940806 0.21100062 0.99978083 -0.0241395 0.21100041 0.9903388 -0.01595932 0.21100049 0.98326856 -0.00747118 0.21100017 0.9798649 0.00135582 0.21100017 0.97889608 0.0088909 0.21100003 0.98030239 0.01517114 0.21100047 0.98281348 0.02355459 0.21100041 0.98964173 0.02838004 0.2110002 0.99740976 0.03051857 0.2110002 1.0042938 -0.01476706 0.20038903 0.9750098 -0.01474034 0.18363442 0.97498858 -0.01436366 0.18328395 0.9748528 -0.00472405 0.18313533 0.9723717 -0.00792565 0.18330316 0.97283745 -0.01174625 0.18326487 0.97389483 -6.087E-05 0.18330525 0.97199446 0.00409007 0.18335083 0.9722296 0.0078538 0.18327008 0.97283179 0.0116765 0.1832228 0.97388512 0.01435999 0.200831 0.97496116 -0.01194173 0.20058948 0.97392017 -0.01444253 0.20060602 0.97486079 -0.00908404 0.2008134 0.97315878 -0.00640046 0.20060089 0.97254354 -0.00381561 0.2008294 0.97226781 -3.176E-05 0.20071465 0.97199929 0.00395561 0.2008291 0.97228205 0.00782233 0.20061556 0.97279328 0.01182299 0.20064609 0.97389513 0.03595467 0.18439654 1.00737071 0.0359492 0.18628418 1.00442529 0.03595041 0.18840924 1.00286233 0.0359506 0.19188938 1.00193524 0.03594907 0.19540116 1.00277245 0.03594715 0.19768313 1.00438249 0.03595 0.19918442 1.00651944 0.03594856 0.20006832 1.01002491 0.03595009 0.1992231 1.01341128 0.03594755 0.19772196 1.01557064 0.03595119 0.19559367 1.01713204 0.03594675 0.19205078 1.01805735 0.03594557 0.18813112 1.01703131 0.03595122 0.18568063 1.01488113 0.03595021 0.18418892 1.01184833 -0.03644546 0.19881782 1.01413965 -0.03642732 0.19729218 1.01545095 -0.03642281 0.1992043 1.01237023 -0.03644548 0.19979742 1.01129794 -0.0364444 0.19936332 1.00926483 -0.03644552 0.19983074 1.00858629 -0.03645163 0.19221227 1.01736045 -0.03644546 0.19393268 1.01768804 -0.03644546 0.19118649 1.01788533 -0.03643264 0.19462383 1.01701748 -0.03644546 0.19644505 1.01656377 -0.03644547 0.18816504 1.00300658 -0.03644608 0.19143303 1.00209332 -0.03644545 0.18557784 1.00535321 -0.03644603 0.18411723 1.01072598 -0.03644566 0.18431811 1.0079869 -0.03644546 0.18476437 1.01323807 -0.03644546 0.18630809 1.01551747 -0.03644546 0.18853866 1.01713169 -0.0364449 0.19860214 1.00698817 -0.03644545 0.19822155 1.00500917 -0.03644547 0.19489251 1.00256705 -0.01671222 0.21099521 1.03092253 -0.02000535 0.21099555 1.03013635 0.0144012 0.21099779 0.99299002 0.01492079 0.21099904 0.99049294 -0.01480048 0.21099997 1.02925527 0.02096552 0.21099904 1.02730715 0.01995832 0.21099922 1.02528048 0.02055456 0.21099964 1.02925515 0.00275611 0.21099959 1.03721094 0.00100803 0.21099898 1.03841782 -0.00355618 0.21099886 1.03477836 -0.00258162 0.21099871 1.03254461 -9.54E-05 0.2109974 1.03140056 0.01534772 0.21099873 1.03013885 0.00359975 0.21099764 1.03490472 0.00245589 0.21099871 1.03241885 -0.00142489 0.21099886 1.03826594 -0.00302015 0.21099965 1.036834 -0.02098002 0.21099915 1.02747178 -0.01900062 0.21099915 0.99535525 -0.02092332 0.21099612 0.99328804 -0.02043446 0.21099895 0.990493 -0.01861361 0.21099904 0.98914886 -0.01635475 0.21099904 0.98928976 -0.01443257 0.21099555 0.99135709 0.01674173 0.21099904 0.98914886 0.01954307 0.21099555 0.98949701 0.02096554 0.21099904 0.99195182 0.02043467 0.21099922 0.99415207 0.01861365 0.21099915 0.99549609 0.00988647 0.21099962 0.99696684 0.01354074 0.21099994 1.00095236 0.01608275 0.21099845 0.99526215 0.01534742 0.21099994 1.00455308 0.01621494 0.21099991 1.00848722 -0.00610954 0.21099973 0.99486959 -0.01069146 0.21099986 0.99767315 -0.00086549 0.21099977 0.99370569 0.00447222 0.21099973 0.99430752 -0.01674162 0.21099937 0.99549633 -0.01492068 0.21099922 0.99415207 -0.01372521 0.21099994 1.00123465 -0.01545702 0.21099994 1.00487232 -0.01631029 0.21099976 1.00951707 -0.02007511 0.21099922 1.0253973 -0.01776625 0.21099836 1.02433455 -0.01438993 0.21099895 1.02730715 -0.00760169 0.21099995 1.0244025 -0.01539702 0.21099922 1.02528048 -0.01090511 0.21099997 1.02209532 -0.01354089 0.21099994 1.01904762 -0.01558348 0.21099979 1.01483893 0.00544745 0.21099991 1.02534735 0.0102078 0.21099962 1.02278328 0.00086615 0.21099976 1.02629447 -0.0038329 0.21099991 1.02582812 0.01758909 0.21099845 1.02433443 0.01437541 0.21099904 1.02747178 0.01528023 0.21099922 1.0253973 0.01372549 0.21099994 1.01876509 0.01590683 0.21099952 1.01381838 0.01864322 0.21099555 1.03092289 0.0363595 0.18766415 1.00450194 0.03642303 0.18602958 1.00665951 0.03623835 0.19010104 1.00299776 0.03616698 0.19323097 1.00267029 0.03644591 0.18529966 1.01053357 0.03644583 0.1862863 1.01353407 0.03644624 0.18895218 1.01601267 0.03644142 0.19333048 1.01663828 0.03638079 0.19552004 1.01595926 0.03633152 0.19715165 1.01483178 0.03621266 0.19887459 1.01249993 0.03616145 0.19940874 1.01021075 0.03612603 0.19927675 1.00809467 0.03610693 0.19786628 1.00514507 0.03612526 0.19555467 1.0033859 -0.03685005 0.19987814 1.01120436 -0.03684496 0.19962472 1.00783134 -0.0368446 0.19800189 1.00474703 -0.03684927 0.19524343 1.00276685 -0.03684412 0.19257155 1.00209355 -0.03684925 0.18983302 1.00237501 -0.03684446 0.18735561 1.00357604 -0.03684731 0.18544167 1.00554729 -0.03685005 0.18412192 1.00879574 -0.03684496 0.18437535 1.01216888 -0.03684459 0.18599792 1.01525295 -0.03684926 0.18875667 1.01723349 -0.03684412 0.19142838 1.01790655 -0.03684925 0.19416735 1.01762521 -0.03684445 0.19664393 1.01642466 -0.03684731 0.19855815 1.01445341 -0.00294391 0.21049616 1.03581572 -0.00192951 0.21049777 1.03733528 -0.00023975 0.21049616 1.03804553 0.00128767 0.21049881 1.03772163 0.00251723 0.21049616 1.03673089 0.00300065 0.21049885 1.03524673 0.00275754 0.21049616 1.03368556 0.00149466 0.21049778 1.03236544 -0.00029234 0.21049614 1.0319593 -0.00196451 0.2104978 1.03269434 -0.00285416 0.2104978 1.03398538 -0.01580758 0.21050015 1.01052666 -0.01495321 0.21050502 1.01507318 -0.01324881 0.21049568 1.0185734 -0.0111787 0.21050023 1.02111363 -0.00868429 0.21050501 1.02318788 -0.00518955 0.21049568 1.02490306 -0.00078139 0.21050015 1.02579713 0.00439022 0.21050015 1.025195 0.00858937 0.21050502 1.02324998 0.01111537 0.21050094 1.02117801 0.0131736 0.2104957 1.01868844 0.01491639 0.21050501 1.01518047 0.01572101 0.21049568 1.01137161 0.01564758 0.21050023 1.00809526 0.01495316 0.21050501 1.00492692 0.01324877 0.2104957 1.00142682 0.01073643 0.21050502 0.99842155 0.00810817 0.21050096 0.99648142 0.00518903 0.2104957 0.99509686 0.0019947 0.21050021 0.99436378 -0.00124683 0.21050501 0.99425912 -0.0050591 0.2104957 0.99505228 -0.00803029 0.21050021 0.99643588 -0.01065295 0.21050501 0.99834466 -0.01317347 0.21049568 1.00131154 -0.01512214 0.21050015 1.00536573 -0.02020722 0.21024439 1.02814782 -0.01894389 0.21024442 1.02991748 -0.01677556 0.21024439 1.03008723 -0.01536136 0.2102468 1.02873385 -0.01526812 0.21024442 1.02677572 -0.01662189 0.2102468 1.0253613 -0.01835775 0.2102468 1.02522457 -0.01977543 0.2102468 1.02623558 -0.02021538 0.2102444 0.99189878 -0.01975051 0.2102468 0.99380022 -0.01852336 0.21024817 0.99470091 -0.01699775 0.2102468 0.99477565 -0.01557998 0.2102468 0.99376476 -0.01514365 0.2102468 0.99207896 -0.01575605 0.21024817 0.99068552 -0.01725418 0.21024439 0.98978472 -0.01915549 0.21024682 0.99024963 0.01513997 0.2102444 0.99189878 0.01560483 0.2102468 0.99380022 0.01683198 0.21024817 0.99470091 0.01835759 0.2102468 0.99477565 0.01977537 0.2102468 0.99376476 0.02021169 0.2102468 0.99207896 0.01959929 0.21024817 0.99068552 0.01810117 0.21024439 0.98978472 0.01619985 0.21024682 0.99024963 0.01514812 0.21024439 1.02814782 0.01641146 0.21024442 1.02991748 0.01857978 0.21024439 1.03008723 0.01999398 0.2102468 1.02873385 0.02008722 0.21024442 1.02677572 0.01873345 0.2102468 1.0253613 0.01699759 0.2102468 1.02522457 0.01557992 0.2102468 1.02623558 0.03644545 0.19143206 1.01790679 0.03644542 0.18416932 1.00858617 0.03644546 0.18577853 1.00500906 0.03644546 0.18910754 1.00256705 0.03644615 0.19021904 1.00294375 0.03644546 0.19256788 1.00209332 0.03644546 0.18876207 1.01723588 0.03644546 0.18648238 1.01569176 0.03644583 0.18445672 1.01267672 0.03644545 0.19489279 1.01743317 0.03644228 0.19330187 1.00269699 0.03644546 0.19583502 1.00300658 0.03642733 0.19556043 1.00337434 0.03644546 0.19842219 1.00535321 0.03641955 0.19753918 1.00485194 0.03642705 0.19879046 1.0067296 0.03644568 0.19968197 1.00798702 0.0364296 0.19941744 1.00892663 0.03644547 0.19988286 1.0107255 0.03644834 0.19923723 1.01133156 0.03644545 0.19923565 1.01323819 0.03644476 0.19829321 1.01351416 0.03644545 0.19769204 1.01551735 -0.03744692 0.18687719 1.01083791 -0.03749457 0.18935759 1.01358259 -0.03744626 0.19223423 1.01515806 -0.037446 0.19577509 1.01344943 -0.03744692 0.19712289 1.00916255 -0.03749457 0.19464242 1.00641751 -0.03744626 0.19176583 1.00484216 -0.037446 0.18822503 1.00655067 -0.00300255 0.20500004 1.03521574 -0.00254556 0.20500004 1.03668952 -0.00131552 0.20500004 1.03770769 0.00018966 0.20500004 1.03804934 0.00189503 0.20500004 1.03736305 0.00293034 0.20500004 1.03586411 0.00286839 0.20500004 1.0340271 0.00199772 0.20500004 1.03272343 0.00034237 0.20500004 1.0319643 -0.00145591 0.20500004 1.0323441 -0.00273578 0.20500004 1.03364027 -0.01574954 0.20500004 1.01130497 -0.01489662 0.20500003 1.01511419 -0.01323029 0.20500003 1.01864362 -0.00970656 0.20500003 1.02247143 -0.00513157 0.20500003 1.02494729 0 0.20500003 1.02580357 0.00513157 0.20500003 1.02494729 0.00970656 0.20500003 1.02247143 0.01323029 0.20500003 1.01864362 0.01489662 0.20500003 1.01511419 0.01574954 0.20500003 1.01130497 0.01531996 0.20500004 1.00612068 0.01385171 0.20500003 1.00250399 0.01162697 0.20500004 0.99929661 0.00752149 0.20500003 0.99610126 0.0038664 0.20500003 0.99473202 0 0.20500004 0.99419665 -0.0038664 0.20500003 0.99473202 -0.00752149 0.20500003 0.99610126 -0.01162697 0.20500003 0.99929661 -0.01385171 0.20500003 1.00250399 -0.01531996 0.20500003 1.00612068 -0.0200722 0.20500004 1.02673364 -0.02001123 0.20500004 1.02869582 -0.01881132 0.20500004 1.02995741 -0.01729497 0.20500004 1.03017271 -0.01609869 0.20500004 1.02964699 -0.0151556 0.20500004 1.02819192 -0.01555626 0.20500004 1.02627015 -0.01695728 0.20500004 1.02523589 -0.01869527 0.20500004 1.02534401 -0.02020756 0.20500004 0.9920373 -0.019799 0.20500004 0.99373019 -0.01839793 0.20500004 0.99476439 -0.01665969 0.20500004 0.99465603 -0.01552016 0.20500004 0.99363244 -0.01513192 0.20500004 0.9919427 -0.01616582 0.20500004 0.99027401 -0.01805715 0.20500004 0.98977667 -0.01957503 0.20500004 0.99065787 0.01514778 0.20500004 0.9920373 0.01555634 0.20500004 0.99373019 0.01695741 0.20500004 0.99476439 0.01869565 0.20500004 0.99465603 0.01983518 0.20500004 0.99363244 0.02021864 0.20500004 0.99216396 0.0196466 0.20500004 0.99074316 0.01839785 0.20500004 0.9898805 0.01686691 0.20500004 0.98993212 0.01578031 0.20500004 0.99065787 0.01528314 0.20500004 1.02673364 0.01534411 0.20500004 1.02869582 0.01654402 0.20500004 1.02995741 0.01806037 0.20500004 1.03017271 0.01925665 0.20500004 1.02964699 0.02019974 0.20500004 1.02819192 0.01979908 0.20500004 1.02627015 0.01839806 0.20500004 1.02523589 0.01666007 0.20500004 1.02534401 0.03683928 0.18413065 1.00859523 0.03684691 0.18557206 1.00536096 0.03684773 0.18815291 1.00301313 0.03684691 0.19142249 1.00209391 0.03684773 0.19487965 1.00256205 0.03684773 0.19821292 1.00499833 0.03684963 0.19965653 1.00797212 0.03684188 0.19990577 1.0107069 0.03684773 0.198825 1.01412785 0.03684691 0.19645315 1.01655841 0.03684691 0.19394213 1.01768577 0.03684691 0.19119614 1.0178864 0.03684691 0.18854733 1.01713598 0.03684691 0.18631476 1.01552451 0.0368531 0.18449432 1.01267004 -0.03744545 0.19267407 1.00560915 -0.03744546 0.19000505 1.00598788 -0.03744545 0.1913259 1.01439106 -0.03744546 0.19399479 1.01401234 -0.03744546 0.18810469 1.00786448 -0.03744546 0.18798754 1.01199448 -0.03744552 0.18759464 1.00967169 -0.03744546 0.1958953 1.01213586 -0.03744546 0.19601253 1.00800574 -0.03744552 0.19640544 1.01032853 0.03744639 0.19686598 1.00835824 0.03744596 0.19426531 1.00544262 0.03744927 0.18949054 1.00535917 0.03744591 0.18692347 1.00949955 0.03744596 0.19655731 1.01226568 0.03745186 0.19231582 1.01534355 0.03744596 0.18775946 1.01281428 -0.03709985 0.19622791 1.01118898 -0.03709983 0.19636367 1.00931954 -0.0371 0.19563481 1.00753832 -0.0371 0.19457354 1.0064435 -0.03709999 0.19286284 1.00566804 -0.0371 0.19092965 1.00574255 -0.0371 0.18953842 1.00636518 -0.0371 0.1884436 1.00742638 -0.03709985 0.18777215 1.00881124 -0.03709983 0.18763641 1.01068091 -0.0371 0.18836528 1.01246202 -0.0371 0.18942642 1.0135566 -0.0371 0.19079781 1.01422226 -0.03710001 0.192314 1.01437891 -0.0371 0.19379318 1.01400721 -0.0371 0.19532031 1.01291335 0.03744553 0.18759449 1.0103277 0.03744546 0.18798766 1.00800562 0.03744546 0.18952405 1.00634456 0.03744546 0.19132558 1.00560927 0.03744546 0.19320901 1.00575376 0.03744546 0.19458854 1.00642335 0.03744546 0.19589531 1.00786436 0.0374455 0.19647017 1.01043844 0.03744546 0.19533926 1.01293004 0.03744546 0.19305113 1.0143559 0.03744546 0.19000544 1.01401246 0.03744546 0.18810469 1.01213574 0.03709985 0.18777218 1.0111891 0.03709983 0.18763633 1.00931978 0.0371 0.18836531 1.0075382 0.0371 0.18942656 1.0064435 0.0371 0.19113728 1.00566804 0.0371 0.19307025 1.00574255 0.0371 0.19446167 1.00636518 0.0371 0.19555652 1.0074265 0.03709985 0.19622794 1.00881135 0.03709991 0.19637769 1.01032317 0.0371 0.19600713 1.01179326 0.0371 0.19515213 1.01305568 0.0371 0.1939169 1.01394951 0.0371 0.19209734 1.01441622 0.0371 0.18987638 1.01387322 0.0371 0.18844359 1.01257384 -0.03744546 0.18830895 1.0075506 -0.03744546 0.19040671 1.00590742 -0.03744546 0.19266649 1.00565898 -0.03744546 0.19505331 1.00679052 -0.03744549 0.19641931 1.00956678 -0.03744546 0.19569112 1.0124495 -0.03744546 0.19359323 1.0140928 -0.03744546 0.19133376 1.01434124 -0.03744546 0.18894684 1.01320982 -0.03744549 0.18758072 1.01043367 -0.0374455 0.19550648 1.01085353 -0.03744546 0.19542611 1.00902486 -0.03744546 0.19449186 1.00738084 -0.03744546 0.19254386 1.00645745 -0.03744546 0.19069973 1.0066601 -0.03744546 0.18898776 1.00800109 -0.0374455 0.18839353 1.01035392 -0.03744546 0.18950823 1.01261938 -0.03744546 0.19145636 1.01354289 -0.03744546 0.19391085 1.01311576 0.03744546 0.19569111 1.0075506 0.03744546 0.19325335 1.00575113 0.03744546 0.19022885 1.0059396 0.03744546 0.18803343 1.00802779 0.0374455 0.18770324 1.01104558 0.03744546 0.18910341 1.01330137 0.03744546 0.19080468 1.01419818 0.03744546 0.19266674 1.01434112 0.03744546 0.19444762 1.01361418 0.03744546 0.19596674 1.01197219 0.03744552 0.19635551 1.00967634 -0.03724088 0.19555828 1.01007807 -0.03724064 0.19511908 1.00828624 -0.03724094 0.19359457 1.00678408 -0.03724039 0.19174442 1.00647223 -0.03724064 0.19028619 1.006881 -0.03724064 0.18895626 1.00815582 -0.03724088 0.18844177 1.00992215 -0.03724064 0.18888089 1.01171386 -0.03724092 0.19040532 1.01321614 -0.03724093 0.19284561 1.01348877 -0.03724094 0.19489037 1.01212895 0.0374455 0.18849349 1.01085329 0.03744546 0.18876287 1.00839067 0.03744546 0.19055459 1.00668645 0.03744546 0.19302289 1.00653267 0.03744546 0.19501232 1.00800109 0.03744553 0.19555447 1.00973582 0.03744546 0.19523717 1.01160955 0.03744546 0.19315863 1.0134666 0.03744546 0.1900893 1.01311588 0.03724089 0.18844175 1.01007807 0.03724064 0.18888095 1.00828624 0.03724064 0.19015583 1.00695622 0.03724093 0.19222707 1.00641763 0.03724064 0.19422936 1.00722599 0.0372404 0.19518311 1.00845766 0.03724089 0.19555831 1.00992227 0.03724064 0.19511914 1.01171398 0.03724093 0.19359472 1.01321614 0.03724093 0.19115433 1.01348877 0.03724094 0.18910971 1.01212895 -0.03744546 0.18881853 1.00856936 -0.03744546 0.18972391 1.00732827 -0.03744546 0.19136544 1.00654805 -0.03744546 0.19317585 1.00669312 -0.03744546 0.1948908 1.00795639 -0.03744547 0.19551392 1.00999761 -0.03744546 0.19518149 1.01143086 -0.03744546 0.19427612 1.01267195 -0.03744546 0.19263504 1.01345217 -0.03744546 0.19082406 1.01330709 -0.03744546 0.18910927 1.01204383 -0.03744547 0.18848613 1.01000261 0.03744546 0.19518152 1.00856936 0.03744546 0.19427612 1.00732827 0.03744546 0.19232422 1.00647473 0.03744546 0.18998238 1.00709105 0.03744546 0.18885896 1.00848269 0.03744547 0.1884861 1.00999761 0.03744546 0.18881854 1.01143086 0.03744546 0.18995634 1.01289093 0.03744546 0.19229269 1.01352823 0.03744546 0.19423613 1.01270556 0.03744546 0.19514105 1.01151764 0.03744547 0.19551396 1.01000273 -0.0381 0.19129133 1.00651956 -0.0381 0.19367492 1.00694609 -0.0381 0.19514613 1.0084362 -0.0381 0.19541535 1.01082432 -0.0381 0.19408672 1.01282668 -0.0381 0.19147637 1.01351333 -0.0381 0.18938185 1.01229751 -0.0381 0.18844926 1.01009417 -0.0381 0.18928313 1.00782037 0.0381 0.19252369 1.01351333 0.0381 0.19502798 1.01185715 0.0381 0.19541532 1.0091759 0.0381 0.19448563 1.00759053 0.0381 0.19270873 1.00651956 0.0381 0.19032517 1.00694609 0.0381 0.18885395 1.0084362 0.0381 0.18855721 1.01052904 0.0381 0.18964547 1.01265955</float_array>
          <technique_common>
            <accessor source="#pos_0-array" count="10950" stride="3">
              <param name="X" type="float"/>
              <param name="Y" type="float"/>
              <param name="Z" type="float"/>
            </accessor>
          </technique_common>
        </source>
        <source id="norm_0">
          <float_array id="norm_0-array" count="21171">-0 1 0 -1E-05 1 3E-05 -1E-05 1 -7E-05 -0.99859 -0.01595 0.05064 -0.98634 0.01598 0.16395 -0.98745 0.00925 0.15767 -0.9408 -0.00899 0.33886 -0.93457 0.00899 0.35568 -0.85333 -0.009 0.52129 -0.85524 -0.01273 0.51808 -0.77661 0.01818 0.62972 -0.73069 -0.027 0.68217 -0.6443 0.02699 0.7643 -0.57842 -0.027 0.81529 -0.47724 0.027 0.87836 -0.40246 -0.02699 0.91504 -0.29066 0.027 0.95645 -0.22335 -0.01818 0.97457 -0.08851 0.01273 0.99599 -0.09223 0.00899 0.9957 0.09223 -0.00899 0.9957 0.08851 -0.01273 0.99599 0.22335 0.01818 0.97457 0.29066 -0.027 0.95645 0.40246 0.02699 0.91504 0.47724 -0.027 0.87836 0.57842 0.027 0.81529 0.6443 -0.02699 0.7643 0.73069 0.027 0.68218 0.77661 -0.01818 0.62972 0.85524 0.01273 0.51808 0.85333 0.009 0.52129 0.93457 -0.00899 0.35568 0.93319 -0.01274 0.35915 0.97333 0.01819 0.22868 0.98463 -0.01819 0.17369 0.99867 0.00986 0.05065 0.99889 0.01435 0.04487 -0.04688 0.00226 -0.9989 -0.04318 4E-05 -0.99907 -0.20363 -0.00588 -0.97903 -0.21663 0.00687 -0.97623 -0.3713 -0.0065 -0.92849 -0.38539 0.00652 -0.92273 -0.53621 -0.00756 -0.84405 -0.5518 0.01235 -0.83389 -0.71408 -0.0123 -0.69996 -0.72697 0.00753 -0.68663 -0.83279 -0.00649 -0.55355 -0.8411 0.00651 -0.54085 -0.92071 -0.00756 -0.39018 -0.92167 -0.00495 -0.38795 -0.97444 0.01815 -0.2239 -0.98432 -0.02177 -0.17503 -0.99863 0.01729 -0.04933 -0.99934 0.00741 -0.03566 0.99851 -0.01097 -0.05343 0.99603 0.0032 -0.08897 0.97617 -0.00739 -0.21689 0.97196 0.01208 -0.23482 0.90236 -0.01209 -0.43082 0.89431 0.00737 -0.44739 0.79943 -0.00737 -0.60071 0.78821 0.01207 -0.61529 0.64389 -0.01205 -0.76502 0.62974 0.00738 -0.77677 0.47992 -0.00739 -0.87728 0.46366 0.01209 -0.88593 0.27019 -0.0121 -0.96273 0.25242 0.00739 -0.96759 0.08141 -0.00681 -0.99666 0.0734 4E-05 -0.9973 0 -1 0 0.99619 0.00141 0.08716 0.97812 -0.0235 0.2067 0.96587 -0.01103 0.2588 0.90627 0.00806 0.42261 0.81914 0.00529 0.57357 0.72248 -0.01617 0.69121 0.70708 -0.01102 0.70705 0.5736 0.00806 0.81909 0.42252 0.00529 0.90634 0.29725 -0.01365 0.9547 0.25891 -0.00703 0.96588 0.08713 0.00026 0.9962 -0.01898 -0.00849 0.99978 -0.08713 0 0.9962 -0.30417 0 0.95262 -0.2589 -0.01102 0.96584 -0.42251 0.00806 0.90632 -0.57361 0.00529 0.81911 -0.69131 -0.01617 0.72238 -0.70708 -0.01104 0.70705 -0.81913 0.00806 0.57355 -0.90629 0.00529 0.42262 -0.96736 -0.02015 0.2526 -0.96569 -0.02202 0.25876 -0.99616 0.00772 0.08716 -0.99607 0.01561 -0.08715 -0.96592 0.0014 -0.25882 -0.9274 -0.0235 -0.37334 -0.90627 -0.01102 -0.42255 -0.81913 0.00807 -0.57355 -0.70704 0.00529 -0.70715 -0.56884 -0.02004 -0.82221 -0.57349 -0.0217 -0.81893 -0.42263 0.00749 -0.90627 -0.25876 0.01482 -0.96583 -0.08713 9E-05 -0.9962 -0.01109 -0.01584 -0.99981 0.08713 -8E-05 -0.9962 0.25878 0.00617 -0.96592 0.45231 -0.01231 -0.89178 0.42254 -0.02203 -0.90608 0.5736 0.00773 -0.8191 0.70697 0.01562 -0.70707 0.81915 0.00141 -0.57357 0.89511 -0.02935 -0.44487 0.90611 -0.02203 -0.42247 0.9659 0.00771 -0.25881 0.99607 0.0156 -0.08715 0.03594 0.93791 0.34502 -0.00887 0.97518 0.22125 0.00881 0.98788 0.15495 -0.00052 0.99639 0.08491 -0.01298 0.91837 0.3955 0.0071 0.94828 0.31736 0.6241 0.63763 -0.4516 0.70572 0.51991 -0.4813 0.70646 0.51932 -0.48085 0.66088 0.59007 -0.46374 0.66357 0.58793 -0.46261 -0.71634 0.50616 -0.48026 -0.65517 0.58931 -0.47272 -0.63101 0.62269 -0.46269 -0.63106 0.63185 -0.45002 -0.70125 0.52422 -0.48316 -0.69069 0.55069 -0.4687 1E-05 1 -1E-05 1E-05 1 -0 2E-05 1 -1E-05 2E-05 1 8E-05 8E-05 1 0 0 1 -0.00012 -1E-05 1 3E-05 -0.00075 1 -0.00073 0.00017 1 -0.0011 0.00047 1 -0.00098 -0.00013 1 -0.00012 -2E-05 1 -0.00014 -8E-05 1 1E-05 -6E-05 1 -0 -6E-05 1 -4E-05 -1E-05 1 -1E-05 -1E-05 1 -1E-05 -0.59017 0.00364 -0.80727 0.03693 0.06864 0.99696 -0.12495 -0.01095 0.9921 -0.48212 0.03351 0.87547 -0.42815 0.01786 0.90353 -0.60398 -0.00634 0.79697 -0.78066 -0.01687 0.62473 -0.92953 0.01109 0.36857 -0.94344 0.01954 0.33095 -0.99992 -0.00663 0.01118 -0.96854 0.01058 -0.24862 -0.9504 0.00096 -0.31104 -0.79299 -0.00395 -0.60922 -0.65049 0.0163 -0.75934 0.13798 0.04297 -0.9895 -0.23661 -0.0132 -0.97152 0.03059 0.02064 -0.99932 0.29525 -0.00903 -0.95538 0.61714 0.00586 -0.78683 0.58314 0.0176 -0.81218 0.87099 -0.01765 -0.49098 0.92828 0.05501 -0.3678 -0.4298 -0.40063 0.80918 -0.49401 0.27568 0.8246 -0.07594 0.80529 0.58799 0.06904 0.12793 0.98938 3E-05 1 0 -0 1 -1E-05 -0 1 -0 -1E-05 1 -1E-05 -0 1 0 -0 1 0 -0 1 0 -1E-05 1 0 -0 1 -1E-05 -5E-05 1 1E-05 -4E-05 1 -2E-05 0.00145 1 -0.00011 9E-05 1 -9E-05 0.00014 1 -0.00082 -2E-05 1 5E-05 -8E-05 1 0 -2E-05 1 -1E-05 1E-05 1 -1E-05 1E-05 1 -1E-05 1E-05 1 1E-05 -5E-05 1 -2E-05 0.69382 0.45559 0.55772 -0.3163 0.46176 -0.8287 -0.45617 0.37746 -0.80587 -0.14381 0.4328 -0.88995 -0.11635 0.36446 -0.92392 0.76449 -0.05678 0.64214 0.90833 0.38477 0.16399 0.66284 0.12903 0.73756 0.81679 0.40424 0.41163 0.66889 0.43032 0.60614 0.8683 0.4614 0.1821 0.25935 0.45111 -0.85395 -0.43818 -0.29455 -0.84926 0.31157 0.44193 -0.8412 0.68381 0.43691 0.58439 -0.56385 -0.73978 0.36714 -0.21545 0.31332 -0.92489 -0.05006 0.98143 0.18515 -0.6828 0.7294 -0.042 -0.89849 0.43815 -0.02712 -0.74052 0.66671 0.0844 -0.59814 -0.15807 -0.78565 -0.4438 0.88514 -0.13988 -0.74872 0.3241 -0.57825 -0.44963 0.46227 -0.76429 -0.44087 0.77146 0.45879 -0.8356 0.36861 0.40731 -0.49102 0.82303 0.28551 -0.65201 0.65469 0.38245 -0.56851 0.65743 -0.49455 2E-05 1 -2E-05 2E-05 1 1E-05 0 1 -1E-05 -1E-05 1 2E-05 -1E-05 1 3E-05 2E-05 1 0 2E-05 1 -2E-05 -0 1 -1E-05 1E-05 1 -0 1E-05 1 -0 0.00075 1 0.00164 0.00157 1 -0.00046 -0.00094 1 -0.00076 -0.02623 0.99965 0.00162 0.00209 1 -0.00019 0.00325 0.99999 0.00269 0.0028 1 0.00055 0.00048 1 0.00219 -0.6346 0.41489 0.65203 0.35436 0.42358 -0.83367 0.09181 0.40507 -0.90966 0.32403 0.43781 -0.83864 0.41165 -0.15984 -0.89722 -0.07401 0.25395 -0.96438 -0.89556 0.42004 0.14676 0.46881 -0.67137 0.574 -0.84956 0.39361 0.35118 -0.85846 0.4977 0.12386 -0.92643 0.253 0.27877 -0.7392 0.27942 0.61279 0.38295 0.22739 -0.89534 -0.16273 0.41074 -0.89711 -0.77446 0.54008 0.32944 0.61037 0.73807 0.28759 0.83442 0.51634 -0.19272 0.55574 0.74219 -0.37458 0.60345 0.79329 -0.08087 0.55694 0.51259 -0.65351 0.35476 0.87032 -0.34161 0.69535 0.71758 -0.03952 0.42463 0.77997 0.45971 0.72032 0.22178 0.65723 0.47247 0.83172 0.29156 0.753 0.50577 0.42095 0.76445 0.62273 0.16677 0.61921 0.76269 0.18675 0.24115 0.93467 0.26123 0.02107 0.99971 0.01165 -0.02108 0.99865 0.04738 0.00561 0.99991 -0.01192 0.03146 0.99943 0.01238 -0.01951 0.99975 -0.01061 -0.04359 0.99881 -0.0218 -0.03377 0.9994 0.00802 0.00466 0.99988 -0.01474 0.02496 0.99968 0.00436 0.03406 0.99925 -0.01862 0.06204 0.99805 -0.00619 0.41188 0.90993 0.04871 0.65309 0.74016 -0.16008 0.53827 0.69516 -0.47647 0.69832 0.43499 -0.56844 0.02916 0.37747 -0.92556 0.10868 0.31471 -0.94294 0.14955 0.39156 -0.90792 0.28787 0.32394 -0.90122 0.31092 0.38712 -0.86802 0.74429 0.33063 -0.58027 0.82254 0.32702 -0.46527 0.7953 0.42345 -0.4338 0.87735 0.37799 -0.29559 0.8541 0.41313 -0.31597 0.84314 0.53736 -0.01896 0.9077 0.41018 0.08852 0.7671 0.63091 0.11621 0.77836 0.56009 0.28365 0.50285 0.7179 0.48141 0.51777 0.70179 0.4893 0.42961 0.71371 0.55322 0.02215 0.97329 -0.22849 0.00593 0.96344 -0.26787 0.08284 0.79956 0.59484 0.10641 0.9943 0.00647 0.16857 0.98561 0.01259 0.1987 0.97989 -0.01829 0.48743 0.85239 -0.18931 0.50345 0.78288 -0.36556 0.46895 0.79848 -0.3775 0.4099 0.792 -0.45246 0.73147 0.35052 -0.58488 0.47727 0.78661 -0.39173 0.56616 0.73243 -0.37815 0.66648 0.63772 -0.38614 0.75418 0.41968 -0.50505 0.73983 0.67169 -0.03848 0.84983 0.5268 -0.0164 0.80088 0.59872 0.01138 0.79377 0.5994 0.10315 0.80628 0.57791 0.12623 0.7648 0.61081 0.20492 0.67747 0.65875 0.32723 0.68406 0.63552 0.35801 0.60571 0.65914 0.4457 0.59246 0.6756 0.43881 0.08546 0.80302 0.5898 0.2135 0.80424 0.55464 0.22474 0.78913 0.57164 0.33321 0.77012 0.54395 0.34482 0.7959 0.49764 0.54082 0.77359 0.33025 0.64936 0.69754 0.30293 0.67564 0.73609 -0.04092 0.6665 0.74462 -0.0363 0.65252 0.75776 0.00342 0.08587 0.91042 0.40468 0.07428 0.90409 0.42083 0.18326 0.88085 0.4365 0.1812 0.88278 0.43343 0.28695 0.87198 0.39662 0.32033 0.84409 0.42999 0.38764 0.85033 0.35591 0.43411 0.81526 0.38328 0.50024 0.81006 0.30587 0.61365 0.76066 0.21174 0.66194 0.73065 0.16728 0.64302 0.758 0.10938 0.68509 0.72489 0.07207 0.62547 0.73221 -0.26955 0.69974 0.61498 -0.36354 0.72783 0.60972 -0.31386 0.72301 0.62045 -0.30381 0.7638 0.61483 -0.19644 0.74917 0.63965 -0.17203 0.01263 0.68855 -0.72507 0.13462 0.68209 -0.71877 0.23099 0.67665 -0.69913 0.35004 0.68717 -0.63661 0.45343 0.67277 -0.58462 0.44835 0.69326 -0.56424 0.04115 0.62044 -0.78317 0.11761 0.61403 -0.78047 0.55161 0.65908 -0.51121 0.011 0.57328 -0.81928 0.14936 0.57246 -0.80621 0.27234 0.56602 -0.77811 0.27808 0.58529 -0.76165 0.38063 0.5897 -0.7123 0.38254 0.58788 -0.71278 0.47374 0.55885 -0.68063 0.49041 0.61083 -0.6216 0.60337 0.53644 -0.59007 0.57678 0.63035 -0.51959 0.63131 0.52187 -0.57367 0.596 0.54701 -0.58785 0.76433 0.50142 -0.40544 0.76198 0.50354 -0.40722 0.79947 0.50929 -0.31854 0.79505 0.51397 -0.32206 0.82684 0.51916 -0.21638 0.81917 0.56498 -0.09876 0.6718 0.72074 -0.17094 0.78794 0.60531 -0.11297 0.88805 0.43628 -0.14502 0.8778 0.46115 -0.12961 0.85027 0.48762 -0.19817 0.79833 0.41899 -0.43257 0.03547 0.4743 -0.87965 0.02626 0.46329 -0.88582 0.14339 0.45239 -0.88022 0.1473 0.45735 -0.877 0.29764 0.44615 -0.84401 0.30319 0.46292 -0.83294 0.42572 0.4613 -0.77844 0.45246 0.43605 -0.77791 0.50568 0.49015 -0.70996 0.58544 0.43419 -0.68465 0.68431 0.44443 -0.5781 0.41125 0.32755 -0.85064 0.46098 0.41131 -0.78633 0.53119 0.34549 -0.77361 0.60549 0.38883 -0.6944 0.60562 0.39367 -0.69155 0.66543 0.39823 -0.63136 0.02372 0.72692 -0.68631 0.09611 0.76722 -0.63415 0.08667 0.73197 -0.6758 0.16177 0.77709 -0.60824 0.22957 0.73272 -0.64064 0.26436 0.75311 -0.60245 0.31242 0.72979 -0.60811 0.34215 0.781 -0.52246 0.41484 0.73764 -0.53273 0.49045 0.75437 -0.43633 0.48482 0.74838 -0.45263 0.07942 0.97815 0.19211 0.03753 0.9937 0.10563 0.14075 0.97426 0.17611 0.21804 0.96061 0.17233 0.06243 0.99803 -0.00574 0.19822 0.95493 0.22095 0.12102 0.967 0.2242 0.13759 0.98998 0.0319 0.22982 0.97286 0.02705 0.32919 0.94091 0.07953 0.16103 0.98632 0.03523 0.42008 0.90707 -0.0275 0.31884 0.94725 -0.0325 0.33304 0.94291 0.0002 0.4716 0.87916 0.06832 0.52959 0.84594 0.0627 0.46573 0.8428 -0.26979 0.53161 0.80353 -0.26783 0.54037 0.8265 -0.15777 0.46204 0.8807 -0.10433 0.47862 0.87349 -0.08914 0.51565 0.85666 0.01548 0.58969 0.72299 -0.35994 0.57494 0.76829 -0.28139 0.53248 0.82768 0.17723 0.43766 0.88216 0.17392 0.43899 0.86778 0.23291 0.36064 0.90791 0.21361 0.33402 0.90548 0.26179 -0.01242 0.99282 0.11899 -0.1175 0.84732 -0.51793 -0.0267 0.58496 -0.81063 0.06428 0.95764 0.28069 0.07737 0.8892 -0.45092 0.13644 0.828 -0.54387 -0.7311 0.65396 0.1945 -0.05886 0.78203 0.62046 -0.38607 0.74322 0.54641 -0.47745 0.69502 0.53757 -0.49269 0.73388 0.46763 -0.78401 0.54602 0.29528 -0.76946 0.59424 0.23413 -0.8078 0.56821 0.15684 -0.84867 0.50882 0.14443 -0.86737 0.49739 0.01662 -0.85667 0.51349 -0.04938 -0.77895 0.36114 -0.51265 -0.71242 0.40042 -0.5763 -0.67938 0.35301 -0.64329 -0.28045 0.29786 -0.91249 -0.22193 0.39519 -0.89139 -0.0686 0.34975 -0.93433 -0.05972 0.33106 -0.94172 -0.04376 0.80198 -0.59574 -0.26035 0.81301 -0.5208 -0.31491 0.77442 -0.54873 -0.39465 0.77197 -0.49831 -0.46542 0.79256 -0.39398 -0.38756 0.79143 -0.47269 -0.08286 0.99649 -0.01219 -0.13276 0.9911 0.00951 -0.4712 0.81445 -0.33859 -0.48948 0.74942 -0.44585 -0.48401 0.7651 -0.42469 -0.85417 0.41843 -0.30873 -0.88542 0.32908 -0.32823 -0.7991 0.4406 -0.40904 -0.77646 0.4206 -0.46926 -0.78069 0.3535 -0.51533 -0.56088 0.65607 -0.50496 -0.43261 0.71077 -0.55467 -0.40051 0.67906 -0.6152 -0.37844 0.69397 -0.61253 -0.30618 0.68158 -0.6646 -0.08733 0.68376 -0.72447 -0.11577 0.62506 -0.77195 -0.19901 0.65203 -0.73161 -0.53093 0.63326 -0.56311 -0.55581 0.63066 -0.54161 -0.52251 0.56172 -0.64145 -0.44528 0.60328 -0.66165 -0.41724 0.53986 -0.73107 -0.3229 0.59822 -0.7334 -0.26867 0.56412 -0.78076 -0.2842 0.55352 -0.78285 -0.12014 0.56199 -0.81837 -0.11387 0.57329 -0.8114 -0.63955 0.5207 -0.56555 -0.64351 0.51904 -0.56257 -0.60755 0.47539 -0.63631 -0.55821 0.50506 -0.65827 -0.51864 0.42847 -0.73988 -0.43395 0.49756 -0.75108 -0.37612 0.42125 -0.82528 -0.28822 0.49157 -0.82176 -0.21861 0.4163 -0.88256 -0.12637 0.48851 -0.86336 -0.06854 0.4372 -0.89675 -0.7098 0.42217 -0.56387 -0.65155 0.38363 -0.65445 -0.54491 0.375 -0.74996 -0.53297 0.38914 -0.75134 -0.44984 0.33563 -0.82765 -0.37847 0.41238 -0.82868 -0.88451 0.45123 -0.11845 -0.89132 0.4405 -0.1073 -0.84327 0.49134 -0.21789 -0.80248 0.48804 -0.34328 -0.78664 0.47176 -0.3983 -0.67284 0.7354 -0.08049 -0.66163 0.73985 -0.12192 -0.65475 0.69409 -0.29922 -0.63054 0.71341 -0.30572 -0.61683 0.70135 -0.35725 -0.59853 0.71155 -0.36806 -0.70679 0.70725 0.01526 -0.7306 0.68165 -0.03978 -0.69557 0.68022 -0.23126 -0.7677 0.55988 -0.31173 -0.79122 0.57305 -0.21353 -0.77312 0.58915 -0.23493 -0.78619 0.5968 -0.1604 -0.79418 0.60611 -0.04371 -0.7821 0.62091 -0.05279 -0.76303 0.64223 0.07304 -0.74709 0.65092 0.13478 -0.68154 0.61653 -0.39421 -0.70993 0.59645 -0.3745 -0.7299 0.59632 -0.33415 -0.77118 0.6228 -0.1319 -0.08262 0.85939 0.5046 -0.18935 0.89604 0.40157 -0.31616 0.85019 0.42098 -0.31639 0.86227 0.39545 -0.42065 0.82869 0.36922 -0.41882 0.83845 0.34871 -0.54145 0.77742 0.32009 -0.58988 0.78708 0.18041 -0.09988 0.83115 0.547 -0.15229 0.79595 0.58589 -0.20784 0.83183 0.51466 -0.28494 0.76345 0.57962 -0.34392 0.79296 0.50292 -0.53601 0.78256 0.31669 -0.65735 0.69002 0.30293 -0.64234 0.73371 0.22151 -0.75468 0.50266 -0.42165 -0.8214 0.56747 0.0573 -0.8253 0.56288 0.04513 -0.54473 0.68951 0.47734 -0.60234 0.67993 0.41818 -0.60185 0.65594 0.45555 -0.68524 0.63394 0.35856 -0.67918 0.65717 0.32688 -0.29051 0.9568 0.01199 -0.38884 0.921 -0.02387 -0.37038 0.92752 -0.05029 -0.28978 0.95703 0.01137 -0.18841 0.98209 0.0025 -0.20006 0.97892 0.04111 -0.17497 0.98381 0.03888 -0.32624 0.94482 0.02976 -0.33703 0.93433 0.11594 -0.19156 0.96155 0.19679 -0.18595 0.96739 0.172 -0.25515 0.95273 0.16496 -0.08129 0.99668 0.00406 -0.05363 0.99444 0.09067 -0.04714 0.99006 0.13251 -0.14007 0.96468 0.22311 -0.08589 0.93926 0.33228 -0.08053 0.93558 0.34381 -0.1626 0.92177 0.352 -0.35613 0.90113 0.24725 -0.4397 0.87551 0.20038 -0.43898 0.87629 0.19855 -0.52985 0.8324 0.16239 -0.42061 0.90529 0.05957 -0.52672 0.82018 -0.22331 -0.52174 0.82206 -0.22806 -0.54288 0.79595 -0.26786 -0.47711 0.82505 -0.30274 -0.52202 0.77261 -0.36135 -0.45594 0.88018 -0.13195 -0.48203 0.86753 -0.12264 -0.48289 0.87325 -0.0652 -0.48733 0.87232 0.03956 -0.49002 0.75101 -0.44257 -0.25363 0.73622 -0.62741 -0.18222 0.74307 -0.64393 -0.16343 0.75743 -0.63213 -0.09925 0.73954 -0.66576 -0.74004 0.66238 0.1166 -0.60165 0.79552 0.07181 -0.58955 0.80558 0.05895 -0.62295 0.78217 0.01196 -0.5878 0.80832 -0.03325 -0.64055 0.75577 -0.13604 -0.6333 0.75076 -0.18785 -0.53654 0.76174 -0.36315 0.43224 0.72658 0.5341 -0.52212 0.59418 0.61183 -0.26156 -0.9108 0.31944 -0.49767 -0.80385 0.32581 -0.43082 -0.89927 0.07555 -0.1267 -0.95827 -0.25627 -0.29019 -0.95115 -0.1054 -0.1473 -0.97287 -0.17838 -0.02432 -0.9644 -0.26334 -0.02032 -0.99668 -0.07883 -0.09436 -0.9221 -0.37527 -0.05046 -0.9921 -0.11486 -0.09443 -0.98433 -0.14891 -0.38924 -0.5772 -0.71786 -0.17609 -0.97388 -0.14336 -0.51666 -0.60064 -0.61016 -0.13444 -0.98966 -0.04996 -0.34041 -0.93828 -0.0613 -0.92066 0.26429 -0.2873 -0.34333 -0.9384 0.0392 -0.7838 -0.60681 0.13205 -0.65784 0.74718 0.09469 -0.3325 -0.89032 0.31108 -0.70708 0.56625 0.42354 -0.57583 -0.48805 0.65591 -0.1688 -0.985 -0.0359 -0.66985 0.31593 -0.67193 -0.2857 -0.9419 0.17663 0.64994 0.62986 -0.42527 0.97094 0.08004 -0.22556 0.13573 -0.96908 0.20608 0.88574 0.45353 -0.09888 0.76651 0.6409 0.04135 0.86319 0.50422 -0.02581 0.61921 0.74295 0.25419 0.34921 0.90612 0.23875 0.39863 0.80575 0.43803 0.07748 0.99346 0.08386 0.03656 0.92068 -0.38861 0.00727 0.86434 -0.50286 0.05372 0.9977 -0.04143 -0.0496 0.89818 -0.43683 -0.041 0.93568 -0.35045 0.0061 0.9989 -0.04657 0.00819 0.99008 -0.14029 -0.04461 0.90174 -0.42998 -0.00301 0.99914 -0.04134 0.01056 0.99587 -0.09023 -0.00381 0.99698 -0.07753 -0.00473 0.99479 -0.10185 0.00067 0.99125 -0.13199 -0.00131 0.9914 -0.13084 0.00347 0.99266 -0.1209 0.01533 0.97115 -0.23799 -0.00933 0.97322 -0.22969 -0.01124 0.96173 -0.27378 -0.00205 0.96166 -0.27422 -0.01137 0.95496 -0.2965 -0.05942 0.91696 -0.39453 0.05712 0.84784 -0.52717 0.02615 0.95058 -0.30938 0.01711 0.95511 -0.29575 0.01239 0.96059 -0.27771 -0.0697 0.95553 -0.28654 0.01056 0.96623 -0.25745 0.02238 0.97517 -0.2203 0.00653 0.97831 -0.20702 0.04521 0.98374 -0.17382 0.02885 0.98092 -0.19226 0.01577 0.98763 -0.15598 0.02239 0.99357 -0.11098 0.00086 0.9935 -0.11382 0.01282 0.99452 -0.10379 -0.00652 0.99553 -0.09425 -0.00487 0.99729 -0.07335 0.00636 0.99831 -0.05777 0.00534 0.999 -0.04434 0.03711 0.98226 -0.18382 0.04792 0.97919 -0.19721 0.04544 0.97335 -0.22479 0.0377 0.96817 -0.24743 0.00804 0.95755 -0.28817 0.01268 0.96281 -0.26988 0.01092 0.96582 -0.259 0.01758 0.96305 -0.26873 -0.02288 0.96663 -0.25516 -0.01632 0.97899 -0.20325 0.01202 0.97621 -0.21647 0.00544 0.98271 -0.18509 -0.01589 0.98378 -0.17865 -0.00716 0.98926 -0.146 0.01377 0.98511 -0.17138 0.00097 0.99512 -0.09869 0.00168 0.99664 -0.08187 -0.00136 0.99897 -0.04542 0.00037 0.9991 -0.04247 0.00206 0.99931 -0.03702 -0.00488 0.99961 -0.02763 0.0021 0.99769 -0.06786 0.01022 0.99656 -0.08219 0.01141 0.99811 -0.06033 0.01123 0.9905 -0.13706 0.00906 0.99008 -0.1402 -0.00917 0.98328 -0.18185 0.04855 0.98244 -0.18013 0.00653 0.97832 -0.20702 -0.01634 0.97107 -0.23824 0.01611 0.96485 -0.2623 0.03309 0.96567 -0.25764 0.03327 0.9668 -0.25337 0.02094 0.96895 -0.24638 -0.00164 0.96354 -0.26756 0.01272 0.96078 -0.27703 -0.00162 0.96103 -0.27643 0.0161 0.95506 -0.29599 0.02597 0.94974 -0.31196 0.01713 0.95466 -0.29722 0.02163 0.95003 -0.31139 -0.05026 0.97737 -0.20548 -0.01123 0.95545 -0.29493 0.01258 0.96275 -0.27012 0.00589 0.96402 -0.26578 -0.04478 0.93469 -0.35264 0.04749 0.97369 -0.22288 0.0475 0.97913 -0.19762 -0.04725 0.92131 -0.38595 0.04923 0.98219 -0.18132 -0.04838 0.91655 -0.39698 -0.04801 0.91667 -0.39676 0.03446 0.98616 -0.16215 0.01471 0.96582 -0.25878 0.04055 0.98631 -0.15981 -0.00713 0.95141 -0.30783 -0.05601 0.83509 -0.54726 0.02832 0.9981 -0.0548 0.0373 0.99901 -0.02428 -0.01205 0.95445 -0.29813 -0.0028 0.95977 -0.28076 -0.0589 0.83082 -0.55341 -0.01306 0.96397 -0.26571 -0.04089 0.82538 -0.56309 -0.03277 0.78015 -0.62473 -0.02609 0.95568 -0.29325 -0.01976 0.78666 -0.61708 0.01936 0.99848 0.05157 0.02538 0.99901 -0.03656 -0.00486 0.99995 -0.0092 -0.00458 0.99984 0.01718 0.02707 0.99223 -0.12147 0.01832 0.87554 -0.4828 0.00577 0.86561 -0.50068 0.01838 0.83531 -0.54947 -0.01496 0.99415 -0.10693 -0.00126 0.98768 -0.15646 0.02991 0.8463 -0.53187 -0.04176 0.99496 -0.0912 -0.00154 0.97369 -0.22786 0.03566 0.83606 -0.54747 0.0571 0.8483 -0.52643 0.04741 0.91228 -0.40682 0.06234 0.90431 -0.42231 0.06929 0.90819 -0.41279 -0.11233 0.98338 -0.14265 -0.06014 0.98883 -0.13636 0.01503 0.94579 -0.32444 0.04353 0.93938 -0.3401 -0.09208 0.99545 -0.02458 0.01008 0.95482 -0.29701 0.28897 -0.1311 -0.94832 0.30875 0.15515 -0.9384 0.6535 0.06238 -0.75435 0.62295 -0.1389 -0.76983 0.86325 0.15298 -0.48103 0.86131 -0.0131 -0.50791 0.57133 0.60865 -0.55057 0.4002 0.5428 -0.73838 0.02115 0.1483 -0.98872 0.00819 0.05642 -0.99837 0.00349 -0.99976 0.02186 -0.01567 -0.99972 0.01783 -0.00472 -0.99992 0.01187 -0.00385 -0.99994 0.01051 -0.02958 -0.99947 0.01384 -0.03848 -0.99906 0.02005 -0.03048 -0.99945 0.01305 -0.05625 -0.99801 0.02848 -0.04496 -0.99881 0.01894 -0.06136 -0.99808 0.00793 -0.05574 -0.99756 0.04213 0.02918 -0.99942 0.01756 0.02647 -0.99943 0.02084 0.01536 -0.99952 0.02698 0.04027 -0.99899 0.02002 0.04716 -0.99875 0.01662 0.0704 -0.99751 -0.00416 0.07857 -0.99659 0.0254 -0.00232 -0.99825 -0.05915 0.04378 -0.97032 -0.23784 0.22177 0.10198 -0.96975 0.07327 -0.99356 -0.08637 0.07774 -0.99693 -0.00895 0.62255 0.4953 -0.60589 0.9868 0.00527 -0.16183 0.2956 -0.87275 -0.38851 0.11447 -0.99287 0.0334 0.89854 -0.23713 -0.3693 0.82881 -0.5485 0.11054 0.28026 -0.93687 -0.20911 0.56375 -0.7259 -0.39404 0.29971 -0.94954 0.09248 0.73241 -0.66951 0.12381 0.14508 -0.86927 -0.47257 0.30515 -0.72282 -0.62001 0.48733 -0.8511 -0.19531 0.63331 -0.75243 -0.18103 0.58058 -0.81309 -0.04251 0.57583 -0.78673 0.22242 0.01437 -0.34988 0.93668 0.05861 -0.33609 0.94001 0.11233 -0.35999 0.92617 0.1245 -0.34347 0.93088 0.18465 -0.30761 0.93342 0.24277 -0.32208 0.91506 0.27917 -0.36917 0.88644 0.30074 -0.34398 0.88951 0.35126 -0.31539 0.88156 0.70037 -0.41576 0.58019 0.7937 -0.37497 0.47899 0.79678 -0.37521 0.47367 0.82231 -0.39885 0.40587 0.85322 -0.38031 0.3569 0.86062 -0.3916 0.32554 0.89573 -0.43366 0.09799 0.90084 -0.43122 0.05044 0.87621 -0.48193 0.0024 0.87763 -0.47934 -0.00143 0.87783 -0.47703 -0.04308 0.85258 -0.51067 -0.11099 0.84773 -0.52186 -0.09493 0.84942 -0.5109 -0.13216 0.81995 -0.53387 -0.20655 0.80976 -0.54625 -0.21424 0.71114 -0.58544 -0.38927 0.73346 -0.57023 -0.36995 0.38453 -0.66345 -0.64184 0.33006 -0.71549 -0.61574 0.22558 -0.75624 -0.61417 0.06257 -0.79743 -0.60016 0.10501 -0.74314 -0.66084 0.17623 -0.71365 -0.67798 0.08909 -0.99577 0.02262 0.28713 -0.95712 0.03841 0.38555 -0.91371 0.12841 0.41077 -0.90041 0.14329 0.48808 -0.82853 0.27443 0.40179 -0.86624 0.29699 0.42255 -0.86169 0.28097 0.35126 -0.84642 0.40023 0.37532 -0.84619 0.37829 0.12132 -0.42851 0.89536 0.20268 -0.45992 0.86452 0.27343 -0.40223 0.87376 0.34469 -0.47618 0.80898 0.42006 -0.41739 0.80581 0.48757 -0.46488 0.73903 0.77681 -0.47847 0.40943 0.80089 -0.5154 0.30487 0.83286 -0.54326 0.10585 0.41525 -0.33281 0.84664 0.43409 -0.3634 0.82432 0.47443 -0.33054 0.81588 0.50424 -0.33228 0.79707 0.55912 -0.38257 0.73554 0.55447 -0.36327 0.74873 0.5915 -0.36166 0.72065 0.62111 -0.37804 0.68652 0.65373 -0.34458 0.67372 0.68981 -0.33036 0.64423 0.72244 -0.36597 0.58664 0.80801 -0.41402 0.41917 0.85012 -0.44982 0.27379 0.86491 -0.4406 0.2404 0.87021 -0.44173 0.2182 0.86479 -0.46252 0.19549 0.87209 -0.4707 0.13382 0.07865 -0.64687 0.75854 0.16158 -0.68261 0.71269 0.15813 -0.67124 0.72418 0.28864 -0.66268 0.69105 0.28945 -0.67448 0.67919 0.38841 -0.66468 0.63823 0.61414 -0.70055 0.3634 0.65619 -0.68864 0.30852 0.64137 -0.7123 0.28509 0.69374 -0.69318 0.19553 0.66114 -0.72982 0.17394 0.70149 -0.70919 0.07041 0.11636 -0.55576 0.82316 0.18539 -0.55279 0.81244 0.19006 -0.55967 0.80663 0.32141 -0.55146 0.7698 0.32528 -0.56572 0.75773 0.43971 -0.55502 0.70612 0.7008 -0.58402 0.40964 0.72198 -0.61353 0.31989 0.76742 -0.57135 0.29092 0.7696 -0.60376 0.20783 0.76103 -0.61873 0.19498 0.78704 -0.60045 0.14153 0.74583 -0.6616 -0.07763 0.73493 -0.66848 -0.1141 0.00892 -0.90948 -0.41566 0.08027 -0.8669 -0.49197 0.13589 -0.89072 -0.43376 0.20768 -0.84667 -0.48991 0.23906 -0.8882 -0.39236 0.3547 -0.80584 -0.47414 0.34466 -0.86767 -0.35828 0.45976 -0.80475 -0.37549 0.45692 -0.8322 -0.3141 0.5782 -0.75345 -0.31305 0.54018 -0.81879 -0.19441 0.68013 -0.71949 -0.14053 0.73114 -0.6792 0.06421 0.663 -0.62506 0.41199 0.58437 -0.64294 0.49512 0.59252 -0.61591 0.5192 0.48397 -0.63445 0.6027 0.48443 -0.63702 0.59961 0.43049 -0.63149 0.6449 0.07184 -0.61406 0.78598 0.00502 -0.58845 0.80852 0.4432 -0.68351 -0.57999 0.44669 -0.71093 -0.54318 0.47701 -0.68044 -0.5563 0.55116 -0.6473 -0.52652 0.56366 -0.68259 -0.46514 0.61311 -0.6439 -0.4577 0.64752 -0.64305 -0.4089 0.6507 -0.65206 -0.38912 0.75295 -0.59383 -0.28362 0.74767 -0.61228 -0.2571 0.79211 -0.57103 -0.2156 0.83675 -0.54659 0.0331 0.73058 -0.41553 0.54184 0.71958 -0.39232 0.57296 0.61266 -0.46973 0.6356 0.07756 -0.76862 -0.63499 0.2365 -0.79235 -0.56236 0.30957 -0.74716 -0.58815 0.34327 -0.82393 -0.45089 0.444 -0.71677 -0.53768 0.46345 -0.79965 -0.3818 0.63158 -0.69024 -0.35308 0.67529 -0.69827 -0.2375 0.69442 -0.68125 -0.23169 0.78199 -0.62062 -0.05769 0.79035 -0.61253 0.01232 0.73097 -0.52856 0.43163 0.69939 -0.49788 0.5128 0.63251 -0.55521 0.54008 0.6081 -0.47822 0.63366 0.54906 -0.52341 0.6516 0.48467 -0.49428 0.72165 0.07921 -0.48508 0.87087 0.03074 -0.49247 0.86978 0.28193 -0.95943 -0.00392 0.27693 -0.96089 0.00105 0.19271 -0.98116 -0.01391 0.20158 -0.97897 -0.03122 0.07031 -0.99752 -0.00405 0.10181 -0.99296 -0.06054 0.2644 -0.95065 -0.16236 0.24161 -0.95098 -0.19301 0.09387 -0.96507 -0.24459 0.13279 -0.96882 -0.20916 0.05751 -0.9783 -0.19905 0.04618 -0.98576 -0.16167 0.40373 -0.91411 0.03756 0.41973 -0.9047 0.07315 0.3798 -0.92026 0.09425 0.41632 -0.89391 -0.16616 0.56761 -0.8198 0.07586 0.54578 -0.82255 0.15982 0.57051 -0.80354 0.16984 0.55078 -0.79158 0.26467 0.49086 -0.82668 0.27506 0.44873 -0.80376 0.39065 0.39307 -0.77528 0.4944 0.32034 -0.80401 0.50096 0.30215 -0.77053 0.56124 0.21981 -0.82605 0.51896 0.18372 -0.7874 0.58843 0.18369 -0.78659 0.58952 0.09747 -0.81553 0.57045 0.07256 -0.77394 0.62908 0.03396 -0.8072 0.5893 0.41446 -0.88193 0.22456 0.46679 -0.87002 0.15869 0.49157 -0.87081 -0.0067 0.43842 -0.89598 -0.07078 0.40524 -0.91195 -0.06423 0.38855 -0.91134 -0.13598 0.18576 -0.98188 -0.03734 0.00787 -0.92765 -0.37336 0.22111 -0.91978 -0.3242 0.27336 -0.92201 -0.27419 0.40733 -0.87944 -0.2463 0.57223 -0.78914 -0.22319 0.53567 -0.83611 -0.11821 0.61082 -0.78474 -0.10522 0.59087 -0.80637 -0.02533 0.62411 -0.78126 -0.01111 0.62947 -0.77554 0.0479 0.57925 -0.73025 0.36222 0.49911 -0.75851 0.41898 0.51541 -0.7264 0.45464 0.42571 -0.74743 0.51002 0.2963 -0.78416 0.54525 0.28124 -0.69317 0.66364 0.18856 -0.77563 0.60236 0.15191 -0.69578 0.70201 0.07292 -0.77233 0.63102 0.03559 -0.71108 0.70221 -0.02733 -0.70886 0.70482 -0.37535 -0.91678 -0.13649 -0.30261 -0.95018 -0.07472 -0.0833 -0.73763 -0.67005 -0.14907 -0.75644 -0.63685 -0.18443 -0.68912 -0.70079 -0.25631 -0.75937 -0.59805 -0.29412 -0.70085 -0.64985 -0.36369 -0.69576 -0.61939 -0.36797 -0.71477 -0.59474 -0.73997 -0.56071 -0.37155 -0.85758 -0.49367 -0.14439 -0.91769 -0.39729 -0.00226 -0.89115 -0.42004 0.17149 -0.85676 -0.45357 0.24542 -0.88324 -0.34128 0.32158 -0.8428 -0.40504 0.35445 -0.80834 -0.39623 0.43542 -0.82413 -0.30371 0.4781 -0.40347 -0.28884 0.86821 -0.27732 -0.39977 0.87366 -0.22385 -0.32509 0.9188 -0.09992 -0.34195 0.93439 -0.0116 -0.32478 0.94572 -0.43177 -0.81009 0.39665 -0.3656 -0.83273 0.4158 -0.45671 -0.83639 0.30309 -0.46049 -0.83441 0.30283 -0.32896 -0.94333 0.04371 -0.23054 -0.97153 0.05453 -0.18749 -0.98166 0.03454 -0.4455 -0.80864 -0.38423 -0.41871 -0.82617 -0.37699 -0.32538 -0.84037 -0.43347 -0.28852 -0.82082 -0.49297 -0.22817 -0.87735 -0.42212 -0.1434 -0.86488 -0.48106 -0.12816 -0.87744 -0.46225 -0.0314 -0.86951 -0.49292 -0.40692 -0.78225 -0.4717 -0.28731 -0.82434 -0.48777 -0.25849 -0.7524 -0.60587 -0.15679 -0.837 -0.52426 -0.02108 -0.78651 -0.61722 -0.0228 -0.7881 -0.61513 -0.5569 -0.6594 -0.50503 -0.52327 -0.69035 -0.4996 -0.44857 -0.70437 -0.55013 -0.44657 -0.69335 -0.56554 -0.69717 -0.67121 -0.25185 -0.65544 -0.70351 -0.2747 -0.68032 -0.63577 -0.36465 -0.64281 -0.65033 -0.40481 -0.63625 -0.63674 -0.4356 -0.7965 -0.57843 -0.17609 -0.16857 -0.67424 0.71902 -0.28999 -0.66656 0.68673 -0.26141 -0.69342 0.67144 -0.36097 -0.65513 0.66371 -0.39465 -0.69743 0.5982 -0.47137 -0.6487 0.5975 -0.49221 -0.69425 0.52511 -0.57417 -0.66604 0.47615 -0.54752 -0.68705 0.47769 -0.59195 -0.68269 0.4284 -0.67941 -0.70366 0.208 -0.712 -0.68104 0.171 -0.69516 -0.70924 0.1172 -0.59637 -0.76177 -0.25309 -0.55024 -0.77681 -0.30626 -0.50551 -0.8065 -0.30662 -0.50167 -0.7912 -0.34976 -0.19792 -0.55201 0.81001 -0.31515 -0.54527 0.77676 -0.30487 -0.55503 0.77394 -0.4105 -0.54651 0.72994 -0.39392 -0.56179 0.72748 -0.5299 -0.54577 0.64911 -0.50469 -0.57213 0.64649 -0.63143 -0.55209 0.54451 -0.62459 -0.55991 0.54441 -0.7601 -0.64698 0.06052 -0.7576 -0.65239 0.02074 -0.76325 -0.63711 -0.10743 -0.75506 -0.58277 -0.30046 -0.79693 -0.53761 -0.27547 -0.78633 -0.5841 -0.20127 -0.71077 -0.67383 -0.20191 -0.67624 -0.72194 -0.14664 -0.71774 -0.69087 -0.08692 -0.70452 -0.70703 -0.06133 -0.71928 -0.69471 -0.00442 -0.72979 -0.62204 0.28368 -0.67461 -0.6645 0.32148 -0.68638 -0.60504 0.4035 -0.15827 -0.61481 0.77264 -0.07427 -0.59811 0.79797 -0.04375 -0.61442 0.78776 -0.02411 -0.44388 0.89576 -0.09729 -0.4437 0.89088 -0.2774 -0.39841 0.87426 -0.33191 -0.46124 0.82286 -0.45063 -0.40551 0.79529 -0.41596 -0.44959 0.79047 -0.56858 -0.43705 0.69693 -0.54565 -0.4645 0.6975 -0.67756 -0.44814 0.58316 -0.6336 -0.50392 0.58704 -0.84112 -0.53788 0.05663 -0.82245 -0.56848 -0.02025 -0.74752 -0.39962 0.53058 -0.70953 -0.36723 0.60142 -0.69185 -0.38386 0.61155 -0.64295 -0.33789 0.68734 -0.5715 -0.40198 0.7154 -0.53529 -0.31532 0.7836 -0.43585 -0.38272 0.81459 -0.11571 -0.3722 0.92091 -0.7396 -0.42804 0.5194 -0.75786 -0.4631 0.45954 -0.82361 -0.45261 0.34178 -0.84527 -0.4708 0.25271 -0.86543 -0.48382 0.13017 -0.86931 -0.48966 0.06731 -0.11174 -0.46647 0.87745 -0.18446 -0.49186 0.85091 -0.72974 -0.53555 0.42505 -0.73056 -0.53454 0.4249 -0.77924 -0.51325 0.35967 -0.76132 -0.58418 0.28128 -0.80414 -0.5452 0.23688 -0.80665 -0.56704 0.16669 -0.80123 -0.57213 0.17521 -0.80669 -0.58526 0.08201 -0.83396 -0.549 -0.05579 -0.8389 -0.54083 -0.06114 -0.09776 -0.99416 -0.04565 0.00223 -0.99587 -0.09071 -0.18704 -0.94874 -0.25477 -0.1629 -0.961 -0.22346 -0.07824 -0.97311 -0.21666 -0.0917 -0.96696 -0.23787 -0.03795 -0.97421 -0.22244 -0.21027 -0.97343 -0.09065 -0.21828 -0.96837 -0.12085 -0.25028 -0.95301 -0.1707 -0.29419 -0.95477 -0.04319 -0.13834 -0.99038 -0.00048 -0.08738 -0.99563 0.03294 -0.19447 -0.97999 -0.04246 -0.21192 -0.97729 -0.00033 -0.40499 -0.90921 0.09653 -0.37182 -0.9276 0.03615 -0.42314 -0.906 0.01088 -0.41281 -0.90949 -0.04908 -0.4605 -0.8597 0.22104 -0.47148 -0.8555 0.21408 -0.42827 -0.88494 0.18297 -0.48053 -0.86996 0.11076 -0.3207 -0.91357 -0.25007 -0.34926 -0.88439 -0.30962 -0.30194 -0.88433 -0.35608 -0.19484 -0.9432 -0.26909 -0.03273 -0.78198 0.62244 -0.05471 -0.81634 0.57498 -0.11556 -0.80778 0.57804 -0.13324 -0.78875 0.6001 -0.20608 -0.79612 0.56897 -0.23947 -0.77234 0.58834 -0.28861 -0.79973 0.52644 -0.34031 -0.7748 0.53279 -0.34715 -0.8063 0.47892 -0.37455 -0.80492 0.46023 -0.43615 -0.80768 0.39677 -0.59488 -0.77274 0.22134 -0.56007 -0.82199 0.10317 -0.57344 -0.81338 0.09784 -0.5955 -0.80187 0.04889 -0.54619 -0.83758 -0.01175 -0.55743 -0.82997 -0.02032 -0.39337 -0.90704 -0.15013 -0.44568 -0.85991 -0.24885 -0.03773 -0.72597 0.68669 -0.138 -0.72235 0.67762 -0.55713 -0.76182 0.33051 -0.61755 -0.72371 0.30802 -0.5997 -0.76852 0.22303 -0.57384 -0.80762 -0.13585 -0.55979 -0.81981 -0.12061 -0.54369 -0.81935 -0.18185 -0.58495 -0.67196 -0.4542 0.52457 0.09964 0.84552 0.76138 -0.07322 0.64416 0.9755 0.05118 0.21394 0.9802 -0.07482 -0.1833 0.84386 0.06574 -0.53251 0.3212 -0.05063 -0.94566 0.24989 -0.0122 -0.9682 -0.44935 0.02796 -0.89292 -0.55109 -0.02831 -0.83397 -0.97526 0.00959 -0.22084 -0.96643 -0.01195 -0.25665 -0.90251 0.03 0.42963 -0.81158 -0.05891 0.58127 -0.37266 0.06723 0.92553 -0.13819 -0.10293 0.98504 0.92331 -0.02615 -0.38317 0.87707 0.02248 -0.47983 0.19345 -0.01859 -0.98093 0.1369 0.01187 -0.99051 -0.58974 -0.01318 -0.80749 -0.66169 0.01004 -0.74971 -0.99593 -0.0079 -0.08978 -0.99975 0.01411 0.01725 -0.73934 -0.01638 0.67314 -0.51197 0.01821 0.85881 -0.17537 -0.01488 0.98439 0.3068 0.02469 0.95145 0.54977 -0.02475 0.83495 0.94714 0.02069 0.32016 0.93443 0.01051 0.356 -0.9584 0.04145 -0.28239 -0.92597 -0.01566 -0.37727 -0.78401 0.02057 -0.62041 -0.78487 0.02139 -0.61929 -0.63689 -0.00836 -0.77091 -0.38213 0.00825 -0.92407 -0.3926 0.01129 -0.91964 -0.10814 -0.00769 -0.99411 0.13406 0.01962 -0.99078 0.32529 -0.00772 -0.94558 0.6114 -0.00119 -0.79132 0.67429 0.01172 -0.73837 0.90257 -0.00542 -0.43051 0.93419 0.00633 -0.35673 0.99481 0.00988 0.10125 0.99988 -0.00352 -0.01489 0.95624 -0.00221 0.29257 0.81587 0.00016 0.57824 0.87417 0.01435 0.48542 0.70093 -0.00777 0.71319 0.52002 0.01835 0.85396 0.52329 0.0194 0.85194 0.22714 -0.02477 0.97355 -0.02316 0.1144 0.99316 0.06432 0.00063 0.99793 0.96705 -0.01265 -0.25425 0.55493 0.00608 -0.83188 0.65394 -0.02292 -0.7562 0.01101 0.02683 -0.99958 -0.22168 -0.03832 -0.97437 -0.78356 -0.00906 -0.62124 -0.72569 0.03195 -0.68728 -0.95993 0.00024 0.28025 -0.97403 -0.04234 0.22242 -0.67409 0.03585 0.73778 -0.12014 -0.03669 0.99208 0.09162 0.00605 0.99578 0.70435 0.00697 0.70982 0.80742 -0.0192 0.58967 0.99711 0.02 -0.07328 0.79743 0.00222 0.60341 0.36378 0.02072 0.93125 0.2696 0.07404 0.96012 0.05719 -0.01271 0.99828 -0.15336 -0.02858 0.98776 -0.36867 0.04528 0.92846 -0.47491 -0.00524 0.88002 -0.75571 0.01801 0.65466 -0.74529 0.02817 0.66614 -0.90968 -0.03695 0.41366 -0.99455 0.07879 0.0683 -0.99355 0.04856 0.1025 -0.9547 -0.05278 -0.29287 -0.86091 0.01208 -0.50861 -0.69777 -0.00829 -0.71627 -0.80949 0.11876 -0.57499 -0.2723 0.61499 -0.74003 -0.45689 0.06561 -0.8871 -0.20596 -0.05648 -0.97693 0.07432 -0.40572 -0.91097 0.343 0.89444 -0.28692 0.53426 -0.00259 -0.84531 0.34552 0.37713 -0.85929 0.86102 -0.00064 -0.50856 0.80526 0.09169 -0.58578 0.72643 0.00305 -0.68723 0.98957 0.07687 -0.12185 0.99703 0.01628 -0.07525 0.99115 -0.03086 0.12915 0.91172 -0.01496 0.41053 0.82367 0.06725 0.56307 0.73972 -0.004 0.67291 -0.61652 0.00591 0.78732 -0.57009 -0.10193 0.81524 -0.56983 -0.10031 0.81562 -0.47981 0.08412 0.87333 -0.38846 -0.03757 0.9207 -0.35443 -0.13188 0.92574 -0.3093 0.00985 0.95091 -0.22313 0.04718 0.97365 -0.133 -0.09777 0.98628 -0.14812 -0.04703 0.98785 -0.04621 0.03137 0.99844 0.04551 -0.08496 0.99534 0.04285 -0.09499 0.99456 0.13355 0.06137 0.98914 0.22101 0.03692 0.97457 0.26921 -0.08876 0.95898 0.3075 -0.00464 0.95154 0.47172 -0.0012 0.88175 0.43405 -0.09794 0.89555 0.39008 0.0064 0.92076 0.55755 0.07734 0.82653 0.62779 -0.07057 0.77518 0.57298 -0.22346 0.78852 0.69128 0.04292 0.72131 0.77234 -0.06386 0.63199 0.77293 -0.07209 0.63038 0.84066 0.03089 0.54068 0.87081 -0.09669 0.48201 0.90712 0.05505 0.41726 0.95217 -0.06691 0.29816 0.94827 -0.14242 0.28374 0.98299 0.05472 0.17534 0.99846 -0.00088 0.05554 0.99534 -0.08546 0.04464 0.99499 0.04718 -0.08819 0.98825 -0.04967 -0.14452 0.98701 -0.02647 -0.15845 0.96183 0.0081 -0.27351 0.94442 -0.10637 -0.31106 0.91443 0.07685 -0.39737 0.85062 -0.03244 -0.52478 0.85396 0.00529 -0.52031 0.77251 0.00243 -0.635 0.75459 -0.07427 -0.65198 0.73658 -0.03479 -0.67545 0.63617 -0.00534 -0.77153 0.6192 -0.06733 -0.78234 0.26815 0.00726 -0.96335 0.52825 0.07526 -0.84575 0.45239 -0.09243 -0.88702 0.3919 0.04532 -0.91889 0.29466 -0.05384 -0.95408 0.14202 -0.09563 -0.98523 0.22164 0.00106 -0.97513 -0.28397 -0.08642 -0.95493 -0.23256 0.01139 -0.97252 -0.08291 -0.03458 -0.99596 -0.11648 -0.1841 -0.97598 -0.01323 0.02646 -0.99956 0.09012 0.03223 -0.99541 -0.46928 -0.00155 -0.88305 -0.33571 0.04903 -0.94069 -0.65032 0.05057 -0.75798 -0.51059 -0.16147 -0.84452 -0.57812 0.03672 -0.81512 -0.72177 -0.09515 -0.68557 -0.72224 -0.09756 -0.68473 -0.73893 -0.05242 -0.67174 -0.82147 0.01092 -0.57015 -0.83537 -0.04011 -0.54822 -0.87427 0.05818 -0.48193 -0.92727 -0.08002 -0.36574 -0.92613 -0.06667 -0.37127 -0.96217 -0.00666 -0.27238 -0.97637 -0.05268 -0.20957 -0.97553 -0.0363 -0.21685 -0.99253 0.02482 -0.11942 -0.99156 -0.12953 -0.00543 -0.99535 -0.09409 -0.02085 -0.99622 0.04797 0.07237 -0.97169 -0.107 0.21066 -0.97151 -0.109 0.21043 -0.9568 0.05251 0.28597 -0.89923 -0.06649 0.43239 -0.90605 -0.03231 0.42194 -0.85494 0.02277 0.51822 -0.82259 -0.07093 0.56419 -0.78564 0.06573 0.61518 -0.71474 -0.08203 0.69457 -0.69993 0.0006 0.71421 -0.02688 -0.99964 -0.00066 -0.01656 -0.99984 -0.00641 -0.01282 -0.99944 -0.03095 -0.02614 -0.99952 -0.01658 -0.00814 -0.99976 -0.02035 -0.00204 -0.99969 0.02467 -0.00769 -0.99962 0.02647 -0.01525 -0.99981 0.01197 -0.03248 -0.99944 0.00861 -0.02727 -0.99954 0.01358 0.02837 -0.9996 0.00089 0.02964 -0.99956 -0.00011 0.00275 -0.99999 0.00256 -0.01422 -0.99928 0.03526 0.01014 -0.99946 0.0314 -0.00851 -0.99977 -0.01977 0.00825 -0.99981 -0.01791 0.00362 -0.99987 -0.01542 0.01856 -0.99981 -0.00608 0.02127 -0.99976 -0.00583 -0.03053 -0.99578 0.08655 0.07574 -0.98774 0.13648 0.09582 -0.99003 0.10323 0.10273 -0.99056 0.0908 0.09713 -0.99341 0.06086 0.08414 -0.99511 0.05175 0.0762 -0.99658 0.03185 0.04534 -0.99856 0.02885 -8E-05 -0.9998 0.01991 0.02104 -0.99963 0.017 0.02362 -0.99957 0.0174 0.04102 -0.99884 0.0253 -0.01327 -0.99978 0.01621 -0.00935 -0.99981 0.01707 0.00579 -0.99968 0.0246 -0.04568 -0.99861 0.02642 -0.03752 -0.9991 0.0197 -0.03335 -0.99928 0.0179 -0.047 -0.98977 0.13472 -0.03066 -0.98807 0.15094 -0.00312 -0.98795 0.15476 0.02248 -0.98996 0.13954 0.03521 -0.9882 0.14905 -0.07926 -0.98976 0.11874 -0.04916 -0.99065 0.12723 -0.02781 -0.99464 0.09954 0.02223 -0.9919 0.12506 0.04316 -0.99408 0.09967 0.07614 -0.99092 0.11083 -0.09158 -0.99209 0.08585 -0.08789 -0.99283 0.08104 -0.02784 -0.99651 0.07867 -0.03048 -0.99613 0.08242 0.03741 -0.9959 0.0824 -0.09431 -0.99429 0.04985 -0.02726 -0.9978 0.06038 -0.00194 -0.99889 0.04698 0.03357 -0.99797 0.05407 0.0425 -0.99704 0.06404 0.0842 -0.99512 0.05147 -0.07016 -0.99689 0.03585 -0.06425 -0.99734 0.03442 -0.05212 -0.99801 0.03541 0.04074 -0.99891 0.02276 0.06334 -0.9977 0.02421 0.07182 -0.99703 0.0278 -0.07829 -0.99532 0.05657 -0.10067 -0.99369 0.04945 -0.148 -0.98818 0.03994 -0.1963 -0.97974 0.03973 -0.25721 -0.962 0.09163 -0.35651 -0.92443 0.13538 -0.33408 -0.92706 0.17012 -0.30042 -0.88423 0.35761 -0.31278 -0.83493 0.45284 -0.21667 -0.87839 0.426 -0.18671 -0.84652 0.49855 -0.22332 -0.86087 0.4572 -0.12631 -0.87602 0.46544 -0.1408 -0.86378 0.4838 -0.06705 -0.86051 0.505 -0.06939 -0.86593 0.49533 -0.02022 -0.85055 0.5255 -0.30114 -0.88356 0.35866 -0.37132 -0.86077 0.34813 -0.34725 -0.89366 0.28423 -0.03607 -0.94046 0.33798 -0.0377 -0.943 0.33064 -0.10745 -0.92114 0.37409 -0.13406 -0.93636 0.32445 -0.16188 -0.92518 0.34328 -0.2119 -0.93759 0.27574 -0.19407 -0.94422 0.26606 -0.31856 -0.91161 0.25977 -0.30289 -0.93289 0.19489 -0.21911 -0.95678 0.1912 -0.03038 -0.96021 0.27761 -0.05308 -0.97384 0.22093 -0.09328 -0.96483 0.24577 -0.09681 -0.97387 0.20544 -0.16175 -0.96037 0.22698 -0.1309 -0.97914 0.15538 -0.24736 -0.95331 0.17321 -0.15938 -0.98272 0.09412 -0.2163 -0.9726 0.08523 -0.23041 -0.9704 0.07229 -0.23014 -0.97162 0.05467 0.27164 -0.95736 0.09831 0.0165 -0.87333 0.48685 0.03413 -0.85973 0.5096 0.07841 -0.87012 0.48656 0.09194 -0.85743 0.50632 0.14276 -0.84285 0.51887 0.16342 -0.87545 0.45484 0.2094 -0.85063 0.48227 0.24387 -0.86774 0.43308 0.23676 -0.87215 0.42813 0.33164 -0.84304 0.42345 0.30141 -0.88919 0.34422 0.36092 -0.89437 0.26426 0.31406 -0.92616 0.2088 0.31854 -0.93812 0.13588 0.05232 -0.99273 0.1084 0.17602 -0.98318 0.04882 0.11429 -0.99035 0.07835 0.08818 -0.99491 0.04873 -0.00148 -0.97503 0.22208 0.32548 -0.89388 0.3083 0.27424 -0.9111 0.3077 0.2994 -0.93896 0.16943 0.27393 -0.94494 0.17904 0.26953 -0.91345 0.30491 0.16867 -0.9405 0.29496 0.17536 -0.92431 0.33896 0.11692 -0.92817 0.35331 0.08012 -0.94339 0.32186 0.06765 -0.92735 0.36802 0.01163 -0.91449 0.40444 0.23704 -0.96956 0.06131 0.22994 -0.96941 0.08582 0.20379 -0.96524 0.16367 0.16947 -0.96511 0.1996 0.11957 -0.97616 0.18117 0.12977 -0.96147 0.24235 0.05813 -0.9748 0.21535 0.05713 -0.96728 0.24718 -0.0039 -0.99999 -0.00044 -0.02167 -0.99944 -0.02558 -0.0252 -0.99953 -0.01745 -0.01926 -0.99961 -0.02026 -0.02874 -0.99958 0.00271 0.00046 -1 0.00029 0.0148 -0.99923 0.03634 0.03822 -0.99927 3E-05 -0.00023 -0.99999 -0.00364 0.02065 -0.9994 -0.02793 0.0074 -0.9995 -0.03064 0.00818 -0.99991 -0.01107 0.02695 -0.9995 0.01671 0.02874 -0.99956 -0.00693 0.01274 -0.99954 -0.02751 -0.03256 -0.99939 0.01256 -0.0013 -0.99968 0.02508 -0.00385 -0.99963 0.02687 -0.02388 -0.99952 0.01951 -0.02324 -0.99959 0.01643 -0.00763 -0.99887 0.04688 -0.02814 -0.99951 0.01359 -0.01397 -0.99989 -0.00513 -0.02098 -0.99946 -0.02545 -0.02415 -0.99948 -0.02127 0.01718 -0.99985 -0.00213 0.03031 -0.9995 0.00929 0.02781 -0.99947 0.01716 0.02657 -0.99956 0.01345 0.0274 -0.99957 0.01036 0.01382 -0.99966 0.02232 -0.00098 -0.99998 -0.00632 0.01217 -0.99987 -0.01077 0.01051 -0.99986 -0.01334 0.01517 -0.99981 -0.01246 0.00102 -0.99986 0.01698 -0.0057 -0.99975 0.02165 -0.01293 -0.99987 0.00913 -0.0351 -0.99937 0.00513 -0.02816 -0.99953 0.01213 -0.52192 -0.84526 -0.11458 -0.12784 -0.83139 -0.54079 -0.07178 -0.98302 0.16885 -0.25587 -0.33834 -0.90557 -0.36374 -0.7114 -0.60133 0.4794 -0.87759 -0.00055 -0.50702 -0.85798 -0.08248 -0.01181 -0.89691 -0.44206 0.12008 -0.97508 -0.18657 -0.08357 -0.963 0.25623 -0.39433 -0.88941 -0.2312 -0.08873 -0.97899 -0.18357 -0.34411 -0.77287 -0.53316 -0.23687 -0.31563 -0.91884 0.06911 0.93458 -0.34897 -0.34071 -0.93837 -0.05812 -0.67341 0.46179 -0.5773 -0.72257 -0.12919 -0.67912 -0.60198 -0.79372 0.08739 -0.47206 -0.8406 -0.26563 -0.53821 -0.54643 0.64167 -0.37364 -0.90522 -0.20242 -0.94795 -0.05 0.31447 -0.52631 -0.77101 0.35853 -0.82634 -0.51784 0.22135 -0.60219 0.79153 -0.10412 -0.42888 -0.86326 -0.26618 -0.73991 -0.61722 -0.26755 -0.48981 -0.69584 0.52525 -0.694 -0.70237 -0.15825 0.51339 -0.58392 -0.62887 0.12669 -0.75733 0.64062 -0.99357 0.05539 0.09872 -0.54643 -0.15879 0.82231 0.30909 -0.3815 0.87116 0.35742 -0.44899 0.81894 0.65241 -0.51971 -0.55159 0.29953 0.38657 -0.87226 0.2511 -0.45425 0.85475 -0.4409 0.11284 -0.89043 0.23157 -0.44258 -0.86631 0.67517 -0.31612 -0.66649 0.86289 -0.44883 -0.23232 0.89274 -0.43847 -0.10373 0.36173 -0.53902 -0.76066 0.26273 -0.6434 -0.71903 -0.10615 -0.49542 -0.86214 0.3765 -0.33159 -0.86504 0.76176 -0.40682 -0.50419 -0.59293 -0.34704 0.72663 -0.88081 -0.27231 0.38732 -0.38291 -0.40647 0.82956 -0.35972 -0.27317 0.89218 -0.3862 -0.51045 0.7683 0.71075 -0.69079 0.13283 0.89724 -0.43336 -0.08465 0.42165 -0.82414 0.37817 0.62055 -0.77769 -0.10059 0.81577 -0.50633 0.27953 0.50939 -0.68049 0.52674 0.27129 -0.94747 -0.16943 0.54982 -0.8268 0.11878 0.73045 -0.66456 0.1575 0.44933 0.76032 -0.46906 0.74887 -0.50831 -0.42522 0.58536 -0.75588 -0.29325 0.72796 -0.66735 -0.15722 -0.09025 -0.99529 -0.03531 0.13032 -0.99052 -0.0435 0.06852 -0.99764 0.0046 0.20913 -0.95667 -0.20258 0.05926 -0.9982 -0.00926 0.05904 -0.99819 -0.01125 0.03079 -0.99952 -0.0021 0.04623 -0.99893 -0.00308 0.02259 -0.99935 -0.02826 0.01549 -0.99978 -0.01446 0.01349 -0.99848 -0.05337 -0.00846 -0.99952 -0.02979 0.00863 -0.99845 -0.05501 -0.01897 -0.99982 -0.00035 -0.02353 -0.99893 -0.03981 -0.03151 -0.99948 -0.00625 -0.0618 -0.99803 -0.01125 -0.04402 -0.99903 -0.00337 -0.37639 -0.76859 -0.51731 -0.58427 -0.75106 -0.30747 -0.68866 -0.58128 -0.43344 -0.64321 -0.53815 -0.54468 -0.90194 -0.41147 -0.13118 -0.36538 0.1128 0.924 -0.18273 -0.32909 0.92645 -0.29298 -0.4483 0.84451 0.52279 0.80717 -0.27418 0.21752 -0.43591 0.87331 -0.5027 -0.50806 0.6994 0.32823 0.09158 0.94015 0.15573 -0.34742 0.92469 0.03671 -0.59151 0.80546 0.18944 -0.66005 0.72694 0.91513 -0.25387 0.3132 0.08966 -0.37799 0.92146 0.55895 -0.4089 0.72137 0.31128 -0.41885 0.85303 -0.32077 -0.53744 -0.77991 -0.22169 -0.66302 -0.71502 -0.60072 -0.52488 -0.60303 -0.82928 -0.46491 -0.31009 -0.69374 -0.30928 -0.65044 -0.90042 -0.42331 -0.10023 -0.89214 -0.43907 0.10633 -0.87266 -0.47761 -0.10171 0.47512 -0.61709 0.62726 0.55645 -0.57365 0.60107 0.01199 0.02522 -0.99961 -0.16699 -0.23927 -0.95649 -0.13588 -0.74002 0.65872 -0.72446 -0.60698 -0.32668 -0.17257 -0.98494 0.01028 0.44222 -0.85687 0.26497 -0.50721 -0.73765 -0.44565 -0.23178 -0.90097 -0.36678 -0.47642 -0.87917 -0.00917 -0.37386 -0.92391 0.08132 0.13481 -0.61879 0.7739 -0.26189 -0.96203 -0.07693 -0.1364 -0.984 -0.11463 -0.11124 -0.77561 0.62134 0.21338 -0.9518 -0.22032 0.09907 -0.99507 0.00338 0.79759 -0.43596 0.41688 0.84235 -0.42179 0.33547 0.82342 -0.4437 0.3537 0.85287 -0.50383 0.13701 0.86876 -0.45666 0.19161 0.85443 -0.46321 0.23532 0.85905 -0.43181 0.27492 0.89597 -0.43789 0.07409 0.85543 -0.51792 0.00123 0.44549 -0.70205 -0.55557 0.51082 -0.73226 -0.45041 0.07988 -0.81908 -0.5681 0.05184 -0.78538 -0.61684 0.11548 -0.99331 0.00145 0.34162 -0.93984 -0.00213 0.47055 -0.88187 0.02965 0.45195 -0.88691 0.09551 0.51948 -0.82895 0.20732 0.48214 -0.86162 0.15861 0.50691 -0.78254 0.36148 0.48153 -0.77803 0.40349 0.46851 -0.79957 0.37576 0.45174 -0.76127 0.46519 0.34653 -0.79799 0.49308 0.2329 -0.77617 0.58593 0.19391 -0.75614 0.62502 0.17081 -0.69921 0.69422 0.02802 -0.74713 0.66409 0.04848 -0.37923 0.92403 0.18682 -0.34156 0.92111 0.15838 -0.39674 0.90417 0.28661 -0.33135 0.89892 0.33171 -0.3916 0.85827 0.72961 -0.39269 0.55988 0.6725 -0.48193 0.56168 0.67094 -0.64776 0.36089 0.61385 -0.69927 0.36634 0.56085 -0.75165 0.34709 0.75415 -0.54642 0.36426 0.75391 -0.49427 0.43279 0.79491 -0.39902 0.45707 0.52799 -0.7002 0.48056 0.56373 -0.63989 0.52225 0.51194 -0.62113 0.59339 0.46809 -0.65011 0.59854 0.44199 -0.61683 0.65128 0.36657 -0.64073 0.6746 0.34131 -0.66502 0.66427 0.27374 -0.64258 0.71565 0.14365 -0.64006 0.75478 0.05619 -0.62483 0.77874 0.59508 -0.61676 0.51525 0.39106 -0.52333 0.7571 0.26964 -0.59217 0.75936 0.24219 -0.57007 0.78509 0.18889 -0.58604 0.78796 0.15819 -0.52326 0.83736 0.57205 -0.51366 0.63946 0.47904 -0.52518 0.70335 0.4723 -0.5067 0.72124 0.39799 -0.51246 0.76091 0.0603 -0.54059 0.83912 0.03926 -0.50373 0.86297 0.64167 -0.73378 0.2232 0.6683 -0.73554 0.11113 0.6785 -0.72528 0.11664 0.71063 -0.65637 0.25333 0.74918 -0.61494 0.24614 0.77733 -0.60202 0.18258 0.7381 -0.66516 0.113 0.64491 -0.5001 0.57792 0.59264 -0.49134 0.63825 0.39424 -0.46992 0.78978 0.32493 -0.42745 0.84363 0.26576 -0.47591 0.83838 0.17617 -0.44061 0.88024 0.1757 -0.4397 0.88079 0.06503 -0.45307 0.8891 0.6128 -0.4077 0.67695 0.53626 -0.38962 0.74875 0.70624 -0.40474 0.58088 0.68206 -0.3757 0.62741 0.61365 -0.4068 0.67672 0.54232 -0.40689 0.73508 0.48499 -0.36468 0.79486 0.44767 -0.3852 0.80698 0.38693 -0.34146 0.85656 0.54071 -0.79183 -0.28397 0.77862 -0.53263 0.33175 0.7756 -0.57064 0.26984 0.80861 -0.58611 0.05115 0.4519 -0.82662 -0.33539 0.33572 -0.85403 -0.39739 0.12988 -0.83061 -0.5415 0.13705 -0.82342 -0.55064 0.34103 -0.80035 -0.49308 0.32529 -0.79512 -0.51183 0.48754 -0.75895 -0.43163 0.55857 -0.77433 -0.29733 0.83747 -0.53801 -0.09588 0.80293 -0.58623 -0.10784 0.85675 -0.4969 0.1381 0.80689 -0.58848 0.05125 0.75943 -0.61485 -0.21264 0.61805 -0.76157 -0.19502 0.69471 -0.65779 -0.29102 0.70352 -0.64626 -0.29565 0.64014 -0.7565 -0.13387 0.79352 -0.58162 -0.17902 0.67393 -0.62271 -0.39757 0.61596 -0.68048 -0.3969 0.60292 -0.66491 -0.44088 0.5124 -0.72093 -0.46659 0.12809 -0.99166 0.01435 0.31425 -0.94933 0.00381 0.34534 -0.93754 -0.04193 0.25159 -0.96768 -0.01742 0.3693 -0.92917 0.01634 0.34832 -0.93013 -0.1163 0.46033 -0.87767 -0.13335 0.62817 -0.77026 -0.10998 0.3089 -0.9371 -0.16255 0.35413 -0.92474 -0.13945 0.74145 -0.66934 -0.0473 0.70593 -0.70705 -0.0418 0.64024 -0.76439 -0.07615 0.46744 -0.87924 -0.09182 0.15282 -0.98656 -0.05781 0.15765 -0.9655 -0.20725 0.54641 -0.81318 -0.20045 0.75443 -0.60617 -0.25178 0.15798 -0.94151 -0.29765 0.09759 -0.90926 -0.40462 0.10395 -0.93768 -0.3316 0.04857 -0.97343 -0.22376 0.01686 -0.99983 -0.00684 0.23147 -0.79288 -0.5637 0.26306 -0.82356 -0.50254 0.29531 -0.90563 -0.30436 0.3681 -0.88933 -0.27128 0.54516 -0.78567 -0.29244 0.70763 -0.63129 -0.31738 0.53173 -0.80346 0.2678 0.56481 -0.79213 0.23135 0.66249 -0.65359 0.36596 0.53401 -0.77802 0.33095 0.54262 -0.77251 0.32984 0.51137 -0.85046 0.12336 0.45602 -0.88898 0.04186 0.45573 -0.88947 0.03393 0.25101 -0.9674 -0.03373 0.16566 -0.98617 0.00504 0.48217 -0.74668 0.45825 0.4838 -0.74745 0.45526 0.44214 -0.7695 0.46085 0.42286 -0.71627 0.55511 0.37158 -0.75511 0.54013 0.30468 -0.75106 0.58573 0.3165 -0.74077 0.59252 0.18022 -0.75256 0.63338 0.13669 -0.72905 0.67067 0.09235 -0.75245 0.65215 0.03356 -0.7409 0.67078 0.02711 -0.65074 0.75882 0.02865 -0.35861 0.93305 0.86197 -0.50659 -0.01964 0.65373 -0.75611 0.03044 0.4525 -0.81506 -0.36183 0.48561 -0.32629 0.811 0.29147 -0.94188 -0.16706 0.3874 -0.92089 -0.04348 -0.17902 -0.98328 0.03337 0.47337 -0.87782 -0.07322 0.18907 -0.94599 0.26335 0.16297 -0.89791 0.40889 -0.51689 -0.84222 0.15325 -0.13174 -0.99128 0.00209 -0.76414 -0.49776 0.41027 -0.54372 -0.76476 0.3457 -0.48312 -0.79408 0.36882 -0.67243 -0.49234 0.55266 -0.69577 -0.32845 0.63877 -0.62719 -0.39807 0.66946 -0.61964 -0.3442 0.70538 -0.19084 -0.37985 0.90515 -0.08844 -0.34026 0.93616 -0.05475 -0.37799 0.92419 -0.115 -0.77406 0.62258 -0.25085 -0.79569 0.55132 -0.19385 -0.75413 0.62747 -0.34257 -0.7595 0.553 -0.40715 -0.78576 0.46562 -0.41084 -0.74068 0.53161 -0.46636 -0.783 0.41161 -0.46206 -0.78417 0.41422 -0.46536 -0.77755 0.42291 -0.50615 -0.78108 0.36569 -0.40416 -0.91469 -0.00121 -0.22584 -0.97404 -0.01556 -0.21657 -0.97564 -0.03502 -0.11104 -0.99381 0.00297 -0.10412 -0.99451 -0.00998 -0.10373 -0.99434 -0.02313 -0.11203 -0.99265 -0.0457 -0.00967 -0.99986 -0.01335 -0.09088 -0.83915 -0.53625 -0.09562 -0.83195 -0.54655 -0.06269 -0.76604 -0.63972 -0.33657 -0.75215 -0.56656 -0.3971 -0.75816 -0.51721 -0.43844 -0.71788 -0.54076 -0.47981 -0.73441 -0.48002 -0.51188 -0.70266 -0.49422 -0.75445 -0.61173 -0.2379 -0.81528 -0.54495 -0.19581 -0.81113 -0.57061 -0.12833 -0.84949 -0.51932 -0.09311 -0.21403 -0.82302 -0.52615 -0.16383 -0.79489 -0.58421 -0.27714 -0.87696 -0.39261 -0.40069 -0.83533 -0.37639 -0.39484 -0.85211 -0.34353 -0.34902 -0.83976 -0.41592 -0.48688 -0.81784 -0.30673 -0.48518 -0.82169 -0.29905 -0.56045 -0.79758 -0.22309 -0.56427 -0.79023 -0.23904 -0.65513 -0.73806 -0.16147 -0.61131 -0.77355 -0.16707 -0.69823 -0.69299 -0.17954 -0.57884 -0.6716 -0.46249 -0.59627 -0.73083 -0.33219 -0.62189 -0.64583 -0.44289 -0.66246 -0.67113 -0.33277 -0.71343 -0.6217 -0.32327 -0.74538 -0.62293 -0.23742 -0.63249 -0.77301 -0.04903 -0.74986 -0.65864 -0.06253 -0.77447 -0.63242 -0.01541 -0.85853 -0.51053 0.0479 -0.87114 -0.48621 0.06868 -0.66683 -0.69799 0.26105 -0.68347 -0.62186 0.38232 -0.27754 -0.70273 0.65509 -0.37687 -0.69368 0.61382 -0.54296 -0.68944 0.47944 -0.0476 -0.61685 0.78564 -0.10455 -0.64411 0.75775 -0.14871 -0.62078 0.76975 -0.20567 -0.64843 0.73297 -0.29594 -0.61081 0.73439 -0.26239 -0.65248 0.71093 -0.37326 -0.59468 0.71206 -0.39976 -0.66232 0.63366 -0.4815 -0.60575 0.63343 -0.50549 -0.66065 0.55499 -0.54282 -0.64661 0.53594 -0.58855 -0.59945 0.54247 -0.03082 -0.51533 0.85644 -0.18252 -0.51557 0.83718 -0.30817 -0.50917 0.8036 -0.31026 -0.50701 0.80416 -0.41116 -0.49873 0.76303 -0.38098 -0.52356 0.76206 -0.47324 -0.49911 0.7259 -0.50722 -0.55815 0.65665 -0.5798 -0.50012 0.6432 -0.61354 -0.54274 0.57359 -0.83407 -0.41584 0.3625 -0.75384 -0.64429 0.12892 -0.77441 -0.60533 0.18403 -0.83275 -0.50724 0.22191 -0.07901 -0.46778 0.88031 -0.16185 -0.46466 0.87057 -0.19596 -0.39246 0.89865 -0.30907 -0.37971 0.87195 -0.52589 -0.40465 0.74813 -0.60779 -0.43816 0.66228 -0.61568 -0.4293 0.66078 -0.68212 -0.43768 0.58579 -0.30753 -0.38162 0.87166 -0.40365 -0.35695 0.84241 -0.43795 -0.38552 0.81214 -0.47067 -0.36991 0.80102 -0.52566 -0.38936 0.75636 -0.53184 -0.38092 0.75634 -0.72088 -0.38773 0.57445 -0.71072 -0.42254 0.56244 -0.76144 -0.34436 0.5492 -0.44221 -0.89208 0.09297 -0.40602 -0.91293 0.04128 -0.44901 -0.89192 0.05359 -0.54082 -0.83192 0.12416 -0.6321 -0.74034 0.22879 -0.53467 -0.81902 0.20815 -0.55054 -0.80965 0.20338 -0.52068 -0.79615 0.3083 -0.74634 -0.55862 0.36184 -0.62679 -0.7093 0.32254 -0.55057 -0.76559 0.33278 -0.76838 -0.55525 0.31827 -0.49855 -0.83125 0.24592 -0.52226 -0.7222 0.45351 -0.40077 -0.76567 0.50312 -0.35547 -0.74801 0.56047 -0.24491 -0.74074 0.62556 -0.19053 -0.7572 0.62478 -0.08456 -0.74171 0.66536 -0.0363 -0.76955 0.63756 -0.3649 -0.93061 -0.02855 -0.2728 -0.96201 -0.01067 -0.22611 -0.97327 -0.04023 -0.01959 -0.99958 -0.02136 -0.02443 -0.99521 -0.0947 -0.10005 -0.94481 -0.31197 -0.08032 -0.93033 -0.35782 -0.28452 -0.80005 -0.52817 -0.22754 -0.91801 -0.32479 -0.25319 -0.79846 -0.54622 -0.15427 -0.93102 -0.33076 -0.17236 -0.93918 -0.29703 -0.87401 -0.42152 0.24172 -0.85425 -0.47575 0.20956 -0.77787 -0.62517 0.06391 -0.76164 -0.64726 0.03104 -0.61463 -0.78796 -0.0366 -0.3869 -0.91586 -0.10728 -0.61456 -0.78164 0.10657 -0.68048 -0.71954 0.13859 -0.80296 -0.4397 0.40239 -0.79499 -0.42334 0.43449 -0.80167 -0.37566 0.46498 -0.72127 -0.64338 0.25658 -0.87427 -0.46385 0.14317 -0.86835 -0.47943 0.12693 -0.23 -0.95848 -0.16858 -0.76472 -0.637 -0.09716 -0.84463 -0.53361 -0.04324 -0.86354 -0.50405 -0.01524 -0.07114 -0.99735 -0.01518 -0.22805 -0.95962 -0.1647 -0.31028 -0.93981 -0.14312 -0.28512 -0.95449 -0.08748 -0.38577 -0.92195 -0.03457 -0.41461 -0.90937 -0.03376 -0.4237 -0.90543 -0.02593 -0.60084 -0.7992 0.0163 -0.64055 -0.76574 0.05783 -0.7883 -0.58658 0.18575 -0.80804 -0.50905 0.29655 -0.8351 -0.4516 0.31411 -0.00785 -0.36558 0.93075 0.034 -0.82946 0.55753 0.82607 -0.04713 0.56159 0.83267 -0.3091 0.45948 -0.62457 -0.59125 0.51023 -0.01506 0.99587 -0.08956 -0.02338 -0.86929 0.49375 -0.03766 -0.99587 -0.08266 -0.04998 -0.93404 0.35367 0.01802 -0.97768 0.2093 0.0151 -0.99266 0.12002 0.003 -0.99698 0.07766 0.0455 -0.8219 0.56781 0.03963 -0.91649 0.3981 0.03492 -0.92691 0.37366 0.03475 -0.93264 0.35914 -0.00526 -0.96009 0.27965 -0.0112 -0.96391 0.266 -0.00091 -0.96201 0.27301 -0.01159 -0.9643 0.26455 -0.01137 -0.96667 0.25577 -0.00624 -0.96902 0.2469 -0.0218 -0.97189 0.23441 -0.02068 -0.97024 0.24126 -0.00813 -0.97996 0.19904 -0.02172 -0.98127 0.19142 -0.01537 -0.98944 0.14415 -0.00313 -0.99058 0.13688 0.00602 -0.9947 0.10268 -0.02678 -0.99001 0.13843 -0.01846 -0.99107 0.13203 -0.00449 -0.99426 0.10688 -0.00557 -0.9955 0.09459 -0.00623 -0.99514 0.09825 -0.00562 -0.99559 0.09361 0.00142 -0.99737 0.07251 -0.01209 -0.99543 0.09474 -0.00224 -0.99659 0.08251 -0.0061 -0.99602 0.08895 0.00173 -0.99638 0.08497 0.0085 -0.99593 0.08971 0.00757 -0.99519 0.09763 0.01214 -0.99489 0.10019 0.01196 -0.99285 0.11877 0.015 -0.99118 0.13168 0.01712 -0.991 0.13275 0.02082 -0.98931 0.14431 0.01594 -0.98846 0.15066 0.0283 -0.98361 0.1781 0.01205 -0.98209 0.18804 0.02628 -0.97942 0.20013 0.03149 -0.97513 0.21938 0.02695 -0.96913 0.24508 0.00748 -0.96572 0.25947 0.00571 -0.96286 0.26995 -0.04453 -0.89415 0.44554 -0.02202 -0.85947 0.51072 -0.00304 -0.99695 0.07796 0.00317 -0.99764 0.06859 0.00116 -0.99696 0.07791 -0.01632 -0.98624 0.16454 -0.00808 -0.98831 0.15222 -0.02384 -0.98066 0.19427 -0.00735 -0.97945 0.20154 -0.01363 -0.98481 0.17309 -0.01024 -0.98499 0.1723 -0.00157 -0.97656 0.21526 -0.02106 -0.9774 0.21035 -0.00743 -0.97145 0.23714 -0.02157 -0.97385 0.22618 -0.03034 -0.9654 0.25899 -0.02897 -0.96679 0.25391 -0.01324 -0.96189 0.27311 -0.01323 -0.96238 0.27139 -0.04723 -0.97128 0.23322 -0.0445 -0.9728 0.22732 -0.03422 -0.98934 0.14156 0.07778 -0.99586 0.04709 0.05609 -0.97259 0.22568 0.00216 -0.95745 0.28861 0.00596 -0.96031 0.27888 0.00689 -0.96026 0.27901 0.0077 -0.96071 0.27744 0.01021 -0.96046 0.27823 0.01348 -0.96256 0.27073 0.00929 -0.96283 0.26995 0.00925 -0.96266 0.27055 0.0075 -0.96519 0.26145 0.01788 -0.96486 0.26214 0.01927 -0.96699 0.25407 0.01227 -0.97025 0.24179 0.0135 -0.97734 0.21123 0.0305 -0.9744 0.22274 0.02581 -0.97237 0.23202 0.02748 -0.97217 0.23267 0.02422 -0.98624 0.16353 0.02564 -0.98509 0.17011 0.00812 -0.98542 0.16994 0.00395 -0.95766 0.28787 -0.0073 -0.95898 0.28339 0.00048 -0.95575 0.29417 -0.07508 -0.97302 0.21816 0.02895 -0.95051 0.30935 0.03257 -0.94013 0.33925 -0.05012 -0.97334 0.22384 0.03889 -0.93814 0.34406 -0.05092 -0.97691 0.2075 0.04148 -0.92981 0.36569 0.04878 -0.91962 0.38978 -0.0523 -0.98115 0.18601 0.04891 -0.89807 0.43712 -0.0434 -0.9839 0.17338 -0.03516 -0.97383 0.22456 0.00834 -0.97827 0.20718 -0.04052 -0.97848 0.20233 0.03403 -0.89634 0.44207 0.04046 -0.88784 0.45838 0.00551 -0.96972 0.24417 -0.03899 -0.99828 0.0438 -0.03382 -0.99614 -0.08101 0.00262 -0.99235 0.12344 0.03065 -0.83731 0.54587 0.00505 -0.99764 -0.06842 -0.00095 -0.95702 0.29003 -0.00409 -0.80406 0.59454 -0.01801 -0.95243 0.30422 -0.01657 -0.97939 0.20128 -0.01731 -0.85883 0.51197 0.02791 -0.99045 0.13498 -0.04451 -0.86182 0.50526 0.047 -0.97785 0.20397 0.02062 -0.99334 0.11332 0.03135 -0.98578 -0.16512 -0.02984 -0.92928 0.36818 -0.03905 -0.92399 0.38042 0.0995 -0.99498 -0.0104 -0.03093 -0.93734 0.34704 -0.04296 -0.93211 0.35963 0.05571 -0.97748 0.20354 0.04985 -0.97495 0.21677 0.00544 -0.9576 0.28805 0.00723 -0.96288 0.26984 -0.03742 -0.99862 -0.03697 -0.16984 -0.96527 0.19851 -0.1099 -0.9626 -0.24764 0.21474 -0.89756 0.38506 0.15128 -0.98257 0.10804 -0.88167 -0.37837 0.28194 -0.90588 -0.34224 0.24952 -0.91187 -0.38512 0.14203 -0.9203 -0.36928 0.12918 -0.92233 -0.38527 0.02963 -0.91905 -0.39229 0.03814 -0.83203 -0.47772 -0.28197 -0.65804 -0.53584 -0.52901 -0.69853 -0.53897 -0.47071 -0.72174 -0.50406 -0.47436 -0.75834 -0.53756 -0.36872 -0.45793 -0.62903 -0.62819 -0.39622 -0.60142 -0.69376 -0.201 -0.63968 -0.7419 -0.29841 -0.65587 -0.69339 -0.31056 -0.63385 -0.70837 -0.39966 -0.61635 -0.67851 -0.20058 -0.64021 -0.74156 -0.11778 -0.61037 -0.78331 -0.077 -0.68126 -0.72798 -0.99802 -0.03154 -0.05442 -0.00575 -0.11088 0.99382 -0.02097 -0.0988 0.99489 -0.12844 -0.10809 0.98581 -0.12234 -0.11351 0.98598 -0.26025 -0.09441 0.96091 -0.28883 -0.12857 0.94871 -0.36259 -0.12156 0.92398 -0.38459 -0.13094 0.91376 -0.52638 -0.12897 0.84041 -0.52939 -0.13044 0.83829 -0.81598 -0.18212 0.54864 -0.83684 -0.188 0.51415 -0.83849 -0.21003 0.50282 -0.87397 -0.24206 0.4214 -0.89989 -0.21214 0.38103 -0.90738 -0.25737 0.3323 -0.93248 -0.23157 0.27722 -0.93185 -0.2764 0.23506 -0.95146 -0.2487 0.18132 -0.94719 -0.29554 0.12446 -0.95633 -0.29161 -0.01983 -0.94272 -0.31032 -0.12239 -0.9313 -0.33964 -0.13163 -0.92663 -0.3081 -0.21549 -0.9064 -0.34958 -0.23712 -0.85969 -0.36509 -0.35726 -0.83252 -0.31843 -0.45333 -0.74182 -0.31923 -0.58975 -0.72023 -0.30212 -0.62449 -0.6807 -0.34622 -0.64559 -0.1722 -0.30023 -0.93819 -0.16132 -0.30559 -0.9384 -0.00783 -0.22929 -0.97333 -0.87612 -0.09652 0.47234 -0.91929 -0.08516 0.38425 -0.9209 -0.13493 0.3657 -0.95725 -0.093 0.27391 -0.95543 -0.14123 0.25924 -0.98115 -0.12956 0.14335 -0.98953 -0.09162 0.1115 -0.9867 -0.15761 0.03969 -0.98059 -0.13038 -0.1464 -0.97065 -0.16735 -0.17271 -0.96302 -0.12173 -0.24036 -0.94955 -0.16321 -0.26779 -0.93644 -0.12347 -0.32837 -0.90831 -0.18795 -0.3737 -0.89434 -0.12024 -0.43092 -0.83759 -0.18046 -0.51562 -0.8419 -0.19978 -0.50128 -0.79776 -0.16425 -0.58017 -0.61809 -0.11668 -0.7774 -0.28639 -0.13226 -0.94894 -0.06265 -0.04021 -0.99723 -0.02641 -0.05848 -0.99794 -0.26047 -0.08658 0.96159 -0.45389 -0.07648 0.88777 -0.51005 -0.09089 0.85533 -0.61816 -0.0935 0.78047 -0.63633 -0.11201 0.76324 -0.67547 -0.11232 0.72878 -0.69039 -0.12892 0.71186 -0.74782 -0.10551 0.65546 -0.76399 -0.13057 0.63188 -0.80043 -0.12561 0.58612 -0.97778 -0.2053 0.04237 -0.96858 -0.24791 -0.01958 -0.9782 -0.20173 -0.0492 -0.89917 -0.27089 -0.34366 -0.55689 -0.24005 -0.79514 -0.54529 -0.24138 -0.80274 -0.51684 -0.1761 -0.83777 -0.43495 -0.23164 -0.87015 -0.39256 -0.14671 -0.90795 -0.33379 -0.21943 -0.91675 -0.20189 -0.18624 -0.96154 -0.04518 -0.22457 0.97341 -0.12852 -0.18184 0.97489 -0.19774 -0.25048 0.94771 -0.25152 -0.23284 0.93943 -0.41698 -0.23317 0.8785 -0.571 -0.24103 0.78477 -0.60488 -0.25822 0.75329 -0.75606 -0.2708 0.59585 -0.77005 -0.31548 0.55452 -0.80729 -0.29882 0.50891 -0.81536 -0.32869 0.47661 -0.846 -0.31172 0.43256 -0.84691 -0.35443 0.39639 -0.8857 -0.31949 0.33685 -0.02775 -0.26203 0.96466 -0.0297 -0.26054 0.96501 -0.1143 -0.31254 0.943 -0.19845 -0.24913 0.94792 -0.2984 -0.27497 0.91398 -0.37666 -0.26714 0.887 -0.46342 -0.28447 0.83923 -0.54093 -0.27409 0.79516 -0.62267 -0.32843 0.71023 -0.6755 -0.29417 0.67614 -0.69117 -0.34115 0.6371 -0.61126 -0.60249 -0.5132 -0.58441 -0.53458 -0.61049 -0.55092 -0.56742 -0.61198 -0.51921 -0.55356 -0.65115 -0.89371 -0.44646 -0.04409 -0.91217 -0.38333 -0.14491 -0.89263 -0.4394 -0.10073 -0.87475 -0.43854 -0.20614 -0.87437 -0.4401 -0.2044 -0.83501 -0.4498 -0.31693 -0.78522 -0.4882 -0.3809 -0.31029 -0.4697 -0.8265 -0.24824 -0.48737 -0.83717 -0.10075 -0.47827 -0.87242 -0.42102 -0.21188 0.88196 -0.57141 -0.22926 0.78799 -0.68238 -0.21259 0.6994 -0.69511 -0.2325 0.68027 -0.73851 -0.22141 0.63685 -0.75766 -0.26003 0.59861 -0.79995 -0.4054 -0.44242 -0.75062 -0.42293 -0.50764 -0.66412 -0.39289 -0.63607 -0.62821 -0.43167 -0.64732 -0.50912 -0.40578 -0.75904 -0.42638 -0.42758 -0.79711 -0.42735 -0.43033 -0.79511 -0.33544 -0.41691 -0.84478 -0.11937 -0.38393 -0.91561 0.00275 -0.62425 -0.78122 0.0889 -0.65478 -0.75057 0.30404 -0.60202 -0.73833 0.27086 -0.63862 -0.72028 0.21779 -0.61886 -0.7547 0.18032 -0.65969 -0.72958 0.11449 -0.63073 -0.76751 0.37997 -0.65282 -0.65532 0.78784 -0.50832 -0.34773 0.8568 -0.4673 -0.21801 0.89643 -0.31606 0.31068 0.88471 -0.36972 0.2839 0.91505 -0.36301 0.17578 0.36088 -0.27261 0.89188 0.0352 -0.32873 -0.94377 0.11451 -0.31138 -0.94336 0.26161 -0.30142 -0.9169 0.31536 -0.31798 -0.89411 0.45576 -0.28551 -0.84307 0.51897 -0.33152 -0.78789 0.81578 -0.35395 -0.4574 0.92677 -0.33209 -0.17553 0.95884 -0.26511 -0.10169 0.94046 -0.33903 -0.02443 0.95933 -0.27824 0.04753 0.9444 -0.27836 0.17502 0.93739 -0.23336 0.25854 0.9206 -0.25425 0.29641 0.91838 -0.22786 0.3235 0.87891 -0.2114 0.42759 0.86467 -0.22761 0.44783 0.84506 -0.18038 0.50332 0.79619 -0.18713 0.57538 0.77106 -0.22105 0.59716 0.70554 -0.1487 0.6929 0.67264 -0.16825 0.72059 0.63354 -0.13645 0.76158 0.59751 -0.14763 0.78815 0.48001 -0.11947 0.86909 0.40064 -0.11695 0.90874 0.36442 -0.13473 0.92144 0.30519 -0.11308 0.94555 0.27305 -0.13059 0.9531 0.19238 -0.12063 0.97388 0.0445 -0.1164 0.9922 0.57018 -0.10549 -0.81472 0.87778 -0.13968 -0.45824 0.89251 -0.18041 -0.41337 0.91459 -0.17136 -0.36629 0.9634 -0.12943 -0.23476 0.97614 -0.17123 -0.13352 0.98037 -0.14828 -0.12995 0.99242 -0.11978 -0.02754 0.98537 -0.16892 0.02256 0.98099 -0.12836 0.14555 0.96542 -0.14841 0.21431 0.93351 -0.10234 0.34364 0.91645 -0.11774 0.38243 0.80504 -0.06081 0.5901 0.74086 -0.06812 0.6682 0.35847 -0.16726 -0.91844 0.44904 -0.25195 -0.85726 0.64173 -0.26117 -0.72109 0.69085 -0.18328 -0.69938 0.72738 -0.27674 -0.62797 0.76879 -0.20987 -0.60409 0.8199 -0.24071 -0.51945 0.82379 -0.25748 -0.50505 0.92409 -0.24729 -0.29139 0.93714 -0.25228 -0.24108 0.97781 -0.20497 0.04331 0.96837 -0.21226 0.13113 0.54406 -0.09258 0.83393 0.49409 -0.10492 0.86306 0.30582 -0.10042 0.94678 0.16453 -0.06627 0.98414 0.11565 -0.05303 0.99187 0.01935 -0.65114 -0.75871 0.43406 -0.56765 -0.69954 0.48826 -0.56024 -0.66913 0.4681 -0.58304 -0.66403 0.54336 -0.57557 -0.61113 0.57928 -0.52431 -0.62413 0.6046 -0.59399 -0.53069 0.69076 -0.51131 -0.51129 0.68764 -0.53683 -0.48884 0.73665 -0.55013 -0.39332 -0.00245 -0.52158 -0.8532 0.77572 -0.48395 -0.40502 0.83944 -0.44603 -0.31048 0.84059 -0.44983 -0.30177 0.85817 -0.43901 -0.26611 0.89679 -0.41635 -0.14977 0.89044 -0.43593 -0.13073 0.89979 -0.4353 -0.02986 0.9271 -0.37457 -0.01388 0.90635 -0.41628 0.07231 0.25051 -0.27309 0.9288 0.25225 -0.27164 0.92875 0.16979 -0.26228 0.94994 0.14439 -0.28328 0.94811 0.05857 -0.268 0.96164 0.06245 -0.26561 0.96206 0.37554 -0.25768 0.89026 0.46406 -0.25721 0.84764 0.47869 -0.24627 0.84274 0.53235 -0.2535 0.80767 0.55633 -0.24371 0.79442 0.59285 -0.27208 0.75796 0.64665 -0.25809 0.7178 0.66237 -0.30045 0.68629 0.75438 -0.27059 0.59807 0.75439 -0.30101 0.58334 0.81782 -0.3258 0.47437 0.84486 -0.2865 0.4518 0.86481 -0.35168 0.35836 0.14937 -0.3774 -0.91392 0.20688 -0.38603 -0.89899 0.34698 -0.42811 -0.83446 0.41506 -0.42154 -0.80625 0.53002 -0.3949 -0.75042 0.59634 -0.44294 -0.66946 0.62694 -0.38224 -0.67885 0.71 -0.41278 -0.57054 0.70933 -0.44947 -0.54298 0.79109 -0.41939 -0.4453 0.84831 -0.37876 -0.37002 0.93137 -0.35035 0.09903 0.92165 -0.35013 0.16724 0.15016 -0.16596 0.97463 0.09055 -0.16706 0.98178 -0.99945 0.00857 -0.03212 -0.092 0.00407 -0.99575 -0.17909 -0.01786 -0.98367 -0.2131 0.02517 -0.97671 -0.28008 -0.01715 -0.95982 -0.61228 -0.02349 -0.79029 -0.6722 -0.00431 -0.74036 -0.97383 0.02989 -0.22529 -0.70186 -0.0235 -0.71193 -0.61524 -0.01738 -0.78815 -0.50053 0.00326 -0.86571 -0.49095 -0.01696 -0.87102 -0.40678 0.00542 -0.91351 -0.38275 -0.02265 -0.92358 -0.316 0.01503 -0.94864 -0.896 0.03246 -0.44288 -0.91811 0.03761 -0.39453 -0.95091 0.03221 -0.30779 -0.98908 0.01993 -0.14602 -0.76121 0.00478 -0.64849 -0.92833 0.02692 -0.37079 -0.95867 0.02286 -0.28362 -0.98327 0.01569 -0.1815 -0.99774 -0.00274 -0.06713 -0.76395 0.00247 -0.64527 -0.83299 0.00743 -0.55324 -0.82602 0.01373 -0.56347 -0.8548 0.0186 -0.51862 -0.88007 0.00648 -0.4748 0.22524 -0.00768 -0.97427 0.21544 0.0022 -0.97651 0.12285 -0.03168 -0.99192 0.01242 -0.01568 -0.9998 0.08514 0.00848 -0.99633 0.99378 -0.00396 -0.11125 0.99658 0.01766 -0.08066 0.32548 0.00241 -0.94555 0.33679 -0.01146 -0.94151 0.44922 -0.00619 -0.8934 0.45121 -0.00305 -0.89241 0.54288 -0.02427 -0.83946 0.55868 -0.04113 -0.82836 0.62299 -0.00132 -0.78223 0.67612 -0.03045 -0.73616 0.9774 0.0243 -0.21001 0.98404 0.01175 -0.17757 0.89235 0.03206 -0.4502 0.93058 0.0315 -0.36472 0.95683 0.01641 -0.2902 0.75494 -0.00525 -0.65577 0.76715 0.00868 -0.6414 0.91649 0.01581 -0.39973 0.69453 -0.00338 -0.71946 0.80285 -0.00399 -0.59617 0.82649 0.01353 -0.56279 0.85567 0.00676 -0.51748 0.85724 0.01004 -0.51482 0.9553 0.01892 -0.29502 0.99933 0.00894 -0.03562 -0.07453 0.00164 0.99722 -0.14191 -0.00378 0.98987 -0.16932 -5E-05 0.98556 -0.21812 -0.00271 0.97592 -0.26552 0.00295 0.9641 -0.31196 -0.00211 0.95009 -0.43434 0.00272 0.90074 -0.46215 -0.00238 0.8868 -0.37782 -0.00223 0.92587 -0.36297 0.0004 0.9318 -0.48211 0.00434 0.8761 -0.53768 -0.00419 0.84314 -0.65034 -0.00848 0.7596 -0.57826 0.0015 0.81585 -0.76033 0.0009 0.64954 -0.70388 0.00362 0.71031 -0.73055 -0.0066 0.68283 -0.62118 0.00513 0.78365 -0.9315 -0.00255 0.36372 -0.74969 -0.00333 0.66178 -0.81317 0.00367 0.58201 -0.84886 -0.00482 0.5286 -0.84649 -0.00312 0.5324 -0.8898 -0.00749 0.45628 -0.87654 0.00021 0.48133 -0.92194 0.00327 0.38731 -0.96956 -0.00201 0.24485 -0.97048 -0.0038 0.24117 -0.95127 0.00693 0.30829 -0.98834 0.00736 0.15211 -0.99703 -0.00577 0.07675 -0.99618 0.00207 0.08734 -0.02068 -0.00426 0.99978 0.02444 0.00213 0.9997 0.09622 -0.00211 0.99536 0.12011 0.00224 0.99276 0.34862 -0.00059 0.93726 0.26783 -0.00059 0.96347 0.26647 -0.00037 0.96384 0.21166 -0.00281 0.97734 0.171 0.00318 0.98527 0.35164 -0.00111 0.93613 0.57288 -0.0022 0.81964 0.49494 0.00147 0.86893 0.47272 -0.00308 0.88121 0.41789 -0.00236 0.90849 0.41238 -0.00136 0.91101 0.57413 -0.00253 0.81876 0.62244 0.00107 0.78267 0.6583 -0.00468 0.75274 0.68836 0.00065 0.72536 0.7549 -0.00779 0.65579 0.73696 0.00142 0.67593 0.81439 -0.00042 0.58032 0.82407 -0.00643 0.56645 0.87779 -0.00052 0.47905 0.88738 -0.00391 0.46103 0.88478 -0.00176 0.46601 0.91121 0.00841 0.41185 0.93513 -0.00961 0.35416 0.94937 0.00441 0.31414 0.95921 -0.0068 0.28261 0.97422 -0.00307 0.2256 0.97546 -0.00455 0.22011 0.99258 0.00274 0.12153 0.99612 -0.00873 0.08756 0.99954 -0.00245 0.03014 0.99935 -0.00191 0.0361 -0.66661 0.45732 -0.58864 -0.43462 0.74864 -0.50064 -0.42709 0.72332 -0.54259 -0.72395 0.49487 -0.48062 0.84176 0.41741 -0.34236 0.72862 0.39522 -0.55939 0.69241 0.49809 -0.52199 0.62118 0.6244 -0.47356 0.91286 0.25801 -0.31642 0.78381 0.42667 -0.45122 0.49898 0.6817 -0.53507 0.09956 0.8413 -0.53133 0.41346 0.69685 -0.58604 0.22378 0.69748 -0.68077 -0.28705 0.64703 0.70636 0.02269 0.73732 0.67517 0.79793 0.53453 0.27852 -0.69621 0.71782 -0.00593 -0.79848 0.568 0.19954 -0.54543 0.83658 -0.05134 -0.6817 0.72616 0.08931 -0.66814 0.72528 0.16604 -0.53738 0.83366 0.1274 -0.65592 0.61609 0.43612 -0.48293 0.8593 0.16847 -0.59202 0.62284 0.51145 -0.38847 0.62662 0.6756 -0.16725 0.82403 0.5413 0.2598 0.81554 0.51711 0.33798 0.8119 0.476 0.42022 0.72639 0.54385 0.37796 0.88144 0.28322 0.51219 0.64565 0.56639 0.65338 0.74951 -0.10645 -0.43147 0.87405 0.22333 -0.36837 0.8645 0.34198 -0.24091 0.94149 0.23572 -0.15881 0.91074 0.38121 -0.07188 0.86003 0.50515 -0.06697 0.88291 0.46474 0.03542 0.90416 0.42573 0.09744 0.86224 0.49703 0.18088 0.86608 0.46603 0.24785 0.87422 0.41751 0.31455 0.88793 0.33562 0.40585 0.90123 0.15186 0.46114 0.85303 0.24433 0.5844 0.73331 0.34746 0.57544 0.7991 0.17406 0.62335 0.76826 0.14567 0.67525 0.7373 0.02076 0.84984 0.52027 -0.08415 0.60208 0.73554 -0.31062 0.49663 0.79053 -0.35837 -0.39832 0.84266 -0.36231 -0.34637 0.88828 -0.30165 0.08601 0.99586 0.02956 0.3268 0.93608 -0.13017 0.35463 0.91462 -0.19421 0.40056 0.85291 -0.33479 -0.01889 0.89657 -0.4425 -0.0236 0.89695 -0.44151 -0.0299 0.90985 -0.41386 -0.03587 0.90538 -0.42309 -0.01557 0.89894 -0.4378 -0.01549 0.90178 -0.43191 -0.0025 0.89829 -0.43939 -0.00294 0.89427 -0.44752 -0.00027 0.89488 -0.44632 -0.00976 0.90449 -0.42638 -0.00172 0.90723 -0.42064 0.00616 0.90144 -0.43286 -0.03799 0.89989 -0.43445 -0.02189 0.88925 -0.4569 -0.00131 0.8787 -0.47738 -0.01215 0.87019 -0.49256 0.01408 0.90432 -0.42662 0.00493 0.89418 -0.44768 -0.02802 0.90018 -0.43462 0.05444 0.87772 -0.47607 0.02276 0.8973 -0.44084 0.00758 0.89579 -0.44441 0.04517 0.89225 -0.44927 0.05088 0.89222 -0.44873 0.01801 0.88902 -0.45751 0.01004 0.89252 -0.45089 0.02497 0.89548 -0.4444 0.02174 0.89172 -0.45206 0.01821 0.89115 -0.45335 0.01823 0.89882 -0.43795 0.0099 0.89577 -0.44441 0.01127 0.89653 -0.44283 -0.0114 0.87782 -0.47885 -0.00879 0.87756 -0.47938 -0.00874 0.87758 -0.47934 -0.03417 0.88363 -0.46694 -0.02535 0.8822 -0.47018 -0.0102 0.87713 -0.48015 -0.00284 0.87902 -0.47677 -0.01107 0.87835 -0.4779 -0.02692 0.89284 -0.44957 -0.02171 0.89058 -0.4543 -0.04603 0.89013 -0.45337 -0.04833 0.89105 -0.45133 -0.04633 0.89061 -0.45241 -0.05597 0.88858 -0.45529 -0.04711 0.88628 -0.46075 -0.03512 0.88496 -0.46434 -0.0161 0.88117 -0.47253 -0.00343 0.87794 -0.47875 0.00359 0.88001 -0.47494 -0.00036 0.87308 -0.48757 0.0072 0.86912 -0.49454 0.01568 0.87271 -0.48798 0.00923 0.87629 -0.48169 0.00763 0.87622 -0.48185 0.00724 0.87866 -0.47739 0.01142 0.87784 -0.47882 0.0452 0.89187 -0.45003 0.02496 0.88783 -0.45949 0.024 0.88555 -0.46393 0.03239 0.88487 -0.46471 0.0318 0.88392 -0.46656 -0.03616 0.88361 -0.46683 -0.022 0.87753 -0.47902 -0.00618 0.87765 -0.47926 -0.00291 0.87926 -0.47632 0.02263 0.8788 -0.47665 0.02909 0.87585 -0.48171 0.0303 0.87648 -0.48048 0.02768 0.87659 -0.48045 0.02886 0.88275 -0.46895 0.02516 0.88125 -0.47199 0.0265 0.88078 -0.47279 0.03136 0.87377 -0.48532 0.01362 0.87429 -0.48521 -0.02208 0.87778 -0.47855 0.02631 0.88368 -0.46736 0.02819 0.88329 -0.46797 -0.01453 0.87941 -0.47583 -0.02531 0.88253 -0.46958 -0.01864 0.8792 -0.47608 -0.00573 0.88459 -0.46633 -0.00745 0.88465 -0.4662 -0.02326 0.88021 -0.47401 -0.02119 0.88125 -0.47217 -0.00823 0.88027 -0.4744 0.06243 0.82304 0.56454 0.16948 0.82261 0.54276 0.18399 0.78646 0.58961 0.27597 0.78537 0.5541 0.32492 0.71721 0.61647 0.38354 0.81718 0.43026 0.44172 0.71249 0.54521 0.44347 0.81993 0.36199 0.54174 0.72076 0.43247 0.59457 0.71179 0.37396 0.58094 0.79102 0.19183 0.68682 0.6576 0.30959 0.63942 0.75443 0.14822 0.7133 0.66707 0.21499 0.65744 0.75067 0.0653 0.79182 0.58616 0.17157 0.74694 0.66486 -0.00574 0.70941 0.69298 -0.1285 0.88186 0.47119 -0.01749 0.77356 0.62419 -0.1095 0.72727 0.64552 -0.23318 0.08412 0.74502 0.66172 0.56537 0.58168 0.58481 0.60839 0.68772 0.3961 0.77179 0.58967 -0.23796 0.82871 0.55628 0.06163 0.76999 0.6278 0.11395 0.8924 0.38846 0.22959 0.11649 -0.54881 0.82779 0.47111 0.41224 0.77981 0.37452 -0.50064 0.78044 0.1539 -0.81121 0.56414 0.31285 -0.76258 0.56621 0.86309 0.47448 0.17307 0.90643 0.4079 -0.1096 0.23013 0.87485 0.42623 0.26273 0.9553 0.13556 -0.01138 0.96785 0.25126 -0.20718 0.8604 0.4656 -0.05872 0.99434 -0.08856 -0.12319 0.66655 0.73521 -0.03744 0.77143 0.63521 -0.37164 -0.00856 0.92834 -0.10073 0.73773 0.66753 -0.01519 0.62366 0.78155 -0.22856 0.70935 0.66677 -0.17099 0.82584 0.53736 -0.2924 -0.57854 0.76145 -0.34264 0.78594 0.51468 -0.24744 0.86778 0.43096 -0.4476 0.83288 0.32553 -0.40033 0.72674 0.5582 -0.34459 0.81857 0.45956 -0.2465 -0.72883 0.63879 -0.39388 0.88476 0.24911 -0.54889 0.72511 0.41586 -0.49438 0.63136 0.59747 -0.52734 0.78295 0.33 -0.20114 -0.80777 0.55411 -0.59556 0.75154 0.28373 -0.47116 0.68093 0.56066 -0.62438 0.68635 0.37293 -0.70605 0.69499 0.13592 -0.59961 0.79599 0.08279 -0.60218 -0.60448 0.52152 -0.71286 0.68555 0.14781 -0.75759 0.64592 0.0941 -0.73206 0.67907 0.05431 -0.70905 0.70068 -0.07937 -0.57609 0.72968 -0.36836 -0.70298 0.68024 -0.20759 -0.85543 0.50607 0.11015 -0.84817 0.50261 -0.16732 -0.79643 0.56938 -0.20372 -0.89556 0.44346 0.03624 -0.79469 0.60413 -0.05917 -0.6214 0.74341 0.24739 -0.69096 0.64756 0.32131 0.80782 0.49715 -0.31664 0.80153 -0.56708 0.18968 0.9904 -0.09814 -0.09731 0.59743 0.16586 -0.78458 0.09615 -0.99076 -0.09561 0.53301 -0.84609 -0.00578 0.65085 0.33373 -0.68192 0.73368 0.37587 -0.56606 0.68577 0.53117 -0.49757 0.78141 0.4783 -0.40078 0.72898 0.38349 -0.56703 0.46547 0.61135 -0.63999 0.80596 0.35217 -0.47583 0.0488 0.52956 -0.84687 0.30779 -0.06588 -0.94917 0.17136 0.6338 -0.75428 0.32825 0.44897 -0.83107 0.33318 0.43765 -0.83513 0.26503 0.64317 -0.7184 0.82587 0.32117 -0.46345 -0.60323 0.66903 -0.43419 -0.02148 0.59905 -0.80043 -0.25645 0.50007 -0.82715 -0.587 -0.8077 -0.05523 -0.2084 -0.94748 -0.24259 -0.63428 0.52074 -0.57141 -0.54754 0.6837 -0.48244 -0.6701 0.60867 -0.42484 -0.7682 0.45411 -0.45127 -0.80191 0.32042 -0.50425 -0.66844 0.55751 -0.49231 -0.5002 0.32522 -0.80252 -0.26143 0.62158 -0.73844 -0.45602 0.40265 -0.79368 -0.41903 0.58329 -0.69583 -0.1771 0.57401 -0.79946 -0.37455 0.28948 -0.88086 -0.6719 0.30787 -0.67362 -0.52926 0.59121 -0.60856 -0.32204 0.40665 -0.85495 0.094 -0.91463 -0.39322 -0.06426 0.67285 -0.73698 -0.28818 -0.36337 -0.88596 -0.77582 0.32328 -0.54185 -0.9202 -0.2845 -0.26889 -0.74291 0.58324 -0.32851 -0.99987 -0.0055 0.01504 -0.99747 0.05081 0.04976 -0.99222 0.01762 0.12323 -0.98958 0.04082 0.13808 -0.97801 0.02608 0.20694 -0.97786 0.02773 0.2074 -0.95602 0.0323 0.29153 -0.95324 0.02481 0.30119 -0.94114 0.03767 0.33592 -0.91218 -0.00911 0.4097 -0.89956 0.03301 0.43555 -0.8692 -0.00406 0.49444 -0.85705 0.02796 0.51448 -0.82119 0.00531 0.57063 -0.81778 0.02168 0.57512 -0.76408 0.02762 0.64453 -0.75762 0.0178 0.65246 -0.70047 0.02181 0.71335 -0.6982 0.02926 0.7153 -0.64815 0.00602 0.76149 -0.63138 0.03313 0.77477 -0.56967 0.00593 0.82185 -0.56865 0.00455 0.82257 -0.503 0.03923 0.8634 -0.45845 -0.0131 0.88862 -0.42054 0.0345 0.90662 -0.35178 0.00578 0.93606 -0.3633 0.02203 0.93141 -0.27162 0.02413 0.9621 -0.26702 0.01742 0.96353 -0.17235 0.02233 0.98478 -0.18114 0.00352 0.98345 -0.11187 0.03376 0.99315 -0.08013 0.0048 0.99677 -0.00854 0.03413 0.99938 -0.01924 0.04433 0.99883 0.00957 0.05469 0.99846 0.07363 -0.00069 0.99729 0.11279 0.03436 0.99303 0.16869 0.00861 0.98563 0.19161 0.03558 0.98083 0.26523 0.03055 0.9637 0.25644 0.05176 0.96517 0.33469 0.01807 0.94216 0.36473 0.04326 0.93011 0.4037 -0.00448 0.91488 0.47709 0.05136 0.87735 0.49164 0.0406 0.86985 0.49305 0.03559 0.86927 0.54784 0.00537 0.83657 0.57997 0.03315 0.81396 0.6243 0.00623 0.78116 0.61951 0.03075 0.78438 0.69424 0.02006 0.71947 0.69409 0.02093 0.71958 0.76082 0.01907 0.64868 0.76095 0.01816 0.64856 0.82215 0.01995 0.56891 0.82276 0.01462 0.5682 0.87395 0.02068 0.48558 0.87526 0.00808 0.48359 0.91481 0.01365 0.40365 0.91502 0.00995 0.40329 0.94865 0.0101 0.31617 0.95567 0.02932 0.29296 0.96485 0.04121 0.25954 0.99927 0.02382 0.02975 0.99837 0.00857 0.05636 0.99324 0.05906 0.09997 0.98521 0.0225 0.16984 0.98694 0.01132 0.16067 0.96817 0.01475 0.24985 0.99973 0.00131 -0.0231 0.99604 0.03659 -0.08103 0.05492 0.03527 -0.99787 0.02704 -0.01826 -0.99947 0.12531 0.03567 -0.99148 0.17721 -0.00529 -0.98416 0.22761 0.04507 -0.97271 0.29559 -0.00133 -0.95532 0.364 0.02232 -0.93113 0.36125 0.01265 -0.93238 0.48191 0.01339 -0.87612 0.48111 0.0107 -0.87659 0.57215 0.01233 -0.82006 0.57525 0.02142 -0.8177 0.64559 -0.00216 -0.76368 0.66624 0.04399 -0.74444 0.72893 0.02595 -0.6841 0.72832 0.02462 -0.68479 0.7871 0.01566 -0.61663 0.78669 0.01397 -0.61719 0.84278 0.02004 -0.53789 0.84143 0.01173 -0.54024 0.86588 0.02233 -0.49976 0.90396 -0.02557 -0.42684 0.91141 0.01854 -0.41109 0.93817 -0.01937 -0.34563 0.95131 0.01595 -0.30783 0.96164 -0.00851 -0.2742 0.97579 0.00818 -0.21858 0.97566 0.00186 -0.21929 0.98565 0.04375 -0.16303 0.98588 0.03373 -0.16403 -0.98901 0.01556 -0.14706 -0.98875 0.02942 -0.14665 -0.97585 0.01662 -0.21779 -0.97271 0.02594 -0.23059 -0.95976 -0.02449 -0.27976 -0.9395 0.02028 -0.34194 -0.92434 -0.03851 -0.37963 -0.91281 -0.0112 -0.40823 -0.8568 0.01877 -0.5153 -0.8701 -0.00644 -0.49283 -0.81098 0.01805 -0.58479 -0.80377 0.00582 -0.59491 -0.77402 0.03469 -0.63221 -0.72045 -0.00584 -0.69348 -0.67745 0.04668 -0.73408 -0.62621 -0.01302 -0.77954 -0.57341 0.03509 -0.81852 -0.53639 -0.00345 -0.84397 -0.48113 0.03213 -0.87606 -0.45048 -0.00619 -0.89277 -0.02747 0.00963 -0.99958 -0.0748 0.02511 -0.99688 -0.08221 0.01787 -0.99645 -0.17605 0.01261 -0.9843 -0.17478 0.01421 -0.9845 -0.27762 0.01218 -0.96061 -0.2592 0.03771 -0.96509 -0.36665 -0.00518 -0.93034 -0.3896 0.02506 -0.92064 -0.99658 0.04325 -0.07045 -0.05174 0.88883 0.45531 -0.12484 0.70268 0.70047 -0.14689 0.91393 0.37835 -0.16632 0.86808 0.46774 -0.28442 0.69175 0.66377 -0.24438 0.9281 0.2809 -0.3657 0.72121 0.58832 -0.36699 0.84655 0.38559 -0.39517 0.798 0.45502 -0.45883 0.79608 0.39462 -0.46373 0.7875 0.40595 -0.53095 0.77941 0.33259 -0.44401 0.87867 0.17548 -0.62829 0.62483 0.46351 -0.54592 0.82578 0.14166 -0.55314 0.81916 0.1517 -0.75141 0.5555 0.35611 -0.53307 0.84569 -0.02532 -0.76183 0.60716 0.22577 -0.76085 0.63322 0.14192 -0.57753 0.8113 -0.09085 -0.82725 0.54683 0.12895 -0.6324 0.76503 -0.12167 -0.42626 0.80521 -0.41223 0.05038 0.92114 -0.38596 0.16143 0.87736 -0.45187 0.61889 0.69782 -0.36057 0.08945 0.9883 -0.12357 0.36508 0.92711 -0.08475 0.64295 0.73298 -0.22217 0.62364 0.76815 -0.14497 0.63952 0.76816 -0.03069 0.52689 0.8381 -0.14134 0.8273 0.43603 0.35419 0.51203 0.85859 -0.02537 0.62594 0.76769 0.13729 0.56919 0.80501 0.16727 0.59463 0.71388 0.36986 0.47758 0.83625 0.26943 0.39231 0.91104 0.12692 0.31764 0.8537 0.41267 0.24911 0.8818 0.40047 0.1491 0.88477 0.44153 0.43612 0.72122 0.53819 0.81203 0.58078 0.05748 0.39262 0.60642 0.69145 0.11563 0.78456 0.60918 0.06107 0.93473 0.35007 0.7688 0.43061 -0.47279 0.84863 0.21255 -0.48441 0.27681 0.75626 -0.59283 0.38932 0.76546 -0.51235 0.44975 0.68108 -0.5778 -0.83163 0.12571 -0.54092 -0.59378 0.48277 -0.64371 -0.32097 0.7713 -0.54962 -0.42604 0.7036 -0.56871 -0.52277 0.6924 -0.49728 -0.8451 0.29013 -0.44904 -0.01286 0.89528 -0.44533 -0.00666 0.87195 -0.48955 -0.00675 0.87193 -0.48959 -0.00821 0.87004 -0.49292 -0.01359 0.8698 -0.49322 0.01235 0.89328 -0.44933 0.00607 0.87765 -0.47926 0.00434 0.87809 -0.47847 0.01072 0.88623 -0.46313 0.00038 0.88737 -0.46106 0.00081 0.8877 -0.46043 0.00112 0.88698 -0.46181 0.0009 0.88687 -0.46203 0.04132 0.94045 -0.3374 -0.01747 0.8986 -0.43842 0.00067 0.87615 -0.48205 0.00242 0.87716 -0.4802 0.00202 0.88552 -0.4646 0.03994 0.86803 -0.4949 0.05529 0.87479 -0.48134 0.00901 0.87762 -0.47928 0.00807 0.87893 -0.47689 0.01323 0.87784 -0.47877 0.01019 0.88087 -0.47325 0.00087 0.88396 -0.46756 0.00584 0.8795 -0.47586 0.00694 0.87721 -0.48006 0.00352 0.88538 -0.46486 0.00095 0.88433 -0.46687 0.00278 0.88457 -0.4664 0.00446 0.87129 -0.49074 0.01238 0.87115 -0.49087 0.00299 0.87909 -0.47664 -0.00042 0.88446 -0.46661 0.00315 0.88113 -0.47286 -0.00108 0.88543 -0.46477 -0.01982 0.87927 -0.47592 0.01297 0.8942 -0.44749 0.00436 0.88614 -0.46339 0.00504 0.88754 -0.4607 0.00105 0.88362 -0.46821 -0.00025 0.88377 -0.46792 -0.04359 0.87302 -0.48573 -0.03366 0.87873 -0.47614 0.02496 0.88394 -0.46692 -0.03573 0.88012 -0.4734 -0.03697 0.87144 -0.48911 -0.00343 0.88025 -0.47449 0.0012 0.88515 -0.4653 0.01643 0.87739 -0.4795 -0.00076 0.89006 -0.45584 -0.02167 0.88619 -0.46281 -0.03248 0.88981 -0.45517 -0.00815 0.88562 -0.46434 -0.00753 0.8859 -0.46381 -0.01273 0.88719 -0.46124 -0.01898 0.87808 -0.47813 0.01132 0.88848 -0.45878 0.01087 0.88712 -0.46142 0.00014 0.88273 -0.46988 0.00012 0.88289 -0.46958 0.00619 0.88214 -0.47095 0.0032 0.88897 -0.45795 0.00093 0.88791 -0.46001 -0.0006 0.88277 -0.4698 -0.00116 0.88572 -0.46422 0.00306 0.8841 -0.46729 0.00151 0.88369 -0.46808 -0.00294 0.88785 -0.46011 -0.0061 0.8868 -0.46212 -0.00536 0.88623 -0.46322 -0.00021 0.88625 -0.46321 0.00092 0.88509 -0.46543 0.00108 0.88506 -0.46548 -0.00991 0.88908 -0.45764 0.03292 0.89023 -0.45432 0.03457 0.89042 -0.45382 0.03713 0.88708 -0.46012 -0.01438 0.88184 -0.47133 -0.00443 0.88282 -0.46969 0.01064 0.88869 -0.45838 0.00816 0.88152 -0.47207 0.00452 0.88253 -0.47023 -0.02198 0.88561 -0.4639 -0.01244 0.88503 -0.46538 -0.03825 0.88056 -0.47239 -0.0436 0.88191 -0.46939 -0.03238 0.88301 -0.46823 -0.0526 0.88282 -0.46675 -0.01127 0.881 -0.47297 -0.01653 0.88022 -0.47428 -0.00208 0.88677 -0.4622 0.00905 0.88678 -0.4621 -0.01566 0.88909 -0.45746 -0.02506 0.88863 -0.45794 -0.00326 0.88729 -0.4612 0.01203 0.88225 -0.47063 0.05886 0.1834 0.98127 0.33626 0.82832 0.44813 0.57548 0.79981 0.17065 0.39659 0.8168 0.419 0.06439 0.36752 0.92779 0.10928 0.82912 0.54828 0.70667 0.5153 0.48486 0.42758 0.87533 0.2258 0.76646 0.63013 -0.1244 0.74417 0.61126 -0.26939 0.69497 0.71236 -0.0978 0.71253 0.68867 0.13431 0.70677 0.70721 0.01793 0.77415 0.49 0.40074 0.69701 0.66963 0.25647 0.46723 -0.88014 -0.0839 0.88981 0.34543 -0.29819 0.78222 0.33595 -0.52466 0.29418 0.80019 -0.52264 0.73642 0.59383 -0.32411 0.44752 0.65087 -0.61327 0.70869 -0.28452 -0.64561 0.46224 0.55213 -0.69389 0.62871 -0.67997 0.3773 0.26143 0.06977 0.9627 0.58864 0.7037 0.39788 0.65854 0.44242 0.60876 0.97556 0.03114 0.21751 0.55656 0.76882 -0.31487 0.63906 -0.73505 0.2265 0.4808 0.73482 -0.4784 0.80461 -0.45844 -0.37741 0.23468 0.75553 0.61164 0.29717 0.63105 0.71656 0.42764 0.57714 0.69572 0.53388 0.5812 0.61414 0.76244 0.60773 0.22213 0.76207 0.64105 0.09113 0.92368 0.29763 0.24132 -0.01115 0.91187 -0.41032 -0.65274 -0.05093 -0.75587 -0.43606 0.55826 -0.70583 -0.61591 0.62819 -0.47542 -0.97988 0.06102 -0.19003 -0.21513 0.80057 -0.5593 -0.90265 0.39907 0.16116 -0.62593 0.77444 -0.09197 -0.79763 0.37252 0.47435 -0.71861 0.44017 0.53838 -0.3487 0.81754 0.4583 -0.24299 0.84843 0.47023 -0.68202 0.71657 -0.14621 -0.57142 0.78234 0.24782 -0.39369 0.84341 0.3656 -0.14322 0.93051 0.33709 -0.50486 0.68884 0.52021 -0.62943 0.74874 0.20785 -0.64787 0.75494 0.10169 -0.79556 0.57301 -0.19683 -0.6918 0.68784 -0.21974 -0.84543 0.47786 -0.23854 -0.60182 0.58703 0.54149 -0.03199 0.46827 0.883 -0.42362 -0.89796 0.1192 -0.23472 -0.96599 0.1085 -0.10825 -0.99152 0.07186 -0.2577 0.41203 0.87397 -0.00897 0.97659 0.2149 -0.07965 0.92624 0.36841 -0.12787 0.73617 0.6646 -0.43294 0.40416 0.80574 -0.87966 0.13745 0.45532 -0.95191 0.00777 -0.30629 -0.98954 0.02877 0.14135 -0.95957 0.24553 0.13762 -0.47499 0.78829 0.39113 -0.57133 0.70236 0.42458 -0.77735 0.60562 0.17017 -0.83907 -0.53297 -0.10916 -0.00054 0.89075 -0.4545 -0.00208 0.88157 -0.47204 -5E-05 0.88333 -0.46876 0.0276 0.89328 -0.44865 -0.00193 0.88437 -0.46679 -0.01566 0.86955 -0.4936 0.00913 0.89237 -0.45122 -0.00306 0.88275 -0.46983 -0.00508 0.88161 -0.47195 -0.00573 0.87983 -0.47526 -0.0046 0.88041 -0.4742 -0.01219 0.87902 -0.47664 -0.00186 0.88235 -0.47059 -0.00128 0.86647 -0.49924 -0.00329 0.88016 -0.47467 0.01898 0.90801 -0.41853 -0.00927 0.87759 -0.47932 -0.00051 0.88394 -0.4676 0.02959 0.843 -0.5371 -0.00073 0.8842 -0.46711 0.00462 0.88709 -0.46157 0.00287 0.88563 -0.46437 0.00011 0.88438 -0.46677 0.00781 0.88736 -0.46102 0.02827 0.89013 -0.45483 0.0021 0.86897 -0.49485 -0.00267 0.89376 -0.44854 -0.00557 0.87267 -0.48829 0.00897 0.90473 -0.4259 -0.00718 0.87379 -0.48624 -0.01368 0.8801 -0.47459 0.03932 0.89073 -0.45283 0.00218 0.8832 -0.46899 0.00398 0.88004 -0.47488 -0.00104 0.8839 -0.46767 0.00318 0.88547 -0.46468 -0.00048 0.88183 -0.47157 0.00297 0.88434 -0.46684 -0.00052 0.89098 -0.45404 -0.00174 0.88432 -0.46688 -0.00696 0.89455 -0.44691 -0.00172 0.88242 -0.47047 0.00149 0.8856 -0.46444 0.00539 0.88623 -0.46322 -0.0084 0.88176 -0.47162 0.03636 0.91452 -0.40291 -0.01202 0.87209 -0.4892 0.00795 0.86285 -0.5054 -0.00445 0.88615 -0.46337 0.00991 0.86392 -0.50353 0.01549 0.88862 -0.45839 -0.00094 0.88445 -0.46663 0.00675 0.88672 -0.46227 0.00149 0.88021 -0.47458 -0.03302 0.87683 -0.47966 0.07287 0.98635 -0.14765 0.01481 0.90223 -0.43099 0.00376 0.88205 -0.47115 0.11012 0.82459 0.55491 0.00207 0.83104 -0.55621 0.78633 -0.02226 0.6174 0.73123 0.03907 0.68102 0.08245 -0.04305 0.99566 -0.08245 0.04305 0.99566 -0.73123 -0.03907 0.68102 -0.78633 0.02226 0.6174 -0.95011 -0.02226 -0.31112 -0.93236 0.01643 -0.36115 -0.41844 -0.01408 -0.90814 -0.37111 0.0162 -0.92845 0.37111 -0.0162 -0.92845 0.41844 0.01408 -0.90814 0.93236 -0.01643 -0.36115 0.95011 0.02226 -0.31112 0.84912 0.02026 0.52782 0.81658 -0.02365 0.57675 0.00051 0.00112 1 -0.05159 0.03908 0.9979 -0.75178 -0.0495 0.65756 -0.81634 0.019 0.57726 -0.99291 0.04009 -0.11194 -0.91122 -0.11869 -0.39446 -0.68767 0.0632 -0.72326 -0.06205 -0.01776 -0.99792 0.05908 -0.09916 -0.99332 0.59202 0.08094 -0.80185 0.93646 -0.06948 -0.34381 0.9721 -0.00215 -0.23455 0.85091 0.01734 0.52503 0.81632 -0.02054 0.57724 0.05163 0.00421 0.99866 0.05985 -0.00291 0.9982 -0.81658 0.02365 0.57675 -0.84912 -0.02026 0.52782 -0.9721 0.00215 -0.23455 -0.93646 0.06948 -0.34381 -0.59202 -0.08094 -0.80185 -0.15295 0.07051 -0.98572 0.06204 -0.0286 -0.99766 0.61843 0.03161 -0.7852 0.68894 -0.01795 -0.72459 0.9937 0.00214 -0.11203 0.99241 -0.00428 -0.12287 0.56995 -0.0132 -0.82157 0.59563 -0.0101 -0.80319 0.20733 -0.01532 -0.97815 0.33628 -0.00223 -0.94176 -0.06587 -0.01702 -0.99768 0.0756 -0.00564 -0.99712 -0.28668 0.00149 -0.95803 -0.49849 -0.00538 -0.86688 -0.43874 -0.00897 -0.89857 -0.58619 -0.01439 -0.81005 -0.75228 -0.002 -0.65885 -0.81544 -0.01344 -0.57869 -0.90093 -0.00338 -0.43394 -0.91746 -0.00749 -0.39775 -0.99787 -0.00978 -0.06452 -0.98866 0.00139 -0.1502 -0.99539 -0.00258 0.09587 -0.96567 -0.01083 0.25955 -0.94559 -0.02591 0.32434 -0.83151 -0.01272 0.55536 -0.70072 -0.00917 0.71338 -0.80502 -0.01983 0.59291 -0.56405 -0.01833 0.82553 -0.57309 -0.01589 0.81934 -0.30003 -0.01365 0.95383 -0.2373 -0.01935 0.97124 -0.2354 -0.01981 0.9717 0.0756 -0.02158 0.9969 0.03103 -0.01576 0.99939 0.18995 -0.00881 0.98175 0.40745 -0.01841 0.91304 0.41722 -0.01561 0.90867 0.62366 0.00768 0.78166 0.79973 -0.0116 0.60025 0.78775 -0.01453 0.61582 0.88481 -0.01278 0.46578 0.93544 0.00222 0.35347 0.99486 -0.00387 0.10121 0.99126 -0.00776 0.13172 0.98702 -0.00837 -0.16041 0.9881 -0.00937 -0.1535 0.90045 -0.01176 -0.4348 0.92027 -0.0054 -0.39126 0.67385 -0.01079 -0.73879 0.73555 -0.00164 -0.67747 -0.30739 -0.02574 0.95124 -0.04274 -0.02556 0.99876 -0.0651 0.01587 0.99775 -0.1685 -0.0457 0.98464 -0.20389 0.02774 0.9786 -0.40729 -0.04341 0.91227 -0.33536 0.02562 0.94174 -0.47135 0.04417 0.88084 -0.52124 -0.05807 0.85143 -0.59533 0.04093 0.80244 -0.64794 -0.05266 0.75986 -0.67132 -0.00381 0.74116 -0.73642 0.01809 0.67628 -0.75428 -0.04677 0.65489 -0.82282 0.03032 0.5675 -0.8339 -0.02504 0.55134 -0.88879 -0.0241 0.45768 -0.88525 -0.03737 0.46362 -0.92717 0.02227 0.37399 -0.94091 -0.06969 0.3314 -0.96311 0.01203 0.26886 -0.98187 -0.04048 0.18519 -0.98497 -0.01644 0.17192 -0.99734 0.00761 0.07251 -0.99673 -0.06657 0.04581 -0.99708 0.04205 -0.0638 -0.99452 -0.04672 -0.09356 -0.98054 -0.01172 -0.19596 -0.98007 -0.00664 -0.19852 -0.95592 -0.01191 -0.29339 -0.95471 -0.02102 -0.2968 -0.9293 -0.01185 -0.36913 -0.92426 -0.03951 -0.37971 -0.89551 -0.01533 -0.44478 -0.88149 -0.05919 -0.46848 -0.85792 -0.00244 -0.51378 -0.82113 -0.06269 -0.56729 -0.68804 -0.10003 -0.71875 -0.67193 -0.0371 -0.73969 -0.74575 -0.01687 -0.66602 -0.76138 -0.06095 -0.64544 -0.80537 -0.02266 -0.59234 -0.61345 0.00224 -0.78973 -0.3373 -0.05079 -0.94003 -0.38544 -0.00839 -0.9227 -0.42383 -0.06121 -0.90367 -0.46444 -0.01435 -0.88549 -0.50379 -0.05888 -0.86182 -0.54165 -0.00651 -0.84058 -0.58203 -0.05134 -0.81155 -0.30317 -0.00241 -0.95293 -0.23737 -0.05134 -0.97006 -0.21787 -0.01862 -0.9758 -0.14792 -0.04785 -0.98784 -0.13216 -0.01774 -0.99107 -0.04358 -0.03139 -0.99856 -0.04315 -0.03237 -0.99854 0.0449 -0.03207 -0.99848 0.04735 -0.03727 -0.99818 0.13246 -0.04576 -0.99013 0.14099 -0.02296 -0.98974 0.21939 -0.00505 -0.97562 0.38646 -0.00992 -0.92225 0.30378 -0.07102 -0.95009 0.32487 -0.00351 -0.94575 0.2463 -0.04928 -0.96794 0.41835 -0.05569 -0.90658 0.5048 -0.06034 -0.86113 0.46489 -0.00758 -0.88534 0.54135 -0.00602 -0.84078 0.58806 -0.05259 -0.8071 0.61492 -0.00271 -0.78858 0.67241 -0.07139 -0.73673 0.69103 -0.01265 -0.72271 0.82126 -1E-05 -0.57056 0.76454 -0.06248 -0.64154 0.76646 -0.05329 -0.64008 0.84718 -0.07328 -0.52622 0.87002 -0.0329 -0.49191 0.88116 -0.05457 -0.46965 0.90802 -0.00603 -0.41889 0.9819 -0.01427 -0.18886 0.9257 -0.05187 -0.37468 0.9381 0.00453 -0.34633 0.96309 -0.03394 -0.26705 0.96402 -0.02735 -0.26442 0.98289 -0.00067 -0.1842 0.99542 -0.04721 -0.08313 0.99773 0.03112 -0.05968 0.99604 -0.06888 0.05625 0.99643 0.01312 0.08334 0.98218 -0.01288 0.18753 0.97984 -0.03143 0.19729 0.95938 -0.02611 0.28091 0.8483 0.04272 0.52779 0.95657 -0.00031 0.29151 0.91556 -0.03363 0.40078 0.91328 -0.0432 0.40504 0.85702 -0.02732 0.51455 0.7873 -0.01631 0.61636 0.77119 0.04462 0.63503 0.69924 -0.06542 0.71189 0.52781 0.04267 0.84829 0.58339 -0.05779 0.81014 0.65141 0.06518 0.75592 0.45591 -0.05306 0.88844 0.42017 0.02126 0.9072 0.31552 -0.01424 0.94881 0.33395 -0.07044 0.93996 0.24885 0.00994 0.96849 0.18564 -0.02166 0.98238 0.16387 0.01674 0.98634 0.08023 -0.034 0.9962 0.04911 0.01661 0.99866 -0.6084 -0.03653 -0.79279 -0.53949 -0.00842 -0.84195 -0.72691 -0.01717 -0.68652 -0.81876 -0.03365 -0.57315 -0.8267 -0.02896 -0.5619 -0.98674 -0.01773 -0.16134 -0.96514 -0.04478 -0.25787 -0.93348 -0.02174 -0.35797 -0.99746 -0.00333 0.07108 -0.95357 -0.00388 0.30114 -0.97942 -0.02027 0.2008 -0.9127 -0.01077 0.40849 -0.82189 0.00357 0.56964 -0.73733 -0.00721 0.67549 -0.55402 -0.00785 0.83246 -0.61004 -0.00365 0.79237 -0.45656 -0.00342 0.88969 -0.33149 -0.00808 0.94342 -0.21591 0.00053 0.97641 0.03848 -0.00584 0.99924 0.15315 -0.00182 0.9882 0.1867 -0.00421 0.98241 0.51208 -0.00467 0.85892 0.56423 0.00139 0.82562 0.72534 -0.00339 0.68838 0.74714 -0.00117 0.66467 0.88425 -0.00227 0.46702 0.99156 -0.00673 -0.1295 0.99995 0.00161 -0.00974 0.97522 -0.00677 0.22112 0.91977 0.00189 0.39245 0.90023 -0.01131 -0.43526 0.95217 -0.00326 -0.30555 0.78214 -0.00619 -0.62308 0.79873 -0.00421 -0.60168 0.42804 -0.01332 -0.90366 0.55561 0.00167 -0.83144 0.35684 -0.00739 -0.93414 0.11129 -0.00811 -0.99376 0.10382 -0.00952 -0.99455 -0.19925 -0.00307 -0.97994 -0.42498 0.00534 -0.90519 -0.25746 -0.01498 -0.96617 -0.83828 -0.00215 0.54524 0.94806 -0.0322 -0.31645 0.9635 -0.01846 -0.26709 0.67847 -0.03407 -0.73384 0.71233 -0.02098 -0.70153 0.89789 -0.02233 -0.43965 0.88531 -0.03224 -0.46388 0.45046 -0.03564 -0.89209 0.59145 -0.02215 -0.80604 0.37855 -0.00909 -0.92554 0.06209 -0.01726 -0.99792 0.25014 -0.00093 -0.96821 -0.04035 -0.00816 -0.99915 -0.11878 -0.01403 -0.99282 -0.08769 -0.01724 -0.996 -0.42631 0.00078 -0.90458 -0.55721 -0.01208 -0.83029 -0.67376 -0.00108 -0.73895 -0.80392 -0.00948 -0.59467 -0.89732 0.00292 -0.44136 -0.96246 -0.00707 -0.27133 -0.99628 -0.00689 -0.08587 -0.99893 -0.0033 -0.04615 -0.96556 -0.00566 0.26013 -0.96489 -0.00586 0.2626 -0.79704 -0.00733 0.60388 -0.64889 -0.00191 0.76088 -0.41843 0.00304 0.90824 -0.54304 -0.00642 0.83968 -0.05404 -0.00642 0.99852 -0.086 -0.00174 0.99629 0.28778 -0.00895 0.95765 0.21689 -0.00111 0.97619 0.6939 -0.01188 0.71997 0.55312 -0.0052 0.83309 0.52924 -0.00152 0.84847 0.80239 0.00057 0.59679 0.8986 -0.01829 0.43838 0.99834 -0.00883 -0.0569 0.99791 -0.0254 0.05933 0.99158 -0.01003 0.12913 0.93076 -0.0093 0.36551 0.12831 -0.99166 0.01239 0.59024 -0.61059 0.52801 0.33155 -0.70273 0.62948 0.15956 -0.90455 -0.39539 0.40981 -0.87027 -0.27328 0.46906 -0.876 0.1123 -0.07376 -0.99523 0.06391 -0.0919 -0.8735 0.47808 -0.81025 -0.5725 0.12547 -0.49022 -0.80533 0.33337 0.20293 -0.63218 0.74777 0.34167 -0.71462 0.61039 0.76457 -0.62505 0.15729 0.29722 -0.93594 0.18888 0.34503 -0.9165 0.20242 0.14355 -0.88875 -0.43534 0.37973 -0.88038 -0.28415 0.45955 -0.88783 -0.02373 0.17369 -0.88408 0.43386 0 0 -1 -0 1E-05 -1 -3E-05 -0 -1 -0 -0 -1 -4E-05 -0 -1 2E-05 2E-05 -1 -0 1E-05 -1 -1E-05 0 -1 0 -1E-05 -1 6E-05 1E-05 -1 0 1E-05 -1 0 -1E-05 -1 3E-05 1E-05 -1 -3E-05 -1E-05 -1 -0 -0 -1 2E-05 -2E-05 -1 -2E-05 2E-05 -1 -6E-05 1E-05 -1 -0 -0 -1 2E-05 -1E-05 -1 -2E-05 1E-05 -1 0.00011 0.00024 -1 1E-05 0 -1 0 3E-05 -1 0 -0 -1 4E-05 -0.00031 -1 7E-05 7E-05 -1 -2E-05 4E-05 -1 2E-05 -4E-05 -1 4E-05 -2E-05 -1 3E-05 -3E-05 -1 1E-05 1E-05 -1 -1E-05 -1E-05 -1 0 1E-05 -1 -2E-05 -2E-05 -1 1E-05 3E-05 -1 -1E-05 0 -1 -2E-05 -3E-05 -1 -1E-05 0 -1 -9E-05 0.00027 -1 -7E-05 -0 -1 -0.00014 0.00046 -1 -0.0001 -0.00056 -1 0.33567 0.15984 -0.92832 0.16777 0.15271 -0.97393 0.73805 0.62854 -0.2454 0.93052 0.05943 -0.36138 0.91073 0.05504 -0.40932 0.99887 -0.00083 -0.04762 0.99935 0.00105 -0.03602 0.98995 0.00588 -0.14131 0.98765 -0.03415 -0.1529 0.99517 -0.00272 -0.09815 0.92033 0.11383 -0.37422 0.98053 -0.01095 -0.19605 0.98765 0.08124 -0.134 0.99126 0.00934 -0.1316 0.97311 0.11951 -0.19692 0.97508 0.12224 -0.18515 0.94824 0.17524 -0.26484 0.9254 0.25374 -0.2815 0.75794 0.46911 -0.45328 0.7498 0.48861 -0.44616 0.8107 0.47626 -0.34049 0.8668 0.40122 -0.2961 0.88922 0.40929 -0.20438 0.74627 0.63894 -0.18666 0.72597 0.66879 -0.16027 0.8268 0.54933 -0.12097 0.86247 0.48045 -0.15913 0.82622 0.54987 -0.1225 0.78855 0.56167 -0.25042 0.80677 0.582 -0.10203 0.83867 0.376 -0.39403 0.89082 0.33765 -0.30403 0.92422 0.25426 -0.28489 0.76656 0.52826 -0.36513 0.85352 0.4516 -0.25991 0.91549 0.34984 -0.19871 0.94574 0.28508 -0.15592 0.99025 0.11594 -0.07719 0.93816 0.34236 -0.05145 0.94988 0.30648 -0.06162 0.96921 0.21759 -0.11527 0.98298 0.18186 -0.02583 0.94794 0.31841 -0.0053 0.92505 0.3671 -0.09755 0.98357 0.17999 0.01405 0.9907 0.13302 -0.02867 0.98763 0.1555 -0.02027 0.97293 0.20275 -0.1109 0.8973 0.43249 -0.08834 0.88679 0.44962 -0.107 0.29858 0.56717 -0.76757 0.28417 0.547 -0.78743 0.66188 0.5101 -0.54928 0.05463 0.78971 -0.61104 0.08841 0.70692 -0.70175 0.01891 0.92708 -0.37438 0.11868 0.95304 -0.27861 0.16364 0.52022 -0.83821 0.29024 0.74481 -0.60085 0.18177 0.55624 -0.8109 0.31198 0.78089 -0.54118 0.0374 0.96576 -0.25672 0.14789 0.89932 -0.41153 0.04289 0.99314 -0.10876 0.25084 0.88277 -0.39723 0.20388 0.93839 -0.27904 0.30298 0.91305 -0.27302 0.34054 0.86878 -0.35952 0.43507 0.58654 -0.68315 0.02072 0.53048 -0.84745 0.18338 0.77726 -0.60186 0.18792 0.76317 -0.61828 0.60791 0.60272 -0.5169 0.60075 0.61457 -0.51128 0.62648 0.66426 -0.40778 0.60009 0.75396 -0.26728 0.60617 0.75743 -0.2426 0.58175 0.79955 -0.14929 0.49808 0.5889 -0.63648 0.5419 0.65173 -0.53066 0.50661 0.73496 -0.45075 0.52707 0.81169 -0.25171 0.50431 0.81197 -0.2939 0.03675 0.76079 -0.64796 0.12148 0.03278 -0.99205 0.04547 0.09145 -0.99477 0.27491 0.01911 -0.96128 0.0451 0.09052 -0.99487 0.01556 0.27528 -0.96124 0.09698 0.38132 -0.91934 0.18649 0.08811 -0.9785 0.95213 0.01836 -0.30514 0.94778 0.02676 -0.31782 0.92019 -0.00846 -0.39138 0.87695 0.00942 -0.48049 0.86044 0.04461 -0.5076 0.84692 0.0194 -0.53136 0.78854 0.00921 -0.61492 0.74224 0.05996 -0.66744 0.72653 0.03643 -0.68617 0.63049 0.01463 -0.77606 0.59472 0.10337 -0.79726 0.55668 0.00172 -0.83072 0.44531 0.00369 -0.89537 0.86286 -0.03842 -0.50398 0.67233 0.17964 -0.71813 0.60589 0.13789 -0.78351 0.56059 0.1899 -0.80603 0.51026 0.15327 -0.84625 0.4872 0.2036 -0.84922 0.3654 0.09486 -0.926 0.96884 0.00249 -0.24768 0.95364 0.01958 -0.30032 0.88006 0.12373 -0.45846 0.79945 0.14068 -0.58403 0.82529 0.16524 -0.54 0.73629 0.20238 -0.64569 0.724 0.19513 -0.66163 0.64502 0.24778 -0.72288 0.5308 0.33057 -0.78037 0.40248 0.34707 -0.84709 0.41778 0.38519 -0.82286 0.29328 0.36962 -0.88168 0.27593 0.39149 -0.87784 0.17795 0.36033 -0.91569 0.66705 0.26343 -0.69689 0.61114 0.3511 -0.70939 0.52656 0.3469 -0.77614 0.86141 0.10078 -0.49781 0.19154 0.33582 -0.92225 0.98311 -0.00095 -0.18302 0.97513 0.01806 -0.22088 0.96341 0.03121 -0.26621 0.94739 0.08708 -0.30801 0.93387 0.12347 -0.33562 0.87582 0.19561 -0.44121 0.88498 0.19875 -0.42108 0.81986 0.26385 -0.50814 0.75709 0.36501 -0.54184 0.72316 0.34773 -0.59676 0.65017 0.38962 -0.65228 0.55715 0.49448 -0.66714 0.5146 0.46137 -0.72272 0.40053 0.50072 -0.76737 0.04837 0.4014 -0.91463 0.96835 0.24328 -0.05577 0.96888 0.24733 0.00945 0.98057 0.19597 0.00869 0.98943 0.0429 -0.13853 0.97274 0.20265 -0.11273 0.94381 0.29126 -0.15616 0.68628 0.62105 -0.37858 0.65207 0.69757 -0.29701 0.68472 0.72472 -0.07707 0.85685 0.31252 -0.41004 0.78904 0.32445 -0.52168 0.67593 0.46977 -0.56783 0.56464 0.47652 -0.67388 0.39754 0.67747 -0.61887 0.42524 0.72476 -0.54211 0.41661 0.85775 -0.30116 0.42688 0.86434 -0.26589 -0.58149 0.5064 -0.63674 -0.20396 0.54305 -0.81455 -0.98778 0.1528 -0.03078 -0.9891 0.08375 -0.12109 -0.97173 0.14232 -0.18836 -0.84858 0.50572 -0.15545 -0.8381 0.37828 -0.39305 -0.98043 0.00915 -0.19664 -0.99938 0.00144 -0.03505 -0.9433 0.02839 -0.33071 -0.94725 0.01853 -0.31995 -0.89045 0.00443 -0.45507 -0.99504 -0.00445 -0.09938 -0.99038 0.00129 -0.13839 -0.98965 0.00321 -0.14345 -0.96691 0.00045 -0.25511 -0.97121 0.01054 -0.23798 -0.9502 0.03566 -0.30959 -0.94029 0.05862 -0.33528 -0.99522 0.00682 -0.09739 -0.982 -0.01633 -0.18819 -0.96668 0.03073 -0.25415 -0.92393 0.07141 -0.37584 -0.88195 0.15361 -0.44561 -0.82412 0.25591 -0.50532 -0.89297 0.16229 -0.41983 -0.99154 -0.00362 -0.12973 -0.83776 0.20971 -0.50416 -0.90595 0.02512 -0.42264 -0.87964 0.08448 -0.46808 -0.8195 0.11676 -0.56105 -0.87565 0.38884 -0.28645 -0.7286 0.49966 -0.46849 -0.81775 0.37449 -0.43709 -0.92272 0.34609 -0.16976 -0.68896 0.69642 -0.20086 -0.77521 0.59378 -0.21557 -0.73545 0.65337 -0.17948 -0.8465 0.51003 -0.15267 -0.85374 0.51236 -0.09276 -0.84304 0.5323 -0.07712 -0.8374 0.51817 -0.17396 -0.78292 0.61152 -0.11438 -0.98064 0.18101 -0.07474 -0.96647 0.23778 -0.09696 -0.97658 0.18868 -0.10337 -0.98909 0.14372 -0.03237 -0.89069 0.29002 -0.35009 -0.87105 0.3749 -0.31736 -0.92089 0.29275 -0.2574 -0.91066 0.32775 -0.25156 -0.97162 0.23155 -0.0484 -0.9454 0.3163 -0.0786 -0.92279 0.37881 -0.07048 -0.9438 0.32951 -0.02588 -0.97908 0.20334 -0.00707 -0.96643 0.25678 0.00842 -0.92192 0.37929 -0.07879 -0.9819 0.18906 0.01118 -0.98604 0.16546 0.01876 -0.95833 0.23499 -0.16243 -0.94664 0.27211 -0.1727 -0.74264 0.55934 -0.36827 -0.72299 0.59278 -0.35483 -0.7981 0.5153 -0.31226 -0.79756 0.51639 -0.31184 -0.84598 0.47607 -0.24016 -0.89852 0.42498 -0.10978 -0.89447 0.434 -0.10755 -0.88785 0.45832 -0.0408 -0.29791 0.68919 -0.6605 -0.30042 0.68434 -0.66439 -0.27306 0.54098 -0.79548 -0.51431 0.60499 -0.60784 -0.04919 0.76981 -0.63637 -0.00451 0.89174 -0.45253 -0.04605 0.98209 -0.18271 -0.09384 0.50418 -0.85848 -0.07798 0.81235 -0.57793 -0.12051 0.8767 -0.4657 0.00393 0.61942 -0.78505 -0.17422 0.9677 -0.18222 -0.16388 0.69918 -0.69591 -0.28288 0.9088 -0.30669 -0.20227 0.77101 -0.60385 -0.25718 0.88834 -0.3804 -0.51489 0.60619 -0.60615 -0.46113 0.70418 -0.5399 -0.5008 0.80192 -0.32576 -0.38262 0.69434 -0.60951 -0.38347 0.84954 -0.36225 -0.41804 0.64392 -0.64079 -0.41188 0.81532 -0.40695 -0.3851 0.85071 -0.35776 -0.59089 0.63798 -0.49379 -0.54372 0.7105 -0.44672 -0.57153 0.78665 -0.23351 -0.64166 0.64241 -0.41903 -0.65292 0.64321 -0.39997 -0.6258 0.75413 -0.19918 -0.58314 0.77497 -0.24366 -0.49054 0.81358 -0.31219 -0.39593 0.81255 -0.42779 -0.05321 0.23737 -0.96996 -0.07811 0.07416 -0.99418 -0.30174 0.05432 -0.95184 -0.26213 0.18252 -0.94762 -0.20306 0.00273 -0.97916 -0.43828 0.03811 -0.89803 -0.39496 0.20991 -0.89439 -0.48405 0.0422 -0.87402 -0.57676 0.0321 -0.81628 -0.59093 0.08599 -0.80213 -0.6799 -0.0127 -0.73319 -0.73941 0.06684 -0.66993 -0.763 0.0208 -0.64606 -0.82127 -0.0008 -0.57054 -0.85861 0.04094 -0.51098 -0.55928 0.20132 -0.80416 -0.69674 0.08051 -0.71279 -0.5848 0.25614 -0.76968 -0.46145 0.35973 -0.81096 -0.55297 0.41908 -0.72013 -0.55122 0.41327 -0.72482 -0.09339 0.37656 -0.92167 -0.208 0.32576 -0.92229 -0.16471 0.42004 -0.89243 -0.3036 0.40266 -0.86353 -0.31526 0.38772 -0.86619 -0.40755 0.35073 -0.84314 -0.42093 0.32791 -0.84575 -0.65638 0.3267 -0.68003 -0.66632 0.3002 -0.68256 -0.73933 0.30059 -0.60253 -0.13265 0.02516 -0.99084 -0.65115 0.24961 -0.71672 -0.72703 0.13026 -0.67413 -0.76986 0.15088 -0.62012 -0.8281 0.09213 -0.55295 -0.98865 0.09071 -0.11972 -0.97897 0.04104 -0.19982 -0.96455 0.11875 -0.23569 -0.94478 0.14424 -0.29424 -0.92708 0.19552 -0.31983 -0.90678 0.21008 -0.36554 -0.87663 0.26859 -0.39921 -0.75096 0.26965 -0.60278 -0.87503 0.00987 -0.48397 -0.67108 0.70787 -0.22039 -0.77416 0.34979 -0.52757 -0.66672 0.47293 -0.57604 -0.65995 0.48695 -0.57214 -0.40349 0.54959 -0.73154 -0.40849 0.53796 -0.73738 -0.06361 0.32897 -0.94219 -0.00959 0.38919 -0.92111 -0.03837 0.11334 -0.99282 0.06447 -0.08052 -0.99467 0.85549 0.01068 -0.51771 0.92389 0.01507 -0.38237 0.98045 -0.04095 -0.19246 0.98862 -0.09364 -0.11778 0.9831 -0.17921 -0.03737 0.15345 -0.8832 -0.44318 0.03448 -0.99701 -0.06914 0.03977 -0.81285 -0.58112 0.02626 -0.67307 -0.73911 0.02596 -0.67186 -0.74022 0.12311 -0.79359 -0.59587 0.03317 -0.72053 -0.69263 0.02253 -0.89197 -0.45153 0.04315 -0.97095 -0.23537 0.50426 -0.7871 -0.35523 0.57793 -0.71014 -0.40213 0.13496 -0.58792 -0.79758 0.33907 -0.64249 -0.6872 0.20746 -0.51986 -0.82868 0.04932 -0.23469 -0.97082 0.02621 -0.3579 -0.93339 0.01763 -0.33655 -0.9415 0.0258 -0.36072 -0.93232 0.04295 -0.43466 -0.89957 0.04614 -0.56284 -0.82528 0.14889 -0.66398 -0.73278 0.54865 -0.02479 -0.83568 0.54611 -0.03042 -0.83716 0.44538 -0.04475 -0.89422 0.45074 -0.03494 -0.89197 0.48795 -0.2563 -0.8344 0.48098 -0.27139 -0.83367 0.47916 -0.50766 -0.71602 0.36896 -0.49917 -0.78402 0.27472 -0.27461 -0.92147 0.11614 -0.01322 -0.99314 0.16337 -0.16257 -0.97308 0.40843 -0.57155 -0.71169 0.28888 -0.47847 -0.82923 0.2813 -0.28442 -0.9165 0.34443 -0.02844 -0.93838 0.27945 -0.09247 -0.9557 0.24769 -0.05436 -0.96731 0.0205 -0.16522 -0.98604 0.06232 -0.07837 -0.99498 0.90388 -0.32209 -0.28152 0.59957 -0.45301 -0.65978 0.68974 -0.4855 -0.53717 0.68457 -0.49655 -0.53366 0.77411 -0.43084 -0.46382 0.75171 -0.48625 -0.44553 0.81111 -0.28904 -0.50848 0.59074 -0.24148 -0.76988 0.70435 -0.30796 -0.63958 0.69188 -0.37122 -0.61928 0.75847 -0.25346 -0.6004 0.57928 -0.34702 -0.73758 0.96344 0.01042 -0.26773 0.86182 0.01769 -0.50691 0.78562 -0.03517 -0.61771 0.61812 0.00514 -0.78607 0.67977 -0.04602 -0.73198 0.71372 0.01919 -0.70017 0.79598 0.00141 -0.60533 0.55571 -0.16782 -0.81426 0.66382 -0.18123 -0.7256 0.67855 -0.10788 -0.72659 0.76216 -0.20212 -0.61503 0.8095 -0.0932 -0.57968 0.9788 -0.19555 -0.06093 0.979 -0.2038 -0.00485 0.92265 -0.38438 -0.03119 0.97906 -0.19369 -0.06263 0.93474 -0.35236 -0.04581 0.95307 -0.30131 -0.02948 0.94023 -0.1149 -0.32058 0.96806 -0.14821 -0.20224 0.95479 -0.223 -0.19657 0.96359 -0.22677 -0.14171 0.98205 -0.14365 -0.12225 0.97287 -0.13354 -0.18894 0.979 -0.07459 -0.18972 0.95524 -0.02934 -0.29439 0.98745 -0.00194 -0.15794 0.94926 -0.29328 -0.11351 0.95919 -0.27798 -0.05172 0.99413 -0.09811 -0.04568 0.97259 -0.21377 -0.09153 0.93289 -0.34227 -0.1121 0.92756 -0.37126 -0.04246 0.89128 -0.4498 -0.05746 0.14292 -0.36038 -0.92179 0.2625 -0.80779 -0.52779 0.20873 -0.93323 -0.29244 0.34768 -0.85506 -0.3847 0.63485 -0.7677 -0.0872 0.7091 -0.69792 -0.10042 0.02792 -0.90596 -0.42243 0.13591 -0.92638 -0.35121 0.28496 -0.93555 -0.20867 0.41134 -0.89678 -0.16305 0.4258 -0.88655 -0.18091 0.5526 -0.82705 -0.10303 0.57623 -0.80691 -0.12983 0.69775 -0.71071 -0.08962 0.77201 -0.6316 -0.07125 0.77374 -0.62934 -0.0725 0.81461 -0.57754 -0.05354 0.84446 -0.53125 -0.06826 0.89608 -0.43983 -0.06001 0.91326 -0.32506 -0.24556 0.93473 -0.19629 -0.29624 0.85711 -0.36492 -0.36359 0.8666 -0.00486 -0.49897 0.90958 -0.34935 -0.22499 0.90648 -0.33899 -0.25174 0.87827 -0.30127 -0.37132 0.89646 -0.1933 -0.39873 0.8813 -0.14284 -0.45046 0.86735 0.01059 -0.49759 0.85137 -0.48069 -0.20999 0.81937 -0.40467 -0.40605 0.68247 -0.62687 -0.37586 0.65359 -0.67396 -0.34439 0.74599 -0.58718 -0.31419 0.71965 -0.63029 -0.29126 0.80954 -0.52714 -0.2584 0.86148 -0.49641 -0.10686 0.36688 -0.25793 -0.8938 0.37432 -0.26785 -0.88777 0.50083 -0.55003 -0.66831 0.48628 -0.6771 -0.55233 0.89698 -0.42543 -0.12017 0.91331 -0.38207 -0.14099 0.86087 -0.45956 -0.21841 0.8333 -0.40509 -0.37618 0.84313 -0.21458 -0.49305 0.48534 -0.86882 -0.098 0.23504 -0.59164 -0.77118 0.31879 -0.68865 -0.65125 0.92363 0.01253 -0.38307 0.94284 -0.1056 -0.31608 0.93188 -0.08363 -0.353 0.93823 -0.19486 -0.28593 0.93306 -0.21679 -0.28706 0.94628 -0.24772 -0.20784 0.92053 -0.34234 -0.18825 0.12533 -0.32254 -0.93822 0.23821 -0.27173 -0.93242 0.42246 -0.75075 -0.50784 0.41227 -0.77181 -0.4841 0.47886 -0.83508 -0.27081 0.59305 -0.77162 -0.23 0.75666 -0.64036 -0.13197 0.83468 -0.53074 -0.14703 0.52189 -0.67987 -0.51517 0.64007 -0.49462 -0.58792 0.80038 -0.52289 -0.29322 0.83426 -0.5457 -0.07881 -0.78959 -0.54413 -0.28366 -0.04254 -0.06279 -0.99712 -0.04418 -0.2671 -0.96266 -0.98713 -0.15989 -0.00012 -0.98404 -0.01539 -0.1773 -0.98213 -0.05345 -0.18045 -0.98861 -0.09816 -0.11409 -0.98795 -0.10506 -0.11362 -0.98634 -0.02999 -0.16198 -0.98699 0.00231 -0.16078 -0.88376 0.00348 -0.46793 -0.58041 -0.00547 -0.8143 -0.63359 -0.05214 -0.77191 -0.0446 -0.06465 -0.99691 -0.12956 -0.01621 -0.99144 -0.198 -0.07711 -0.97716 -0.22861 -0.01025 -0.97346 -0.36875 -0.03227 -0.92897 -0.02992 -0.99823 -0.05146 -0.30584 -0.92509 -0.22511 -0.36765 -0.90821 -0.19998 -0.23612 -0.88581 -0.39948 -0.14402 -0.78374 -0.60416 -0.03484 -0.69265 -0.72044 -0.0313 -0.70633 -0.70719 -0.05207 -0.85081 -0.52289 -0.03687 -0.9501 -0.30975 -0.04234 -0.96801 -0.24733 -0.03965 -0.9841 -0.17312 -0.03327 -0.99698 -0.07014 -0.36994 -0.90645 -0.20371 -0.47051 -0.62219 -0.6257 -0.54976 -0.65562 -0.51762 -0.39826 -0.81668 -0.41763 -0.18609 -0.57936 -0.79354 -0.02957 -0.46855 -0.88294 -0.13192 -0.64563 -0.75217 -0.15404 -0.4388 -0.88528 -0.13795 -0.38807 -0.91124 -0.38535 -0.56354 -0.7307 -0.46152 -0.63691 -0.61753 -0.2463 -0.65389 -0.71538 -0.2542 -0.37256 -0.89252 -0.02067 -0.42228 -0.90623 -0.0253 -0.43576 -0.89971 -0.04268 -0.35159 -0.93518 -0.38155 -0.78302 -0.49121 -0.28885 -0.82266 -0.4897 -0.30238 -0.56053 -0.77095 -0.35018 -0.61097 -0.70999 -0.14948 -0.89238 -0.4258 -0.15308 -0.90234 -0.40292 -0.20056 -0.66816 -0.71647 -0.04058 -0.60074 -0.79841 -0.04069 -0.54901 -0.83482 -0.55732 -0.00731 -0.83026 -0.4846 -0.04931 -0.87335 -0.45025 -0.02316 -0.8926 -0.36449 -0.04374 -0.93018 -0.62707 -0.44588 -0.63873 -0.5238 -0.49596 -0.69258 -0.33207 -0.32579 -0.88521 -0.2402 -0.34159 -0.90864 -0.91783 -0.14884 -0.36803 -0.89577 -0.09845 -0.43347 -0.62913 -0.27958 -0.72528 -0.49941 -0.24859 -0.82993 -0.77833 -0.37608 -0.50276 -0.75889 -0.35856 -0.54361 -0.70569 -0.39062 -0.59112 -0.68613 -0.37358 -0.62423 -0.60921 -0.40877 -0.67954 -0.54954 -0.3539 -0.75681 -0.46236 -0.38121 -0.80056 -0.41229 -0.32242 -0.85209 -0.35275 -0.35519 -0.86568 -0.15085 -0.18278 -0.97151 -0.01319 -0.18174 -0.98326 -0.65508 -0.00699 -0.75553 -0.73194 -0.00127 -0.68137 -0.74239 -0.01143 -0.66987 -0.04156 -0.11904 -0.99202 -0.12865 -0.14834 -0.98053 -0.24261 -0.14543 -0.95916 -0.25982 -0.16961 -0.95065 -0.32814 -0.11284 -0.93787 -0.38962 -0.18364 -0.90248 -0.41627 -0.13785 -0.89873 -0.51376 -0.20207 -0.8338 -0.53915 -0.10276 -0.83592 -0.61919 -0.18247 -0.76374 -0.67743 -0.16212 -0.7175 -0.69714 -0.18263 -0.69328 -0.74426 -0.15791 -0.64895 -0.77335 -0.18465 -0.60649 -0.96996 -0.23889 -0.04602 -0.95971 -0.04601 -0.27719 -0.95679 -0.07645 -0.28057 -0.96081 -0.19823 -0.19376 -0.97752 -0.12485 -0.16991 -0.95438 0.00722 -0.29849 -0.95338 -0.00166 -0.30176 -0.89165 -0.44721 -0.07047 -0.95081 -0.30749 -0.03744 -0.97682 -0.21369 -0.01257 -0.50353 -0.85143 -0.14674 -0.52005 -0.8464 -0.11471 -0.58705 -0.80542 -0.08166 -0.63492 -0.76457 -0.11092 -0.66659 -0.74133 -0.07797 -0.72692 -0.68125 -0.08652 -0.73347 -0.67543 -0.07623 -0.79108 -0.60986 -0.04768 -0.83081 -0.55215 -0.06989 -0.84306 -0.53545 -0.05045 -0.90913 -0.41605 -0.01978 -0.93684 -0.33735 -0.09238 -0.89241 -0.41646 -0.17369 -0.86245 -0.47245 -0.18156 -0.87762 -0.43568 -0.19991 -0.91899 -0.2685 -0.28872 -0.7778 -0.61793 -0.11481 -0.79482 -0.59176 -0.13448 -0.85287 -0.50997 -0.11194 -0.85238 -0.51048 -0.11342 -0.51506 -0.79335 -0.32451 -0.5902 -0.80167 -0.09483 -0.6604 -0.71481 -0.23002 -0.69998 -0.69559 -0.16179 -0.90378 -0.41743 -0.09449 -0.80816 -0.54474 -0.22391 -0.98569 -0.16332 -0.04182 -0.9904 -0.13785 -0.00986 -0.84187 -0.45653 -0.28781 -0.88245 -0.00788 -0.47033 -0.64402 -0.69175 -0.32668 -0.7178 -0.59444 -0.36251 -0.76918 -0.59184 -0.24102 -0.76614 -0.52504 -0.37062 -0.82741 -0.42911 -0.3623 -0.86202 -0.27536 -0.42556 -0.84191 -0.18106 -0.50834 -0.56266 -0.72157 -0.40343 -0.65131 -0.72641 -0.21938 -0.87017 -0.13295 -0.47447 -0.88928 -0.26361 -0.37374 -0.88539 -0.27719 -0.37317 -0.89546 -0.36126 -0.26009 -0.88482 -0.35925 -0.29669 -0.73706 -0.65187 -0.17838 -0.91401 -0.40258 -0.05017 -0.95237 -0.30298 -0.03465 -0.91579 0.04298 -0.39934 -0.93971 -0.106 -0.32512 -0.93562 -0.21391 -0.28083 -0.94221 -0.27336 -0.19369 -0.92555 -0.34761 -0.15004 -0.95686 -0.26274 -0.12406 -0.97146 -0.22016 -0.08832 -0.98074 -0.17745 -0.08159 -0.99169 -0.11993 -0.04664 -0.02962 -0.2095 -0.97736 -0.44447 -0.88746 -0.12192 -0.45902 -0.77683 -0.43108 -0.49467 -0.81474 -0.3025 -0.58631 -0.60905 -0.53413 -0.60266 -0.61763 -0.50531 -0.66063 -0.53028 -0.53138 -0.69416 -0.56738 -0.44298 -0.77055 -0.51336 -0.37778 -0.82724 -0.35578 -0.43484 -0.81458 -0.15106 -0.56004 -0.80286 -0.0064 -0.59613 -0.81173 0.02973 -0.58328 0.99969 -0.00053 -0.02505 0.99399 0.10766 0.01983 0.99664 0.08042 0.01562 0.99479 -0.10174 0.00612 0.9985 -0.05442 0.00562 0.99851 0.00206 -0.05455 0.99741 0.00274 -0.07191 0.97609 0.05609 -0.21002 0.99395 -0.00709 -0.10963 0.99568 -0.01534 -0.09162 0.99388 -0.09897 -0.04909 0.99855 -0.01642 -0.05125 0.9995 -0.00231 -0.03164 0.999 0.02005 -0.0399 0.99779 -0.0646 -0.01566 0.99897 0.04457 0.00812 0.99389 0.10816 -0.0222 0.99966 0.01521 0.02117 0.99995 0.00193 -0.00953 0.99846 -0.05544 -0.0027 0.99981 0.01631 -0.01086 0.00421 0.99999 0.00101 -0 1 0 0 1 0 1E-05 1 0 0 1 0 -0 1 0 -0 1 0 -0 1 0 0 1 0 -0 1 0 6E-05 1 -0 0 1 -1E-05 1E-05 1 2E-05 1E-05 1 -2E-05 9E-05 1 0 -1E-05 1 1E-05 0 1 0 0 1 0 -0 1 0 -0 1 0 -0 1 -0 -0 1 0 -0 1 1E-05 0 1 0 0 1 1E-05 1E-05 1 1E-05 -4E-05 1 3E-05 0.00012 1 0 0 1 -0 -0.00452 0.99999 -0.00291 -0 1 -0 -0 1 0 -0 1 -0 0 1 0 -2E-05 1 4E-05 -1E-05 1 -0 0 1 -6E-05 0 1 0 0 1 0 0 1 0 3E-05 1 -3E-05 -1E-05 1 -1E-05 3E-05 1 0 -9E-05 1 7E-05 -0 1 -1E-05 -0 1 -2E-05 -0 1 0 0 1 0 0 1 3E-05 0 1 2E-05 0 1 0 0 1 0 1E-05 1 -1E-05 -0 1 0 -0 1 0 -0 1 0 1E-05 1 -0 0 1 0 -1E-05 1 1E-05 0 1 -1E-05 -0 1 0 -1E-05 1 -1E-05 -0 1 -0 -0 1 0 0 1 -0 0 1 1E-05 -0.99712 -0.07486 -0.01201 -0.99575 0.08911 0.02337 -0.99736 0.0702 0.01847 -0.98684 0.04928 -0.154 -0.99736 0.03997 -0.06069 -0.9987 0.00519 -0.05073 -0.99918 0.00078 -0.04056 -0.99609 0.00343 -0.08827 -0.99333 -0.00347 -0.11528 -0.99738 -0.00703 -0.07205 -0.99862 -0.01639 -0.0498 -0.99722 -0.07272 -0.01652 -0.99985 -0.01399 -0.01047 -0.99832 -0.05711 0.01002 -0.99793 -0.06369 0.0084 -0.99939 0.02938 -0.01862 -0.99923 -0.02333 -0.03156 -0.99954 0.02613 -0.01536 -0.99993 -0.00091 0.01147 -0.99635 0.08462 -0.01095 0.00018 -0.88534 0.46494 -2E-05 -0.88556 0.46453 0.00052 -0.8847 0.46616 -0.00136 -0.88735 0.46109 0.00048 -0.88393 0.46761 -0.00044 -0.8867 0.46234 -0.00068 -0.88571 0.46423 -0.00019 -0.88546 0.46471 -0.00103 -0.88599 0.4637 0.00259 -0.88319 0.469 -0.00121 -0.8865 0.46272 2E-05 -0.88541 0.46481 -6E-05 -0.88545 0.46473 7E-05 -0.88538 0.46487 0.00013 -0.88533 0.46495 -1E-05 -0.88546 0.46472 0.0003 -0.88511 0.46538 -0.00012 -0.88559 0.46447 0.00019 -0.88529 0.46504 0.00012 -0.88537 0.46488 -9E-05 -0.8857 0.46427 -0.00015 -0.88581 0.46405 -6E-05 -0.88559 0.46448 0 -0.88548 0.46467 -0 -0.88548 0.46468 -3E-05 -0.88547 0.46469 0.00014 -0.88553 0.46459 0.00054 -0.88563 0.46438 -3E-05 -0.88547 0.46471 -4E-05 -0.88542 0.4648 -4E-05 -0.88541 0.46482 -1E-05 -0.88547 0.46469 -0 -0.88548 0.46468 1E-05 -0.88549 0.46466 -0 -0.88548 0.46468 -0.99783 0.06517 -0.0094 -0.99075 0.1356 0.00471 -0.83159 0.55537 -0.00529 -0.8063 0.59149 0.00529 -0.46628 0.88462 -0.00471 -0.42723 0.90413 0.004 -0.07647 0.99706 -0.00563 -0.00282 0.99996 0.00828 0.40253 0.91539 -0.00509 0.44343 0.89629 0.00526 0.8063 0.59149 -0.00529 0.83159 0.55537 0.00529 0.99075 0.1356 -0.00471 0.99783 0.06517 0.0094 0.95504 -0.29617 -0.01346 0.88214 -0.4704 0.02358 0.61643 -0.78705 -0.02357 0.45228 -0.89176 0.01461 0.10909 -0.99396 -0.01181 -0.01108 -0.99988 0.01091 -0.42833 -0.90342 -0.01915 -0.59432 -0.80379 0.02666 -0.88214 -0.4704 -0.02358 -0.95504 -0.29617 0.01346 -0.99619 -0.00099 0.08716 -0.97826 0.01645 0.20673 -0.9659 0.00772 0.25881 -0.90629 -0.00564 0.42262 -0.81915 -0.0037 0.57357 -0.72252 0.01132 0.69125 -0.7071 0.00771 0.70707 -0.57361 -0.00565 0.81911 -0.42252 -0.0037 0.90635 -0.25266 0.0141 0.96745 -0.25888 0.01542 0.96579 -0.08713 -0.00541 0.99618 0.08712 -0.01093 0.99614 0.25891 -0.00098 0.9659 0.34837 0.01258 0.93727 0.42252 0.00272 0.90635 0.57362 -0.00355 0.81912 0.71466 0.00597 0.69945 0.7071 0.00773 0.70707 0.81914 -0.00564 0.57356 0.9063 -0.0037 0.42262 0.96746 0.0141 0.25262 0.96581 0.01542 0.25879 0.99618 -0.0054 0.08716 0.99613 -0.01092 -0.08715 0.96593 -0.00098 -0.25882 0.92753 0.01645 -0.3734 0.9063 0.00772 -0.42256 0.81914 -0.00565 -0.57356 0.70705 -0.0037 -0.70715 0.56829 0.0141 -0.82271 0.57355 0.01543 -0.81902 0.42263 -0.0054 -0.90629 0.25877 -0.01092 -0.96588 0.08713 -0.00098 -0.9962 -0.06221 0.02055 -0.99785 -0.08712 0.01542 -0.99608 -0.25878 -0.0054 -0.96592 -0.42261 -0.01092 -0.90624 -0.57362 -0.00098 -0.81912 -0.64791 0.01259 -0.76161 -0.70705 0.00272 -0.70716 -0.81915 -0.00356 -0.57357 -0.92206 0.00741 -0.38699 -0.90622 0.01542 -0.42252 -0.96591 -0.0054 -0.25882 -0.99613 -0.01092 -0.08715 -0.99601 0.08898 -0.00614 -0.99623 0.0864 -0.00733 -0.98188 0.18913 0.01158 -0.95301 0.30261 -0.014 -0.95476 0.29714 -0.01217 -0.94062 0.33945 -0.00264 -0.89342 0.44923 0.00102 -0.86009 0.50959 -0.02353 -0.83799 0.54567 -0.0038 -0.79218 0.61027 0.0045 -0.7278 0.68567 -0.01302 -0.70897 0.70469 -0.028 -0.58361 0.81203 0.00228 -0.65403 0.75647 0.00112 -0.5017 0.86494 -0.01351 -0.51975 0.85389 -0.02705 -0.38706 0.92202 0.00794 -0.30767 0.95102 -0.03014 -0.26313 0.96476 -0.00105 -0.19886 0.98002 0.00417 -0.07498 0.997 -0.0193 -0.1084 0.99284 -0.05019 -0.01883 0.99982 -0.00054 0.03342 0.99937 0.01181 0.17264 0.98482 -0.01812 0.15554 0.9872 -0.03525 0.25623 0.96657 0.00901 0.34857 0.93727 0.00452 0.43049 0.90195 -0.03396 0.41849 0.90793 -0.02311 0.50662 0.86215 0.00604 0.59511 0.80363 -0.0049 0.60537 0.79584 -0.0129 0.65606 0.7547 -0.00409 0.72463 0.6888 -0.02153 0.74433 0.66777 -0.00705 0.80434 0.59415 0.00472 0.84543 0.53379 -0.01783 0.87754 0.47951 -0.00203 0.91679 0.39926 -0.00912 0.92148 0.38825 -0.01173 0.95372 0.30063 0.00618 0.98304 0.18273 -0.01528 0.9815 0.19117 -0.01018 0.9966 0.08193 0.00929 0.9996 -0.02718 -0.00818 0.98211 -0.1882 -0.00616 0.9492 -0.31437 -0.0136 0.92971 -0.36828 0.00262 0.89013 -0.45571 -0.0004 0.86574 -0.5002 -0.01745 0.83097 -0.55632 0.00124 0.77204 -0.6355 -0.01008 0.77482 -0.63206 -0.0127 0.69685 -0.7171 0.01265 0.61881 -0.78512 -0.02577 0.57839 -0.81573 0.00746 0.43408 -0.90079 -0.01181 0.42738 -0.90405 -0.00637 0.28122 -0.95963 -0.00428 0.2962 -0.95498 -0.01689 0.15776 -0.98743 0.00961 0.06909 -0.99705 -0.03355 0.02303 -0.99973 -0.00273 -0.01848 -0.99978 0.00977 -0.14582 -0.98931 -0.00176 -0.18751 -0.98181 -0.02971 -0.26021 -0.96555 0.00223 -0.37799 -0.9258 -0.00487 -0.3907 -0.92041 -0.01415 -0.5056 -0.86277 0.00247 -0.53786 -0.84281 -0.01913 -0.63473 -0.77268 0.00949 -0.69152 -0.72213 -0.01796 -0.72906 -0.68444 0.0036 -0.80178 -0.59731 -0.01935 -0.83103 -0.55614 0.00995 -0.91154 -0.41086 -0.01701 -0.90941 -0.41537 -0.0211 -0.9451 -0.32676 0.00378 -0.97922 -0.2026 -0.00872 -0.97108 -0.23876 -0.0023 0.99865 -0.00089 0.05198 0.99736 0.00175 0.07253 0.99867 -0.00073 0.05149 0.96641 0.00232 0.25701 0.97033 0.00017 0.24179 0.8219 -0.00298 0.56962 0.80426 0.00099 0.59427 0.89061 0.0001 0.45476 0.8962 -0.00132 0.44364 0.72419 0.00427 0.68958 0.66019 -0.00398 0.75109 0.5532 0.00555 0.83303 0.33578 0.00687 0.94191 0.46759 -0.0049 0.88393 0.24565 -0.00334 0.96935 0.10982 0.00017 0.99395 0.07902 0.00575 0.99686 -0.11496 0.00104 0.99337 -0.10253 0.00328 0.99472 -0.27135 -0.00337 0.96247 -0.34811 0.00581 0.93743 -0.46129 -0.00344 0.88724 -0.56149 0.00429 0.82747 -0.60536 -0.00168 0.79595 -0.74124 0.00209 0.67124 -0.75196 -0.00037 0.6592 -0.89152 -0.00168 0.45299 -0.88157 0.00166 0.47204 -0.97502 -0.00081 0.2221 -0.96868 0.0027 0.24829 -0.99887 -0.00322 0.0474 -0.99924 -0.00068 0.03886 -0.99888 0.00044 0.04732 0.99827 -0.05667 0.01572 0.80929 0.04778 0.58546 0.6935 -0.01394 0.72032 -0.00113 2E-05 1 -0.06534 0.02844 0.99746 -0.81134 -0.03598 0.58346 -0.88548 0.02687 0.46391 -0.93407 -0.00937 -0.35697 -0.93688 -0.00616 -0.34961 -0.45711 0.00621 -0.88939 -0.42593 -0.00791 -0.90472 0.42813 0.0083 -0.90368 0.53357 -0.04078 -0.84477 0.93677 0.05095 -0.34622 0.44612 0.83454 0.3233 -0.03554 0.83458 0.54974 -0.48449 0.83745 0.25288 -0.49702 0.84657 -0.19051 -0.24728 0.84282 -0.47802 0.23179 0.8427 -0.48594 0.50432 0.84284 -0.18786 0.98238 0.02573 0.18513 0.96524 -0.00826 0.26124 0.39265 0.0083 0.91965 0.35966 -0.00618 0.93306 -0.36272 0.00624 0.93188 -0.39487 -0.00789 0.9187 -0.98453 0.01006 0.17491 -0.96849 0.04937 0.24409 -0.88429 -0.05008 -0.46425 -0.61809 0.0488 -0.78459 -0.31932 -0.02845 -0.94722 0.06512 0.02556 -0.99755 0.33482 -0.02848 -0.94185 0.72476 0.03706 -0.68801 0.86498 -0.0304 -0.50089 0.54146 0.83457 0.10157 0.2101 0.8427 0.4957 -0.1939 0.84282 0.50206 -0.55189 0.82806 0.09866 -0.33364 0.84056 -0.42679 0.03428 0.84835 -0.52833 0.39022 0.8425 -0.37137 0.96888 -0.00209 0.24754 0.96524 -0.00826 0.26123 0.39264 0.0083 0.91965 0.35966 -0.00618 0.93306 -0.36272 0.00624 0.93188 -0.39487 -0.00789 0.9187 -0.96589 0.00865 0.25879 -0.96967 0.00217 0.24442 -0.8854 -0.00743 -0.46477 -0.86394 0.00812 -0.50352 -0.33242 -0.00081 -0.94313 -0.31945 -0.00554 -0.94759 0.32233 0.0055 -0.94661 0.33495 0.00089 -0.94223 0.86535 -0.00803 -0.5011 0.88661 0.00745 -0.46245 0.52177 0.84284 0.13183 0.2101 0.8427 0.4957 -0.1939 0.84282 0.50206 -0.52414 0.84018 0.13923 -0.45995 0.84652 -0.26807 -0.17582 0.84829 -0.49949 0.17106 0.84664 -0.50392 0.47216 0.84658 -0.24571 0.9568 0.0265 -0.28953 0.67719 0.14108 -0.72216 0.89023 0.23479 -0.39034 0.35887 -0.22582 -0.90566 0.94842 -0.13819 -0.28532 0.59174 -0.47853 -0.64873 0.94814 -0.26174 -0.18036 0.69525 -0.64303 -0.32116 0.89459 -0.43972 -0.07968 0.70314 -0.71048 -0.02869 0.81057 -0.5852 0.02253 0.85389 -0.48069 0.19954 0.82865 -0.51515 0.21899 0.90443 -0.29608 0.30715 0.83154 -0.41366 0.37072 0.77254 -0.29249 0.56359 0.89425 -0.17491 0.41197 -0.96994 -0.20885 0.12491 -0.91669 -0.3864 0.10188 -0.8382 -0.52757 0.13815 0.59379 -0.70135 0.39437 -0.496 -0.63681 0.5903 0.20262 -0.65774 0.72548 0.02757 -0.41273 0.91044 -0.13998 -0.42515 0.89423 0.10898 -0.96092 -0.25448 -0.07278 -0.89739 -0.43519 -0.04129 0.46807 -0.88273 0.0445 0.48104 -0.87557 -0.13191 0.77351 -0.6199 -0.00511 0.7651 -0.64389 0.20934 0.91639 -0.3412 -0.2762 0.92698 -0.25382 0.24349 0.96795 0.06156 -0.39361 0.90766 0.14573 0.52118 0.75032 0.40667 -0.45619 0.72237 0.51969 0.02509 0.58212 0.81271 0.26674 0.54381 0.79569 0.03984 0.2329 0.97168 -0.25391 0.21181 0.94375 0.31635 -0.20316 0.92663 -0.62801 -0.19431 0.75355 0.77392 -0.37199 0.51252 -0.9939 0.06072 -0.09202 -0.99482 0.01585 -0.10041 0.01953 0.24945 -0.96819 -0.45838 -0.19452 -0.86721 -0.99124 -0.04689 -0.12349 -0.91315 -0.22994 -0.33659 -0.9741 -0.18014 -0.13666 -0.98423 -0.14365 -0.10323 -0.96701 -0.24819 -0.05739 -0.91523 -0.39785 -0.06386 -0.9679 -0.25047 0.02097 -0.94218 -0.32161 0.09413 -0.91789 -0.31305 0.24388 -0.97778 -0.14392 0.15241 -0.96015 -0.13059 0.24709 -0.90398 -0.18173 0.38703 -0.82957 -0.50677 0.2345 -0.91288 -0.34918 0.21147 -0.78046 -0.47951 0.4012 -0.88447 -0.27053 0.38016 -0.88615 -0.26834 0.37779 -0.84203 -0.15805 0.51576 -0.89315 -0.12318 0.43257 -0.76198 0.0206 0.64727 -0.94985 0.0348 0.31075 -0.2209 0.32802 0.91848 -0.98103 0.09237 0.17043 -0.88826 -0.44345 0.11978 -0.78004 -0.61696 0.10438 -0.86385 -0.50365 -0.01056 -0.73419 -0.67273 -0.09169 -0.86487 -0.45871 -0.20394 -0.82877 -0.50691 -0.23705 -0.86274 -0.34999 -0.36496 -0.88088 -0.33082 -0.33854 -0.86558 -0.19656 -0.46057 -0.8581 -0.19998 -0.47294 -0.03077 -0.43482 -0.89999 -0.18627 -0.41479 -0.89065 0.34522 -0.68601 -0.64048 -0.35055 -0.7128 -0.60748 0.16802 -0.93269 -0.31917 0.05572 -0.94132 0.33289 -0.06703 -0.9816 0.17878 -0.02202 0.42187 0.90639 -0.04664 0.41729 0.90758 -0.15771 0.7098 0.68652 0.10465 0.67209 0.73304 0.14562 0.90096 0.40873 0.05366 0.91568 0.39831 0.25423 0.96692 0.02087 -0.17676 0.97825 0.10855 -0.1971 0.96151 -0.19142 0.2949 0.90565 -0.3047 -0.26848 0.85975 -0.43446 0.25397 0.72265 -0.64286 0.17604 0.74137 -0.6476 -0.34533 0.51011 -0.78774 0.50601 0.37064 -0.77883 -0.51009 0.21465 -0.83291 0.49408 0.07835 -0.86588 -0.44734 -0.05747 -0.89252 0.48866 -0.16353 -0.85701 -0.71846 -0.25133 -0.64858 0.94761 -0.16974 -0.27059 0.9655 0.13159 0.22472 0.98975 0.02595 0.14046 0.98176 0.02966 0.1878 0.90239 -0.03724 0.42932 0.98992 -0.03126 0.13812 0.93306 -0.15535 0.32444 0.9854 -0.08957 0.14479 0.89447 -0.33566 0.29539 0.94444 -0.32866 -0.00283 0.93831 -0.31459 -0.14353 0.97147 -0.22079 -0.08655 0.98283 -0.14208 -0.11776 0.93721 -0.23611 -0.2567 0.97581 -0.09479 -0.19699 0.97008 -0.10131 -0.22062 0.92936 -0.36901 -0.01078 0.94677 -0.30695 0.09701 0.93657 -0.33247 0.11086 0.97685 -0.17577 0.12194 0.99827 -0.05667 0.01572 0.8093 0.04778 0.58545 0.69351 -0.01394 0.72032 -0.00113 2E-05 1 -0.06534 0.02844 0.99746 -0.81134 -0.03598 0.58346 -0.88548 0.02688 0.46391 -0.93407 -0.00937 -0.35697 -0.93688 -0.00616 -0.34961 -0.45711 0.00621 -0.88939 -0.42593 -0.00791 -0.90472 0.42813 0.0083 -0.90368 0.44613 0.83453 0.3233 -0.03554 0.83458 0.54974 -0.48449 0.83745 0.25287 -0.49702 0.84657 -0.19052 -0.24728 0.84282 -0.47802 0.23179 0.84269 -0.48594 0.50432 0.84284 -0.18786 -0.71658 -0.47667 -0.50921 -0.51054 -0.856 -0.08135 -0.6643 -0.73538 -0.13386 -0.52269 -0.78493 -0.33267 -0.68452 -0.63893 -0.351 -0.58849 -0.60662 -0.5345 -0.59848 -0.37852 -0.70608 -0.78261 -0.19599 -0.59085 -0.59807 -0.05496 -0.79955 -0.75603 0.21175 -0.61934 -0.72844 0.20494 -0.65373 -0.60297 0.52532 -0.60039 -0.71891 0.52311 -0.45774 -0.51248 0.7525 -0.41366 -0.64588 0.70479 -0.29344 -0.63997 0.75966 -0.11558 -0.42749 0.90213 -0.05849 0.97993 0.00044 0.19934 0.9921 0.0086 0.12515 0.99076 0.0016 0.1356 0.96617 0.00727 0.25779 0.97452 0.00516 0.22424 0.96344 0.00339 0.2679 0.98497 -0.00327 0.1727 0.97588 0.00071 0.21829 0.995 0.00176 0.09987 0.98583 -0.00468 0.1677 0.99744 0.00425 -0.07145 0.99943 -0.00479 0.03347 0.99976 -0.01074 0.01918 0.98512 -0.00063 -0.17189 0.99099 -0.01047 -0.13349 0.96276 -0.00143 -0.27036 0.96946 -0.0077 -0.24514 0.96363 0.00015 -0.26725 0.98849 0.00784 -0.15108 0.97048 0.00675 -0.2411 0.97017 0.00618 -0.24236 0.9982 0.00794 0.05945 0.99841 0.01108 0.05521 0.9995 0.01436 -0.02826 0.99926 0.00408 -0.03835 0.98781 0.00392 -0.15559 -0.70935 0.00315 -0.70485 -0.75775 -0.00386 -0.65253 -0.72654 0.00883 -0.68707 -0.75286 0.00087 -0.65818 -0.73445 -0.00028 -0.67866 -0.7098 -0.0021 -0.7044 -0.70116 -0.0032 -0.71299 -0.68309 -0.00681 -0.7303 -0.67559 -0.00492 -0.73726 -0.68513 0.0088 -0.72837 -0.66888 0.00285 -0.74336 -0.70766 0.00291 -0.70655 -0.36724 0.01681 -0.92997 -0.4085 0.00375 -0.91275 -0.40718 0.00445 -0.91334 -0.403 -0.00567 -0.91518 -0.42349 -0.01014 -0.90584 -0.39588 -0.00447 -0.91829 0.40002 0.0086 -0.91646 0.33274 0.00351 -0.94301 0.32901 0.00027 -0.94433 0.26298 0.00268 -0.9648 0.25981 0.00019 -0.96566 0.19448 -0.00299 -0.9809 0.1941 -0.00274 -0.98098 0.11014 -0.00595 -0.9939 0.11212 -0.00464 -0.99368 0.0347 0.00564 -0.99938 0.03774 0.00886 -0.99925 -0.04513 -0.01715 -0.99883 -0.10176 0.00571 -0.99479 -0.10257 0.00521 -0.99471 -0.17611 0.01343 -0.98428 -0.20181 -0.00615 -0.97941 -0.2653 0.01662 -0.96402 -0.32376 -0.00999 -0.94609 -0.32803 -0.00629 -0.94465 0.40031 -0.00062 -0.91638 0.41639 0.01284 -0.9091 0.44644 -0.00158 -0.89481 0.34115 -0.00739 -0.93998 0.32604 -0.01532 -0.94523 0.27055 0.00676 -0.96268 0.13298 -0.01031 -0.99106 0.18377 0.004 -0.98296 0.04178 0.00899 -0.99909 0.11359 -0.00213 -0.99353 -0.05128 4E-05 -0.99868 -0.07907 -0.00965 -0.99682 -0.09682 -0.00317 -0.9953 -0.1943 0.00865 -0.9809 -0.33474 0.00526 -0.94229 -0.27144 -0.00326 -0.96245 -0.25844 0.00214 -0.96602 -0.99944 0.01618 -0.0293 -0.99001 -0.00235 -0.141 -0.9964 0.01157 -0.08395 -0.99787 0.00443 -0.06511 -0.97503 -0.00231 -0.22204 -0.97173 -0.00029 -0.23609 -0.97594 0.00704 -0.21792 -0.98235 0.00893 -0.18686 -0.97509 0.00499 -0.22174 -0.97639 0.00436 -0.21599 -0.98291 -0.01216 -0.18367 -0.99982 0.0055 0.01827 -0.99649 -0.007 -0.08346 -0.99636 -0.00637 -0.08503 -0.99147 0.00065 0.13036 -0.99631 -0.01093 0.0851 -0.97447 0.00349 0.2245 -0.9805 0.01522 0.19591 -0.97232 -0.00082 0.23365 -0.97924 -0.00689 0.2026 -0.97617 -0.0016 0.21701 -0.9996 -0.00611 0.0276 -0.99721 0.01297 0.07346 -0.99286 0.00812 0.11901 -0.99379 0.0154 0.1102 -0.97789 0.00302 0.20911 -0.39108 -0.00415 0.92035 -0.37806 -0.00891 0.92574 -0.41424 -0.00703 0.91014 -0.33575 0.00558 0.94194 -0.18934 0.00055 0.98191 -0.20481 -0.00442 0.97879 -0.26375 0.00891 0.96455 -0.11123 0.00514 0.99378 -0.06051 -0.00413 0.99816 -0.04143 0.0026 0.99914 0.03552 0.01037 0.99932 0.13303 -0.01054 0.99106 0.1095 -0.00093 0.99399 0.1856 0.00503 0.98261 0.3355 -0.01084 0.94198 0.33939 -0.00889 0.94061 0.2625 0.00872 0.96489 0.42592 0.0126 0.90467 0.38981 -0.00071 0.9209 0.33089 0.01697 0.94352 0.35686 -0.01259 0.93407 0.44254 -0.00441 0.89674 0.28072 0.0102 0.95974 0.26177 -0.00496 0.96512 0.17385 -0.00356 0.98477 0.16131 0.00669 0.98688 0.12333 -0.00427 0.99236 0.07976 0.01041 0.99676 0.02983 -0.00936 0.99951 -0.01136 0.00596 0.99992 -0.04293 -0.00354 0.99907 -0.08077 0.01284 0.99665 -0.11038 -0.00798 0.99386 -0.18909 -0.00523 0.98195 -0.20834 0.00984 0.97801 -0.26516 -0.00593 0.96419 -0.29967 0.01271 0.95396 -0.33429 -0.00369 0.94246 -0.36725 0.00816 0.93009 -0.65804 -0.00117 0.75299 -0.6871 -0.00754 0.72653 -0.68848 -0.00793 0.72521 -0.68334 -0.00628 0.73007 -0.71458 -0.00193 0.69955 -0.72818 -0.00091 0.68538 -0.71721 0.00803 0.69682 -0.70489 0.01052 0.70924 -0.73994 0.00115 0.67268 -0.73833 0.00176 0.67444 -0.67092 0.00313 0.74152 -0.68308 0.00179 0.73034 -0.64673 -0.00534 0.7627 -0.70688 0.02266 0.70697 0.96026 0.0004 -0.2791 0.95058 0.00294 -0.31047 0.91911 0.0024 -0.39399 0.89239 -0.00301 -0.45125 0.89158 -0.00271 -0.45286 0.85183 0.00364 -0.52381 0.77103 -0.00019 -0.6368 0.78331 -0.002 -0.62162 0.81452 0.00305 -0.58013 0.73428 0.00061 -0.67884 0.68906 -0.00205 -0.7247 0.71359 -0.00029 -0.70056 0.69986 -0.00469 -0.71427 0.69283 -0.00254 -0.7211 0.7279 -0.00021 -0.68568 0.71347 0.00038 -0.70069 0.72968 -0.0003 -0.68379 0.72088 0.00056 -0.69306 0.70342 0.00427 -0.71077 0.68502 0.00271 -0.72852 0.6936 0.00591 -0.72033 0.68613 0.00398 -0.72746 0.64566 -0.00339 -0.76362 0.67208 0.0012 -0.74048 0.60203 0.00413 -0.79846 0.54458 -0.00154 -0.8387 0.52328 -0.00603 -0.85214 0.42867 0.00304 -0.90345 0.44556 -0.00066 -0.89525 -0.43467 -0.00076 -0.90059 -0.42131 7E-05 -0.90692 -0.46144 0.00315 -0.88717 -0.55004 -0.0003 -0.83514 -0.55845 -0.00141 -0.82954 -0.59528 0.002 -0.80351 -0.65125 0.00018 -0.75886 -0.65178 0.0003 -0.75841 -0.75439 0.00045 -0.65642 -0.79906 -0.00366 -0.60123 -0.84695 0.00304 -0.53166 -0.81143 -9E-05 -0.58444 -0.91749 -0.00232 -0.39774 -0.91245 -0.00404 -0.40917 -0.8992 -0.00012 -0.43754 -0.95095 0.00377 -0.30933 -0.96701 0.00188 -0.25473 -0.96994 0.00017 0.24335 -0.97017 0.00029 0.24243 -0.90717 -0.00143 0.42077 -0.91394 -0.00384 0.40584 -0.93695 0.00276 0.34944 -0.87162 0.00351 0.49016 -0.83564 0.0017 0.54928 -0.80038 -0.00504 0.59947 -0.78221 -0.00122 0.62302 -0.76006 7E-05 0.64985 -0.64825 0.00081 0.76143 -0.55853 0.00014 0.82948 -0.569 -0.00227 0.82234 -0.50439 0.00425 0.86347 -0.45519 0.00433 0.89038 -0.40434 -0.00036 0.91461 -0.35724 0.00055 0.93401 0.44418 9E-05 0.89594 0.42334 0.00334 0.90596 0.51013 -0.00142 0.86009 0.52851 -0.00454 0.84892 0.72586 0.0005 0.68784 0.69369 -0.00148 0.72027 0.71133 -0.00748 0.70282 0.70343 -0.00513 0.71074 0.68667 -0.00136 0.72697 0.62946 0.00338 0.77703 0.55489 -0.00076 0.83192 0.67527 0.00063 0.73757 0.68767 0.00202 0.72602 0.69387 0.00286 0.72009 0.69656 0.0035 0.71749 0.71358 0.00264 0.70057 0.70494 0.00593 0.70924 0.72119 0.00156 0.69273 0.73135 -0.0003 0.682 0.72569 0.0005 0.68802 0.78121 -0.00234 0.62427 0.79332 0.00058 0.6088 0.82918 0.00372 0.55897 0.90459 0.00218 0.42628 0.87884 -0.00107 0.47712 0.87382 0.00022 0.48626 0.97366 0.00073 0.22798 0.95841 0.00033 0.28539 0.94499 -0.00368 0.32707 0.93535 -0.00018 0.35372 -0.71711 0.47644 0.50869 -0.65774 0.74065 0.13716 -0.51261 0.82064 0.25253 -0.70144 0.62683 0.33921 -0.55596 0.63394 0.53761 -0.59854 0.3786 0.70598 -0.78228 0.19579 0.59136 -0.51773 0.00327 0.85554 -0.81816 -0.18416 0.5447 -0.4979 -0.47093 0.72823 -0.73961 -0.51038 0.43874 -0.53176 -0.72081 0.4446 -0.65941 -0.69485 0.28697 -0.54335 -0.81857 0.18632 -0.63442 -0.76455 0.11387 -0.09733 -0.98838 -0.11677 0.09717 -0.96819 -0.23057 0.01535 -0.8126 -0.58262 -0.07398 -0.83822 -0.54029 -0.18513 -0.54177 -0.81989 -0.02484 -0.58727 -0.80901 0.24934 -0.21676 -0.94385 -0.45508 -0.05436 -0.88879 0.33639 0.2017 -0.91987 -0.31268 0.41575 -0.85404 0.19823 0.6243 -0.75561 -0.14429 0.79752 -0.58578 0.05522 0.88215 -0.46771 0.03923 0.98082 -0.19094 -0.05047 0.96545 -0.25566 -0.08939 0.99216 0.08736 0.09498 0.96795 0.23251 -0.13074 0.88611 0.44465 0.12476 0.7987 0.58865 -0.22002 0.5384 0.81346 -0.03502 0.58773 0.8083 0.24853 0.21712 0.94398 -0.44897 0.0521 0.89203 0.33608 -0.2017 0.91998 -0.31305 -0.41566 0.85395 0.19817 -0.62425 0.75567 -0.14412 -0.79758 0.58574 0.05539 -0.88217 0.46766 -0.05051 -0.96549 0.25549 0.04367 -0.98131 0.18741 0.27289 0.84505 -0.45981 0.37768 0.86229 -0.33737 0.43387 0.88661 -0.16023 -0.35254 0.90109 0.2525 -0.63803 0.73798 0.21979 -0.24366 0.81099 0.53191 -0.00361 0.98204 -0.18863 0.07744 0.87653 -0.47508 0.13978 0.99012 -0.01101 0.59872 0.79503 0.09725 0.08949 0.97434 0.20651 0.0209 0.87894 0.47647 -0.04497 0.98349 -0.17527 0.40192 0.8482 0.34498 -0.50452 0.86109 -0.06309 0.22333 0.93469 0.27654 0.23049 0.93 0.2863 -0.6136 0.78959 0.00712 -0.42793 0.89075 -0.15311 -0.76589 0.61774 0.17835 -0.42926 0.87183 -0.23589 -0.48397 0.75344 -0.44509 -0.242 0.87451 -0.42032 -0.21437 0.80341 -0.5555 -2E-05 -1 -4E-05 1E-05 -1 2E-05 3E-05 -1 3E-05 0 -1 0 -1E-05 -1 -1E-05 -0.00016 -1 -0.0001 2E-05 -1 1E-05 0.00017 -1 6E-05 0 -1 0 2E-05 -1 1E-05 2E-05 -1 0 -1E-05 -1 -0 -0.0002 -1 2E-05 -2E-05 -1 0 0.00016 -1 -4E-05 -0.00011 -1 5E-05 7E-05 -1 -2E-05 8E-05 -1 -6E-05 -9E-05 -1 4E-05 -5E-05 -1 5E-05 8E-05 -1 -6E-05 -0.00059 -1 0.00061 0.00058 -1 -0.00086 -3E-05 -1 0.0001 1E-05 -1 -5E-05 -2E-05 -1 5E-05 3E-05 -1 -0.00025 -1E-05 -1 -5E-05 2E-05 -1 0.00028 -0 -1 -0 0 -1 0 1E-05 -1 2E-05 -1E-05 -1 -2E-05 0.50527 -0.85532 0.11459 0.64502 -0.75146 0.1388 0.60036 -0.69228 0.4004 0.50711 -0.71804 0.47673 0.75245 -0.4562 0.47508 0.5625 -0.34732 0.75031 0.76636 -0.19999 0.61048 0.59658 0.03901 0.80161 0.75381 0.16229 0.63674 0.64049 0.31676 0.69959 0.7177 0.36946 0.59026 0.59177 0.60742 0.52994 0.57676 0.61012 0.54323 0.68738 0.67437 0.26967 0.49391 0.84135 0.2195 0.62814 0.76943 0.11583 0.51144 0.85756 -0.05496 0.6735 0.72768 -0.12994 0.51814 0.79938 -0.30418 0.69253 0.63362 -0.34487 0.56799 0.62243 -0.53849 0.7177 0.47527 -0.50895 0.60355 0.37408 -0.70413 0.78275 0.19644 -0.59052 0.59845 0.05445 -0.79931 0.75128 -0.20099 -0.62863 0.66732 -0.17467 -0.724 0.71044 -0.37226 -0.59724 0.58634 -0.49344 -0.64244 0.7224 -0.53634 -0.43643 0.52956 -0.73895 -0.41655 0.64555 -0.70603 -0.29118 0.56229 -0.81084 -0.16237 0.61927 -0.7759 -0.12034 0.13589 -0.68127 0.71931 0.43703 -0.72483 0.53256 0.5446 -0.80374 0.2396 0.52917 -0.73446 0.42492 0.6692 -0.40393 0.6237 0.73084 -0.37178 0.57241 -0.1567 -0.89525 0.41709 0.03072 -0.87658 0.48028 0.18749 -0.82804 0.52839 0.05337 -0.39313 0.91793 -0.56297 -0.30487 0.7682 -0.62344 -0.18375 -0.75998 -0.65246 -0.4127 0.6356 -0.40757 -0.89789 0.16639 -0.35443 -0.58347 0.73072 -0.50098 0.00185 0.86546 -0.61259 -2E-05 0.7904 0.09614 0.75408 0.64971 -0.74264 0.37821 0.55267 -0.36014 0.62795 0.68991 -0.80536 0.49234 -0.33014 -0.53076 0.42567 0.73287 -0.49116 0.75155 0.44039 -0.00992 0.9999 0.01026 0.02011 0.9922 0.12304 -0.12997 0.92368 0.36044 0.39214 0.29267 0.8721 0.45742 0.72671 0.5125 0.44242 0.72597 0.52652 0.00356 0.79984 0.60021 0.83462 0.47398 -0.28062 0.95195 0.12562 0.27931 0.86336 0.36283 0.35067 0.28637 0.76814 0.57267 0.77906 0.47092 0.4139 0.46958 0.87211 0.13755 0.38045 0.61961 0.68654 0.5534 0.65284 0.51725 -0.08981 0.55437 0.82741 -0.91997 0.22224 -0.32291 -0.04283 0.22267 0.97395 0.09395 -0.23745 0.96685 -0.05291 -0.7297 0.68171 -0.2125 -0.24271 0.94654 0.22456 -0.40376 0.88687 0.4118 -0.75662 0.50788 0.29277 -0.90377 0.31222 0.70851 -0.55252 0.439 0.31733 -0.61163 0.72471 0.81069 -0.58424 0.03817 0.71247 -0.69046 -0.12514 0.96052 -0.18372 0.20893 0.95512 -0.13114 -0.26559 0.18377 0.50682 0.84224 -0.22696 0.82174 0.52272 -0.18496 0.29331 0.93796 -0.51897 0.59267 0.61597 -0.65704 0.64871 0.38403 -0.39227 0.4055 0.82565 -0.6617 0.64158 0.38798 -0.81815 0.52261 0.23982 -0.76705 0.61512 -0.1824 -0.93677 0.27894 0.21132 -0.90943 0.08682 -0.40668 -0.99645 0.02138 -0.08142 -0.7983 -0.59674 -0.08133 -0.23613 -0.68085 0.69331 -0.94105 -0.21684 0.25963 -0.38135 -0.91985 -0.09188 -0.61242 -0.57621 0.54122 0.20675 -0.62172 0.75546 -0.18733 -0.25052 0.94982 0.26961 -0.11067 0.95659 -0.2163 0.064 0.97423 -1 -0.00079 0.002 -1 -0.00026 0.00069 -1 -0 0.00053 -0.99999 -0.00034 -0.00333 -1 -0.00031 -0.00097 -0.99999 -0.00325 -0.0044 -0.99999 -0.0023 -0.00313 -1 -0.00184 -0.00132 -0.99999 -0.00355 -0.00206 -1 -0.00034 -2E-05 -1 -0.00026 -2E-05 -1 -0.00035 -5E-05 -1 -0.00155 0.00041 -1 -0.00166 0.00153 -1 0.00093 -0.00079 -1 0.00076 -0.00196 -1 0.00015 -0.00047 -1 1E-05 -0.00038 -0.99996 0.00084 0.00892 -1 0.00068 0.00245 -0.99995 0.00605 0.00834 -0.99999 0.00309 0.00449 -1 0.00053 0.00069 -0.99999 0.00491 0.00029 -1 0.0014 0.00019 -1 0.00164 -0.00045 -1 0.00154 -0.00041 -1 0.00166 -0.00153 -1 -0.00097 0.00082 0.00075 0.99997 0.00706 -0.00024 0.99998 0.00666 0.00455 0.99998 0.0043 -0.00091 0.99996 0.00886 -0.0081 0.99996 0.00252 -0.00245 0.99999 0.00475 -0.00447 0.99998 0.00522 -0.00414 0.99998 -0.00503 -0.00151 0.99999 -0.00451 -0.00664 0.99997 -0.00399 0.00062 0.99995 -0.01005 0.00191 0.99999 0.00298 0.00052 0.99998 0.00649 0.00181 0.99999 0.00513 -0.00445 0.99998 0.00523 -0.00654 0.99997 -0.00335 -0.00645 0.99998 0.00272 -0.00339 0.99999 -0.00055 -0.00295 0.99991 -0.01298 -0.01076 0.99994 0.00228 -0.00347 0.99999 -0.00114 -0.00286 0.99999 -0.00237 -0.00369 0.99999 -0.00206 0.00268 0.99998 -0.0063 -0.00213 0.99999 -0.00409 -0.00151 0.99999 -0.00402 -0.00623 0.99998 0.00023 -0.00309 0.99999 0.0036 -0.00115 0.99999 0.00428 -0.00113 0.99999 0.00427 0.00544 0.99994 0.00901 -0.00168 0.9999 0.01415 -0.01079 0.99994 0.00057 -0.00202 0.99999 0.00477 -0.00316 0.99999 0.00242 0.00036 0.99996 0.00875 -0.00628 0.99997 0.00342 -0.00735 0.99997 0.00093 -0.00075 1 0.00022 -0.00316 0.99995 0.00926 -0.00516 0.99998 0.00465 -0.00667 0.99997 0.00325 -0.00666 0.99998 0.00016 -0.00526 0.99998 -0.00413 -0.00123 0.99998 -0.00597 -0.00026 1 -0.00244 0.00176 0.99999 0.00512 0.00016 0.99998 0.00635 0.00257 0.99999 -0.003 0.0027 0.99999 0.00291 0.00278 0.99999 0.00268 0.00339 0.99999 0.00255 -0.00726 0.99995 -0.00667 -0.00362 0.99999 0.00017 -0.00519 0.99997 0.00526 0.0001 0.99976 -0.02211 0.00799 0.99997 -0.00223 0.00613 0.99997 -0.00369 0.00176 0.99999 -0.0033 0.00539 0.99998 -0.00293 0.00565 0.99998 -0.00145 0.00435 0.99999 -0.00333 0.00462 0.99995 -0.00853 0.00692 0.99998 -0.00066 0.00654 0.99998 -0.00206 0.00596 0.99998 0.00083 0.00195 0.99998 -0.00513 0.00608 0.99998 0.00189 0.00608 0.99998 0.00189 0.00656 0.99998 -0.00224 0.00269 0.99997 -0.00773 -0.00589 0.99993 -0.00999 0.00649 0.99998 0.0011 0.00459 0.99999 -0.00069 0.0044 0.99997 -0.00561 0.00159 0.99998 0.00565 0.00586 0.99998 -0.00285 0.00697 0.99998 0.00048 0.00651 0.99998 0.00105 0.00655 0.99997 -0.00278 0.00592 0.99998 0.0035 0.00278 0.99998 0.00507 0.00624 0.99998 0.0014 -0.00167 0.99997 -0.00787 0.00438 0.99997 -0.00708 0.00062 0.99999 -0.00483 0.00173 0.99999 -0.00431 -0.32021 0.42407 -0.84713 0.37973 0.62545 -0.68163 0.35697 0.33303 -0.87274 0.08738 0.81161 -0.57763 0.48929 0.85704 -0.16149 0.5872 0.62621 -0.5129 0.81082 0.45444 -0.36886 0.75954 0.59162 0.27033 0.85621 0.50965 0.08463 0.96657 0.15691 -0.20279 0.98794 0.04024 0.1495 0.94853 -0.081 -0.30616 0.90549 -0.40926 -0.11219 0.68346 -0.62896 -0.37052 0.59385 -0.56141 -0.57634 0.47128 -0.87354 0.12172 0.35344 -0.67218 -0.65058 0.09846 -0.811 -0.5767 0.90359 -0.39654 -0.16211 0.28458 -0.50222 -0.81657 -0.05298 -0.45274 -0.89007 0.19006 -0.24046 -0.95187 -0.18626 -0.09036 -0.97834 0.22397 0.02815 -0.97419 -0.69195 0.64804 -0.3182 -0.4011 0.91594 0.01302 -0.88496 0.41228 0.21649 -0.18186 0.78842 -0.58764 -0.38582 0.4374 -0.8123 -0.97073 0.17832 -0.1609 -0.84986 0.37866 -0.36653 -0.57008 0.55636 -0.60454 -0.13898 0.40393 -0.90417 0.09271 0.54206 -0.83521 -0.25419 0.1047 -0.96147 -0.06149 -0.10383 -0.99269 0.23289 -0.07484 -0.96962 -0.07614 -0.99245 -0.0962 -0.77861 -0.52067 -0.35023 -0.25041 -0.45252 -0.85587 -0.46117 -0.53054 -0.71123 -0.47988 -0.77795 -0.4056 0.22953 -0.60368 -0.76347 -0.6595 -0.64516 0.38578 -0.77116 -0.61472 0.16562 -0.94489 -0.16997 -0.2798 -0.9858 -0.05214 0.15963 0.61452 0.00076 -0.7889 0.53693 0.00192 -0.84362 0.51899 0.40616 -0.75212 0.1816 0.64199 -0.7449 0.27659 0.78529 -0.55391 0.48336 0.41247 -0.77216 -0.19768 0.81542 -0.54408 0.1854 0.84323 -0.50457 0.00129 0.95839 -0.28545 -0.075 0.85265 -0.51708 0.10274 0.88217 -0.45959 0.10748 0.68354 -0.72196 -0.38382 0.74509 -0.54545 -0.38364 0.26616 -0.8843 -0.27199 0.57079 -0.77474 -0.4291 0.00149 -0.90326 -0.83823 -0.00179 -0.54531 -0.98712 0.00012 -0.16 -0.64929 -0.75584 -0.08444 -0.17042 -0.43828 -0.88253 -0.31651 -0.86943 -0.37936 -0.70418 -0.58882 -0.39675 -0.53858 -0.42408 -0.72807 -0.61928 -0.31478 -0.71931 -0.07472 -0.6017 -0.79522 -0.13444 -0.89876 -0.41731 0.24339 -0.70754 -0.66343 -0.09396 -0.87794 -0.46947 -0.06972 -0.95556 -0.28644 -0.05969 -0.90363 -0.42414 -0.1834 -0.8151 -0.54952 0.4777 -0.32557 -0.81597 0.4875 -0.32206 -0.81156 0.39812 -0.70264 -0.58974 0.37511 -0.70018 -0.60749 -0.18048 -0.72657 -0.66296 0.08844 -0.99224 0.08737 -0.09495 -0.96825 0.23125 0.13048 -0.88613 0.4447 -0.12508 -0.79881 0.58843 0.21903 -0.53854 0.81363 0.03529 -0.58758 0.80839 -0.24736 -0.21692 0.94433 0.44897 -0.0521 0.89203 -0.23313 0.17259 0.95701 0.24197 0.44681 0.86128 0.15945 0.43209 0.88762 -0.14464 0.66179 0.73561 0.14478 0.7975 0.58569 -0.05379 0.88251 0.46722 -0.04241 0.98104 0.18912 0.04985 0.96552 0.25551 0.096 0.98851 -0.11678 -0.09659 0.96858 -0.22918 -0.00337 0.81383 -0.5811 0.07622 0.83483 -0.54521 0.17013 0.53336 -0.8286 -0.0089 0.58393 -0.81176 -0.24806 0.21656 -0.94423 0.4551 0.05436 -0.88878 -0.23343 -0.17259 -0.95694 0.24272 -0.44704 -0.86095 0.15917 -0.43214 -0.88765 -0.14459 -0.66192 -0.7355 0.14481 -0.79745 -0.58575 -0.05356 -0.88255 -0.46715 0.04976 -0.96549 -0.25565 -0.03815 -0.98055 -0.19254 0.54915 -0.00242 -0.83572 0.73767 0.00087 0.67516 0.73792 0.00087 0.67489 0.24018 -0.93944 0.24447 0.04267 -0.9861 0.16059 0.04609 -0.98388 0.17279 0.05288 -0.9765 0.20894 0.04929 -0.97233 0.22837 0.00819 -0.99683 0.07911 0.01034 -0.97878 0.20467 -0.0096 -0.96899 0.24691 -0.01735 -0.98981 0.14135 -0.01726 -0.99023 0.13841 -0.04323 -0.9715 0.23308 -0.08609 -0.94567 0.31353 -0.07369 -0.96878 0.23671 -0.20219 -0.89555 0.39636 0.84804 0.00059 0.52993 0.71563 -0.00327 0.69847 -0.39591 0.9131 -0.09748 -0.60189 0.75308 0.26571 0.05858 0.98057 0.18724 -0.04506 0.96848 0.24499 0.06552 0.97726 0.20165 0.05118 0.9786 0.1993 0.01821 0.99373 0.11028 0.02002 0.99277 0.11833 -0.02641 0.97376 0.22606 -0.00596 0.9918 0.12765 -0.00583 0.99141 0.13064 0.00586 0.9812 0.1929 -0.09201 0.95652 0.27677 -0.03973 0.98221 0.18356 -0.08361 0.94944 0.3026 0.68706 0.26819 -0.67529 0.70178 0.23232 -0.67345 0.51701 0.66732 -0.53609 0.34386 0.89044 -0.29812 0.29751 0.91488 -0.27293 0.04098 0.99691 -0.06707 -0.24998 0.93116 0.26543 -0.2695 0.91459 0.30149 -0.51834 0.69094 0.5039 -0.61814 0.42662 0.66022 -0.69725 0.21013 0.68534 -0.66943 -0.26798 0.69286 -0.66949 -0.2735 0.69063 -0.54084 -0.66036 0.52097 -0.30116 -0.89051 0.34102 -0.29374 -0.89832 0.32671 -0.08181 -0.99512 0.05509 0.24465 -0.9409 -0.23419 0.3028 -0.91475 -0.26749 0.48118 -0.72149 -0.49791 0.65166 -0.427 -0.6269 0.66266 -0.34452 -0.66497 0.71222 0.04226 0.70068 0.66083 0.26839 0.70091 0.63516 0.45132 0.6268 0.42218 0.80255 0.42152 0.29436 0.89038 0.34723 0.10443 0.99162 0.07606 -0.24105 0.9432 -0.22864 -0.30416 0.91451 -0.26675 -0.44027 0.77641 -0.45094 -0.63033 0.46747 -0.6198 -0.65172 0.42636 -0.62727 -0.69666 0.07989 -0.71294 -0.69548 -0.26806 -0.66668 -0.68688 -0.29055 -0.66617 -0.5361 -0.63948 -0.55106 -0.26284 -0.9514 -0.16047 -0.34486 -0.89034 -0.29727 -0.0704 -0.99253 -0.09965 0.23602 -0.93859 0.25169 0.26374 -0.91463 0.30642 0.56642 -0.59099 0.57437 0.6263 -0.42683 0.65236 0.65553 -0.36618 0.66045 0.39562 -0.88959 0.22826 0.27785 -0.75822 0.58983 -0.22286 -0.82054 0.52635 -0.30185 -0.56475 0.76808 0.35949 -0.40081 0.84268 -0.32346 -0.24277 0.91457 0.39878 -0.06319 0.91487 0.04186 0.27411 0.96079 -0.20604 0.22811 0.95158 0.06134 0.58289 0.81023 -0.00867 0.57414 0.81871 -0.98849 -0.07372 0.13214 -0.0327 0.82206 0.56846 0.37408 0.84063 0.39166 -0.29775 0.9377 0.17907 0.26671 0.96151 0.06614 -0.12322 0.96211 -0.24322 0.05446 0.96017 -0.27404 0.28149 0.75736 -0.58921 -0.02266 0.82205 -0.56897 -0.30479 0.56483 -0.76685 0.35598 0.40222 -0.8435 -0.34999 0.23406 -0.90704 0.38114 0.06226 -0.92242 -0.09707 -0.27205 -0.95737 -0.23663 -0.24626 -0.93987 0.23651 -0.56232 -0.79238 -0.27362 -0.63404 -0.72327 0.25233 -0.79958 -0.54498 -0.31193 -0.85258 -0.4193 0.42597 -0.88326 -0.19594 -0.57592 -0.81666 0.03729 0.99761 -0.00907 0.06843 0.95894 0.00816 0.28348 0.95494 -0.00908 0.29665 0.87668 0.00672 0.48102 0.8606 -0.02342 0.50874 0.79104 0.02521 0.61125 0.71972 -0.03863 0.69319 0.64497 0.03774 0.76328 0.54046 -0.03862 0.84048 0.45158 0.03773 0.89143 0.33204 -0.03864 0.94247 0.25166 0.02412 0.96752 0.0982 -0.01864 0.99499 0.10582 -0.00906 0.99434 -0.09443 0.00674 0.99551 -0.10157 0 0.99483 -0.24806 0 0.96875 -0.2558 -0.00784 0.9667 -0.4457 0.00817 0.89514 -0.45799 -0.00908 0.88891 -0.64012 0.00816 0.76823 -0.65062 -0.00908 0.75935 -0.78892 0.00672 0.61446 -0.79331 0 0.60881 -0.87486 0 0.48437 -0.87869 -0.00784 0.47733 -0.95696 0.00816 0.29009 -0.96086 -0.00907 0.27689 -0.99807 0.00816 0.06159 -0.99881 -0.00907 0.04785 -0.98833 0.00673 -0.15217 -0.98724 0 -0.15924 -0.95269 -0 -0.30395 -0.95019 -0.00784 -0.31156 -0.87668 0.00673 -0.48102 -0.87324 0 -0.48729 -0.79127 -0 -0.61146 -0.78633 -0.00784 -0.61776 -0.64541 0.00817 -0.76379 -0.63483 -0.00908 -0.7726 -0.46813 0.00672 -0.88364 -0.46181 0 -0.88698 -0.3251 -0 -0.94568 -0.31749 -0.00785 -0.94823 -0.11952 0.00816 -0.9928 -0.10584 -0.00908 -0.99434 0.11267 0.00816 -0.9936 0.12632 -0.00907 -0.99195 0.32148 0.00673 -0.94689 0.32825 0 -0.94459 0.46477 0 -0.88543 0.47183 -0.00784 -0.88165 0.64012 0.00817 -0.76823 0.65063 -0.00907 -0.75934 0.78892 0.00673 -0.61446 0.79331 0 -0.60881 0.87486 0 -0.48437 0.87869 -0.00784 -0.47733 0.9515 0.00673 -0.30757 0.9537 0 -0.30076 0.98777 0 -0.15594 0.98895 -0.00784 -0.14802 0.99847 0.00816 0.0547 -0.71221 0.08541 -0.69675 -0.66049 0.26836 -0.70124 -0.57053 0.61502 -0.54429 -0.29855 0.89043 -0.3435 -0.26477 0.92275 -0.28007 0.06105 0.99428 0.08765 0.30554 0.91452 0.26513 0.35676 0.86753 0.34657 0.56551 0.59764 0.56835 0.65307 0.42695 0.62547 0.66695 0.33503 0.66553 0.68583 -0.26817 0.67655 0.72134 -0.17688 0.66962 0.5522 -0.60204 0.57674 0.34151 -0.89045 0.3008 0.31637 -0.90387 0.28797 0.04126 -0.99688 0.06727 -0.22847 -0.94321 -0.24115 -0.26648 -0.91465 -0.304 -0.45267 -0.77478 -0.44137 -0.62303 -0.45938 -0.63309 -0.62813 -0.42682 -0.6506 -0.69225 0.26835 0.66991 -0.68902 0.27633 0.66999 -0.51724 0.66678 0.53654 -0.34376 0.89046 0.29818 -0.28269 0.9219 0.26492 0.09141 0.99362 -0.06602 0.26518 0.9145 -0.30557 0.3529 0.86334 -0.36071 0.57375 0.58729 -0.57087 0.62389 0.42666 -0.65477 0.67946 0.28747 -0.67505 0.69482 -0.16585 -0.6998 0.66126 -0.26827 -0.70055 0.5445 -0.65863 -0.51935 0.30014 -0.89041 -0.34217 0.27339 -0.91632 -0.2926 -0.06015 -0.99451 0.0856 -0.30492 -0.91462 0.26549 -0.33707 -0.88651 0.317 -0.52631 -0.65881 0.53755 -0.65703 -0.42705 0.62124 -0.68044 -0.23092 0.69547 0.48469 0.83563 -0.25844 0.02943 0.99957 -0.00182 -0.06899 0.97534 -0.20967 -0.0817 0.95378 -0.28919 -0.01491 0.991 -0.13303 -0.01007 0.99766 -0.06759 0.13608 0.87794 -0.45903 0.0416 0.98986 -0.13583 0.05605 0.95742 -0.28321 0.04024 0.98082 -0.19072 0.0321 0.96255 -0.2692 0.00836 0.98464 -0.1744 0.00133 0.96043 -0.2785 -0.41647 0.90822 0.04112 0.71745 0.00419 -0.6966 0.51204 -0.00122 -0.85896 0.82226 0.00133 -0.56911 0.88422 0.00156 -0.46706 -0.49064 -0.86156 -0.13031 -0.01266 -0.99958 -0.02595 0.08468 -0.96934 -0.23066 0.09594 -0.92885 -0.35781 0.04187 -0.97309 -0.22661 0.08029 -0.92685 -0.36674 0.01366 -0.98295 -0.18335 0.03779 -0.95006 -0.30978 -0.01037 -0.98615 -0.16555 -0.00697 -0.97114 -0.2384 0.00666 -0.96288 -0.26985 -0.08923 -0.9609 -0.26214 0.26938 -0.93049 -0.24822 1 -0.00015 0.00016 1 -0.00108 0.00067 1 -0.00063 8E-05 1 -0.00042 7E-05 1 -0.00036 5E-05 1 -0.00155 -0.00042 1 -0.00168 -0.00154 1 0.00096 0.00081 1 0.00078 0.00202 1 0.00015 0.00046 1 1E-05 0.00038 0.99999 0.00034 -0.00333 1 0.00031 -0.00115 0.99996 0.00504 -0.00674 0.99999 0.00226 -0.00307 1 0.00197 -0.00126 1 0.0019 -0.00123 1 0.00065 -0.00014 1 0.00141 -0.00012 1 0.00165 0.00045 1 0.00155 0.00041 1 0.00166 0.0015 1 -0.00081 -0.0007 1 -0.0007 -0.00178 1 -0.00025 -0.00066 1 0 -0.00051 0.99996 -0.00084 0.00892 1 -0.00068 0.00228 0.99996 -0.00523 0.00719 1 3E-05 0.0003 -0.79245 -0.00155 0.60993 -0.87183 0.00126 0.48981 -0.86435 0.35327 0.35791 -0.69976 0.4962 0.51393 -0.61925 0.486 0.61671 -0.47964 0.67426 0.56154 -0.01397 0.99513 0.09758 -0.2061 0.57787 0.78968 -0.13689 0.71468 0.68592 -0.12134 0.46957 0.87452 -0.04664 0.75399 0.65523 -0.00744 0.61057 0.79193 0.1088 0.65757 0.7455 0.18389 0.65615 0.73188 -0.25498 0.67714 0.69027 0.29522 0.60009 0.74346 0.03883 0.89927 0.43567 -0.18959 0.79801 0.57205 0.13742 0.88671 0.44143 0.88292 0.21877 0.41543 0.67224 0.46817 0.57351 0.44726 0.62138 0.64331 0.62006 0.45606 0.63839 0.64285 -0.7149 0.27506 0.75302 -0.57716 0.31598 0.67329 -0.28485 0.68231 0.41676 0.00114 0.90902 -0.34196 -0.0003 0.93971 -0.37431 0.00038 0.92731 -0.34319 -0.00059 0.93926 -0.34165 0.02443 0.93951 -0.26853 0.00495 0.96326 -0.20291 -0.00658 0.97917 -0.13437 0.00404 0.99092 -0.07605 -0.00456 0.99709 0.00224 0.00144 1 0.01169 -0.0006 0.99993 0.12863 -0.0003 0.99169 0.12849 -0.00026 0.99171 0.26973 0.00068 0.96294 0.26555 0.00168 0.9641 0.33209 0.00225 0.94324 0.34625 -0.00012 0.93814 0.02233 -0.99218 0.12283 -0.25431 -0.63908 0.72588 0.12238 -0.56133 0.81849 0.21416 -0.56969 0.79347 0.34295 -0.31524 0.88488 0.24431 -0.67106 0.69999 0.20684 -0.64464 0.73597 -0.15858 -0.66417 0.73057 -0.1543 -0.71924 0.67742 -0.05694 -0.79728 0.60092 0.06328 -0.84778 0.52656 0.18261 -0.87413 0.45006 0.00872 -0.76315 0.64616 -0.02477 -0.90651 0.42145 -0.25322 -0.64611 0.72001 -0.42983 -0.6987 0.5719 -0.65578 -0.5207 0.54665 -0.84144 -0.29373 0.45355 -0.64314 -0.51779 0.56415 0.71835 -0.0002 0.69568 0.72365 0.00293 0.69016 0.71758 -0.00476 0.69646 0.69584 0.00023 0.7182 0.6898 -0.00319 0.72399 0.69662 0.00512 0.71743 -0.69591 -0.00023 0.71813 -0.68944 0.00344 0.72434 -0.69682 -0.00557 0.71722 -0.71816 0.00019 0.69588 -0.7237 -0.00308 0.69011 -0.71754 0.00472 0.6965 -0.92152 -0.32928 0.20585 -0.91583 -0.33731 0.21791 -0.90506 -0.25224 0.34241 -0.93357 -0.25631 0.25049 -0.92562 -0.194 0.32495 -0.82793 -0.10099 0.55166 -0.92162 -0.09954 0.37511 -0.93169 -0.36292 0.01586 -0.9444 -0.32778 0.02597 -0.95992 -0.22647 -0.16515 -0.92508 -0.34089 -0.16739 -0.9118 -0.26965 -0.30969 -0.9217 -0.09821 -0.37527 -0.95178 -0.04941 -0.30277 -0.91682 0.09831 -0.387 -0.91446 0.09674 -0.39295 -0.92952 0.18759 -0.31748 -0.89785 0.26175 -0.35405 -0.92346 0.30908 -0.22735 -0.91147 0.33853 -0.23372 -0.94204 0.31709 -0.10964 -0.90765 0.40675 -0.10358 -0.9567 0.29085 -0.01135 -0.86417 0.49419 0.09483 -0.95881 0.26779 0.09472 -0.89387 0.36926 0.25425 -0.94925 0.24448 0.19786 -0.91509 0.23131 0.33032 -0.95595 0.15026 0.25214 -0.87271 0.11375 0.4748 -0.95542 0.03815 0.29277 0.86111 0.50623 0.04717 0.5631 0.8211 0.09331 0.82696 0.50633 0.24446 0.52639 0.82111 0.22065 0.71451 0.57908 0.3926 0.50432 0.78145 0.36743 0.56781 0.69696 0.438 0.44684 0.7269 0.5215 0.46544 0.6928 0.55082 0.30309 0.72859 0.61424 0.28246 0.78059 0.55758 0.21382 0.5251 0.82374 0.06864 0.85072 0.52112 0.06384 0.76579 0.63991 -0.08081 0.52506 0.84722 -0.1117 0.82792 0.54961 -0.17728 0.69699 0.69482 -0.31167 0.72868 0.60983 -0.2786 0.78057 0.55954 -0.55778 0.49067 0.66942 -0.34936 0.87336 0.3394 -0.65717 0.55385 0.51125 -0.6809 0.62751 0.37762 -0.44444 0.87332 0.19947 -0.86214 0.43407 0.26135 -0.58707 0.80778 0.05322 -0.71968 0.69288 0.04441 -0.67365 0.72863 -0.12367 -0.53633 0.83989 -0.0833 -0.82624 0.49809 -0.26314 -0.49695 0.82228 -0.27731 -0.47544 0.83993 -0.26168 -0.68648 0.49791 -0.52993 -0.37211 0.8223 -0.43052 -0.40347 0.78054 -0.47747 -0.39797 0.52524 -0.75216 -0.20872 0.8279 -0.52059 -0.23373 0.69692 -0.678 -0.07472 0.72863 -0.68082 -0.07471 0.78057 -0.62059 0.09819 0.49053 -0.86587 0.10654 0.81418 -0.57075 0.31312 0.53717 -0.7832 0.17513 0.83995 -0.51363 0.40265 0.498 -0.76803 0.35937 0.8223 -0.44121 0.40015 0.78055 -0.48024 0.67168 0.52511 -0.52259 0.47644 0.8279 -0.29594 0.62705 0.69698 -0.34788 0.65579 0.72694 -0.20372 0.60727 0.77003 -0.19562 0.79046 0.59956 -0.12533 0.56945 0.8211 -0.03906 0.69592 -0.00021 -0.71812 0.68995 0.00317 -0.72385 0.69656 -0.00488 -0.71748 0.71819 0.00021 -0.69584 0.724 -0.00322 -0.68979 0.71735 0.0052 -0.69669 -0.7182 -0.00021 -0.69584 -0.72385 0.00313 -0.68995 -0.7174 -0.00504 -0.69665 -0.69587 0.00021 -0.71817 -0.69013 -0.00304 -0.72368 -0.69648 0.0047 -0.71756 -0.79379 0 -0.6082 -0.78065 -0.00045 -0.62497 -0.79351 -0.35475 -0.49446 -0.64401 -0.45349 -0.61611 -0.53455 -0.70746 -0.46234 -0.02815 -0.97526 -0.21927 -0.20492 -0.61349 -0.76265 0.0483 -0.69441 -0.71796 0.10834 -0.6377 -0.76263 0.18021 -0.70526 -0.68567 -0.22664 -0.76407 -0.60401 0.31224 -0.54991 -0.77467 -0.13372 -0.74851 -0.6495 -0.02685 -0.74436 -0.66724 0.0399 -0.73886 -0.67268 0.10739 -0.82408 -0.5562 -0.18506 -0.82734 -0.53035 0.16147 -0.86431 -0.47634 0.03994 0.34215 -0.9388 0.82811 -0.26255 -0.49528 0.70147 -0.30787 -0.64278 0.63477 -0.57556 -0.51555 0.74591 0.41878 -0.51793 0.62026 0.5454 -0.56376 0.51907 0.79725 -0.30816 -0.34372 -0.00251 -0.93907 -0.33857 0.00065 -0.94094 -0.35984 8E-05 -0.93302 -0.3504 -0.11431 -0.9296 -0.26672 -0.0016 -0.96377 -0.2575 0.0007 -0.96628 -0.22323 0.00312 -0.97476 -0.14417 -0.0041 -0.98954 -0.10604 -0.00039 -0.99436 -0.08057 -0.00172 -0.99675 -0.07077 0.00039 -0.99749 0.05655 0.00018 -0.9984 0.07064 0.00354 -0.9975 0.13129 0.00399 -0.99134 0.15795 -0.00191 -0.98745 0.26563 -0.00166 -0.96407 0.26554 -0.00168 -0.9641 0.33237 -0.00225 -0.94315 0.34568 0.0001 -0.93835 -0.28024 0.59221 -0.75548 -0.25299 0.5696 -0.78202 -0.14135 0.56616 -0.81209 -0.13675 0.56541 -0.8134 0.13765 0.59284 -0.79347 0.1574 0.67663 -0.7193 0.22553 0.50544 -0.83286 0.33975 0.35638 -0.87038 0.23711 0.68992 -0.68395 0.02803 0.72467 -0.68852 -0.28182 0.57141 -0.77076 0.18359 0.84828 -0.4967 -0.02158 0.7728 -0.63429 0.03798 0.9052 -0.42329 -0.02868 0.91783 -0.39593 -0.11195 0.88158 -0.45858 -0.67077 0.50486 -0.54331 -0.84571 0.29484 -0.44479 -0.4187 0.61536 -0.66785 -0.613 0.49263 -0.61769 -0.39603 -0.88942 -0.22822 -0.27803 -0.75817 -0.58981 0.22319 -0.82051 -0.52626 0.30172 -0.56499 -0.76795 -0.35921 -0.4008 -0.84281 0.32309 -0.24363 -0.91447 -0.4001 -0.06302 -0.9143 -0.04837 0.27423 -0.96045 0.20676 0.22697 -0.9517 -0.05895 0.58573 -0.80836 0.01714 0.57643 -0.81697 -0.26636 0.8155 -0.51382 0.00517 0.81824 -0.57485 0.38693 0.89416 -0.2253 -0.42945 0.89903 -0.0855 -0.04368 0.96027 0.27563 0.16004 0.95775 0.23898 0.01108 0.82103 0.57078 -0.27817 0.75873 0.58903 0.3214 0.5605 0.76325 -0.33643 0.40225 0.85148 0.35622 0.2357 0.90419 -0.37993 0.0624 0.92291 0.09676 -0.27187 0.95746 0.23606 -0.24614 0.94005 -0.23686 -0.56222 0.79234 0.27377 -0.63399 0.72326 -0.25268 -0.79948 0.54496 0.31177 -0.85265 0.41928 -0.42597 -0.88326 0.19596 0.57586 -0.81669 -0.03729 0.99942 0.02816 0.01894 0.9943 0.10081 0.03474 0.99994 -0.00829 -0.00737 0.99924 0.03902 0.00046 0.99991 -0.00098 -0.01367 0.9999 -0.00604 0.01288 0.99925 0.01586 0.03545 0.99955 0.01369 0.02671 0.99455 0.07449 0.07292 1 0.00099 0.00287 0.99999 0.00223 0.00245 1 -0.00239 -0.00142 1 0.00049 0.00017 1 0.00046 0.0003 1 0.00133 0.00033 0.99998 -0.00545 0.00117 0.99999 -0.00448 0.00304 0.99504 -0.09745 0.01988 0.99759 -0.06191 0.03138 0.99359 -0.06628 0.09159 0.99388 -0.06361 0.09033 0.98709 -0.04384 0.15404 0.99818 0.03215 0.0511 1 0.00116 -0.0005 1 0.00141 -0.00069 1 -0.00191 -0.00131 0.99425 0.06335 -0.08637 0.9994 -0.01137 -0.03286 0.99999 0.00039 -0.00411 0.9987 0.05006 -0.0099 0.99948 -0.00253 -0.03205 -0.50405 0.86236 0.04766 0.3274 0.93924 -0.10312 -0.2462 0.91922 -0.30728 0.30207 0.87422 -0.38012 -0.61434 0.591 -0.52279 0.53943 0.804 0.25021 -0.49818 0.73703 0.45673 0.27916 0.74586 0.60478 -0.12771 0.48348 0.86599 0.12204 0.50231 0.85603 -0.22455 0.13894 0.96451 0.38517 0.04662 0.92167 -0.51327 -0.211 0.83189 0.00036 1 -0.00106 -0.00029 1 0.00044 4E-05 1 -4E-05 -0.00024 1 -0.00017 -0.00012 1 -4E-05 -0.00013 1 -5E-05 -0.00013 1 0.00015 2E-05 1 -0.0003 -0.0002 1 0.00021 0.00014 1 -8E-05 0.00026 1 -0.00058 -7E-05 1 -0.00022 -0.00022 1 -0.00031 -8E-05 1 -0.0006 -0.00016 1 -0.00089 0.00011 1 -2E-05 1E-05 1 0.00114 7E-05 1 0.0004 -1E-05 1 -0.00055 0.00017 1 -0.00078 0.00101 1 -0.00057 1E-05 1 -0.00018 -6E-05 1 -0.00037 0.00153 1 -0.00147 0.00028 1 0.00124 0.00018 1 9E-05 -0.00034 1 -0.00114 0.0009 1 0.00048 0.00035 1 0.00107 0.00033 1 0.0004 0.00037 1 0.00057 -1E-05 1 0.00024 5E-05 1 0.00043 0.00014 1 0.00025 0.00084 1 0.00091 0 1 0.0001 -0.00014 1 0.00018 0.00014 1 0.00019 0.00126 1 -9E-05 -0.00127 1 0.00156 -0.00118 1 -0.00073 -0.00033 1 0.00023 -8E-05 1 -0.0001 -0.00014 1 4E-05 -0.00012 1 2E-05 -5E-05 1 -2E-05 0.00031 1 -0.00011 0.00013 1 -0.0002 9E-05 1 -0.00036 0.00028 1 -0.00014 -0.00026 1 -0.00018 3E-05 1 -8E-05 -1E-05 1 1E-05 6E-05 1 6E-05 -0 1 3E-05 1E-05 1 3E-05 1E-05 1 3E-05 -0.00057 1 -0.00035 -9E-05 1 -0.00015 0.00082 1 -0.00117 -8E-05 1 -9E-05 1E-05 1 -0.0001 -0.0001 1 -5E-05 2E-05 1 -3E-05 -0.00031 1 -2E-05 0.00028 1 -0.00011 8E-05 1 7E-05 0.0002 1 -8E-05 0.00031 1 -0.00015 -7E-05 1 0.00017 -8E-05 1 0.00012 -0.00011 1 8E-05 -0.00037 1 1E-05 -0.00026 1 9E-05 -4E-05 1 0.00014 2E-05 1 -1E-05 9E-05 1 6E-05 1E-05 1 0.00022 4E-05 1 0.00013 3E-05 1 6E-05 1E-05 1 1E-05 -0.00041 1 -0.00061 -0.00027 1 -0.00015 1E-05 1 0.00011 3E-05 1 0.0001 3E-05 1 0.0001 0.00035 1 3E-05 0.00031 1 5E-05 -3E-05 1 7E-05 -2E-05 1 0.00011 -0.00507 0.99998 -0.00296 -0.00114 1 0.00114 -0.00106 1 -0.00123 0.00112 1 -0.00064 0.9064 -0.25061 -0.34004 0.93648 -0.26573 -0.22889 0.90332 -0.36039 -0.23264 0.94471 -0.13694 -0.29794 0.89146 -0.11668 -0.43781 0.96241 -0.00646 -0.27152 0.90453 -0.42598 -0.01885 0.95189 -0.30007 -0.06216 0.94731 -0.30429 0.10008 0.91704 -0.35797 0.17576 0.93387 -0.23464 0.26987 0.9428 -0.22707 0.24408 0.92217 -0.0982 0.3741 0.95443 -0.04118 0.29557 0.90522 0.10632 0.41143 0.93369 0.1294 0.3339 0.91693 0.23707 0.321 0.9248 0.2348 0.29936 0.90486 0.41313 0.10271 0.94441 0.28559 0.16287 0.9183 0.32455 0.2267 0.94578 0.32037 0.0536 0.95389 0.29815 -0.03457 0.85842 0.49747 -0.12509 0.96272 0.24155 -0.12174 0.87583 0.39435 -0.27821 0.95529 0.171 -0.24122 0.91064 0.25478 -0.3253 0.9478 0.10927 -0.29956 0.8809 0.11012 -0.4603 -0.34838 0.93468 -0.07075 0.29174 0.8723 -0.3924 -0.17829 0.87079 -0.45819 0.19992 0.57955 -0.79003 0.10414 0.57987 -0.80802 -0.25879 0.23556 -0.93677 0.36114 0.12645 -0.9239 -0.27983 -0.09763 -0.95507 0.36732 -0.25027 -0.89579 -0.36948 -0.40594 -0.83588 0.2924 -0.64247 -0.70833 -0.09296 -0.71429 -0.69365 0.09684 -0.89788 -0.42946 -0.29073 -0.88636 -0.36035 0.3199 -0.94492 -0.06926 -0.34881 -0.93452 0.07074 0.26562 -0.93361 0.24045 -0.35884 -0.82603 0.43463 0.26228 -0.799 0.54112 -0.08105 -0.58434 0.80745 -0.10949 -0.5798 0.80737 0.09426 -0.27253 0.95752 -0.09605 -0.24298 0.96526 0.09612 0.07133 0.99281 -0.09506 0.10154 0.99028 0.09493 0.40662 0.90865 -0.09577 0.43436 0.89564 0.11163 0.71017 0.69513 0.08002 0.71517 0.69436 -0.29133 0.88619 0.36028 0.11252 0.9394 0.32383 0.19297 0.98113 0.01205 0.80856 0.54926 -0.21105 0.51904 0.78101 -0.34731 0.5451 0.57833 -0.60695 0.23463 0.7971 -0.5564 0.05377 0.50457 -0.86169 -0.13127 0.77937 -0.61266 -0.50487 0.59205 -0.62815 -0.39117 0.72553 -0.56621 -0.74262 0.61191 -0.27218 -0.69616 0.68154 -0.22552 -0.60522 0.79062 0.09288 -0.80957 0.45351 0.37272 -0.4377 0.79515 0.4197 -0.31629 0.52251 0.79179 -0.14436 0.76131 0.63211 0.30539 0.65278 0.69327 0.32878 0.61839 0.71379 0.53131 0.76398 0.36612 0.76802 0.5458 0.33504 0.60312 0.79707 0.03029 0.80273 0.58618 -0.10963 0.6404 0.75843 -0.12115 0.65573 0.68501 -0.31747 0.65821 0.68169 -0.31947 0.53568 0.72204 -0.43784 0.57038 0.65676 -0.49329 0.41594 0.75831 -0.50195 0.45599 0.60483 -0.65288 0.27955 0.77601 -0.56538 0.28115 0.6071 -0.74323 0.12239 0.78496 -0.60734 0.08226 0.55366 -0.82867 -0.06818 0.80775 -0.58557 -0.16378 0.58796 -0.79214 -0.27408 0.75961 -0.58981 -0.38466 0.58476 -0.71421 -0.37845 0.80152 -0.46296 -0.64496 0.54634 -0.53436 -0.55273 0.67852 -0.48383 -0.61879 0.72372 -0.3055 -0.74215 0.58487 -0.32731 -0.57369 0.80976 -0.12318 -0.83775 0.54391 -0.04838 -0.66704 0.74485 0.01598 -0.71159 0.68483 0.157 -0.71133 0.68513 0.15686 -0.62202 0.72284 0.30097 -0.65141 0.68472 0.32685 -0.52838 0.72368 0.44396 -0.59793 0.58479 0.54818 -0.35592 0.80154 0.48048 -0.35969 0.54651 0.75627 -0.34783 0.6144 0.70819 -0.14138 0.77113 0.62078 -0.09318 0.55524 0.82645 -0.02015 0.75222 0.6586 0.14679 0.68504 0.71356 0.16874 0.62725 0.76031 0.26972 0.77115 0.5767 0.43408 0.55527 0.7094 0.38862 0.75225 0.53207 0.5542 0.68495 0.47298 0.55695 0.68173 0.4744 0.6211 0.72498 0.29773 0.62915 0.71726 0.29952 0.75405 0.64204 0.13855 0.6152 0.78413 0.08171 0.7859 0.54785 -0.28674 0.4916 0.79697 -0.35096 0.19814 0.52178 -0.82975 0.05245 0.74071 -0.66978 -0.52445 0.65262 -0.54685 -0.46312 0.71111 -0.529 -0.73754 0.65709 -0.15577 -0.64035 0.76744 -0.03143 -0.7237 0.58896 0.3597 -0.45092 0.78056 0.4329 -0.30342 0.57551 0.75943 -0.04924 0.779 0.62509 0.33527 0.59813 0.7279 0.3832 0.75128 0.53734 0.71205 0.62968 0.31062 0.62518 0.76743 0.14214 0.57622 0.80489 -0.14189 0.60526 0.56198 -0.56377 0.40178 0.73328 -0.54852 0.03694 0.66973 -0.74169 0.04547 0.68281 -0.72918 -0.4152 0.69895 -0.58231 -0.43389 0.68278 -0.58783 -0.69237 0.69893 -0.1792 -0.78092 0.60938 -0.13718 -0.56942 0.78278 0.25102 -0.60416 0.56424 0.56269 -0.3349 0.76235 0.55377 -0.05031 0.58898 0.80658 0.14941 0.78056 0.60696 0.47521 0.59976 0.64378 0.52405 0.78177 0.33794 0.84157 0.51956 0.14772 0.5925 0.79226 -0.14585 0.67504 0.54276 -0.49974 0.37944 0.76652 -0.51815 0.03883 0.62312 -0.78116 0.06747 0.67798 -0.73198 -0.4152 0.69894 -0.58232 -0.43389 0.68278 -0.58784 -0.69237 0.69893 -0.1792 -0.71023 0.68278 -0.17142 -0.65189 0.70182 0.28719 -0.69889 0.5901 0.40414 -0.31242 0.79743 0.51623 -0.10439 0.52412 0.84522 0.14941 0.78056 0.60696 0.4752 0.59977 0.64379 0.52405 0.78177 0.33795 0.81539 0.55341 0.16994 0.78586 0.54807 -0.28643 0.49188 0.79671 -0.35116 0.19783 0.5224 -0.82943 0.05245 0.7407 -0.66979 -0.52444 0.65264 -0.54684 -0.46309 0.71113 -0.52899 -0.73754 0.65708 -0.1558 -0.64035 0.76744 -0.03143 -0.72368 0.58898 0.35971 -0.45092 0.78056 0.4329 -0.30343 0.57552 0.75941 -0.04924 0.779 0.62508 0.33527 0.59815 0.72788 0.3832 0.75128 0.53734 0.71205 0.62968 0.31063 0.62516 0.76744 0.14214 -1 -0.00128 0.00126 -0.99969 -0.02255 -0.01015 -0.99886 -0.04725 -0.00639 -0.99268 -0.07144 -0.09739 -0.99931 0.01251 -0.03506 -1 0.00018 0.00132 -1 0.00015 -0.00062 -1 0.00034 -0.00021 -1 9E-05 -0.00018 -1 2E-05 -3E-05 -1 0.0003 8E-05 -0.99996 -0.00735 0.00452 -0.99999 0.00055 0.00399 -1 0.00039 -0.00058 -0.99999 -0.00153 -0.00341 -0.99997 0.00223 -0.00798 -0.999 0.00666 -0.04426 -0.99921 0.02663 -0.02936 -0.97463 0.13143 -0.18114 -0.99874 0.04349 -0.02499 -0.99751 0.06369 -0.03038 -0.99945 0.03222 -0.00804 -0.99884 0.04795 -0.0036 -0.99996 0.00309 0.00802 -0.99998 -0.00587 -0.00152 -1 0.00029 -0.00151 -1 0.00092 0.00062 -0.98756 0.15049 0.0455 -0.99155 0.07326 0.10704 -0.99904 0.00016 0.04389 -0.99919 -0.01621 0.03693 -0.29268 0.95465 -0.05465 0.29944 0.95162 0.06898 -0.5907 0.63428 0.49876 0.48868 0.80048 0.34702 -0.31699 0.92202 0.22223 0.29378 0.91909 -0.26263 -0.43663 0.81271 -0.3858 0.32961 0.78504 -0.52447 -0.12486 0.59333 -0.79522 -0.04196 0.60485 -0.79523 -0.04215 0.29337 -0.95507 0.01889 0.28733 -0.95765 0.1164 -0.0791 -0.99005 -0.19303 -0.10645 -0.9754 0.07495 -0.52107 -0.85021 -0.97427 -0.22466 0.01835 -0.97817 -0.18384 0.09684 -0.98473 -0.13732 0.107 -0.98146 -0.11287 0.1549 -0.98413 -0.07223 0.16206 -0.97533 0.02075 0.21976 -0.97856 -0.04854 0.20015 -0.98152 0.08322 0.17231 -0.98112 0.0859 0.17328 -0.97612 0.15513 0.15206 -0.9801 0.18363 0.07543 -0.98347 0.17266 0.0545 -0.97427 0.22465 -0.01835 -0.97818 0.18383 -0.09684 -0.98473 0.13732 -0.10699 -0.98146 0.11286 -0.15491 -0.98413 0.07223 -0.16207 -0.97533 -0.02076 -0.21975 -0.97856 0.04855 -0.20014 -0.98152 -0.08322 -0.17232 -0.97612 -0.15515 -0.15205 -0.98112 -0.08591 -0.1733 -0.98347 -0.17266 -0.05449 -0.9801 -0.18362 -0.07543 0.9549 0.02213 -0.2961 0.8314 -0.02797 -0.55498 0.63753 0.01903 -0.77019 0.3874 -0.01917 -0.92171 0.22132 0.01662 -0.97506 -0.20738 -0.01688 -0.97811 -0.37326 0.01926 -0.92753 -0.62735 -0.01853 -0.77852 -0.82249 0.02777 -0.56809 -0.95058 -0.02261 -0.30967 -0.99929 0.01656 0.0337 -0.98804 -0.01036 0.15388 -0.83146 0.01774 0.5553 -0.72245 -0.02111 0.6911 -0.41675 0.02104 0.90878 -0.22154 -0.0247 0.97484 0.20658 0.02475 0.97812 0.4023 -0.02109 0.91526 0.71141 0.02106 0.70247 0.8233 -0.01789 0.56733 0.98591 0.01075 0.16694 0.99867 -0.016 0.04895 0.98268 -0.01576 -0.18464 0.9758 0.0084 -0.21849 0.90427 0.00612 -0.42693 0.89907 -0.00256 -0.4378 0.77518 -0.00546 -0.63171 0.7354 0.02971 -0.67698 0.63929 -0.01867 -0.76874 0.47579 0.02607 -0.87917 0.44058 -0.00258 -0.89771 0.19878 -0.00579 -0.98003 0.16455 0.02222 -0.98612 -0.11563 -0.01759 -0.99314 -0.16455 0.02223 -0.98612 -0.42023 -0.01578 -0.90728 -0.47576 0.02778 -0.87913 -0.6341 -0.01936 -0.77301 -0.73541 0.02916 -0.67699 -0.77071 -0.00275 -0.63717 -0.89555 -0.00561 -0.44493 -0.90425 0.00839 -0.42692 -0.97582 0.00613 -0.2185 -0.9784 -0.00257 -0.20668 -0.99973 -0.00546 0.0224 -0.99614 0.0297 0.08254 -0.97665 -0.01866 0.21403 -0.92638 0.01983 0.37608 -0.89898 -0.01282 0.4378 -0.82149 0.02156 0.56981 -0.76707 -0.02217 0.64118 -0.614 0.02607 0.78888 -0.59389 0.00774 0.80451 -0.42846 -0.01674 0.90341 -0.35072 0.02225 0.93622 -0.22368 -0.01087 0.9746 -0.13713 0.01964 0.99036 -0.03229 -0.01865 0.9993 0.13713 0.01982 0.99035 0.20371 -0.01284 0.97895 0.35072 0.02156 0.93623 0.42207 -0.0161 0.90642 0.58845 0.00525 0.80852 0.61397 0.02778 0.78884 0.76194 -0.02289 0.64724 0.82148 0.02225 0.5698 0.90115 -0.01723 0.43316 0.9264 0.0183 0.37609 0.99114 -0.01758 0.13164 0.99634 0.0222 0.08256 0.99894 0.03409 -0.03104 0.81351 -0.03028 -0.58076 0.72454 0.01307 -0.68911 0.14057 -0.00399 -0.99006 0.07803 -0.02397 -0.99666 -0.40219 0.02492 -0.91522 -0.69109 -0.02857 -0.7222 -0.83893 0.02326 -0.54374 -0.99828 -0.03424 -0.04749 -0.97838 0.03409 0.20398 -0.72219 -0.02695 0.69117 -0.59381 0.01873 0.80439 -0.07851 -0.01881 0.99674 0.06208 0.01872 0.9979 0.58052 -0.01881 0.81403 0.71009 0.02663 0.70361 0.97488 -0.03425 0.22009 0.97208 -0.00475 -0.2346 0.97138 -0.00581 -0.23747 0.59387 0.00525 -0.80454 0.59169 0.00439 -0.80616 0.04892 -0.01091 -0.99874 -0.06221 0.01874 -0.99789 -0.58045 -0.01884 -0.81408 -0.66821 0.01114 -0.74389 -0.97459 -0.00546 -0.22392 -0.96809 0.00434 -0.25056 -0.91542 -0.01249 0.4023 -0.84979 0.02507 0.52652 -0.51507 -0.02696 0.85672 -0.25413 0.03743 0.96644 0.23731 -0.03782 0.9707 0.50189 0.02713 0.86451 0.84099 -0.0252 0.54046 0.90892 0.01236 0.41678 0.97208 -0.00475 -0.2346 0.59387 0.00525 -0.80454 0.59169 0.00439 -0.80616 0.04892 -0.01091 -0.99874 -0.06221 0.01874 -0.99789 -0.58045 -0.01884 -0.81408 -0.6682 0.01114 -0.74389 -0.96755 -0.00466 -0.25265 -0.96809 -0.00534 -0.25056 -0.92763 0.00482 0.37348 -0.91548 -0.00383 0.40234 -0.56838 0.00391 0.82276 -0.51523 -0.0135 0.85694 0.03369 0.02016 0.99923 0.23739 -0.02858 0.97099 0.5553 0.02029 0.83141 0.84099 -0.0252 0.54046 0.90892 0.01236 0.41678 0.99894 0.03409 -0.03104 0.81351 -0.03028 -0.58076 0.72454 0.01307 -0.68911 0.14057 -0.00399 -0.99006 0.07803 -0.02397 -0.99666 -0.40219 0.02492 -0.91522 -0.69109 -0.02857 -0.7222 -0.83893 0.02326 -0.54374 -0.99828 -0.03424 -0.04749 -0.97838 0.03409 0.20398 -0.72219 -0.02695 0.69117 -0.59381 0.01873 0.80439 -0.07851 -0.01881 0.99674 0.06208 0.01872 0.9979 0.58052 -0.01881 0.81403 0.71009 0.02663 0.70361 0.97488 -0.03425 0.22009 -0.07984 -0.90906 -0.40895 -0.11198 -0.90755 -0.40473 0.28933 -0.64419 -0.70803 -0.45398 -0.52702 -0.71844 0.39153 -0.24895 -0.88585 -0.35972 -0.12656 -0.92444 0.35853 0.12518 -0.92509 -0.39106 0.24777 -0.88639 0.4538 0.52583 -0.71942 -0.29081 0.6428 -0.70869 0.08829 0.89859 -0.42981 0.0405 0.89886 -0.43637 0.05926 0.99414 -0.09043 -0.06094 0.99547 -0.07303 -0.0442 0.96744 0.24919 0.29467 0.91135 0.28742 -0.36735 0.77009 0.52156 0.36908 0.66511 0.64916 -0.36903 0.52493 0.76699 0.36808 0.38082 0.84823 -0.28938 0.12979 0.94837 0.09306 0.07255 0.99301 -0.09355 -0.24263 0.9656 0.0932 -0.27139 0.95795 -0.09354 -0.55834 0.82432 0.09303 -0.58273 0.80732 -0.11352 -0.8247 0.55406 0.08631 -0.8399 0.53584 0.09299 -0.99175 0.0882 -0.09906 -0.99263 0.06975 -1 0.00013 0.00091 -0.99701 0.0493 -0.05945 -1 -0.00013 -0.00091 -1 0.00102 0.00227 -1 0.00045 0.00045 -0.99702 -0.04928 0.05942 -0.90932 0.30074 -0.28757 -1 0.00157 -0.00024 -1 0.0028 0.00066 -0.99999 0.00354 0.00097 -1 -0.00102 -0.00227 -1 -0.00045 -0.00045 -0.90913 -0.30106 0.28783 -1 -0.00157 0.00024 -1 -0.0028 -0.00066 -0.99999 -0.00353 -0.00097 -0 1 0 -0 1 0 -0 1 -0 1E-05 1 0 -1E-05 1 0 3E-05 1 -2E-05 0 1 -0 0 1 -1E-05 -0 1 -0 -0 1 -0 -1E-05 1 -0 0.97604 0.19551 -0.09553 0.98338 0.13541 -0.12093 0.97612 0.12819 -0.17538 0.97928 0.00422 -0.20247 0.98545 0.02257 -0.16844 0.97464 -0.06034 -0.2155 0.97492 -0.14994 -0.16449 0.9841 -0.15132 -0.09302 0.97912 -0.18651 -0.08081 0.97822 0.20697 -0.01609 0.98279 0.18412 0.01465 0.97658 0.20565 0.0633 0.9797 0.14333 0.14019 0.9848 0.10291 0.13992 0.97749 0.08641 0.19247 0.97094 0.01744 0.23867 0.97668 -0.05853 0.20658 0.98661 -0.09547 0.13226 0.98149 -0.09391 0.16688 0.97605 -0.18246 0.11848 0.98254 -0.18041 0.04548 0.97599 -0.2172 0.01607 -0.31503 -0.94659 -0.06875 0.34512 -0.92541 0.15655 -0.44682 -0.82797 0.33884 0.15479 -0.70937 0.68763 -0.17234 -0.74322 0.64647 -0.13093 -0.40931 0.90295 0.04919 -0.37838 0.92434 -0.18798 0.03783 0.98145 0.3109 0.13353 0.94102 -0.40664 0.3732 0.83389 0.15404 0.68769 0.70947 0.20834 0.68722 0.69593 -0.3129 0.85462 0.41439 0.17897 0.94687 0.26724 -0.31503 0.94659 0.06873 0.3452 0.92538 -0.15654 -0.44674 0.828 -0.33888 0.15504 0.70931 -0.68764 -0.17222 0.74322 -0.6465 -0.1342 0.43272 -0.89148 0.1233 0.37441 -0.91903 -0.31248 0.09762 -0.94489 0.34455 -0.13189 -0.92946 -0.15473 -0.24077 -0.95817 -0.33195 -0.5493 -0.76687 0.39663 -0.64496 -0.65323 -0.39078 -0.81453 -0.42875 0.17899 -0.94685 -0.26727 1 0.0005 6E-05 0.99989 0.01205 0.00828 0.99998 0.00404 0.00373 0.99999 0.00156 0.00382 0.99939 -0.00267 0.03487 0.99999 0.00063 0.00374 1 -0.00029 0.00061 1 -0.00088 0.0008 1 -0.00162 0.0013 1 -0.00108 0.00022 1 -0.00286 -0.00011 1 -0.00053 -0.00023 0.99993 -0.00586 -0.01 0.9999 -0.00754 -0.01209 0.99998 0.00067 -0.00598 0.99684 0.03754 -0.06996 1 0.00048 -0.00049 1 0.00098 -0.00024 1 0.00085 -0.00023 0.31515 0.94655 -0.06879 -0.34489 0.92547 0.15671 0.44672 0.82802 0.33885 -0.15498 0.70932 0.68764 -0.01271 0.73406 0.67897 0.14286 0.40862 0.90145 -0.0484 0.37744 0.92477 0.1876 -0.03783 0.98152 -0.00162 -0.07649 0.99707 0.13325 -0.40481 0.90464 0.00887 -0.43664 0.89959 0.1335 -0.6898 0.71159 -0.124 -0.73505 0.66658 0.31292 -0.85462 0.41438 -0.32365 -0.92343 0.20623 0.2273 -0.96908 0.09599 0.32276 -0.91777 -0.23136 -0.37168 -0.84536 -0.3837 0.23755 -0.80428 -0.54471 0.02289 -0.58608 -0.80993 -0.31085 -0.50267 -0.80666 0.45913 -0.22072 -0.86052 -0.43484 0.1009 -0.89484 0.2898 0.2273 -0.92971 0.04754 0.67102 -0.73991 -0.20847 0.68716 -0.69596 0.31286 0.85463 -0.41441 -0.1791 0.94685 -0.26719 0.19029 -0.88336 -0.42832 0.01309 -0.69594 -0.71798 -0.45202 -0.55005 -0.70222 0.17978 -0.40184 -0.89789 -0.29519 -0.10441 -0.94972 0.04804 -0.03847 -0.9981 -0.21465 0.41839 -0.88254 -0.32319 0.3907 -0.86191 0.28561 0.68811 -0.66703 -0.48505 0.78465 -0.38607 -0.121 0.91872 -0.37592 0.20773 0.97562 0.07085 -0.52236 0.82676 0.20885 0.30861 0.84171 0.44305 -0.36746 0.57351 0.73216 -0.13438 0.57703 0.80559 0.09876 0.24252 0.96511 -0.38607 0.10082 0.91694 0.18014 -0.10108 0.97843 -0.33313 -0.40386 0.85201 -0.28458 -0.41862 0.86242 0.28561 -0.68808 0.66706 -0.48506 -0.78462 0.38611 -0.1209 -0.91872 0.37595 0.20784 -0.9756 -0.07084 -0.52237 -0.82675 -0.20884 -1 -2E-05 -2E-05 -1 -5E-05 3E-05 -1 -1E-05 -1E-05 -1 0 0 -1 0 0 -1 -0 -0 -1 -0 0 -1 0 0 -1 1E-05 -1E-05 -1 -1E-05 -1E-05 -1 -0 2E-05 -1 1E-05 1E-05 -1 1E-05 3E-05 -1 4E-05 2E-05 -0.19029 0.88337 -0.4283 -0.01324 0.69597 -0.71795 0.54333 0.49858 -0.67544 -0.19027 0.40099 -0.89611 0.00441 0.03852 -0.99925 0.52756 -0.05283 -0.84787 -0.34676 -0.38724 -0.85428 0.47765 -0.60549 -0.63658 0.28444 -0.68834 -0.6673 -0.33235 -0.8729 -0.3572 0.5925 -0.80079 -0.08763 -0.16649 -0.98345 0.07147 0.00167 -0.89981 0.43628 0.45583 -0.75623 0.4694 -0.26688 -0.64741 0.71388 0.38796 -0.4298 0.81533 -0.26568 -0.22896 0.93648 0.32437 -0.0724 0.94316 -0.1951 0.24368 0.95003 0.30315 0.36013 0.88227 -0.11347 0.58245 0.80491 0.37064 0.68176 0.63074 -0.1901 0.81288 0.55054 -0.01321 0.96958 0.2444 0.35177 0.92294 0.1563 -0.11973 0.98797 -0.09786 0.36679 0.88794 -0.27754 0.38671 -0.92131 0.0405 -0.51303 -0.83371 0.20428 0.43158 -0.78428 0.44568 -0.70715 -0.49619 0.50372 0.60376 -0.34145 0.72033 -0.58422 -0.13506 0.80028 0.33387 0.10297 0.93698 -0.4424 0.24213 0.86351 0.36818 0.57333 0.73194 -0.40192 0.63364 0.66103 -0.06347 0.95817 0.27908 0.2769 0.93164 0.2353 -0.59018 0.78409 -0.19209 0.62293 0.70191 -0.34538 -0.70702 0.49632 -0.50378 0.60388 0.34143 -0.72024 -0.71308 0.07784 -0.69675 0.67052 -0.12719 -0.73091 -0.8068 -0.32718 -0.49197 0.74961 -0.54087 -0.38151 -0.68216 -0.69526 -0.22645 1 -1E-05 -2E-05 1 1E-05 -1E-05 1 0 -0 1 -2E-05 -3E-05 1 0 -3E-05 1 1E-05 4E-05 1 -1E-05 3E-05 1 0 2E-05 1 -0 2E-05 -0.55279 0.82838 0.09063 0.40164 0.88948 0.21796 0.06324 0.72047 0.6906 -0.36124 0.64265 0.67565 0.61747 0.19788 0.7613 -0.62626 0.04848 0.77811 0.68281 -0.27342 0.67751 -0.61237 -0.46949 0.63607 0.57614 -0.6462 0.5005 -0.24629 -0.93886 0.24059 0.24603 -0.92514 0.28912 -0.16821 -0.97191 -0.16459 0.40148 -0.88955 -0.21798 0.04128 -0.70128 -0.71169 -0.45248 -0.59415 -0.66502 0.70002 -0.07929 -0.70971 -0.77344 0.07196 -0.62977 0.80681 0.32718 -0.49194 -0.74964 0.54085 -0.38148 0.68216 0.69525 -0.22646 0.08074 -0.95697 -0.27873 -0.54301 -0.6784 -0.49489 0.30756 -0.65845 -0.68691 -0.62173 -0.33623 -0.70739 0.14144 -0.26722 -0.9532 -0.45867 0.07098 -0.88577 0.09773 0.16544 -0.98137 -0.65037 0.45052 -0.6116 0.34283 0.6593 -0.66917 -0.51183 0.82165 -0.25083 -0.11616 0.96467 -0.23647 -0.28742 0.93304 0.21641 0.28424 0.91162 0.2969 -0.65275 0.61203 0.44647 0.48032 0.4857 0.73034 -0.51679 0.36759 0.77318 -0.09571 -0.07949 0.99223 0.20986 -0.10856 0.97169 -0.65039 -0.45053 0.61157 0.34282 -0.65934 0.66913 -0.51198 -0.82157 0.25081 -0.11617 -0.96468 0.23644 -0.28742 -0.93304 -0.21639 0.1413 0.95899 -0.24572 0.31107 0.76779 -0.56012 0.12425 0.78455 -0.60749 0.34376 0.37624 -0.86039 0.08078 0.37315 -0.92425 0.36406 -0.23704 -0.90071 0.39028 -0.23176 -0.89105 -0.15397 -0.7133 -0.68373 0.4606 -0.69065 -0.55754 0.124 -0.96353 -0.23715 0.1161 -0.96468 -0.23647 0.28737 -0.93305 0.21642 -0.28436 -0.91158 0.29691 0.69814 -0.56474 0.44009 -0.62934 -0.43036 0.64708 0.78769 -0.16213 0.59436 -0.62926 0.08629 0.77239 0.73262 0.26532 0.6268 -0.3894 0.64645 0.6561 0.4442 0.7127 0.54291 0.12431 0.96348 0.23718 0.1161 0.96468 0.23647 0.28736 0.93305 -0.21641 0.03433 0.07983 -0.99622 -0.23899 0.17104 -0.95584 0.13966 0.58727 -0.79725 -0.23101 0.69236 -0.68357 0.15709 0.94455 -0.28834 -0.27954 0.95409 -0.10756 0.13736 0.96491 0.2238 -0.20985 0.8147 0.54058 -0.09404 0.8043 0.58673 0.08889 0.42768 0.89955 -0.33869 0.23936 0.90994 0.2283 -0.07775 0.97048 -0.22213 -0.48948 0.84325 0.06489 -0.59187 0.80342 -0.22641 -0.89699 0.37966 0.09429 -0.95217 0.29067 0.02326 -0.97388 -0.22586 -0.26284 -0.90585 -0.3322 0.10044 -0.80379 -0.58637 -0.25606 -0.52553 -0.81132 0.08758 -0.42763 -0.8997 -0.11582 0.38719 0.91469 0.38237 0.5097 0.77071 -0.17419 0.78332 0.59671 0.04371 0.97008 0.2388 0.31319 0.93993 0.13579 -0.13728 0.96492 -0.22379 0.1586 0.8517 -0.49945 -0.02244 0.80767 -0.58921 0.17518 0.50823 -0.84322 -0.1701 0.39481 -0.90288 0.16844 -0.17363 -0.9703 -0.08062 -0.25368 -0.96392 0.21213 -0.69541 -0.68659 -0.0505 -0.77711 -0.62733 -0.0244 -0.97073 -0.23892 0.2163 -0.96666 -0.13706 -0.07739 -0.97122 0.22527 0.26172 -0.85951 0.43903 -0.15542 -0.7792 0.6072 0.19974 -0.27866 0.93939 0.11409 -0.26144 0.95845</float_array>
          <technique_common>
            <accessor source="#norm_0-array" count="21171" stride="3">
              <param name="X" type="float"/>
              <param name="Y" type="float"/>
              <param name="Z" type="float"/>
            </accessor>
          </technique_common>
        </source>
        <vertices id="vert_0">
          <input semantic="POSITION" source="#pos_0"/>
        </vertices>
        <triangles count="7315" material="mat_0">
          <input semantic="VERTEX" source="#vert_0" offset="0"/>
          <input semantic="NORMAL" source="#norm_0" offset="1"/>
          <p>0 0 1 0 2 0 1 0 0 0 3 0 1 0 3 0 4 0 4 0 3 0 5 0 4 0 5 0 6 0 7 0 8 0 9 0 7 0 10 0 11 0 12 0 13 0 10 0 10 0 13 0 11 0 14 0 15 0 16 0 17 0 18 0 15 0 15 0 18 0 16 0 19 0 20 0 17 0 17 0 20 0 18 0 0 0 21 0 17 0 17 0 21 0 19 0 0 0 2 0 21 0 22 0 23 0 5 0 5 0 23 0 6 0 11 0 24 0 7 0 7 0 24 0 25 0 7 0 25 0 8 0 26 0 27 0 12 0 12 0 27 0 13 0 28 0 29 0 22 0 22 0 29 0 23 0 26 0 30 0 31 0 26 0 31 0 27 0 26 0 32 0 30 0 15 0 33 0 26 0 26 0 33 0 32 0 15 0 14 0 34 0 15 0 34 0 33 0 28 0 35 0 29 0 36 0 37 0 38 0 38 0 37 0 28 0 28 0 37 0 35 0 38 0 39 0 36 0 40 0 41 0 39 0 40 0 39 0 38 0 40 1 42 1 43 1 40 2 43 2 41 2 44 0 45 0 9 0 9 0 45 0 40 0 40 0 45 0 46 0 40 0 46 0 42 0 8 0 47 0 9 0 9 0 47 0 44 0 14 3 48 3 49 3 14 4 49 4 50 4 14 5 50 5 34 5 34 6 50 6 51 6 34 7 51 7 33 7 33 8 51 8 52 8 33 9 52 9 32 9 32 10 52 10 30 10 30 11 52 11 53 11 30 12 53 12 31 12 31 13 53 13 54 13 31 14 54 14 27 14 27 15 54 15 55 15 27 16 55 16 13 16 13 17 55 17 56 17 13 18 56 18 57 18 13 19 57 19 11 19 11 20 57 20 58 20 11 21 58 21 24 21 24 22 58 22 25 22 25 23 58 23 59 23 25 24 59 24 8 24 8 25 59 25 60 25 8 26 60 26 47 26 47 27 60 27 61 27 47 28 61 28 44 28 44 29 61 29 62 29 44 30 62 30 63 30 44 31 63 31 45 31 45 32 63 32 64 32 45 33 64 33 46 33 46 34 64 34 42 34 42 35 64 35 65 35 42 36 65 36 66 36 42 37 66 37 43 37 67 38 68 38 69 38 67 39 69 39 4 39 4 40 69 40 70 40 4 41 70 41 1 41 1 42 70 42 71 42 1 43 71 43 2 43 2 44 71 44 72 44 2 45 72 45 21 45 21 46 72 46 73 46 21 47 73 47 19 47 19 48 73 48 74 48 19 49 74 49 20 49 20 50 74 50 75 50 20 51 75 51 18 51 18 52 75 52 16 52 16 53 75 53 76 53 16 54 76 54 14 54 14 55 76 55 48 55 43 56 66 56 77 56 43 57 77 57 41 57 41 58 77 58 78 58 41 59 78 59 39 59 39 60 78 60 79 60 39 61 79 61 36 61 36 62 79 62 80 62 36 63 80 63 37 63 37 64 80 64 81 64 37 65 81 65 35 65 35 66 81 66 82 66 35 67 82 67 29 67 29 68 82 68 83 68 29 69 83 69 23 69 23 70 83 70 84 70 23 71 84 71 6 71 58 72 85 72 86 72 82 72 87 72 88 72 89 72 82 72 88 72 84 72 90 72 69 72 69 72 90 72 91 72 92 72 59 72 86 72 86 72 59 72 58 72 93 72 65 72 94 72 94 72 65 72 64 72 94 72 64 72 95 72 96 72 77 72 93 72 93 72 77 72 66 72 93 72 66 72 65 72 79 72 97 72 98 72 90 72 84 72 83 72 90 72 83 72 89 72 89 72 83 72 82 72 85 72 58 72 57 72 85 72 57 72 99 72 99 72 57 72 100 72 101 72 61 72 102 72 102 72 61 72 60 72 102 72 60 72 92 72 92 72 60 72 59 72 103 72 62 72 101 72 101 72 62 72 61 72 104 72 78 72 96 72 96 72 78 72 77 72 97 72 79 72 78 72 97 72 78 72 104 72 105 72 80 72 98 72 98 72 80 72 79 72 82 72 81 72 87 72 87 72 81 72 105 72 105 72 81 72 80 72 106 72 70 72 91 72 91 72 70 72 69 72 107 72 71 72 106 72 106 72 71 72 70 72 95 72 64 72 63 72 95 72 63 72 103 72 103 72 63 72 62 72 108 72 54 72 109 72 109 72 54 72 110 72 74 72 73 72 111 72 111 72 73 72 112 72 57 72 56 72 100 72 100 72 56 72 55 72 100 72 55 72 108 72 108 72 55 72 54 72 113 72 72 72 107 72 107 72 72 72 71 72 112 72 73 72 72 72 112 72 72 72 113 72 74 72 111 72 114 72 74 72 114 72 75 72 75 72 114 72 115 72 75 72 115 72 76 72 76 72 115 72 116 72 117 72 51 72 118 72 118 72 51 72 50 72 118 72 50 72 119 72 120 72 52 72 117 72 117 72 52 72 51 72 119 72 50 72 49 72 119 72 49 72 116 72 116 72 49 72 48 72 116 72 48 72 76 72 54 72 53 72 110 72 110 72 53 72 120 72 120 72 53 72 52 72 15 73 116 73 115 73 15 74 115 74 17 74 17 75 115 75 114 75 17 76 114 76 111 76 17 77 111 77 112 77 17 78 112 78 0 78 0 79 112 79 113 79 0 80 113 80 107 80 0 81 107 81 106 81 0 82 106 82 3 82 3 83 106 83 91 83 3 84 91 84 121 84 3 85 121 85 22 85 22 86 121 86 89 86 22 87 89 87 28 87 28 88 89 88 88 88 28 89 88 89 87 89 28 90 87 90 105 90 28 91 105 91 38 91 38 92 105 92 98 92 38 93 98 93 97 93 38 94 97 94 104 94 38 95 104 95 40 95 40 96 104 96 96 96 40 97 96 97 93 97 40 98 93 98 94 98 40 99 94 99 95 99 40 100 95 100 9 100 9 101 95 101 103 101 9 102 103 102 101 102 9 103 101 103 102 103 9 104 102 104 7 104 7 105 102 105 92 105 7 106 92 106 86 106 7 107 86 107 85 107 7 108 85 108 122 108 7 109 122 109 12 109 12 110 122 110 100 110 12 111 100 111 108 111 12 112 108 112 26 112 26 113 108 113 109 113 26 114 109 114 110 114 26 115 110 115 120 115 26 116 120 116 117 116 26 117 117 117 15 117 15 118 117 118 118 118 15 119 118 119 119 119 15 120 119 120 116 120 123 121 124 121 125 121 123 122 126 122 127 122 127 123 126 123 128 123 127 124 128 124 129 124 125 125 130 125 123 125 123 126 130 126 126 126 131 127 132 127 133 127 134 128 135 128 136 128 137 129 134 129 136 129 131 130 133 130 137 130 137 131 133 131 134 131 138 132 139 132 140 132 141 133 142 133 143 133 144 134 141 134 145 134 141 135 144 135 142 135 138 136 140 136 143 136 140 137 141 137 143 137 146 138 147 138 148 138 146 139 148 139 149 139 149 140 148 140 150 140 149 141 150 141 151 141 151 142 150 142 152 142 151 143 152 143 153 143 153 144 152 144 154 144 153 145 154 145 155 145 153 146 155 146 156 146 156 147 155 147 157 147 156 148 157 148 158 148 158 149 157 149 159 149 158 150 159 150 160 150 160 151 159 151 161 151 160 152 161 152 162 152 160 153 162 153 147 153 160 154 147 154 146 154 163 155 164 155 165 155 166 156 167 156 168 156 167 157 169 157 168 157 170 158 171 158 167 158 167 159 171 159 169 159 171 160 170 160 172 160 170 161 173 161 172 161 170 162 174 162 173 162 174 163 170 163 175 163 174 164 175 164 176 164 176 165 175 165 177 165 177 166 178 166 176 166 164 167 178 167 177 167 165 168 164 168 177 168 179 169 180 169 165 169 165 170 180 170 163 170 181 171 179 171 165 171 181 172 182 172 179 172 183 173 184 173 182 173 183 174 182 174 181 174 185 175 184 175 183 175 183 176 186 176 185 176 187 177 188 177 189 177 187 178 189 178 190 178 191 179 187 179 190 179 192 180 191 180 190 180 193 181 194 181 195 181 196 182 197 182 198 182 198 183 197 183 199 183 198 184 199 184 200 184 200 185 199 185 201 185 200 186 201 186 202 186 202 187 201 187 203 187 202 188 203 188 204 188 202 189 204 189 205 189 205 190 204 190 206 190 205 191 206 191 195 191 207 192 208 192 194 192 194 193 193 193 207 193 195 194 209 194 193 194 194 195 208 195 210 195 210 196 208 196 211 196 210 197 211 197 196 197 196 198 211 198 212 198 196 199 212 199 213 199 196 200 213 200 197 200 206 201 209 201 195 201 207 202 214 202 208 202 209 203 215 203 193 203 215 204 216 204 193 204 217 205 216 205 215 205 218 206 216 206 217 206 219 207 220 207 221 207 221 208 220 208 222 208 223 209 222 209 224 209 223 210 224 210 225 210 214 211 207 211 223 211 223 212 221 212 222 212 226 213 218 213 227 213 228 214 229 214 226 214 228 215 226 215 227 215 225 216 214 216 223 216 230 217 231 217 229 217 218 218 226 218 216 218 232 219 233 219 234 219 235 220 236 220 237 220 238 221 236 221 235 221 238 222 235 222 239 222 240 223 234 223 235 223 234 224 240 224 232 224 240 225 235 225 237 225 233 226 232 226 241 226 189 227 188 227 242 227 189 228 242 228 243 228 239 229 243 229 238 229 239 230 189 230 243 230 241 231 232 231 240 231 167 232 244 232 170 232 170 233 244 233 245 233 170 234 245 234 175 234 175 235 245 235 246 235 175 236 246 236 177 236 177 237 246 237 247 237 177 238 247 238 165 238 165 239 247 239 181 239 181 240 247 240 248 240 181 241 248 241 183 241 183 242 248 242 186 242 186 243 248 243 249 243 250 244 249 244 251 244 251 245 166 245 250 245 249 246 250 246 252 246 249 247 252 247 186 247 167 248 166 248 244 248 244 249 166 249 251 249 168 250 250 250 166 250 252 251 253 251 185 251 185 252 253 252 184 252 185 253 186 253 252 253 254 254 180 254 179 254 254 255 179 255 182 255 255 256 171 256 172 256 173 257 174 257 255 257 169 258 255 258 256 258 169 259 256 259 168 259 172 260 173 260 255 260 171 261 255 261 169 261 184 262 253 262 254 262 184 263 254 263 182 263 250 264 168 264 256 264 257 265 258 265 259 265 260 266 261 266 262 266 263 267 260 267 264 267 261 268 260 268 263 268 260 269 265 269 264 269 264 270 265 270 266 270 260 271 262 271 267 271 268 272 269 272 270 272 268 273 270 273 271 273 269 274 259 274 270 274 270 275 259 275 258 275 267 276 257 276 259 276 262 277 257 277 267 277 265 278 260 278 272 278 268 279 192 279 273 279 273 280 192 280 190 280 273 281 190 281 274 281 268 282 273 282 269 282 269 283 273 283 275 283 276 284 277 284 275 284 275 285 277 285 269 285 190 286 189 286 274 286 274 287 189 287 278 287 274 288 278 288 279 288 279 289 278 289 280 289 281 290 282 290 283 290 284 291 285 291 286 291 287 292 219 292 288 292 223 293 207 293 289 293 290 294 291 294 292 294 292 295 291 295 293 295 293 296 291 296 294 296 293 297 294 297 295 297 295 298 294 298 296 298 289 299 207 299 297 299 298 300 193 300 299 300 300 301 299 301 193 301 301 302 302 302 299 302 301 303 299 303 300 303 303 304 304 304 305 304 303 305 305 305 306 305 306 306 305 306 307 306 307 307 308 307 309 307 310 308 311 308 312 308 312 309 311 309 313 309 314 310 311 310 310 310 315 311 316 311 317 311 318 312 315 312 234 312 234 313 315 313 235 313 319 314 280 314 320 314 319 315 321 315 322 315 283 316 323 316 322 316 324 317 325 317 284 317 326 318 327 318 231 318 326 319 231 319 328 319 328 320 288 320 329 320 207 321 298 321 297 321 328 322 231 322 330 322 231 323 327 323 229 323 226 324 229 324 331 324 207 325 193 325 298 325 332 326 286 326 333 326 304 327 332 327 305 327 305 328 332 328 333 328 305 329 333 329 334 329 305 330 334 330 307 330 307 331 334 331 308 331 309 332 308 332 335 332 309 333 335 333 336 333 336 334 335 334 313 334 313 335 335 335 312 335 337 336 235 336 315 336 337 337 315 337 338 337 338 338 315 338 317 338 338 339 317 339 314 339 338 340 314 340 310 340 312 341 335 341 339 341 339 342 335 342 308 342 286 343 285 343 333 343 333 344 285 344 340 344 333 345 340 345 341 345 239 346 235 346 337 346 239 347 337 347 342 347 342 348 337 348 343 348 343 349 337 349 338 349 343 350 338 350 344 350 344 351 338 351 310 351 344 352 310 352 345 352 345 353 310 353 312 353 345 354 312 354 339 354 346 355 339 355 308 355 346 356 308 356 334 356 346 357 334 357 341 357 341 358 334 358 333 358 347 359 331 359 284 359 348 360 226 360 331 360 348 361 331 361 349 361 349 362 331 362 347 362 349 363 347 363 350 363 350 364 347 364 286 364 351 365 352 365 353 365 354 366 353 366 355 366 354 367 355 367 356 367 357 368 356 368 358 368 357 369 358 369 359 369 359 370 358 370 288 370 360 371 351 371 353 371 360 372 353 372 354 372 359 373 288 373 219 373 361 374 351 374 360 374 362 375 360 375 354 375 362 376 354 376 363 376 363 377 354 377 356 377 363 378 356 378 357 378 363 379 357 379 364 379 364 380 357 380 365 380 365 381 357 381 359 381 365 382 359 382 221 382 221 383 359 383 219 383 221 384 223 384 366 384 221 385 366 385 365 385 216 386 226 386 348 386 216 387 348 387 300 387 300 388 348 388 349 388 300 389 349 389 301 389 301 390 349 390 350 390 304 391 350 391 332 391 347 392 284 392 286 392 350 393 286 393 332 393 304 394 303 394 350 394 350 395 303 395 302 395 350 396 302 396 301 396 216 397 300 397 193 397 290 398 361 398 291 398 291 399 361 399 360 399 291 400 360 400 294 400 294 401 360 401 362 401 294 402 362 402 296 402 296 403 362 403 363 403 296 404 363 404 364 404 296 405 364 405 367 405 367 406 364 406 365 406 367 407 365 407 366 407 289 408 366 408 223 408 295 409 296 409 368 409 368 410 296 410 367 410 368 411 367 411 369 411 369 412 367 412 297 412 297 413 367 413 366 413 297 414 366 414 289 414 352 415 370 415 353 415 353 416 370 416 355 416 355 417 370 417 371 417 355 418 371 418 372 418 355 419 372 419 356 419 356 420 372 420 373 420 356 421 373 421 358 421 358 422 373 422 329 422 358 423 329 423 288 423 288 424 328 424 287 424 287 425 328 425 330 425 278 426 239 426 342 426 278 427 189 427 239 427 320 428 278 428 343 428 344 429 374 429 320 429 280 430 278 430 320 430 320 431 343 431 344 431 278 432 342 432 343 432 319 433 320 433 374 433 322 434 321 434 283 434 283 435 321 435 281 435 319 436 374 436 321 436 282 437 340 437 375 437 282 438 375 438 323 438 323 439 283 439 282 439 281 440 346 440 282 440 282 441 346 441 341 441 327 442 326 442 324 442 327 443 324 443 284 443 284 444 325 444 285 444 285 445 325 445 375 445 285 446 375 446 340 446 340 447 282 447 341 447 229 448 327 448 331 448 331 449 327 449 284 449 346 450 281 450 339 450 339 451 281 451 321 451 339 452 321 452 345 452 345 453 321 453 374 453 345 454 374 454 344 454 233 455 376 455 234 455 241 456 377 456 233 456 376 457 233 457 377 457 265 458 272 458 376 458 377 459 266 459 376 459 265 460 376 460 266 460 378 461 379 461 380 461 260 462 381 462 272 462 382 463 383 463 384 463 385 464 383 464 382 464 385 465 382 465 386 465 387 466 380 466 388 466 379 467 388 467 380 467 388 468 379 468 389 468 389 469 390 469 388 469 390 470 391 470 392 470 392 471 391 471 393 471 394 472 250 472 395 472 395 473 250 473 396 473 395 474 396 474 397 474 398 475 399 475 400 475 400 476 399 476 401 476 400 477 401 477 290 477 400 478 290 478 292 478 370 479 352 479 402 479 403 480 404 480 405 480 405 481 404 481 406 481 407 482 405 482 406 482 178 483 408 483 409 483 407 484 409 484 405 484 276 485 410 485 411 485 411 486 410 486 412 486 178 487 164 487 413 487 174 488 176 488 409 488 409 489 176 489 178 489 414 490 415 490 416 490 414 491 416 491 394 491 394 492 416 492 253 492 394 493 253 493 252 493 394 494 252 494 250 494 255 495 174 495 407 495 417 496 407 496 406 496 417 497 406 497 418 497 418 498 406 498 404 498 418 499 404 499 419 499 351 500 420 500 352 500 420 501 351 501 421 501 420 502 421 502 419 502 407 503 417 503 422 503 407 504 422 504 255 504 422 505 417 505 423 505 423 506 417 506 418 506 423 507 418 507 424 507 424 508 418 508 419 508 424 509 419 509 425 509 425 510 419 510 421 510 425 511 421 511 361 511 361 512 421 512 351 512 256 513 255 513 396 513 396 514 255 514 422 514 426 515 396 515 422 515 426 516 422 516 423 516 426 517 423 517 427 517 427 518 423 518 424 518 427 519 424 519 399 519 399 520 424 520 425 520 399 521 425 521 401 521 401 522 425 522 361 522 401 523 361 523 290 523 250 524 256 524 396 524 397 525 396 525 426 525 397 526 426 526 428 526 428 527 426 527 427 527 428 528 427 528 398 528 398 529 427 529 399 529 392 530 393 530 414 530 414 531 393 531 429 531 414 532 429 532 415 532 416 533 415 533 430 533 416 534 430 534 253 534 431 535 432 535 433 535 431 536 433 536 434 536 435 537 436 537 437 537 437 538 436 538 413 538 437 539 413 539 180 539 180 540 413 540 163 540 438 541 439 541 432 541 438 542 432 542 431 542 435 543 434 543 436 543 435 544 430 544 415 544 435 545 415 545 434 545 434 546 415 546 429 546 434 547 429 547 393 547 431 548 393 548 438 548 438 549 393 549 391 549 439 550 438 550 389 550 439 551 389 551 378 551 180 552 254 552 437 552 437 553 254 553 430 553 437 554 430 554 435 554 431 555 434 555 393 555 260 556 267 556 440 556 441 557 440 557 442 557 441 558 442 558 382 558 382 559 442 559 443 559 382 560 443 560 386 560 386 561 443 561 444 561 386 562 444 562 445 562 378 563 445 563 446 563 381 564 260 564 440 564 381 565 440 565 447 565 447 566 440 566 441 566 447 567 441 567 384 567 384 568 441 568 382 568 448 569 386 569 445 569 448 570 445 570 380 570 380 571 445 571 378 571 254 572 253 572 430 572 438 573 391 573 390 573 438 574 390 574 389 574 449 575 385 575 386 575 449 576 386 576 450 576 450 577 386 577 448 577 450 578 448 578 387 578 387 579 448 579 380 579 451 580 452 580 453 580 454 581 453 581 452 581 454 582 452 582 455 582 453 583 456 583 451 583 451 584 456 584 412 584 412 585 456 585 457 585 412 586 457 586 411 586 453 587 458 587 456 587 456 588 458 588 457 588 277 589 411 589 443 589 277 590 443 590 442 590 457 591 443 591 411 591 276 592 411 592 277 592 269 593 277 593 459 593 269 594 459 594 259 594 277 595 442 595 459 595 267 596 259 596 440 596 440 597 259 597 459 597 440 598 459 598 442 598 444 599 443 599 457 599 444 600 457 600 445 600 445 601 457 601 458 601 445 602 458 602 446 602 446 603 458 603 453 603 436 604 460 604 461 604 436 605 461 605 462 605 436 606 462 606 413 606 413 607 462 607 408 607 413 608 408 608 178 608 455 609 461 609 460 609 455 610 460 610 433 610 455 611 433 611 454 611 453 612 454 612 446 612 174 613 409 613 407 613 404 614 403 614 419 614 419 615 403 615 420 615 420 616 403 616 402 616 420 617 402 617 352 617 389 618 379 618 378 618 378 619 446 619 439 619 439 620 446 620 454 620 439 621 454 621 432 621 432 622 454 622 433 622 434 623 433 623 460 623 434 624 460 624 436 624 163 625 413 625 164 625 463 626 464 626 465 626 466 627 467 627 468 627 469 628 470 628 471 628 472 629 473 629 474 629 475 630 476 630 477 630 478 631 479 631 480 631 481 632 482 632 483 632 479 633 484 633 485 633 486 634 487 634 488 634 488 635 487 635 489 635 488 636 489 636 490 636 490 637 489 637 478 637 490 638 478 638 480 638 480 639 479 639 485 639 485 640 484 640 491 640 485 641 491 641 492 641 492 642 491 642 493 642 482 643 481 643 494 643 495 644 496 644 477 644 477 645 496 645 475 645 497 646 498 646 499 646 474 647 499 647 500 647 473 648 472 648 471 648 473 649 471 649 470 649 470 650 469 650 466 650 492 651 493 651 483 651 493 652 501 652 483 652 499 653 498 653 500 653 502 654 503 654 504 654 505 655 506 655 507 655 503 656 506 656 505 656 508 657 509 657 510 657 511 658 512 658 513 658 509 659 508 659 512 659 514 660 515 660 516 660 517 661 518 661 519 661 520 662 517 662 521 662 522 663 523 663 524 663 525 664 526 664 527 664 528 665 529 665 530 665 531 666 315 666 532 666 533 667 534 667 535 667 536 668 537 668 538 668 539 669 400 669 540 669 515 670 395 670 541 670 542 671 535 671 534 671 543 672 544 672 545 672 293 673 544 673 546 673 295 674 547 674 545 674 548 675 547 675 368 675 549 676 548 676 297 676 297 677 548 677 369 677 369 678 548 678 368 678 550 679 302 679 303 679 551 680 302 680 550 680 552 681 306 681 553 681 553 682 306 682 554 682 336 683 555 683 556 683 536 684 557 684 537 684 526 685 558 685 559 685 560 686 450 686 561 686 561 687 450 687 387 687 562 688 388 688 502 688 390 689 506 689 503 689 507 690 506 690 390 690 512 691 508 691 414 691 394 692 513 692 512 692 563 693 564 693 394 693 394 694 564 694 513 694 395 695 515 695 514 695 519 696 397 696 517 696 517 697 397 697 521 697 521 698 397 698 428 698 428 699 524 699 521 699 522 700 398 700 539 700 539 701 398 701 400 701 540 702 400 702 565 702 316 703 535 703 317 703 566 704 314 704 317 704 536 705 311 705 314 705 313 706 311 706 538 706 555 707 336 707 313 707 307 708 309 708 554 708 303 709 306 709 552 709 554 710 306 710 307 710 550 711 303 711 552 711 567 712 299 712 551 712 551 713 299 713 302 713 567 714 568 714 299 714 299 715 568 715 298 715 549 716 297 716 568 716 568 717 297 717 298 717 368 718 547 718 295 718 295 719 545 719 293 719 565 720 400 720 569 720 569 721 400 721 546 721 546 722 400 722 292 722 546 723 292 723 293 723 544 724 293 724 545 724 428 725 398 725 524 725 524 726 398 726 522 726 397 727 519 727 541 727 397 728 541 728 395 728 395 729 514 729 394 729 563 730 394 730 514 730 512 731 414 731 394 731 414 732 508 732 392 732 507 733 390 733 392 733 507 734 392 734 570 734 570 735 392 735 510 735 510 736 392 736 508 736 388 737 390 737 503 737 502 738 388 738 503 738 388 739 562 739 387 739 561 740 387 740 562 740 560 741 571 741 450 741 572 742 449 742 571 742 571 743 449 743 450 743 383 744 527 744 384 744 554 745 336 745 556 745 554 746 309 746 336 746 555 747 313 747 538 747 555 748 538 748 537 748 538 749 311 749 536 749 536 750 314 750 566 750 536 751 566 751 557 751 317 752 535 752 566 752 566 753 535 753 542 753 566 754 542 754 557 754 535 755 316 755 531 755 533 756 535 756 531 756 531 757 316 757 315 757 533 758 531 758 532 758 533 759 573 759 534 759 532 760 315 760 574 760 315 761 318 761 574 761 575 762 533 762 532 762 575 763 532 763 574 763 573 764 533 764 575 764 574 765 576 765 575 765 576 766 573 766 575 766 577 767 573 767 576 767 576 768 574 768 578 768 576 769 530 769 577 769 574 770 318 770 234 770 574 771 234 771 578 771 578 772 234 772 272 772 272 773 234 773 376 773 272 774 528 774 578 774 576 775 578 775 530 775 530 776 578 776 528 776 529 777 579 777 530 777 381 778 528 778 272 778 528 779 381 779 529 779 526 780 559 780 579 780 447 781 529 781 381 781 447 782 526 782 529 782 579 783 529 783 526 783 526 784 525 784 558 784 580 785 525 785 527 785 580 786 527 786 581 786 582 787 581 787 527 787 383 788 385 788 527 788 384 789 527 789 447 789 385 790 572 790 582 790 385 791 582 791 527 791 447 792 527 792 526 792 385 793 449 793 572 793 525 794 583 794 558 794 580 795 583 795 525 795 572 796 571 796 584 796 572 797 584 797 585 797 562 798 502 798 586 798 562 799 586 799 587 799 562 800 587 800 561 800 572 801 585 801 582 801 530 802 579 802 588 802 530 803 588 803 577 803 589 804 590 804 591 804 592 805 593 805 594 805 594 806 593 806 589 806 589 807 593 807 590 807 593 808 592 808 595 808 596 809 597 809 595 809 595 810 597 810 593 810 598 811 599 811 463 811 597 812 596 812 599 812 597 813 599 813 598 813 465 814 598 814 463 814 600 815 601 815 590 815 590 816 601 816 602 816 590 817 602 817 591 817 601 818 600 818 603 818 603 819 600 819 604 819 600 820 468 820 604 820 605 821 466 821 468 821 606 822 487 822 486 822 606 823 486 823 607 823 608 824 607 824 609 824 609 825 610 825 611 825 611 826 610 826 612 826 613 827 614 827 615 827 616 828 617 828 618 828 611 829 612 829 619 829 615 830 620 830 621 830 621 831 620 831 622 831 623 832 617 832 624 832 619 833 612 833 614 833 613 834 615 834 625 834 618 835 617 835 623 835 623 836 624 836 626 836 608 837 609 837 627 837 627 838 609 838 611 838 625 839 615 839 621 839 621 840 622 840 628 840 628 841 622 841 616 841 626 842 624 842 629 842 546 843 630 843 631 843 546 844 631 844 569 844 569 845 631 845 632 845 569 846 632 846 565 846 565 847 632 847 540 847 540 848 632 848 539 848 539 849 632 849 633 849 539 850 633 850 522 850 522 851 633 851 523 851 541 852 516 852 515 852 516 853 634 853 514 853 634 854 563 854 514 854 563 855 635 855 564 855 564 856 635 856 513 856 513 857 635 857 511 857 509 858 636 858 510 858 510 859 636 859 570 859 570 860 636 860 637 860 570 861 637 861 507 861 507 862 637 862 505 862 505 863 637 863 638 863 505 864 638 864 503 864 503 865 638 865 504 865 504 866 638 866 502 866 502 867 638 867 586 867 639 868 560 868 561 868 639 869 561 869 587 869 581 870 640 870 580 870 580 871 640 871 583 871 558 872 583 872 641 872 588 873 579 873 641 873 641 874 579 874 559 874 641 875 559 875 558 875 470 876 466 876 605 876 474 877 642 877 499 877 497 878 643 878 476 878 476 879 643 879 477 879 644 880 495 880 645 880 644 881 482 881 494 881 644 882 494 882 495 882 492 883 483 883 646 883 646 884 483 884 482 884 632 885 631 885 647 885 632 886 647 886 648 886 632 887 648 887 633 887 633 888 648 888 649 888 633 889 649 889 650 889 650 890 649 890 651 890 634 891 652 891 635 891 635 892 652 892 653 892 654 893 655 893 636 893 524 894 523 894 633 894 524 895 633 895 650 895 524 896 650 896 521 896 521 897 650 897 520 897 520 898 650 898 517 898 517 899 650 899 651 899 517 900 651 900 518 900 518 901 651 901 656 901 518 902 656 902 519 902 519 903 656 903 541 903 541 904 656 904 516 904 563 905 634 905 635 905 511 906 635 906 653 906 511 907 653 907 512 907 512 908 653 908 509 908 509 909 653 909 654 909 509 910 654 910 636 910 657 911 658 911 659 911 659 912 658 912 660 912 660 913 658 913 661 913 660 914 661 914 662 914 662 915 661 915 663 915 662 916 663 916 664 916 665 917 666 917 667 917 665 918 667 918 668 918 668 919 667 919 669 919 668 920 669 920 670 920 670 921 669 921 671 921 670 922 671 922 672 922 647 923 673 923 659 923 647 924 659 924 648 924 648 925 659 925 660 925 648 926 660 926 649 926 649 927 660 927 662 927 649 928 662 928 674 928 652 929 675 929 665 929 652 930 665 930 668 930 652 931 668 931 653 931 653 932 668 932 654 932 654 933 668 933 670 933 654 934 670 934 655 934 638 935 672 935 676 935 638 936 676 936 677 936 678 937 679 937 680 937 680 938 679 938 641 938 680 939 641 939 681 939 681 940 641 940 682 940 681 941 682 941 683 941 683 942 682 942 684 942 683 943 684 943 685 943 685 944 684 944 686 944 685 945 686 945 687 945 687 946 686 946 688 946 687 947 688 947 689 947 689 948 677 948 676 948 672 949 655 949 670 949 666 950 665 950 675 950 666 951 675 951 690 951 690 952 675 952 691 952 690 953 691 953 664 953 664 954 691 954 674 954 664 955 674 955 662 955 657 956 659 956 673 956 657 957 673 957 692 957 640 958 581 958 582 958 640 959 582 959 693 959 693 960 582 960 585 960 693 961 585 961 584 961 693 962 584 962 686 962 686 963 584 963 571 963 686 964 571 964 560 964 686 965 560 965 639 965 639 966 587 966 586 966 639 967 586 967 677 967 677 968 586 968 638 968 637 969 636 969 655 969 634 970 516 970 694 970 694 971 516 971 656 971 694 972 656 972 651 972 679 973 588 973 641 973 641 974 583 974 682 974 682 975 583 975 640 975 682 976 640 976 684 976 684 977 640 977 693 977 684 978 693 978 686 978 688 979 686 979 639 979 688 980 639 980 689 980 689 981 639 981 677 981 672 982 638 982 637 982 672 983 637 983 655 983 675 984 652 984 634 984 675 985 634 985 694 985 675 986 694 986 691 986 691 987 694 987 651 987 691 988 651 988 674 988 674 989 651 989 649 989 673 990 647 990 631 990 673 991 631 991 692 991 642 992 474 992 473 992 473 993 695 993 642 993 473 994 470 994 695 994 470 995 696 995 695 995 468 996 600 996 605 996 605 997 600 997 697 997 685 998 696 998 605 998 605 999 697 999 685 999 600 1000 680 1000 681 1000 600 1001 681 1001 697 1001 680 1002 600 1002 698 1002 698 1003 600 1003 590 1003 499 1004 642 1004 699 1004 499 1005 699 1005 643 1005 499 1006 643 1006 497 1006 696 1007 687 1007 700 1007 643 1008 699 1008 671 1008 643 1009 671 1009 645 1009 645 1010 671 1010 669 1010 645 1011 669 1011 667 1011 645 1012 667 1012 644 1012 482 1013 644 1013 646 1013 492 1014 646 1014 664 1014 492 1015 664 1015 485 1015 485 1016 664 1016 701 1016 485 1017 701 1017 480 1017 480 1018 701 1018 490 1018 490 1019 701 1019 702 1019 490 1020 702 1020 488 1020 488 1021 702 1021 703 1021 488 1022 703 1022 486 1022 645 1023 495 1023 477 1023 645 1024 477 1024 643 1024 699 1025 642 1025 704 1025 704 1026 642 1026 700 1026 700 1027 642 1027 695 1027 700 1028 695 1028 696 1028 605 1029 696 1029 470 1029 698 1030 678 1030 680 1030 681 1031 683 1031 697 1031 697 1032 683 1032 685 1032 696 1033 685 1033 687 1033 700 1034 687 1034 689 1034 700 1035 689 1035 704 1035 704 1036 689 1036 676 1036 704 1037 676 1037 699 1037 699 1038 676 1038 672 1038 699 1039 672 1039 671 1039 644 1040 667 1040 666 1040 644 1041 666 1041 646 1041 646 1042 666 1042 690 1042 646 1043 690 1043 664 1043 664 1044 663 1044 701 1044 701 1045 663 1045 661 1045 701 1046 661 1046 702 1046 702 1047 661 1047 658 1047 702 1048 658 1048 703 1048 703 1049 658 1049 657 1049 703 1050 657 1050 705 1050 706 1051 707 1051 708 1051 709 1052 710 1052 711 1052 573 1053 577 1053 712 1053 713 1054 573 1054 712 1054 713 1055 534 1055 573 1055 714 1056 534 1056 713 1056 714 1057 542 1057 534 1057 557 1058 542 1058 714 1058 715 1059 557 1059 714 1059 716 1060 554 1060 556 1060 717 1061 552 1061 553 1061 718 1062 550 1062 552 1062 551 1063 550 1063 719 1063 551 1064 719 1064 720 1064 551 1065 720 1065 567 1065 567 1066 720 1066 721 1066 567 1067 721 1067 722 1067 567 1068 722 1068 568 1068 547 1069 723 1069 545 1069 545 1070 723 1070 724 1070 543 1071 545 1071 724 1071 630 1072 544 1072 543 1072 630 1073 546 1073 544 1073 620 1074 615 1074 725 1074 725 1075 615 1075 614 1075 620 1076 726 1076 622 1076 622 1077 726 1077 727 1077 629 1078 624 1078 711 1078 629 1079 711 1079 728 1079 710 1080 728 1080 711 1080 729 1081 730 1081 731 1081 729 1082 731 1082 732 1082 733 1083 732 1083 715 1083 733 1084 715 1084 734 1084 733 1085 734 1085 735 1085 735 1086 734 1086 712 1086 735 1087 712 1087 678 1087 678 1088 712 1088 679 1088 732 1089 731 1089 715 1089 715 1090 714 1090 734 1090 734 1091 714 1091 713 1091 734 1092 713 1092 712 1092 712 1093 577 1093 679 1093 679 1094 577 1094 588 1094 730 1095 555 1095 537 1095 730 1096 537 1096 731 1096 731 1097 537 1097 715 1097 715 1098 537 1098 557 1098 736 1099 737 1099 716 1099 736 1100 716 1100 738 1100 738 1101 716 1101 556 1101 738 1102 556 1102 739 1102 739 1103 556 1103 555 1103 740 1104 717 1104 553 1104 741 1105 705 1105 742 1105 741 1106 742 1106 743 1106 743 1107 742 1107 744 1107 743 1108 744 1108 745 1108 743 1109 745 1109 746 1109 746 1110 745 1110 747 1110 746 1111 747 1111 725 1111 725 1112 747 1112 726 1112 726 1113 747 1113 748 1113 726 1114 748 1114 749 1114 750 1115 751 1115 752 1115 750 1116 752 1116 753 1116 750 1117 753 1117 754 1117 755 1118 736 1118 738 1118 755 1119 738 1119 739 1119 755 1120 739 1120 729 1120 729 1121 739 1121 730 1121 742 1122 756 1122 757 1122 742 1123 757 1123 744 1123 744 1124 757 1124 758 1124 744 1125 758 1125 745 1125 745 1126 758 1126 759 1126 745 1127 759 1127 747 1127 747 1128 759 1128 760 1128 747 1129 760 1129 748 1129 748 1130 760 1130 761 1130 754 1131 753 1131 762 1131 754 1132 762 1132 763 1132 763 1133 717 1133 740 1133 554 1134 716 1134 737 1134 554 1135 737 1135 553 1135 553 1136 737 1136 740 1136 740 1137 737 1137 736 1137 740 1138 736 1138 764 1138 740 1139 764 1139 763 1139 763 1140 764 1140 765 1140 763 1141 765 1141 754 1141 752 1142 751 1142 766 1142 766 1143 751 1143 749 1143 766 1144 749 1144 748 1144 756 1145 742 1145 705 1145 756 1146 705 1146 692 1146 692 1147 705 1147 657 1147 631 1148 630 1148 692 1148 692 1149 630 1149 724 1149 757 1150 724 1150 723 1150 757 1151 723 1151 758 1151 758 1152 723 1152 759 1152 759 1153 723 1153 767 1153 759 1154 767 1154 760 1154 760 1155 767 1155 768 1155 760 1156 768 1156 761 1156 761 1157 768 1157 769 1157 762 1158 770 1158 718 1158 762 1159 718 1159 763 1159 568 1160 722 1160 769 1160 568 1161 769 1161 549 1161 549 1162 769 1162 768 1162 549 1163 768 1163 548 1163 548 1164 768 1164 767 1164 548 1165 767 1165 547 1165 547 1166 767 1166 723 1166 724 1167 630 1167 543 1167 761 1168 769 1168 722 1168 761 1169 722 1169 721 1169 771 1170 721 1170 720 1170 771 1171 720 1171 719 1171 770 1172 719 1172 550 1172 770 1173 550 1173 718 1173 756 1174 692 1174 724 1174 756 1175 724 1175 757 1175 748 1176 761 1176 766 1176 766 1177 761 1177 721 1177 766 1178 721 1178 771 1178 766 1179 771 1179 752 1179 752 1180 771 1180 719 1180 752 1181 719 1181 753 1181 753 1182 719 1182 770 1182 753 1183 770 1183 762 1183 717 1184 763 1184 718 1184 717 1185 718 1185 552 1185 597 1186 598 1186 772 1186 590 1187 593 1187 698 1187 772 1188 773 1188 735 1188 772 1189 735 1189 597 1189 597 1190 735 1190 678 1190 597 1191 678 1191 593 1191 593 1192 678 1192 698 1192 708 1193 707 1193 598 1193 598 1194 707 1194 772 1194 772 1195 707 1195 773 1195 711 1196 706 1196 708 1196 709 1197 708 1197 598 1197 465 1198 774 1198 598 1198 598 1199 774 1199 709 1199 708 1200 709 1200 711 1200 624 1201 617 1201 775 1201 624 1202 775 1202 711 1202 711 1203 775 1203 776 1203 711 1204 776 1204 706 1204 622 1205 727 1205 616 1205 616 1206 727 1206 777 1206 616 1207 777 1207 617 1207 617 1208 777 1208 775 1208 707 1209 729 1209 773 1209 773 1210 729 1210 732 1210 773 1211 732 1211 733 1211 773 1212 733 1212 735 1212 486 1213 703 1213 778 1213 486 1214 778 1214 607 1214 607 1215 778 1215 609 1215 609 1216 778 1216 741 1216 609 1217 741 1217 610 1217 610 1218 741 1218 743 1218 610 1219 743 1219 612 1219 612 1220 743 1220 746 1220 612 1221 746 1221 614 1221 614 1222 746 1222 725 1222 620 1223 725 1223 726 1223 777 1224 727 1224 750 1224 777 1225 750 1225 775 1225 775 1226 750 1226 754 1226 775 1227 754 1227 765 1227 775 1228 765 1228 776 1228 776 1229 765 1229 764 1229 706 1230 755 1230 707 1230 707 1231 755 1231 729 1231 778 1232 703 1232 705 1232 778 1233 705 1233 741 1233 726 1234 749 1234 727 1234 727 1235 749 1235 751 1235 727 1236 751 1236 750 1236 776 1237 764 1237 706 1237 706 1238 764 1238 736 1238 706 1239 736 1239 755 1239 730 1240 739 1240 555 1240 156 1241 130 1241 125 1241 158 1242 130 1242 156 1242 158 1243 126 1243 130 1243 160 1244 126 1244 158 1244 160 1245 128 1245 126 1245 146 1246 128 1246 160 1246 146 1247 129 1247 128 1247 129 1248 146 1248 127 1248 127 1249 146 1249 149 1249 127 1250 149 1250 151 1250 127 1251 151 1251 123 1251 151 1252 124 1252 123 1252 153 1253 124 1253 151 1253 153 1254 125 1254 124 1254 156 1255 125 1255 153 1255 194 1256 135 1256 195 1256 194 1257 136 1257 135 1257 210 1258 136 1258 194 1258 210 1259 137 1259 136 1259 196 1260 137 1260 210 1260 196 1261 131 1261 137 1261 198 1262 131 1262 196 1262 198 1263 132 1263 131 1263 200 1264 132 1264 198 1264 200 1265 133 1265 132 1265 202 1266 133 1266 200 1266 202 1267 134 1267 133 1267 205 1268 134 1268 202 1268 195 1269 135 1269 134 1269 195 1270 134 1270 205 1270 209 1271 206 1271 215 1271 206 1272 217 1272 215 1272 217 1273 206 1273 204 1273 217 1274 204 1274 218 1274 204 1275 227 1275 218 1275 203 1276 228 1276 227 1276 203 1277 227 1277 204 1277 203 1278 229 1278 228 1278 229 1279 203 1279 201 1279 230 1280 229 1280 201 1280 231 1281 230 1281 201 1281 231 1282 201 1282 199 1282 330 1283 231 1283 199 1283 197 1284 330 1284 199 1284 287 1285 197 1285 213 1285 197 1286 287 1286 330 1286 213 1287 219 1287 287 1287 212 1288 220 1288 219 1288 212 1289 219 1289 213 1289 212 1290 222 1290 220 1290 211 1291 224 1291 222 1291 211 1292 222 1292 212 1292 211 1293 225 1293 224 1293 214 1294 211 1294 208 1294 211 1295 214 1295 225 1295 246 1296 245 1296 142 1296 142 1297 245 1297 244 1297 142 1298 244 1298 143 1298 244 1299 138 1299 143 1299 251 1300 138 1300 244 1300 249 1301 139 1301 251 1301 251 1302 139 1302 138 1302 139 1303 249 1303 248 1303 139 1304 248 1304 140 1304 248 1305 141 1305 140 1305 247 1306 141 1306 248 1306 247 1307 145 1307 141 1307 145 1308 247 1308 144 1308 246 1309 144 1309 247 1309 246 1310 142 1310 144 1310 148 1311 268 1311 271 1311 268 1312 148 1312 192 1312 192 1313 148 1313 147 1313 147 1314 191 1314 192 1314 191 1315 147 1315 187 1315 187 1316 147 1316 162 1316 187 1317 162 1317 188 1317 188 1318 162 1318 161 1318 188 1319 161 1319 242 1319 161 1320 243 1320 242 1320 159 1321 238 1321 161 1321 161 1322 238 1322 243 1322 236 1323 238 1323 159 1323 237 1324 236 1324 159 1324 240 1325 237 1325 157 1325 157 1326 237 1326 159 1326 155 1327 241 1327 157 1327 157 1328 241 1328 240 1328 241 1329 155 1329 377 1329 155 1330 266 1330 377 1330 264 1331 266 1331 155 1331 263 1332 264 1332 154 1332 154 1333 264 1333 155 1333 262 1334 261 1334 152 1334 152 1335 261 1335 154 1335 154 1336 261 1336 263 1336 150 1337 257 1337 262 1337 150 1338 262 1338 152 1338 150 1339 258 1339 257 1339 150 1340 270 1340 258 1340 270 1341 150 1341 148 1341 148 1342 271 1342 270 1342 466 1343 410 1343 467 1343 467 1344 410 1344 276 1344 467 1345 276 1345 468 1345 468 1346 276 1346 604 1346 604 1347 276 1347 603 1347 603 1348 276 1348 275 1348 603 1349 275 1349 601 1349 601 1350 275 1350 602 1350 602 1351 275 1351 591 1351 591 1352 275 1352 273 1352 591 1353 273 1353 589 1353 589 1354 273 1354 274 1354 589 1355 274 1355 594 1355 594 1356 274 1356 592 1356 592 1357 274 1357 595 1357 595 1358 274 1358 279 1358 595 1359 279 1359 596 1359 463 1360 599 1360 280 1360 280 1361 599 1361 279 1361 279 1362 599 1362 596 1362 280 1363 464 1363 463 1363 464 1364 280 1364 319 1364 464 1365 319 1365 465 1365 465 1366 319 1366 774 1366 774 1367 319 1367 709 1367 319 1368 322 1368 709 1368 709 1369 322 1369 710 1369 710 1370 322 1370 323 1370 710 1371 323 1371 728 1371 728 1372 323 1372 629 1372 629 1373 323 1373 375 1373 629 1374 375 1374 626 1374 626 1375 375 1375 623 1375 623 1376 375 1376 325 1376 623 1377 325 1377 618 1377 618 1378 325 1378 324 1378 618 1379 324 1379 616 1379 616 1380 324 1380 628 1380 628 1381 324 1381 326 1381 628 1382 326 1382 621 1382 621 1383 326 1383 625 1383 625 1384 326 1384 328 1384 625 1385 328 1385 613 1385 613 1386 328 1386 329 1386 613 1387 329 1387 614 1387 614 1388 329 1388 619 1388 619 1389 329 1389 373 1389 627 1390 371 1390 608 1390 619 1391 373 1391 611 1391 611 1392 373 1392 372 1392 611 1393 372 1393 627 1393 627 1394 372 1394 371 1394 370 1395 607 1395 371 1395 371 1396 607 1396 608 1396 403 1397 478 1397 402 1397 402 1398 478 1398 489 1398 402 1399 489 1399 370 1399 370 1400 489 1400 487 1400 370 1401 487 1401 606 1401 370 1402 606 1402 607 1402 484 1403 479 1403 403 1403 403 1404 479 1404 478 1404 405 1405 493 1405 491 1405 484 1406 403 1406 405 1406 484 1407 405 1407 491 1407 409 1408 501 1408 405 1408 405 1409 501 1409 493 1409 501 1410 409 1410 483 1410 483 1411 409 1411 481 1411 409 1412 408 1412 481 1412 481 1413 408 1413 494 1413 494 1414 408 1414 495 1414 495 1415 408 1415 462 1415 495 1416 462 1416 496 1416 496 1417 462 1417 475 1417 475 1418 462 1418 461 1418 475 1419 461 1419 476 1419 476 1420 461 1420 497 1420 497 1421 461 1421 455 1421 497 1422 455 1422 498 1422 498 1423 455 1423 452 1423 498 1424 452 1424 500 1424 500 1425 452 1425 474 1425 474 1426 452 1426 472 1426 472 1427 452 1427 451 1427 472 1428 451 1428 471 1428 471 1429 451 1429 412 1429 471 1430 412 1430 469 1430 412 1431 410 1431 469 1431 469 1432 410 1432 466 1432 779 72 780 72 781 72 779 72 782 72 780 72 779 72 783 72 782 72 779 72 784 72 783 72 785 72 784 72 779 72 786 72 787 72 788 72 789 72 790 72 788 72 788 72 791 72 789 72 788 72 787 72 791 72 792 72 793 72 794 72 792 72 795 72 796 72 797 72 795 72 792 72 792 72 798 72 797 72 792 72 799 72 798 72 792 72 794 72 799 72 800 1433 801 1433 802 1433 800 1434 802 1434 803 1434 803 1435 802 1435 804 1435 803 1436 804 1436 805 1436 803 1437 805 1437 806 1437 807 1438 808 1438 809 1438 809 1439 808 1439 810 1439 809 1440 810 1440 800 1440 800 1441 810 1441 811 1441 800 1442 811 1442 801 1442 812 1443 813 1443 814 1443 812 1444 814 1444 815 1444 812 1445 815 1445 807 1445 807 1446 815 1446 816 1446 807 1447 816 1447 808 1447 805 1448 817 1448 806 1448 806 1449 817 1449 818 1449 818 1450 817 1450 819 1450 818 1451 819 1451 812 1451 812 1452 819 1452 813 1452 820 1453 821 1453 822 1453 823 1454 824 1454 825 1454 826 1455 824 1455 827 1455 828 1456 826 1456 827 1456 827 1457 829 1457 828 1457 830 1458 829 1458 831 1458 830 1459 831 1459 832 1459 833 1460 834 1460 835 1460 836 1461 837 1461 833 1461 833 1462 837 1462 838 1462 833 1463 838 1463 839 1463 833 1464 839 1464 834 1464 836 1465 840 1465 841 1465 836 1466 841 1466 842 1466 836 1467 842 1467 837 1467 822 1468 843 1468 836 1468 836 1469 843 1469 844 1469 836 1470 844 1470 840 1470 845 1471 846 1471 847 1471 847 1472 848 1472 845 1472 848 1473 847 1473 849 1473 849 1474 847 1474 823 1474 849 1475 823 1475 825 1475 846 1476 850 1476 851 1476 846 1477 851 1477 847 1477 847 1478 851 1478 852 1478 847 1479 852 1479 823 1479 823 1480 852 1480 827 1480 823 1481 827 1481 824 1481 850 1482 853 1482 851 1482 851 1483 853 1483 854 1483 851 1484 854 1484 852 1484 852 1485 854 1485 855 1485 852 1486 855 1486 827 1486 853 1487 856 1487 854 1487 854 1488 836 1488 855 1488 855 1489 836 1489 833 1489 855 1490 833 1490 831 1490 855 1491 831 1491 827 1491 827 1492 831 1492 829 1492 854 1493 856 1493 820 1493 854 1494 820 1494 822 1494 854 1495 822 1495 836 1495 831 1496 833 1496 835 1496 831 1497 835 1497 857 1497 831 1498 857 1498 832 1498 858 1499 856 1499 853 1499 853 1500 859 1500 858 1500 853 1501 860 1501 859 1501 860 1502 853 1502 861 1502 862 1503 863 1503 864 1503 863 1504 862 1504 865 1504 865 1505 862 1505 866 1505 867 1506 868 1506 869 1506 868 1507 867 1507 870 1507 871 1508 870 1508 867 1508 872 1509 873 1509 871 1509 871 1510 873 1510 870 1510 872 1511 871 1511 874 1511 874 1512 871 1512 875 1512 876 1513 874 1513 875 1513 876 1514 877 1514 874 1514 877 1515 876 1515 878 1515 879 1516 867 1516 869 1516 879 1517 869 1517 880 1517 879 1518 880 1518 881 1518 882 1519 876 1519 875 1519 882 1520 875 1520 883 1520 883 1521 875 1521 871 1521 883 1522 871 1522 884 1522 884 1523 871 1523 867 1523 884 1524 867 1524 885 1524 885 1525 867 1525 879 1525 885 1526 879 1526 881 1526 885 1527 881 1527 862 1527 862 1528 881 1528 866 1528 848 1529 882 1529 883 1529 848 1530 883 1530 845 1530 845 1531 883 1531 884 1531 845 1532 884 1532 846 1532 846 1533 884 1533 885 1533 846 1534 885 1534 850 1534 850 1535 885 1535 862 1535 850 1536 862 1536 853 1536 853 1537 862 1537 864 1537 853 1538 864 1538 886 1538 853 1539 886 1539 861 1539 887 1540 826 1540 888 1540 889 1541 878 1541 876 1541 889 1542 890 1542 878 1542 891 1543 892 1543 890 1543 891 1544 890 1544 889 1544 892 1545 891 1545 893 1545 894 1546 893 1546 891 1546 894 1547 895 1547 893 1547 896 1548 895 1548 897 1548 897 1549 895 1549 894 1549 897 1550 898 1550 896 1550 897 1551 899 1551 898 1551 900 1552 901 1552 902 1552 902 1553 901 1553 903 1553 826 1554 887 1554 904 1554 905 1555 906 1555 888 1555 829 1556 905 1556 828 1556 829 1557 907 1557 905 1557 908 1558 829 1558 830 1558 882 1559 848 1559 849 1559 901 1560 900 1560 899 1560 901 1561 899 1561 897 1561 826 1562 904 1562 903 1562 826 1563 903 1563 901 1563 909 1564 901 1564 897 1564 909 1565 897 1565 910 1565 910 1566 897 1566 894 1566 910 1567 894 1567 891 1567 910 1568 891 1568 882 1568 882 1569 891 1569 889 1569 882 1570 889 1570 876 1570 828 1571 905 1571 888 1571 828 1572 888 1572 826 1572 824 1573 826 1573 901 1573 824 1574 901 1574 909 1574 824 1575 909 1575 825 1575 825 1576 909 1576 910 1576 825 1577 910 1577 849 1577 849 1578 910 1578 882 1578 911 1579 912 1579 913 1579 913 1580 912 1580 914 1580 913 1581 914 1581 915 1581 913 1582 915 1582 916 1582 916 1583 915 1583 917 1583 918 1584 919 1584 920 1584 920 1585 919 1585 921 1585 920 1586 921 1586 922 1586 916 1587 917 1587 923 1587 923 1588 917 1588 924 1588 923 1589 924 1589 925 1589 923 1590 925 1590 926 1590 926 1591 925 1591 927 1591 926 1592 927 1592 918 1592 918 1593 927 1593 919 1593 920 1594 922 1594 928 1594 920 1595 928 1595 929 1595 929 1596 928 1596 930 1596 929 1597 930 1597 931 1597 929 1598 931 1598 911 1598 911 1599 931 1599 912 1599 932 1600 933 1600 934 1600 932 1601 934 1601 935 1601 935 1602 934 1602 936 1602 935 1603 936 1603 937 1603 938 1604 939 1604 940 1604 940 1605 939 1605 941 1605 940 1606 941 1606 942 1606 942 1607 941 1607 943 1607 942 1608 943 1608 944 1608 942 1609 944 1609 945 1609 935 1610 937 1610 946 1610 946 1611 937 1611 947 1611 946 1612 947 1612 938 1612 938 1613 947 1613 939 1613 942 1614 945 1614 948 1614 948 1615 945 1615 949 1615 948 1616 949 1616 932 1616 932 1617 949 1617 950 1617 932 1618 950 1618 933 1618 801 1619 951 1619 802 1619 805 1620 952 1620 817 1620 953 1621 810 1621 808 1621 954 1622 917 1622 955 1622 955 1623 917 1623 915 1623 927 1624 956 1624 919 1624 912 1625 957 1625 914 1625 917 1626 954 1626 924 1626 958 1627 925 1627 924 1627 945 1628 959 1628 949 1628 934 1629 960 1629 936 1629 961 1630 937 1630 936 1630 962 1631 963 1631 964 1631 965 1632 962 1632 964 1632 965 1633 966 1633 967 1633 968 1634 969 1634 970 1634 963 1635 971 1635 964 1635 964 1636 971 1636 972 1636 968 1637 973 1637 974 1637 975 1638 976 1638 977 1638 968 1639 978 1639 969 1639 968 1640 976 1640 975 1640 975 1641 977 1641 979 1641 968 1642 974 1642 978 1642 973 1643 968 1643 975 1643 971 1644 980 1644 977 1644 971 1645 977 1645 972 1645 980 1646 981 1646 977 1646 978 1647 982 1647 969 1647 981 1648 979 1648 977 1648 983 1649 984 1649 985 1649 986 1650 987 1650 988 1650 988 1651 989 1651 990 1651 991 1652 992 1652 990 1652 993 1653 992 1653 994 1653 994 1654 992 1654 995 1654 996 1655 997 1655 983 1655 998 1656 999 1656 1000 1656 995 1657 992 1657 991 1657 983 1658 985 1658 996 1658 1001 1659 984 1659 1002 1659 996 1660 999 1660 1003 1660 1004 1661 1003 1661 999 1661 1004 1662 999 1662 998 1662 1002 1663 984 1663 983 1663 1005 1664 984 1664 1006 1664 1006 1665 984 1665 1001 1665 1002 1666 983 1666 997 1666 997 1667 996 1667 1003 1667 990 1668 989 1668 1007 1668 1007 1669 989 1669 987 1669 1007 1670 1008 1670 990 1670 991 1671 990 1671 1008 1671 987 1672 989 1672 988 1672 985 1673 984 1673 1005 1673 1009 1674 1010 1674 1011 1674 1012 1675 1013 1675 1014 1675 1015 1676 1010 1676 1009 1676 1016 1677 1015 1677 1017 1677 1014 1678 1017 1678 1012 1678 1018 1679 1012 1679 1017 1679 1014 1680 1016 1680 1017 1680 1009 1681 1017 1681 1015 1681 1019 1682 1020 1682 966 1682 1021 1683 1019 1683 1022 1683 1011 1684 1021 1684 1022 1684 1011 1685 1022 1685 1009 1685 1023 1686 1024 1686 1025 1686 1026 1687 1027 1687 1028 1687 1029 1688 1030 1688 1031 1688 1028 1689 1031 1689 1026 1689 1030 1690 1029 1690 1032 1690 1030 1691 1032 1691 1033 1691 1034 1692 1033 1692 1035 1692 1035 1693 1033 1693 1032 1693 1036 1694 964 1694 1034 1694 1034 1695 964 1695 1033 1695 965 1696 1037 1696 966 1696 966 1697 1037 1697 1038 1697 1037 1698 965 1698 1036 1698 1036 1699 965 1699 964 1699 1038 1700 1039 1700 966 1700 1040 1701 1024 1701 1039 1701 1025 1702 1024 1702 1041 1702 1041 1703 1024 1703 1040 1703 1042 1704 1043 1704 1044 1704 1044 1705 1045 1705 1042 1705 1046 1706 1044 1706 1043 1706 1046 1707 1047 1707 1044 1707 1048 1708 1049 1708 1050 1708 1051 1709 1052 1709 1053 1709 1054 1710 1055 1710 1056 1710 1056 1711 1055 1711 1057 1711 1053 1712 1052 1712 1058 1712 1059 1713 1060 1713 1061 1713 1052 1714 1051 1714 1054 1714 1052 1715 1054 1715 1056 1715 1056 1716 1057 1716 1060 1716 1061 1717 1062 1717 1059 1717 1062 1718 1063 1718 1064 1718 1062 1719 1064 1719 1059 1719 1065 1720 1060 1720 1057 1720 1066 1721 1062 1721 1061 1721 1065 1722 1061 1722 1060 1722 1043 1723 1067 1723 1046 1723 1043 1724 1042 1724 1068 1724 1046 1725 1069 1725 1047 1725 1069 1726 1070 1726 1047 1726 1070 1727 1049 1727 1047 1727 1071 1728 1048 1728 1050 1728 1048 1729 1071 1729 1072 1729 1049 1730 1070 1730 1050 1730 1063 1731 1062 1731 1066 1731 1063 1732 1066 1732 1073 1732 1074 1733 1070 1733 1069 1733 1067 1734 1069 1734 1046 1734 986 1735 1075 1735 987 1735 1076 1736 1077 1736 1078 1736 985 1737 1076 1737 1079 1737 985 1738 1005 1738 1076 1738 1077 1739 1076 1739 1005 1739 1077 1740 1005 1740 1006 1740 1079 1741 1078 1741 988 1741 988 1742 1078 1742 1075 1742 988 1743 1075 1743 986 1743 1078 1744 1079 1744 1076 1744 969 1745 1080 1745 970 1745 982 1746 1080 1746 969 1746 1081 1747 1082 1747 1030 1747 1026 1748 1031 1748 1030 1748 990 1749 1083 1749 1084 1749 1084 1750 1083 1750 1085 1750 1084 1751 1085 1751 1086 1751 1087 1752 1088 1752 1089 1752 1089 1753 1088 1753 1090 1753 1089 1754 1090 1754 1085 1754 1085 1755 1090 1755 1086 1755 1088 1756 1087 1756 1091 1756 1091 1757 1087 1757 1092 1757 1093 1758 1094 1758 1095 1758 1095 1759 1094 1759 1096 1759 976 1760 968 1760 1097 1760 1097 1761 968 1761 970 1761 1098 1762 1027 1762 1026 1762 1099 1763 1100 1763 1101 1763 1102 1764 1103 1764 1104 1764 1105 1765 1102 1765 1104 1765 1106 1766 1107 1766 1108 1766 1106 1767 1108 1767 1105 1767 1109 1768 1110 1768 1111 1768 1112 1769 1113 1769 1109 1769 1109 1770 1113 1770 1110 1770 1114 1771 1115 1771 1113 1771 1114 1772 1116 1772 1115 1772 1117 1773 1118 1773 1119 1773 1119 1774 1118 1774 1120 1774 1120 1775 1118 1775 1121 1775 1122 1776 1123 1776 1124 1776 1125 1777 1126 1777 1127 1777 1127 1778 1126 1778 1128 1778 1127 1779 1128 1779 1129 1779 1129 1780 1128 1780 1130 1780 1130 1781 1128 1781 1131 1781 985 1782 1132 1782 996 1782 999 1783 996 1783 1133 1783 1134 1784 992 1784 993 1784 1134 1785 993 1785 1135 1785 1134 1786 1135 1786 1111 1786 1083 1787 992 1787 1136 1787 1083 1788 990 1788 992 1788 1084 1789 988 1789 990 1789 1137 1790 1000 1790 1138 1790 1000 1791 1139 1791 1138 1791 1138 1792 1139 1792 1140 1792 1138 1793 1140 1793 1141 1793 1141 1794 1140 1794 1142 1794 1141 1795 1142 1795 1143 1795 1141 1796 1143 1796 1118 1796 1118 1797 1143 1797 1144 1797 1144 1798 1145 1798 1146 1798 1146 1799 1145 1799 1147 1799 1000 1800 999 1800 1139 1800 1143 1801 1142 1801 1148 1801 1143 1802 1148 1802 1144 1802 1144 1803 1148 1803 1149 1803 1144 1804 1149 1804 1145 1804 1145 1805 1149 1805 1150 1805 1140 1806 1139 1806 1151 1806 1140 1807 1151 1807 1142 1807 1142 1808 1151 1808 1152 1808 1142 1809 1152 1809 1148 1809 1145 1810 1150 1810 1147 1810 1147 1811 1150 1811 1125 1811 1134 1812 1106 1812 1153 1812 1104 1813 1154 1813 1106 1813 1106 1814 1154 1814 1153 1814 1134 1815 1153 1815 1136 1815 1089 1816 1136 1816 1153 1816 1089 1817 1153 1817 1155 1817 1155 1818 1153 1818 1154 1818 999 1819 1133 1819 1139 1819 1139 1820 1133 1820 1151 1820 1148 1821 1152 1821 1131 1821 1148 1822 1131 1822 1128 1822 1148 1823 1128 1823 1149 1823 1149 1824 1128 1824 1150 1824 1150 1825 1128 1825 1126 1825 1150 1826 1126 1826 1125 1826 1151 1827 1133 1827 1156 1827 1151 1828 1156 1828 1152 1828 996 1829 1132 1829 1133 1829 1133 1830 1132 1830 1157 1830 1133 1831 1157 1831 1156 1831 1156 1832 1158 1832 1152 1832 1152 1833 1158 1833 1159 1833 1152 1834 1159 1834 1131 1834 1131 1835 1159 1835 1130 1835 1160 1836 1161 1836 1162 1836 1083 1837 1136 1837 1085 1837 1085 1838 1136 1838 1089 1838 1155 1839 1154 1839 1092 1839 1163 1840 1161 1840 1160 1840 1095 1841 1163 1841 1081 1841 1164 1842 976 1842 1097 1842 1164 1843 1097 1843 1165 1843 1093 1844 1095 1844 1081 1844 1093 1845 1081 1845 1166 1845 1163 1846 1095 1846 1161 1846 1161 1847 1167 1847 1162 1847 1168 1848 1092 1848 1169 1848 1169 1849 1092 1849 1170 1849 1089 1850 1155 1850 1087 1850 1087 1851 1155 1851 1092 1851 1171 1852 1170 1852 1172 1852 1162 1853 1172 1853 1173 1853 1162 1854 1167 1854 1172 1854 1172 1855 1167 1855 1174 1855 1173 1856 1172 1856 1170 1856 1170 1857 1171 1857 1169 1857 1175 1858 1167 1858 1176 1858 1176 1859 1167 1859 1161 1859 1176 1860 1161 1860 1096 1860 1096 1861 1161 1861 1095 1861 1026 1862 1177 1862 1098 1862 1178 1863 1179 1863 1100 1863 1178 1864 1100 1864 1099 1864 1178 1865 1180 1865 1179 1865 1101 1866 1100 1866 1103 1866 1026 1867 1181 1867 1179 1867 1179 1868 1181 1868 1173 1868 1100 1869 1173 1869 1170 1869 1026 1870 1082 1870 1160 1870 1026 1871 1160 1871 1181 1871 1092 1872 1154 1872 1170 1872 1170 1873 1154 1873 1182 1873 1170 1874 1182 1874 1100 1874 1173 1875 1100 1875 1179 1875 1082 1876 1026 1876 1030 1876 1081 1877 1030 1877 1033 1877 1173 1878 1181 1878 1162 1878 1172 1879 1174 1879 1171 1879 1164 1880 1081 1880 1033 1880 976 1881 1164 1881 977 1881 977 1882 1164 1882 1033 1882 977 1883 1033 1883 972 1883 972 1884 1033 1884 964 1884 1165 1885 1166 1885 1164 1885 1164 1886 1166 1886 1081 1886 1082 1887 1081 1887 1163 1887 1082 1888 1163 1888 1160 1888 1181 1889 1160 1889 1162 1889 1167 1890 1175 1890 1174 1890 1134 1891 1183 1891 1107 1891 1134 1892 1107 1892 1106 1892 1136 1893 992 1893 1134 1893 1134 1894 1111 1894 1183 1894 1183 1895 1111 1895 1110 1895 1106 1896 1105 1896 1104 1896 1182 1897 1104 1897 1103 1897 1182 1898 1103 1898 1100 1898 1026 1899 1179 1899 1180 1899 1026 1900 1180 1900 1177 1900 1112 1901 1137 1901 1113 1901 1113 1902 1137 1902 1138 1902 1113 1903 1138 1903 1114 1903 1114 1904 1138 1904 1141 1904 1114 1905 1141 1905 1116 1905 1116 1906 1141 1906 1118 1906 1116 1907 1118 1907 1117 1907 1121 1908 1118 1908 1144 1908 1121 1909 1144 1909 1146 1909 1121 1910 1146 1910 1123 1910 1123 1911 1146 1911 1124 1911 1124 1912 1146 1912 1147 1912 1125 1913 1127 1913 1184 1913 1168 1914 1091 1914 1092 1914 1182 1915 1154 1915 1104 1915 1068 1916 1042 1916 1185 1916 1073 1917 1064 1917 1063 1917 1186 1918 1185 1918 1045 1918 1185 1919 1186 1919 1187 1919 1185 1920 1042 1920 1045 1920 1186 1921 1064 1921 1187 1921 1187 1922 1064 1922 1073 1922 1188 1923 1013 1923 1012 1923 1189 1924 1190 1924 1191 1924 1192 1925 1193 1925 1194 1925 1195 1926 1056 1926 1060 1926 1058 1927 1052 1927 1196 1927 1196 1928 1197 1928 1058 1928 1047 1929 1049 1929 1198 1929 1199 1930 1200 1930 1201 1930 1201 1931 1200 1931 1202 1931 1201 1932 1202 1932 1203 1932 1204 1933 1205 1933 1206 1933 1206 1934 1205 1934 1184 1934 1184 1935 1205 1935 1125 1935 1207 1936 1208 1936 1209 1936 1210 1937 1211 1937 1212 1937 1207 1938 1212 1938 1208 1938 1210 1939 1213 1939 1211 1939 1214 1940 1215 1940 1216 1940 1216 1941 1215 1941 1213 1941 1217 1942 1218 1942 1197 1942 1218 1943 1217 1943 1214 1943 1218 1944 1214 1944 1216 1944 1196 1945 1217 1945 1197 1945 1219 1946 1220 1946 1221 1946 1222 1947 1223 1947 1224 1947 1194 1948 1193 1948 1222 1948 1194 1949 1225 1949 1192 1949 1226 1950 1225 1950 1194 1950 1227 1951 1023 1951 1194 1951 1194 1952 1023 1952 1226 1952 1039 1953 1019 1953 966 1953 1228 1954 1017 1954 1229 1954 1229 1955 1017 1955 1009 1955 1017 1956 1228 1956 1018 1956 1230 1957 1231 1957 1232 1957 1230 1958 1232 1958 1233 1958 1230 1959 1233 1959 1234 1959 1234 1960 1233 1960 1235 1960 1235 1961 1236 1961 1234 1961 1237 1962 1238 1962 1239 1962 1237 1963 1239 1963 1240 1963 1240 1964 1239 1964 1241 1964 1240 1965 1241 1965 1242 1965 1243 1966 1244 1966 1229 1966 1229 1967 1244 1967 1228 1967 1232 1968 1243 1968 1245 1968 1245 1969 1246 1969 1235 1969 1235 1970 1233 1970 1245 1970 1245 1971 1233 1971 1232 1971 1247 1972 1248 1972 1246 1972 1246 1973 1248 1973 1235 1973 1247 1974 1249 1974 1250 1974 1247 1975 1250 1975 1248 1975 1251 1976 1252 1976 1250 1976 1251 1977 1250 1977 1249 1977 1239 1978 1250 1978 1252 1978 1236 1979 1235 1979 1253 1979 1253 1980 1235 1980 1254 1980 1254 1981 1235 1981 1248 1981 1254 1982 1248 1982 1250 1982 1254 1983 1250 1983 1238 1983 1238 1984 1250 1984 1239 1984 1251 1985 1255 1985 1252 1985 1252 1986 1255 1986 1241 1986 1241 1987 1255 1987 1256 1987 1256 1988 1257 1988 1258 1988 1258 1989 1257 1989 1259 1989 1260 1990 1261 1990 1262 1990 1260 1991 1052 1991 1056 1991 1210 1992 1263 1992 1264 1992 1210 1993 1264 1993 1265 1993 1072 1994 1216 1994 1048 1994 1124 1995 1147 1995 1266 1995 1124 1996 1266 1996 1207 1996 1207 1997 1266 1997 1267 1997 1207 1998 1267 1998 1263 1998 1263 1999 1267 1999 1264 1999 1264 2000 1267 2000 1268 2000 1264 2001 1268 2001 1269 2001 1264 2002 1269 2002 1265 2002 1265 2003 1269 2003 1270 2003 1265 2004 1270 2004 1216 2004 1216 2005 1270 2005 1048 2005 1048 2006 1270 2006 1049 2006 1147 2007 1125 2007 1266 2007 1267 2008 1266 2008 1271 2008 1267 2009 1271 2009 1268 2009 1268 2010 1271 2010 1272 2010 1268 2011 1272 2011 1269 2011 1269 2012 1272 2012 1273 2012 1269 2013 1273 2013 1274 2013 1269 2014 1274 2014 1270 2014 1270 2015 1274 2015 1198 2015 1270 2016 1198 2016 1049 2016 1275 2017 1276 2017 1195 2017 1277 2018 1261 2018 1257 2018 1278 2019 1257 2019 1279 2019 1279 2020 1280 2020 1278 2020 1125 2021 1205 2021 1266 2021 1266 2022 1205 2022 1271 2022 1271 2023 1205 2023 1204 2023 1271 2024 1204 2024 1272 2024 1274 2025 1273 2025 1202 2025 1274 2026 1202 2026 1198 2026 1198 2027 1202 2027 1200 2027 1198 2028 1200 2028 1047 2028 1272 2029 1204 2029 1281 2029 1272 2030 1281 2030 1282 2030 1272 2031 1282 2031 1273 2031 1273 2032 1282 2032 1283 2032 1273 2033 1283 2033 1202 2033 1202 2034 1283 2034 1203 2034 1047 2035 1200 2035 1044 2035 1044 2036 1200 2036 1199 2036 1044 2037 1199 2037 1045 2037 1284 2038 1189 2038 1285 2038 1219 2039 1284 2039 1220 2039 1220 2040 1284 2040 1285 2040 1285 2041 1189 2041 1191 2041 1261 2042 1191 2042 1262 2042 1262 2043 1191 2043 1190 2043 1262 2044 1190 2044 1286 2044 1196 2045 1262 2045 1287 2045 1056 2046 1195 2046 1260 2046 1052 2047 1260 2047 1262 2047 1052 2048 1262 2048 1196 2048 1195 2049 1279 2049 1260 2049 1262 2050 1286 2050 1287 2050 1072 2051 1218 2051 1216 2051 1265 2052 1216 2052 1213 2052 1265 2053 1213 2053 1210 2053 1263 2054 1210 2054 1212 2054 1263 2055 1212 2055 1207 2055 1207 2056 1209 2056 1124 2056 1124 2057 1209 2057 1122 2057 1288 2058 1221 2058 1224 2058 1288 2059 1224 2059 1223 2059 1222 2060 1224 2060 1194 2060 1039 2061 1024 2061 1019 2061 1019 2062 1024 2062 1022 2062 1022 2063 1024 2063 1229 2063 1022 2064 1229 2064 1009 2064 1231 2065 1243 2065 1232 2065 1243 2066 1227 2066 1245 2066 1231 2067 1244 2067 1243 2067 1243 2068 1229 2068 1024 2068 1243 2069 1024 2069 1227 2069 1276 2070 1289 2070 1280 2070 1280 2071 1289 2071 1278 2071 1257 2072 1256 2072 1277 2072 1277 2073 1256 2073 1255 2073 1220 2074 1255 2074 1251 2074 1224 2075 1249 2075 1247 2075 1277 2076 1285 2076 1191 2076 1277 2077 1191 2077 1261 2077 1195 2078 1060 2078 1275 2078 1275 2079 1060 2079 1059 2079 1275 2080 1059 2080 1064 2080 1261 2081 1260 2081 1279 2081 1289 2082 1259 2082 1278 2082 1278 2083 1259 2083 1257 2083 1245 2084 1227 2084 1246 2084 1239 2085 1252 2085 1241 2085 1241 2086 1256 2086 1242 2086 1242 2087 1256 2087 1258 2087 1024 2088 1023 2088 1227 2088 1227 2089 1194 2089 1246 2089 1246 2090 1194 2090 1247 2090 1247 2091 1194 2091 1224 2091 1249 2092 1224 2092 1221 2092 1249 2093 1221 2093 1251 2093 1251 2094 1221 2094 1220 2094 1220 2095 1285 2095 1255 2095 1255 2096 1285 2096 1277 2096 1257 2097 1261 2097 1279 2097 1279 2098 1195 2098 1280 2098 1280 2099 1195 2099 1276 2099 1080 2100 1188 2100 1012 2100 1080 2101 1012 2101 970 2101 1079 2102 1132 2102 985 2102 988 2103 1084 2103 1079 2103 1199 2104 1186 2104 1045 2104 1282 2105 1203 2105 1283 2105 1290 2106 1291 2106 1292 2106 1293 2107 1012 2107 1018 2107 1294 2108 1295 2108 1296 2108 1084 2109 1297 2109 1298 2109 1299 2110 1159 2110 1300 2110 1301 2111 1127 2111 1302 2111 1303 2112 1304 2112 1305 2112 1306 2113 1307 2113 1308 2113 1309 2114 1310 2114 1308 2114 1311 2115 1312 2115 1310 2115 1254 2116 1313 2116 1314 2116 1240 2117 1315 2117 1237 2117 1237 2118 1315 2118 1313 2118 1316 2119 1315 2119 1240 2119 1258 2120 1317 2120 1316 2120 1258 2121 1318 2121 1317 2121 1319 2122 1318 2122 1259 2122 1259 2123 1318 2123 1258 2123 1320 2124 1275 2124 1321 2124 1275 2125 1064 2125 1321 2125 1322 2126 1201 2126 1323 2126 1323 2127 1201 2127 1203 2127 1282 2128 1324 2128 1203 2128 1203 2129 1324 2129 1325 2129 1203 2130 1325 2130 1323 2130 1324 2131 1282 2131 1281 2131 1204 2132 1326 2132 1324 2132 1204 2133 1324 2133 1281 2133 1204 2134 1327 2134 1326 2134 1328 2135 1329 2135 1204 2135 1204 2136 1329 2136 1327 2136 1204 2137 1206 2137 1328 2137 1328 2138 1206 2138 1330 2138 1129 2139 1302 2139 1127 2139 1331 2140 1302 2140 1129 2140 1331 2141 1129 2141 1130 2141 1331 2142 1130 2142 1299 2142 1299 2143 1130 2143 1159 2143 1300 2144 1159 2144 1158 2144 1300 2145 1158 2145 1332 2145 1332 2146 1158 2146 1156 2146 1332 2147 1156 2147 1333 2147 1333 2148 1079 2148 1334 2148 1334 2149 1079 2149 1298 2149 1298 2150 1079 2150 1084 2150 1084 2151 1335 2151 1297 2151 1336 2152 1088 2152 1337 2152 1168 2153 1337 2153 1091 2153 1169 2154 1338 2154 1339 2154 1340 2155 1341 2155 1292 2155 1342 2156 1291 2156 1290 2156 1206 2157 1184 2157 1330 2157 1330 2158 1184 2158 1301 2158 1301 2159 1184 2159 1127 2159 1199 2160 1201 2160 1343 2160 1343 2161 1201 2161 1322 2161 1321 2162 1064 2162 1344 2162 1344 2163 1064 2163 1186 2163 1344 2164 1186 2164 1343 2164 1343 2165 1186 2165 1199 2165 1276 2166 1320 2166 1319 2166 1320 2167 1276 2167 1275 2167 1319 2168 1259 2168 1289 2168 1319 2169 1289 2169 1276 2169 1316 2170 1242 2170 1258 2170 1316 2171 1240 2171 1242 2171 1313 2172 1238 2172 1237 2172 1313 2173 1254 2173 1238 2173 1345 2174 1234 2174 1236 2174 1234 2175 1311 2175 1230 2175 1244 2176 1346 2176 1228 2176 1166 2177 1165 2177 1292 2177 1295 2178 1096 2178 1094 2178 1347 2179 1176 2179 1294 2179 1176 2180 1347 2180 1175 2180 1347 2181 1348 2181 1175 2181 1175 2182 1348 2182 1174 2182 1349 2183 1174 2183 1348 2183 1171 2184 1174 2184 1349 2184 1169 2185 1171 2185 1338 2185 1338 2186 1171 2186 1349 2186 1169 2187 1339 2187 1168 2187 1168 2188 1339 2188 1350 2188 1168 2189 1350 2189 1337 2189 1088 2190 1091 2190 1337 2190 1084 2191 1086 2191 1335 2191 1335 2192 1086 2192 1090 2192 1335 2193 1090 2193 1336 2193 1336 2194 1090 2194 1088 2194 1156 2195 1157 2195 1333 2195 1333 2196 1157 2196 1132 2196 1333 2197 1132 2197 1079 2197 1253 2198 1254 2198 1351 2198 1351 2199 1254 2199 1314 2199 1253 2200 1351 2200 1352 2200 1236 2201 1253 2201 1345 2201 1345 2202 1253 2202 1352 2202 1352 2203 1312 2203 1345 2203 1311 2204 1234 2204 1345 2204 1312 2205 1311 2205 1345 2205 1309 2206 1230 2206 1311 2206 1309 2207 1311 2207 1310 2207 1307 2208 1309 2208 1308 2208 1307 2209 1231 2209 1230 2209 1353 2210 1306 2210 1308 2210 1231 2211 1307 2211 1244 2211 1244 2212 1307 2212 1306 2212 1346 2213 1244 2213 1306 2213 1309 2214 1307 2214 1230 2214 1353 2215 1354 2215 1306 2215 1354 2216 1304 2216 1306 2216 1304 2217 1346 2217 1306 2217 1304 2218 1228 2218 1346 2218 1018 2219 1228 2219 1293 2219 1293 2220 1228 2220 1304 2220 1305 2221 1304 2221 1354 2221 1012 2222 1293 2222 970 2222 1290 2223 1293 2223 1303 2223 1305 2224 1342 2224 1303 2224 1293 2225 1304 2225 1303 2225 1097 2226 1293 2226 1290 2226 1290 2227 1303 2227 1342 2227 1165 2228 1097 2228 1292 2228 1340 2229 1292 2229 1291 2229 1355 2230 1093 2230 1166 2230 1290 2231 1292 2231 1097 2231 1097 2232 970 2232 1293 2232 1292 2233 1341 2233 1355 2233 1355 2234 1341 2234 1356 2234 1355 2235 1166 2235 1292 2235 1296 2236 1295 2236 1356 2236 1356 2237 1295 2237 1355 2237 1093 2238 1355 2238 1295 2238 1295 2239 1094 2239 1093 2239 1294 2240 1176 2240 1096 2240 1294 2241 1096 2241 1295 2241 1357 2242 1305 2242 1354 2242 1315 2243 1358 2243 1313 2243 1354 2244 1353 2244 1357 2244 1359 2245 1300 2245 1332 2245 1360 2246 1294 2246 1296 2246 1320 2247 1361 2247 1319 2247 1319 2248 1361 2248 1362 2248 1319 2249 1362 2249 1318 2249 1318 2250 1362 2250 1363 2250 1364 2251 1317 2251 1363 2251 1363 2252 1317 2252 1318 2252 1358 2253 1365 2253 1313 2253 1366 2254 1351 2254 1367 2254 1367 2255 1351 2255 1314 2255 1367 2256 1314 2256 1368 2256 1368 2257 1314 2257 1313 2257 1312 2258 1369 2258 1310 2258 1310 2259 1369 2259 1308 2259 1370 2260 1353 2260 1371 2260 1371 2261 1353 2261 1308 2261 1371 2262 1308 2262 1372 2262 1372 2263 1308 2263 1369 2263 1370 2264 1357 2264 1353 2264 1357 2265 1370 2265 1373 2265 1357 2266 1373 2266 1305 2266 1374 2267 1375 2267 1376 2267 1377 2268 1378 2268 1379 2268 1379 2269 1378 2269 1380 2269 1379 2270 1380 2270 1381 2270 1381 2271 1380 2271 1382 2271 1381 2272 1382 2272 1383 2272 1381 2273 1383 2273 1384 2273 1384 2274 1383 2274 1385 2274 1384 2275 1385 2275 1386 2275 1387 2276 1386 2276 1388 2276 1387 2277 1388 2277 1389 2277 1390 2278 1391 2278 1392 2278 1390 2279 1392 2279 1393 2279 1390 2280 1393 2280 1394 2280 1394 2281 1393 2281 1395 2281 1395 2282 1393 2282 1396 2282 1395 2283 1396 2283 1361 2283 1361 2284 1396 2284 1397 2284 1361 2285 1397 2285 1362 2285 1362 2286 1397 2286 1398 2286 1362 2287 1398 2287 1363 2287 1364 2288 1363 2288 1399 2288 1364 2289 1399 2289 1400 2289 1364 2290 1400 2290 1401 2290 1401 2291 1400 2291 1402 2291 1401 2292 1402 2292 1365 2292 1365 2293 1403 2293 1404 2293 1404 2294 1403 2294 1405 2294 1367 2295 1405 2295 1406 2295 1367 2296 1406 2296 1407 2296 1367 2297 1407 2297 1408 2297 1370 2298 1409 2298 1410 2298 1370 2299 1410 2299 1411 2299 1412 2300 1411 2300 1413 2300 1393 2301 1392 2301 1414 2301 1393 2302 1414 2302 1415 2302 1393 2303 1415 2303 1396 2303 1396 2304 1415 2304 1416 2304 1396 2305 1416 2305 1397 2305 1397 2306 1416 2306 1398 2306 1398 2307 1416 2307 1376 2307 1398 2308 1376 2308 1375 2308 1399 2309 1374 2309 1417 2309 1399 2310 1417 2310 1400 2310 1400 2311 1417 2311 1418 2311 1400 2312 1418 2312 1402 2312 1402 2313 1418 2313 1419 2313 1402 2314 1419 2314 1403 2314 1403 2315 1419 2315 1420 2315 1403 2316 1420 2316 1405 2316 1405 2317 1420 2317 1421 2317 1405 2318 1421 2318 1406 2318 1408 2319 1407 2319 1422 2319 1409 2320 1423 2320 1424 2320 1411 2321 1410 2321 1425 2321 1411 2322 1425 2322 1413 2322 1383 2323 1382 2323 1426 2323 1386 2324 1385 2324 1427 2324 1386 2325 1427 2325 1388 2325 1389 2326 1388 2326 1428 2326 1389 2327 1428 2327 1429 2327 1429 2328 1428 2328 1430 2328 1429 2329 1430 2329 1431 2329 1431 2330 1430 2330 1432 2330 1431 2331 1432 2331 1391 2331 1391 2332 1432 2332 1392 2332 1363 2333 1398 2333 1375 2333 1363 2334 1375 2334 1399 2334 1399 2335 1375 2335 1374 2335 1365 2336 1402 2336 1403 2336 1433 2337 1408 2337 1422 2337 1433 2338 1422 2338 1434 2338 1434 2339 1422 2339 1435 2339 1434 2340 1435 2340 1436 2340 1436 2341 1435 2341 1423 2341 1436 2342 1423 2342 1409 2342 1409 2343 1424 2343 1410 2343 1437 2344 1377 2344 1379 2344 1437 2345 1379 2345 1381 2345 1437 2346 1381 2346 1327 2346 1327 2347 1381 2347 1384 2347 1324 2348 1384 2348 1387 2348 1323 2349 1387 2349 1429 2349 1323 2350 1429 2350 1438 2350 1343 2351 1439 2351 1390 2351 1343 2352 1390 2352 1344 2352 1344 2353 1390 2353 1394 2353 1344 2354 1394 2354 1321 2354 1321 2355 1394 2355 1395 2355 1321 2356 1395 2356 1320 2356 1320 2357 1395 2357 1361 2357 1330 2358 1377 2358 1328 2358 1328 2359 1377 2359 1437 2359 1328 2360 1437 2360 1329 2360 1329 2361 1437 2361 1327 2361 1327 2362 1384 2362 1326 2362 1326 2363 1384 2363 1324 2363 1324 2364 1387 2364 1325 2364 1325 2365 1387 2365 1323 2365 1323 2366 1438 2366 1322 2366 1322 2367 1438 2367 1439 2367 1322 2368 1439 2368 1343 2368 1352 2369 1351 2369 1366 2369 1352 2370 1366 2370 1433 2370 1352 2371 1433 2371 1312 2371 1312 2372 1433 2372 1369 2372 1317 2373 1364 2373 1316 2373 1316 2374 1364 2374 1315 2374 1315 2375 1364 2375 1401 2375 1315 2376 1401 2376 1358 2376 1358 2377 1401 2377 1365 2377 1313 2378 1365 2378 1404 2378 1313 2379 1404 2379 1368 2379 1371 2380 1372 2380 1409 2380 1371 2381 1409 2381 1370 2381 1373 2382 1370 2382 1412 2382 1384 2383 1386 2383 1387 2383 1387 2384 1389 2384 1429 2384 1438 2385 1429 2385 1431 2385 1438 2386 1431 2386 1439 2386 1439 2387 1431 2387 1391 2387 1439 2388 1391 2388 1390 2388 1368 2389 1404 2389 1405 2389 1368 2390 1405 2390 1367 2390 1366 2391 1367 2391 1408 2391 1366 2392 1408 2392 1433 2392 1369 2393 1433 2393 1434 2393 1369 2394 1434 2394 1372 2394 1372 2395 1434 2395 1436 2395 1372 2396 1436 2396 1409 2396 1412 2397 1370 2397 1411 2397 1440 2398 1342 2398 1305 2398 1440 2399 1291 2399 1342 2399 1441 2400 1341 2400 1442 2400 1442 2401 1341 2401 1340 2401 1442 2402 1340 2402 1443 2402 1443 2403 1340 2403 1291 2403 1443 2404 1291 2404 1440 2404 1341 2405 1441 2405 1356 2405 1348 2406 1444 2406 1349 2406 1338 2407 1445 2407 1339 2407 1446 2408 1297 2408 1447 2408 1447 2409 1297 2409 1335 2409 1447 2410 1335 2410 1336 2410 1299 2411 1448 2411 1331 2411 1440 2412 1412 2412 1413 2412 1440 2413 1413 2413 1449 2413 1442 2414 1449 2414 1450 2414 1442 2415 1450 2415 1451 2415 1452 2416 1451 2416 1453 2416 1452 2417 1453 2417 1454 2417 1444 2418 1455 2418 1456 2418 1457 2419 1445 2419 1458 2419 1457 2420 1458 2420 1459 2420 1457 2421 1459 2421 1460 2421 1460 2422 1459 2422 1461 2422 1447 2423 1461 2423 1462 2423 1447 2424 1462 2424 1463 2424 1447 2425 1463 2425 1446 2425 1446 2426 1463 2426 1464 2426 1446 2427 1464 2427 1465 2427 1446 2428 1465 2428 1466 2428 1466 2429 1465 2429 1467 2429 1466 2430 1467 2430 1468 2430 1466 2431 1468 2431 1469 2431 1469 2432 1468 2432 1470 2432 1469 2433 1470 2433 1471 2433 1471 2434 1470 2434 1472 2434 1471 2435 1472 2435 1473 2435 1474 2436 1473 2436 1475 2436 1474 2437 1475 2437 1476 2437 1474 2438 1476 2438 1448 2438 1448 2439 1476 2439 1477 2439 1448 2440 1477 2440 1478 2440 1478 2441 1477 2441 1479 2441 1377 2442 1479 2442 1378 2442 1454 2443 1453 2443 1480 2443 1456 2444 1481 2444 1482 2444 1456 2445 1482 2445 1483 2445 1483 2446 1482 2446 1484 2446 1458 2447 1484 2447 1485 2447 1458 2448 1485 2448 1459 2448 1459 2449 1485 2449 1486 2449 1459 2450 1486 2450 1487 2450 1459 2451 1487 2451 1488 2451 1462 2452 1488 2452 1489 2452 1462 2453 1489 2453 1463 2453 1464 2454 1463 2454 1490 2454 1464 2455 1490 2455 1465 2455 1468 2456 1467 2456 1491 2456 1468 2457 1491 2457 1470 2457 1451 2458 1450 2458 1492 2458 1451 2459 1492 2459 1453 2459 1454 2460 1480 2460 1493 2460 1493 2461 1480 2461 1494 2461 1493 2462 1494 2462 1455 2462 1455 2463 1494 2463 1495 2463 1455 2464 1495 2464 1481 2464 1455 2465 1481 2465 1456 2465 1445 2466 1483 2466 1484 2466 1445 2467 1484 2467 1458 2467 1461 2468 1459 2468 1488 2468 1461 2469 1488 2469 1462 2469 1473 2470 1472 2470 1496 2470 1473 2471 1496 2471 1475 2471 1476 2472 1497 2472 1477 2472 1479 2473 1477 2473 1498 2473 1479 2474 1498 2474 1378 2474 1305 2475 1373 2475 1440 2475 1356 2476 1441 2476 1452 2476 1356 2477 1452 2477 1296 2477 1296 2478 1452 2478 1499 2478 1296 2479 1499 2479 1360 2479 1360 2480 1499 2480 1500 2480 1360 2481 1500 2481 1294 2481 1294 2482 1500 2482 1501 2482 1294 2483 1501 2483 1347 2483 1347 2484 1501 2484 1348 2484 1373 2485 1412 2485 1440 2485 1348 2486 1501 2486 1444 2486 1349 2487 1444 2487 1483 2487 1349 2488 1483 2488 1338 2488 1338 2489 1483 2489 1445 2489 1339 2490 1445 2490 1457 2490 1339 2491 1457 2491 1350 2491 1350 2492 1457 2492 1337 2492 1337 2493 1457 2493 1460 2493 1337 2494 1460 2494 1336 2494 1331 2495 1448 2495 1478 2495 1331 2496 1478 2496 1302 2496 1302 2497 1478 2497 1502 2497 1302 2498 1502 2498 1301 2498 1301 2499 1502 2499 1377 2499 1301 2500 1377 2500 1330 2500 1474 2501 1448 2501 1299 2501 1474 2502 1299 2502 1300 2502 1474 2503 1300 2503 1473 2503 1473 2504 1300 2504 1359 2504 1473 2505 1359 2505 1471 2505 1471 2506 1359 2506 1332 2506 1471 2507 1332 2507 1469 2507 1469 2508 1332 2508 1333 2508 1469 2509 1333 2509 1466 2509 1466 2510 1333 2510 1334 2510 1466 2511 1334 2511 1298 2511 1466 2512 1298 2512 1446 2512 1446 2513 1298 2513 1297 2513 1443 2514 1440 2514 1449 2514 1443 2515 1449 2515 1442 2515 1441 2516 1442 2516 1451 2516 1441 2517 1451 2517 1452 2517 1499 2518 1452 2518 1454 2518 1499 2519 1454 2519 1500 2519 1500 2520 1454 2520 1493 2520 1500 2521 1493 2521 1455 2521 1500 2522 1455 2522 1501 2522 1501 2523 1455 2523 1444 2523 1444 2524 1456 2524 1483 2524 1336 2525 1460 2525 1461 2525 1336 2526 1461 2526 1447 2526 1502 2527 1478 2527 1479 2527 1502 2528 1479 2528 1377 2528 1503 2529 1504 2529 1376 2529 1425 2530 1410 2530 1505 2530 1410 2531 1424 2531 1505 2531 1505 2532 1424 2532 1506 2532 1423 2533 1506 2533 1424 2533 1407 2534 1507 2534 1508 2534 1407 2535 1509 2535 1507 2535 1510 2536 1417 2536 1511 2536 1406 2537 1509 2537 1407 2537 1407 2538 1508 2538 1422 2538 1422 2539 1508 2539 1512 2539 1422 2540 1512 2540 1435 2540 1435 2541 1512 2541 1513 2541 1435 2542 1513 2542 1423 2542 1423 2543 1513 2543 1506 2543 1514 2544 1515 2544 1419 2544 1514 2545 1419 2545 1516 2545 1516 2546 1418 2546 1510 2546 1511 2547 1374 2547 1504 2547 1509 2548 1406 2548 1517 2548 1516 2549 1419 2549 1418 2549 1510 2550 1418 2550 1417 2550 1511 2551 1417 2551 1374 2551 1504 2552 1374 2552 1376 2552 1517 2553 1406 2553 1421 2553 1517 2554 1421 2554 1518 2554 1518 2555 1421 2555 1420 2555 1518 2556 1420 2556 1515 2556 1515 2557 1420 2557 1419 2557 1519 2558 1450 2558 1449 2558 1449 2559 1520 2559 1519 2559 1413 2560 1520 2560 1449 2560 1425 2561 1521 2561 1413 2561 1413 2562 1521 2562 1520 2562 1522 2563 1487 2563 1523 2563 1523 2564 1487 2564 1486 2564 1519 2565 1524 2565 1450 2565 1450 2566 1524 2566 1492 2566 1492 2567 1524 2567 1453 2567 1453 2568 1524 2568 1525 2568 1453 2569 1525 2569 1526 2569 1453 2570 1526 2570 1480 2570 1480 2571 1526 2571 1527 2571 1480 2572 1527 2572 1494 2572 1528 2573 1523 2573 1485 2573 1485 2574 1523 2574 1486 2574 1482 2575 1529 2575 1530 2575 1484 2576 1530 2576 1531 2576 1484 2577 1531 2577 1528 2577 1494 2578 1532 2578 1495 2578 1495 2579 1532 2579 1533 2579 1484 2580 1482 2580 1530 2580 1494 2581 1527 2581 1532 2581 1481 2582 1495 2582 1533 2582 1481 2583 1533 2583 1534 2583 1481 2584 1534 2584 1482 2584 1482 2585 1534 2585 1529 2585 1484 2586 1528 2586 1485 2586 1535 2587 1487 2587 1522 2587 1380 2588 1536 2588 1537 2588 1380 2589 1537 2589 1382 2589 1382 2590 1537 2590 1538 2590 1382 2591 1538 2591 1426 2591 1426 2592 1538 2592 1539 2592 1426 2593 1539 2593 1383 2593 1540 2594 1427 2594 1385 2594 1540 2595 1385 2595 1541 2595 1541 2596 1385 2596 1383 2596 1541 2597 1383 2597 1539 2597 1427 2598 1540 2598 1542 2598 1427 2599 1542 2599 1388 2599 1543 2600 1388 2600 1544 2600 1544 2601 1388 2601 1542 2601 1545 2602 1432 2602 1430 2602 1545 2603 1430 2603 1428 2603 1545 2604 1428 2604 1543 2604 1543 2605 1428 2605 1388 2605 1546 2606 1415 2606 1414 2606 1545 2607 1547 2607 1432 2607 1432 2608 1547 2608 1548 2608 1432 2609 1548 2609 1549 2609 1432 2610 1549 2610 1392 2610 1392 2611 1549 2611 1550 2611 1392 2612 1550 2612 1414 2612 1414 2613 1550 2613 1546 2613 1551 2614 1416 2614 1415 2614 1551 2615 1415 2615 1552 2615 1552 2616 1415 2616 1546 2616 1416 2617 1551 2617 1553 2617 1416 2618 1553 2618 1503 2618 1416 2619 1503 2619 1376 2619 1380 2620 1378 2620 1536 2620 1536 2621 1378 2621 1554 2621 1554 2622 1378 2622 1498 2622 1554 2623 1498 2623 1555 2623 1556 2624 1557 2624 1497 2624 1497 2625 1557 2625 1477 2625 1477 2626 1557 2626 1558 2626 1477 2627 1558 2627 1498 2627 1498 2628 1558 2628 1555 2628 1556 2629 1497 2629 1476 2629 1559 2630 1560 2630 1496 2630 1496 2631 1560 2631 1561 2631 1496 2632 1561 2632 1475 2632 1475 2633 1561 2633 1476 2633 1476 2634 1561 2634 1556 2634 1559 2635 1496 2635 1472 2635 1559 2636 1472 2636 1562 2636 1562 2637 1472 2637 1470 2637 1562 2638 1470 2638 1563 2638 1563 2639 1470 2639 1564 2639 1564 2640 1470 2640 1491 2640 1565 2641 1564 2641 1491 2641 1491 2642 1467 2642 1565 2642 1565 2643 1467 2643 1566 2643 1566 2644 1467 2644 1567 2644 1567 2645 1467 2645 1465 2645 1490 2646 1568 2646 1465 2646 1568 2647 1567 2647 1465 2647 1568 2648 1490 2648 1569 2648 1569 2649 1490 2649 1463 2649 1569 2650 1463 2650 1570 2650 1570 2651 1463 2651 1489 2651 1570 2652 1489 2652 1571 2652 1571 2653 1489 2653 1488 2653 1571 2654 1488 2654 1535 2654 1535 2655 1488 2655 1487 2655 1518 2656 1515 2656 1514 2656 1510 2657 1511 2657 1572 2657 1516 2658 1572 2658 1514 2658 1510 2659 1572 2659 1516 2659 1522 2660 1523 2660 1573 2660 1530 2661 1529 2661 1574 2661 1574 2662 1531 2662 1530 2662 1528 2663 1575 2663 1573 2663 1523 2664 1528 2664 1573 2664 1528 2665 1531 2665 1575 2665 1575 2666 1531 2666 1574 2666 1533 2667 1532 2667 1527 2667 1574 2668 1529 2668 1534 2668 1525 2669 1527 2669 1526 2669 1539 2670 1538 2670 1576 2670 1577 2671 1536 2671 1554 2671 1564 2672 1565 2672 1578 2672 1550 2673 1549 2673 1579 2673 1579 2674 1549 2674 1548 2674 1579 2675 1548 2675 1547 2675 1579 2676 1547 2676 1580 2676 1580 2677 1547 2677 1545 2677 1545 2678 1543 2678 1581 2678 1581 2679 1543 2679 1544 2679 1581 2680 1544 2680 1582 2680 1582 2681 1544 2681 1542 2681 1583 2682 1541 2682 1539 2682 1538 2683 1537 2683 1584 2683 1585 2684 1558 2684 1557 2684 1586 2685 1557 2685 1556 2685 1556 2686 1561 2686 1587 2686 1587 2687 1561 2687 1588 2687 1588 2688 1561 2688 1560 2688 1566 2689 1567 2689 1568 2689 1582 2690 1542 2690 1540 2690 1540 2691 1541 2691 1583 2691 1583 2692 1539 2692 1576 2692 1576 2693 1538 2693 1584 2693 1584 2694 1537 2694 1536 2694 1584 2695 1536 2695 1577 2695 1577 2696 1554 2696 1589 2696 1589 2697 1554 2697 1555 2697 1555 2698 1558 2698 1585 2698 1585 2699 1557 2699 1586 2699 1586 2700 1556 2700 1587 2700 1588 2701 1560 2701 1590 2701 1590 2702 1560 2702 1559 2702 1559 2703 1562 2703 1590 2703 1562 2704 1563 2704 1591 2704 1591 2705 1563 2705 1564 2705 1578 2706 1565 2706 1566 2706 1592 2707 1569 2707 1570 2707 1592 2708 1570 2708 1571 2708 1592 2709 1571 2709 1535 2709 1553 2710 1551 2710 1552 2710 1546 2711 1550 2711 1579 2711 1589 2712 1555 2712 1585 2712 1590 2713 1562 2713 1591 2713 1591 2714 1564 2714 1578 2714 1568 2715 1569 2715 1592 2715 1593 2716 1594 2716 1582 2716 1594 2717 1581 2717 1582 2717 1582 2718 1540 2718 1593 2718 1593 2719 1540 2719 1583 2719 1593 2720 1583 2720 1595 2720 1595 2721 1583 2721 1576 2721 1595 2722 1576 2722 1596 2722 1596 2723 1576 2723 1584 2723 1596 2724 1584 2724 1577 2724 1596 2725 1577 2725 1597 2725 1597 2726 1577 2726 1589 2726 1597 2727 1589 2727 1598 2727 1599 2728 1545 2728 1594 2728 1594 2729 1545 2729 1581 2729 1505 2730 1600 2730 1425 2730 1425 2731 1600 2731 1601 2731 1598 2732 1589 2732 1602 2732 1602 2733 1589 2733 1585 2733 1599 2734 1580 2734 1545 2734 1603 2735 1425 2735 1601 2735 1604 2736 1605 2736 1588 2736 1602 2737 1585 2737 1586 2737 1568 2738 1606 2738 1566 2738 1566 2739 1606 2739 1578 2739 1578 2740 1606 2740 1607 2740 1588 2741 1590 2741 1604 2741 1604 2742 1590 2742 1591 2742 1604 2743 1591 2743 1607 2743 1607 2744 1591 2744 1578 2744 1605 2745 1587 2745 1588 2745 1602 2746 1586 2746 1605 2746 1605 2747 1586 2747 1587 2747 1507 2748 1608 2748 1508 2748 1512 2749 1608 2749 1513 2749 1513 2750 1608 2750 1609 2750 1503 2751 1610 2751 1504 2751 1504 2752 1610 2752 1611 2752 1508 2753 1608 2753 1512 2753 1506 2754 1600 2754 1505 2754 1608 2755 1507 2755 1612 2755 1580 2756 1599 2756 1579 2756 1579 2757 1599 2757 1613 2757 1579 2758 1613 2758 1546 2758 1546 2759 1613 2759 1552 2759 1552 2760 1613 2760 1614 2760 1552 2761 1614 2761 1553 2761 1553 2762 1614 2762 1503 2762 1503 2763 1614 2763 1610 2763 1425 2764 1603 2764 1615 2764 1425 2765 1615 2765 1521 2765 1521 2766 1615 2766 1520 2766 1520 2767 1615 2767 1616 2767 1520 2768 1616 2768 1519 2768 1519 2769 1616 2769 1617 2769 1519 2770 1617 2770 1524 2770 1524 2771 1617 2771 1525 2771 1525 2772 1617 2772 1618 2772 1525 2773 1618 2773 1527 2773 1606 2774 1568 2774 1592 2774 1606 2775 1592 2775 1619 2775 1619 2776 1592 2776 1620 2776 1620 2777 1592 2777 1535 2777 1620 2778 1535 2778 1522 2778 1572 2779 1511 2779 1611 2779 1612 2780 1507 2780 1509 2780 1513 2781 1609 2781 1506 2781 1506 2782 1609 2782 1600 2782 1621 2783 1574 2783 1622 2783 1622 2784 1574 2784 1534 2784 1622 2785 1534 2785 1533 2785 1622 2786 1533 2786 1623 2786 1573 2787 1575 2787 1624 2787 1624 2788 1575 2788 1621 2788 1621 2789 1575 2789 1574 2789 1533 2790 1527 2790 1623 2790 1623 2791 1527 2791 1618 2791 1612 2792 1509 2792 1625 2792 1573 2793 1624 2793 1522 2793 1522 2794 1624 2794 1620 2794 1625 2795 1509 2795 1517 2795 1504 2796 1611 2796 1511 2796 1625 2797 1517 2797 1518 2797 1572 2798 1611 2798 1626 2798 1572 2799 1626 2799 1627 2799 1514 2800 1627 2800 1625 2800 1514 2801 1625 2801 1518 2801 1572 2802 1627 2802 1514 2802 1628 2803 1597 2803 1598 2803 1628 2804 1598 2804 1629 2804 1629 2805 1598 2805 1630 2805 1629 2806 1630 2806 1631 2806 1632 2807 1631 2807 1633 2807 1632 2808 1633 2808 1634 2808 1634 2809 1633 2809 1605 2809 1634 2810 1605 2810 1635 2810 1635 2811 1605 2811 1636 2811 1637 2812 1636 2812 1604 2812 1637 2813 1604 2813 1638 2813 1638 2814 1604 2814 1639 2814 1638 2815 1639 2815 1640 2815 1640 2816 1639 2816 1607 2816 1640 2817 1607 2817 1641 2817 1641 2818 1607 2818 1642 2818 1643 2819 1644 2819 1606 2819 1643 2820 1606 2820 1645 2820 1645 2821 1606 2821 1646 2821 1646 2822 1606 2822 1619 2822 1646 2823 1619 2823 1647 2823 1648 2824 1597 2824 1628 2824 1649 2825 1635 2825 1636 2825 1649 2826 1636 2826 1637 2826 1650 2827 1647 2827 1620 2827 1651 2828 1644 2828 1643 2828 1651 2829 1641 2829 1642 2829 1651 2830 1642 2830 1644 2830 1630 2831 1598 2831 1602 2831 1633 2832 1602 2832 1605 2832 1636 2833 1605 2833 1604 2833 1639 2834 1604 2834 1607 2834 1642 2835 1607 2835 1606 2835 1644 2836 1642 2836 1606 2836 1647 2837 1619 2837 1620 2837 1631 2838 1630 2838 1602 2838 1631 2839 1602 2839 1633 2839 1652 2840 1596 2840 1597 2840 1595 2841 1596 2841 1653 2841 1653 2842 1596 2842 1652 2842 1653 2843 1652 2843 1654 2843 1652 2844 1597 2844 1648 2844 1593 2845 1595 2845 1655 2845 1654 2846 1652 2846 1656 2846 1656 2847 1652 2847 1648 2847 1595 2848 1653 2848 1657 2848 1657 2849 1653 2849 1654 2849 1594 2850 1593 2850 1658 2850 1655 2851 1595 2851 1659 2851 1659 2852 1595 2852 1657 2852 1658 2853 1593 2853 1660 2853 1593 2854 1655 2854 1661 2854 1661 2855 1655 2855 1659 2855 1599 2856 1594 2856 1662 2856 1660 2857 1593 2857 1661 2857 1594 2858 1658 2858 1663 2858 1663 2859 1658 2859 1660 2859 1664 2860 1594 2860 1663 2860 1665 2861 1613 2861 1599 2861 1662 2862 1594 2862 1664 2862 1663 2863 1660 2863 1661 2863 1666 2864 1662 2864 1664 2864 1665 2865 1599 2865 1667 2865 1667 2866 1599 2866 1668 2866 1614 2867 1613 2867 1669 2867 1670 2868 1665 2868 1667 2868 1613 2869 1665 2869 1670 2869 1671 2870 1613 2870 1670 2870 1669 2871 1613 2871 1671 2871 1610 2872 1672 2872 1673 2872 1614 2873 1674 2873 1675 2873 1671 2874 1676 2874 1669 2874 1614 2875 1675 2875 1672 2875 1672 2876 1610 2876 1614 2876 1614 2877 1669 2877 1674 2877 1674 2878 1669 2878 1676 2878 1666 2879 1668 2879 1662 2879 1662 2880 1668 2880 1599 2880 1677 2881 1650 2881 1620 2881 1620 2882 1624 2882 1677 2882 1624 2883 1678 2883 1677 2883 1618 2884 1679 2884 1623 2884 1615 2885 1680 2885 1616 2885 1623 2886 1681 2886 1622 2886 1622 2887 1681 2887 1682 2887 1683 2888 1684 2888 1621 2888 1685 2889 1686 2889 1624 2889 1686 2890 1678 2890 1624 2890 1621 2891 1622 2891 1683 2891 1683 2892 1622 2892 1682 2892 1684 2893 1685 2893 1621 2893 1615 2894 1687 2894 1680 2894 1616 2895 1688 2895 1617 2895 1617 2896 1688 2896 1689 2896 1617 2897 1689 2897 1618 2897 1618 2898 1689 2898 1690 2898 1618 2899 1690 2899 1679 2899 1621 2900 1685 2900 1624 2900 1611 2901 1673 2901 1691 2901 1600 2902 1692 2902 1601 2902 1603 2903 1687 2903 1615 2903 1625 2904 1693 2904 1612 2904 1600 2905 1609 2905 1694 2905 1695 2906 1696 2906 1697 2906 1691 2907 1698 2907 1626 2907 1691 2908 1626 2908 1611 2908 1627 2909 1698 2909 1696 2909 1627 2910 1696 2910 1695 2910 1626 2911 1698 2911 1627 2911 1608 2912 1699 2912 1700 2912 1608 2913 1700 2913 1701 2913 1699 2914 1608 2914 1612 2914 1699 2915 1612 2915 1693 2915 1702 2916 1694 2916 1609 2916 1701 2917 1609 2917 1608 2917 1703 2918 1693 2918 1625 2918 1703 2919 1625 2919 1697 2919 1609 2920 1701 2920 1702 2920 1603 2921 1601 2921 1687 2921 1692 2922 1600 2922 1704 2922 1704 2923 1600 2923 1694 2923 1695 2924 1697 2924 1625 2924 1695 2925 1625 2925 1627 2925 1611 2926 1610 2926 1673 2926 1705 2927 1673 2927 1672 2927 1705 2928 1672 2928 1706 2928 1706 2929 1672 2929 1675 2929 1706 2930 1675 2930 1707 2930 1707 2931 1675 2931 1674 2931 1707 2932 1674 2932 1708 2932 1708 2933 1674 2933 1709 2933 1674 2934 1676 2934 1709 2934 1709 2935 1676 2935 1710 2935 1710 2936 1676 2936 1671 2936 1710 2937 1671 2937 1711 2937 1711 2938 1671 2938 1670 2938 1711 2939 1670 2939 1712 2939 1712 2940 1670 2940 1667 2940 1712 2941 1667 2941 1713 2941 1713 2942 1667 2942 1714 2942 1714 2943 1667 2943 1668 2943 1714 2944 1668 2944 1666 2944 1714 2945 1666 2945 1715 2945 1715 2946 1666 2946 1664 2946 1715 2947 1664 2947 1716 2947 1716 2948 1664 2948 1717 2948 1717 2949 1664 2949 1663 2949 1717 2950 1663 2950 1718 2950 1718 2951 1663 2951 1661 2951 1718 2952 1661 2952 1719 2952 1719 2953 1661 2953 1720 2953 1720 2954 1661 2954 1659 2954 1720 2955 1659 2955 1721 2955 1721 2956 1659 2956 1657 2956 1721 2957 1657 2957 1654 2957 1721 2958 1654 2958 1722 2958 1722 2959 1654 2959 1723 2959 1723 2960 1654 2960 1656 2960 1723 2961 1656 2961 1724 2961 1724 2962 1656 2962 1648 2962 1724 2963 1648 2963 1725 2963 1725 2964 1648 2964 1628 2964 1725 2965 1628 2965 1726 2965 1726 2966 1628 2966 1629 2966 1726 2967 1629 2967 1727 2967 1727 2968 1629 2968 1728 2968 1728 2969 1629 2969 1631 2969 1728 2970 1631 2970 1632 2970 1728 2971 1632 2971 1729 2971 1729 2972 1632 2972 1634 2972 1729 2973 1634 2973 1730 2973 1730 2974 1634 2974 1731 2974 1731 2975 1634 2975 1635 2975 1731 2976 1635 2976 1649 2976 1731 2977 1649 2977 1732 2977 1732 2978 1649 2978 1733 2978 1733 2979 1649 2979 1637 2979 1733 2980 1637 2980 1734 2980 1734 2981 1637 2981 1638 2981 1734 2982 1638 2982 1735 2982 1735 2983 1638 2983 1640 2983 1735 2984 1640 2984 1736 2984 1736 2985 1640 2985 1641 2985 1736 2986 1641 2986 1737 2986 1737 2987 1641 2987 1651 2987 1643 2988 1738 2988 1651 2988 1651 2989 1738 2989 1737 2989 1738 2990 1643 2990 1645 2990 1738 2991 1645 2991 1739 2991 1739 2992 1645 2992 1740 2992 1650 2993 1741 2993 1742 2993 1650 2994 1742 2994 1647 2994 1647 2995 1742 2995 1743 2995 1647 2996 1743 2996 1646 2996 1646 2997 1743 2997 1740 2997 1646 2998 1740 2998 1645 2998 1650 2999 1677 2999 1741 2999 1741 3000 1677 3000 1744 3000 1687 3001 1745 3001 1680 3001 1680 3002 1745 3002 1746 3002 1680 3003 1746 3003 1747 3003 1680 3004 1747 3004 1616 3004 1616 3005 1747 3005 1748 3005 1616 3006 1748 3006 1688 3006 1688 3007 1748 3007 1689 3007 1689 3008 1748 3008 1749 3008 1689 3009 1749 3009 1690 3009 1690 3010 1749 3010 1750 3010 1690 3011 1750 3011 1679 3011 1679 3012 1750 3012 1751 3012 1679 3013 1751 3013 1623 3013 1623 3014 1751 3014 1752 3014 1623 3015 1752 3015 1681 3015 1681 3016 1752 3016 1753 3016 1681 3017 1753 3017 1682 3017 1682 3018 1753 3018 1754 3018 1682 3019 1754 3019 1683 3019 1754 3020 1755 3020 1683 3020 1683 3021 1755 3021 1756 3021 1683 3022 1756 3022 1684 3022 1684 3023 1756 3023 1757 3023 1684 3024 1757 3024 1685 3024 1685 3025 1757 3025 1758 3025 1685 3026 1758 3026 1686 3026 1686 3027 1758 3027 1678 3027 1678 3028 1758 3028 1759 3028 1744 3029 1677 3029 1759 3029 1759 3030 1677 3030 1678 3030 1673 3031 1760 3031 1761 3031 1673 3032 1761 3032 1691 3032 1691 3033 1761 3033 1698 3033 1698 3034 1761 3034 1762 3034 1698 3035 1762 3035 1696 3035 1762 3036 1763 3036 1696 3036 1696 3037 1763 3037 1697 3037 1697 3038 1763 3038 1764 3038 1697 3039 1764 3039 1703 3039 1703 3040 1764 3040 1765 3040 1703 3041 1765 3041 1766 3041 1703 3042 1766 3042 1693 3042 1693 3043 1766 3043 1767 3043 1693 3044 1767 3044 1699 3044 1699 3045 1767 3045 1768 3045 1699 3046 1768 3046 1700 3046 1700 3047 1768 3047 1769 3047 1700 3048 1769 3048 1701 3048 1701 3049 1769 3049 1770 3049 1701 3050 1770 3050 1702 3050 1745 3051 1687 3051 1601 3051 1745 3052 1601 3052 1771 3052 1771 3053 1601 3053 1692 3053 1771 3054 1692 3054 1772 3054 1772 3055 1692 3055 1704 3055 1772 3056 1704 3056 1773 3056 1773 3057 1704 3057 1694 3057 1773 3058 1694 3058 1702 3058 1773 3059 1702 3059 1770 3059 1705 3060 1760 3060 1673 3060 1724 3061 1774 3061 1723 3061 1723 3062 1774 3062 1722 3062 1722 3063 1774 3063 1775 3063 1722 3064 1775 3064 1721 3064 1721 3065 1775 3065 1720 3065 1720 3066 1775 3066 1776 3066 1720 3067 1776 3067 1719 3067 1719 3068 1776 3068 1777 3068 1719 3069 1777 3069 1718 3069 1718 3070 1777 3070 1778 3070 1718 3071 1778 3071 1717 3071 1717 3072 1778 3072 1779 3072 1717 3073 1779 3073 1716 3073 1716 3074 1779 3074 1715 3074 1715 3075 1779 3075 1780 3075 1715 3076 1780 3076 1714 3076 1714 3077 1780 3077 1713 3077 1713 3078 1780 3078 1781 3078 1713 3079 1781 3079 1712 3079 1712 3080 1781 3080 1711 3080 1711 3081 1781 3081 1782 3081 1711 3082 1782 3082 1710 3082 1710 3083 1782 3083 1709 3083 1760 3084 1705 3084 1706 3084 1783 3085 1730 3085 1784 3085 1742 3086 1744 3086 1743 3086 1741 3087 1744 3087 1742 3087 1727 3088 1784 3088 1785 3088 1786 3089 1787 3089 1733 3089 1740 3090 1743 3090 1739 3090 1738 3091 1739 3091 1788 3091 1737 3092 1788 3092 1789 3092 1737 3093 1789 3093 1736 3093 1736 3094 1789 3094 1735 3094 1735 3095 1789 3095 1786 3095 1735 3096 1786 3096 1734 3096 1734 3097 1786 3097 1733 3097 1733 3098 1787 3098 1732 3098 1732 3099 1787 3099 1731 3099 1731 3100 1787 3100 1730 3100 1783 3101 1784 3101 1728 3101 1728 3102 1784 3102 1727 3102 1727 3103 1785 3103 1726 3103 1730 3104 1783 3104 1729 3104 1738 3105 1788 3105 1737 3105 1729 3106 1783 3106 1728 3106 1726 3107 1785 3107 1725 3107 1725 3108 1785 3108 1724 3108 1758 3109 1757 3109 1790 3109 1790 3110 1757 3110 1756 3110 1755 3111 1754 3111 1753 3111 1790 3112 1759 3112 1758 3112 1790 3113 1756 3113 1755 3113 1765 3114 1764 3114 1791 3114 1765 3115 1791 3115 1766 3115 1792 3116 1791 3116 1763 3116 1791 3117 1764 3117 1763 3117 1792 3118 1762 3118 1761 3118 1762 3119 1792 3119 1763 3119 1793 3120 1724 3120 1785 3120 1793 3121 1785 3121 1794 3121 1794 3122 1785 3122 1795 3122 1795 3123 1785 3123 1784 3123 1795 3124 1784 3124 1796 3124 1724 3125 1793 3125 1774 3125 1774 3126 1793 3126 1797 3126 1774 3127 1797 3127 1775 3127 1796 3128 1784 3128 1730 3128 1773 3129 1798 3129 1772 3129 1772 3130 1798 3130 1799 3130 1772 3131 1799 3131 1771 3131 1771 3132 1799 3132 1745 3132 1745 3133 1799 3133 1800 3133 1745 3134 1800 3134 1801 3134 1745 3135 1801 3135 1746 3135 1746 3136 1801 3136 1747 3136 1780 3137 1802 3137 1781 3137 1781 3138 1802 3138 1803 3138 1781 3139 1803 3139 1804 3139 1777 3140 1805 3140 1778 3140 1778 3141 1805 3141 1806 3141 1778 3142 1806 3142 1779 3142 1779 3143 1806 3143 1802 3143 1779 3144 1802 3144 1780 3144 1776 3145 1807 3145 1777 3145 1777 3146 1807 3146 1805 3146 1801 3147 1808 3147 1747 3147 1747 3148 1808 3148 1748 3148 1749 3149 1809 3149 1750 3149 1797 3150 1810 3150 1775 3150 1775 3151 1810 3151 1807 3151 1775 3152 1807 3152 1776 3152 1781 3153 1804 3153 1782 3153 1782 3154 1804 3154 1709 3154 1749 3155 1811 3155 1809 3155 1787 3156 1812 3156 1730 3156 1730 3157 1812 3157 1796 3157 1798 3158 1773 3158 1770 3158 1798 3159 1770 3159 1813 3159 1808 3160 1811 3160 1748 3160 1748 3161 1811 3161 1749 3161 1789 3162 1788 3162 1814 3162 1814 3163 1788 3163 1815 3163 1814 3164 1816 3164 1789 3164 1789 3165 1816 3165 1817 3165 1789 3166 1817 3166 1786 3166 1786 3167 1817 3167 1818 3167 1786 3168 1818 3168 1787 3168 1804 3169 1819 3169 1709 3169 1709 3170 1819 3170 1820 3170 1709 3171 1820 3171 1708 3171 1708 3172 1820 3172 1707 3172 1707 3173 1820 3173 1821 3173 1707 3174 1821 3174 1706 3174 1706 3175 1821 3175 1822 3175 1787 3176 1818 3176 1812 3176 1823 3177 1824 3177 1791 3177 1791 3178 1824 3178 1825 3178 1791 3179 1825 3179 1766 3179 1766 3180 1825 3180 1767 3180 1759 3181 1826 3181 1744 3181 1769 3182 1827 3182 1770 3182 1770 3183 1827 3183 1813 3183 1825 3184 1828 3184 1767 3184 1767 3185 1828 3185 1768 3185 1750 3186 1809 3186 1829 3186 1750 3187 1829 3187 1751 3187 1751 3188 1829 3188 1830 3188 1751 3189 1830 3189 1752 3189 1752 3190 1830 3190 1831 3190 1752 3191 1831 3191 1753 3191 1753 3192 1831 3192 1832 3192 1753 3193 1832 3193 1755 3193 1744 3194 1826 3194 1833 3194 1823 3195 1791 3195 1834 3195 1834 3196 1791 3196 1792 3196 1834 3197 1792 3197 1835 3197 1828 3198 1836 3198 1768 3198 1768 3199 1836 3199 1769 3199 1769 3200 1836 3200 1827 3200 1755 3201 1832 3201 1790 3201 1790 3202 1832 3202 1837 3202 1706 3203 1822 3203 1760 3203 1760 3204 1822 3204 1835 3204 1760 3205 1835 3205 1761 3205 1761 3206 1835 3206 1792 3206 1838 3207 1743 3207 1833 3207 1833 3208 1743 3208 1744 3208 1743 3209 1838 3209 1839 3209 1788 3210 1739 3210 1815 3210 1815 3211 1739 3211 1839 3211 1839 3212 1739 3212 1743 3212 1790 3213 1837 3213 1840 3213 1790 3214 1840 3214 1841 3214 1790 3215 1841 3215 1759 3215 1759 3216 1841 3216 1826 3216 1842 3217 1801 3217 1800 3217 1798 3218 1843 3218 1844 3218 1836 3219 1828 3219 1845 3219 1813 3220 1846 3220 1843 3220 1800 3221 1847 3221 1842 3221 1800 3222 1799 3222 1848 3222 1828 3223 1849 3223 1845 3223 1827 3224 1850 3224 1846 3224 1834 3225 1851 3225 1852 3225 1835 3226 1853 3226 1854 3226 1834 3227 1852 3227 1855 3227 1856 3228 1824 3228 1857 3228 1857 3229 1823 3229 1855 3229 1856 3230 1849 3230 1828 3230 1856 3231 1828 3231 1825 3231 1802 3232 1806 3232 1858 3232 1822 3233 1821 3233 1859 3233 1860 3234 1819 3234 1804 3234 1819 3235 1861 3235 1820 3235 1853 3236 1822 3236 1859 3236 1860 3237 1804 3237 1803 3237 1862 3238 1802 3238 1858 3238 1863 3239 1802 3239 1862 3239 1822 3240 1853 3240 1835 3240 1798 3241 1864 3241 1799 3241 1836 3242 1845 3242 1827 3242 1827 3243 1845 3243 1850 3243 1851 3244 1834 3244 1835 3244 1851 3245 1835 3245 1854 3245 1821 3246 1820 3246 1861 3246 1859 3247 1821 3247 1861 3247 1803 3248 1802 3248 1863 3248 1848 3249 1799 3249 1864 3249 1844 3250 1864 3250 1798 3250 1843 3251 1798 3251 1813 3251 1846 3252 1813 3252 1827 3252 1856 3253 1825 3253 1824 3253 1857 3254 1824 3254 1823 3254 1855 3255 1823 3255 1834 3255 1865 3256 1866 3256 1867 3256 1812 3257 1818 3257 1868 3257 1818 3258 1869 3258 1868 3258 1839 3259 1870 3259 1871 3259 1838 3260 1870 3260 1839 3260 1814 3261 1817 3261 1816 3261 1872 3262 1840 3262 1837 3262 1872 3263 1837 3263 1873 3263 1874 3264 1832 3264 1831 3264 1875 3265 1831 3265 1830 3265 1876 3266 1877 3266 1811 3266 1876 3267 1811 3267 1867 3267 1878 3268 1840 3268 1872 3268 1875 3269 1830 3269 1879 3269 1877 3270 1880 3270 1809 3270 1865 3271 1867 3271 1808 3271 1829 3272 1880 3272 1881 3272 1831 3273 1875 3273 1874 3273 1832 3274 1874 3274 1882 3274 1826 3275 1883 3275 1884 3275 1841 3276 1878 3276 1883 3276 1833 3277 1826 3277 1884 3277 1830 3278 1881 3278 1879 3278 1866 3279 1842 3279 1847 3279 1818 3280 1817 3280 1869 3280 1812 3281 1885 3281 1796 3281 1795 3282 1886 3282 1794 3282 1808 3283 1867 3283 1811 3283 1801 3284 1842 3284 1866 3284 1801 3285 1866 3285 1865 3285 1801 3286 1865 3286 1808 3286 1811 3287 1877 3287 1809 3287 1832 3288 1873 3288 1837 3288 1839 3289 1871 3289 1815 3289 1826 3290 1841 3290 1883 3290 1840 3291 1878 3291 1841 3291 1809 3292 1880 3292 1829 3292 1829 3293 1881 3293 1830 3293 1832 3294 1882 3294 1873 3294 1814 3295 1815 3295 1887 3295 1862 3296 1868 3296 1869 3296 1854 3297 1853 3297 1847 3297 1862 3298 1858 3298 1868 3298 1847 3299 1853 3299 1859 3299 1838 3300 1833 3300 1862 3300 1833 3301 1884 3301 1862 3301 1862 3302 1884 3302 1883 3302 1873 3303 1882 3303 1863 3303 1863 3304 1882 3304 1874 3304 1852 3305 1851 3305 1847 3305 1847 3306 1851 3306 1854 3306 1859 3307 1861 3307 1847 3307 1847 3308 1861 3308 1819 3308 1812 3309 1868 3309 1858 3309 1862 3310 1871 3310 1870 3310 1862 3311 1870 3311 1838 3311 1883 3312 1878 3312 1862 3312 1862 3313 1878 3313 1872 3313 1793 3314 1858 3314 1806 3314 1863 3315 1862 3315 1873 3315 1873 3316 1862 3316 1872 3316 1874 3317 1875 3317 1863 3317 1863 3318 1875 3318 1879 3318 1847 3319 1855 3319 1852 3319 1847 3320 1819 3320 1860 3320 1796 3321 1885 3321 1858 3321 1858 3322 1885 3322 1812 3322 1814 3323 1887 3323 1862 3323 1862 3324 1887 3324 1815 3324 1862 3325 1815 3325 1871 3325 1860 3326 1803 3326 1847 3326 1847 3327 1803 3327 1863 3327 1793 3328 1806 3328 1805 3328 1793 3329 1805 3329 1807 3329 1879 3330 1881 3330 1863 3330 1863 3331 1881 3331 1880 3331 1847 3332 1856 3332 1857 3332 1847 3333 1857 3333 1855 3333 1869 3334 1817 3334 1862 3334 1862 3335 1817 3335 1814 3335 1886 3336 1795 3336 1858 3336 1858 3337 1795 3337 1796 3337 1793 3338 1807 3338 1810 3338 1880 3339 1877 3339 1863 3339 1863 3340 1877 3340 1876 3340 1845 3341 1849 3341 1847 3341 1847 3342 1849 3342 1856 3342 1810 3343 1797 3343 1793 3343 1793 3344 1794 3344 1858 3344 1858 3345 1794 3345 1886 3345 1876 3346 1867 3346 1863 3346 1863 3347 1867 3347 1866 3347 1846 3348 1850 3348 1847 3348 1847 3349 1850 3349 1845 3349 1863 3350 1866 3350 1847 3350 1864 3351 1844 3351 1847 3351 1847 3352 1844 3352 1843 3352 1847 3353 1843 3353 1846 3353 1800 3354 1848 3354 1847 3354 1847 3355 1848 3355 1864 3355 781 3356 812 3356 779 3356 779 3357 812 3357 807 3357 779 3358 807 3358 785 3358 785 3359 807 3359 809 3359 785 3360 809 3360 784 3360 784 3361 809 3361 800 3361 784 3362 800 3362 783 3362 783 3363 800 3363 803 3363 783 3364 803 3364 782 3364 782 3365 803 3365 806 3365 782 3366 806 3366 780 3366 780 3367 806 3367 818 3367 780 3368 818 3368 781 3368 781 3369 818 3369 812 3369 787 3370 918 3370 920 3370 787 3371 920 3371 791 3371 791 3372 920 3372 789 3372 789 3373 920 3373 929 3373 789 3374 929 3374 790 3374 790 3375 929 3375 911 3375 790 3376 911 3376 913 3376 790 3377 913 3377 788 3377 788 3378 913 3378 916 3378 788 3379 916 3379 923 3379 788 3380 923 3380 786 3380 786 3381 923 3381 926 3381 786 3382 926 3382 787 3382 787 3383 926 3383 918 3383 794 3384 940 3384 942 3384 794 3385 942 3385 799 3385 799 3386 942 3386 798 3386 798 3387 942 3387 948 3387 798 3388 948 3388 932 3388 798 3389 932 3389 797 3389 797 3390 932 3390 795 3390 795 3391 932 3391 935 3391 795 3392 935 3392 796 3392 796 3393 935 3393 946 3393 796 3394 946 3394 792 3394 792 3395 946 3395 938 3395 792 3396 938 3396 793 3396 793 3397 938 3397 794 3397 794 3398 938 3398 940 3398 1888 3399 966 3399 819 3399 819 3400 966 3400 1020 3400 817 3401 967 3401 1888 3401 1888 3402 967 3402 966 3402 952 3403 965 3403 817 3403 817 3404 965 3404 967 3404 952 3405 962 3405 965 3405 963 3406 962 3406 805 3406 805 3407 962 3407 952 3407 804 3408 963 3408 805 3408 963 3409 804 3409 971 3409 802 3410 971 3410 804 3410 951 3411 980 3411 802 3411 802 3412 980 3412 971 3412 801 3413 981 3413 951 3413 951 3414 981 3414 980 3414 979 3415 981 3415 801 3415 811 3416 975 3416 801 3416 975 3417 979 3417 801 3417 811 3418 973 3418 975 3418 810 3419 974 3419 973 3419 810 3420 973 3420 811 3420 978 3421 974 3421 810 3421 953 3422 978 3422 810 3422 953 3423 982 3423 978 3423 808 3424 1080 3424 953 3424 953 3425 1080 3425 982 3425 816 3426 1188 3426 808 3426 808 3427 1188 3427 1080 3427 816 3428 1013 3428 1188 3428 1889 3429 1013 3429 816 3429 1889 3430 1014 3430 1013 3430 1889 3431 1016 3431 1014 3431 814 3432 1015 3432 1016 3432 814 3433 1016 3433 1889 3433 1890 3434 1015 3434 814 3434 1890 3435 1010 3435 1015 3435 1891 3436 1011 3436 1010 3436 1891 3437 1010 3437 1890 3437 813 3438 1011 3438 1891 3438 813 3439 1021 3439 1011 3439 1892 3440 1019 3440 813 3440 813 3441 1019 3441 1021 3441 819 3442 1020 3442 1892 3442 1892 3443 1020 3443 1019 3443 874 3444 1208 3444 872 3444 878 3445 1122 3445 877 3445 877 3446 1122 3446 1209 3446 877 3447 1209 3447 874 3447 874 3448 1209 3448 1208 3448 1212 3449 873 3449 872 3449 1212 3450 872 3450 1208 3450 873 3451 1212 3451 1211 3451 873 3452 1211 3452 870 3452 870 3453 1211 3453 1213 3453 870 3454 1213 3454 868 3454 868 3455 1213 3455 1215 3455 868 3456 1215 3456 1214 3456 868 3457 1214 3457 869 3457 869 3458 1214 3458 1217 3458 869 3459 1217 3459 880 3459 880 3460 1217 3460 881 3460 881 3461 1217 3461 1196 3461 1196 3462 1287 3462 881 3462 881 3463 1287 3463 866 3463 866 3464 1287 3464 1286 3464 866 3465 1286 3465 865 3465 865 3466 1286 3466 1190 3466 865 3467 1190 3467 1189 3467 865 3468 1189 3468 863 3468 863 3469 1189 3469 1284 3469 863 3470 1284 3470 864 3470 864 3471 1284 3471 886 3471 886 3472 1284 3472 1219 3472 886 3473 1219 3473 1221 3473 886 3474 1221 3474 861 3474 861 3475 1221 3475 1288 3475 861 3476 1288 3476 860 3476 860 3477 1288 3477 1223 3477 860 3478 1223 3478 859 3478 859 3479 1223 3479 1222 3479 859 3480 1222 3480 858 3480 1225 3481 820 3481 1192 3481 1192 3482 820 3482 856 3482 1192 3483 856 3483 1193 3483 1193 3484 856 3484 858 3484 1193 3485 858 3485 1222 3485 1226 3486 820 3486 1225 3486 1041 3487 844 3487 843 3487 1041 3488 843 3488 1025 3488 1025 3489 843 3489 822 3489 1025 3490 822 3490 1023 3490 1023 3491 822 3491 821 3491 1023 3492 821 3492 1226 3492 1226 3493 821 3493 820 3493 844 3494 1041 3494 1040 3494 844 3495 1040 3495 840 3495 840 3496 1040 3496 1039 3496 840 3497 1039 3497 841 3497 841 3498 1039 3498 1038 3498 841 3499 1038 3499 1037 3499 841 3500 1037 3500 842 3500 842 3501 1037 3501 1036 3501 842 3502 1036 3502 837 3502 1034 3503 838 3503 1036 3503 1036 3504 838 3504 837 3504 1035 3505 838 3505 1034 3505 1029 3506 834 3506 1032 3506 1032 3507 834 3507 1035 3507 1035 3508 834 3508 839 3508 1035 3509 839 3509 838 3509 1029 3510 835 3510 834 3510 1031 3511 857 3511 835 3511 1031 3512 835 3512 1029 3512 857 3513 1031 3513 1028 3513 857 3514 1028 3514 832 3514 832 3515 1028 3515 1027 3515 832 3516 1027 3516 830 3516 830 3517 1027 3517 1098 3517 1180 3518 908 3518 1177 3518 1177 3519 908 3519 1098 3519 1098 3520 908 3520 830 3520 908 3521 1180 3521 829 3521 829 3522 1180 3522 1178 3522 829 3523 1178 3523 907 3523 907 3524 1178 3524 1099 3524 1103 3525 1102 3525 888 3525 907 3526 1099 3526 905 3526 905 3527 1099 3527 1101 3527 905 3528 1101 3528 906 3528 906 3529 1101 3529 1103 3529 906 3530 1103 3530 888 3530 888 3531 1102 3531 887 3531 887 3532 1102 3532 1105 3532 887 3533 1105 3533 904 3533 904 3534 1105 3534 1108 3534 904 3535 1108 3535 1107 3535 904 3536 1107 3536 903 3536 903 3537 1107 3537 902 3537 899 3538 900 3538 1110 3538 1107 3539 1183 3539 902 3539 902 3540 1183 3540 1110 3540 902 3541 1110 3541 900 3541 1110 3542 1113 3542 899 3542 899 3543 1113 3543 898 3543 898 3544 1113 3544 1115 3544 898 3545 1115 3545 896 3545 1117 3546 895 3546 1116 3546 1116 3547 895 3547 896 3547 1116 3548 896 3548 1115 3548 895 3549 1117 3549 893 3549 893 3550 1117 3550 1119 3550 893 3551 1119 3551 892 3551 1119 3552 1120 3552 892 3552 892 3553 1120 3553 1121 3553 892 3554 1121 3554 890 3554 890 3555 1121 3555 1123 3555 890 3556 1123 3556 878 3556 878 3557 1123 3557 1122 3557 1006 3558 955 3558 915 3558 955 3559 1006 3559 1001 3559 1006 3560 915 3560 1077 3560 914 3561 1077 3561 915 3561 914 3562 1078 3562 1077 3562 987 3563 1075 3563 957 3563 957 3564 1075 3564 914 3564 914 3565 1075 3565 1078 3565 987 3566 957 3566 1007 3566 1008 3567 1007 3567 931 3567 1007 3568 957 3568 931 3568 1008 3569 931 3569 1893 3569 1893 3570 991 3570 1008 3570 991 3571 1893 3571 1894 3571 930 3572 995 3572 1894 3572 1894 3573 995 3573 991 3573 930 3574 994 3574 995 3574 994 3575 930 3575 1895 3575 994 3576 1895 3576 993 3576 993 3577 1895 3577 928 3577 993 3578 928 3578 1135 3578 1135 3579 928 3579 1896 3579 921 3580 1111 3580 1135 3580 921 3581 1135 3581 1896 3581 1111 3582 921 3582 1897 3582 1111 3583 1897 3583 1109 3583 1898 3584 1109 3584 1897 3584 1137 3585 956 3585 927 3585 956 3586 1137 3586 1112 3586 956 3587 1112 3587 1898 3587 1898 3588 1112 3588 1109 3588 1000 3589 927 3589 925 3589 927 3590 1000 3590 1137 3590 958 3591 998 3591 925 3591 925 3592 998 3592 1000 3592 924 3593 1004 3593 958 3593 958 3594 1004 3594 998 3594 1003 3595 1004 3595 924 3595 997 3596 1003 3596 924 3596 954 3597 997 3597 924 3597 954 3598 1002 3598 997 3598 1001 3599 1002 3599 955 3599 955 3600 1002 3600 954 3600 1058 3601 1197 3601 950 3601 939 3602 1187 3602 1899 3602 1899 3603 1187 3603 1073 3603 947 3604 1068 3604 1900 3604 1900 3605 1068 3605 1185 3605 1900 3606 1185 3606 939 3606 939 3607 1185 3607 1187 3607 1901 3608 1043 3608 947 3608 947 3609 1043 3609 1068 3609 1901 3610 1067 3610 1043 3610 937 3611 1069 3611 1901 3611 1901 3612 1069 3612 1067 3612 1069 3613 937 3613 1074 3613 1074 3614 937 3614 961 3614 961 3615 1070 3615 1074 3615 961 3616 1050 3616 1070 3616 936 3617 1050 3617 961 3617 936 3618 1071 3618 1050 3618 960 3619 1071 3619 936 3619 1071 3620 960 3620 1072 3620 934 3621 1072 3621 960 3621 1072 3622 934 3622 933 3622 1072 3623 933 3623 1218 3623 950 3624 1197 3624 933 3624 933 3625 1197 3625 1218 3625 949 3626 1058 3626 950 3626 949 3627 1053 3627 1058 3627 1051 3628 1053 3628 959 3628 959 3629 1053 3629 949 3629 1051 3630 959 3630 1054 3630 1054 3631 959 3631 945 3631 1055 3632 1054 3632 945 3632 945 3633 1902 3633 1055 3633 944 3634 943 3634 1057 3634 944 3635 1057 3635 1902 3635 1902 3636 1057 3636 1055 3636 1065 3637 1057 3637 943 3637 941 3638 1065 3638 943 3638 1073 3639 1066 3639 1899 3639 1899 3640 1066 3640 941 3640 941 3641 1066 3641 1061 3641 941 3642 1061 3642 1065 3642 813 3643 1891 3643 814 3643 814 3644 1889 3644 815 3644 815 3645 1889 3645 816 3645 817 3646 1888 3646 819 3646 819 3647 1892 3647 813 3647 1891 3648 1890 3648 814 3648 930 3649 1894 3649 931 3649 1895 3650 930 3650 928 3650 957 3651 912 3651 931 3651 1893 3652 931 3652 1894 3652 928 3653 922 3653 1896 3653 1896 3654 922 3654 921 3654 1898 3655 919 3655 956 3655 1897 3656 921 3656 919 3656 1897 3657 919 3657 1898 3657 937 3658 1901 3658 947 3658 947 3659 1900 3659 939 3659 939 3660 1899 3660 941 3660 944 3661 1902 3661 945 3661 1903 3662 1904 3662 1905 3662 1903 3662 1906 3662 1907 3662 1903 3662 1908 3662 1906 3662 1909 3662 1908 3662 1903 3662 1903 3662 1910 3662 1909 3662 1903 3662 1911 3662 1910 3662 1903 3662 1912 3662 1911 3662 1903 3662 1913 3662 1912 3662 1903 3662 1914 3662 1913 3662 1903 3662 1905 3662 1914 3662 1915 0 1916 0 1917 0 1917 0 1916 0 1918 0 1917 0 1919 0 1915 0 1917 0 1920 0 1919 0 1917 0 1921 0 1920 0 1922 0 1921 0 1917 0 1923 0 1922 0 1917 0 1924 0 1925 0 1917 0 1918 0 1924 0 1917 0 1926 3663 1927 3663 1928 3663 1928 3664 1927 3664 1929 3664 1928 3665 1929 3665 1930 3665 1930 3666 1929 3666 1931 3666 1932 3667 1933 3667 1934 3667 1932 3668 1934 3668 1926 3668 1926 3669 1934 3669 1927 3669 1935 3670 1936 3670 1937 3670 1937 3671 1936 3671 1938 3671 1937 3672 1938 3672 1939 3672 1940 3673 1941 3673 1935 3673 1935 3674 1941 3674 1942 3674 1935 3675 1942 3675 1936 3675 1943 3676 1944 3676 1945 3676 1943 3677 1946 3677 1947 3677 1943 3678 1947 3678 1944 3678 1939 3679 1938 3679 1948 3679 1939 3680 1948 3680 1943 3680 1943 3681 1948 3681 1949 3681 1943 3682 1949 3682 1946 3682 1950 3683 1951 3683 1952 3683 1953 3684 1954 3684 1955 3684 1955 3685 1954 3685 1956 3685 1955 3686 1956 3686 1950 3686 1950 3687 1956 3687 1957 3687 1950 3688 1957 3688 1951 3688 1953 3689 1958 3689 1959 3689 1953 3690 1959 3690 1954 3690 1931 3691 1960 3691 1930 3691 1930 3662 1960 3662 1953 3662 1953 3662 1960 3662 1961 3662 1953 3692 1961 3692 1958 3692 1932 3693 1962 3693 1933 3693 1950 3694 1952 3694 1963 3694 1950 3662 1963 3662 1940 3662 1940 3695 1963 3695 1964 3695 1940 3696 1964 3696 1941 3696 1965 3697 1966 3697 1967 3697 1965 3698 1967 3698 1932 3698 1932 3699 1967 3699 1962 3699 1944 3700 1968 3700 1945 3700 1945 3701 1968 3701 1969 3701 1945 3702 1969 3702 1965 3702 1965 3703 1969 3703 1970 3703 1965 3704 1970 3704 1966 3704 1971 3705 1972 3705 1973 3705 1974 3706 1975 3706 1972 3706 1976 3707 1977 3707 1978 3707 1979 3708 1980 3708 1981 3708 1979 3709 1981 3709 1982 3709 1983 3710 1984 3710 1985 3710 1985 3711 1984 3711 66 3711 1986 3712 1984 3712 1987 3712 1988 3713 1987 3713 1983 3713 1983 3714 1987 3714 1984 3714 1981 3715 1989 3715 1982 3715 1988 3716 1990 3716 1991 3716 1991 3717 1990 3717 1992 3717 1988 3718 1983 3718 1990 3718 1991 3719 1992 3719 1989 3719 1989 3720 1992 3720 1993 3720 1989 3721 1993 3721 1994 3721 1989 3722 1994 3722 1995 3722 1996 3723 1997 3723 1998 3723 1998 3724 1997 3724 1977 3724 1977 3725 1997 3725 1999 3725 1977 3726 1999 3726 2000 3726 2000 3727 1994 3727 2001 3727 1976 3728 1978 3728 2002 3728 2002 3729 1978 3729 2003 3729 2004 3730 2005 3730 2003 3730 1977 3731 2001 3731 2004 3731 2004 3732 2001 3732 2005 3732 1977 3733 2004 3733 1978 3733 1978 3734 2004 3734 2003 3734 1999 3735 2006 3735 2000 3735 2000 3736 2006 3736 1995 3736 2000 3737 1995 3737 1994 3737 1976 3738 1998 3738 1977 3738 1977 3739 2000 3739 2001 3739 2007 3740 2001 3740 1994 3740 2007 3741 1994 3741 1993 3741 1992 3742 2008 3742 2009 3742 2010 3743 2011 3743 2007 3743 2012 3744 2010 3744 2013 3744 2012 3745 1992 3745 2014 3745 2012 3746 2014 3746 2015 3746 2015 3747 2016 3747 2010 3747 2010 3748 2007 3748 2013 3748 2017 3749 2018 3749 2014 3749 1992 3750 2009 3750 2014 3750 2014 3751 2009 3751 2017 3751 1993 3752 2012 3752 2013 3752 2001 3753 2007 3753 2011 3753 2001 3754 2011 3754 2005 3754 2019 3755 2020 3755 2021 3755 2021 3756 2020 3756 2022 3756 2023 3757 1996 3757 1998 3757 2024 3758 2025 3758 2026 3758 2026 3759 2025 3759 2027 3759 2028 3760 2029 3760 2026 3760 2028 3761 2026 3761 2027 3761 2025 3762 2030 3762 2022 3762 2022 3763 2031 3763 2032 3763 2030 3764 2021 3764 2022 3764 2022 3765 2020 3765 2031 3765 2033 3766 2029 3766 2028 3766 2028 3767 2027 3767 2034 3767 2035 3768 2033 3768 2028 3768 2036 3769 2034 3769 2032 3769 2032 3770 2034 3770 2027 3770 2032 3771 2031 3771 2036 3771 2036 3772 2031 3772 2037 3772 2020 3773 2019 3773 2038 3773 2025 3774 2024 3774 2030 3774 2027 3775 2025 3775 2022 3775 2027 3776 2022 3776 2032 3776 2039 3777 2023 3777 2040 3777 2040 3778 2023 3778 1976 3778 2040 3779 1976 3779 2041 3779 2041 3780 1976 3780 2042 3780 2041 3781 2042 3781 2043 3781 2043 3782 2042 3782 2044 3782 2038 3783 2039 3783 2040 3783 2038 3784 2040 3784 2045 3784 2045 3785 2040 3785 2041 3785 2045 3786 2041 3786 2043 3786 2045 3787 2043 3787 2046 3787 2024 3788 2026 3788 2029 3788 1975 3789 1974 3789 2047 3789 1975 3790 2047 3790 68 3790 2048 3791 1972 3791 1971 3791 68 3792 2047 3792 2049 3792 2049 3793 2047 3793 2030 3793 2047 3794 1974 3794 2030 3794 1972 3795 2048 3795 1974 3795 1986 3796 2050 3796 1980 3796 1986 3797 1980 3797 2051 3797 2051 3798 1980 3798 1979 3798 2051 3799 1979 3799 2052 3799 2051 3800 2052 3800 2053 3800 2053 3801 2052 3801 2054 3801 2053 3802 2054 3802 2055 3802 2053 3803 2055 3803 2056 3803 2056 3804 2055 3804 2057 3804 2056 3805 2057 3805 2058 3805 2056 3806 2058 3806 2059 3806 2059 3807 2058 3807 2060 3807 2059 3808 2060 3808 1973 3808 2052 3809 1979 3809 2054 3809 2057 3810 2061 3810 2058 3810 2058 3811 2061 3811 2062 3811 2058 3812 2062 3812 2060 3812 2060 3813 2062 3813 2063 3813 2060 3814 2063 3814 1973 3814 1973 3815 2063 3815 1971 3815 1986 3816 1988 3816 2050 3816 1980 3817 2050 3817 1981 3817 2054 3818 1982 3818 2064 3818 2054 3819 2064 3819 2055 3819 2055 3820 2064 3820 2065 3820 2055 3821 2065 3821 2057 3821 2057 3822 2065 3822 2066 3822 2057 3823 2066 3823 2061 3823 2063 3824 2062 3824 2067 3824 2063 3825 2067 3825 1971 3825 1971 3826 2067 3826 2019 3826 1971 3827 2019 3827 2021 3827 1971 3828 2021 3828 2048 3828 2048 3829 2021 3829 2030 3829 2061 3830 2066 3830 2068 3830 2061 3831 2068 3831 2062 3831 2062 3832 2068 3832 2067 3832 1979 3833 1982 3833 2054 3833 1974 3834 2048 3834 2030 3834 1988 3835 1986 3835 1987 3835 1988 3836 1991 3836 2050 3836 2050 3837 1991 3837 1989 3837 2050 3838 1989 3838 1981 3838 1982 3839 1989 3839 1995 3839 1982 3840 1995 3840 2064 3840 2064 3841 1995 3841 2006 3841 2064 3842 2006 3842 2065 3842 2065 3843 1997 3843 2066 3843 2066 3844 1997 3844 1996 3844 2066 3845 1996 3845 2068 3845 2067 3846 2068 3846 2039 3846 2067 3847 2039 3847 2038 3847 2067 3848 2038 3848 2019 3848 2030 3849 2024 3849 2049 3849 2010 3850 2012 3850 2015 3850 2015 3851 2014 3851 2016 3851 2016 3852 2014 3852 2018 3852 1990 3853 2008 3853 1992 3853 1992 3854 2012 3854 1993 3854 1993 3855 2013 3855 2007 3855 2023 3856 1998 3856 1976 3856 1976 3857 2002 3857 2042 3857 2042 3858 2002 3858 2044 3858 2065 3859 2006 3859 1999 3859 2065 3860 1999 3860 1997 3860 2068 3861 1996 3861 2023 3861 2068 3862 2023 3862 2039 3862 2020 3863 2038 3863 2045 3863 2020 3864 2045 3864 2031 3864 2031 3865 2045 3865 2046 3865 2031 3866 2046 3866 2037 3866 2069 3867 2070 3867 2071 3867 2072 3868 2073 3868 2074 3868 2075 3869 2076 3869 2077 3869 2076 3870 2078 3870 2079 3870 2079 3871 2080 3871 2081 3871 2082 3872 2083 3872 2084 3872 2085 3873 2086 3873 2087 3873 2078 3874 2088 3874 2080 3874 2089 3875 48 3875 2090 3875 2091 3876 2092 3876 2093 3876 2093 3877 2092 3877 2094 3877 2093 3878 2094 3878 2095 3878 2089 3879 2090 3879 2088 3879 2088 3880 2090 3880 2096 3880 2096 3881 2090 3881 2092 3881 2096 3882 2092 3882 2091 3882 2097 3883 2096 3883 2091 3883 2097 3884 2091 3884 2098 3884 2098 3885 2091 3885 2093 3885 2088 3886 2099 3886 2089 3886 2080 3887 2088 3887 2096 3887 2080 3888 2096 3888 2097 3888 2100 3889 2098 3889 2093 3889 2100 3890 2093 3890 2101 3890 2101 3891 2087 3891 2086 3891 2101 3892 2086 3892 2100 3892 2078 3893 2099 3893 2088 3893 2102 3894 2087 3894 2101 3894 2093 3895 2095 3895 2101 3895 2101 3896 2095 3896 2103 3896 2101 3897 2103 3897 2102 3897 2085 3898 2083 3898 2104 3898 2087 3899 2105 3899 2106 3899 2087 3900 2106 3900 2085 3900 2104 3901 2082 3901 2107 3901 2108 3902 2109 3902 2110 3902 2083 3903 2108 3903 2110 3903 2083 3904 2110 3904 2111 3904 2082 3905 2084 3905 2112 3905 2112 3906 2084 3906 2113 3906 2112 3907 2113 3907 2114 3907 2084 3908 2083 3908 2111 3908 2084 3909 2111 3909 2113 3909 2115 3910 2077 3910 2079 3910 2115 3911 2079 3911 2116 3911 2116 3912 2079 3912 2081 3912 2077 3913 2076 3913 2079 3913 2086 3914 2085 3914 2117 3914 2117 3915 2085 3915 2104 3915 2117 3916 2104 3916 2118 3916 2118 3917 2104 3917 2107 3917 2116 3918 2119 3918 2115 3918 2107 3919 2120 3919 2116 3919 2116 3920 2120 3920 2119 3920 2115 3921 2119 3921 2121 3921 2115 3922 2121 3922 2077 3922 2122 3923 2077 3923 2121 3923 2114 3924 2119 3924 2120 3924 2123 3925 2077 3925 2122 3925 2123 3926 2075 3926 2077 3926 2107 3927 2116 3927 2081 3927 2107 3928 2081 3928 2118 3928 2105 3929 2109 3929 2106 3929 2106 3930 2109 3930 2108 3930 2106 3931 2108 3931 2085 3931 2085 3932 2108 3932 2083 3932 2104 3933 2083 3933 2082 3933 2107 3934 2082 3934 2112 3934 2107 3935 2112 3935 2120 3935 2120 3936 2112 3936 2114 3936 2124 3937 2125 3937 2126 3937 2124 3938 2126 3938 2072 3938 2072 3939 2126 3939 2127 3939 2070 3940 2128 3940 2071 3940 2129 3941 2130 3941 2029 3941 2129 3942 2029 3942 2131 3942 2131 3943 2029 3943 2035 3943 2073 3944 2129 3944 2074 3944 2074 3945 2129 3945 2132 3945 2132 3946 2129 3946 2131 3946 2073 3947 2130 3947 2129 3947 2124 3948 2132 3948 2133 3948 2072 3949 2074 3949 2124 3949 2125 3950 2124 3950 2134 3950 2074 3951 2132 3951 2124 3951 2124 3952 2133 3952 2134 3952 2071 3953 2128 3953 2135 3953 2071 3954 2135 3954 2136 3954 2136 3955 2135 3955 2137 3955 2128 3956 2126 3956 2125 3956 2138 3957 2134 3957 2137 3957 2135 3958 2128 3958 2125 3958 2135 3959 2125 3959 2138 3959 2135 3960 2138 3960 2137 3960 2069 3961 2071 3961 2136 3961 2069 3962 2136 3962 2139 3962 2139 3963 2136 3963 2140 3963 2105 3964 2069 3964 2109 3964 2109 3965 2069 3965 2139 3965 2109 3966 2139 3966 2141 3966 2139 3967 2140 3967 2141 3967 2136 3968 2137 3968 2140 3968 2138 3969 2125 3969 2134 3969 2142 3970 2143 3970 2144 3970 2144 3971 2143 3971 68 3971 2145 3972 2146 3972 2147 3972 2147 3973 2146 3973 2143 3973 2147 3974 2143 3974 2148 3974 2149 3975 2146 3975 2145 3975 2145 3976 2150 3976 2149 3976 2149 3977 2150 3977 2151 3977 2149 3978 2151 3978 2152 3978 2149 3979 2152 3979 2153 3979 2153 3980 2152 3980 2154 3980 2153 3981 2154 3981 2155 3981 2155 3982 2154 3982 2156 3982 2155 3983 2156 3983 2103 3983 2155 3984 2103 3984 2094 3984 2152 3985 2151 3985 2157 3985 2152 3986 2157 3986 2154 3986 2158 3987 2157 3987 2151 3987 2158 3988 2151 3988 2150 3988 2070 3989 2157 3989 2158 3989 2070 3990 2158 3990 2128 3990 2142 3991 2073 3991 2148 3991 2148 3992 2073 3992 2147 3992 2147 3993 2073 3993 2072 3993 2147 3994 2072 3994 2145 3994 2145 3995 2072 3995 2127 3995 2145 3996 2127 3996 2150 3996 2150 3997 2127 3997 2158 3997 2157 3998 2070 3998 2159 3998 2159 3999 2070 3999 2160 3999 2159 4000 2160 4000 2102 4000 2148 4001 2143 4001 2142 4001 2157 4002 2159 4002 2154 4002 2154 4003 2159 4003 2102 4003 2154 4004 2102 4004 2156 4004 2156 4005 2102 4005 2103 4005 2079 4006 2078 4006 2080 4006 2080 4007 2097 4007 2081 4007 2081 4008 2097 4008 2098 4008 2081 4009 2098 4009 2118 4009 2118 4010 2098 4010 2100 4010 2118 4011 2100 4011 2117 4011 2117 4012 2100 4012 2086 4012 2160 4013 2087 4013 2102 4013 2103 4014 2095 4014 2094 4014 2109 4015 2141 4015 2110 4015 2087 4016 2160 4016 2105 4016 2105 4017 2160 4017 2069 4017 2069 4018 2160 4018 2070 4018 2128 4019 2158 4019 2126 4019 2126 4020 2158 4020 2127 4020 2130 4021 2073 4021 2142 4021 2130 4022 2142 4022 2049 4022 2049 4023 2142 4023 2144 4023 2161 4024 2162 4024 2163 4024 2164 4025 2165 4025 2166 4025 2165 4026 2167 4026 2168 4026 2169 4027 2170 4027 2171 4027 2171 4028 2170 4028 2172 4028 2173 4029 2174 4029 2175 4029 2176 4030 2177 4030 2178 4030 2176 4031 2179 4031 2180 4031 2181 4032 2182 4032 2183 4032 2181 4033 2184 4033 2185 4033 2181 4034 2185 4034 2186 4034 2178 4035 2187 4035 2181 4035 2181 4036 2186 4036 2182 4036 2176 4037 2183 4037 2188 4037 2176 4038 2188 4038 2179 4038 2189 4039 2190 4039 2191 4039 2192 4040 2193 4040 2190 4040 2187 4041 2194 4041 2184 4041 2195 4042 2196 4042 2197 4042 2195 4043 2197 4043 2194 4043 2198 4044 2199 4044 2200 4044 2200 4045 2199 4045 2184 4045 2199 4046 2201 4046 2184 4046 2201 4047 2202 4047 2184 4047 2202 4048 2203 4048 2184 4048 2184 4049 2203 4049 2185 4049 2187 4050 2184 4050 2181 4050 2204 4051 2205 4051 2206 4051 2206 4052 2205 4052 2207 4052 2204 4053 2208 4053 2209 4053 2204 4054 2209 4054 2205 4054 2205 4055 2209 4055 2210 4055 2205 4056 2210 4056 2211 4056 2211 4057 2210 4057 2212 4057 2196 4058 2191 4058 2213 4058 2213 4059 2214 4059 2215 4059 2215 4060 2161 4060 2163 4060 2163 4061 2200 4061 2215 4061 2191 4062 2210 4062 2213 4062 2196 4063 2213 4063 2197 4063 2197 4064 2213 4064 2215 4064 2209 4065 2208 4065 2214 4065 2214 4066 2208 4066 2161 4066 2214 4067 2161 4067 2215 4067 2200 4068 2163 4068 2198 4068 2163 4069 2162 4069 2198 4069 2216 4070 2217 4070 2218 4070 2211 4071 2212 4071 2219 4071 2219 4072 2193 4072 2220 4072 2220 4073 2193 4073 2221 4073 2220 4074 2221 4074 2222 4074 2222 4075 2221 4075 2223 4075 2222 4076 2224 4076 2225 4076 2205 4077 2211 4077 2226 4077 2226 4078 2219 4078 2225 4078 2225 4079 2219 4079 2220 4079 2225 4080 2220 4080 2222 4080 2226 4081 2211 4081 2219 4081 2227 4082 2168 4082 2228 4082 2164 4083 2167 4083 2165 4083 2166 4084 2229 4084 2224 4084 2206 4085 2207 4085 2230 4085 2206 4086 2230 4086 2231 4086 2231 4087 2230 4087 2229 4087 2231 4088 2229 4088 2166 4088 2207 4089 2205 4089 2226 4089 2207 4090 2226 4090 2230 4090 2230 4091 2226 4091 2225 4091 2230 4092 2225 4092 2229 4092 2229 4093 2225 4093 2224 4093 2174 4094 2173 4094 2232 4094 2174 4095 2232 4095 1951 4095 1951 4096 2232 4096 2233 4096 2173 4097 2234 4097 2232 4097 2235 4098 2233 4098 2236 4098 2236 4099 2233 4099 2232 4099 2228 4100 2237 4100 2238 4100 2238 4101 2237 4101 2239 4101 2238 4102 2239 4102 2234 4102 2234 4103 2239 4103 2240 4103 2234 4104 2172 4104 2238 4104 2238 4105 2172 4105 2170 4105 2238 4106 2170 4106 2228 4106 2228 4107 2170 4107 2227 4107 2227 4108 2170 4108 2169 4108 2234 4109 2240 4109 2232 4109 2232 4110 2240 4110 2236 4110 2175 4111 2172 4111 2173 4111 2173 4112 2172 4112 2234 4112 2236 4113 2240 4113 2241 4113 2236 4114 2241 4114 2235 4114 2235 4115 2241 4115 2242 4115 2194 4116 2200 4116 2184 4116 2195 4117 2187 4117 2178 4117 2195 4118 2178 4118 2177 4118 2195 4119 2177 4119 2243 4119 2192 4120 2244 4120 2245 4120 2245 4121 2244 4121 2246 4121 2181 4122 2183 4122 2176 4122 2181 4123 2176 4123 2178 4123 2243 4124 2177 4124 2247 4124 2243 4125 2247 4125 2189 4125 2189 4126 2247 4126 2248 4126 2249 4127 2248 4127 2192 4127 2192 4128 2248 4128 2244 4128 2246 4129 2244 4129 2250 4129 2246 4130 2250 4130 2251 4130 2251 4131 2250 4131 2252 4131 2251 4132 2252 4132 2253 4132 2253 4133 2252 4133 2242 4133 2242 4134 2241 4134 2254 4134 2255 4135 2218 4135 2217 4135 2217 4136 2216 4136 2256 4136 2257 4137 2255 4137 2258 4137 2224 4138 2164 4138 2166 4138 2240 4139 2218 4139 2255 4139 2255 4140 2217 4140 2258 4140 2258 4141 2217 4141 2256 4141 2258 4142 2256 4142 2224 4142 2224 4143 2256 4143 2167 4143 2224 4144 2167 4144 2164 4144 2254 4145 2255 4145 2259 4145 2223 4146 2257 4146 2222 4146 2193 4147 2192 4147 2221 4147 2221 4148 2192 4148 2245 4148 2221 4149 2245 4149 2223 4149 2223 4150 2245 4150 2246 4150 2223 4151 2246 4151 2259 4151 2259 4152 2253 4152 2254 4152 2209 4153 2214 4153 2210 4153 2210 4154 2214 4154 2213 4154 2210 4155 2191 4155 2212 4155 2212 4156 2191 4156 2190 4156 2241 4157 2240 4157 2254 4157 2254 4158 2240 4158 2255 4158 2259 4159 2255 4159 2257 4159 2257 4160 2258 4160 2222 4160 2222 4161 2258 4161 2224 4161 2248 4162 2249 4162 2189 4162 2187 4163 2195 4163 2194 4163 2196 4164 2195 4164 2243 4164 2228 4165 2168 4165 2167 4165 2228 4166 2167 4166 2237 4166 2237 4167 2167 4167 2256 4167 2237 4168 2256 4168 2216 4168 2237 4169 2216 4169 2239 4169 2239 4170 2216 4170 2218 4170 2239 4171 2218 4171 2240 4171 2215 4172 2200 4172 2194 4172 2215 4173 2194 4173 2197 4173 2191 4174 2196 4174 2243 4174 2191 4175 2243 4175 2189 4175 2190 4176 2189 4176 2249 4176 2190 4177 2249 4177 2192 4177 2259 4178 2246 4178 2251 4178 2259 4179 2251 4179 2253 4179 2219 4180 2212 4180 2190 4180 2219 4181 2190 4181 2193 4181 2257 4182 2223 4182 2259 4182 2254 4183 2253 4183 2242 4183 2260 4184 2261 4184 2262 4184 2263 4185 2162 4185 2264 4185 2265 4186 2199 4186 2266 4186 2267 4187 1969 4187 2268 4187 2269 4188 2270 4188 2271 4188 2271 4189 2270 4189 2272 4189 2271 4190 2272 4190 2273 4190 2273 4191 2272 4191 2274 4191 2270 4192 2269 4192 2275 4192 2276 4193 2275 4193 2269 4193 2277 4194 2278 4194 2279 4194 2280 4195 2281 4195 2282 4195 2282 4196 2281 4196 2283 4196 2162 4197 2284 4197 2264 4197 2264 4198 2284 4198 2285 4198 2285 4199 2284 4199 2286 4199 2285 4200 2286 4200 2287 4200 2287 4201 2286 4201 2288 4201 2180 4202 2289 4202 2290 4202 2291 4203 2292 4203 2293 4203 2292 4204 2291 4204 2294 4204 2292 4205 2295 4205 2293 4205 2296 4206 2297 4206 2298 4206 2185 4207 2298 4207 2182 4207 2182 4208 2298 4208 2297 4208 2182 4209 2297 4209 2188 4209 2188 4210 2297 4210 2290 4210 2188 4211 2290 4211 2299 4211 2299 4212 2290 4212 2179 4212 2179 4213 2290 4213 2289 4213 2300 4214 2292 4214 2294 4214 2301 4215 2302 4215 2303 4215 2301 4216 2303 4216 2304 4216 2305 4217 2302 4217 2294 4217 2293 4218 2296 4218 2306 4218 2307 4219 2298 4219 2203 4219 2296 4220 2298 4220 2306 4220 2306 4221 2298 4221 2265 4221 2306 4222 2265 4222 2308 4222 2302 4223 2305 4223 2309 4223 2302 4224 2309 4224 2303 4224 2293 4225 2306 4225 2310 4225 2310 4226 2306 4226 2308 4226 2307 4227 2202 4227 2298 4227 2298 4228 2202 4228 2265 4228 2265 4229 2202 4229 2199 4229 2294 4230 2291 4230 2305 4230 2305 4231 2291 4231 2293 4231 2305 4232 2293 4232 2310 4232 2305 4233 2310 4233 2309 4233 2295 4234 2290 4234 2297 4234 2295 4235 2297 4235 2293 4235 2293 4236 2297 4236 2296 4236 2298 4237 2185 4237 2311 4237 2298 4238 2311 4238 2203 4238 2281 4239 2280 4239 2312 4239 2281 4240 2312 4240 2288 4240 2288 4241 2312 4241 2313 4241 2288 4242 2313 4242 2287 4242 2314 4243 2315 4243 2304 4243 2314 4244 2304 4244 2303 4244 2316 4245 2309 4245 2310 4245 2316 4246 2310 4246 2308 4246 2317 4247 2318 4247 2277 4247 2317 4248 2277 4248 2279 4248 2312 4249 2319 4249 2314 4249 2312 4250 2314 4250 2320 4250 2321 4251 2322 4251 2323 4251 2323 4252 2322 4252 2324 4252 2323 4253 2324 4253 2319 4253 2319 4254 2324 4254 2315 4254 2319 4255 2315 4255 2314 4255 2320 4256 2314 4256 2303 4256 2320 4257 2303 4257 2325 4257 2325 4258 2303 4258 2309 4258 2325 4259 2309 4259 2316 4259 2264 4260 2308 4260 2265 4260 2264 4261 2265 4261 2198 4261 2282 4262 2283 4262 2326 4262 2326 4263 2283 4263 2327 4263 2327 4264 2283 4264 2328 4264 2198 4265 2263 4265 2264 4265 2308 4266 2264 4266 2285 4266 2308 4267 2285 4267 2316 4267 2316 4268 2285 4268 2287 4268 2316 4269 2287 4269 2325 4269 2325 4270 2287 4270 2313 4270 2325 4271 2313 4271 2320 4271 2320 4272 2313 4272 2312 4272 2312 4273 2280 4273 2319 4273 2319 4274 2280 4274 2282 4274 2319 4275 2282 4275 2323 4275 2323 4276 2282 4276 2326 4276 2323 4277 2326 4277 2321 4277 2321 4278 2326 4278 2327 4278 2329 4279 2330 4279 2268 4279 2331 4280 2269 4280 2317 4280 2317 4281 2269 4281 2271 4281 2317 4282 2271 4282 2332 4282 2273 4283 2332 4283 2271 4283 2276 4284 2269 4284 2331 4284 2276 4285 2331 4285 2278 4285 2333 4286 2334 4286 2335 4286 2335 4287 2336 4287 2337 4287 2337 4288 2329 4288 2268 4288 2300 4289 2338 4289 2339 4289 2339 4290 2338 4290 2340 4290 2339 4291 2340 4291 2341 4291 2339 4292 2341 4292 2342 4292 2342 4293 2341 4293 2343 4293 2342 4294 2343 4294 2344 4294 2344 4295 2343 4295 2345 4295 2344 4296 2345 4296 2346 4296 2344 4297 2346 4297 2347 4297 2347 4298 2346 4298 2333 4298 2347 4299 2333 4299 2335 4299 2336 4300 2334 4300 2348 4300 2348 4301 2334 4301 2349 4301 2348 4302 2349 4302 2260 4302 2348 4303 2260 4303 2350 4303 2318 4304 2317 4304 2351 4304 2345 4305 2261 4305 2260 4305 2345 4306 2260 4306 2346 4306 2346 4307 2260 4307 2333 4307 2333 4308 2260 4308 2349 4308 2338 4309 2301 4309 2340 4309 2340 4310 2301 4310 2341 4310 2341 4311 2352 4311 2343 4311 2343 4312 2352 4312 2261 4312 2334 4313 2333 4313 2349 4313 2262 4314 2350 4314 2260 4314 2330 4315 2274 4315 2267 4315 2330 4316 2267 4316 2268 4316 2262 4317 2322 4317 2350 4317 2277 4318 2353 4318 2278 4318 2352 4319 2354 4319 2355 4319 2352 4320 2355 4320 2261 4320 2261 4321 2355 4321 2262 4321 2262 4322 2355 4322 2322 4322 2350 4323 2322 4323 2356 4323 2356 4324 2322 4324 2357 4324 2357 4325 2327 4325 2277 4325 2301 4326 2354 4326 2341 4326 2341 4327 2354 4327 2352 4327 2277 4328 2318 4328 2357 4328 2357 4329 2318 4329 2356 4329 2356 4330 2318 4330 2351 4330 2356 4331 2351 4331 2348 4331 2356 4332 2348 4332 2350 4332 2261 4333 2345 4333 2343 4333 2335 4334 2334 4334 2336 4334 2337 4335 2336 4335 2329 4335 2279 4336 2278 4336 2331 4336 2279 4337 2331 4337 2317 4337 2351 4338 2317 4338 2332 4338 2351 4339 2332 4339 2348 4339 2348 4340 2332 4340 2336 4340 2336 4341 2332 4341 2329 4341 2329 4342 2332 4342 2273 4342 2329 4343 2273 4343 2330 4343 2330 4344 2273 4344 2274 4344 2265 4345 2266 4345 2198 4345 2300 4346 2294 4346 2338 4346 2338 4347 2294 4347 2302 4347 2338 4348 2302 4348 2301 4348 2301 4349 2304 4349 2354 4349 2354 4350 2304 4350 2315 4350 2354 4351 2315 4351 2355 4351 2355 4352 2315 4352 2324 4352 2355 4353 2324 4353 2322 4353 2322 4354 2321 4354 2357 4354 2357 4355 2321 4355 2327 4355 2277 4356 2327 4356 2353 4356 2353 4357 2327 4357 2328 4357 2358 4358 1985 4358 2359 4358 2360 4359 2018 4359 2017 4359 2018 4360 2360 4360 2361 4360 2174 4361 1957 4361 2362 4361 2362 4362 1957 4362 2361 4362 1985 4363 2358 4363 1983 4363 1983 4364 2358 4364 2008 4364 1983 4365 2008 4365 1990 4365 2169 4366 2171 4366 2358 4366 2358 4367 2171 4367 2172 4367 2172 4368 2175 4368 2358 4368 2358 4369 2175 4369 2363 4369 2169 4370 2358 4370 2359 4370 2009 4371 2008 4371 2363 4371 2174 4372 2362 4372 2175 4372 2360 4373 2009 4373 2363 4373 2009 4374 2360 4374 2017 4374 2361 4375 2360 4375 2362 4375 2362 4376 2360 4376 2363 4376 2362 4377 2363 4377 2175 4377 2358 4378 2363 4378 2008 4378 1973 4379 1972 4379 88 4379 100 4380 2364 4380 2365 4380 2365 4381 2364 4381 85 4381 85 4382 2364 4382 2366 4382 85 4383 2366 4383 86 4383 109 4384 2367 4384 108 4384 108 4385 2367 4385 2368 4385 108 4386 2368 4386 100 4386 100 4387 2368 4387 2364 4387 118 4388 119 4388 2369 4388 68 4389 2370 4389 1975 4389 1975 4390 2370 4390 89 4390 91 4391 2143 4391 106 4391 88 4392 1972 4392 89 4392 89 4393 1972 4393 1975 4393 86 4394 2366 4394 2371 4394 86 4395 2371 4395 92 4395 92 4396 2371 4396 102 4396 120 4397 2372 4397 110 4397 110 4398 2372 4398 109 4398 109 4399 2372 4399 2367 4399 2369 4400 119 4400 116 4400 2369 4401 116 4401 48 4401 115 4402 2090 4402 116 4402 116 4403 2090 4403 48 4403 2146 4404 107 4404 106 4404 106 4405 2143 4405 2146 4405 2370 0 68 0 91 0 91 4406 68 4406 2143 4406 87 4407 2059 4407 88 4407 88 4408 2059 4408 1973 4408 2369 4409 2373 4409 118 4409 118 4410 2373 4410 117 4410 117 4411 2373 4411 2374 4411 117 0 2374 0 120 0 120 4412 2374 4412 2372 4412 114 4413 2094 4413 2092 4413 114 4414 2092 4414 115 4414 115 4415 2092 4415 2090 4415 2094 4416 114 4416 111 4416 112 4417 2155 4417 111 4417 111 4418 2155 4418 2094 4418 2155 4419 112 4419 2153 4419 2153 4420 112 4420 113 4420 107 4421 2146 4421 2149 4421 107 4422 2149 4422 2153 4422 107 4423 2153 4423 113 4423 1986 4424 96 4424 1984 4424 1984 4425 96 4425 93 4425 94 4426 2375 4426 93 4426 93 4427 2375 4427 66 4427 93 4428 66 4428 1984 4428 103 4429 2376 4429 95 4429 95 4430 2376 4430 94 4430 94 4431 2376 4431 2375 4431 98 4432 2053 4432 105 4432 105 4433 2053 4433 2056 4433 2051 4434 97 4434 104 4434 2371 4435 2377 4435 102 4435 102 4436 2377 4436 101 4436 101 4437 2377 4437 2378 4437 101 0 2378 0 103 0 103 0 2378 0 2379 0 103 4438 2379 4438 2376 4438 105 4439 2056 4439 87 4439 87 4440 2056 4440 2059 4440 2051 4441 2053 4441 97 4441 97 4442 2053 4442 98 4442 96 4443 1986 4443 104 4443 104 4444 1986 4444 2051 4444 2267 4445 2274 4445 2380 4445 2381 4446 2382 4446 2123 4446 2123 4447 2382 4447 2075 4447 2099 4448 2078 4448 2383 4448 2383 4449 2078 4449 2076 4449 2383 4450 2384 4450 2099 4450 2275 4451 2089 4451 2384 4451 2099 4452 2384 4452 2089 4452 2275 4453 2384 4453 2270 4453 2270 4454 2384 4454 2272 4454 2272 4455 2384 4455 2274 4455 2274 4456 2384 4456 2380 4456 2380 4457 2382 4457 2267 4457 2267 4458 2382 4458 1970 4458 2267 4459 1970 4459 1969 4459 2384 4460 2383 4460 2382 4460 2384 4461 2382 4461 2380 4461 2075 4462 2382 4462 2383 4462 2381 4463 1970 4463 2382 4463 2075 4464 2383 4464 2076 4464 2385 4465 2166 4465 2386 4465 2166 4466 2385 4466 2275 4466 2162 4467 2283 4467 2281 4467 2281 4468 2288 4468 2162 4468 2162 4469 2288 4469 2286 4469 2286 4470 2284 4470 2162 4470 2275 4471 2276 4471 2162 4471 2162 4472 2276 4472 2278 4472 2278 4473 2353 4473 2162 4473 2162 4474 2353 4474 2328 4474 2162 4475 2328 4475 2283 4475 2275 4476 2161 4476 2208 4476 2275 4477 2162 4477 2161 4477 2208 4478 2204 4478 2275 4478 2275 4479 2204 4479 2206 4479 2275 4480 2206 4480 2231 4480 2275 4481 2231 4481 2166 4481 2386 4482 2166 4482 2165 4482 2386 4483 2165 4483 2168 4483 2386 4484 2168 4484 2227 4484 2386 4485 2227 4485 2169 4485 2169 4486 2359 4486 2386 4486 2386 4487 2359 4487 2387 4487 2386 4488 2388 4488 2389 4488 2389 4489 2390 4489 2386 4489 2390 4490 2391 4490 2386 4490 2386 4491 2391 4491 2392 4491 2392 4492 2393 4492 2386 4492 2386 4493 2387 4493 2394 4493 2386 4494 2394 4494 2395 4494 2386 4495 2395 4495 2396 4495 2386 4496 2396 4496 2397 4496 2386 4497 2397 4497 2398 4497 2386 4498 2398 4498 2399 4498 2386 4499 2399 4499 2388 4499 1904 4500 1955 4500 1905 4500 1905 4501 1955 4501 1950 4501 1905 4502 1950 4502 1914 4502 1914 4503 1950 4503 1940 4503 1914 4504 1940 4504 1913 4504 1913 4505 1940 4505 1935 4505 1913 4506 1935 4506 1912 4506 1912 4507 1935 4507 1939 4507 1912 4508 1939 4508 1911 4508 1911 4509 1939 4509 1943 4509 1911 4510 1943 4510 1910 4510 1910 4511 1943 4511 1945 4511 1910 4512 1945 4512 1909 4512 1909 4513 1945 4513 1965 4513 1909 4514 1965 4514 1908 4514 1908 4515 1965 4515 1932 4515 1908 4516 1932 4516 1906 4516 1906 4517 1932 4517 1926 4517 1906 4518 1926 4518 1907 4518 1907 4519 1926 4519 1930 4519 1907 4520 1930 4520 1903 4520 1903 4521 1930 4521 1953 4521 1903 4522 1953 4522 1904 4522 1904 4523 1953 4523 1955 4523 1918 4524 93 4524 96 4524 1918 4525 96 4525 1924 4525 1924 4526 96 4526 104 4526 1924 4527 104 4527 97 4527 1924 4528 97 4528 98 4528 1924 4529 98 4529 1925 4529 1925 4530 98 4530 105 4530 1925 4531 105 4531 87 4531 1925 4532 87 4532 88 4532 1925 4533 88 4533 1917 4533 1917 4534 88 4534 89 4534 1917 4535 89 4535 2370 4535 1917 4536 2370 4536 91 4536 1917 4537 91 4537 106 4537 1917 4538 106 4538 1923 4538 1923 4539 106 4539 107 4539 1923 4540 107 4540 113 4540 1923 4541 113 4541 1922 4541 1922 4542 113 4542 112 4542 1922 4543 112 4543 111 4543 1922 4544 111 4544 114 4544 1922 4545 114 4545 1921 4545 1921 4546 114 4546 115 4546 1921 4547 115 4547 116 4547 1921 4548 116 4548 119 4548 1921 4549 119 4549 118 4549 1921 4550 118 4550 1920 4550 1920 4551 118 4551 117 4551 1920 4552 117 4552 120 4552 1920 4553 120 4553 110 4553 1920 4554 110 4554 1919 4554 1919 4555 110 4555 109 4555 1919 4556 109 4556 108 4556 1919 4557 108 4557 100 4557 1919 4558 100 4558 2365 4558 1919 4559 2365 4559 1915 4559 1915 4560 2365 4560 85 4560 1915 4561 85 4561 86 4561 1915 4562 86 4562 92 4562 1915 4563 92 4563 102 4563 1915 4564 102 4564 1916 4564 1916 4565 102 4565 101 4565 1916 4566 101 4566 103 4566 1916 4567 103 4567 1918 4567 1918 4568 103 4568 95 4568 1918 4569 95 4569 94 4569 1918 4570 94 4570 93 4570 2123 4571 1966 4571 2381 4571 2381 4572 1966 4572 1970 4572 2122 4573 1966 4573 2123 4573 1966 4574 2122 4574 2121 4574 1966 4575 2121 4575 1967 4575 2121 4576 2119 4576 1967 4576 2119 4577 2114 4577 1967 4577 1967 4578 2114 4578 1962 4578 1962 4579 2114 4579 2113 4579 1962 4580 2113 4580 2111 4580 1962 4581 2111 4581 2110 4581 1962 4582 2110 4582 1933 4582 2140 4583 1933 4583 2141 4583 2141 4584 1933 4584 2110 4584 2137 4585 1934 4585 2140 4585 2140 4586 1934 4586 1933 4586 2137 4587 2134 4587 1934 4587 1934 4588 2134 4588 1927 4588 1927 4589 2134 4589 2133 4589 2133 4590 2132 4590 1927 4590 1927 4591 2132 4591 1929 4591 1929 4592 2132 4592 2131 4592 2131 4593 2035 4593 1929 4593 1929 4594 2035 4594 2028 4594 1929 4595 2028 4595 1931 4595 1931 4596 2028 4596 2034 4596 1931 4597 2034 4597 2036 4597 2036 4598 2037 4598 1931 4598 1931 4599 2037 4599 2046 4599 1931 4600 2046 4600 1960 4600 1960 4601 2046 4601 2043 4601 2043 4602 2044 4602 1960 4602 1960 4603 2044 4603 1961 4603 2044 4604 2002 4604 1961 4604 1961 4605 2002 4605 1958 4605 1958 4606 2002 4606 2003 4606 1958 4607 2003 4607 2005 4607 1958 4608 2005 4608 1959 4608 1959 4609 2005 4609 2011 4609 1959 4610 2011 4610 2010 4610 1959 4611 2010 4611 1954 4611 2010 4612 2016 4612 1954 4612 2018 4613 1956 4613 1954 4613 2018 4614 1954 4614 2016 4614 1956 4615 2018 4615 2361 4615 1956 4616 2361 4616 1957 4616 2174 4617 1951 4617 1957 4617 2233 4618 1952 4618 1951 4618 2235 4619 1952 4619 2233 4619 1952 4620 2235 4620 2242 4620 1952 4621 2242 4621 1963 4621 1963 4622 2242 4622 2252 4622 2250 4623 1964 4623 2252 4623 2252 4624 1964 4624 1963 4624 2244 4625 1964 4625 2250 4625 1964 4626 2244 4626 1941 4626 1941 4627 2244 4627 2248 4627 1941 4628 2248 4628 1942 4628 1942 4629 2248 4629 2247 4629 1942 4630 2247 4630 1936 4630 1936 4631 2247 4631 2177 4631 2177 4632 2176 4632 1936 4632 1936 4633 2176 4633 1938 4633 2176 4634 2180 4634 1938 4634 1938 4635 2180 4635 2290 4635 2290 4636 2295 4636 1938 4636 1938 4637 2295 4637 1948 4637 1948 4638 2295 4638 2292 4638 1948 4639 2292 4639 2300 4639 1948 4640 2300 4640 1949 4640 2300 4641 2339 4641 1949 4641 1949 4642 2339 4642 1946 4642 1946 4643 2339 4643 2342 4643 1946 4644 2342 4644 1947 4644 1947 4645 2342 4645 2344 4645 1947 4646 2344 4646 1944 4646 1944 4647 2344 4647 2347 4647 1944 4648 2347 4648 1968 4648 1968 4649 2347 4649 2335 4649 2335 4650 2337 4650 1968 4650 2268 4651 1969 4651 1968 4651 2268 4652 1968 4652 2337 4652 1985 4653 66 4653 2375 4653 2387 4654 2359 4654 1985 4654 2387 4655 1985 4655 2375 4655 2376 4656 2394 4656 2375 4656 2375 4657 2394 4657 2387 4657 2378 4658 2396 4658 2379 4658 2379 4659 2396 4659 2395 4659 2379 4660 2395 4660 2376 4660 2376 4661 2395 4661 2394 4661 2377 4662 2396 4662 2378 4662 2377 4663 2397 4663 2396 4663 2371 4664 2397 4664 2377 4664 2398 4665 2371 4665 2366 4665 2371 4666 2398 4666 2397 4666 2366 4667 2399 4667 2398 4667 2364 4668 2388 4668 2366 4668 2366 4669 2388 4669 2399 4669 2388 4670 2364 4670 2368 4670 2388 4671 2368 4671 2389 4671 2390 4672 2389 4672 2368 4672 2390 4673 2368 4673 2367 4673 2367 4674 2391 4674 2390 4674 2391 4675 2367 4675 2372 4675 2372 4676 2392 4676 2391 4676 2392 4677 2372 4677 2374 4677 2392 4678 2374 4678 2393 4678 2373 4679 2386 4679 2393 4679 2373 4680 2393 4680 2374 4680 2385 4681 2386 4681 2369 4681 2369 4682 2386 4682 2373 4682 2369 4683 48 4683 2089 4683 2369 4684 2089 4684 2385 4684 2385 4685 2089 4685 2275 4685 2400 4686 2401 4686 2402 4686 2402 4687 2401 4687 2403 4687 2402 4688 2403 4688 2404 4688 2404 4689 2403 4689 2405 4689 2405 4690 2403 4690 2406 4690 2405 4691 2406 4691 2407 4691 2407 4692 2406 4692 2408 4692 2407 4693 2408 4693 2409 4693 2407 4694 2409 4694 2410 4694 2410 4695 2409 4695 2411 4695 2410 4696 2411 4696 2412 4696 2412 4697 2411 4697 2413 4697 2412 4698 2413 4698 2400 4698 2400 4699 2413 4699 2401 4699 2412 72 2404 72 2405 72 2402 72 2404 72 2400 72 2404 72 2412 72 2400 72 2412 72 2405 72 2410 72 2410 72 2405 72 2407 72 2403 4700 2401 4700 2414 4700 2406 4701 2403 4701 2414 4701 2408 4702 2406 4702 2414 4702 2409 4703 2408 4703 2414 4703 2411 4704 2409 4704 2414 4704 2413 4705 2411 4705 2414 4705 2401 4706 2413 4706 2414 4706 2415 4707 2416 4707 2417 4707 2415 4708 2417 4708 2418 4708 2418 4709 2417 4709 2419 4709 2418 4710 2419 4710 2420 4710 2420 4711 2419 4711 2421 4711 2420 4712 2421 4712 2422 4712 2422 4713 2421 4713 2423 4713 2422 4714 2423 4714 2424 4714 2424 4715 2423 4715 2425 4715 2425 4716 2423 4716 2426 4716 2425 4717 2426 4717 2427 4717 2427 4718 2426 4718 2428 4718 2427 4719 2428 4719 2429 4719 2429 4720 2428 4720 2416 4720 2429 4721 2416 4721 2415 4721 2422 72 2425 72 2427 72 2429 72 2418 72 2420 72 2425 72 2422 72 2424 72 2422 72 2427 72 2429 72 2418 72 2429 72 2415 72 2429 72 2420 72 2422 72 2417 4722 2416 4722 2430 4722 2419 4723 2417 4723 2430 4723 2421 4724 2419 4724 2430 4724 2423 4725 2421 4725 2430 4725 2426 4726 2423 4726 2430 4726 2428 4727 2426 4727 2430 4727 2416 4728 2428 4728 2430 4728 2431 4729 2432 4729 2433 4729 2431 4730 2433 4730 2434 4730 2434 4731 2433 4731 2435 4731 2434 4732 2435 4732 2436 4732 2436 4733 2435 4733 2437 4733 2436 4734 2437 4734 2438 4734 2438 4735 2437 4735 2439 4735 2438 4736 2439 4736 2440 4736 2440 4737 2439 4737 2441 4737 2441 4738 2439 4738 2442 4738 2441 4739 2442 4739 2443 4739 2441 4740 2443 4740 2444 4740 2444 4741 2443 4741 2445 4741 2444 4742 2445 4742 2446 4742 2446 4743 2445 4743 2431 4743 2431 4744 2445 4744 2432 4744 2438 72 2441 72 2444 72 2446 72 2434 72 2436 72 2441 72 2438 72 2440 72 2438 72 2444 72 2446 72 2434 72 2446 72 2431 72 2446 72 2436 72 2438 72 2433 4745 2432 4745 2447 4745 2435 4746 2433 4746 2447 4746 2437 4747 2435 4747 2447 4747 2439 4748 2437 4748 2447 4748 2442 4749 2439 4749 2447 4749 2443 4750 2442 4750 2447 4750 2445 4751 2443 4751 2447 4751 2432 4752 2445 4752 2447 4752 2448 4753 2449 4753 2450 4753 2450 4754 2449 4754 2451 4754 2450 4755 2451 4755 2452 4755 2448 4756 2453 4756 2449 4756 2453 4757 2448 4757 2454 4757 2454 4758 2455 4758 2453 4758 2456 4759 2455 4759 2454 4759 2456 4760 2457 4760 2455 4760 2457 4761 2456 4761 2458 4761 2457 4762 2458 4762 2459 4762 2459 4763 2458 4763 2460 4763 2461 4764 2462 4764 2459 4764 2461 4765 2459 4765 2460 4765 2463 4766 2464 4766 2461 4766 2461 4767 2464 4767 2462 4767 2463 4768 2465 4768 2464 4768 2465 4769 2463 4769 2466 4769 2467 4770 2468 4770 2469 4770 2467 4771 2469 4771 2460 4771 2460 4772 2469 4772 2461 4772 2461 4773 2469 4773 2468 4773 2461 4774 2468 4774 2463 4774 2463 4775 2468 4775 2470 4775 2471 4776 2466 4776 2470 4776 2470 4777 2466 4777 2463 4777 2466 4778 2471 4778 2465 4778 2465 4779 2471 4779 2472 4779 2473 4780 2465 4780 2472 4780 2473 4781 2464 4781 2465 4781 2467 4782 2462 4782 2473 4782 2473 4783 2462 4783 2464 4783 2462 4784 2467 4784 2459 4784 2474 4785 2459 4785 2467 4785 2474 4786 2457 4786 2459 4786 2475 4787 2457 4787 2474 4787 2457 4788 2475 4788 2455 4788 2476 4789 2455 4789 2475 4789 2477 4790 2453 4790 2455 4790 2477 4791 2455 4791 2476 4791 2453 4792 2477 4792 2449 4792 2449 4793 2477 4793 2478 4793 2449 4794 2478 4794 2451 4794 2451 4795 2478 4795 2479 4795 2479 4796 2452 4796 2451 4796 2479 4797 2450 4797 2452 4797 2448 4798 2450 4798 2478 4798 2478 4799 2450 4799 2479 4799 2477 4800 2448 4800 2478 4800 2477 4801 2454 4801 2448 4801 2476 4802 2454 4802 2477 4802 2475 4803 2456 4803 2454 4803 2475 4804 2454 4804 2476 4804 2456 4805 2475 4805 2458 4805 2474 4806 2458 4806 2475 4806 2474 4807 2460 4807 2458 4807 2467 4808 2460 4808 2474 4808 2473 4809 2468 4809 2467 4809 2473 4810 2470 4810 2468 4810 2472 4811 2471 4811 2473 4811 2473 4812 2471 4812 2470 4812 2480 4813 2481 4813 2482 4813 2480 4814 2483 4814 2481 4814 2480 4815 2484 4815 2483 4815 2484 4816 2485 4816 2483 4816 2483 4817 2485 4817 2486 4817 2486 4818 2485 4818 2487 4818 2487 4819 2488 4819 2486 4819 2488 4820 2487 4820 2489 4820 2488 4821 2489 4821 2490 4821 2491 4822 2490 4822 2489 4822 2490 4823 2491 4823 2492 4823 2493 4824 2482 4824 2481 4824 2493 4825 2494 4825 2482 4825 2495 4826 2494 4826 2493 4826 2495 4827 2496 4827 2494 4827 2496 4828 2495 4828 2497 4828 2496 4829 2497 4829 2498 4829 2499 4830 2500 4830 2498 4830 2499 4831 2498 4831 2497 4831 2500 4832 2499 4832 2501 4832 2500 4833 2501 4833 2502 4833 2503 4834 2501 4834 2504 4834 2504 4835 2501 4835 2499 4835 2504 4836 2499 4836 2497 4836 2504 4837 2497 4837 2505 4837 2505 4838 2497 4838 2495 4838 2506 4839 2502 4839 2503 4839 2503 4840 2502 4840 2501 4840 2502 4841 2506 4841 2500 4841 2500 4842 2506 4842 2507 4842 2508 4843 2498 4843 2500 4843 2500 4844 2507 4844 2508 4844 2508 4845 2509 4845 2498 4845 2498 4846 2509 4846 2496 4846 2510 4847 2494 4847 2509 4847 2509 4848 2494 4848 2496 4848 2494 4849 2510 4849 2482 4849 2482 4850 2510 4850 2511 4850 2482 4851 2511 4851 2480 4851 2512 4852 2484 4852 2511 4852 2511 4853 2484 4853 2480 4853 2484 4854 2512 4854 2485 4854 2485 4855 2512 4855 2513 4855 2485 4856 2513 4856 2487 4856 2487 4857 2513 4857 2514 4857 2487 4858 2514 4858 2489 4858 2515 4859 2489 4859 2514 4859 2515 4860 2491 4860 2489 4860 2492 4861 2491 4861 2515 4861 2515 4862 2490 4862 2492 4862 2515 4863 2514 4863 2488 4863 2488 4864 2490 4864 2515 4864 2488 4865 2514 4865 2513 4865 2488 4866 2513 4866 2486 4866 2486 4867 2513 4867 2512 4867 2486 4868 2512 4868 2483 4868 2483 4869 2512 4869 2511 4869 2510 4870 2509 4870 2495 4870 2508 4871 2505 4871 2509 4871 2509 4872 2505 4872 2495 4872 2505 4873 2508 4873 2504 4873 2504 4874 2508 4874 2507 4874 2504 4875 2507 4875 2503 4875 2503 4876 2507 4876 2506 4876 2495 4877 2493 4877 2510 4877 2510 4878 2493 4878 2481 4878 2510 4879 2481 4879 2511 4879 2511 4880 2481 4880 2483 4880 2516 4881 2517 4881 2518 4881 2518 4882 2517 4882 2519 4882 2518 4883 2519 4883 2520 4883 2520 4884 2519 4884 2521 4884 2521 4885 2519 4885 2522 4885 2521 4886 2522 4886 2523 4886 2523 4887 2522 4887 2524 4887 2523 4888 2524 4888 2525 4888 2523 4889 2525 4889 2526 4889 2526 4890 2525 4890 2527 4890 2526 4891 2527 4891 2528 4891 2528 4892 2527 4892 2529 4892 2528 4698 2529 4698 2516 4698 2516 4699 2529 4699 2517 4699 2528 72 2520 72 2521 72 2518 72 2520 72 2516 72 2520 72 2528 72 2516 72 2528 72 2521 72 2526 72 2526 72 2521 72 2523 72 2519 4893 2517 4893 2530 4893 2522 4894 2519 4894 2530 4894 2524 4895 2522 4895 2530 4895 2525 4896 2524 4896 2530 4896 2527 4897 2525 4897 2530 4897 2529 4898 2527 4898 2530 4898 2517 4899 2529 4899 2530 4899 2531 4900 2532 4900 2533 4900 2534 4901 2535 4901 2536 4901 2534 4902 2536 4902 2537 4902 2534 4903 2537 4903 2538 4903 2538 4904 2537 4904 2532 4904 2538 4905 2532 4905 2531 4905 2531 4906 2533 4906 2539 4906 2539 4907 2533 4907 2540 4907 2539 4908 2540 4908 2541 4908 2541 4909 2540 4909 2542 4909 2543 4910 2542 4910 2540 4910 2542 4911 2543 4911 2544 4911 2543 4912 2545 4912 2544 4912 2545 4913 2546 4913 2544 4913 2546 4914 2545 4914 2547 4914 2547 4915 2548 4915 2546 4915 2546 4916 2548 4916 2549 4916 2550 4917 2551 4917 2552 4917 2553 4918 2554 4918 2552 4918 2553 4919 2552 4919 2551 4919 2555 4920 2556 4920 2550 4920 2550 4921 2552 4921 2557 4921 2550 4922 2557 4922 2555 4922 2558 4923 2559 4923 2560 4923 2558 4924 2560 4924 2561 4924 2562 4925 2563 4925 2559 4925 2562 4926 2559 4926 2558 4926 2564 4927 2565 4927 43 4927 43 4928 2565 4928 2562 4928 2562 4929 2565 4929 2563 4929 2566 4930 2567 4930 2564 4930 2566 4931 2564 4931 43 4931 2568 4932 2569 4932 2570 4932 2570 4933 2569 4933 2567 4933 2570 4934 2567 4934 2566 4934 2571 4935 2572 4935 2573 4935 2571 4936 2573 4936 2574 4936 2574 4937 2573 4937 2568 4937 2554 4938 2553 4938 2575 4938 2554 4939 2575 4939 2576 4939 2576 4940 2575 4940 2577 4940 2577 4941 2575 4941 2572 4941 2572 4942 2571 4942 2577 4942 2578 4943 2579 4943 2580 4943 2580 4944 2579 4944 2581 4944 2581 4945 2579 4945 2582 4945 2581 4946 2582 4946 2583 4946 2583 4947 2584 4947 2585 4947 2585 4948 2584 4948 2586 4948 2585 4949 2586 4949 2587 4949 2585 4950 2587 4950 2588 4950 2588 4951 2587 4951 2589 4951 2590 4952 2591 4952 2592 4952 2592 4953 2591 4953 2578 4953 2578 4954 2591 4954 2579 4954 2593 4955 2594 4955 2595 4955 2596 4956 2594 4956 2593 4956 2596 4957 2593 4957 2597 4957 2598 4958 2599 4958 2600 4958 2600 4959 2599 4959 2601 4959 2600 4960 2601 4960 2602 4960 2603 4961 2604 4961 2605 4961 2603 4962 2605 4962 2606 4962 2606 4963 2605 4963 2607 4963 2606 4964 2607 4964 2608 4964 2608 4965 2607 4965 2609 4965 2608 4966 2609 4966 2610 4966 2608 4967 2610 4967 2611 4967 2611 4968 2610 4968 2612 4968 2612 4969 2610 4969 2613 4969 2612 4970 2613 4970 2614 4970 2614 4971 2613 4971 2615 4971 2614 4972 2615 4972 2616 4972 2614 4973 2616 4973 2617 4973 2617 4974 2616 4974 2618 4974 2617 4975 2618 4975 2619 4975 2619 4976 2618 4976 2620 4976 2619 4977 2620 4977 2621 4977 2621 4978 2620 4978 2596 4978 2621 4979 2596 4979 2597 4979 2622 4980 2623 4980 2624 4980 2604 4981 2603 4981 2625 4981 2604 4982 2625 4982 2626 4982 2627 4983 2628 4983 2624 4983 2624 4984 2628 4984 2622 4984 2627 4985 2629 4985 2628 4985 2630 4986 2631 4986 2627 4986 2627 4987 2631 4987 2629 4987 2630 4988 2632 4988 2633 4988 2630 4989 2633 4989 2631 4989 2632 4990 2630 4990 2634 4990 2634 4991 2630 4991 2635 4991 2634 4992 2635 4992 2636 4992 2635 4993 2637 4993 2636 4993 2602 4994 2638 4994 2600 4994 2600 4995 2638 4995 2635 4995 2635 4996 2638 4996 2637 4996 2639 4997 2535 4997 2640 4997 2641 4998 2642 4998 2643 4998 2643 4999 2642 4999 2639 4999 2639 5000 2642 5000 2535 5000 2644 5001 2645 5001 2646 5001 2644 5002 2646 5002 2647 5002 2647 5003 2641 5003 2648 5003 2641 5004 2643 5004 2649 5004 2641 5005 2649 5005 2648 5005 2650 5006 2651 5006 2644 5006 2644 5007 2651 5007 2645 5007 2549 5008 2652 5008 2546 5008 2652 5009 2549 5009 2650 5009 2650 5010 2549 5010 2651 5010 2544 5011 2546 5011 2653 5011 2653 5012 2546 5012 2652 5012 2531 5013 2539 5013 2654 5013 2538 5014 2531 5014 2654 5014 2655 5015 2541 5015 2542 5015 2542 5016 2544 5016 2655 5016 2655 5017 2544 5017 2653 5017 2535 5018 2534 5018 2640 5018 2640 5019 2534 5019 2656 5019 2656 5020 2534 5020 2657 5020 2657 5021 2534 5021 2538 5021 2538 5022 2654 5022 2657 5022 2658 5023 2659 5023 2660 5023 2658 5024 2660 5024 2661 5024 2662 5025 2663 5025 2664 5025 2661 5026 2665 5026 2658 5026 2666 5027 2667 5027 2668 5027 2666 5028 2668 5028 2661 5028 2661 5029 2668 5029 2665 5029 2667 5030 2666 5030 2669 5030 2669 5031 2666 5031 2670 5031 2669 5032 2670 5032 2671 5032 2670 5033 2672 5033 2671 5033 2673 5034 2674 5034 2670 5034 2670 5035 2674 5035 2672 5035 2673 5036 2675 5036 2674 5036 2676 5037 2677 5037 2678 5037 2676 5038 2678 5038 2673 5038 2673 5039 2678 5039 2675 5039 2679 5040 2680 5040 2681 5040 2676 5041 2682 5041 2677 5041 2679 5042 2683 5042 2684 5042 2684 5043 2683 5043 2685 5043 2679 5044 2681 5044 2683 5044 2684 5045 2685 5045 2686 5045 2684 5046 2686 5046 2687 5046 2687 5047 2686 5047 2688 5047 2688 5048 2686 5048 2689 5048 2688 5049 2689 5049 2690 5049 2690 5050 2689 5050 2691 5050 2690 5051 2691 5051 2692 5051 2691 5052 2693 5052 2692 5052 2692 5053 2693 5053 2694 5053 2694 5054 2693 5054 2695 5054 2694 5055 2695 5055 2696 5055 2696 5056 2695 5056 2697 5056 2697 5057 2695 5057 2698 5057 2697 5058 2698 5058 2699 5058 2699 5059 2698 5059 2700 5059 2699 5060 2700 5060 2664 5060 2664 5061 2700 5061 2662 5061 2701 5062 2702 5062 2703 5062 2703 5063 2702 5063 2704 5063 2703 5064 2704 5064 2705 5064 2703 5065 2705 5065 2706 5065 2705 5066 2707 5066 2706 5066 2706 5067 2707 5067 2708 5067 2708 5068 2709 5068 2710 5068 2710 5069 2709 5069 2711 5069 2710 5070 2711 5070 2712 5070 2710 5071 2712 5071 2713 5071 2712 5072 2714 5072 2713 5072 2713 5073 2714 5073 2715 5073 2715 5074 2714 5074 2716 5074 2716 5075 2714 5075 2701 5075 2574 5076 2568 5076 2570 5076 2574 5077 2570 5077 2717 5077 2717 5078 2570 5078 2718 5078 2718 5079 2570 5079 2719 5079 2718 5080 2719 5080 2720 5080 2719 5081 2721 5081 2720 5081 2722 5082 2723 5082 2724 5082 2722 5083 2724 5083 2719 5083 2719 5084 2724 5084 2721 5084 2725 5085 2722 5085 2726 5085 2727 5086 2728 5086 2729 5086 2730 5087 2726 5087 2722 5087 2729 5088 2728 5088 2730 5088 2729 5089 2730 5089 2722 5089 2725 5090 2731 5090 2723 5090 2722 5091 2725 5091 2723 5091 2731 5092 2732 5092 2723 5092 2723 5093 2732 5093 2733 5093 2723 5094 2733 5094 2734 5094 2734 5095 2733 5095 2735 5095 2733 5096 2736 5096 2735 5096 2735 5097 2736 5097 2737 5097 2735 5098 2737 5098 2727 5098 2735 5099 2727 5099 2729 5099 2735 5100 2729 5100 2738 5100 2738 5101 2729 5101 2626 5101 2626 5102 2729 5102 2624 5102 2626 5103 2624 5103 2623 5103 2626 5104 2623 5104 2604 5104 2595 5105 2599 5105 2593 5105 2593 5106 2599 5106 2598 5106 2593 5107 2598 5107 2739 5107 2739 5108 2598 5108 2740 5108 2740 5109 2598 5109 2588 5109 2740 5110 2588 5110 2592 5110 2592 5111 2588 5111 2589 5111 2592 5112 2589 5112 2590 5112 2581 5113 2583 5113 2585 5113 2581 5114 2585 5114 2741 5114 2741 5115 2742 5115 2743 5115 2741 5116 2743 5116 2581 5116 2644 5117 2744 5117 2745 5117 2644 5118 2745 5118 2741 5118 2741 5119 2745 5119 2742 5119 2744 5120 2644 5120 2648 5120 2648 5121 2644 5121 2647 5121 2539 5122 2541 5122 2654 5122 2654 5123 2541 5123 2655 5123 2746 5124 2747 5124 2748 5124 2746 5125 2748 5125 2655 5125 2655 5126 2748 5126 2654 5126 2747 5127 2746 5127 2749 5127 2749 5128 2746 5128 2750 5128 2750 5129 2746 5129 2706 5129 2750 5130 2706 5130 2710 5130 2710 5131 2706 5131 2708 5131 2716 5132 2701 5132 2703 5132 2716 5133 2703 5133 2660 5133 2716 5134 2660 5134 2751 5134 2751 5135 2660 5135 2752 5135 2752 5136 2660 5136 2662 5136 2662 5137 2660 5137 2659 5137 2662 5138 2659 5138 2663 5138 2680 5139 2682 5139 2681 5139 2681 5140 2682 5140 2676 5140 2681 5141 2676 5141 2753 5141 2753 5142 2676 5142 2754 5142 2755 5143 2756 5143 2757 5143 2757 5144 2756 5144 2754 5144 2754 5145 2756 5145 2758 5145 2754 5146 2758 5146 2759 5146 2754 5147 2759 5147 2760 5147 2754 5148 2761 5148 2762 5148 2754 5149 2762 5149 2753 5149 2754 5150 2760 5150 2761 5150 2761 5151 2760 5151 2763 5151 2763 5152 2764 5152 2761 5152 2761 5153 2764 5153 2765 5153 2765 5154 2764 5154 2766 5154 2764 5155 2767 5155 2766 5155 2766 5156 2767 5156 2768 5156 2766 5157 2768 5157 2755 5157 2766 5158 2755 5158 2757 5158 2766 5159 2757 5159 2769 5159 2766 5160 2769 5160 2770 5160 2769 5161 2771 5161 2770 5161 2772 5162 2773 5162 2774 5162 2772 5163 2774 5163 2769 5163 2769 5164 2774 5164 2771 5164 2561 5165 2556 5165 2558 5165 2558 5166 2556 5166 2555 5166 2558 5167 2555 5167 2772 5167 2772 5168 2555 5168 2773 5168 2645 5169 2775 5169 2776 5169 2549 5170 2548 5170 2777 5170 2777 5171 2651 5171 2549 5171 2651 5172 2777 5172 2775 5172 2651 5173 2775 5173 2645 5173 2645 5174 2776 5174 2646 5174 2646 5175 2776 5175 2778 5175 2646 5176 2778 5176 2647 5176 2779 5177 2647 5177 2778 5177 2647 5178 2779 5178 2641 5178 2641 5179 2779 5179 2780 5179 2780 5180 2642 5180 2641 5180 2642 5181 2780 5181 2781 5181 2642 5182 2781 5182 2535 5182 2536 5183 2535 5183 2781 5183 2536 5184 2782 5184 2783 5184 2536 5185 2783 5185 2537 5185 2784 5186 2532 5186 2537 5186 2784 5187 2537 5187 2783 5187 2785 5188 2533 5188 2784 5188 2784 5189 2533 5189 2532 5189 2785 5190 2540 5190 2533 5190 2540 5191 2785 5191 2786 5191 2786 5192 2543 5192 2540 5192 2543 5193 2786 5193 2787 5193 2787 5194 2545 5194 2543 5194 2788 5195 2545 5195 2787 5195 2545 5196 2788 5196 2547 5196 2789 5197 2548 5197 2547 5197 2789 5198 2547 5198 2788 5198 2548 5199 2789 5199 2790 5199 2790 5200 2777 5200 2548 5200 2791 5201 2777 5201 2790 5201 2777 5202 2791 5202 2775 5202 2792 5203 2776 5203 2791 5203 2791 5204 2776 5204 2775 5204 2792 5205 2778 5205 2776 5205 2778 5206 2792 5206 2793 5206 2793 5207 2779 5207 2778 5207 2779 5208 2793 5208 2794 5208 2794 5209 2780 5209 2779 5209 2780 5210 2794 5210 2795 5210 2795 5211 2781 5211 2780 5211 2781 5212 2795 5212 2782 5212 2781 5213 2782 5213 2536 5213 2625 5214 2738 5214 2626 5214 2723 5215 2734 5215 2724 5215 2717 5216 2718 5216 2574 5216 2750 5217 2710 5217 2749 5217 2748 5218 2796 5218 2654 5218 2700 5219 2752 5219 2662 5219 2617 5220 2612 5220 2614 5220 2612 5221 2608 5221 2611 5221 2571 5222 2576 5222 2577 5222 2554 5223 2557 5223 2552 5223 2681 5224 2685 5224 2683 5224 2691 5225 2689 5225 2693 5225 2617 5226 2619 5226 2621 5226 2770 5227 2765 5227 2766 5227 2643 5228 2639 5228 2649 5228 2765 5229 2753 5229 2761 5229 2761 5230 2753 5230 2762 5230 2656 5231 2639 5231 2640 5231 2648 5232 2745 5232 2744 5232 2654 5233 2796 5233 2657 5233 2745 5234 2743 5234 2742 5234 2581 5235 2578 5235 2580 5235 2740 5236 2593 5236 2739 5236 2621 5237 2597 5237 2593 5237 43 5238 2562 5238 2660 5238 2660 5239 2570 5239 2566 5239 2660 5240 2566 5240 43 5240 2722 5241 2719 5241 2660 5241 2660 5242 2719 5242 2570 5242 2624 5243 2729 5243 2660 5243 2660 5244 2729 5244 2722 5244 2660 5245 2627 5245 2624 5245 2635 5246 2630 5246 2660 5246 2660 5247 2630 5247 2627 5247 2598 5248 2600 5248 2660 5248 2660 5249 2600 5249 2635 5249 2585 5250 2588 5250 2660 5250 2660 5251 2588 5251 2598 5251 2660 5252 2741 5252 2585 5252 2650 5253 2644 5253 2660 5253 2660 5254 2644 5254 2741 5254 2653 5255 2652 5255 2660 5255 2660 5256 2652 5256 2650 5256 2746 5257 2655 5257 2660 5257 2660 5258 2655 5258 2653 5258 2660 5259 2706 5259 2746 5259 2660 5260 2703 5260 2706 5260 2666 5261 2661 5261 2660 5261 2673 5262 2670 5262 2660 5262 2660 5263 2670 5263 2666 5263 2660 5264 2676 5264 2673 5264 2757 5265 2754 5265 2660 5265 2660 5266 2754 5266 2676 5266 2772 5267 2769 5267 2660 5267 2660 5268 2769 5268 2757 5268 2562 5269 2558 5269 2660 5269 2660 5270 2558 5270 2772 5270 2797 5271 2572 5271 2575 5271 2572 5272 2797 5272 2798 5272 2572 5273 2798 5273 2799 5273 2572 5274 2799 5274 2573 5274 2573 5275 2799 5275 2800 5275 2573 5276 2800 5276 2568 5276 2568 5277 2800 5277 2801 5277 2568 5278 2801 5278 2569 5278 2801 5279 2802 5279 2569 5279 2569 5280 2802 5280 2567 5280 2567 5281 2802 5281 2803 5281 2567 5282 2803 5282 2564 5282 2803 5283 2804 5283 2564 5283 2564 5284 2804 5284 2805 5284 2564 5285 2805 5285 2565 5285 2806 5286 2565 5286 2805 5286 2806 5287 2563 5287 2565 5287 2563 5288 2806 5288 2807 5288 2563 5289 2807 5289 2559 5289 2559 5290 2807 5290 2808 5290 2559 5291 2808 5291 2560 5291 2560 5292 2808 5292 2809 5292 2560 5293 2809 5293 2561 5293 2561 5294 2809 5294 2810 5294 2561 5295 2810 5295 2556 5295 2556 5296 2810 5296 2550 5296 2810 5297 2811 5297 2550 5297 2550 5298 2811 5298 2812 5298 2550 5299 2812 5299 2551 5299 2812 5300 2813 5300 2551 5300 2551 5301 2813 5301 2553 5301 2553 5302 2813 5302 2814 5302 2553 5303 2814 5303 2575 5303 2814 5304 2797 5304 2575 5304 2815 5305 2816 5305 2664 5305 2664 5306 2663 5306 2815 5306 2815 5307 2663 5307 2817 5307 2817 5308 2663 5308 2818 5308 2819 5309 2818 5309 2663 5309 2663 5310 2820 5310 2819 5310 2699 5311 2664 5311 2816 5311 2692 5312 2688 5312 2690 5312 2684 5313 2821 5313 2679 5313 2821 5314 2822 5314 2679 5314 2823 5315 2824 5315 2680 5315 2680 5316 2679 5316 2822 5316 2680 5317 2822 5317 2823 5317 2822 5318 2821 5318 2825 5318 2822 5319 2825 5319 2823 5319 2824 5320 2826 5320 2682 5320 2824 5321 2682 5321 2680 5321 2827 5322 2677 5322 2828 5322 2829 5323 2830 5323 2826 5323 2677 5324 2830 5324 2828 5324 2830 5325 2677 5325 2682 5325 2682 5326 2826 5326 2830 5326 2830 5327 2829 5327 2828 5327 2827 5328 2678 5328 2677 5328 2675 5329 2672 5329 2674 5329 2658 5330 2665 5330 2831 5330 2832 5331 2659 5331 2833 5331 2834 5332 2833 5332 2658 5332 2658 5333 2833 5333 2659 5333 2834 5334 2658 5334 2831 5334 2760 5335 2759 5335 2835 5335 2836 5336 2760 5336 2835 5336 2835 5337 2759 5337 2837 5337 2838 5338 2758 5338 2756 5338 2837 5339 2759 5339 2839 5339 2839 5340 2759 5340 2758 5340 2838 5341 2756 5341 2840 5341 2839 5342 2758 5342 2838 5342 2840 5343 2756 5343 2841 5343 2755 5344 2841 5344 2756 5344 2841 5345 2755 5345 2842 5345 2842 5346 2755 5346 2768 5346 2843 5347 2768 5347 2767 5347 2842 5348 2768 5348 2844 5348 2844 5349 2768 5349 2843 5349 2845 5350 2767 5350 2846 5350 2846 5351 2767 5351 2764 5351 2846 5352 2764 5352 2847 5352 2843 5353 2767 5353 2845 5353 2848 5354 2847 5354 2763 5354 2763 5355 2847 5355 2764 5355 2848 5356 2763 5356 2836 5356 2760 5357 2836 5357 2763 5357 2849 5358 2708 5358 2707 5358 2850 5359 2707 5359 2705 5359 2851 5360 2708 5360 2849 5360 2850 5361 2705 5361 2852 5361 2852 5362 2705 5362 2704 5362 2849 5363 2707 5363 2850 5363 2852 5364 2704 5364 2853 5364 2854 5365 2853 5365 2704 5365 2702 5366 2854 5366 2704 5366 2854 5367 2702 5367 2855 5367 2856 5368 2855 5368 2701 5368 2701 5369 2855 5369 2702 5369 2857 5370 2701 5370 2714 5370 2858 5371 2712 5371 2711 5371 2856 5372 2701 5372 2857 5372 2859 5373 2714 5373 2712 5373 2859 5374 2712 5374 2858 5374 2709 5375 2860 5375 2711 5375 2860 5376 2709 5376 2861 5376 2861 5377 2709 5377 2708 5377 2851 5378 2861 5378 2708 5378 2862 5379 2794 5379 2863 5379 2863 5380 2794 5380 2793 5380 2863 5381 2793 5381 2864 5381 2864 5382 2793 5382 2792 5382 2864 5383 2792 5383 2865 5383 2865 5384 2792 5384 2866 5384 2866 5385 2792 5385 2791 5385 2866 5386 2791 5386 2867 5386 2867 5387 2791 5387 2790 5387 2867 5388 2790 5388 2868 5388 2868 5389 2790 5389 2789 5389 2868 5390 2789 5390 2869 5390 2869 5391 2789 5391 2788 5391 2869 5392 2788 5392 2870 5392 2870 5393 2788 5393 2787 5393 2870 5394 2787 5394 2871 5394 2871 5395 2787 5395 2786 5395 2871 5396 2786 5396 2872 5396 2872 5397 2786 5397 2785 5397 2872 5398 2785 5398 2873 5398 2873 5399 2785 5399 2874 5399 2874 5400 2785 5400 2784 5400 2784 5401 2783 5401 2875 5401 2875 5402 2783 5402 2876 5402 2876 5403 2783 5403 2782 5403 2876 5404 2782 5404 2877 5404 2877 5405 2782 5405 2795 5405 2877 5406 2795 5406 2862 5406 2862 5407 2795 5407 2794 5407 2878 5408 2689 5408 2879 5408 2879 5409 2689 5409 2686 5409 2878 5410 2693 5410 2689 5410 2880 5411 2695 5411 2878 5411 2878 5412 2695 5412 2693 5412 2881 5413 2882 5413 2752 5413 2882 5414 2883 5414 2715 5414 2592 5415 2884 5415 2885 5415 2593 5416 2886 5416 2887 5416 2887 5417 2617 5417 2621 5417 2887 5418 2621 5418 2593 5418 2753 5419 2888 5419 2889 5419 2879 5420 2686 5420 2685 5420 2879 5421 2685 5421 2889 5421 2715 5422 2883 5422 2713 5422 2656 5423 2890 5423 2639 5423 2639 5424 2890 5424 2649 5424 2649 5425 2890 5425 2891 5425 2649 5426 2891 5426 2648 5426 2648 5427 2891 5427 2745 5427 2745 5428 2891 5428 2892 5428 2745 5429 2892 5429 2743 5429 2743 5430 2892 5430 2893 5430 2592 5431 2578 5431 2884 5431 2886 5432 2593 5432 2885 5432 2885 5433 2593 5433 2740 5433 2885 5434 2740 5434 2592 5434 2752 5435 2700 5435 2881 5435 2881 5436 2700 5436 2698 5436 2881 5437 2698 5437 2880 5437 2880 5438 2698 5438 2695 5438 2715 5439 2716 5439 2882 5439 2882 5440 2716 5440 2751 5440 2882 5441 2751 5441 2752 5441 2894 5442 2710 5442 2883 5442 2883 5443 2710 5443 2713 5443 2895 5444 2749 5444 2894 5444 2894 5445 2749 5445 2710 5445 2896 5446 2796 5446 2895 5446 2895 5447 2796 5447 2748 5447 2895 5448 2748 5448 2747 5448 2895 5449 2747 5449 2749 5449 2884 5450 2578 5450 2581 5450 2884 5451 2581 5451 2893 5451 2893 5452 2581 5452 2743 5452 2897 5453 2617 5453 2887 5453 2889 5454 2685 5454 2681 5454 2889 5455 2681 5455 2753 5455 2898 5456 2734 5456 2899 5456 2753 5457 2765 5457 2888 5457 2888 5458 2765 5458 2900 5458 2900 5459 2765 5459 2770 5459 2896 5460 2657 5460 2796 5460 2890 5461 2656 5461 2896 5461 2896 5462 2656 5462 2657 5462 2734 5463 2735 5463 2899 5463 2899 5464 2735 5464 2738 5464 2899 5465 2738 5465 2625 5465 2899 5466 2625 5466 2901 5466 2902 5467 2720 5467 2903 5467 2903 5468 2720 5468 2721 5468 2903 5469 2721 5469 2898 5469 2898 5470 2721 5470 2724 5470 2898 5471 2724 5471 2734 5471 2904 5472 2574 5472 2902 5472 2902 5473 2574 5473 2718 5473 2902 5474 2718 5474 2720 5474 2773 5475 2555 5475 2905 5475 2905 5476 2555 5476 2906 5476 2606 5477 2907 5477 2603 5477 2603 5478 2907 5478 2901 5478 2603 5479 2901 5479 2625 5479 2908 5480 2576 5480 2571 5480 2908 5481 2571 5481 2904 5481 2904 5482 2571 5482 2574 5482 2555 5483 2557 5483 2906 5483 2906 5484 2557 5484 2554 5484 2906 5485 2554 5485 2908 5485 2908 5486 2554 5486 2576 5486 2900 5487 2770 5487 2771 5487 2900 5488 2771 5488 2905 5488 2905 5489 2771 5489 2774 5489 2905 5490 2774 5490 2773 5490 2907 5491 2606 5491 2608 5491 2907 5492 2608 5492 2612 5492 2907 5493 2612 5493 2897 5493 2897 5494 2612 5494 2617 5494 2909 5495 2725 5495 2726 5495 2910 5496 2726 5496 2730 5496 2909 5497 2726 5497 2910 5497 2910 5498 2730 5498 2911 5498 2912 5499 2730 5499 2728 5499 2911 5500 2730 5500 2912 5500 2912 5501 2728 5501 2913 5501 2727 5502 2914 5502 2913 5502 2913 5503 2728 5503 2727 5503 2914 5504 2727 5504 2915 5504 2737 5505 2915 5505 2727 5505 2916 5506 2915 5506 2737 5506 2916 5507 2737 5507 2736 5507 2917 5508 2736 5508 2733 5508 2918 5509 2733 5509 2919 5509 2917 5510 2733 5510 2918 5510 2919 5511 2733 5511 2920 5511 2920 5512 2733 5512 2732 5512 2916 5513 2736 5513 2917 5513 2921 5514 2920 5514 2732 5514 2921 5515 2732 5515 2731 5515 2921 5516 2731 5516 2922 5516 2725 5517 2922 5517 2731 5517 2909 5518 2922 5518 2725 5518 2923 5519 2587 5519 2924 5519 2924 5520 2587 5520 2586 5520 2925 5521 2589 5521 2587 5521 2926 5522 2586 5522 2584 5522 2926 5523 2584 5523 2927 5523 2928 5524 2589 5524 2925 5524 2925 5525 2587 5525 2923 5525 2924 5526 2586 5526 2926 5526 2583 5527 2927 5527 2584 5527 2929 5528 2927 5528 2583 5528 2583 5529 2930 5529 2929 5529 2931 5530 2930 5530 2582 5530 2582 5531 2930 5531 2583 5531 2932 5532 2579 5532 2591 5532 2933 5533 2591 5533 2934 5533 2931 5534 2582 5534 2579 5534 2935 5535 2579 5535 2932 5535 2932 5536 2591 5536 2933 5536 2931 5537 2579 5537 2935 5537 2936 5538 2934 5538 2591 5538 2936 5539 2591 5539 2590 5539 2590 5540 2928 5540 2936 5540 2589 5541 2928 5541 2590 5541 2937 5542 2938 5542 2599 5542 2599 5543 2595 5543 2937 5543 2601 5544 2599 5544 2938 5544 2939 5545 2602 5545 2601 5545 2939 5546 2601 5546 2940 5546 2940 5547 2601 5547 2938 5547 2638 5548 2602 5548 2939 5548 2628 5549 2941 5549 2622 5549 2634 5550 2633 5550 2632 5550 2637 5551 2634 5551 2636 5551 2631 5552 2628 5552 2629 5552 2942 5553 2622 5553 2941 5553 2942 5554 2623 5554 2622 5554 2623 5555 2943 5555 2944 5555 2623 5556 2942 5556 2943 5556 2604 5557 2623 5557 2945 5557 2945 5558 2623 5558 2944 5558 2945 5559 2944 5559 2946 5559 2605 5560 2604 5560 2947 5560 2947 5561 2604 5561 2945 5561 2947 5562 2948 5562 2949 5562 2948 5563 2947 5563 2945 5563 2948 5564 2945 5564 2950 5564 2950 5565 2945 5565 2946 5565 2949 5566 2605 5566 2947 5566 2951 5567 2952 5567 2620 5567 2949 5568 2607 5568 2605 5568 2953 5569 2620 5569 2618 5569 2953 5570 2951 5570 2620 5570 2618 5571 2616 5571 2953 5571 2596 5572 2620 5572 2952 5572 2594 5573 2937 5573 2595 5573 2594 5574 2954 5574 2937 5574 2955 5575 2954 5575 2596 5575 2596 5576 2954 5576 2594 5576 2596 5577 2952 5577 2955 5577 2956 5578 2797 5578 2957 5578 2956 5579 2798 5579 2797 5579 2958 5580 2798 5580 2956 5580 2798 5581 2958 5581 2799 5581 2959 5582 2800 5582 2958 5582 2958 5583 2800 5583 2799 5583 2959 5584 2801 5584 2800 5584 2801 5585 2959 5585 2960 5585 2960 5586 2802 5586 2801 5586 2802 5587 2960 5587 2803 5587 2803 5588 2960 5588 2961 5588 2961 5589 2804 5589 2803 5589 2962 5590 2804 5590 2961 5590 2804 5591 2962 5591 2805 5591 2963 5592 2806 5592 2805 5592 2963 5593 2805 5593 2962 5593 2964 5594 2806 5594 2963 5594 2806 5595 2964 5595 2807 5595 2965 5596 2808 5596 2807 5596 2965 5597 2807 5597 2964 5597 2966 5598 2809 5598 2965 5598 2965 5599 2809 5599 2808 5599 2966 5600 2810 5600 2809 5600 2810 5601 2966 5601 2967 5601 2967 5602 2811 5602 2810 5602 2811 5603 2967 5603 2812 5603 2812 5604 2967 5604 2968 5604 2968 5605 2813 5605 2812 5605 2813 5606 2968 5606 2969 5606 2969 5607 2814 5607 2813 5607 2814 5608 2969 5608 2957 5608 2814 5609 2957 5609 2797 5609 2659 5610 2820 5610 2663 5610 2820 5611 2659 5611 2832 5611 2820 5612 2832 5612 2819 5612 2816 5613 2815 5613 2817 5613 2970 5614 2821 5614 2971 5614 2971 5615 2821 5615 2684 5615 2971 5616 2684 5616 2687 5616 2971 5617 2687 5617 2688 5617 2971 5618 2688 5618 2972 5618 2972 5619 2688 5619 2692 5619 2972 5620 2692 5620 2694 5620 2972 5621 2694 5621 2696 5621 2972 5622 2696 5622 2973 5622 2973 5623 2696 5623 2697 5623 2973 5624 2697 5624 2699 5624 2973 5625 2699 5625 2816 5625 2825 5626 2821 5626 2970 5626 2826 5627 2824 5627 2974 5627 2826 5628 2974 5628 2975 5628 2976 5629 2827 5629 2828 5629 2976 5630 2828 5630 2829 5630 2678 5631 2827 5631 2976 5631 2977 5632 2668 5632 2667 5632 2976 5633 2978 5633 2678 5633 2678 5634 2978 5634 2675 5634 2675 5635 2978 5635 2672 5635 2672 5636 2978 5636 2979 5636 2977 5637 2667 5637 2669 5637 2977 5638 2669 5638 2979 5638 2979 5639 2669 5639 2671 5639 2979 5640 2671 5640 2672 5640 2980 5641 2831 5641 2665 5641 2668 5642 2977 5642 2980 5642 2668 5643 2980 5643 2665 5643 2981 5644 2836 5644 2982 5644 2982 5645 2836 5645 2835 5645 2982 5646 2835 5646 2837 5646 2982 5647 2837 5647 2983 5647 2983 5648 2837 5648 2839 5648 2983 5649 2839 5649 2838 5649 2838 5650 2840 5650 2983 5650 2983 5651 2840 5651 2984 5651 2840 5652 2841 5652 2984 5652 2984 5653 2841 5653 2985 5653 2985 5654 2841 5654 2842 5654 2985 5655 2842 5655 2986 5655 2986 5656 2842 5656 2844 5656 2986 5657 2844 5657 2843 5657 2986 5658 2843 5658 2987 5658 2987 5659 2843 5659 2845 5659 2987 5660 2845 5660 2846 5660 2846 5661 2847 5661 2987 5661 2987 5662 2847 5662 2988 5662 2988 5663 2847 5663 2848 5663 2988 5664 2848 5664 2981 5664 2848 5665 2836 5665 2981 5665 2989 5666 2861 5666 2851 5666 2989 5667 2851 5667 2990 5667 2851 5668 2849 5668 2990 5668 2990 5669 2849 5669 2850 5669 2990 5670 2850 5670 2991 5670 2991 5671 2850 5671 2852 5671 2852 5672 2853 5672 2991 5672 2991 5673 2853 5673 2992 5673 2853 5674 2854 5674 2992 5674 2992 5675 2854 5675 2855 5675 2992 5676 2855 5676 2993 5676 2993 5677 2855 5677 2856 5677 2993 5678 2856 5678 2994 5678 2994 5679 2856 5679 2857 5679 2994 5680 2857 5680 2714 5680 2994 5681 2714 5681 2859 5681 2994 5682 2859 5682 2995 5682 2995 5683 2859 5683 2858 5683 2858 5684 2711 5684 2995 5684 2995 5685 2711 5685 2996 5685 2711 5686 2860 5686 2996 5686 2996 5687 2860 5687 2989 5687 2989 5688 2860 5688 2861 5688 2997 5689 2868 5689 2869 5689 2870 5690 2998 5690 2869 5690 2869 5691 2998 5691 2997 5691 2870 5692 2999 5692 2998 5692 2871 5693 2999 5693 2870 5693 2871 5694 3000 5694 2999 5694 3000 5695 2871 5695 2872 5695 2873 5696 3001 5696 2872 5696 2872 5697 3001 5697 3000 5697 2874 5698 3002 5698 2873 5698 2873 5699 3002 5699 3001 5699 2784 5700 3003 5700 2874 5700 2874 5701 3003 5701 3002 5701 2875 5702 3003 5702 2784 5702 3004 5703 3003 5703 2875 5703 2876 5704 3004 5704 2875 5704 3004 5705 2876 5705 3005 5705 3005 5706 2876 5706 2877 5706 2862 5707 3006 5707 2877 5707 2877 5708 3006 5708 3005 5708 2862 5709 3007 5709 3006 5709 2863 5710 3007 5710 2862 5710 2863 5711 3008 5711 3007 5711 3008 5712 2863 5712 2864 5712 2865 5713 3009 5713 2864 5713 2864 5714 3009 5714 3008 5714 2866 5715 3009 5715 2865 5715 3009 5716 2866 5716 3010 5716 2867 5717 3010 5717 2866 5717 2867 5718 3011 5718 3010 5718 2868 5719 3011 5719 2867 5719 2868 5720 2997 5720 3011 5720 2908 5721 3012 5721 2906 5721 2906 5722 3012 5722 3013 5722 2906 5723 3013 5723 2905 5723 2905 5724 3013 5724 3014 5724 2905 5725 3014 5725 2900 5725 2900 5726 3014 5726 3015 5726 2900 5727 3015 5727 2888 5727 2888 5728 3015 5728 3016 5728 2888 5729 3016 5729 2889 5729 2889 5730 3016 5730 3017 5730 2889 5731 3017 5731 2879 5731 2879 5732 3017 5732 3018 5732 2879 5733 3018 5733 3019 5733 2879 5734 3019 5734 2878 5734 2878 5735 3019 5735 3020 5735 2878 5736 3020 5736 2880 5736 2880 5737 3020 5737 3021 5737 2880 5738 3021 5738 2881 5738 2881 5739 3021 5739 3022 5739 2881 5740 3022 5740 2882 5740 2882 5741 3022 5741 3023 5741 2882 5742 3023 5742 2883 5742 2883 5743 3023 5743 3024 5743 2883 5744 3024 5744 2894 5744 2894 5745 3024 5745 3025 5745 2894 5746 3025 5746 2895 5746 2895 5747 3025 5747 3026 5747 2895 5748 3026 5748 2896 5748 2896 5749 3026 5749 3027 5749 2896 5750 3027 5750 2890 5750 2890 5751 3027 5751 3028 5751 2890 5752 3028 5752 2891 5752 2891 5753 3028 5753 3029 5753 2891 5754 3029 5754 2892 5754 2892 5755 3029 5755 3030 5755 2892 5756 3030 5756 2893 5756 2893 5757 3030 5757 3031 5757 2893 5758 3031 5758 2884 5758 2884 5759 3031 5759 3032 5759 2884 5760 3032 5760 2885 5760 2885 5761 3032 5761 3033 5761 2885 5762 3033 5762 2886 5762 2886 5763 3033 5763 3034 5763 2886 5764 3034 5764 2887 5764 2887 5765 3034 5765 3035 5765 2887 5766 3035 5766 2897 5766 2897 5767 3035 5767 3036 5767 2897 5768 3036 5768 2907 5768 2907 5769 3036 5769 3037 5769 2907 5770 3037 5770 2901 5770 2901 5771 3037 5771 3038 5771 2901 5772 3038 5772 2899 5772 2899 5773 3038 5773 3039 5773 2899 5774 3039 5774 2898 5774 2898 5775 3039 5775 3040 5775 2898 5776 3040 5776 2903 5776 2903 5777 3040 5777 3041 5777 2903 5778 3041 5778 2902 5778 2902 5779 3041 5779 3042 5779 2902 5780 3042 5780 2904 5780 2904 5781 3042 5781 3043 5781 2904 5782 3043 5782 2908 5782 2908 5783 3043 5783 3012 5783 3044 5784 2922 5784 2909 5784 3044 5785 2909 5785 3045 5785 3045 5786 2909 5786 2910 5786 3045 5787 2910 5787 3046 5787 3046 5788 2910 5788 2911 5788 3046 5789 2911 5789 2912 5789 3046 5790 2912 5790 3047 5790 3047 5791 2912 5791 2913 5791 2913 5792 2914 5792 3047 5792 3047 5793 2914 5793 3048 5793 2914 5794 2915 5794 3048 5794 3048 5795 2915 5795 3049 5795 3049 5796 2915 5796 2916 5796 3049 5797 2916 5797 2917 5797 3049 5798 2917 5798 3050 5798 3050 5799 2917 5799 2918 5799 3050 5800 2918 5800 2919 5800 2919 5801 2920 5801 3050 5801 3050 5802 2920 5802 3051 5802 2920 5803 2921 5803 3051 5803 3051 5804 2921 5804 2922 5804 3051 5805 2922 5805 3044 5805 3052 5806 2928 5806 3053 5806 3053 5807 2928 5807 2925 5807 3053 5808 2925 5808 2923 5808 3053 5809 2923 5809 3054 5809 3054 5810 2923 5810 2924 5810 3054 5811 2924 5811 2926 5811 3054 5812 2926 5812 3055 5812 3055 5813 2926 5813 2927 5813 2927 5814 2929 5814 3055 5814 3055 5815 2929 5815 3056 5815 3056 5816 2929 5816 2930 5816 3056 5817 2930 5817 2931 5817 3056 5818 2931 5818 3057 5818 3057 5819 2931 5819 2935 5819 3057 5820 2935 5820 3058 5820 3058 5821 2935 5821 2932 5821 3058 5822 2932 5822 2933 5822 3058 5823 2933 5823 3059 5823 3059 5824 2933 5824 2934 5824 2934 5825 2936 5825 3059 5825 3059 5826 2936 5826 3052 5826 3052 5827 2936 5827 2928 5827 3060 5828 2939 5828 2940 5828 2638 5829 2939 5829 3060 5829 3060 5830 3061 5830 2638 5830 2638 5831 3061 5831 2637 5831 2637 5832 3061 5832 3062 5832 2637 5833 3062 5833 2634 5833 3063 5834 2941 5834 3064 5834 3064 5835 2941 5835 2628 5835 3064 5836 2628 5836 3065 5836 3065 5837 2628 5837 2631 5837 3065 5838 2631 5838 2633 5838 3065 5839 2633 5839 3062 5839 3062 5840 2633 5840 2634 5840 2942 5841 2941 5841 3063 5841 2950 5842 3066 5842 3067 5842 3067 5843 3066 5843 3068 5843 2946 5844 2944 5844 2950 5844 2950 5845 2944 5845 3066 5845 2948 5846 3069 5846 2949 5846 2607 5847 2949 5847 3069 5847 3069 5848 3070 5848 2607 5848 2607 5849 3070 5849 2609 5849 2609 5850 3070 5850 2610 5850 2610 5851 3070 5851 3071 5851 3072 5852 2613 5852 3071 5852 3071 5853 2613 5853 2610 5853 3072 5854 2953 5854 2616 5854 3072 5855 2616 5855 2615 5855 3072 5856 2615 5856 2613 5856 3073 5857 2952 5857 2951 5857 2955 5858 2952 5858 3073 5858 3074 5859 2965 5859 3075 5859 3075 5860 2965 5860 2964 5860 3075 5861 2964 5861 3076 5861 3076 5862 2964 5862 2963 5862 3076 5863 2963 5863 3077 5863 3077 5864 2963 5864 2962 5864 3077 5865 2962 5865 3078 5865 3078 5866 2962 5866 2961 5866 3078 5867 2961 5867 3079 5867 3079 5868 2961 5868 2960 5868 3079 5869 2960 5869 3080 5869 3080 5870 2960 5870 2959 5870 3080 5871 2959 5871 3081 5871 3081 5872 2959 5872 3082 5872 3082 5873 2959 5873 2958 5873 3082 5874 2958 5874 3083 5874 3083 5875 2958 5875 2956 5875 3083 5876 2956 5876 3084 5876 3084 5877 2956 5877 2957 5877 3084 5878 2957 5878 3085 5878 3085 5879 2957 5879 2969 5879 3085 5880 2969 5880 3086 5880 3086 5881 2969 5881 2968 5881 3086 5882 2968 5882 3087 5882 3087 5883 2968 5883 2967 5883 3087 5884 2967 5884 3088 5884 3088 5885 2967 5885 2966 5885 3088 5886 2966 5886 3089 5886 3089 5887 2966 5887 3074 5887 3074 5888 2966 5888 2965 5888 3090 5889 2832 5889 3091 5889 2819 5890 2832 5890 3090 5890 3090 5891 2818 5891 2819 5891 3090 5892 2817 5892 2818 5892 3092 5893 2817 5893 3090 5893 2817 5894 3092 5894 2816 5894 2973 5895 3093 5895 2972 5895 3094 5896 2973 5896 3095 5896 2973 5897 3094 5897 3093 5897 3093 5898 3094 5898 3096 5898 3093 5899 3096 5899 2972 5899 2972 5900 3096 5900 3097 5900 3097 5901 3098 5901 2971 5901 2971 5902 3098 5902 3099 5902 3095 5903 2816 5903 3092 5903 3100 5904 2970 5904 3099 5904 3097 5905 2971 5905 2972 5905 3095 5906 2973 5906 2816 5906 3099 5907 2970 5907 2971 5907 2824 5908 2823 5908 2974 5908 2825 5909 2974 5909 2823 5909 2825 5910 2970 5910 3100 5910 3100 5911 2974 5911 2825 5911 2976 5912 2829 5912 3101 5912 2826 5913 2975 5913 3101 5913 3101 5914 2829 5914 2826 5914 2975 5915 2974 5915 3100 5915 3092 5916 3102 5916 3095 5916 3092 5917 3090 5917 3091 5917 3092 5918 3091 5918 3102 5918 3102 5919 3091 5919 3103 5919 3095 5920 3102 5920 3094 5920 3094 5921 3102 5921 3104 5921 3094 5922 3104 5922 3096 5922 3096 5923 3104 5923 3105 5923 3096 5924 3105 5924 3097 5924 3097 5925 3105 5925 3106 5925 3097 5926 3106 5926 3098 5926 3098 5927 3106 5927 3107 5927 3098 5928 3107 5928 3099 5928 3099 5929 3107 5929 3108 5929 3099 5930 3108 5930 3100 5930 3100 5931 3108 5931 2975 5931 2978 5932 3109 5932 2979 5932 3103 5933 2980 5933 3102 5933 3106 5934 3109 5934 3107 5934 3107 5935 3109 5935 3108 5935 3108 5936 3101 5936 2975 5936 3101 5937 3108 5937 2978 5937 2978 5938 3108 5938 3109 5938 2977 5939 3104 5939 3102 5939 2977 5940 3102 5940 2980 5940 3104 5941 2977 5941 3105 5941 3106 5942 2979 5942 3109 5942 2978 5943 2976 5943 3101 5943 2979 5944 3106 5944 3105 5944 2979 5945 3105 5945 2977 5945 3103 5946 2831 5946 2980 5946 3103 5947 2834 5947 2831 5947 3091 5948 2833 5948 2834 5948 3091 5949 2832 5949 2833 5949 3103 5950 3091 5950 2834 5950 2987 5951 2983 5951 2984 5951 2984 5952 2985 5952 2987 5952 2985 5953 2986 5953 2987 5953 2983 5954 2987 5954 2988 5954 2988 5955 2981 5955 2983 5955 2981 5956 2982 5956 2983 5956 2995 5957 2991 5957 2992 5957 2992 5958 2993 5958 2995 5958 2993 5959 2994 5959 2995 5959 2991 5960 2995 5960 2996 5960 2996 5961 2989 5961 2991 5961 2989 5962 2990 5962 2991 5962 3110 5963 2997 5963 3111 5963 3111 5964 2997 5964 2998 5964 2999 5965 3112 5965 2998 5965 2998 5966 3112 5966 3111 5966 3112 5967 2999 5967 3113 5967 3113 5968 2999 5968 3114 5968 3114 5969 2999 5969 3000 5969 3115 5970 3011 5970 2997 5970 3115 5971 2997 5971 3110 5971 3116 5972 3010 5972 3115 5972 3115 5973 3010 5973 3011 5973 3116 5974 3009 5974 3010 5974 3009 5975 3116 5975 3008 5975 3008 5976 3116 5976 3117 5976 3008 5977 3117 5977 3007 5977 3007 5978 3117 5978 3118 5978 3118 5979 3119 5979 3007 5979 3007 5980 3119 5980 3006 5980 3006 5981 3119 5981 3120 5981 3006 5982 3120 5982 3005 5982 3005 5983 3120 5983 3121 5983 3005 5984 3121 5984 3004 5984 3004 5985 3121 5985 3122 5985 3004 5986 3122 5986 3003 5986 3003 5987 3122 5987 3123 5987 3003 5988 3123 5988 3002 5988 3002 5989 3123 5989 3124 5989 3002 5990 3124 5990 3001 5990 3001 5991 3124 5991 3125 5991 3001 5992 3125 5992 3000 5992 3125 5993 3114 5993 3000 5993 3043 5994 3126 5994 3012 5994 3012 5995 3126 5995 3127 5995 3012 5996 3127 5996 3013 5996 3013 5997 3127 5997 3128 5997 3013 5998 3128 5998 3014 5998 3014 5999 3128 5999 3129 5999 3014 6000 3129 6000 3015 6000 3015 6001 3129 6001 3130 6001 3015 6002 3130 6002 3016 6002 3016 6003 3130 6003 3131 6003 3016 6004 3131 6004 3017 6004 3017 6005 3131 6005 3018 6005 3018 6006 3131 6006 3132 6006 3018 6007 3132 6007 3019 6007 3019 6008 3132 6008 3020 6008 3020 6009 3132 6009 3133 6009 3020 6010 3133 6010 3021 6010 3021 6011 3133 6011 3134 6011 3021 6012 3134 6012 3022 6012 3022 6013 3134 6013 3023 6013 3023 6014 3134 6014 3135 6014 3023 6015 3135 6015 3024 6015 3024 6016 3135 6016 3025 6016 3025 6017 3135 6017 3136 6017 3025 6018 3136 6018 3026 6018 3026 6019 3136 6019 3137 6019 3026 6020 3137 6020 3027 6020 3027 6021 3137 6021 3138 6021 3027 6022 3138 6022 3028 6022 3028 6023 3138 6023 3029 6023 3029 6024 3138 6024 3139 6024 3029 6025 3139 6025 3030 6025 3030 6026 3139 6026 3031 6026 3031 6027 3139 6027 3140 6027 3031 6028 3140 6028 3032 6028 3032 6029 3140 6029 3033 6029 3033 6030 3140 6030 3141 6030 3033 6031 3141 6031 3034 6031 3034 6032 3141 6032 3142 6032 3034 6033 3142 6033 3035 6033 3035 6034 3142 6034 3036 6034 3036 6035 3142 6035 3143 6035 3036 6036 3143 6036 3144 6036 3036 6037 3144 6037 3037 6037 3037 6038 3144 6038 3038 6038 3038 6039 3144 6039 3145 6039 3038 6040 3145 6040 3039 6040 3039 6041 3145 6041 3040 6041 3040 6042 3145 6042 3146 6042 3040 6043 3146 6043 3041 6043 3041 6044 3146 6044 3147 6044 3041 6045 3147 6045 3042 6045 3042 6046 3147 6046 3043 6046 3043 6047 3147 6047 3126 6047 3050 6048 3046 6048 3047 6048 3047 6049 3048 6049 3050 6049 3048 6050 3049 6050 3050 6050 3046 6051 3050 6051 3051 6051 3051 6052 3044 6052 3046 6052 3044 6053 3045 6053 3046 6053 3058 6054 3054 6054 3055 6054 3055 6055 3056 6055 3058 6055 3056 6056 3057 6056 3058 6056 3054 6057 3058 6057 3059 6057 3059 6058 3052 6058 3054 6058 3052 6059 3053 6059 3054 6059 2938 6060 2937 6060 3148 6060 2938 6061 3148 6061 3149 6061 2940 6062 2938 6062 3149 6062 3149 6063 3150 6063 2940 6063 2940 6064 3150 6064 3060 6064 3061 6065 3151 6065 3062 6065 3152 6066 3061 6066 3153 6066 3154 6067 3155 6067 3065 6067 3065 6068 3155 6068 3156 6068 3064 6069 3156 6069 3157 6069 3153 6070 3060 6070 3150 6070 3068 6071 3063 6071 3157 6071 3061 6072 3152 6072 3151 6072 3151 6073 3154 6073 3062 6073 3062 6074 3154 6074 3065 6074 3064 6075 3065 6075 3156 6075 3153 6076 3061 6076 3060 6076 3157 6077 3063 6077 3064 6077 3063 6078 2943 6078 2942 6078 2944 6079 2943 6079 3066 6079 3068 6080 3066 6080 2943 6080 3068 6081 2943 6081 3063 6081 3067 6082 2948 6082 2950 6082 3158 6083 2948 6083 3067 6083 3158 6084 3069 6084 2948 6084 3150 6085 3159 6085 3153 6085 3150 6086 3149 6086 3148 6086 3150 6087 3148 6087 3159 6087 3159 6088 3148 6088 3160 6088 3153 6089 3159 6089 3152 6089 3152 6090 3159 6090 3161 6090 3152 6091 3161 6091 3162 6091 3152 6092 3162 6092 3151 6092 3151 6093 3162 6093 3163 6093 3151 6094 3163 6094 3154 6094 3154 6095 3163 6095 3164 6095 3154 6096 3164 6096 3155 6096 3155 6097 3164 6097 3165 6097 3155 6098 3165 6098 3166 6098 3155 6099 3166 6099 3156 6099 3156 6100 3166 6100 3157 6100 3157 6101 3166 6101 3167 6101 3157 6102 3167 6102 3068 6102 3068 6103 3167 6103 3067 6103 3160 6104 2951 6104 3159 6104 3159 6105 2951 6105 3161 6105 3161 6106 2953 6106 3162 6106 3162 6107 2953 6107 3163 6107 3165 6108 3071 6108 3166 6108 3166 6109 3071 6109 3070 6109 3166 6110 3070 6110 3167 6110 3167 6111 3158 6111 3067 6111 3158 6112 3167 6112 3070 6112 3165 6113 3164 6113 3072 6113 3160 6114 3073 6114 2951 6114 3070 6115 3069 6115 3158 6115 3163 6116 3072 6116 3164 6116 3071 6117 3165 6117 3072 6117 3072 6118 3163 6118 2953 6118 2953 6119 3161 6119 2951 6119 3148 6120 2954 6120 2955 6120 3148 6121 2937 6121 2954 6121 2955 6122 3073 6122 3160 6122 3160 6123 3148 6123 2955 6123 3168 6124 3076 6124 3077 6124 3078 6125 3169 6125 3077 6125 3077 6126 3169 6126 3168 6126 3078 6127 3170 6127 3169 6127 3079 6128 3170 6128 3078 6128 3079 6129 3171 6129 3170 6129 3171 6130 3079 6130 3080 6130 3081 6131 3172 6131 3080 6131 3080 6132 3172 6132 3171 6132 3082 6133 3173 6133 3081 6133 3081 6134 3173 6134 3172 6134 3083 6135 3174 6135 3082 6135 3082 6136 3174 6136 3173 6136 3175 6137 3174 6137 3083 6137 3084 6138 3175 6138 3083 6138 3085 6139 3176 6139 3084 6139 3084 6140 3176 6140 3175 6140 3176 6141 3085 6141 3177 6141 3177 6142 3085 6142 3086 6142 3086 6143 3178 6143 3177 6143 3087 6144 3178 6144 3086 6144 3087 6145 3179 6145 3178 6145 3179 6146 3087 6146 3088 6146 3089 6147 3180 6147 3088 6147 3088 6148 3180 6148 3179 6148 3074 6149 3180 6149 3089 6149 3180 6150 3074 6150 3181 6150 3075 6151 3181 6151 3074 6151 3075 6152 3182 6152 3181 6152 3076 6153 3182 6153 3075 6153 3076 6154 3168 6154 3182 6154 3183 6155 3184 6155 3185 6155 3183 6156 3185 6156 3186 6156 3187 6157 3188 6157 3185 6157 3185 6158 3188 6158 3186 6158 3189 6159 3190 6159 3191 6159 3190 6160 3189 6160 3192 6160 3190 6161 3192 6161 3193 6161 3193 6162 3192 6162 3184 6162 3193 6163 3184 6163 3183 6163 3194 6164 3195 6164 3116 6164 3196 6165 3194 6165 3116 6165 3110 6166 3197 6166 3115 6166 3115 6167 3197 6167 3198 6167 3115 6168 3198 6168 3196 6168 3115 6169 3196 6169 3116 6169 3197 6170 3110 6170 3199 6170 3199 6171 3110 6171 3200 6171 3200 6172 3110 6172 3111 6172 3200 6173 3111 6173 3112 6173 3200 6174 3112 6174 3201 6174 3201 6175 3112 6175 3113 6175 3201 6176 3113 6176 3191 6176 3191 6177 3113 6177 3189 6177 3202 6178 3203 6178 3188 6178 3202 6179 3188 6179 3187 6179 3195 6180 3117 6180 3116 6180 3203 6181 3119 6181 3204 6181 3204 6182 3118 6182 3117 6182 3204 6183 3117 6183 3195 6183 3202 6184 3119 6184 3203 6184 3119 6185 3118 6185 3204 6185 3185 6186 3122 6186 3187 6186 3187 6187 3122 6187 3121 6187 3187 6188 3121 6188 3202 6188 3202 6189 3121 6189 3120 6189 3202 6190 3120 6190 3119 6190 3122 6191 3185 6191 3123 6191 3123 6192 3185 6192 3184 6192 3123 6193 3184 6193 3124 6193 3124 6194 3184 6194 3125 6194 3125 6195 3184 6195 3192 6195 3125 6196 3192 6196 3189 6196 3125 6197 3189 6197 3114 6197 3113 6198 3114 6198 3189 6198 3205 6199 3206 6199 3134 6199 3207 6200 3208 6200 3142 6200 3134 6201 3133 6201 3209 6201 3128 6202 3210 6202 3129 6202 3126 6203 3211 6203 3127 6203 3127 6204 3211 6204 3128 6204 3128 6205 3211 6205 3210 6205 3212 6206 3129 6206 3210 6206 3213 6207 3214 6207 3131 6207 3133 6208 3215 6208 3209 6208 3209 6209 3216 6209 3217 6209 3130 6210 3218 6210 3131 6210 3131 6211 3218 6211 3219 6211 3131 6212 3214 6212 3132 6212 3217 6213 3220 6213 3218 6213 3215 6214 3216 6214 3209 6214 3209 6215 3217 6215 3218 6215 3218 6216 3220 6216 3219 6216 3132 6217 3214 6217 3221 6217 3131 6218 3219 6218 3213 6218 3132 6219 3221 6219 3222 6219 3132 6220 3222 6220 3133 6220 3133 6221 3222 6221 3215 6221 3134 6222 3206 6222 3135 6222 3135 6223 3206 6223 3223 6223 3137 6224 3224 6224 3138 6224 3138 6225 3224 6225 3225 6225 3138 6226 3225 6226 3139 6226 3226 6227 3139 6227 3225 6227 3227 6228 3140 6228 3139 6228 3227 6229 3139 6229 3226 6229 3140 6230 3227 6230 3228 6230 3229 6231 3142 6231 3141 6231 3140 6232 3228 6232 3141 6232 3141 6233 3228 6233 3229 6233 3143 6234 3142 6234 3208 6234 3143 6235 3208 6235 3144 6235 3208 6236 3230 6236 3144 6236 3230 6237 3231 6237 3144 6237 3144 6238 3231 6238 3145 6238 3231 6239 3232 6239 3145 6239 3145 6240 3232 6240 3146 6240 3146 6241 3232 6241 3233 6241 3146 6242 3233 6242 3147 6242 3147 6243 3233 6243 3126 6243 3126 6244 3233 6244 3234 6244 3235 6245 3207 6245 3142 6245 3236 6246 3237 6246 3235 6246 3235 6247 3237 6247 3207 6247 3236 6248 3238 6248 3237 6248 3237 6249 3238 6249 3234 6249 3234 6250 3238 6250 3126 6250 3126 6251 3238 6251 3239 6251 3240 6252 3142 6252 3241 6252 3142 6253 3240 6253 3242 6253 3142 6254 3242 6254 3243 6254 3142 6255 3243 6255 3235 6255 3142 6256 3229 6256 3241 6256 3244 6257 3224 6257 3137 6257 3241 6258 3229 6258 3245 6258 3241 6259 3245 6259 3246 6259 3246 6260 3245 6260 3244 6260 3244 6261 3247 6261 3246 6261 3137 6262 3248 6262 3244 6262 3244 6263 3248 6263 3247 6263 3135 6264 3223 6264 3136 6264 3136 6265 3223 6265 3249 6265 3136 6266 3249 6266 3137 6266 3137 6267 3249 6267 3250 6267 3251 6268 3252 6268 3253 6268 3253 6269 3252 6269 3254 6269 3253 6270 3254 6270 3255 6270 3253 6271 3255 6271 3250 6271 3255 6272 3256 6272 3250 6272 3250 6273 3256 6273 3137 6273 3137 6274 3256 6274 3248 6274 3257 6275 3218 6275 3258 6275 3218 6276 3257 6276 3259 6276 3218 6277 3259 6277 3209 6277 3209 6278 3259 6278 3260 6278 3209 6279 3260 6279 3252 6279 3252 6280 3251 6280 3209 6280 3126 6281 3261 6281 3211 6281 3218 6282 3262 6282 3258 6282 3258 6283 3262 6283 3263 6283 3258 6284 3263 6284 3264 6284 3264 6285 3263 6285 3261 6285 3264 6286 3261 6286 3265 6286 3239 6287 3265 6287 3126 6287 3126 6288 3265 6288 3261 6288 3209 6289 3205 6289 3134 6289 3212 6290 3266 6290 3129 6290 3129 6291 3266 6291 3130 6291 3130 6292 3266 6292 3218 6292 3170 6293 3267 6293 3169 6293 3169 6294 3267 6294 3268 6294 3169 6295 3268 6295 3168 6295 3267 6296 3170 6296 3269 6296 3269 6297 3170 6297 3171 6297 3269 6298 3171 6298 3270 6298 3271 6299 3182 6299 3168 6299 3271 6300 3168 6300 3268 6300 3182 6301 3271 6301 3272 6301 3272 6302 3181 6302 3182 6302 3273 6303 3180 6303 3181 6303 3273 6304 3181 6304 3272 6304 3180 6305 3273 6305 3179 6305 3179 6306 3273 6306 3274 6306 3274 6307 3178 6307 3179 6307 3275 6308 3178 6308 3274 6308 3178 6309 3275 6309 3177 6309 3177 6310 3275 6310 3276 6310 3277 6311 3175 6311 3176 6311 3277 6312 3176 6312 3276 6312 3276 6313 3176 6313 3177 6313 3278 6314 3175 6314 3277 6314 3175 6315 3278 6315 3279 6315 3175 6316 3279 6316 3174 6316 3174 6317 3279 6317 3280 6317 3174 6318 3280 6318 3173 6318 3173 6319 3280 6319 3172 6319 3280 6320 3281 6320 3172 6320 3172 6321 3281 6321 3270 6321 3270 6322 3171 6322 3172 6322 3282 6323 3188 6323 3283 6323 3283 6324 3188 6324 3203 6324 3283 6325 3203 6325 3284 6325 3284 6326 3203 6326 3204 6326 3284 6327 3204 6327 3285 6327 3285 6328 3204 6328 3286 6328 3286 6329 3204 6329 3195 6329 3286 6330 3195 6330 3287 6330 3287 6331 3195 6331 3194 6331 3287 6332 3194 6332 3288 6332 3288 6333 3194 6333 3196 6333 3288 6334 3196 6334 3289 6334 3289 6335 3196 6335 3198 6335 3289 6336 3198 6336 3290 6336 3198 6337 3197 6337 3290 6337 3290 6338 3197 6338 3291 6338 3291 6339 3197 6339 3199 6339 3291 6340 3199 6340 3292 6340 3292 6341 3199 6341 3200 6341 3292 6342 3200 6342 3201 6342 3292 6343 3201 6343 3293 6343 3293 6344 3201 6344 3191 6344 3293 6345 3191 6345 3294 6345 3294 6346 3191 6346 3190 6346 3294 6347 3190 6347 3295 6347 3295 6348 3190 6348 3193 6348 3295 6349 3193 6349 3296 6349 3296 6350 3193 6350 3183 6350 3296 6351 3183 6351 3297 6351 3297 6352 3183 6352 3282 6352 3282 6353 3183 6353 3186 6353 3282 6354 3186 6354 3188 6354 3298 6355 3215 6355 3222 6355 3298 6356 3222 6356 3299 6356 3299 6357 3222 6357 3221 6357 3299 6358 3221 6358 3300 6358 3300 6359 3221 6359 3214 6359 3300 6360 3214 6360 3301 6360 3301 6361 3214 6361 3302 6361 3302 6362 3214 6362 3213 6362 3302 6363 3213 6363 3219 6363 3302 6364 3219 6364 3303 6364 3303 6365 3219 6365 3304 6365 3304 6366 3219 6366 3220 6366 3304 6367 3220 6367 3305 6367 3305 6368 3220 6368 3217 6368 3305 6369 3217 6369 3306 6369 3306 6370 3217 6370 3307 6370 3307 6371 3217 6371 3216 6371 3307 6372 3216 6372 3308 6372 3308 6373 3216 6373 3215 6373 3308 6374 3215 6374 3298 6374 3309 6375 3248 6375 3256 6375 3309 6376 3256 6376 3310 6376 3310 6377 3256 6377 3311 6377 3311 6378 3256 6378 3255 6378 3311 6379 3255 6379 3312 6379 3312 6380 3255 6380 3254 6380 3312 6381 3254 6381 3313 6381 3313 6382 3254 6382 3252 6382 3313 6383 3252 6383 3314 6383 3314 6384 3252 6384 3260 6384 3314 6385 3260 6385 3315 6385 3315 6386 3260 6386 3259 6386 3315 6387 3259 6387 3316 6387 3316 6388 3259 6388 3257 6388 3316 6389 3257 6389 3317 6389 3317 6390 3257 6390 3258 6390 3317 6391 3258 6391 3318 6391 3318 6392 3258 6392 3319 6392 3319 6393 3258 6393 3264 6393 3319 6394 3264 6394 3320 6394 3320 6395 3264 6395 3265 6395 3320 6396 3265 6396 3321 6396 3321 6397 3265 6397 3239 6397 3321 6398 3239 6398 3322 6398 3322 6399 3239 6399 3323 6399 3323 6400 3239 6400 3238 6400 3323 6401 3238 6401 3324 6401 3324 6402 3238 6402 3236 6402 3324 6403 3236 6403 3325 6403 3325 6404 3236 6404 3235 6404 3325 6405 3235 6405 3326 6405 3326 6406 3235 6406 3327 6406 3327 6407 3235 6407 3243 6407 3327 6408 3243 6408 3328 6408 3328 6409 3243 6409 3242 6409 3328 6410 3242 6410 3329 6410 3329 6411 3242 6411 3330 6411 3330 6412 3242 6412 3240 6412 3330 6413 3240 6413 3331 6413 3331 6414 3240 6414 3241 6414 3331 6415 3241 6415 3332 6415 3332 6416 3241 6416 3333 6416 3333 6417 3241 6417 3246 6417 3333 6418 3246 6418 3334 6418 3334 6419 3246 6419 3247 6419 3334 6420 3247 6420 3248 6420 3334 6421 3248 6421 3309 6421 3335 6422 3223 6422 3206 6422 3335 6423 3206 6423 3336 6423 3336 6424 3206 6424 3205 6424 3336 6425 3205 6425 3337 6425 3337 6426 3205 6426 3338 6426 3338 6427 3205 6427 3209 6427 3338 6428 3209 6428 3251 6428 3338 6429 3251 6429 3339 6429 3339 6430 3251 6430 3253 6430 3339 6431 3253 6431 3340 6431 3340 6432 3253 6432 3250 6432 3340 6433 3250 6433 3341 6433 3341 6434 3250 6434 3249 6434 3341 6435 3249 6435 3342 6435 3342 6436 3249 6436 3223 6436 3342 6437 3223 6437 3335 6437 3343 6438 3225 6438 3344 6438 3344 6439 3225 6439 3224 6439 3344 6440 3224 6440 3345 6440 3345 6441 3224 6441 3346 6441 3346 6442 3224 6442 3244 6442 3346 6443 3244 6443 3347 6443 3347 6444 3244 6444 3245 6444 3347 6445 3245 6445 3348 6445 3348 6446 3245 6446 3229 6446 3348 6447 3229 6447 3349 6447 3349 6448 3229 6448 3228 6448 3349 6449 3228 6449 3350 6449 3350 6450 3228 6450 3227 6450 3350 6451 3227 6451 3351 6451 3351 6452 3227 6452 3226 6452 3351 6453 3226 6453 3343 6453 3343 6454 3226 6454 3225 6454 3352 6455 3207 6455 3353 6455 3353 6456 3207 6456 3237 6456 3353 6457 3237 6457 3354 6457 3354 6458 3237 6458 3355 6458 3355 6459 3237 6459 3234 6459 3355 6460 3234 6460 3356 6460 3356 6461 3234 6461 3233 6461 3356 6462 3233 6462 3357 6462 3357 6463 3233 6463 3232 6463 3357 6464 3232 6464 3358 6464 3358 6465 3232 6465 3231 6465 3358 6466 3231 6466 3359 6466 3359 6467 3231 6467 3230 6467 3359 6468 3230 6468 3360 6468 3360 6469 3230 6469 3208 6469 3360 6470 3208 6470 3352 6470 3352 6471 3208 6471 3207 6471 3361 6472 3262 6472 3218 6472 3361 6473 3218 6473 3362 6473 3362 6474 3218 6474 3266 6474 3362 6475 3266 6475 3363 6475 3363 6476 3266 6476 3364 6476 3364 6477 3266 6477 3212 6477 3364 6478 3212 6478 3210 6478 3364 6479 3210 6479 3365 6479 3365 6480 3210 6480 3211 6480 3365 6481 3211 6481 3366 6481 3366 6482 3211 6482 3261 6482 3366 6483 3261 6483 3367 6483 3367 6484 3261 6484 3263 6484 3367 6485 3263 6485 3368 6485 3368 6486 3263 6486 3262 6486 3368 6487 3262 6487 3361 6487 3274 6488 3273 6488 3369 6488 3370 6489 3268 6489 3371 6489 3371 6490 3268 6490 3267 6490 3371 6491 3267 6491 3372 6491 3372 6492 3267 6492 3373 6492 3372 6493 3373 6493 3374 6493 3369 6494 3273 6494 3375 6494 3273 6495 3272 6495 3376 6495 3376 6496 3272 6496 3377 6496 3377 6497 3272 6497 3271 6497 3377 6498 3271 6498 3370 6498 3370 6499 3271 6499 3268 6499 3378 6500 3274 6500 3369 6500 3375 6501 3273 6501 3376 6501 3379 6502 3374 6502 3373 6502 3374 6503 3379 6503 3380 6503 3380 6504 3379 6504 3381 6504 3380 6505 3381 6505 3382 6505 3382 6506 3381 6506 3383 6506 3382 6507 3383 6507 3384 6507 3382 6508 3384 6508 3385 6508 3385 6509 3384 6509 3386 6509 3385 6510 3386 6510 3387 6510 3387 6511 3386 6511 3388 6511 3387 6512 3388 6512 3389 6512 3389 6513 3388 6513 3390 6513 3389 6514 3390 6514 3391 6514 3391 6515 3390 6515 3276 6515 3391 6516 3276 6516 3378 6516 3378 6517 3276 6517 3275 6517 3378 6518 3275 6518 3274 6518 3386 6519 3279 6519 3278 6519 3386 6520 3278 6520 3388 6520 3276 6521 3390 6521 3277 6521 3388 6522 3277 6522 3390 6522 3388 6523 3278 6523 3277 6523 3279 6524 3386 6524 3384 6524 3279 6525 3384 6525 3280 6525 3280 6526 3384 6526 3383 6526 3280 6527 3383 6527 3381 6527 3280 6528 3381 6528 3281 6528 3281 6529 3381 6529 3270 6529 3270 6530 3381 6530 3379 6530 3270 6531 3379 6531 3373 6531 3270 6532 3373 6532 3269 6532 3373 6533 3267 6533 3269 6533 3291 6534 3392 6534 3290 6534 3292 6535 3392 6535 3291 6535 3393 6536 3392 6536 3292 6536 3293 6537 3393 6537 3292 6537 3293 6538 3394 6538 3393 6538 3295 6539 3394 6539 3294 6539 3294 6540 3394 6540 3293 6540 3395 6541 3394 6541 3295 6541 3295 6542 3296 6542 3395 6542 3395 6543 3296 6543 3297 6543 3395 6544 3297 6544 3282 6544 3395 6545 3282 6545 3396 6545 3283 6546 3396 6546 3282 6546 3284 6547 3396 6547 3283 6547 3397 6548 3396 6548 3284 6548 3285 6549 3397 6549 3284 6549 3285 6550 3398 6550 3397 6550 3287 6551 3398 6551 3286 6551 3286 6552 3398 6552 3285 6552 3399 6553 3398 6553 3287 6553 3289 6554 3399 6554 3288 6554 3288 6555 3399 6555 3287 6555 3290 6556 3392 6556 3399 6556 3290 6557 3399 6557 3289 6557 3400 6558 3298 6558 3401 6558 3401 6559 3298 6559 3299 6559 3401 6560 3299 6560 3402 6560 3402 6561 3299 6561 3300 6561 3402 6562 3300 6562 3403 6562 3403 6563 3300 6563 3301 6563 3403 6564 3301 6564 3404 6564 3404 6565 3301 6565 3302 6565 3404 6566 3302 6566 3405 6566 3405 6567 3302 6567 3303 6567 3405 6568 3303 6568 3406 6568 3406 6569 3303 6569 3304 6569 3406 6570 3304 6570 3407 6570 3407 6571 3304 6571 3305 6571 3407 6572 3305 6572 3408 6572 3408 6573 3305 6573 3306 6573 3408 6574 3306 6574 3409 6574 3409 6575 3306 6575 3307 6575 3409 6576 3307 6576 3410 6576 3410 6577 3307 6577 3308 6577 3410 6578 3308 6578 3400 6578 3400 6579 3308 6579 3298 6579 3411 6580 3309 6580 3310 6580 3411 6581 3310 6581 3412 6581 3412 6582 3310 6582 3413 6582 3310 6583 3311 6583 3413 6583 3413 6584 3311 6584 3312 6584 3413 6585 3312 6585 3414 6585 3414 6586 3312 6586 3313 6586 3414 6587 3313 6587 3415 6587 3313 6588 3314 6588 3415 6588 3415 6589 3314 6589 3315 6589 3415 6590 3315 6590 3416 6590 3416 6591 3315 6591 3316 6591 3416 6592 3316 6592 3417 6592 3417 6593 3316 6593 3317 6593 3417 6594 3317 6594 3418 6594 3317 6595 3318 6595 3418 6595 3418 6596 3318 6596 3419 6596 3318 6597 3319 6597 3419 6597 3419 6598 3319 6598 3320 6598 3419 6599 3320 6599 3420 6599 3420 6600 3320 6600 3421 6600 3320 6601 3321 6601 3421 6601 3421 6602 3321 6602 3322 6602 3421 6603 3322 6603 3422 6603 3422 6604 3322 6604 3323 6604 3422 6605 3323 6605 3423 6605 3323 6606 3324 6606 3423 6606 3423 6607 3324 6607 3424 6607 3424 6608 3324 6608 3325 6608 3424 6609 3325 6609 3425 6609 3325 6610 3326 6610 3425 6610 3326 6611 3327 6611 3425 6611 3425 6612 3327 6612 3426 6612 3426 6613 3327 6613 3328 6613 3426 6614 3328 6614 3427 6614 3427 6615 3328 6615 3329 6615 3427 6616 3329 6616 3428 6616 3329 6617 3330 6617 3428 6617 3428 6618 3330 6618 3429 6618 3429 6619 3330 6619 3331 6619 3429 6620 3331 6620 3332 6620 3429 6621 3332 6621 3430 6621 3332 6622 3333 6622 3430 6622 3430 6623 3333 6623 3431 6623 3431 6624 3333 6624 3334 6624 3431 6625 3334 6625 3432 6625 3432 6626 3334 6626 3309 6626 3432 6627 3309 6627 3411 6627 3433 6628 3335 6628 3434 6628 3434 6629 3335 6629 3336 6629 3434 6630 3336 6630 3435 6630 3435 6631 3336 6631 3436 6631 3436 6632 3336 6632 3337 6632 3436 6633 3337 6633 3437 6633 3437 6634 3337 6634 3338 6634 3437 6635 3338 6635 3438 6635 3438 6636 3338 6636 3339 6636 3438 6637 3339 6637 3439 6637 3439 6638 3339 6638 3340 6638 3439 6639 3340 6639 3440 6639 3440 6640 3340 6640 3341 6640 3440 6641 3341 6641 3441 6641 3441 6642 3341 6642 3342 6642 3441 6643 3342 6643 3433 6643 3433 6644 3342 6644 3335 6644 3442 6645 3343 6645 3443 6645 3443 6646 3343 6646 3344 6646 3443 6647 3344 6647 3444 6647 3444 6648 3344 6648 3345 6648 3444 6649 3345 6649 3346 6649 3444 6650 3346 6650 3445 6650 3445 6651 3346 6651 3347 6651 3445 6652 3347 6652 3446 6652 3446 6653 3347 6653 3447 6653 3447 6654 3347 6654 3348 6654 3447 6655 3348 6655 3349 6655 3447 6656 3349 6656 3448 6656 3448 6657 3349 6657 3350 6657 3448 6658 3350 6658 3449 6658 3449 6659 3350 6659 3351 6659 3449 6660 3351 6660 3450 6660 3450 6661 3351 6661 3343 6661 3450 6662 3343 6662 3442 6662 3451 6663 3352 6663 3452 6663 3452 6646 3352 6646 3353 6646 3452 6664 3353 6664 3453 6664 3453 6665 3353 6665 3354 6665 3453 6666 3354 6666 3355 6666 3453 6667 3355 6667 3454 6667 3454 6668 3355 6668 3356 6668 3454 6669 3356 6669 3455 6669 3455 6670 3356 6670 3456 6670 3456 6671 3356 6671 3357 6671 3456 6672 3357 6672 3457 6672 3457 6673 3357 6673 3358 6673 3457 6674 3358 6674 3458 6674 3458 6675 3358 6675 3359 6675 3458 6676 3359 6676 3459 6676 3459 6677 3359 6677 3360 6677 3459 6678 3360 6678 3460 6678 3460 6679 3360 6679 3352 6679 3460 6680 3352 6680 3451 6680 3461 6681 3361 6681 3462 6681 3462 6682 3361 6682 3362 6682 3462 6683 3362 6683 3463 6683 3463 6684 3362 6684 3464 6684 3464 6685 3362 6685 3363 6685 3464 6686 3363 6686 3465 6686 3465 6687 3363 6687 3364 6687 3465 6688 3364 6688 3466 6688 3466 6689 3364 6689 3365 6689 3466 6690 3365 6690 3467 6690 3467 6691 3365 6691 3366 6691 3467 6692 3366 6692 3468 6692 3468 6693 3366 6693 3367 6693 3468 6694 3367 6694 3469 6694 3469 6695 3367 6695 3368 6695 3469 6696 3368 6696 3461 6696 3461 6697 3368 6697 3361 6697 3470 6698 3370 6698 3371 6698 3470 6699 3371 6699 3471 6699 3471 6700 3371 6700 3472 6700 3472 6701 3371 6701 3372 6701 3472 6702 3372 6702 3473 6702 3473 6703 3372 6703 3374 6703 3473 6704 3374 6704 3474 6704 3474 6705 3374 6705 3380 6705 3474 6706 3380 6706 3475 6706 3475 6707 3380 6707 3382 6707 3475 6708 3382 6708 3385 6708 3475 6709 3385 6709 3476 6709 3476 6710 3385 6710 3477 6710 3385 6711 3387 6711 3477 6711 3477 6712 3387 6712 3389 6712 3477 6713 3389 6713 3478 6713 3478 6714 3389 6714 3391 6714 3478 6715 3391 6715 3479 6715 3479 6716 3391 6716 3378 6716 3479 6717 3378 6717 3480 6717 3480 6718 3378 6718 3369 6718 3480 6719 3369 6719 3481 6719 3481 6720 3369 6720 3375 6720 3481 6721 3375 6721 3482 6721 3482 6722 3375 6722 3376 6722 3482 6723 3376 6723 3483 6723 3483 6724 3376 6724 3377 6724 3483 6725 3377 6725 3484 6725 3484 6726 3377 6726 3470 6726 3470 6727 3377 6727 3370 6727 3485 6728 3398 6728 3486 6728 3393 6729 3394 6729 3487 6729 3487 6730 3394 6730 3488 6730 3486 6731 3398 6731 3399 6731 3486 6732 3399 6732 3489 6732 3485 6733 3397 6733 3398 6733 3490 6734 3392 6734 3393 6734 3491 6735 3392 6735 3490 6735 3489 6736 3399 6736 3392 6736 3489 6737 3392 6737 3491 6737 3488 6738 3394 6738 3395 6738 3488 6739 3395 6739 3492 6739 3493 6740 3396 6740 3397 6740 3494 6741 3396 6741 3493 6741 3492 6742 3395 6742 3396 6742 3492 6743 3396 6743 3494 6743 3404 0 3408 0 3403 0 3409 0 3403 0 3408 0 3409 0 3402 0 3403 0 3404 0 3407 0 3408 0 3409 0 3401 0 3402 0 3409 0 3410 0 3401 0 3401 0 3410 0 3400 0 3404 0 3405 0 3406 0 3404 0 3406 0 3407 0 3427 6744 3428 6744 3422 6744 3422 6745 3428 6745 3421 6745 3414 0 3415 0 3428 0 3428 0 3415 0 3416 0 3416 0 3417 0 3428 0 3428 0 3417 0 3418 0 3411 6746 3428 6746 3429 6746 3428 0 3413 0 3414 0 3428 0 3418 0 3419 0 3419 0 3420 0 3428 0 3428 0 3420 0 3421 0 3428 6747 3411 6747 3412 6747 3428 0 3412 0 3413 0 3425 6748 3422 6748 3424 6748 3424 6749 3422 6749 3423 6749 3425 6750 3426 6750 3422 6750 3422 6751 3426 6751 3427 6751 3411 6752 3429 6752 3430 6752 3430 6753 3431 6753 3411 6753 3411 6754 3431 6754 3432 6754 3436 0 3440 0 3435 0 3440 0 3436 0 3437 0 3435 0 3440 0 3441 0 3435 0 3441 0 3434 0 3440 0 3437 0 3438 0 3440 0 3438 0 3439 0 3434 0 3441 0 3433 0 3449 0 3444 0 3448 0 3448 0 3444 0 3445 0 3444 0 3449 0 3450 0 3442 0 3443 0 3450 0 3448 0 3445 0 3446 0 3448 0 3446 0 3447 0 3444 0 3450 0 3443 0 3458 0 3453 0 3454 0 3452 0 3453 0 3458 0 3451 0 3459 0 3460 0 3459 0 3451 0 3458 0 3458 0 3451 0 3452 0 3457 0 3455 0 3456 0 3458 0 3454 0 3457 0 3457 0 3454 0 3455 0 3464 0 3468 0 3463 0 3468 0 3464 0 3465 0 3463 0 3468 0 3469 0 3463 0 3469 0 3462 0 3468 0 3465 0 3466 0 3468 0 3466 0 3467 0 3462 0 3469 0 3461 0 3476 6755 3495 6755 3475 6755 3475 6756 3495 6756 3496 6756 3475 6757 3496 6757 3474 6757 3474 6758 3496 6758 3497 6758 3474 6759 3497 6759 3473 6759 3473 6760 3497 6760 3472 6760 3472 6761 3497 6761 3471 6761 3471 6762 3497 6762 3498 6762 3471 6763 3498 6763 3470 6763 3476 6764 3477 6764 3495 6764 3495 6765 3477 6765 3499 6765 3499 6766 3477 6766 3478 6766 3499 6767 3478 6767 3479 6767 3499 6768 3479 6768 3500 6768 3500 6769 3479 6769 3480 6769 3500 6770 3480 6770 3481 6770 3500 6771 3481 6771 3482 6771 3500 6772 3482 6772 3483 6772 3500 6773 3483 6773 3501 6773 3501 6774 3483 6774 3484 6774 3501 6775 3484 6775 3498 6775 3470 6776 3498 6776 3484 6776 3502 6777 3494 6777 3503 6777 3503 6778 3494 6778 3493 6778 3503 6779 3493 6779 3504 6779 3504 6780 3493 6780 3505 6780 3505 6781 3493 6781 3397 6781 3505 6782 3397 6782 3506 6782 3506 6783 3397 6783 3485 6783 3506 6784 3485 6784 3507 6784 3507 6785 3485 6785 3486 6785 3507 6786 3486 6786 3508 6786 3508 6787 3486 6787 3509 6787 3509 6788 3486 6788 3489 6788 3509 6789 3489 6789 3510 6789 3489 6790 3491 6790 3510 6790 3510 6791 3491 6791 3511 6791 3511 6792 3491 6792 3490 6792 3511 6793 3490 6793 3512 6793 3512 6794 3490 6794 3513 6794 3513 6795 3490 6795 3393 6795 3513 6796 3393 6796 3514 6796 3514 6797 3393 6797 3487 6797 3514 6798 3487 6798 3515 6798 3515 6799 3487 6799 3488 6799 3515 6800 3488 6800 3516 6800 3516 6801 3488 6801 3517 6801 3517 6802 3488 6802 3492 6802 3517 6803 3492 6803 3502 6803 3502 6804 3492 6804 3494 6804 3518 6805 3498 6805 3519 6805 3519 6806 3498 6806 3497 6806 3519 6807 3497 6807 3520 6807 3520 6808 3497 6808 3521 6808 3521 6809 3497 6809 3522 6809 3522 6810 3497 6810 3496 6810 3522 6811 3496 6811 3523 6811 3523 6812 3496 6812 3524 6812 3524 6813 3496 6813 3495 6813 3524 6814 3495 6814 3525 6814 3525 6815 3495 6815 3499 6815 3525 6816 3499 6816 3526 6816 3526 6817 3499 6817 3500 6817 3526 6818 3500 6818 3527 6818 3527 6819 3500 6819 3528 6819 3528 6820 3500 6820 3501 6820 3528 6821 3501 6821 3529 6821 3529 6822 3501 6822 3518 6822 3518 6823 3501 6823 3498 6823 3530 6824 3518 6824 3531 6824 3531 6825 3518 6825 3519 6825 3531 6826 3519 6826 3532 6826 3532 6827 3519 6827 3533 6827 3533 6828 3519 6828 3520 6828 3533 6829 3520 6829 3534 6829 3534 6830 3520 6830 3521 6830 3534 6831 3521 6831 3535 6831 3535 6832 3521 6832 3522 6832 3535 6833 3522 6833 3536 6833 3536 6834 3522 6834 3523 6834 3536 6835 3523 6835 3537 6835 3537 6836 3523 6836 3524 6836 3537 6837 3524 6837 3538 6837 3524 6838 3525 6838 3538 6838 3538 6839 3525 6839 3539 6839 3539 6840 3525 6840 3540 6840 3540 6841 3525 6841 3526 6841 3540 6842 3526 6842 3541 6842 3541 6843 3526 6843 3542 6843 3542 6844 3526 6844 3527 6844 3542 6845 3527 6845 3543 6845 3543 6846 3527 6846 3528 6846 3543 6847 3528 6847 3544 6847 3544 6848 3528 6848 3545 6848 3545 6849 3528 6849 3529 6849 3545 6850 3529 6850 3530 6850 3530 6851 3529 6851 3518 6851 3510 6852 3546 6852 3509 6852 3509 6853 3546 6853 3508 6853 3508 6854 3546 6854 3547 6854 3508 6855 3547 6855 3507 6855 3507 6856 3547 6856 3548 6856 3507 6857 3548 6857 3506 6857 3506 6858 3548 6858 3549 6858 3506 6859 3549 6859 3505 6859 3505 6860 3549 6860 3504 6860 3504 6861 3549 6861 3550 6861 3504 6862 3550 6862 3503 6862 3503 6863 3550 6863 3502 6863 3502 6864 3550 6864 3551 6864 3502 6865 3551 6865 3517 6865 3517 6866 3551 6866 3552 6866 3517 6867 3552 6867 3516 6867 3516 6868 3552 6868 3515 6868 3515 6869 3552 6869 3553 6869 3515 6870 3553 6870 3514 6870 3514 6871 3553 6871 3554 6871 3514 6872 3554 6872 3513 6872 3513 6873 3554 6873 3512 6873 3512 6874 3554 6874 3555 6874 3512 6875 3555 6875 3511 6875 3511 6876 3555 6876 3510 6876 3510 6877 3555 6877 3546 6877 3556 6878 3550 6878 3557 6878 3557 6879 3550 6879 3558 6879 3558 6880 3550 6880 3549 6880 3558 6881 3549 6881 3559 6881 3559 6882 3549 6882 3548 6882 3559 6883 3548 6883 3560 6883 3560 6884 3548 6884 3547 6884 3560 6885 3547 6885 3561 6885 3561 6885 3547 6885 3546 6885 3561 6886 3546 6886 3562 6886 3562 6887 3546 6887 3555 6887 3562 6888 3555 6888 3563 6888 3563 6889 3555 6889 3554 6889 3563 6885 3554 6885 3564 6885 3564 6885 3554 6885 3553 6885 3564 6885 3553 6885 3565 6885 3565 6885 3553 6885 3552 6885 3565 6885 3552 6885 3551 6885 3565 6890 3551 6890 3556 6890 3556 6891 3551 6891 3550 6891 3538 6892 3566 6892 3537 6892 3537 6893 3566 6893 3536 6893 3536 6894 3566 6894 3567 6894 3536 6895 3567 6895 3535 6895 3535 6896 3567 6896 3534 6896 3534 6897 3567 6897 3568 6897 3534 6898 3568 6898 3533 6898 3533 6899 3568 6899 3569 6899 3533 6900 3569 6900 3532 6900 3532 6901 3569 6901 3531 6901 3531 6902 3569 6902 3570 6902 3531 6903 3570 6903 3530 6903 3530 6904 3570 6904 3545 6904 3545 6905 3570 6905 3571 6905 3545 6906 3571 6906 3544 6906 3544 6907 3571 6907 3572 6907 3544 6908 3572 6908 3543 6908 3543 6909 3572 6909 3573 6909 3543 6910 3573 6910 3542 6910 3542 6911 3573 6911 3574 6911 3542 6912 3574 6912 3541 6912 3541 6913 3574 6913 3575 6913 3541 6914 3575 6914 3540 6914 3540 6915 3575 6915 3539 6915 3539 6916 3575 6916 3576 6916 3539 6917 3576 6917 3538 6917 3538 6918 3576 6918 3566 6918 3577 6919 3556 6919 3557 6919 3577 6920 3557 6920 3578 6920 3578 6921 3557 6921 3558 6921 3578 6922 3558 6922 3579 6922 3579 6923 3558 6923 3559 6923 3579 6924 3559 6924 3580 6924 3580 6925 3559 6925 3560 6925 3580 6926 3560 6926 3581 6926 3581 6927 3560 6927 3561 6927 3581 6928 3561 6928 3582 6928 3582 6929 3561 6929 3583 6929 3561 6930 3562 6930 3583 6930 3583 6931 3562 6931 3584 6931 3584 6932 3562 6932 3563 6932 3584 6933 3563 6933 3585 6933 3585 6934 3563 6934 3564 6934 3585 6935 3564 6935 3586 6935 3586 6936 3564 6936 3565 6936 3586 6937 3565 6937 3587 6937 3587 6938 3565 6938 3556 6938 3587 6939 3556 6939 3577 6939 3588 6940 3570 6940 3589 6940 3589 6941 3570 6941 3569 6941 3589 6942 3569 6942 3590 6942 3590 6942 3569 6942 3568 6942 3590 6942 3568 6942 3591 6942 3591 6942 3568 6942 3567 6942 3591 6942 3567 6942 3592 6942 3592 6942 3567 6942 3566 6942 3592 6943 3566 6943 3593 6943 3593 6944 3566 6944 3576 6944 3593 6945 3576 6945 3594 6945 3594 6946 3576 6946 3575 6946 3594 6942 3575 6942 3595 6942 3595 6942 3575 6942 3574 6942 3595 6942 3574 6942 3573 6942 3595 6942 3573 6942 3596 6942 3596 6942 3573 6942 3572 6942 3596 6942 3572 6942 3571 6942 3596 6947 3571 6947 3588 6947 3588 6948 3571 6948 3570 6948 3597 6949 3588 6949 3589 6949 3597 6950 3589 6950 3598 6950 3598 6951 3589 6951 3599 6951 3599 6952 3589 6952 3590 6952 3599 6953 3590 6953 3600 6953 3600 6954 3590 6954 3591 6954 3600 6955 3591 6955 3601 6955 3601 6956 3591 6956 3592 6956 3601 6957 3592 6957 3602 6957 3602 6958 3592 6958 3603 6958 3592 6959 3593 6959 3603 6959 3603 6960 3593 6960 3594 6960 3603 6961 3594 6961 3604 6961 3604 6962 3594 6962 3605 6962 3605 6963 3594 6963 3595 6963 3605 6964 3595 6964 3606 6964 3606 6965 3595 6965 3596 6965 3606 6966 3596 6966 3607 6966 3607 6967 3596 6967 3588 6967 3607 6968 3588 6968 3597 6968 3583 6969 3608 6969 3582 6969 3582 6970 3608 6970 3609 6970 3582 6971 3609 6971 3581 6971 3581 6972 3609 6972 3610 6972 3581 6973 3610 6973 3580 6973 3580 6974 3610 6974 3611 6974 3580 6975 3611 6975 3579 6975 3579 6976 3611 6976 3612 6976 3579 6977 3612 6977 3578 6977 3578 6978 3612 6978 3613 6978 3578 6979 3613 6979 3577 6979 3577 6980 3613 6980 3614 6980 3577 6981 3614 6981 3587 6981 3587 6982 3614 6982 3615 6982 3587 6983 3615 6983 3586 6983 3586 6984 3615 6984 3616 6984 3586 6985 3616 6985 3617 6985 3586 6986 3617 6986 3585 6986 3585 6987 3617 6987 3618 6987 3585 6988 3618 6988 3584 6988 3584 6989 3618 6989 3619 6989 3584 6990 3619 6990 3583 6990 3583 6991 3619 6991 3608 6991 3603 6992 3620 6992 3602 6992 3602 6993 3620 6993 3621 6993 3602 6994 3621 6994 3601 6994 3601 6995 3621 6995 3622 6995 3601 6996 3622 6996 3600 6996 3600 6997 3622 6997 3623 6997 3600 6998 3623 6998 3599 6998 3599 6999 3623 6999 3598 6999 3598 7000 3623 7000 3624 7000 3598 7001 3624 7001 3625 7001 3598 7002 3625 7002 3597 7002 3597 7003 3625 7003 3626 7003 3597 7004 3626 7004 3607 7004 3607 7005 3626 7005 3627 7005 3607 7006 3627 7006 3606 7006 3606 7007 3627 7007 3628 7007 3606 7008 3628 7008 3605 7008 3605 7009 3628 7009 3629 7009 3605 7010 3629 7010 3604 7010 3604 7011 3629 7011 3630 7011 3604 7012 3630 7012 3631 7012 3604 7013 3631 7013 3603 7013 3603 7014 3631 7014 3620 7014 3610 7015 3632 7015 3611 7015 3611 7016 3632 7016 3633 7016 3611 7017 3633 7017 3612 7017 3612 7018 3633 7018 3634 7018 3612 7019 3634 7019 3613 7019 3613 7020 3634 7020 3635 7020 3613 7021 3635 7021 3614 7021 3614 7022 3635 7022 3636 7022 3614 7023 3636 7023 3615 7023 3615 7024 3636 7024 3616 7024 3616 7025 3636 7025 3637 7025 3616 7026 3637 7026 3617 7026 3617 7027 3637 7027 3638 7027 3617 7028 3638 7028 3618 7028 3618 7029 3638 7029 3639 7029 3618 7030 3639 7030 3619 7030 3619 7031 3639 7031 3608 7031 3608 7032 3639 7032 3640 7032 3608 7033 3640 7033 3609 7033 3609 7034 3640 7034 3632 7034 3609 7035 3632 7035 3610 7035 3637 6885 3636 6885 3632 6885 3636 6885 3633 6885 3632 6885 3632 6885 3640 6885 3637 6885 3637 6885 3640 6885 3638 6885 3633 6885 3636 6885 3634 6885 3634 6885 3636 6885 3635 6885 3638 6885 3640 6885 3639 6885 3628 7036 3641 7036 3629 7036 3629 7037 3641 7037 3642 7037 3629 7038 3642 7038 3630 7038 3630 7039 3642 7039 3631 7039 3631 7040 3642 7040 3643 7040 3631 7041 3643 7041 3620 7041 3620 7042 3643 7042 3644 7042 3620 7043 3644 7043 3621 7043 3621 7044 3644 7044 3645 7044 3621 7045 3645 7045 3622 7045 3622 7046 3645 7046 3646 7046 3622 7047 3646 7047 3623 7047 3623 7048 3646 7048 3647 7048 3623 7049 3647 7049 3624 7049 3624 7050 3647 7050 3625 7050 3625 7051 3647 7051 3648 7051 3625 7052 3648 7052 3626 7052 3626 7053 3648 7053 3649 7053 3626 7054 3649 7054 3627 7054 3627 7055 3649 7055 3641 7055 3627 7056 3641 7056 3628 7056 3645 6942 3641 6942 3649 6942 3649 6942 3646 6942 3645 6942 3645 6942 3644 6942 3641 6942 3641 6942 3644 6942 3642 6942 3642 6942 3644 6942 3643 6942 3646 6942 3649 6942 3647 6942 3647 6942 3649 6942 3648 6942</p>
        </triangles>
      </mesh>
    </geometry>
  </library_geometries>
  <library_visual_scenes>
    <visual_scene id="DefaultScene">
      <node id="node_a549daa9_3d42_42ac_b0f8_ea494aec3e53" type="NODE">
        <matrix>1 0 0 0 0 1 0 0 0 0 1 0 0 0 0 1</matrix>
        <node id="node_59d4eae2_59ae_44e9_88f1_a092df4cfebc" type="NODE">
          <matrix>1 0 0 0 0 1 0 0 0 0 1 0 0 0 0 1</matrix>
          <node id="node_59d4eae2_59ae_44e9_88f1_a092df4cfebc_mesh0" type="NODE">
            <matrix>1 0 0 0 0 1 0 0 0 0 1 0 0 0 0 1</matrix>
            <instance_geometry url="#geometry_67b77518_844d_4f2e_a0b9_585ede89e8d5">
              <bind_material>
                <technique_common>
                  <instance_material symbol="mat_0" target="#mat_0"/>
                </technique_common>
              </bind_material>
            </instance_geometry>
          </node>
        </node>
      </node>
    </visual_scene>
  </library_visual_scenes>
  <scene>
    <instance_visual_scene url="#DefaultScene"/>
  </scene>
</COLLADA>
