<?xml version="1.0" encoding="UTF-8"?>
<COLLADA xmlns="http://www.collada.org/2005/11/COLLADASchema" version="1.4.1">
<!--
# File generated by ImageToStl.com - Free Image and 3D model conversion tools
-->
  <asset>
    <contributor>
      <author>ImageToStl.com</author>
      <authoring_tool>ImageToStl.com</authoring_tool>
    </contributor>
    <created>2026-09-30T02:04:27</created>
    <modified>2026-09-30T02:04:27</modified>
    <up_axis>Z_UP</up_axis>
  </asset>
  <library_effects>
    <effect id="effect_0">
        <profile_COMMON>
          <technique sid="common">
            <phong>
              <diffuse>
                <color>0.9 0.9 0.9 1</color>
              </diffuse>
              <specular>
                <color>0.05 0.05 0.05 1</color>
              </specular>
              <shininess>
                <float>64</float>
              </shininess>
            </phong>
          </technique>
        </profile_COMMON>
    </effect>
  </library_effects>
  <library_materials>
    <material id="mat_0">
      <instance_effect url="#effect_0"/>
    </material>
  </library_materials>
  <library_geometries>
    <geometry id="geometry_f7947acc_f9f1_4e12_b0fd_a186a19a1667">
      <mesh>
        <source id="pos_0">
          <float_array id="pos_0-array" count="4503">0.04848057 0.13646923 1.0572772 0.04871859 0.1233606 1.05633032 0.04659691 0.13522159 1.05581796 0.03945863 0.16646717 1.07804358 0.04457405 0.16083527 1.07168591 0.04454312 0.15279138 1.0631814 0.04726766 0.14978638 1.06214523 0.04153448 0.16700616 1.08140671 0.05264225 0.15766943 1.08697653 0.05266535 0.15456124 1.0849303 0.05257736 0.16176674 1.07564652 0.05267318 0.16569945 1.08357275 0.05265946 0.15434974 1.08123696 0.05212923 0.16192982 1.07475281 0.05491915 0.16101108 1.07387614 0.0579735 0.09807244 1.08636081 0.05882832 0.10072723 1.08350813 0.05898341 0.09838454 1.08736396 0.05826265 0.0997048 1.08295178 0.05998318 0.09557344 1.08751976 0.05997406 0.1311114 1.09511065 0.05970528 0.13824213 1.09470248 0.05971184 0.13983479 1.11324096 0.05976141 0.133681 1.11332035 0.05988077 0.12073638 1.11296034 0.05990207 0.12643141 1.1132977 0.0591849 0.14917426 1.08880448 0.05948664 0.14718953 1.09469855 0.06011536 0.12907554 1.08878183 0.05984705 0.11868124 1.0886991 0.06008415 0.12316364 1.10284829 0.05951199 0.11020959 1.08844364 0.05959256 0.11529468 1.11331809 0.05988483 0.11545268 1.10288453 0.05969629 0.11003986 1.11309695 0.05883433 0.13845563 1.07172847 0.0588191 0.1170487 1.07152867 0.05882085 0.15736465 1.10282564 0.05884222 0.15482453 1.08748877 0.05891464 0.15246259 1.08332837 0.05879606 0.09524833 1.10269296 0.05885354 0.10924655 1.12530065 0.05883372 0.14914933 1.12134218 0.05883449 0.12786578 1.13021553 0.06021321 0.0929734 1.10166407 0.05928933 0.13568857 1.13198638 0.05911434 0.13249122 1.13240004 0.05968618 0.13245964 1.13128471 0.06028102 0.13718238 1.13178086 0.06021344 0.1525875 1.12130296 0.06023682 0.16036859 1.10390437 0.06023286 0.11244497 1.1302923 0.06024773 0.09760068 1.11637521 0.06028008 0.08900781 1.10279584 0.06013815 0.09799299 1.07934904 0.05266587 0.09867653 1.08076108 0.0526832 0.0954215 1.08693087 0.05258543 0.09907849 1.08484054 0.05468056 0.09186317 1.07502532 0.05864982 0.09423582 1.0768168 0.05250279 0.09150225 1.07535386 0.05618633 0.09661798 1.06980383 0.06011403 0.11147324 1.06506741 0.05432633 0.10402773 1.06352401 0.05616372 0.11451161 1.05941784 0.05503734 0.12771019 1.05735421 0.05997723 0.13158505 1.06228781 0.05467851 0.15287462 1.06592393 0.0587165 0.1502291 1.06724167 0.05497206 0.14158574 1.0598278 0.06029136 0.15623973 1.07751215 0.05857481 0.15926816 1.07695103 0.06005583 0.1541125 1.08072317 0.06018989 0.09916895 1.08009529 0.0602201 0.122836 1.06724131 0.06024168 0.14214292 1.07084453 0.05820034 0.15377221 1.08311224 0.05811298 0.15511195 1.08610916 0.05996229 0.15783656 1.08746302 0.0599687 0.16164109 1.08596075 0.06013855 0.165209 1.10046923 0.06023819 0.13946219 1.13420677 0.06013821 0.15360965 1.12650776 0.05225874 0.16681731 1.08360958 0.05517001 0.16865279 1.08941793 0.05822037 0.1650196 1.08521605 0.05514004 0.1703905 1.10198033 0.0526508 0.13352482 1.1325134 0.05264089 0.13721044 1.13294077 0.05249511 0.14027184 1.14045119 0.05250407 0.13156866 1.14239395 0.05266545 0.1309904 1.13475919 0.05810323 0.14002751 1.13811696 0.05441886 0.14144067 1.14042974 0.05521042 0.15259892 1.13417435 0.05889906 0.1649145 1.11307406 0.05446638 0.1673021 1.11602879 0.05532287 0.16085543 1.12623906 0.06000391 0.13037336 1.13608205 0.05823471 0.13049169 1.14011836 0.05484796 0.1314573 1.14174104 0.05459541 0.12979735 1.14290142 0.06022743 0.11677879 1.13585436 0.05980032 0.09155098 1.08588481 0.06020227 0.0968382 1.12265944 0.05493937 0.08718346 1.1179769 0.05823097 0.09114133 1.12043297 0.05441197 0.09397241 1.12809372 0.05836337 0.10083541 1.13123345 0.05396882 0.10388955 1.13670802 0.05729988 0.11193433 1.13890982 0.05593982 0.08356102 1.10474896 0.05467025 0.11752079 1.14203644 0.05798562 0.0859327 1.09262538 0.05553151 0.08671843 1.08428824 0.05262799 0.08745904 1.08347929 0.04580528 0.09644914 1.06746888 0.04790191 0.10943892 1.05946589 0.04245212 0.08775476 1.07881606 0.0520959 0.0863611 1.08392525 0.04195137 0.09176601 1.07111526 0.04609944 0.11151202 1.05739355 0.03324941 0.08228296 1.09261382 0.02333107 0.08241071 1.11138487 0.02805052 0.17214879 1.10292053 0.0162556 0.16612673 1.12308252 0.0067943 0.15375914 1.13704133 0.01041131 0.09338203 1.13166356 0.00156679 0.13856149 1.14426398 0.00296384 0.10922139 1.14241505 0.00038965 0.1249076 1.14583313 0.03333817 0.17158405 1.10472441 0.0289952 0.1691785 1.11540151 0.01476425 0.13254356 1.14499915 0.01602259 0.14170624 1.14284885 0.01920208 0.15331843 1.13652802 0.02291678 0.16142243 1.12889469 0.03758797 0.17071968 1.09322977 0.02952658 0.08377059 1.11417627 0.0351239 0.08187258 1.09989262 0.01514241 0.11636338 1.1441834 0.01899013 0.10041282 1.13698435 0.024248 0.08995618 1.12613118 0.05392085 0.08339028 1.09393585 0.0392486 0.08379324 1.08852553 0.05559712 0.13791537 1.13710296 0.05546572 0.13316701 1.1384176 0.05534678 0.13505793 1.13553166 0.05559595 0.13186234 1.13560295 0.05559544 0.13520727 1.13320577 0.0525956 0.13247007 1.13712192 0.05259561 0.13544403 1.13847101 0.05259551 0.13414088 1.133641 0.05259558 0.13699532 1.13575017 0.04659578 0.13343734 1.13723493 0.04659578 0.13613187 1.13694763 0.04659578 0.13515867 1.13431573 -0.05480423 0.11068291 1.14122641 -0.0572864 0.12790684 1.1438607 -0.05721449 0.10212409 1.13549745 -0.05480423 0.09429113 1.12880397 -0.05718847 0.08710666 1.11661947 -0.05480466 0.08400066 1.10868144 -0.05718369 0.08520428 1.09256732 -0.05386253 0.08650927 1.08506787 -0.05726003 0.09372056 1.07478511 -0.05480423 0.0982959 1.06857896 -0.05719606 0.10915621 1.06247294 -0.05480423 0.11647484 1.05936992 -0.05589419 0.13060482 1.05827928 -0.05722762 0.16364758 1.1217047 -0.0572659 0.15257654 1.06715083 -0.05718087 0.16887334 1.10287249 -0.05722347 0.15093108 1.13561451 -0.05718087 0.16598213 1.08556616 -0.05480423 0.14642316 1.06287789 -0.05480423 0.16464695 1.07965207 -0.05480452 0.16925387 1.10755789 -0.05480423 0.16104609 1.12682641 -0.05384235 0.15409733 1.13482976 -0.05480423 0.13133223 1.14377809 -0.05236393 0.16998658 1.09687436 -0.05242795 0.16236395 1.07664263 -0.0524254 0.14806916 1.06329584 -0.05240766 0.12708171 1.05768335 -0.05238735 0.16545531 1.12043071 -0.05242546 0.13935032 1.14248645 -0.05241904 0.11326122 1.14268231 -0.05240015 0.08343132 1.10517168 -0.05236942 0.09223694 1.12724245 -0.05240395 0.10005234 1.06596351 -0.05225126 0.08454957 1.09088981 -0.05224644 0.11443686 1.14215136 -0.05228002 0.12905222 1.14404249 -0.05230549 0.12671809 1.0570457 -0.05225944 0.14404985 1.14036787 -0.05230397 0.0992991 1.06710136 -0.05224414 0.08494295 1.11175025 -0.05227342 0.10213849 1.13641191 -0.0522513 0.09156053 1.12593722 -0.05223801 0.1545964 1.13396561 -0.05230429 0.1661661 1.08333397 -0.05230402 0.15413715 1.06710136 -0.05222658 0.16982788 1.10335791 -0.0521682 0.16472259 1.12135291 0.03312895 0.17074488 1.09181094 0.03939481 0.16529894 1.07681596 0.02167604 0.16769084 1.07249725 -0.00761726 0.16951644 1.07482708 -0.01746709 0.16604704 1.05135679 -0.01913683 0.16526219 1.06046391 0.00580064 0.16974281 1.05144298 0.02100952 0.16500932 1.05132222 0.02610327 0.16332428 1.06347167 0.00745093 0.17038096 1.0790503 -0.02199789 0.16628629 1.07150483 0.02680108 0.17218189 1.10421181 -0.04114537 0.16776741 1.08691621 -0.04229569 0.16231191 1.07620263 -0.01713573 0.13639951 1.14495873 -0.0196283 0.12097295 1.14546108 -0.00492241 0.17082798 1.11132228 0.00433409 0.15034968 1.13971007 0.01048504 0.16136822 1.13060498 -0.00042833 0.1276678 1.14630115 0.01745066 0.16743195 1.12036192 -0.04311649 0.13164644 1.05743682 -0.04350697 0.15167737 1.06521499 -0.04119835 0.13663302 1.05137634 -0.04161104 0.12007058 1.05511308 -0.03248852 0.15349844 1.05185425 -0.03943051 0.14545809 1.05896485 -0.03248819 0.15833597 1.064803 0.01246445 0.08358371 1.07677853 0.01603879 0.08587123 1.06311846 0.02794386 0.08836633 1.06906509 0.0087539 0.08392632 1.05134308 -0.00344827 0.08338521 1.07892847 -0.00800159 0.08481433 1.05163169 -0.01935286 0.08797883 1.06328142 -0.02519129 0.0919987 1.05133045 -0.0202149 0.08590288 1.07482207 -0.00075528 0.0812593 1.10213363 0.03466231 0.08315673 1.08856928 0.02853465 0.08172177 1.10105431 -0.04170052 0.08576846 1.08679152 -0.04192805 0.09457144 1.07119441 -0.02840535 0.08797154 1.07461965 -0.04080706 0.10610656 1.06192887 -0.03763343 0.0984157 1.06531382 -0.02786102 0.09432979 1.05795634 -0.03748066 0.10796493 1.05249476 -0.04272263 0.11540199 1.05874205 -0.00942348 0.08403212 1.11568367 0.01297528 0.0893496 1.12705457 -0.00799208 0.09537217 1.13343441 0.02075715 0.08354978 1.11495936 0.00373911 0.10520236 1.1406064 -0.01673754 0.10747615 1.14155304 0.04107234 0.09097923 1.07256377 0.04438852 0.12350442 1.05385828 0.04593755 0.13849919 1.05621719 0.04613864 0.11732189 1.05602705 0.0392725 0.1059497 1.05559421 0.03528197 0.09940523 1.05847204 0.03774438 0.10309493 1.05132294 0.02639539 0.09122617 1.05916464 0.02366187 0.09003968 1.05142581 0.04242308 0.11305593 1.05468833 0.04434974 0.10195056 1.06225073 0.04213108 0.16000889 1.06974161 0.0446139 0.14977325 1.06117332 0.04133644 0.14317547 1.05509484 0.04483889 0.1337602 1.05131936 0.03664537 0.15234524 1.05765545 0.03334991 0.15572488 1.05132604 0.0438243 0.13454098 1.05385339 0.055596 0.16100496 1.08340657 0.05559567 0.15639006 1.08557558 0.05536942 0.1582348 1.08360887 0.05542484 0.15542378 1.08214998 0.05559544 0.15838417 1.0801059 0.05259569 0.15481777 1.08246076 0.05259562 0.15693222 1.08516026 0.05259567 0.15838429 1.08042133 0.05259567 0.16040644 1.08314204 0.04659578 0.15648033 1.08408558 0.04659578 0.15932944 1.08202219 0.0554605 0.09821203 1.0831064 0.05559542 0.09462625 1.08590412 0.0553537 0.09490455 1.08305836 0.0555959 0.09268327 1.08275795 0.05559541 0.09654167 1.08021259 0.05259582 0.0940444 1.08566856 0.05259575 0.09322835 1.08338213 0.05259559 0.09529918 1.08075237 0.05259556 0.09824421 1.08343709 0.04659578 0.0954596 1.08488977 0.04659578 0.09679678 1.08183122 0.04659578 0.09406878 1.08235407 -0.06491537 0.15133895 1.07977164 -0.06569166 0.15076843 1.08158267 -0.06556809 0.1462625 1.07695901 -0.06916301 0.15275615 1.08111811 -0.07271475 0.15042081 1.08088291 -0.07194103 0.15231909 1.08080792 -0.07278749 0.14825071 1.07616758 -0.06905423 0.14352733 1.07441318 -0.07583683 0.14888746 1.08098078 -0.06905423 0.15332527 1.08421111 -0.07223 0.1464783 1.07693911 -0.06967985 0.14635158 1.07471406 -0.06448898 0.14879082 1.07723022 -0.06739407 0.15377825 1.08143342 -0.06386491 0.1516013 1.07806396 -0.0676025 0.15394218 1.08006036 -0.06502414 0.15167087 1.07798398 -0.06562816 0.14866328 1.07482994 -0.06503027 0.14763957 1.07473731 -0.06637293 0.14672306 1.0749836 -0.07167645 0.15316929 1.07954013 -0.07260853 0.15355927 1.07993615 -0.06996787 0.14700246 1.07333755 -0.07060354 0.14783229 1.07419157 -0.07237781 0.1470121 1.07477403 -0.07421275 0.1494468 1.07605064 -0.07419725 0.14988898 1.07820487 -0.07313666 0.1498574 1.07619917 -0.06428505 0.15520552 1.0761919 -0.0664299 0.14985377 1.07083988 -0.07380845 0.15153688 1.07252312 -0.07184187 0.15685943 1.07784569 -0.07375808 0.15551543 1.06922615 -0.0694361 0.15327594 1.06721771 -0.06492919 0.15485705 1.06858587 -0.06517763 0.15963513 1.0734154 -0.07226685 0.1599274 1.0736593 -0.10045424 0.11071499 1.13462365 -0.08449487 0.11124147 1.13262033 -0.10045373 0.10874319 1.12877023 -0.08449169 0.10663056 1.13070536 -0.10045423 0.10549475 1.13295913 -0.08458551 0.10702614 1.1348244 -0.10195423 0.10624593 1.13340008 -0.10542851 0.10515278 1.13014328 -0.10541058 0.10442986 1.13425446 -0.10540945 0.11054298 1.13626552 -0.10195423 0.11069032 1.13186049 -0.10542788 0.11124223 1.12929213 -0.10045414 0.11319271 1.13298786 -0.10540333 0.11266301 1.1334095 -0.10045418 0.10812934 1.13721371 -0.10536646 0.10745494 1.13673747 -0.10045414 0.10374354 1.13227272 -0.10524561 0.10736162 1.12849522 -0.07994979 0.10869782 1.11142433 -0.08159377 0.10468206 1.11166883 -0.08048106 0.10784379 1.11714506 -0.07832923 0.10674264 1.11523783 -0.07205865 0.10869782 1.11142433 -0.07367922 0.10441763 1.11121082 -0.07348217 0.1067919 1.11532319 -0.07053 0.10399821 1.11048436 -0.07600422 0.11067061 1.11484134 -0.07600422 0.10672504 1.10800731 -0.0774164 0.1026608 1.10816789 -0.07240525 0.09315109 1.11369658 -0.08126247 0.09414947 1.11542583 -0.08120897 0.09813597 1.12233067 -0.07569703 0.09933369 1.12440526 -0.07824714 0.08819817 1.11872566 -0.07413539 0.0874472 1.11979544 -0.07832236 0.08766344 1.12018073 -0.07970166 0.0892279 1.1229248 -0.07942622 0.0913935 1.12415195 -0.07834882 0.09057201 1.12516487 -0.07411075 0.09210828 1.12546492 -0.07462537 0.09090063 1.12585843 -0.07230256 0.08924817 1.12289059 -0.07211212 0.08930153 1.12060702 -0.08238979 0.08985296 1.11813319 -0.07384395 0.08820006 1.11530447 -0.06963066 0.09031262 1.11886954 -0.06949406 0.09258252 1.12286174 -0.0719252 0.09451662 1.12616587 -0.0782874 0.09513964 1.12727797 -0.08184356 0.09357774 1.1244899 -0.07621396 0.0905676 1.11422181 -0.08210887 0.09286281 1.11819732 -0.08009164 0.09645519 1.12441945 -0.07180751 0.0964478 1.1244067 -0.07008704 0.09255449 1.11766326 -0.07008705 0.09738817 1.12103546 -0.07187907 0.10800353 1.11742175 -0.07032131 0.13856214 1.17844057 -0.06658789 0.14077461 1.17701709 -0.07007059 0.14242832 1.18038583 -0.07349431 0.14405403 1.17705369 -0.07032131 0.13856214 1.17054939 -0.06667689 0.14081687 1.17217004 -0.07063802 0.14269775 1.17121196 -0.06514914 0.14009145 1.16951978 -0.07388549 0.14025454 1.17449498 -0.07333855 0.14398006 1.17068505 -0.06675714 0.13686974 1.17449498 -0.06427786 0.13967772 1.17873621 -0.05823363 0.1489848 1.17548251 -0.06464891 0.152031 1.18138552 -0.0698274 0.15448993 1.17484558 -0.05759322 0.15621267 1.17673779 -0.05736786 0.15741998 1.17382717 -0.05827464 0.15782577 1.17727768 -0.06228578 0.15984333 1.17780054 -0.06363408 0.15904461 1.1777463 -0.06396732 0.16056708 1.17436051 -0.06460399 0.15948278 1.17263651 -0.05929925 0.1583963 1.17101502 -0.06265633 0.15987572 1.17146885 -0.05964609 0.15718561 1.17054808 -0.06191766 0.15631618 1.18186998 -0.05716516 0.1540411 1.17912662 -0.0553479 0.15319662 1.17313671 -0.05843596 0.15467955 1.1688211 -0.06380105 0.15726408 1.16781521 -0.0682328 0.15933393 1.17293561 -0.06664005 0.15856305 1.17891002 -0.05706556 0.15119769 1.17325604 -0.06015493 0.15266463 1.18008995 -0.06585357 0.15537055 1.1801554 -0.06889532 0.15681487 1.1752764 -0.06374594 0.15436977 1.16769743 -0.06054475 0.15008222 1.16925168 -0.06703693 0.15316492 1.1688906 -0.0709973 0.12671813 1.17844057 -0.06739731 0.12180881 1.17843187 -0.06739731 0.12829863 1.18010962 -0.06739731 0.12439313 1.17682004 -0.0709973 0.12671813 1.17054939 -0.06739731 0.12168224 1.17161465 -0.06739731 0.12877813 1.17121196 -0.06739731 0.12549309 1.16862786 -0.0709973 0.13066369 1.17449498 -0.06739731 0.13236563 1.17637384 -0.06739731 0.13176765 1.17068505 -0.0709973 0.12277256 1.17449498 -0.05639731 0.12026954 1.17548251 -0.05639731 0.12737133 1.18138552 -0.05639731 0.13327269 1.17325604 -0.04956889 0.12258574 1.17360461 -0.04841903 0.12322355 1.1756413 -0.04962744 0.12496801 1.17827034 -0.04839526 0.12553494 1.17807317 -0.04962639 0.12946296 1.1777463 -0.04841016 0.12901995 1.17739713 -0.0483848 0.13045335 1.17354345 -0.0496466 0.13052706 1.17263651 -0.04838042 0.12348288 1.17261171 -0.04839959 0.12696664 1.17073524 -0.04967511 0.12586014 1.17046547 -0.05139333 0.12898715 1.18156421 -0.05134604 0.12170151 1.17953324 -0.05133763 0.1200368 1.17264462 -0.05132798 0.12342308 1.16854882 -0.05137535 0.12537496 1.16737247 -0.05131982 0.13234024 1.17030656 -0.05134656 0.13313502 1.17792284 -0.05139894 0.13289657 1.17729831 -0.05389731 0.12016357 1.17325604 -0.05389731 0.12358353 1.18008995 -0.05389731 0.12989198 1.1801554 -0.05389731 0.13325922 1.1752764 -0.05389731 0.12755881 1.16769743 -0.05639731 0.12282798 1.16925168 -0.05639731 0.13016994 1.16883624 -0.06441017 0.15921919 1.1001929 -0.06390207 0.15734366 1.09844708 -0.066097 0.15771809 1.09783292 -0.06870146 0.15771773 1.10545087 -0.06714836 0.15916283 1.10529113 -0.0729986 0.15915328 1.10394013 -0.07254265 0.15761548 1.09795809 -0.06905423 0.15711813 1.09409213 -0.07308697 0.15739772 1.10326469 -0.06545424 0.15726814 1.1072557 -0.07286219 0.15914474 1.09861565 -0.06953233 0.15916944 1.09609711 -0.06416658 0.16007499 1.10353661 -0.0639042 0.16061211 1.10078681 -0.06581774 0.16071892 1.10485184 -0.06558229 0.16059156 1.09842503 -0.06604991 0.15937383 1.09684336 -0.06745131 0.1604555 1.0959549 -0.06412166 0.16055012 1.0988344 -0.06986052 0.16068906 1.09677255 -0.0724594 0.16017886 1.09678078 -0.07457285 0.16011433 1.10039937 -0.07273874 0.16077231 1.09814906 -0.06917521 0.15989262 1.10652912 -0.07197479 0.16065152 1.10519874 -0.07315367 0.16078265 1.10335934 -0.07047076 0.16059144 1.10494387 -0.0675742 0.16057739 1.10485744 -0.06642985 0.16441813 1.09603894 -0.07399166 0.16441813 1.09863806 -0.07088013 0.16441813 1.10642374 -0.06905422 0.16071813 1.10679388 -0.0642013 0.16441813 1.10321212 -0.07331781 0.16959786 1.10438395 -0.07262843 0.16926631 1.09705007 -0.06872884 0.16925827 1.09589601 -0.06410979 0.16957547 1.099141 -0.06991608 0.16942838 1.09591877 -0.06611925 0.16942886 1.10535169 -0.10045385 0.1615932 1.1209687 -0.08445692 0.16050337 1.12068152 -0.08443391 0.158077 1.11657941 -0.10045396 0.15799454 1.1156826 -0.0847178 0.15627433 1.12102818 -0.10045424 0.15614304 1.12105536 -0.10195423 0.1587725 1.116961 -0.10544305 0.15668783 1.11544549 -0.10195423 0.1578836 1.12157977 -0.10543825 0.15620594 1.12279272 -0.1054049 0.16183284 1.12156391 -0.10541174 0.16241358 1.11842942 -0.10045419 0.15798894 1.12385368 -0.10536503 0.15908566 1.12348545 -0.10045414 0.15360343 1.11891258 -0.10534231 0.15424766 1.12061024 -0.10537346 0.15453173 1.11745441 -0.10530578 0.16028258 1.115363 -0.10045418 0.16158563 1.11602819 -0.08381657 0.14121948 1.17844057 -0.08117913 0.14466584 1.17701709 -0.08502741 0.14489971 1.18038583 -0.08591892 0.14495389 1.17682004 -0.08381657 0.14121948 1.17054939 -0.08193875 0.144712 1.17178679 -0.08630144 0.14497714 1.17283249 -0.08667053 0.14499956 1.16924572 -0.08775488 0.14145882 1.17449498 -0.08976258 0.14518748 1.17574298 -0.07987826 0.14098014 1.17449498 -0.07882728 0.14452291 1.1698879 -0.07649421 0.15540141 1.17548251 -0.07899261 0.14453295 1.17900121 -0.08358291 0.15583222 1.18138552 -0.08947341 0.1561902 1.17325604 -0.07831512 0.16229518 1.17608643 -0.07897465 0.16356421 1.1756742 -0.0814024 0.16370231 1.1781342 -0.08408633 0.16263668 1.17836559 -0.0848094 0.1639102 1.1773268 -0.08618976 0.16399939 1.1738354 -0.08664567 0.16278346 1.17361069 -0.07928633 0.16355363 1.17249501 -0.08296651 0.16386175 1.17072856 -0.08270075 0.16265158 1.17004442 -0.08371967 0.16122583 1.1815598 -0.07806686 0.16054994 1.17982662 -0.07528979 0.16039467 1.17558265 -0.07810184 0.16056328 1.16916835 -0.08265416 0.16114092 1.16730845 -0.08943295 0.16129452 1.17164862 -0.08772538 0.16113949 1.17899823 -0.07623678 0.15789038 1.17325604 -0.07965045 0.15809783 1.18008995 -0.08594727 0.15848053 1.1801554 -0.08940285 0.15869053 1.17502022 -0.08314965 0.1583105 1.16772842 -0.07904793 0.15555662 1.16925168 -0.08637638 0.15600199 1.16883624 -0.10230396 0.15411413 1.15793562 -0.09442327 0.15367669 1.15472412 -0.10230395 0.15500994 1.15471566 -0.0944968 0.15116215 1.15637839 -0.10230393 0.15077679 1.15770662 -0.09438264 0.15330508 1.1572876 -0.10180423 0.15271813 1.15602028 -0.10522192 0.15000786 1.15540671 -0.10525884 0.15113613 1.15828502 -0.10526605 0.15399756 1.15840495 -0.10525156 0.15537079 1.15641797 -0.10230404 0.1510368 1.15322495 -0.10512788 0.15466192 1.15391672 -0.10520373 0.15179829 1.15343726 -0.10230396 0.10211413 1.15793562 -0.09442327 0.10167669 1.15472412 -0.10230395 0.10300992 1.15471566 -0.0944968 0.09916215 1.15637839 -0.10230393 0.09877679 1.15770662 -0.09438264 0.10130508 1.1572876 -0.10180423 0.10071813 1.15602028 -0.10522097 0.09911649 1.15374184 -0.10528947 0.09803638 1.1568166 -0.10523105 0.10045782 1.15869021 -0.10520764 0.10232257 1.15373147 -0.1052529 0.10339925 1.15581536 -0.10518306 0.10254475 1.15811539 -0.10230404 0.09903683 1.15322495 -0.09500373 0.09194467 1.09565139 -0.0871882 0.09192105 1.09268749 -0.09500395 0.08993272 1.09078288 -0.08704329 0.08942424 1.09227848 -0.09500396 0.08802055 1.09363806 -0.08713473 0.09050224 1.09486258 -0.09450422 0.09052667 1.09332752 -0.09795736 0.08983813 1.09071815 -0.09792637 0.08778042 1.09274578 -0.097969 0.09125844 1.09599125 -0.09795327 0.09213792 1.09118664 -0.09784183 0.09339404 1.09346318 -0.09789447 0.08858782 1.09524965 -0.09500416 0.09243163 1.09095323 -0.06251077 0.15411538 1.18089914 -0.06209839 0.15635234 1.18155777 -0.05738707 0.15168245 1.17689252 -0.05551684 0.15322885 1.17325389 -0.05895157 0.15242533 1.16962409 -0.06013559 0.15541872 1.16753364 -0.06664187 0.15607697 1.169204 -0.06803346 0.15673774 1.17759323 -0.06651837 0.15919493 1.16992331 -0.06615365 0.15916902 1.1794771 -0.05030979 0.12713018 1.18713117 -0.04980693 0.12736516 1.18592393 -0.04981062 0.12855241 1.18602204 -0.05042928 0.12590092 1.18725693 -0.05043015 0.1245943 1.18724799 -0.04976495 0.12591027 1.18597114 -0.04968196 0.12451294 1.18578541 -0.05299731 0.13017111 1.1801008 -0.05211051 0.12092566 1.17814922 -0.05299731 0.12418981 1.16812491 -0.05195578 0.13240924 1.17091691 -0.04939507 0.11969815 1.17567551 -0.04944283 0.12158409 1.17954361 -0.04948546 0.1257406 1.18166935 -0.04932857 0.13107599 1.18055105 -0.04937863 0.13393828 1.17458797 -0.04943669 0.12016352 1.17154157 -0.04939317 0.13243549 1.17021334 -0.04912747 0.12948002 1.16766989 -0.04957836 0.12455784 1.16752219 -0.0474814 0.11744504 1.17577624 -0.04851246 0.12229102 1.16600215 -0.04892495 0.12422054 1.18322074 -0.04832457 0.13269106 1.18118739 -0.04741139 0.13591558 1.17460775 -0.04784473 0.13446121 1.1696099 -0.04804281 0.11662729 1.17251205 -0.04914755 0.13138577 1.16525662 -0.04986985 0.1258582 1.18482435 -0.04933769 0.13166726 1.18349135 -0.04825249 0.13604613 1.17870116 -0.04812825 0.11724494 1.17836177 -0.04908344 0.1203955 1.18260562 -0.04843415 0.11842508 1.16838527 -0.04944362 0.1241407 1.16441262 -0.0484492 0.13591684 1.16996408 -0.04790953 0.13697712 1.17539358 -0.04853264 0.13495772 1.18065119 -0.04902281 0.131751 1.16455698 -0.06986612 0.16042261 1.1739949 -0.07013252 0.1604552 1.1721915 -0.07148857 0.16070236 1.17294431 -0.07111427 0.16062525 1.17403567 -0.08616529 0.15889451 1.18003988 -0.08692972 0.16155705 1.18018949 -0.07843867 0.15842493 1.17945182 -0.0785152 0.16100582 1.18047452 -0.07783768 0.15838841 1.16940653 -0.0758094 0.16089444 1.1723727 -0.07857496 0.16081497 1.16874683 -0.08889561 0.15906043 1.17140877 -0.08701472 0.16153954 1.16885543 -0.08861619 0.16135345 1.17811847 -0.07554693 0.16093624 1.17598808 -0.08975005 0.16185783 1.17346764 -0.09800422 0.14421813 1.136989 -0.09400422 0.14668018 1.13682663 -0.09800422 0.10951593 1.13713241 -0.09400422 0.10672933 1.13685286 -0.09800424 0.14675246 1.13689828 -0.09400421 0.14963521 1.13643932 -0.09810824 0.15003292 1.13715005 -0.09392251 0.14829078 1.14012909 -0.07191314 0.1537278 1.08065379 -0.07308929 0.1509916 1.08074605 -0.07315098 0.14775801 1.07581544 -0.0649574 0.15189558 1.08000767 -0.06619528 0.14708465 1.07401073 -0.06501916 0.14699239 1.07674694 -0.06904538 0.15219533 1.06647456 -0.06358114 0.15472393 1.06844997 -0.07446238 0.1547129 1.06850886 -0.07450718 0.15939963 1.07298076 -0.0689913 0.1612367 1.07552516 -0.0636774 0.15914144 1.07310462 -0.06489984 0.15821813 1.09828746 -0.0700935 0.16021813 1.09637344 -0.07363471 0.15821813 1.09965014 -0.07383176 0.16021813 1.10119677 -0.06878538 0.15821813 1.10560083 -0.06699093 0.16021813 1.10569072 -0.06524733 0.16021813 1.09860933 -0.0690283 0.16911158 1.10738325 -0.07443779 0.16956508 1.10427511 -0.06364145 0.16945748 1.10423243 -0.07456677 0.16965759 1.09782922 -0.06359968 0.1694674 1.09788299 -0.06904127 0.16912359 1.09461987 -0.08763853 0.09139004 1.12626183 -0.08840939 0.09048176 1.12497795 -0.08769013 0.09026755 1.12464118 -0.08917536 0.09185022 1.12696922 -0.07621896 0.08814631 1.11513054 -0.07525991 0.09507309 1.12712312 -0.08184141 0.09371053 1.12440419 -0.06903467 0.09182886 1.12112784 -0.08221323 0.09051558 1.11895692 -0.0798983 0.09427512 1.12672913 -0.07006609 0.08892346 1.11798763 -0.07021778 0.09327155 1.12536705 -0.08137958 0.08755989 1.11759031 -0.08367046 0.08951306 1.12196684 -0.07453629 0.09461462 1.12986243 -0.06709182 0.08918543 1.12241995 -0.07668711 0.08550614 1.11384499 -0.08771785 0.08937421 1.12353361 -0.08260364 0.09234984 1.12724996 -0.05645578 0.12479505 1.14406133 -0.05510408 0.12759854 1.05670559 -0.05508764 0.1389766 1.14269221 -0.05508912 0.1092446 1.14073813 -0.0551039 0.09440921 1.129493 -0.05510334 0.15712832 1.13210928 -0.05510575 0.08524501 1.11401606 -0.05510097 0.16709286 1.08450234 -0.0551055 0.16956711 1.10921276 -0.05510527 0.15451726 1.06781447 -0.05510415 0.084938 1.08924139 -0.05510406 0.09754235 1.06854153 -0.09400478 0.09632783 1.13238096 -0.09013326 0.08998817 1.12414491 -0.08748883 0.0920854 1.12728024 -0.08784067 0.08890088 1.1223979 -0.08785903 0.08809493 1.12088788 -0.08821538 0.08742975 1.11939228 -0.0940078 0.084785 1.11306131 -0.08762535 0.0866814 1.11778069 -0.08838699 0.0867794 1.11820042 -0.09400664 0.16785419 1.08548069 -0.09400374 0.17005989 1.10598302 -0.09400358 0.15677595 1.06956983 -0.09400497 0.13314907 1.05655026 -0.09400415 0.08421217 1.09065521 -0.09400397 0.09791259 1.06734967 -0.09401045 0.16046619 1.12937236 -0.07348696 0.10861811 1.14101958 -0.06166956 0.11506461 1.14291763 -0.06609317 0.14430033 1.14064336 -0.05787021 0.13178721 1.14411592 -0.09785141 0.15790032 1.15423596 -0.07108875 0.15276025 1.15142989 -0.09782075 0.14911015 1.14808989 -0.07851374 0.14538959 1.14515138 -0.09786117 0.14764464 1.14227617 -0.07094234 0.14358233 1.14247549 -0.07187654 0.1451249 1.1478256 -0.0647459 0.14017457 1.14708817 -0.06172996 0.13678922 1.14468229 -0.06069751 0.13472074 1.14736784 -0.05959018 0.12843367 1.14654279 -0.05641614 0.12283971 1.14946961 -0.06059657 0.11987297 1.14541805 -0.05994885 0.12145878 1.1470083 -0.06444414 0.11403701 1.14503276 -0.06511576 0.11219332 1.14749634 -0.07947469 0.10807051 1.14496851 -0.06362595 0.10316075 1.15115261 -0.08089375 0.10518137 1.14868104 -0.09784486 0.10545924 1.1457932 -0.09781603 0.10535496 1.14132893 -0.09804738 0.10327335 1.13719642 -0.09399621 0.10334628 1.13690948 -0.09788797 0.10272841 1.14953399 -0.07596462 0.09667513 1.15380371 -0.09800423 0.10673511 1.13684464 -0.09788372 0.11997841 1.20580375 -0.09784912 0.09519218 1.19432175 -0.09775959 0.09232101 1.18975973 -0.09788705 0.1038812 1.20167911 -0.09788362 0.14065529 1.20474696 -0.09770223 0.151246 1.20084393 -0.09786475 0.15594505 1.19693089 -0.0979647 0.09081472 1.16543663 -0.09797502 0.09589465 1.15426421 -0.09786817 0.09058513 1.18225074 -0.09785617 0.16285594 1.18180203 -0.09796814 0.16227463 1.16248608 -0.09787697 0.16045591 1.19052577 -0.07663785 0.13225056 1.20478284 -0.08353246 0.14334002 1.2036674 -0.07202381 0.15838039 1.19277525 -0.06499676 0.14023165 1.20077348 -0.06798635 0.14995177 1.19898725 -0.08761238 0.1623089 1.18471289 -0.06790531 0.16015933 1.18546307 -0.09509228 0.16290808 1.18048549 -0.09615597 0.16296591 1.17070079 -0.08931138 0.16253203 1.16450858 -0.06841423 0.16050678 1.16347861 -0.06867146 0.15857589 1.15729272 -0.04905403 0.13762254 1.16275203 -0.05135593 0.12689671 1.15500283 -0.05085178 0.14711009 1.16299057 -0.05641086 0.14513393 1.15225816 -0.0500784 0.12697467 1.15883458 -0.05651221 0.15507863 1.16310835 -0.06036773 0.15175745 1.15343738 -0.0495191 0.11552472 1.1633203 -0.0505148 0.10710429 1.1626507 -0.04943212 0.11954553 1.16116321 -0.05741616 0.10950123 1.1513443 -0.05791458 0.10032737 1.1575532 -0.06674916 0.09626514 1.15640175 -0.06687205 0.0931436 1.16338551 -0.05500324 0.0997605 1.16309273 -0.09751711 0.09233616 1.15880716 -0.08977648 0.09092671 1.16485536 -0.09661133 0.09037757 1.17133391 -0.08874663 0.09163499 1.18404818 -0.07127059 0.09265581 1.18536305 -0.07767443 0.10104406 1.19931984 -0.07690302 0.1112946 1.20356786 -0.0714087 0.09431592 1.19078588 -0.09420168 0.09065686 1.18136573 -0.0649248 0.11102071 1.20068192 -0.05432601 0.11184336 1.1937958 -0.05151147 0.10631857 1.18564212 -0.04937884 0.11609702 1.18626797 -0.05678315 0.10426525 1.1933924 -0.05438646 0.10065815 1.18598437 -0.06063625 0.09569543 1.18576872 -0.06430613 0.09818199 1.19400275 -0.05095802 0.12428513 1.18978143 -0.05525475 0.13368119 1.19533443 -0.06072086 0.15506923 1.19161403 -0.05066498 0.13105899 1.18921471 -0.05894241 0.15674219 1.18572724 -0.05304272 0.15102376 1.18596137 -0.04944154 0.13731863 1.18623865 -0.05040263 0.14440404 1.18617237 -0.05827447 0.14727688 1.19552135 -0.0517999 0.14710996 1.18533206 -0.0500183 0.1371845 1.18557298 -0.05696019 0.1545783 1.18518269 -0.06843562 0.15957619 1.1847589 -0.08871444 0.1614598 1.18376529 -0.09500366 0.16203067 1.17945409 -0.09575538 0.16209987 1.17136717 -0.09023105 0.16169101 1.16551685 -0.066379 0.15925074 1.1641432 -0.05530291 0.15298128 1.16378236 -0.05100773 0.14518009 1.1636529 -0.04976808 0.13735646 1.16328871 -0.05063813 0.12506412 1.15986598 -0.05145168 0.10681702 1.16368842 -0.05524627 0.10069672 1.16373158 -0.06255215 0.0957098 1.1640135 -0.06700724 0.09388736 1.16406679 -0.08545697 0.09173323 1.16442323 -0.09412038 0.09145373 1.16820562 -0.09576631 0.09136233 1.1782037 -0.06916074 0.09371649 1.18480051 -0.06036304 0.09682763 1.18505788 -0.05468001 0.10120681 1.18529034 -0.05006455 0.11591132 1.18547642 -0.05129587 0.1227764 1.18843925 -0.05152939 0.12667301 1.18900239 -0.05129019 0.13031939 1.18845582 -0.07044296 0.16045034 1.17710268 -0.06797121 0.15973285 1.1724627 -0.09187018 0.16221367 1.17482805 -0.0918701 0.16213433 1.17673731 -0.09167662 0.16212246 1.17226076 -0.0916466 0.16218953 1.17411399 -0.07059404 0.16046998 1.17083108 -0.04834446 0.14413694 1.17276669 -0.06270542 0.15812653 1.16736603 -0.05756729 0.15582033 1.1683619 -0.05004785 0.14971377 1.17586088 -0.05501771 0.15453845 1.17255318 -0.04879441 0.1079683 1.17146158 -0.05322497 0.09987225 1.17155576 -0.05791869 0.0966531 1.1785897 -0.04938193 0.10809319 1.18043184 -0.05042939 0.12838091 1.18725109 -0.06213688 0.15792441 1.18170464 -0.05521432 0.15455262 1.17720807 -0.05773209 0.15584035 1.18054128 -0.06778536 0.15950327 1.17710471 -0.06726546 0.1573585 1.08773983 -0.06270422 0.15745106 1.08774078 -0.06732778 0.16045408 1.08710837 -0.06270379 0.16292672 1.0848757 -0.06729815 0.16295312 1.08505476 -0.06736023 0.16570032 1.09245133 -0.06733971 0.15883079 1.0924803 -0.06272122 0.15910792 1.09503496 -0.0627095 0.16643569 1.0950855 -0.06724685 0.15735728 1.11430407 -0.06270431 0.15747058 1.11426377 -0.06737218 0.15884878 1.10957754 -0.06270783 0.15927774 1.10689294 -0.06270786 0.16643609 1.10690415 -0.06730702 0.1657258 1.10956025 -0.06731342 0.16293761 1.11692011 -0.06270394 0.16288935 1.11713612 -0.09400512 0.14977214 1.13632512 -0.09323279 0.15798496 1.12893367 -0.09400422 0.16272834 1.12666631 -0.09323499 0.1676082 1.11222601 -0.09400422 0.16956899 1.10375309 -0.09400422 0.15582483 1.06806159 -0.09400422 0.16633405 1.08405495 -0.09338336 0.15439361 1.06951606 -0.0934414 0.14004278 1.06085849 -0.09400422 0.11661687 1.057935 -0.09340422 0.12118296 1.05930424 -0.09330422 0.10384924 1.06565058 -0.09400422 0.09400524 1.07194018 -0.09333756 0.09367022 1.0751884 -0.09350422 0.0860009 1.08957863 -0.09340422 0.08484395 1.10455775 -0.09400422 0.08469115 1.11559665 -0.09330422 0.08863534 1.11827588 -0.09324485 0.09701304 1.13053727 -0.09400484 0.10332735 1.13660002 -0.09795423 0.15017268 1.13666713 -0.09795423 0.16697019 1.11873603 -0.09795423 0.17004713 1.09353209 -0.09795423 0.15795967 1.07148218 -0.09795423 0.13681938 1.057935 -0.09795423 0.12173706 1.05866218 -0.09795423 0.09761144 1.06806159 -0.09795423 0.08330403 1.09267366 -0.09795423 0.08856301 1.12038898 -0.09795423 0.10334562 1.13660038 -0.09795423 0.14693908 1.13749039 -0.09300324 0.14691606 1.13746643 -0.09300422 0.16636787 1.08647501 -0.09795423 0.10640417 1.13753784 -0.09300376 0.10648464 1.13750339 -0.09795423 0.08552319 1.09541559 -0.09795423 0.09675558 1.07219875 -0.09795423 0.16535488 1.08566976 -0.09795423 0.1622172 1.12364614 -0.09500376 0.12147329 1.06591213 -0.08699677 0.12050999 1.06509995 -0.09500393 0.11986233 1.06260955 -0.08718218 0.11825644 1.06352401 -0.09500396 0.11742307 1.06665695 -0.08719274 0.11802778 1.0660497 -0.09450422 0.11902539 1.06482887 -0.09796702 0.11840895 1.06223261 -0.09791756 0.11730433 1.06698644 -0.09795077 0.12008793 1.06734526 -0.09795712 0.12164778 1.06537187 -0.09500409 0.11610617 1.06354785 -0.09787586 0.11630137 1.06397808 -0.0978727 0.12115755 1.06294322 -0.09500394 0.16557002 1.10833621 -0.08710393 0.16366553 1.10954511 -0.08712956 0.1636045 1.10667324 -0.0950039 0.16277604 1.10568023 -0.08716554 0.16159803 1.10787272 -0.09500396 0.16038507 1.10764396 -0.09450422 0.16303834 1.10808015 -0.09796572 0.16134663 1.10578048 -0.09793597 0.16283412 1.11084092 -0.0979597 0.16567551 1.10903406 -0.09500409 0.16324571 1.11127663 -0.09788216 0.16040683 1.10901427 -0.09785799 0.16479126 1.10588992 -0.10595422 0.14898629 1.09912789 -0.10595422 0.15161593 1.10473001 -0.10595422 0.15432233 1.09875119 -0.11180738 0.15502772 1.09977174 -0.11186545 0.15018642 1.09814644 -0.11180345 0.14867958 1.10261941 -0.11186668 0.15289643 1.10398746 -0.10595422 0.12932232 1.12375116 -0.10595422 0.12398629 1.12412786 -0.10595422 0.12661593 1.12973011 -0.11167321 0.12347443 1.12441969 -0.11178271 0.12777671 1.1293987 -0.11184708 0.1294792 1.12410283 -0.10153397 0.11206388 1.08342576 -0.10194223 0.10741515 1.08090007 -0.10193673 0.10704772 1.08557761 -0.11179692 0.11077511 1.08079779 -0.11186642 0.10665792 1.08184552 -0.11184461 0.10715436 1.08571994 -0.11186568 0.11136701 1.08504057 -0.10152271 0.11201915 1.11835253 -0.10194441 0.10731573 1.11635888 -0.10192882 0.10722052 1.12115312 -0.11182014 0.1104883 1.12156093 -0.11181613 0.11030164 1.11586225 -0.1118241 0.10605034 1.11855328 -0.10194229 0.14615072 1.116346 -0.10193956 0.14171815 1.11743712 -0.10152066 0.14516473 1.12165332 -0.11189206 0.14482108 1.12157977 -0.11189305 0.14739446 1.11807323 -0.11185986 0.14343615 1.1159426 -0.11186107 0.1415935 1.11945724 -0.10194653 0.14172921 1.08226669 -0.10191574 0.14431308 1.08647525 -0.10150934 0.14654016 1.08129942 -0.11185731 0.14740618 1.08428049 -0.11186114 0.14415368 1.080369 -0.11174188 0.14172426 1.0850141 -0.09795423 0.16058305 1.11673629 -0.10045333 0.16224359 1.11798012 -0.10045404 0.1552566 1.11681259 -0.09795423 0.15537238 1.11866188 -0.1004539 0.15508857 1.12187505 -0.09795423 0.1585152 1.12247169 -0.10045349 0.16039337 1.1227169 -0.10583902 0.10809007 1.1273725 -0.10045417 0.10603623 1.12901831 -0.10045406 0.11062725 1.12951386 -0.1056542 0.11140111 1.12921691 -0.1056542 0.11194727 1.12977564 -0.1056542 0.11238849 1.13042033 -0.10045425 0.11329566 1.13366807 -0.1056542 0.11271163 1.13113177 -0.10566386 0.11309952 1.13322067 -0.1056542 0.11235183 1.13490391 -0.10568959 0.11033362 1.13717878 -0.10045355 0.10915698 1.13691914 -0.10579932 0.10411441 1.13058817 -0.1056542 0.10454847 1.13041902 -0.10559525 0.10459876 1.12993157 -0.10565422 0.11236025 1.13037157 -0.10564776 0.11267888 1.13023698 -0.10595422 0.11297381 1.13097537 -0.10565422 0.11269221 1.13107872 -0.10595836 0.11332525 1.13227904 -0.10565422 0.11289687 1.1318326 -0.10572264 0.1122363 1.13500035 -0.1056824 0.10366122 1.13298261 -0.1056542 0.10498998 1.12977433 -0.10045374 0.10514849 1.13496733 -0.10462741 0.1059708 1.13700879 -0.09795423 0.10651912 1.13016677 -0.09795423 0.10836706 1.13609886 -0.09795423 0.11094171 1.13100016 -0.1056542 0.1488879 1.07162142 -0.10568253 0.14970726 1.06925416 -0.10045408 0.14944972 1.07127941 -0.1056542 0.14844638 1.0722661 -0.1056542 0.14790002 1.07282472 -0.1056542 0.14726533 1.07328033 -0.10045411 0.14381456 1.07358956 -0.1056542 0.14656147 1.07361925 -0.10565419 0.14580245 1.07383299 -0.10565422 0.14496809 1.07391036 -0.10045335 0.14806914 1.06675434 -0.10566986 0.14383972 1.06424141 -0.10045349 0.14285655 1.06575429 -0.10466676 0.14793864 1.06547296 -0.10565422 0.14489703 1.07390976 -0.1056542 0.14412549 1.07383108 -0.1056542 0.14337344 1.07361877 -0.1056542 0.14266965 1.0732795 -0.1056542 0.1420351 1.07282364 -0.1056542 0.14148897 1.07226491 -0.1056542 0.14104781 1.07162035 -0.100454 0.14079243 1.06948924 -0.1056542 0.14072463 1.0709089 -0.1056542 0.14052942 1.07015252 -0.10565421 0.14046779 1.06937492 -0.1056542 0.14054213 1.06859589 -0.1056542 0.14074968 1.06784284 -0.1056542 0.14108445 1.06713665 -0.09795423 0.1476436 1.07140195 -0.09795423 0.14478099 1.06620908 -0.09795423 0.14214274 1.07063067 -0.10565422 0.09510824 1.08727026 -0.10565422 0.0951793 1.08726978 -0.10045417 0.09246725 1.0869242 -0.10565421 0.09595178 1.08719087 -0.10045417 0.09963311 1.08520591 -0.10565421 0.09670352 1.08697832 -0.10565421 0.09740704 1.08663905 -0.10565421 0.09804168 1.08618307 -0.10565421 0.09858759 1.08562446 -0.10565421 0.09902881 1.08497965 -0.10565421 0.09935187 1.08426821 -0.10565421 0.09954699 1.08351171 -0.10565422 0.09960839 1.08273292 -0.10565421 0.09953403 1.08195519 -0.10565421 0.09932633 1.08120191 -0.10565421 0.09899157 1.08049619 -0.10045401 0.09802207 1.07932484 -0.10565421 0.09853974 1.07985878 -0.10565421 0.09798439 1.07930911 -0.10565421 0.09734237 1.07886374 -0.10569554 0.09445407 1.0778898 -0.1057476 0.09753543 1.07857871 -0.10587558 0.0997256 1.08115828 -0.10565422 0.09901602 1.08053899 -0.10565422 0.09934302 1.0812484 -0.10583166 0.09979712 1.08438277 -0.10565422 0.09953834 1.08356023 -0.10565422 0.099335 1.08431435 -0.10584077 0.09766041 1.08692062 -0.10565422 0.09800415 1.08621454 -0.10588234 0.09508292 1.08765411 -0.10565422 0.09590358 1.08719945 -0.10565422 0.09512563 1.08727026 -0.10565422 0.09434715 1.08720541 -0.10565419 0.09426786 1.08719158 -0.10574515 0.0928481 1.08709991 -0.10565419 0.09351575 1.08697951 -0.10565422 0.09288177 1.08668089 -0.10565419 0.09281167 1.0866406 -0.10567758 0.09078524 1.08487797 -0.10045359 0.09150185 1.0801214 -0.10465513 0.09067863 1.08038008 -0.10045423 0.09519859 1.0859102 -0.10045423 0.09528847 1.07969797 -0.09795423 0.09631596 1.07972896 -0.09795423 0.09204574 1.08409166 -0.09795423 0.09736363 1.08477509 -0.09843422 0.11875574 1.14203417 -0.09821387 0.13055664 1.14427543 -0.09796385 0.11106549 1.14113522 -0.09830423 0.10124829 1.13413954 -0.10339206 0.13975383 1.14222097 -0.10239311 0.11871493 1.1437943 -0.09795502 0.15201302 1.13671052 -0.10336263 0.15598248 1.13277173 -0.09825745 0.16453779 1.12135625 -0.1019602 0.16558583 1.12014461 -0.09818859 0.17009313 1.10233903 -0.10404851 0.16897774 1.10740209 -0.10214043 0.16959295 1.09335208 -0.09822222 0.16808917 1.08936965 -0.10364791 0.16350779 1.0790683 -0.09827036 0.15863076 1.07269752 -0.10240637 0.15435621 1.06749868 -0.09826729 0.14750496 1.06413686 -0.10388658 0.13677198 1.05919659 -0.09829605 0.13410395 1.05958879 -0.10369541 0.12117874 1.05845857 -0.09795485 0.11778835 1.05817533 -0.10429869 0.11095317 1.06141686 -0.09825411 0.1031139 1.06525707 -0.10279509 0.1010205 1.06637633 -0.09795488 0.08941361 1.07818186 -0.10226958 0.09118463 1.07623982 -0.10327324 0.08428738 1.09261227 -0.09822844 0.0842251 1.09399879 -0.09827958 0.08430417 1.10784531 -0.10437284 0.08442753 1.10610449 -0.10333419 0.08702068 1.11753786 -0.09810568 0.09321184 1.12879443 -0.10378583 0.09401801 1.12877584 -0.10295406 0.10224518 1.13651311 -0.09831098 0.09506588 1.07351458 -0.09835423 0.11925573 1.06002533 -0.09831423 0.15395619 1.13280642 -0.09839059 0.16729066 1.09459448 -0.09824514 0.16603507 1.1133486 -0.09841575 0.13318415 1.1418463 -0.09855422 0.09378302 1.12572193 -0.09822963 0.08490452 1.1022079 -0.1004542 0.15954772 1.11471927 -0.10556845 0.15953627 1.12395144 -0.10600618 0.15828109 1.11448181 -0.10601847 0.15515649 1.11556935 -0.10600718 0.15346995 1.11896908 -0.10608117 0.15558076 1.12328088 -0.10596295 0.1607907 1.11509275 -0.10588517 0.16292895 1.11758125 -0.1046911 0.16302314 1.12115324 -0.10579601 0.15648808 1.07369709 -0.10573077 0.16631776 1.09205925 -0.10586804 0.14894107 1.07227731 -0.10581745 0.08726931 1.09378779 -0.10579408 0.09672846 1.07378197 -0.10589601 0.09157585 1.12007415 -0.10584984 0.14798021 1.13546944 -0.10559984 0.12247673 1.14181924 -0.10594071 0.12693094 1.0613091 -0.1057587 0.14131603 1.06628895 -0.10565422 0.14885157 1.07168388 -0.10565422 0.14839984 1.0723213 -0.10579406 0.14611815 1.07412696 -0.1058537 0.14425138 1.07421517 -0.10565422 0.14496009 1.07391036 -0.10565422 0.14418194 1.07384121 -0.10589368 0.14205718 1.07315636 -0.10565422 0.1420792 1.0728606 -0.10592194 0.1404195 1.07094121 -0.10565422 0.14074443 1.07096291 -0.10565422 0.14053957 1.07020903 -0.10589529 0.14013872 1.06984651 -0.10565422 0.14046818 1.06943107 -0.10595422 0.14030868 1.06818593 -0.10595422 0.0995474 1.08072174 -0.10595422 0.14581417 1.07428002 -0.10595369 0.14179794 1.07319868 -0.10595421 0.15514369 1.08633125 -0.10595419 0.10711823 1.07548654 -0.10595444 0.12711497 1.06906927 -0.10595422 0.09680982 1.08741081 -0.10595444 0.09502034 1.0989418 -0.10595422 0.10432676 1.13020349 -0.10595421 0.09829254 1.11570919 -0.1059538 0.13248955 1.13324273 -0.10595422 0.15388885 1.12131894 -0.10595644 0.15798353 1.11441708 -0.11169778 0.12402769 1.06992233 -0.11170142 0.11526144 1.07194817 -0.11094982 0.107999 1.07553566 -0.1117174 0.1021284 1.08180225 -0.11160336 0.09672839 1.0916487 -0.11169695 0.09548736 1.10323119 -0.11171994 0.09809885 1.11359513 -0.11158144 0.1041282 1.12274945 -0.11095247 0.11121964 1.12849844 -0.11175046 0.11887392 1.13130653 -0.11160602 0.13316499 1.13185012 -0.11171966 0.14450587 1.12676203 -0.1117551 0.15250315 1.11860359 -0.10595477 0.15513253 1.11549616 -0.11096427 0.15703902 1.1102885 -0.11172917 0.15804584 1.09990788 -0.11167809 0.15541975 1.088552 -0.11168787 0.1497706 1.07985973 -0.11160699 0.14203803 1.07378578 -0.11169017 0.13311353 1.07039976 -0.11166509 0.13968475 1.11102378 -0.11174527 0.12715359 1.11796916 -0.1115578 0.14307536 1.09776461 -0.11158068 0.13567905 1.08706284 -0.11161065 0.12176021 1.0851897 -0.11153969 0.11014013 1.09753716 -0.11167831 0.11450533 1.11201274 -0.10595422 0.12242188 1.11644316 -0.10595422 0.13530958 1.11494493 -0.10595422 0.13271594 1.08497071 -0.10595386 0.11131102 1.10721874 -0.10595422 0.1140707 1.09064007 -0.10595535 0.14304279 1.10145152 -0.10045385 0.09837334 1.08446872 -0.08468441 0.09781718 1.0821203 -0.10045396 0.09477468 1.07918251 -0.08455053 0.09392521 1.08051467 -0.08441482 0.09386568 1.08516371 -0.10045424 0.09292318 1.08455527 -0.10195423 0.09555265 1.08046091 -0.10543074 0.09159838 1.08055639 -0.10195423 0.09466375 1.08507967 -0.10540751 0.09107015 1.08404446 -0.10541441 0.09752526 1.08618248 -0.10538407 0.0994669 1.08237231 -0.10045419 0.09476908 1.08735371 -0.10535391 0.09386248 1.08690977 -0.10045414 0.09038357 1.0824126 -0.10542335 0.09655388 1.07873976 -0.10513891 0.09321055 1.07889283 -0.10045418 0.09836577 1.07952821 -0.10045422 0.14626938 1.07215476 -0.08441027 0.14660496 1.07146478 -0.08466744 0.14642036 1.06717324 -0.10045381 0.14560518 1.06558204 -0.08457419 0.14218107 1.06929326 -0.10045423 0.14224949 1.06948352 -0.10195423 0.1427459 1.07018018 -0.10541966 0.14366266 1.0654335 -0.10539896 0.14109449 1.07096827 -0.10545039 0.14740053 1.07268572 -0.10195423 0.1471903 1.06864059 -0.10540551 0.14789085 1.06619275 -0.10045414 0.14969271 1.06976795 -0.10533666 0.14917167 1.07026148 -0.10045418 0.14462934 1.07399392 -0.10541204 0.14412375 1.07371604 -0.10045414 0.14024355 1.06905282 -0.10536266 0.14102893 1.06771255 -0.15674719 0.09762415 1.19418752 -0.1566363 0.09557865 1.19134545 -0.15664986 0.10313382 1.19862032 -0.15669256 0.09350729 1.1648438 -0.15677139 0.09502953 1.16263807 -0.15667811 0.09720375 1.16178989 -0.15672855 0.10862891 1.15026343 -0.15613879 0.10820736 1.15016854 -0.15674901 0.10681814 1.15299559 -0.15661493 0.10693036 1.15414679 -0.15667818 0.11933225 1.14851367 -0.15675278 0.13446955 1.14848602 -0.15664794 0.14477298 1.15028465 -0.15666074 0.15803134 1.16238821 -0.15662074 0.15176283 1.16256392 -0.1567474 0.15611154 1.16181922 -0.09845819 0.16293652 1.17999566 -0.09849465 0.12622164 1.20598173 -0.09850759 0.09050511 1.18256605 -0.09848633 0.12092695 1.14628112 -0.09848916 0.13947931 1.14676166 -0.09850535 0.16247074 1.1635915 -0.09845851 0.1410803 1.20449936 -0.09850998 0.15884329 1.15542042 -0.09848792 0.15239722 1.15067434 -0.09850846 0.10917374 1.20379841 -0.09857289 0.10745237 1.14806759 -0.09840352 0.1602969 1.19174063 -0.09849568 0.09923743 1.19845653 -0.09854989 0.09303656 1.19103301 -0.09850968 0.09104419 1.16304839 -0.09847098 0.09633747 1.15350974 -0.09850006 0.15093522 1.20079958 -0.09853392 0.15848398 1.19406831 -0.09854925 0.0938626 1.15651369 -0.10587882 0.15957142 1.15928411 -0.10418207 0.16122153 1.15982509 -0.10583372 0.15704705 1.15905523 -0.10520682 0.14913304 1.15122223 -0.10568208 0.14771581 1.1572485 -0.10524286 0.14947057 1.155774 -0.10524203 0.15051445 1.15858388 -0.1054928 0.15269402 1.1610173 -0.10527539 0.15460247 1.15893817 -0.10515425 0.15092109 1.15318704 -0.10231598 0.15193312 1.15921056 -0.10234521 0.15537043 1.1575408 -0.1023289 0.15543562 1.15444958 -0.10233377 0.1519542 1.15293837 -0.10233196 0.14961728 1.15575492 -0.10465648 0.15600055 1.15534198 -0.10386701 0.15417631 1.15300751 -0.10347957 0.15584525 1.15310478 -0.10388017 0.14668238 1.1484741 -0.10600671 0.14877672 1.15254092 -0.13612679 0.14593419 1.14916372 -0.15667684 0.14664757 1.15308428 -0.1566 0.14621498 1.15679443 -0.15619153 0.15539683 1.1618675 -0.15664068 0.14777549 1.16038144 -0.12805583 0.16168356 1.16314483 -0.15667695 0.15968536 1.16455388 -0.15610152 0.13467503 1.14842224 -0.12880693 0.12457743 1.14645875 -0.15668954 0.16046387 1.17707288 -0.11849002 0.13738087 1.20506644 -0.15665263 0.14672112 1.19996917 -0.15669218 0.13364127 1.20236325 -0.15664452 0.15919653 1.1875335 -0.12021531 0.16214247 1.18450606 -0.11515979 0.15200864 1.20001841 -0.1566797 0.15274003 1.19702506 -0.15666971 0.15607727 1.19379091 -0.11704189 0.11433741 1.20466387 -0.12666063 0.10117643 1.19948292 -0.15664078 0.11409678 1.2016778 -0.10766269 0.09082459 1.16345811 -0.15665753 0.09338261 1.18206799 -0.10472711 0.10672667 1.14857161 -0.10188053 0.09940258 1.15134144 -0.10507981 0.10473807 1.15073705 -0.10534122 0.10337074 1.15378797 -0.10605167 0.10469968 1.15258217 -0.10557157 0.10559784 1.15636063 -0.10521014 0.1033498 1.15812767 -0.10552996 0.10034277 1.16091478 -0.10512106 0.09742677 1.15659583 -0.10576394 0.09716366 1.15934825 -0.10614648 0.10423665 1.15962589 -0.10522191 0.09966426 1.15922415 -0.10235161 0.10048723 1.15910184 -0.10234392 0.10344218 1.1575923 -0.1023173 0.09939669 1.15302408 -0.10230443 0.09774004 1.15706074 -0.10232516 0.10324119 1.15423441 -0.10400027 0.09960631 1.15284801 -0.1041941 0.09795385 1.15415919 -0.10369607 0.09444454 1.15631652 -0.10594203 0.09437227 1.15909755 -0.1272182 0.09234264 1.1619612 -0.15664138 0.10632189 1.15952325 -0.15664224 0.10191924 1.16256678 -0.16393499 0.12170784 1.16781151 -0.16398993 0.12961851 1.18533075 -0.16393247 0.13296334 1.16841376 -0.16394106 0.11738216 1.1799159 -0.16405037 0.13615322 1.17704868 -0.16368499 0.1216388 1.16454005 -0.16420421 0.12636755 1.16344833 -0.16369653 0.13325338 1.16515696 -0.16376784 0.13854019 1.17199838 -0.16353755 0.12650731 1.18841994 -0.16362089 0.13309239 1.18644333 -0.16386458 0.12070513 1.18692946 -0.16353755 0.11563358 1.1705178 -0.16396002 0.11415683 1.17704713 -0.16392297 0.13767838 1.18206954 -0.16320421 0.15676206 1.16541708 -0.16420421 0.15680404 1.16585791 -0.16345002 0.15627605 1.18491721 -0.16384567 0.14716215 1.16437137 -0.16387455 0.1468236 1.18527341 -0.16350421 0.14967924 1.1825273 -0.1636273 0.11094949 1.1916312 -0.1635119 0.10981185 1.19727981 -0.16403849 0.12499137 1.19981861 -0.1636748 0.11676311 1.15343428 -0.16361885 0.13656646 1.15342033 -0.16358657 0.14356941 1.1972971 -0.16344365 0.14231043 1.19181836 -0.16351461 0.1046072 1.18959033 -0.1636042 0.09822135 1.18987894 -0.16349268 0.09624135 1.18103313 -0.16347764 0.09693829 1.16559589 -0.16380808 0.10584758 1.16484892 -0.16374409 0.11042337 1.15885901 -0.16380122 0.1138096 1.1595546 -0.16374268 0.11639649 1.1573168 -0.16366574 0.10220101 1.1940192 -0.16349833 0.14633121 1.18929505 -0.16343279 0.13799593 1.1591388 -0.1635763 0.14314772 1.15919375 -0.16420421 0.10355046 1.19182348 -0.16420421 0.10808584 1.19025052 -0.16420421 0.10936891 1.19660461 -0.16417849 0.14856258 1.19755888 -0.16420883 0.14418209 1.19689202 -0.16420421 0.14299187 1.19209445 -0.16420421 0.14696984 1.18978333 -0.16420421 0.1533183 1.1836592 -0.16430524 0.15718849 1.1847012 -0.16424723 0.15747574 1.16518259 -0.16427895 0.15095235 1.16545618 -0.16434222 0.14405237 1.15887702 -0.16420421 0.14075801 1.15911639 -0.16420421 0.13729437 1.15634215 -0.16426703 0.09576044 1.165007 -0.16426001 0.09834556 1.19217515 -0.16070421 0.10574481 1.19033182 -0.16070421 0.10428713 1.19576371 -0.16070421 0.11011976 1.19535303 -0.16426775 0.1056575 1.19686687 -0.16070421 0.11393154 1.15226018 -0.16070421 0.10965796 1.15410686 -0.16070421 0.11175675 1.15853715 -0.16070421 0.11581482 1.15624452 -0.1642842 0.11356138 1.1519779 -0.16426912 0.10907588 1.15443885 -0.16070421 0.13765797 1.15410686 -0.16070421 0.14381483 1.15624452 -0.16070421 0.14193155 1.15226018 -0.16070421 0.13975675 1.15853715 -0.1642203 0.14372922 1.15215969 -0.16432466 0.13981143 1.15189159 -0.16070421 0.1432775 1.19362664 -0.16070421 0.1483245 1.1969775 -0.16070421 0.14757076 1.19036877 -0.16070421 0.14728828 1.18845534 -0.16070421 0.15256669 1.19158602 -0.16420421 0.15426943 1.19040179 -0.16070421 0.15498665 1.18626642 -0.16070421 0.15024862 1.18343711 -0.16324897 0.10887118 1.15088296 -0.16291265 0.12812801 1.14859116 -0.16309817 0.10726136 1.15345275 -0.16314809 0.10747378 1.15799963 -0.16364047 0.10268867 1.16290927 -0.16299966 0.09674135 1.16222179 -0.16226491 0.09380859 1.16524506 -0.16335489 0.09424682 1.18482995 -0.161911 0.09646931 1.19247389 -0.16259223 0.10185463 1.19757628 -0.1630518 0.11321466 1.20108521 -0.16312677 0.14027251 1.20123839 -0.16336459 0.15962087 1.17978179 -0.162835 0.15732636 1.19172049 -0.16374578 0.15197623 1.19659364 -0.16261569 0.14444312 1.15065372 -0.16304626 0.15914579 1.16437542 -0.16324987 0.15633024 1.16228914 -0.16317146 0.14619853 1.15330088 -0.16273342 0.1460878 1.15669835 -0.16307303 0.15208833 1.1627723 -0.16269474 0.14793797 1.16084206</float_array>
          <technique_common>
            <accessor source="#pos_0-array" count="4503" stride="3">
              <param name="X" type="float"/>
              <param name="Y" type="float"/>
              <param name="Z" type="float"/>
            </accessor>
          </technique_common>
        </source>
        <source id="norm_0">
          <float_array id="norm_0-array" count="8454">0.58195 0.0691 -0.81028 -0.05385 0.72555 -0.68606 0.47412 0.6388 -0.60593 0.41859 0.82026 -0.38982 0.08608 0.39363 -0.91523 0.42128 0.34497 -0.83876 0.99996 0.00905 -0.00245 0.99994 -0.00742 -0.00841 0.99995 0.00946 -0.00214 0.31678 0.94839 0.01422 0.62397 -0.65646 -0.42394 0.89567 -0.42591 -0.12797 0.66032 0.19464 -0.72533 0.99929 0.03746 -0.00357 0.99991 0.00819 0.01052 0.99999 -0.00392 0.00295 0.9983 0.04626 -0.03553 0.99969 0.01893 0.01623 0.99922 0.03824 0.01001 0.99921 0.02443 0.03138 0.99781 -0.06607 0.00421 0.99921 -0.03958 0.00196 0.9897 -0.14086 0.02559 0.99977 0.02004 -0.00734 0.99719 -1E-05 -0.07491 0.9836 0.15987 -0.08344 0.9997 0.02443 -0.00245 0.99832 0.05696 0.01047 0.99721 0.07392 -0.01085 0.99805 0.05277 -0.03332 0.99826 0.05705 -0.01501 0.99858 -0.05159 -0.01305 0.9987 0.04626 -0.02151 0.99963 -0.02573 -0.0086 0.99767 -0.06781 -0.00792 0.99803 -0.02531 -0.05734 0.99745 -0.04184 -0.05778 0.99771 -0.03777 -0.05614 0.99781 0.03872 -0.05366 0.99267 -0.10388 0.0618 0.99977 0.01937 0.00894 0.99832 -0.05109 0.02719 0.99687 0.03048 0.07301 0.99712 -0.0082 0.07537 0.9978 -0.01596 0.06432 0.99807 -0.05049 0.03607 0.99416 0.0987 0.04369 0.99741 0.01674 0.06997 0.99723 0.06827 0.0296 0.99829 0.00879 0.05779 0.99793 0.01917 0.06135 0.86167 0.50142 0.07816 0.9377 0.33796 0.08061 0.9909 0.12896 0.03849 0.88993 0.01029 0.45599 0.40677 -0.14597 0.90179 0.96103 -0.10634 -0.25516 0.90437 -0.06968 -0.42103 0.80723 -0.32952 -0.48969 0.91488 -0.36901 -0.1638 0.91367 -0.37129 -0.16537 0.6515 0.05531 -0.75663 0.94531 0.08415 -0.31513 0.72444 0.47187 -0.50253 0.96453 0.22333 -0.14073 0.79488 0.57827 -0.18376 0.99986 0.01486 -0.00702 0.99982 0.0129 -0.01389 -0.00169 -0.90357 0.42844 0.08242 -0.36398 -0.92775 0.1516 -0.48746 -0.85988 -0.04534 -0.8995 -0.43456 0.14186 -0.98484 0.09984 0.21728 -0.79312 0.56899 0.5986 -0.67064 -0.43808 0.94874 -0.22904 -0.21779 0.6792 -0.3678 -0.63515 0.83834 -0.35387 -0.41469 0.64857 -0.38149 -0.65866 0.72371 -0.0459 -0.68858 0.79706 -0.07735 -0.59892 0.51715 0.41706 -0.74741 0.96735 0.12413 -0.22098 0.83699 0.40656 -0.36627 0.64403 0.1372 -0.7526 0.74513 0.21787 -0.63033 0.56666 0.56728 -0.59757 0.67674 0.54376 -0.49634 0.36641 0.92615 0.08936 0.76707 0.50751 0.39248 0.07807 -0.60118 0.79529 0.09909 -0.58283 0.80653 0.07452 0.60269 0.79449 0.07715 0.60066 0.79578 0.99928 -0.02682 -0.02701 0.9988 3E-05 -0.04891 0.99925 0.00604 -0.03833 0.99762 0.02658 -0.06363 0.99991 -0.00723 -0.01097 0.99812 -0.02905 0.05397 0.59737 -0.61232 0.5179 0.72774 -0.39003 0.56416 0.93763 0.20604 0.28 0.93674 -0.22643 0.26693 0.90369 -0.26412 0.33703 0.74027 -0.12414 0.66075 0.95193 -0.00354 0.30629 0.58526 0.38641 0.71285 0.66796 0.46076 0.5844 0.8762 0.44899 -0.17517 0.78065 0.54923 -0.29822 0.81358 -0.30676 -0.49395 0.93672 -0.34801 0.03795 0.89128 -0.44716 0.0753 0.04364 0.98377 0.17402 0.12255 0.99083 -0.05693 -0.00395 0.91288 -0.40821 0.12404 0.54627 -0.82837 0.05082 0.41654 -0.90769 0.99985 -0.0078 -0.01549 0.99985 0.01021 -0.01422 0.99992 0.01 0.00826 0.9994 0.03112 0.01526 0.9997 0.02249 0.01003 0.99984 0.01349 0.0118 0.07003 -0.36647 -0.92779 0.08378 -0.38917 -0.91735 0.36607 0.8188 -0.44223 0.39306 0.17547 -0.90262 0.23285 -0.09289 -0.96807 0.89231 0.43583 -0.11763 0.70226 0.70543 -0.0959 0.70397 0.70353 -0.09726 0.99982 0.00046 0.01922 0.99987 0.00454 0.01575 0.99955 0.02296 0.01939 0.06141 -0.90247 0.42635 0.11681 -0.91889 0.37683 0.73448 -0.488 0.47158 0.59124 0.36206 0.72065 0.96899 0.22571 0.10056 0.86556 0.24409 0.4373 0.56572 0.79926 0.20284 0.62205 0.68456 0.38004 0.72958 0.67827 0.08759 0.76739 0.5237 0.36993 0.70407 0.48707 0.51676 0.76792 0.3458 0.53918 0.16741 0.11748 0.97886 -0.001 -0.11519 0.99334 0.1184 0.65892 0.74284 0.15013 0.03626 0.988 -0.01773 0.86484 0.50173 0.48696 0.44944 0.74891 0.32245 0.93972 0.11379 0.91594 0.00834 0.40123 0.59867 0.74828 0.28577 0.99894 -0.03194 -0.03314 0.99814 0.0299 -0.05311 0.99998 -0.00394 0.00405 0.99979 0.01664 -0.01199 0.99996 -0.00519 0.0066 0.99996 -0.00643 0.00645 0.48306 -0.7152 0.50512 0.61215 -0.59218 0.52401 0.5728 -0.42844 0.69881 0.93675 -0.19396 0.29133 0.91427 -0.37564 0.15166 0.77988 -0.07972 0.62084 0.85957 -0.2324 0.45511 0.81994 -0.43098 0.37678 0.79926 -0.5785 0.16284 0.66609 -0.70503 0.24345 0.61286 -0.05182 0.78849 0.6861 -0.08164 0.72291 0.76354 -0.58209 -0.27961 0.78392 -0.62077 0.01084 0.91341 -0.39791 -0.08575 0.28335 0.0658 -0.95676 0.06689 0.37309 -0.92538 0.08089 0.39595 -0.9147 0.99988 -0.00021 -0.01551 0.99968 0.01493 -0.02063 0.9989 -0.04057 0.0237 0.15072 -0.77473 -0.61407 0.022 -0.74235 -0.66965 0.18357 -0.60833 -0.77216 0.23419 -0.38986 -0.8906 0.09746 -0.8037 -0.58701 0.14393 -0.85164 -0.50398 0.24475 -0.12935 -0.96092 0.13265 -0.22518 -0.96524 0.0836 -0.53245 -0.84232 0.50968 -0.74903 -0.4233 0.62692 -0.206 -0.75136 -0.11535 -0.06346 -0.9913 0.29453 -0.53528 -0.79166 -0.11294 -0.55089 -0.8269 -0.96197 0.00203 -0.27316 -0.94664 -0.0017 -0.32229 -0.95869 0.00374 -0.28443 -0.92751 0.00372 -0.37379 -0.90823 0.0083 -0.41839 -0.8841 -0.01562 -0.46704 -0.86285 -0.0023 -0.50546 -0.84406 -0.0028 -0.53624 -0.83084 0.00753 -0.55647 -0.80865 -0.00143 -0.58829 -0.82087 0.00169 -0.57111 -0.7992 -0.00018 -0.60107 0.02558 0.97295 0.22961 -0.00316 0.11444 0.99343 0.04702 0.22209 0.97389 -0.00536 0.43074 0.90246 0.05309 0.46616 0.88311 0.05442 0.6713 0.73918 -0.03187 0.75872 0.65063 -0.08888 0.96744 0.23697 0.12276 0.83552 0.53557 0.15465 0.95615 -0.2487 0.11676 0.99266 -0.03148 -0.14592 0.94784 -0.28339 0.1017 0.83088 -0.54708 0.13865 0.69011 -0.7103 0.0854 0.85304 -0.51482 0.10996 0.07359 -0.99121 0.24027 0.17146 -0.95544 0.09119 0.34921 -0.9326 0.23997 0.4661 -0.85157 0.1009 0.6642 -0.74071 0.77692 0.5602 -0.28734 0.91562 0.34619 -0.20443 0.08646 0.98689 -0.13631 0.11416 0.8691 -0.48127 0.04736 0.99722 -0.05748 0.05106 0.95755 -0.28371 0.08617 0.93675 -0.33921 0.31373 -0.50155 0.80624 0.25099 0.52866 0.81088 0.02648 0.99684 -0.07494 0.10087 0.99009 -0.09774 0.08065 0.97268 0.2177 0.06208 -0.08392 0.99454 0.12409 0.40592 0.90545 0.07254 0.21736 0.97339 0.06639 0.21932 0.97339 0.05888 0.46478 0.88347 0.0667 0.48431 0.87235 0.06178 0.66919 0.74052 0.07106 0.69069 0.71965 0.0582 0.84632 0.52948 0.05038 0.8559 0.51468 0.06525 0.96745 0.24451 0.04535 -0.98779 0.14903 0.04915 -0.04915 0.99758 0.08851 -0.95898 0.26931 0.06115 -0.36612 0.92856 0.04713 -0.40145 0.91467 0.0708 -0.65233 0.75463 0.04833 -0.7075 0.70506 0.07369 -0.82632 0.55835 0.04691 -0.87858 0.4753 0.05614 -0.06983 0.99598 0.28676 -0.36154 0.88716 0.45266 -0.57313 0.6831 0.46605 -0.85748 -0.218 0.50948 -0.85661 -0.0816 0.13896 -0.42974 -0.8922 0.82147 -0.50539 -0.26414 0.03034 -0.98732 -0.15581 0.08069 -0.99674 0.00067 0.13026 -0.94378 -0.30383 0.01348 -0.95792 -0.28673 0.10223 -0.93239 -0.34669 0.17765 -0.9789 -0.10094 -0.24745 -0.86581 -0.4349 -0.06098 -0.90389 -0.42339 0.13221 -0.9745 0.1813 -0.08009 -0.99615 -0.03554 0.08337 -0.04823 0.99535 -0.04426 -0.89513 0.44361 -0.01666 -0.88381 0.46755 -0.01551 -0.21531 0.97642 0.09585 -0.39018 0.91574 -0.03777 -0.57332 0.81846 0.11714 -0.68622 0.7179 0.99625 -0.04757 -0.07223 0.99062 0.07972 0.11102 0.98554 -0.13936 0.09641 0.99691 0.07796 0.00999 -0.2968 -0.3945 0.86964 0.0298 -0.90634 0.42149 0.08879 -0.58021 -0.80962 -0.37273 -0.83657 -0.40154 0.21956 0.25467 0.94177 -0.31161 0.56469 -0.76421 0.00547 0.82119 -0.57063 -0.43967 0.78025 0.44486 -1 0 0 -0.14683 -0.85206 -0.50243 -0.19762 -0.88375 -0.42419 0.01037 0.59424 -0.80422 -0.20007 0.91897 -0.33981 -0.02616 0.86842 0.49513 -0.23367 0.10309 0.96684 -0.04939 -0.41261 0.90957 -0.75537 -0.2041 0.62271 0.24291 -0.5859 0.77312 -0.63321 -0.60613 0.4813 0.33544 -0.83875 0.42892 -0.71985 -0.69198 0.05459 0.16507 -0.98143 -0.09768 -0.5243 -0.76888 -0.36598 0.04017 -0.81178 -0.58257 -0.63498 -0.48012 -0.60522 0.21991 -0.44084 -0.87023 -0.64757 -0.10817 -0.75429 -0.99999 -0.00183 0.00342 -0.99313 -0.01515 -0.11604 -1 -0.0005 -0.00016 -1 -0.00044 -0.00103 -1 0.0018 -0.00198 -0.99997 -0.00016 -0.00809 -1 -0.00018 0.00013 -1 0.00112 -0.00019 -0.99999 0.00046 0.00429 -0.99255 0.07847 0.09322 -0.63059 0.25641 -0.73254 0.38389 0.62535 -0.67939 -0.70766 0.57278 -0.41369 0.1426 0.97625 -0.16309 0.16103 0.97377 -0.16076 -0.56145 0.79774 0.21997 0.15739 0.90854 0.38701 -0.53548 0.62324 0.56994 -0.45946 0.64261 0.61315 -0.09703 0.33582 0.93691 -0.44666 0.34359 0.8261 0.19826 -0.1202 0.97275 -0.71036 0.69444 -0.11465 0.41075 0.85277 -0.32259 -0.26073 0.65882 -0.70567 -0.32134 0.64132 -0.69674 -0.00902 0.25833 -0.96602 0.10984 0.27048 -0.95644 0.47128 0.86602 0.16705 -0.53985 0.77443 0.32989 0.26689 0.74336 0.61333 -0.64191 0.30385 0.70401 0.45942 0.00678 0.88819 0.3051 -0.88467 0.35253 -0.41726 -0.80912 0.41378 0.00156 -0.60399 0.79699 0.14593 -0.58535 0.79754 -0.42774 -0.11085 0.89708 -0.38171 -0.91739 -0.11269 -0.03612 -0.81397 -0.57978 -0.53986 -0.38039 -0.7509 0.52884 -0.24853 -0.81152 -0.25947 -0.0942 -0.96114 1 -0.00033 0.00093 0.99403 0.01035 0.10861 0.99725 -0.00748 -0.07369 0.99799 -0.02608 0.05771 1 -0.00015 -0.00095 0.99999 0.00162 -0.00289 1 0.00011 -0.00144 0.99303 0.03736 -0.11181 1 0.00027 0.00285 0.99998 0.00483 -0.00498 -1 -0.0025 0.00155 -1 0.00143 0.00025 -1 5E-05 0.00029 -1 -0.00189 0.00104 -1 -0.00225 0.00038 -1 -0.00296 0.00087 -0.99999 0.00295 -0.00163 -1 0.0021 0.00012 -0.99996 -0.00698 0.00516 -1 -0.00087 0.00251 -0.99998 0.0055 -0.00112 -1 -0.00127 0.00288 0.19179 0.94547 -0.26324 -0.36173 0.93218 0.01401 -0.15608 0.9845 -0.08003 0.29722 0.95478 0.00781 -0.05168 0.99846 -0.01999 0.17102 0.98471 -0.03299 -0.18647 0.97264 -0.13854 0.03445 0.99462 -0.09768 0.08898 0.97432 -0.20683 -0.1493 0.94928 -0.27672 -0.05501 0.99845 -0.00811 -0.02921 0.99837 -0.049 -0.26633 0.8702 -0.41452 -0.08153 0.98068 -0.17785 -0.03398 0.03801 0.9987 -0.06618 0.95987 0.27253 -0.07488 0.2374 0.96852 -0.04778 0.5184 0.8538 -0.0335 0.3967 0.91734 -0.02892 0.64628 0.76256 -0.0506 0.77892 0.62508 -0.03032 0.99804 0.05476 -0.05825 0.04189 0.99742 0.06199 0.26648 0.96184 -0.02673 0.86808 0.49571 -0.02949 0.90949 0.41467 0.02551 0.95496 0.29563 -0.14322 0.34077 -0.92917 -0.0988 0.35853 -0.92827 0.05033 0.71487 -0.69744 -0.11408 0.7982 -0.5915 0.01841 0.89017 -0.45526 -0.08323 0.98033 -0.17895 -0.93849 -0.05358 -0.34112 -0.83846 0.44204 -0.31874 -0.96027 0.26571 -0.0853 -0.822 0.53348 -0.19928 -0.27857 0.80679 -0.52105 -0.6219 0.73358 -0.27404 -0.50285 0.83894 -0.20812 -0.46263 0.88651 -0.00842 -0.3535 0.53761 -0.76551 -0.67287 0.25634 -0.69393 -0.42883 0.6723 -0.60342 0.24987 -0.96351 -0.09597 0.01045 -0.99983 -0.01499 -0.38091 -0.9165 -0.12219 0.35273 -0.93353 -0.06403 -0.05362 -0.99762 -0.04329 -0.44031 -0.87736 -0.19071 -0.14168 -0.98951 -0.02817 0.0117 -0.99403 -0.10851 -0.1 -0.97659 -0.19046 -0.07873 -0.99353 -0.08188 0.02299 -0.99658 -0.07937 9E-05 -0.99583 -0.09124 0.00064 -0.95896 -0.28356 -0.28937 -0.83541 -0.46728 -0.21553 -0.89219 -0.39691 -0.49792 -0.51316 -0.6991 -0.64253 -0.5149 -0.56748 -0.23607 -0.95316 -0.18909 -0.50246 -0.84108 -0.2003 -0.68521 -0.62989 -0.36568 -0.79163 -0.6015 -0.10735 -0.61075 -0.79116 0.03226 -0.93468 -0.05093 -0.35182 -0.41503 -0.5925 -0.69043 -0.3601 -0.88732 -0.28808 -0.84936 -0.18269 -0.4952 -0.87681 -0.30744 -0.36972 -0.17674 -0.83669 -0.51838 0.02124 -0.62735 -0.77845 -0.21347 -0.33639 -0.91721 -0.26882 -0.36148 -0.89279 0.084 -0.07778 -0.99343 -0.0895 -0.86793 -0.48855 -0.06785 -0.99752 0.01883 -0.03722 -0.98343 0.17744 -0.03793 -0.87445 0.48363 -0.05801 -0.90474 0.42199 -0.0372 -0.78482 0.61861 -0.05965 -0.70244 0.70924 0.02085 -0.98968 0.14177 -0.0041 -0.90271 0.43022 -0.01103 -0.981 0.19369 0.01791 -0.24256 0.96997 0.05122 -0.26763 0.96216 -0.07467 -0.12813 0.98894 -0.02524 -0.56938 0.82169 -0.03989 -0.28578 0.95746 -0.06745 -0.42181 0.90417 -0.03246 -0.57281 0.81904 0.05463 -0.63024 0.77448 0.82525 0.00598 0.56474 0.87292 0.00299 0.48786 0.86553 -0.0009 0.50085 0.84059 -0.00175 0.54166 0.82743 0.00071 0.56156 0.82649 0.00028 0.56295 0.80889 0.00101 0.58796 0.14157 -0.94316 -0.30068 0.2688 -0.90347 -0.33391 0.79593 0.01299 -0.60525 0.85973 -0.50968 0.03307 0.66319 -0.73326 -0.15002 0.37853 -0.92196 -0.0819 0.34074 -0.88768 -0.30971 0.45222 -0.89161 -0.02303 0.49257 -0.16061 -0.85532 0.31079 -0.69863 -0.64446 0.64609 -0.34985 -0.67836 0.44816 -0.44875 -0.77316 0.83773 -0.31451 0.44642 0.42054 -0.758 -0.49858 0.63205 -0.71252 -0.30467 0.92837 -0.00031 0.37165 0.92293 0.00191 0.38497 0.89068 -0.00123 0.45463 0.89762 0.00182 0.44076 0.93277 0.00043 0.36046 0.95375 -0.00234 0.30061 0.96054 0.00082 0.27812 0.96536 0.00682 0.26085 0.95364 -0.02004 0.30027 0.23767 0.81976 -0.52107 0.41233 0.88285 -0.22486 0.57676 0.4797 -0.66124 0.47513 0.40026 -0.78361 0.30171 0.90784 -0.29122 0.38265 0.69182 -0.61235 0.72013 0.69383 -0.00446 0.64367 0.4928 -0.58552 0.46686 0.25621 -0.8464 0.71414 0.0362 -0.69906 0.59533 0.79122 -0.13986 0.4747 0.62981 -0.61481 0.00381 0.00424 -0.99998 0.00269 0.00636 -0.99998 0.00028 0.02818 -0.9996 -0.00066 4E-05 -1 -0.01304 -0.02401 -0.99963 -0.01037 -0.00782 -0.99992 0.00089 0.00077 -1 -0.00276 -0.0049 -0.99998 -0.01809 -0.01652 -0.9997 0.02111 0.0086 -0.99974 -0.17196 -0.06066 -0.98323 0.93229 0.04782 0.35854 0.92668 0.22356 0.30215 0.86649 0.45329 -0.2091 -0.76413 -0.12379 -0.63307 0.6739 -0.72792 -0.12643 0.91051 -0.41025 -0.05155 0.80298 -0.18584 -0.56629 0.74509 -0.19092 -0.63906 0.97509 -0.09441 -0.20074 0.99787 -0.01344 0.06381 0.99517 -0.07695 0.06093 0.99648 0.05323 -0.06471 -0.22196 -0.76762 0.60125 0.22916 -0.93976 0.25366 -0.09092 -0.49434 -0.8645 0.03165 -0.56914 -0.82163 -0.06257 0.80102 -0.59535 -0.10089 0.77916 -0.61865 -0.04836 0.42487 0.90396 -0.17376 0.49467 0.85154 -1 -2E-05 -2E-05 0.12353 -0.9488 -0.29072 -0.29479 -0.56049 -0.77392 -0.03271 0.80217 -0.5962 -0.24842 0.56817 0.78452 -0.18923 0.49323 0.84907 0.99568 -0.03088 -0.08759 0.98679 0.08931 0.1352 0.99729 -0.03316 0.06563 0.99038 0.11781 -0.0726 0.12284 -0.84438 0.52148 -0.10066 -0.93703 0.33444 0.20934 -0.76824 -0.60497 -0.264 -0.53115 -0.8051 -0.38094 0.62289 -0.68329 -0.04812 0.8641 -0.50102 -0.15834 0.46328 0.87195 0.09727 0.6145 0.7829 -1 -4E-05 4E-05 -0.20102 -0.85888 0.47109 -0.00404 -0.78565 -0.61866 -0.2182 -0.1837 -0.95846 0.03525 0.67327 -0.73855 -0.31189 0.87056 0.3806 0.23997 -0.01063 0.97072 0.91047 -0.28377 0.30088 0.40523 0.80775 0.42816 -0.10167 0.05459 0.99332 -0.12446 0.08976 0.98816 -0.91696 0.36762 -0.15504 0.07859 -0.73104 0.67779 0.0907 -0.712 0.6963 0.07862 -0.66244 0.74498 -0.77404 -0.49356 -0.39656 0.02376 0.66473 -0.74671 -0.33803 0.64449 -0.68583 0.03096 0.73596 -0.67631 -0.43065 0.85922 -0.27618 -0.96066 -0.24636 0.1282 -0.59318 -0.47084 -0.65303 -0.03243 -0.99928 0.01974 0.47454 -0.10885 -0.87348 0.76833 -0.38294 0.51286 0.1184 -0.47407 0.87249 0.53795 0.84276 0.01896 0.82803 -0.32037 0.46014 0.09078 0.71198 -0.69631 0.59233 0.40877 -0.6943 0.02996 -0.74785 0.66319 -0.03306 0.67213 -0.73969 0.74961 0.40518 0.52336 0.09061 0.72603 -0.68167 0.97544 -0.17817 -0.12952 0.57702 -0.78195 0.23582 0.23878 0.22493 -0.94466 0.28725 -0.61757 -0.73218 0.13575 -0.88438 -0.44658 -0.02732 0.70668 -0.707 -0.51075 0.06459 -0.8573 -0.75521 -0.64101 0.13701 -0.05551 0.69706 -0.71486 0.06278 -0.75609 0.65145 -0.00166 0.71055 -0.70364 -0.7703 0.03305 0.63682 -0.07883 0.98838 0.12997 -0.22817 -0.89777 -0.37677 -0.18286 -0.79893 0.57295 0.2897 0.83377 -0.47 0.05265 0.7355 -0.67548 -0.00402 -0.71015 0.70404 -0.90011 0.428 -0.08137 -0.26327 0.45593 0.85018 -0.08536 -0.15585 0.98409 0.97934 -0.20214 0.0052 0.9602 -0.14778 -0.23703 0.19562 -0.92828 -0.31627 -0.30545 -0.59799 -0.74102 -0.69962 -0.68956 -0.18718 -0.1907 0.40256 0.89531 -0.94451 0.10117 0.31252 -0.96464 0.12364 0.23277 -0.56666 -0.52147 -0.63793 -0.30033 -0.80514 -0.51143 0.40378 -0.47371 -0.78266 0.94721 -0.31377 -0.06584 0.98574 0.14222 -0.09 0.00201 0.71093 -0.70326 0.00489 0.70797 -0.70623 -0.00494 0.66235 -0.74918 0.29161 0.54951 0.78294 0.0535 0.80802 0.58672 -0.97178 0.13208 0.19544 -0.96743 0.16868 0.18877 0.28909 0.80884 0.51206 0.71286 0.19281 0.67429 -0.07116 0.94527 -0.31843 0.16062 0.37867 -0.91149 -0.03028 -0.78986 -0.61253 0.99968 -0.00913 0.02365 0.08428 -0.99169 0.09716 -0.08239 -0.30276 0.9495 0.09567 0.45961 0.88295 -0.42832 0.88965 0.15831 -0.37062 0.29031 -0.88225 -0.76576 -0.21051 -0.60769 -0.08419 -0.9915 -0.0992 -0.57906 0.11292 0.80743 -0.7031 0.23276 0.67192 -0.03515 0.8025 0.59562 0.16298 0.63219 0.75748 -0.1156 0.14849 0.98213 0.01219 -0.63451 0.77282 0.15979 -0.73826 0.65531 -0.99997 0.00746 0.00339 -0.99953 -0.00944 0.02926 -0.99065 -0.01878 -0.13511 -0.2011 -0.96492 -0.1688 0.18482 -0.56389 -0.80491 0.21605 -0.59531 -0.7739 -0.00175 0.20108 -0.97957 0.2602 0.66426 -0.70075 -0.12787 0.93778 -0.32284 1 -0.00016 -0.00018 1 1E-05 -2E-05 1 7E-05 -5E-05 1 2E-05 8E-05 1 0 0.00012 -0.92568 0.37715 -0.02966 0.5658 0.80621 0.1729 0.78296 -0.35177 -0.51307 -0.9202 0.35647 -0.16172 0.88363 0.20304 0.42188 -0.20691 0.12673 -0.97012 0.28209 0.29676 0.91234 0.01863 -0.11132 -0.99361 -0.56492 0.25517 -0.7847 -0.68055 0.26348 0.68369 0.22059 0.86031 0.45956 0.34194 -0.15543 -0.92678 -0.21876 -0.57402 -0.78908 -0.6912 -0.26198 -0.6735 -0.99949 -0.02378 0.02147 -0.98313 0.1379 0.12015 -0.39859 0.45519 0.7962 -0.08023 -0.93425 -0.34748 -0.88267 -0.42453 -0.20164 -0.866 0.32533 -0.37975 -0.75696 -0.24662 0.60513 -0.26755 0.58918 0.76242 -0.20169 0.38009 0.90269 0.02334 -0.8634 0.50398 0.00067 -0.86891 0.49498 -0.01764 -0.8636 0.50387 0.01584 -0.86827 0.49584 0.87471 0.4773 0.0841 0.75244 -0.10897 0.64958 0.66679 -0.74426 0.03822 0.27078 0.12244 -0.95482 -0.29552 -0.87615 -0.38082 0.12632 -0.97867 0.16204 0.40973 -0.91053 0.05532 0.5689 -0.72313 0.3917 0.39822 -0.71373 0.57621 0.44022 -0.59517 0.6723 0.12324 -0.3788 0.91724 -0.10953 -0.617 0.7793 -0.36896 -0.52681 0.76573 -0.56171 -0.69185 0.45367 -0.3886 -0.82841 0.40338 0 0.87243 -0.48874 -0.34856 -0.65535 -0.67009 -0.53943 0.06823 -0.83926 -0.99524 0.09222 0.03148 -0.85417 0.51949 -0.02301 -0.17728 0.13182 0.97529 0.00174 0.67336 0.73931 0.84182 0.33454 0.42357 0.8361 0.5397 -0.09828 0.98376 0.13948 -0.11297 0.5401 -0.31086 -0.78208 0.56964 0.20644 -0.79554 -0.94581 0.28435 -0.15684 -0.91548 -0.13958 0.37739 -0.18341 0.07106 -0.98046 -0.58055 -0.65626 -0.48196 0.47717 -0.78413 -0.3968 0.70903 -0.68413 0.17101 0.63249 0.72966 -0.2599 0.5268 0.71024 0.46696 -0.39248 0.60262 0.69485 0.00154 0.00257 1 -0.0366 0.63661 0.77032 0.56854 0.3495 0.74472 0.97816 0.19212 0.0793 0.95967 -0.21835 -0.17708 0.3574 -0.32146 -0.87688 0 0.86603 -0.5 0 0.86602 -0.50001 -1E-05 0.86602 -0.5 0 0.86602 -0.50001 0 0.86603 -0.5 0.52658 -0.4091 0.74522 -0.73424 -0.26654 0.62438 -0.16063 -0.3279 -0.93095 -0.30858 -0.17347 0.93525 -0.23208 0.13652 -0.96307 0.33333 -0.84269 0.42281 -0.99251 0.11947 -0.02566 -0.19014 -0.68816 -0.70021 0.78278 -0.40104 0.47584 -0.99934 0.03129 0.01862 -0.86816 -0.23865 -0.43513 0.96453 -0.17145 0.20072 0.63205 -0.1443 0.76137 0.17874 -0.20118 0.96311 -0.60554 0.26372 0.75085 -0.65577 0.3697 0.65825 0.92432 0.32183 0.20506 0.05133 -0.15367 0.98679 0.01189 -0.31285 0.94973 -0.47922 0.78188 0.39875 -0.95013 0.2386 0.20081 0.42905 0.90306 -0.01973 0.43148 0.90197 0.0168 0.45071 0.89257 0.01348 0.39862 0.91631 -0.03835 -0.3962 0.83606 -0.37952 -0.46611 -0.22907 -0.85456 0.02888 0.35248 -0.93537 0.08165 -0.92283 -0.37646 0.93312 -0.13951 -0.33141 0.58902 0.64771 0.48325 0.88801 0.40811 0.21187 0.71525 0.68681 -0.12926 0.74121 0.58491 -0.32939 0.42894 0.6438 -0.63366 0.25884 0.89312 -0.36789 -0.07216 0.90144 -0.42685 -0.03327 0.99523 0.09166 -0.09827 0.98332 0.15308 0.06983 0.84507 0.53007 0.44467 0.82099 0.35812 -0.43076 -0.90247 0.00219 -0.42949 -0.90307 -0.00299 0.48563 -0.78348 0.38772 0.15858 0.31131 0.93698 0.16728 0.3938 0.90385 -0.84899 -0.00303 0.5284 -0.82949 0.48136 0.28325 -0.8374 -0.23731 -0.49239 -0.75358 0.0124 -0.65724 0.20439 0.04369 -0.97791 0.17922 -0.74616 -0.64119 0.96338 0.24738 -0.10347 0.20096 0.40161 0.89349 0.71814 0.26736 0.64249 0.21689 -0.92972 0.29762 0.81841 0.53517 -0.2093 0.18228 -0.74354 -0.64337 -0.15955 -0.43955 -0.88393 -0.79125 0.40252 -0.46034 -0.45487 0.70967 -0.53801 -0.7939 -0.06364 0.60471 -0.79856 0.21604 0.56181 -0.94488 0.32631 -0.0269 -0.77172 0.4397 -0.45946 -0.17412 -0.07241 -0.98206 0.03512 -0.04298 -0.99846 0.83621 -0.39557 -0.37984 0.81744 -0.56678 -0.10272 -0.42894 -0.90334 0 -0.42894 -0.90333 0 -0.42893 -0.90334 -0 -0.42894 -0.90333 -0 -0.42894 -0.90333 -0 -0.32104 -0.23704 0.91692 0.07159 0.64257 -0.76288 -0.58629 -0.42871 -0.68737 -0.21129 0.05538 0.97585 -0.2047 0.60517 -0.76933 -0.53305 -0.52192 -0.66592 -0.38378 0.91836 -0.09653 -0.70319 -0.12341 -0.70021 0.08999 -0.81782 0.56839 -0.10043 0.88245 -0.45956 -0.27672 -0.96079 0.01784 -0.61807 0.41602 0.66702 0.11596 -0.6349 0.76384 -0.13223 -0.24809 0.95967 -0.02838 0.67621 0.73616 0.09928 0.80526 0.58455 -0.29191 -0.85331 0.43203 0.40608 -0.66436 0.62748 0.10509 0.11514 0.98778 0.33173 0.18102 0.92584 0.40417 0.85643 0.32121 -0.08924 0.97502 0.2034 0.99993 0.00201 -0.01168 0.99992 -0.00106 0.01265 0.99997 0.0016 -0.00725 0.99998 -0.00317 0.0054 0.51275 0.53721 -0.6697 -0.17237 0.41634 -0.89272 0.51176 -0.40523 -0.75756 -0.07836 -0.69123 -0.71837 0.56719 -0.82117 -0.06306 0.76976 -0.16677 0.61617 0.89634 -0.39021 0.21049 0.78614 -0.60053 0.14609 0.82464 -0.43691 -0.35928 0.8791 -0.31468 -0.35799 0.86567 -0.24283 -0.43777 0.83833 0.22573 -0.49624 0.86169 0.19114 -0.47006 0.7726 0.63174 -0.06321 0.90392 0.41941 0.08377 0.82615 0.36643 0.42801 0.90406 0.04928 0.42455 -0.99988 -0.00221 -0.01536 -0.95325 0.30019 -0.03467 0.00797 -0.97199 0.2349 -0.48995 -0.77958 0.39013 0.20603 -0.01015 0.97849 0.56755 0.11486 0.81529 -0.48141 0.72137 0.49786 0.40943 0.84036 -0.35519 0.20273 0.97633 -0.07539 -0.65811 0.60172 -0.45258 0.2112 0.37802 -0.90139 -0.49207 -0.45809 -0.74028 -0.57471 -0.49171 -0.65417 -0.18706 -0.75688 -0.62621 0.44899 -0.00927 0.89349 0.54956 -0.53404 0.64249 -0.74682 -0.59471 0.29762 0.83448 -0.50974 -0.2093 -0.59348 -0.48359 -0.64337 -0.45701 -0.05025 -0.88804 0.42443 0.74108 -0.52025 0.4892 0.69702 -0.52426 -0.46614 0.71596 0.51973 -0.41384 0.74924 0.51709 -0.11095 0.98838 -0.10389 0.0223 0.81825 -0.57442 -0.11372 0.30952 -0.94407 0.04289 -0.05644 -0.99748 -0.10425 -0.61351 -0.78278 0.01476 -0.92495 -0.37979 -0.13372 -0.99085 0.0184 0.30156 0.69211 -0.65577 0.77912 -0.30086 0.54996 0.65795 -0.66888 0.34598 -0.21288 0.33043 0.91951 -0.20716 -0.97638 -0.06132 0.01312 -0.99926 0.03623 -0.01144 -0.99988 -0.01059 0.25046 0.90526 -0.34319 -0.44738 0.23396 0.8632 -0.01855 0.9894 -0.14402 0.12082 0.99223 0.0298 -0.40588 -0.31031 0.85963 -0.99131 0.08764 -0.09809 -0.98064 -0.19424 -0.02481 -0.59059 0.21146 -0.77877 -0.00023 -0.7674 -0.64117 0.54818 0.47079 -0.69127 0.39282 -0.89737 0.20106 0.93677 -0.3493 0.02116 0.01487 0.9997 -0.01927 0.63549 0.21398 -0.74187 0.06117 0.99276 -0.10335 -0.16939 0.16669 -0.97135 -0.14837 0.74527 -0.65004 -0.70158 0.59025 -0.39924 0.4969 0.84156 0.2118 0.948 -0.30345 -0.09596 0.73717 -0.55427 -0.38647 0.07614 -0.99362 -0.08315 0.03842 0.99861 -0.03598 0.21275 -0.44069 -0.87208 0.04303 0.99769 -0.05255 -0.17596 0.88949 -0.42171 -0.38449 -0.76555 -0.51586 -0.74508 -0.49767 -0.44404 -0.50209 -0.86474 -0.01148 -0.47779 -0.35028 0.80562 -0.08931 -0.9151 0.39322 0.01673 0.88324 0.46862 -0.37144 0.92792 -0.03142 -0.90541 0.06346 0.41977 -0.83274 0.11388 0.54183 0.04684 0.99806 0.04113 -0.00257 0.96983 -0.24378 -0.05136 0.60596 -0.79383 0.47227 -0.15909 0.86698 0.54581 -0.24011 0.80277 0.31245 -0.45184 -0.83559 -0.323 0.11228 -0.93972 -0.43193 -0.02752 -0.90149 -0.94611 -0.31511 -0.07472 -0.89696 0.25878 0.35847 0.48713 0.32162 0.81195 0.4241 0.20562 0.88196 -0.62642 -0.23477 0.74329 -0.89164 -0.27929 0.35634 -0.96586 0.23832 -0.10156 -0.31757 -0.21333 -0.92393 -0.28038 -0.16112 -0.94627 0.54763 0.23641 -0.80263 0.13094 0.95122 -0.27936 -0.01162 0.99963 -0.02469 0.01945 0.99936 0.02988 -0.08143 0.99529 -0.05265 0.92621 -0.24358 -0.28775 0.92566 0.22417 0.30479 0.42334 -0.21387 0.88037 -0.1192 0.31473 0.94167 0.92216 -0.3846 0.0414 0.95464 0.02651 -0.29658 -0.19516 -0.95693 0.21496 -0.00274 -0.99751 0.07041 0.08003 -0.98788 0.13296 0.04945 0.85977 -0.50827 0.02724 0.82632 -0.56254 0.02571 -0.92707 -0.37401 0.00733 -0.94541 -0.3258 0.9975 -0.05825 0.04005 0.00159 0.0159 0.99987 0.02336 0.08024 0.9965 -0.55596 0.81623 0.15709 -0.4161 0.90735 0.05978 -0.23167 -0.20624 -0.95068 -0.74682 -0.65304 -0.12568 -0.74365 -0.65767 -0.12023 -0.10881 -0.45894 0.88178 0.06931 0.98093 0.18159 0.12316 0.62014 0.77476 0.06659 0.57254 0.81717 -0.12357 -0.22912 0.96552 0.12526 -0.74201 0.65858 0.13416 -0.73464 0.66507 -0.99943 -0.03371 -0.00156 -0.9985 -0.05444 0.00496 -0.99898 0.01519 0.04244 -0.99752 0.03671 -0.05999 -0.15979 -0.98332 -0.08694 0.08859 -0.67748 -0.73018 0.18996 -0.58175 -0.79087 0.05398 -0.02497 -0.99823 0.11007 0.09522 -0.98935 -0.13985 0.81083 -0.56832 0.16401 0.98646 -0.00152 1 -7E-05 3E-05 1 0.00012 -0.0001 1 -0 5E-05 1 7E-05 -7E-05 0.64124 -0.18293 0.74522 -0.88792 -0.40622 0.21582 0.01448 -0.39117 -0.92021 0.18794 -0.41624 0.88962 -0.80855 -0.58302 0.07956 0.47501 0.05575 -0.87821 -0.64412 -0.09269 -0.75929 0.90497 -0.41602 -0.08924 -0.26757 -0.43229 0.86112 -0.90457 -0.40671 0.12778 -0.41458 -0.67323 -0.61228 0.94333 0.12167 0.30876 0.97568 -0.21848 0.01794 0.6403 0.0994 0.76166 0.21532 -0.1171 0.9695 -0.69902 0.02702 0.71459 -0.79702 0.153 0.58425 0.62431 0.5152 0.5872 0.28198 -0.53768 0.7946 -0.15651 0.56941 0.80702 -0.90758 -0.22735 0.35301 -0.85314 0.23368 0.46642 0.06261 0.99799 -0.00946 0.05973 0.99821 0.00189 0.06012 0.99819 0.0033 0.06989 0.99715 0.02833 -0.6381 0.36458 -0.67816 -0.64157 0.26587 -0.71952 0.40545 0.51572 -0.75475 0.49317 -0.77073 -0.40343 0.89535 0.43634 -0.08923 0.22196 0.90109 0.37252 0.21138 0.89103 0.40174 0.54123 0.7752 0.32579 0.49799 0.84471 -0.19612 0.36956 0.90401 -0.21492 0.29366 0.83893 -0.45821 -0.28041 0.83827 -0.46763 -0.26013 0.91051 -0.32142 -0.54305 0.82733 0.14362 -0.34022 0.91627 0.21141 -0.2837 0.8647 0.4145 -0.07283 -0.98643 0.14714 -0.05744 -0.99835 -0.00106 0.78662 -0.46429 0.40702 0.0162 0.09641 0.99521 -0.05733 0.3659 0.92888 -0.79595 -0.30459 0.52315 -0.93439 0.27787 0.22295 -0.37766 -0.73445 -0.56387 -0.75768 0.03595 -0.65163 0.34926 -0.19707 -0.91607 0.46001 -0.63232 -0.62335 0.82151 0.57019 -0.00198 0.03649 0.4476 0.89349 0.56639 0.51615 0.64249 0.54831 -0.78152 0.29762 0.59952 0.76761 -0.22659 0.46918 -0.61524 -0.63352 0.02255 -0.45797 -0.88868 -0.74247 0.40006 -0.5373 -0.60306 0.58024 -0.5474 -0.74292 -0.42185 0.51973 -0.78624 -0.34127 0.51513 -0.90138 -0.07279 -0.42686 -0.81894 0.00054 -0.57387 0.07918 -0.03919 -0.99609 0.05309 -0.05643 -0.99699 0.92527 -0.00337 -0.37931 -0.06066 -0.99816 0 -0.06066 -0.99816 0 -0.06066 -0.99816 0 -0.06066 -0.99816 -0 -0.06066 -0.99816 0 -0.06066 -0.99816 -0 -0.06066 -0.99816 -0 0.16059 0.95091 0.26455 -0.09138 -0.54544 -0.83315 -0.1098 -0.57356 -0.81177 0.99879 -0.0438 -0.02218 0.17306 -0.39249 0.90333 0.07442 -0.06827 0.99489 0.11199 0.98368 0.14082 -0.55611 0.77133 -0.30949 -0.55858 0.03333 -0.82878 -0.5719 -0.67288 -0.46921 -0.02933 -0.18537 0.98223 0.26312 0.92946 0.25858 0.05766 0.82109 0.56788 0.15873 -0.06759 0.98501 0.18717 -0.04066 0.98148 -0.04186 -0.93039 0.36417 0.29499 -0.9539 -0.05535 -0.99962 0.02432 0.01288 -0.99872 0.00401 -0.05052 -0.23646 -0.71786 -0.65479 -0.02863 0.1658 -0.98574 0.21635 0.34296 -0.9141 -0.0408 0.96078 -0.27431 1 -1E-05 -3E-05 0.16059 0.95091 0.26454 -0.09138 -0.54544 -0.83315 -0.1098 -0.57356 -0.81177 0.07442 -0.06827 0.99489 0.11199 0.98368 0.14082 -0.54891 0.79239 0.26612 -0.54933 0.5196 -0.6544 -0.19972 -0.91684 -0.34572 -0.55642 0.005 0.83089 0.24386 0.91149 0.33123 0.15879 0.95119 0.26462 0.28376 -0.06564 0.95665 0.09914 0.26212 0.95993 -0.08432 -0.60851 0.78906 0.25602 -0.96505 -0.056 -0.99975 -0.01904 -0.01188 -0.99845 0.03488 0.04328 -0.08448 -0.93952 -0.33192 -0.17455 -0.00246 -0.98465 0.22802 0.34203 -0.9116 -0.05421 0.88664 -0.45928 1 -1E-05 -3E-05 -0.14063 0.91501 -0.37813 0.19242 0.1695 -0.96656 0.0514 -0.82978 -0.55572 0.99836 0.05598 0.01198 0.22337 -0.89676 0.382 0.00551 -0.45648 0.88972 0.20398 0.82224 0.53133 -0.56289 0.57581 0.59296 -0.38767 0.62634 -0.67632 -0.32781 -0.92911 -0.17114 -0.57405 -0.16247 0.80254 -0.10321 0.76239 0.63884 0.169 -0.25933 0.95089 0.37655 -0.42291 0.82423 -0.01556 -0.95157 0.30704 -0.99744 0.07089 0.00971 -0.99912 -0.03451 0.02386 0.23169 -0.80827 -0.54131 0.03806 -0.70108 -0.71207 0.01968 0.068 -0.99749 -0.09699 0.19884 -0.97522 -0.12435 0.87133 -0.47468 0.39387 0.91427 0.09473 1 9E-05 -8E-05 -0.48032 0.32805 -0.81344 -0.80093 -0.27852 -0.53004 -0.39832 0.89987 0.17771 -0.73432 0.16872 0.65751 0.25344 0.61925 0.74317 0.42894 0.90333 -0 0.42894 0.90334 -0 0.42894 0.90333 -0 0.22048 -0.22755 0.94848 0.98251 -0.07793 0.16912 0.80264 -0.59559 -0.03226 0.56751 0.1832 -0.80273 0.53084 0.14784 -0.83448 0.9247 -0.0285 0.37963 0.88843 -0.00374 0.459 0.89007 -0.00771 0.45575 0.73824 0.20637 -0.64219 0.90353 0.42454 0.05831 -0.17963 0.69062 0.70055 0.99289 0.10646 -0.05317 0.98576 -0.15043 0.07513 0.58353 -0.32652 0.74356 0.84678 -0.53089 -0.03335 0.07213 -0.73527 -0.67392 0.32823 0.93869 -0.10549 0.00717 0.89887 -0.43816 0.53507 0.28873 -0.79394 0.33162 0.43226 -0.83856 -0.27101 -0.18983 -0.94367 -0.11371 -0.89605 -0.42915 0.38243 -0.68095 -0.62455 -0.00132 0.99372 0.11188 0.48399 -0.87473 0.02457 0.09833 -0.94127 0.32302 0.21234 -0.62638 0.75004 0.53 -0.3463 0.77406 -0.09267 -0.02138 0.99547 0.24046 0.65933 0.71236 0.34302 0.66129 0.66711 0.75912 0.64767 0.06527 0.92947 0.26485 0.2568 0.35012 0.85339 0.38618 0.74886 -0.08831 0.65682 0.73593 0.61212 -0.28936 0.41108 0.71245 -0.56871 0.966 0.12551 -0.22604 0.86365 -0.48958 -0.12007 0.67204 -0.66537 -0.32502 0.85759 -0.17673 -0.48301 0.70395 -0.16547 -0.6907 0.70095 -0.69881 0.14258 0.8065 -0.55998 0.18968 0.73711 -0.40152 0.54356 -0.40506 -0.23936 0.8824 0.98517 -0.08778 -0.14745 0.94898 0.04063 -0.31271 0.87463 0.0309 0.48381 0.90896 0.03529 0.41538 0.78633 0.35684 0.50434 0.97272 0.12428 0.19591 0.97021 -0.02971 0.24043 0.96187 -0.08183 0.26099 0.79117 -0.12893 0.59785 0.61083 -0.7864 0.09195 0.39498 -0.47627 -0.7856 0.99183 -0.0518 -0.11662 0.87315 0.02105 -0.487 0.82973 0.52652 -0.18529 0.88721 0.41664 -0.19817 0.73333 0.43221 -0.52481 0.93512 0.30374 0.18246 0.97386 -0.22674 0.01335 -0.9878 0.14271 -0.06226 -0.90187 -0.13388 -0.41074 0.9955 -0.07932 0.05174 0.99099 0.04947 -0.1245 0.99 0.14098 0.00379 -0.96232 0.06418 -0.26424 -0.98014 -0.19818 0.00661 0.9876 -0.05738 0.14613 0.97477 -0.21448 0.06184 -0.99525 0.01158 0.09666 0.17498 0.98454 -0.00806 0.1607 0.98689 0.01462 -0.07374 0.03483 -0.99667 0.05561 0.36924 -0.92767 -0.9982 -0.00594 -0.0597 -0.61749 0.75616 -0.21662 -0.79202 -0.07595 0.60576 0.06066 0.99816 0 0.06066 0.99816 -0 0.1876 0.31036 0.93192 0.06852 0.69008 0.72048 0.85205 -0.50518 0.13716 0.7738 0.58884 -0.23346 0.73926 0.24744 -0.62632 0.06186 0.99353 0.09524 0.00538 0.99991 -0.01195 0.08532 0.99622 -0.01621 0.20712 0.97674 0.05543 -0.11827 -0.98666 0.11184 0.33503 -0.92448 -0.18194 -0.03802 -0.00413 -0.99927 -0.07017 -0.00065 -0.99753 -0.01854 -0.03577 -0.99919 -0.0201 -0.12993 -0.99132 -0.16359 0.07034 -0.98402 0.14828 0.93024 0.33566 0.89562 -0.37702 0.23605 -0.09104 0.00555 -0.99583 -0.89496 -0.23919 0.37662 0.14022 0.82715 -0.54421 -0.13595 0.5498 -0.82416 0.09454 0.9955 -0.00707 -0.50382 0.61439 0.60719 0.51293 0.66588 0.54177 0.2097 0.84425 0.49322 0.95514 0.03981 -0.29348 0.99163 0.09396 -0.08854 0.48999 -0.61359 -0.61921 -0.23783 -0.64763 -0.72389 -0.4988 -0.34805 -0.79376 -0.95411 0.29663 -0.04102 -0.99181 0.08175 -0.0981 0.09193 0.80268 0.58928 0.73492 -0.36806 0.56959 0.67495 0.49184 -0.55003 0.49974 -0.41419 -0.76072 0 1 0 -0.68508 0.63103 -0.36398 -0.96287 -0.12914 -0.23708 -0.40924 -0.21385 0.88701 0.49655 0.27071 -0.82471 0.52431 0.29685 -0.79811 -0.50659 0.04778 -0.86086 0.9973 0.0709 -0.01894 -0.95966 0.1524 -0.23629 -0.9404 0.34002 -0.00565 -0.5116 0.2238 0.82957 -0.41454 0.14441 0.8985 0.49823 0.32549 0.80363 0.79011 0.02723 0.61236 0.02145 -0.82221 0.56879 0.01685 -0.82099 0.57069 -0.02824 -0.86461 0.50165 0.02825 -0.86657 0.49826 -0.01723 -0.86194 0.50672 0.15997 -0.98156 0.10466 -0.24046 -0.67184 0.70058 -0.2476 -0.93619 0.2495 0.43905 -0.27208 0.85627 0.89318 0.04504 0.44743 0.83289 -0.50032 0.2366 0.76129 0.04392 -0.64693 -0.63512 0.6597 -0.40177 -0.35499 -0.93279 -0.06234 -0.72946 -0.06709 -0.68072 -0.5537 -0.72237 0.41425 -0.59493 0.72032 0.35665 -0.35584 -0.35737 0.86352 0.42461 -0.45611 0.7821 0.19759 -0.87973 0.43247 0.59157 -0.75404 0.28543 0.3896 -0.70709 -0.59011 0.18302 -0.96061 -0.20912 0.99542 -0.09484 0.01236 0.99633 0.08369 0.0181 1 -0.00074 -0.00034 1 0.0007 -0.00028 1 -0.00011 -5E-05 1 -0.00022 0.00021 1 0.00022 -0.00042 1 9E-05 -5E-05 1 5E-05 6E-05 1 0 1E-05 0.01338 -0.77562 0.63106 0.00227 -0.8186 0.57436 0.04524 -0.82191 0.56782 -0.00882 -0.85217 0.52319 0.0442 -0.73959 0.6716 0.04829 -0.82818 0.55838 -0.00339 -0.77832 0.62786 -0.03866 -0.77731 0.62793 -0.03201 -0.82943 0.55769 0.01149 -0.82658 0.5627 -0.11083 -0.81205 0.57297 -0.00873 -0.77425 0.63281 0.17196 -0.91576 0.36307 0.17538 -0.86942 0.46191 0.13879 -0.87528 0.46327 0.21719 -0.91006 0.35301 -0.12532 -0.87462 0.46834 0.09856 -0.94709 0.30547 -0.03632 -0.90986 0.41332 0.04023 -0.92383 0.38068 -0.10999 -0.88438 0.45362 -0.01428 -0.913 0.40772 0.02344 -0.9382 0.3453 0.05042 -0.94844 0.31293 -0.12774 0.96374 -0.23429 0.13998 -0.78372 0.60513 -0.06697 -0.99167 0.11001 0.00271 -0.80659 0.59111 0.07414 -0.85811 0.50809 -0.03843 0.9983 0.04389 -0.0137 0.99991 0.00147 -0.02428 0.99397 -0.10693 0.0061 0.98807 -0.1539 0.03091 0.98734 -0.15558 0.1203 0.9878 -0.09889 0.02648 0.99955 0.01381 0.05929 0.79721 -0.60078 0.04575 0.8028 -0.59449 -0.01047 0.82062 -0.57138 -0.03395 0.72457 -0.68836 0.03361 0.69011 -0.72292 -0.02004 0.48253 -0.87565 0.0299 0.66636 -0.74503 -0.01341 -0.57038 0.82127 0.01119 -0.99961 0.02556 0.0191 -0.99974 0.01239 -0.00233 -0.86207 -0.50678 0.00781 -0.85409 -0.52006 0.02501 -0.36629 -0.93016 -0.03797 -0.29282 -0.95541 0.05802 0.38083 -0.92282 0.01065 0.45106 -0.89243 -0.03954 0.66681 -0.74417 0.0148 0.98408 -0.17712 0.00255 0.83574 -0.54912 -0.01005 0.82094 -0.57093 0.04177 0.87794 0.47695 -0.01978 0.92502 0.37941 0.06591 0.72767 -0.68275 0.03286 0.99557 0.08806 0.02936 -0.60383 0.79657 0.0329 -0.61092 0.79101 0.02553 -0.32514 0.94532 0.14949 -0.19406 0.96953 -0.07402 0.22122 0.97241 0.08256 0.50201 0.86091 -0.01024 0.55993 0.82847 0.02413 0.57291 -0.81926 0.14782 0.95877 -0.24271 0.05226 0.92577 0.37446 0.0793 0.90505 0.41785 0.104 0.80123 0.58925 0.05553 0.42153 -0.90511 0.14388 0.9541 -0.26267 0.08088 0.66026 0.74667 0.20728 0.9756 -0.0724 0.3245 0.57886 -0.74808 0.30999 0.91469 0.25933 0.21974 0.55796 0.80025 0.6124 0.74112 -0.27515 0.78959 0.59401 0.15396 0.78298 0.5782 0.22943 0.95634 0.19679 -0.21609 0.51895 0.31026 0.79651 0.32916 0.05923 0.94241 0.83851 0.21347 -0.50133 0.4831 -0.16965 0.85897 0.94624 -0.06974 -0.31587 0.59152 -0.08394 -0.80191 0.70821 0.13786 0.69242 0.63951 -0.46218 0.61435 0.70767 -0.4438 0.54977 0.82738 -0.53399 -0.17407 0.8695 -0.4784 0.12291 0.45149 -0.87663 0.16636 0.59306 -0.7138 -0.37251 0.23284 -0.9469 0.22175 0.09064 -0.36079 -0.92823 0.31917 -0.80317 -0.50304 0.14175 -0.98961 0.02403 0.13347 -0.9889 0.06524 0.12483 -0.8889 0.44077 0.06023 -0.74886 0.65999 -0.02903 -0.54191 0.83993 0.08809 -0.80502 -0.58666 0.08608 -0.80194 -0.59117 0.02928 -0.50317 -0.86369 -0.07034 -0.01686 -0.99738 0.0019 -0.10112 -0.99487 -1 6E-05 -0 -1 -0.00078 -0.00061 -1 -3E-05 -0 -1 -0.00022 -4E-05 -1 0.00015 0.00111 -1 0.00018 0.00012 -0.7943 0.23999 -0.55811 -0.68977 -0.53216 0.49095 -1 1E-05 -0 -1 0.00035 -0.00017 -1 0 1E-05 -0.99942 0.01819 0.02876 -0.99998 -0.00228 0.00542 0.00219 0.10293 -0.99469 -0.99874 0.01725 0.04722 -1 1E-05 0.00175 -0.9989 -0.03414 0.03224 -0.99967 -0.02538 -0.00365 -0.99998 -0.0055 0.00134 -1 0.0001 0.00178 -0.98947 -0.14471 -0.00301 -0.99983 0.01813 0.00273 -1 -0.00025 0.00179 -0.99984 -0.00181 0.01755 -0.99496 -0.09658 -0.02693 -0.9987 0.0507 -0.00584 -0.99965 0.00094 0.02644 -0.99958 -0.02806 0.00782 -0.99828 0.05785 -0.009 -0.99945 0.03121 0.01126 -0.99999 -0.00317 -0.00046 -0.99976 0.01952 0.0098 -0.99988 0.01436 0.00594 -0.99918 -0.03985 0.00699 -0.99999 -0.00337 -0.00047 -0.99999 0.00486 -0.00105 -0.99969 0.02299 0.00914 0.0185 0.05103 0.99853 0.05003 0.1307 0.99016 0.00591 0.3457 0.93833 0.01554 0.81751 0.57571 0.1728 0.22918 0.95792 0.19533 0.21763 0.95629 0.07522 0.45222 0.88873 0.07583 0.61486 0.78498 0.09323 0.95409 0.28463 0.04226 0.9279 0.37042 -0.02386 0.96392 0.26513 0.02627 0.99517 0.09457 0.06285 0.63993 0.76586 -0.24395 0.96939 -0.02776 -0.01526 0.99985 0.00757 -0.01059 0.99661 -0.08153 0.08266 0.88096 -0.46592 0.07736 0.9508 -0.3 0.05879 0.69651 -0.71514 0.02384 0.90379 -0.42732 0.85205 0.17386 -0.49375 0.70201 0.08823 -0.70668 0.9482 0.02528 -0.31665 0.86254 0.1672 -0.47756 0.38977 0.87435 -0.28913 0.43704 0.78275 -0.44305 0.2047 0.40049 -0.89314 0.19521 0.41366 -0.88926 0.1979 0.6539 -0.73024 0.72161 0.51371 -0.4641 0.71767 0.5167 -0.46687 0.39832 0.25043 -0.8824 0.33182 0.35391 -0.87444 0.63913 0.09531 -0.76317 0.94186 -0.08553 -0.32494 0.68052 -0.35777 -0.63945 0.94863 -0.01651 -0.31594 0.60484 -0.15513 -0.78109 0.38829 -0.66305 -0.64 0.4546 -0.82975 -0.32383 0.75196 -0.48637 -0.44497 0.74022 -0.40398 -0.53747 0.52741 -0.49567 -0.69004 0.42793 -0.82792 -0.36252 0.36185 -0.24911 -0.89834 0.82382 -0.17351 -0.53964 0.78057 -0.14401 -0.60825 0.33846 -0.30457 -0.89033 0.18032 -0.64618 -0.74158 0.07389 -0.91094 -0.40586 0.00298 -0.56916 -0.82222 0.01497 -0.78642 -0.61751 -0.00256 -0.97462 -0.22384 -0.26089 -0.9653 -0.01168 0.00826 -0.99709 -0.07581 0.06794 -0.48552 -0.87158 0.08591 -0.90562 -0.4153 0.07163 -0.94724 -0.31242 -0.94864 -0.28831 -0.13021 0.04332 -0.98155 0.18626 -0.00163 -0.64621 0.76316 0.0005 -0.24821 0.9687 0.06105 -0.76155 0.64522 0.06588 -0.97308 0.22084 0.02483 -0.99945 0.02186 0.05337 -0.38573 0.92107 0.23254 -0.05923 0.97078 0.06079 -0.95399 0.2936 0.04324 -0.84516 0.53276 0.08172 -0.05872 0.99492 0.073 -0.97194 0.22363 0.86757 -0.21783 0.44707 0.82485 -0.29318 0.48338 0.80779 -0.3832 0.44793 0.25288 -0.9233 0.28909 0.54397 -0.70484 0.4553 0.56823 -0.65239 0.5015 0.8496 -0.06095 0.5239 0.10431 -0.74234 0.66185 0.20751 -0.3878 0.89808 0.24995 -0.43736 0.86385 0.54346 -0.21935 0.81027 0.54642 -0.03572 0.83675 0.39698 -0.40847 0.82193 0.29511 -0.87029 0.39435 0.78204 -0.01064 0.62313 0.29579 0.87649 0.37984 0.80301 0.01511 0.59578 0.32499 0.87933 0.34808 0.63517 0.67097 0.38257 0.80981 0.11523 0.57527 0.66932 0.49012 0.55838 0.81748 0.11269 0.56482 0.77886 0.16467 0.6052 0.7703 0.32471 0.54882 0.48669 -0.00154 0.87357 0.53912 0.10826 0.83524 0.26382 0.65097 0.71178 0.41022 0.50843 0.75711 0.39031 0.28115 0.87671 0.32696 -0.00216 0.94503 0.64448 0.09727 -0.75841 0.74288 0.09457 -0.66271 0.86826 0.33461 -0.36627 0.4193 0.27239 -0.86602 0.67612 0.68661 -0.26725 0.21507 0.41901 -0.88215 0.26382 0.6359 -0.72528 0.10504 0.72563 -0.68002 0.09882 0.68124 -0.72536 0.48877 0.28559 -0.82434 0.96985 0.22036 -0.10413 0.92729 0.365 -0.08307 0.44573 0.70037 -0.5575 0.57521 0.6491 0.4978 0.66896 0.14296 0.72942 0.11267 0.71007 0.69506 0.09626 0.58288 0.80684 0.39395 0.83805 0.37745 0.27339 0.43357 0.85865 0.77741 0.54766 0.30936 0.47936 0.24997 0.84126 0.58664 0.05534 0.80796 0.79865 0.1366 0.58608 0.64251 -0.31827 0.69706 0.95557 -0.13988 0.25946 0.48839 0.2994 0.81966 0.75391 -0.14019 0.64184 0.72985 -0.4133 0.54452 0.57724 -0.3527 0.73648 0.34869 -0.46482 0.81385 0.48208 -0.85657 0.18406 0.26439 -0.62485 0.73462 0.09181 -0.66348 0.74254 0.02374 0.37038 0.92858 0.20685 -0.8892 0.40808 0.55092 0.54983 0.62783 0.46729 -0.88142 0.06887 0.68981 0.69991 -0.18518 0.33299 -0.8718 -0.35927 0.09482 -0.60706 -0.78898 0.24709 -0.78948 -0.56184 0.22015 -0.55624 -0.80133 0.45249 -0.54994 -0.70201 0.48111 -0.57722 -0.65981 0.69612 -0.39001 -0.60275 0.76425 -0.1262 -0.63245 0.64544 0.39731 -0.65235 0.92913 0.10684 -0.35398 0.68089 0.39575 -0.61626 0.80763 -0.08377 -0.58371 0.49421 -0.16049 -0.8544 0.86052 -0.32437 -0.3928 0.72993 -0.40459 -0.55092 0.16089 0.98675 0.02106 0.0988 0.99493 -0.01867 0.38629 0.92019 0.06349 0.08547 0.98801 0.1286 0.05358 0.99711 0.05386 -0.06611 0.99695 0.04143 -0.02374 0.99966 0.01076 0.1202 0.99273 -0.00601 0.19076 0.98079 0.04075 0.0843 0.9883 -0.12713 0.03814 0.99908 -0.01961 0.07512 0.99508 0.06455 0.08575 0.99546 0.04129 0.04965 0.99422 0.0952 0.10405 0.99086 0.08585 0.10912 0.99349 0.03277 0.03761 0.99799 0.05103 0.06942 0.97813 -0.19609 0.09861 0.99149 -0.08503 0.07983 0.9963 -0.0317 0.00808 0.99804 -0.06212 0.15948 0.98646 -0.03828 -0.10587 -0.97602 0.19023 0.0024 0.99934 -0.03621 0.13054 0.9914 0.009 0.09236 0.99476 -0.04384 0.09556 0.99038 -0.10006 0.32671 0.93975 -0.10063 0.27262 0.96211 -0.00358 0.32024 0.94685 -0.0302 0.03335 0.98674 -0.15887 0.07665 0.99694 -0.01517 0.97505 0.08306 -0.20587 0.9519 0.16291 -0.25952 0.92661 0.03857 -0.37405 0.4386 0.8447 -0.30679 0.47194 0.8477 -0.24224 0.37465 0.92699 0.01798 0.89378 0.39295 -0.21621 0.84834 0.47109 -0.24165 0.68794 0.71812 -0.10504 0.99358 0.01946 -0.11146 0.75823 0.58816 -0.28135 0.27972 0.95995 0.01601 0.74544 0.30253 0.59397 0.96806 0.02317 -0.24963 0.98311 -0.08201 -0.16363 0.93272 -0.21911 -0.2864 0.99834 -0.04497 -0.03593 0.97531 0.01935 -0.22 0.9636 -0.04829 -0.26297 0.83075 -0.51653 -0.20749 0.84406 -0.46502 -0.26706 0.44538 -0.88862 -0.10949 0.37871 -0.92456 0.04192 0.54329 -0.80868 -0.22557 0.03045 -0.99953 -0.00413 0.11604 -0.99324 0.00387 0.03772 -0.99929 0.00132 0.10519 -0.99437 0.01265 0.32585 -0.93371 0.14833 0.58595 -0.77327 0.2423 0.93245 -0.13486 0.33518 0.81222 -0.00454 0.58334 0.88114 -0.11987 0.45742 0.84003 -0.02796 0.54181 0.86624 0.21887 0.44915 0.9828 0.03425 0.18148 0.86899 -0.05631 0.49162 0.96028 -0.07048 0.26998 0.97613 -0.051 0.21113 0.87575 -0.47851 0.06402 0.69582 -0.70401 0.14212 0.99046 -0.12063 0.06655 0.83012 -0.53962 0.14038 0.26267 -0.96469 0.01933 0.83387 -0.52796 0.161 0.86798 0.0411 0.49489 0.2055 -0.97314 -0.10381 0.83401 0.02789 0.55104 0.83443 0.02701 0.55045 0.89007 0.04159 0.45391 0.88207 0.10647 0.45894 0.86822 0.04659 0.49399 0.95784 0.17742 0.22596 0.37275 0.88064 0.29245 0.26539 0.96329 0.0404 0.28453 0.95866 0.00333 0.27333 0.96091 0.04401 0.68706 0.72611 0.02681 0.97965 0.11886 0.16176 0.97654 -0.01472 0.21481 0.96122 0.03734 0.27325 0.69641 0.70175 0.15021 0.96049 0.17193 0.21888 0.96235 0.16548 0.21562 0.57672 0.80753 0.12366 0.78325 0.5471 0.2953 0.45666 0.87478 0.16192 -0.13964 -0.98925 -0.04334 0.05858 0.94528 -0.32094 -0.21638 0.08556 -0.97255 0.50467 0.09254 -0.85834 0.56177 0.57024 0.59937 -0.27224 -0.20011 0.94119 -0.29754 0.78642 0.54131 -0.63693 0.53812 0.55203 -0.94072 0.33673 -0.04076 0.39239 0.91932 0.02976 0.20805 0.9781 -0.00529 0.03437 0.94409 -0.32788 -0.00426 0.19978 0.97983 0.17707 0.45627 0.87204 0.03375 0.63429 0.77236 0.99994 -0.0038 0.0098 0.99972 0.02193 0.00885 0.99999 0.003 0.00313 0.1053 0.95016 -0.29345 -0.01974 0.97496 -0.22151 0.48413 -0.00224 -0.875 0.4922 0.00522 -0.87046 -0.03453 -0.94515 0.32481 0.00818 -0.93738 0.34822 -1 -0.00018 -0.0005 -1 0.00162 -0.0027 -0.02111 0.95327 0.30137 0.04767 0.97014 0.23783 0.49893 -0.00135 0.86664 0.50041 -0.00257 0.86579 0.99958 0.02121 -0.01981 0.99995 -0.00948 -0.00272 -0.01861 0.42421 -0.90537 0.04626 0.46784 -0.8826 -0.04317 -0.94397 -0.3272 0.00681 -0.93512 -0.35425 -1 -0.00011 0.00034 -1 -1E-05 0.00048 0.79669 0.3612 0.48459 0.9681 0.21718 0.12496 -0.57811 0.78186 0.23342 0.95482 0.24836 -0.1632 0.95416 0.15176 -0.25796 0.85159 0.04472 -0.5223 0.97717 -0.06805 -0.20126 -0.22757 -0.51274 -0.82783 0.95404 -0.20656 -0.21711 0.87017 -0.43896 -0.22387 -0.71957 -0.69271 -0.0487 0.97694 -0.2075 0.05023 0.93135 -0.30274 0.20234 -0.67719 -0.55039 0.48834 0.12897 0.59269 0.79504 -0.50741 0.62887 0.58912 0.4139 0.87228 0.26042 -0.18989 0.97457 0.11898 0.47432 0.86872 -0.14267 -0.31255 0.83296 -0.45662 -0.02386 0.83548 -0.549 -0.40082 0.49431 -0.77136 0.27344 0.40744 -0.87133 0.49188 0.09617 -0.86533 -0.23916 -0.04676 -0.96985 -0.54031 -0.30547 -0.78406 0.33374 -0.49637 -0.8014 -0.28365 -0.82903 -0.48193 0.25032 -0.87894 -0.40596 0.50063 -0.865 -0.03392 -0.59321 -0.79094 0.15008 0.07184 -0.74607 0.66198 -0.00336 -0.73891 0.67379 0.10831 0.24527 0.96338 0.00622 0.37295 0.92783 0.661 0.46668 0.58761 0.94182 0.33602 -0.00774 0.33772 0.9288 -0.15253 0.81752 0.46169 -0.34426 0.01142 -0.29303 0.95604 -0.00118 -0.27474 0.96152 0.77292 -0.38858 0.5016 -0.01524 0.59267 -0.8053 0.29626 0.66187 -0.68859 -0.2596 0.79795 -0.54395 -0.07018 0.99023 -0.12053 0.56698 0.7929 -0.22327 -0.00597 0.99701 0.07705 0.42877 0.81324 0.39345 0.27199 0.84791 0.45505 -0.01556 0.68369 0.7296 0.45527 0.42418 0.78281 -0.09035 0.34194 0.93537 -0.14899 -0.08151 0.98547 0.66673 -0.24866 0.70259 -0.03457 -0.51615 0.8558 -0.35815 -0.75891 0.54386 0.10568 -0.8818 0.45963 0.19278 -0.98007 0.04788 0.19979 -0.97862 0.04893 -0.65304 -0.54414 -0.52673 -0.21285 -0.8467 -0.48765 0.32836 -0.5724 -0.75136 -0.00671 -0.67146 -0.74101 0.06353 0.89696 -0.43753 0.20739 0.54911 -0.80961 -0.11473 -0.85082 -0.51277 0.06994 -0.99351 -0.08966 0.9968 -0.07987 -0.00306 0.04523 0.35387 0.9342 0.12063 0.17954 0.97633 -0.32657 0.91989 0.21715 -0.56677 0.09867 -0.81794 -0.57012 -0.64542 -0.50833 -0.38335 -0.64221 0.66379 -0.06697 0.78265 0.61885 0.36598 0.1683 0.91528 0.11653 -0.12561 0.98521 0.08136 -0.91776 0.38872 -0.01714 -0.9486 0.31601 -0.99908 -0.04285 0.00044 -0.998 0.04559 -0.04389 -0.15655 -0.63398 -0.75733 0.23548 -0.23555 -0.9429 0.0004 0.25029 -0.96817 0.33437 0.84704 -0.41319 0.09317 0.97659 -0.19389 1 -5E-05 -2E-05 0.23759 0.9711 -0.02276 0.01891 0.68886 -0.72465 0.16019 -0.5086 -0.84597 0.1199 -0.63011 -0.76719 0.9997 -0.02297 -0.00843 0.07466 -0.62849 0.77423 -0.18056 -0.13016 0.97491 -0.2721 0.92364 -0.2699 -0.54186 -0.45421 -0.70716 -0.23121 -0.58433 0.77788 0.17182 0.77283 0.61091 -0.19675 0.52494 0.82808 -0.03419 -0.60143 0.79819 0.2773 -0.75483 0.59442 -0.99929 -0.03412 0.0159 -0.99861 0.03255 -0.04146 -0.13725 -0.95213 -0.27316 0.26977 -0.61116 -0.74412 -0.04985 0.03327 -0.9982 0.39753 0.63221 -0.66505 -0.02977 0.96198 -0.27151 1 -1E-05 4E-05 0.12569 -0.31709 0.94003 -0.14962 0.06963 0.98629 0.13846 0.93912 0.31445 -0.28832 0.86679 -0.40687 0.18357 0.30584 -0.93422 -0.13501 -0.8835 -0.44856 -0.17877 -0.89634 -0.40574 -0.10216 0.9005 -0.42269 0.1849 0.74562 -0.64021 -0.15605 -0.89985 -0.40732 -0.04354 -0.95127 -0.30528 0.06092 0.05436 0.99666 0.04455 0.07035 0.99653 -0.99649 0.08332 0.00772 0.07343 0.24479 0.96679 -0.06844 0.99459 0.07821 0.00885 0.99185 -0.12714 -0.01744 -0.393 -0.91937 -0.14204 -0.15829 -0.97712 0.08826 -0.98635 0.13903 -0.16573 -0.45952 0.87257 -0.99618 0.08721 0.00497 0.15685 -0.98709 0.03244 -0.15887 -0.3732 0.91405 0.11838 0.53093 0.83911 -0.12262 0.99225 0.0201 0.14948 0.55462 -0.81857 -0.19449 -0.4821 -0.85425 -0.99637 0.01977 0.08283 0.03089 -0.80581 -0.59137 -0.15106 -0.97398 -0.16895 0.09333 -0.47129 0.87703 -0.10433 0.23766 0.96573 0.08313 0.88258 0.46275 -0.13574 0.77363 -0.61893 -0.01228 0.54933 -0.83551 -0.99572 0.08185 -0.04297 0.11896 -0.7635 0.63475 -0.13483 0.20707 0.96899 0.12776 0.88021 0.45707 -0.1454 0.84362 -0.51688 0.17747 -0.12247 -0.97648 -0.19041 -0.89625 -0.40059 0.35633 -0.15403 0.92158 -0.5789 0.28265 0.76484 -0.07066 0.99695 0.03309 -0.67124 0.57179 -0.47169 0.02088 0.1567 -0.98743 -0.32597 -0.10145 0.93992 -0.12081 -0.47792 0.87006 -0.14479 -0.70757 0.69165 -0.17815 -0.81203 0.55576 -0.18738 -0.82648 0.53087 -0.09896 -0.90601 0.41152 0.02132 -0.98295 0.18262 0.06913 -0.91156 -0.40531 -0.02202 -0.74769 -0.66368 -0.17507 -0.60821 -0.77423 -0.95448 0.28562 -0.08598 -0.99982 0.01569 -0.01091 -0.99982 0.01646 -0.00908 -0.93198 -0.17852 -0.31551 -0.70593 -0.64316 0.29666 -0.70707 -0.66393 0.2434 -0.69942 -0.69063 0.18395 -0.70234 -0.68821 0.18189 -0.76696 -0.63571 0.08749 0.54153 -0.76328 -0.35234 -0.17995 0.93019 0.31996 -0.08356 0.82218 0.56306 -0.0082 0.61213 0.79072 -0.3333 0.41276 -0.84767 -0.04314 0.02841 -0.99867 -0.06465 0.87282 -0.48374 -0.31966 0.93715 0.13987 -1 -0.00014 4E-05 -0.39968 -0.09836 0.91136 -0.04773 0.95366 -0.29708 -0.80152 0.59141 0.08831 -0.15482 0.43251 -0.88824 -0.39508 -0.82003 -0.41408 0.23262 -0.95394 -0.18942 -0.48926 -0.1615 0.85706 0.08024 -0.94165 -0.32688 0.05191 -0.82394 -0.56429 0.00526 -0.71489 -0.69922 -0.06746 -0.58183 -0.81051 -0.19299 -0.37219 -0.90787 -0.22813 -0.42239 -0.87723 -0.14706 -0.26811 -0.9521 -0.08163 -0.09202 -0.99241 -0.30507 -0.17943 0.93527 -0.27821 -0.2133 0.93654 -0.09374 -0.91125 0.40105 -0.15812 -0.94445 0.28812 -0.05972 0.00837 -0.99818 -0.04011 0.10137 -0.99404 -0.02844 0.27158 -0.96199 -0.04186 0.43386 -0.90001 -0.07978 0.58158 -0.80956 -0.14036 0.70805 -0.69207 -0.21968 0.80506 -0.55101 -0.19952 0.78879 -0.58138 -0.12382 0.90346 -0.4104 -0.08058 0.96513 -0.24908 -0.06039 0.99505 -0.07887 -0.0641 0.99343 0.0948 -0.09166 0.96 0.26458 -0.15831 0.86421 0.47758 -0.19049 0.88707 0.42051 -0.06336 0.72277 0.68817 -1 -5E-05 -0.00014 0.64231 -0.65072 -0.40497 -0.72312 -0.6049 0.33345 -0.03361 -0.18831 0.98153 -0.60229 0.68552 0.40903 -0.56995 0.7192 0.39739 -0.16176 0.79437 -0.5855 -0.73354 0.09437 -0.67306 -0.06979 -0.00669 -0.99754 -0.11828 -0.10092 -0.98784 -0.20188 -0.22838 -0.95241 -0.1721 -0.26802 -0.94792 -0.06217 -0.43353 -0.89899 0.02595 -0.58329 -0.81185 0.08721 -0.71247 -0.69626 0.11961 -0.81936 -0.56067 0.12286 -0.90362 -0.41033 0.09695 -0.96375 -0.24858 0.04208 -0.99602 -0.07853 -0.0405 -0.99464 0.09511 -0.14621 -0.95367 0.26295 -0.26668 -0.87079 0.41305 -0.11944 -0.95756 0.26231 -0.02183 -0.81563 0.57816 0.00295 -0.70346 0.71073 0.00164 -0.56998 0.82166 -0.04231 -0.3187 0.94691 -0.72066 -0.54573 0.42759 -0.81326 -0.5054 0.28841 -0.86414 -0.45579 0.21337 -0.86998 -0.46416 0.16642 -0.87121 -0.4739 0.12809 -0.70475 -0.70901 0.02532 -0.91397 -0.39943 -0.07149 -0.93292 -0.34821 -0.09169 -0.93232 -0.33954 -0.12445 -0.92985 -0.33425 -0.15381 -0.74861 -0.50586 -0.42859 -0.86432 -0.32293 -0.38557 -0.89593 -0.25739 -0.36201 -0.8739 -0.11996 -0.47108 -0.79998 -0.10494 -0.59078 -0.85324 -0.05041 -0.51907 -0.85943 -0.00454 -0.51124 -0.85966 0 -0.51087 -0.8601 0.04331 -0.50828 -0.81084 0.10026 -0.57662 -0.82213 0.08898 -0.56231 -0.97431 0.096 -0.20371 -0.97259 0.11557 -0.20177 -0.01892 0.0932 -0.99547 0.04444 0.27112 -0.96152 0.07763 0.43241 -0.89833 0.08431 0.6534 -0.75231 -0.25505 0.95733 -0.13588 -0.19585 0.97829 -0.06771 -0.05395 0.53941 0.84032 -0.33396 0.11428 0.93564 -1 4E-05 0.00015 -1 1E-05 -3E-05 -0.99995 -0.00128 -0.00998 -1 -5E-05 -8E-05 -0.28944 0.68405 0.66955 -0.84842 0.05868 0.52606 0.55746 0.69973 -0.44679 -0.48909 0.11118 -0.86512 0.52512 -0.78218 -0.33534 -0.57408 -0.8017 0.16645 -0.06771 0.13494 0.98854 0.66951 0.12651 -0.73195 0.98424 0.07871 -0.15834 -0.27648 0.0586 0.95923 0.20744 0.32305 0.92337 -0.25135 0.48736 0.83624 0.10947 0.77129 0.627 0.02619 0.79428 0.60699 0.05964 0.95812 0.2801 0.1977 0.95485 0.22177 -0.17023 0.9852 0.02002 0.2181 0.9644 -0.14958 -0.04092 0.92077 -0.38795 0.1994 0.85206 -0.48397 -0.02705 0.7826 -0.62194 0.34357 0.57276 -0.74425 -0.02435 0.42849 -0.90322 0.2145 0.31349 -0.92505 0.09278 0.04821 -0.99452 0.00184 0.08635 -0.99626 -0.2009 -0.26129 -0.94412 -0.01362 -0.44833 -0.89377 0.00828 -0.43475 -0.90051 0.04613 -0.68496 -0.72712 0.14792 -0.69636 -0.70229 -0.1934 -0.89987 -0.39094 0.07342 -0.94799 -0.30971 -0.02185 -0.99975 0.00563 -0.01486 -0.99985 0.00917 -0.08469 -0.97004 0.2277 0.24433 -0.8931 0.37772 -0.1216 -0.84478 0.52111 -0.0984 -0.67646 0.72987 0.23913 -0.55339 0.79786 -0.13983 -0.39638 0.90737 0.30945 -0.14738 0.93943 0.9931 0.10526 0.05171 0.89579 0.31521 0.31338 0.98445 0.05965 0.16521 0.97786 0.00232 0.20926 0.95616 -0.21743 -0.19619 0.55075 0.47163 -0.68865 0.99159 -0.05352 -0.11787 0.99851 -0.04868 0.02474 0.90601 -0.42178 -0.03526 0.99989 -0.01477 -0.00031 0.9998 -0.01981 -0.00217 0.99999 -0.00464 0.00067 0.98346 -0.07629 -0.16425 0.99634 -0.00239 -0.08539 0.98649 0.10694 -0.12414 0.97055 0.21867 -0.10104 0.9999 0.01021 0.00995 0.99893 -0.046 0.00395 0.99998 0.00682 -0.00042 0.99975 0.01233 0.0189 0.99978 -0.00873 -0.01886 0.99905 -0.00518 -0.04322 0.99987 -0.01369 -0.00817 0.99842 -0.05369 0.01673 0.94376 -0.13007 0.30398 0.90198 -0.4062 -0.14641 1 0 -0 0.99996 -0.00196 -0.00833 0.97927 0.17053 0.10934 0.99734 0.06858 0.02473 0.99575 0.08063 -0.04445 0.99843 -0.05313 0.01747 0.99756 -0.05966 0.0363 0.99842 -0.01094 -0.05512 0.99769 -0.04854 -0.04751 0.99382 0.03376 -0.10576 0.9999 -0.01117 0.00921 0.99864 0.01816 0.04897 0.99982 -0.00103 0.01891 0.99989 -0.00186 0.01447 0.99977 0.00644 0.0204 0.99999 -0.00418 0.00115 0.9991 0.0127 0.04041 0.99847 0.03388 -0.04367 0.99931 0.03605 -0.00877 0.99952 0.02976 -0.00849 0.99871 0.05058 -0.00436 -0.59496 -0.75611 -0.27261 -0.6247 -0.72734 -0.28413 -1 7E-05 0.00021 -0.25583 0.15154 -0.95477 -0.13716 0.43429 0.89027 -0.21195 0.32199 0.92271 -0.11471 0.88976 0.44178 -0.29494 0.95499 0.0317 -0.0314 0.8975 -0.4399 -0.22217 0.19089 -0.95614 0.01245 -0.23672 0.9715 -0.14256 -0.76282 0.63069 -0.12536 -0.75054 0.64883 -0.1299 -0.98909 0.06951 -0.40563 -0.85139 -0.33257 -0.08789 -0.60991 -0.78758 -0.9151 0.21017 -0.34413 -0.60303 0.59289 -0.53369 -0.59804 0.75817 -0.25988 -0.66154 0.74773 -0.0571 -0.59302 0.74863 0.29646 0.13535 0.25457 -0.95753 -0.72392 0.42621 -0.54247 -0.74838 0.6207 0.23381 -0.86465 0.44418 -0.23471 -0.93464 0.3532 0.04124 -0.99822 0.02009 -0.05616 -0.87629 -0.4433 -0.18869 -0.99972 -0.0198 0.01302 -0.99865 -0.02864 0.04334 -0.49245 0.71824 0.49155 -0.53537 0.39703 -0.74549 -0.56522 0.41586 0.71246 -0.48773 0.04205 0.87198 -0.69645 -0.2383 0.67688 -0.50791 -0.33378 0.79412 -0.46712 -0.80423 -0.36744 -0.65015 -0.6126 -0.44947 -0.55154 -0.60517 -0.57409 -0.90967 -0.37222 -0.18427 -0.76067 -0.37848 -0.52739 -0.75467 -0.40738 0.51431 -0.802 -0.56267 0.20047 -0.77036 -0.63513 -0.05619 -0.78318 -0.58301 -0.21614 -0.76325 0.51019 0.39644 -0.78854 -0.21444 0.57639 -0.76421 0.02114 -0.64462 -0.83859 -0.34783 0.41927 -0.72388 -0.59835 0.34347 -0.95926 0.07832 0.27145 -0.90024 0.36158 0.24256 -0.88774 0.10301 0.44868 -0.86415 -0.09214 -0.49473 -0.93654 0.1252 -0.32743 -0.97618 -0.11494 -0.18403 -0.90025 -0.31028 0.3054 -0.96719 -0.10097 -0.23312 -0.95558 -0.2913 0.04487 -0.99974 -0.01112 -0.02008 -0.8692 -0.42734 -0.24874 -0.88777 -0.3778 -0.26291 -0.87437 -0.37088 -0.31294 -0.85538 -0.3676 -0.36495 -0.51372 -0.47959 -0.7114 -0.96806 0.01912 -0.24997 -0.83592 -0.00078 -0.54886 -0.84223 0.00519 -0.5391 -0.87785 0.04569 -0.47676 -0.8723 0.08617 -0.48131 -0.81883 0.26151 -0.51101 -0.72757 0.39698 -0.55951 -0.70921 0.45262 -0.54051 -0.59631 0.64912 -0.47229 -0.72999 0.62058 -0.28635 -0.7434 0.62789 -0.23047 -0.74964 0.63986 -0.16917 -0.67923 0.72233 -0.1299 -0.77017 0.61308 -0.176 -0.83332 0.55081 -0.04674 -0.80952 0.58708 -0.00416 0.2876 0.90591 0.31084 -0.99588 0.04066 -0.08106 -0.99995 0.00987 -0.00173 -0.99013 -0.13633 0.03253 -0.99976 -0.01232 -0.01807 -0.99973 0.02048 -0.01105 -1 -0.00017 0.00013 -0.99912 0.03312 -0.02564 -1 -0.00058 -0.00175 -0.99879 0.0486 0.00752 -0.99942 -0.01937 -0.02802 -0.99978 0.00575 -0.02027 -0.99999 0.00465 -0.00188 -0.99927 -0.01828 0.03359 -0.99925 0.02209 0.03195 -0.99996 0.00784 -0.00427 -0.94145 -0.21233 0.26188 -0.72866 0.42396 -0.53787 -0.99997 -0.00768 0.00151 -0.99824 -0.05889 -0.00684 -0.99861 -0.05206 -0.0081 -0.99835 -0.03867 0.04234 -0.99973 0.00601 0.02257 -0.99987 0.00119 0.01622 -0.99972 0.0114 0.0205 -0.99829 -0.05622 -0.01611 -0.99977 0.02113 -0.00222 -0.99995 0.0001 -0.01006 -0.99971 -0.00387 0.02382 -0.99642 -0.00465 0.08445 -0.99994 0.00533 0.0096 -0.98822 0.00792 -0.15282 -0.99761 -0.00324 0.06909 -0.99929 0.03758 -0.00106 -0.02368 -0.22509 -0.97405 0.1515 -0.30204 -0.94118 -0.08781 -0.44847 -0.88947 -0.13283 -0.71515 -0.68623 -0.0274 -0.77205 -0.63497 -0.13599 -0.86932 -0.47518 0.11325 -0.94434 -0.30888 -0.15933 -0.98147 -0.10645 0.06312 -0.97953 0.19116 -0.05688 -0.96815 0.24383 -0.17175 -0.82153 0.54368 0.01053 -0.7657 0.64311 -0.20144 -0.60599 0.76954 -0.13309 -0.52082 0.84323 0.02133 -0.14965 0.98851 -0.20123 -0.3558 0.91264 -0.24296 -0.03442 0.96943 -0.17354 0.40168 0.89919 0.23721 0.54686 0.80292 -0.16241 0.70429 0.69108 -0.1764 0.88886 0.42286 -0.14834 0.87403 0.46267 -0.64223 0.27101 0.71701 -0.27317 0.95533 0.11279 0.25483 0.96208 -0.09726 -0.04046 0.97345 -0.2253 -0.16848 0.82658 -0.53701 0.14564 0.69392 -0.70517 -0.05539 0.61641 -0.78547 0.05973 0.27025 -0.96094 -0.0817 0.35421 -0.93159 -0.17392 0.05182 -0.9834 -0.93098 0.35037 0.10258 -0.89086 -0.27195 -0.36388 -0.89138 -0.2351 0.38751 -0.99958 -0.02625 0.01193 -0.99854 0.02653 -0.04708 -0.99851 0.02726 -0.04731 -0.99932 0.02875 -0.02293 -0.99924 0.03328 -0.0205 -0.99963 -0.02688 0.0048 -0.9996 0.02638 -0.0106 -0.99989 -0.01277 -0.00686 -0.99966 0.02595 -0.00094 -0.9994 0.03344 0.00853 -0.99966 0.02538 -0.00568 -0.99982 0.01568 -0.01097 -0.99962 0.02613 0.00833 -0.99814 -0.00212 0.06095 -0.97313 -0.04014 -0.22674 -0.99944 0.00256 0.0334 -0.99849 0.00803 0.05433 -0.99985 -0.00703 -0.01591 -0.99988 0.00599 0.01408 -0.99882 0.01122 0.04732 -0.99992 0.01202 -0.00319 -0.99894 -0.03115 0.03394 -0.99859 -0.02919 0.04438 -0.99846 -0.03818 0.04025 -0.99941 -0.03298 0.00985 -0.99971 -0.02405 -0.00161 -0.98223 -0.03055 -0.1852 -0.9998 -0.0111 -0.01642 -0.99993 -0.00235 -0.01198 -0.99818 0.02189 -0.05622 -0.9994 -0.03048 -0.01633 -0.99974 -0.00576 -0.02193 -0.99976 -0.01796 -0.01268 -0.9997 -0.0182 0.01636 -0.99964 -0.02101 0.01666 -0.99968 -0.02322 0.01014 -0.99998 0.00053 0.00579 -0.99998 0.0013 0.00637 -0.9993 0.02411 0.02844 -0.99987 0.01385 0.00776 -0.9995 0.02481 -0.01966 -0.99966 -0.00081 0.026 -0.99959 -0.0074 0.02766 -0.99991 0.00628 -0.01147 -0.99994 0.00792 -0.00723 -0.9999 -0.0139 0.00128 -0.99997 -0.00235 -0.00668 -0.99959 0.00764 -0.02745 -0.99999 0.00431 -0.00084 -0.99967 0.01164 -0.02308 -0.99932 0.02408 0.02795 -0.99815 0.04892 0.03618 -0.99997 -0.00773 -0.00285 -0.99953 -0.00208 -0.03047 -0.99837 0.05715 -0.00104 -0.99738 -0.07234 -0.00108 -1 1E-05 2E-05 -1 -3E-05 -1E-05 -1 -0.00013 1E-05 0.1095 0.42396 -0.89904 -0.27667 0.61383 -0.73937 0.283 0.91902 -0.27443 -0.46582 0.25742 0.84661 0.31499 0.69206 0.64948 -0.44102 0.88531 0.14738 0.28551 -0.12843 0.94973 -0.21634 -0.80295 0.5554 -0.33399 -0.79874 0.50047 -0.33546 -0.10878 -0.93575 0.22218 -0.47374 -0.85218 -0.30763 -0.82555 -0.47311 0.15473 -0.95746 -0.24359 -0.05457 0.8254 -0.5619 0.09739 0.38242 -0.91884 -0.05239 -0.99856 -0.01126 0.06776 -0.94327 -0.32505 0.99853 0.04613 -0.02856 -0.03883 0.01587 0.99912 0.1377 0.61026 0.78014 -0.74348 0.65671 0.12639 -0.73211 0.67277 0.10676 -0.04253 0.31409 -0.94844 -0.65736 -0.74 -0.14242 -0.78558 -0.54875 -0.2859 0.27351 -0.21784 0.93688 0.00455 0.89096 0.45406 0.16076 0.61677 0.77056 -0.12362 0.1913 0.97372 0.078 -0.74563 0.66178 0.12899 -0.71139 0.69086 -0.99952 -0.01072 0.02915 -0.99996 0.00422 0.00743 -0.96122 -0.09366 -0.25939 -0.18286 -0.97223 -0.14602 0.07961 -0.72278 -0.68648 0.24038 -0.57518 -0.78191 0.07472 -0.03926 -0.99643 0.12208 0.09512 -0.98795 -0.18262 0.76798 -0.61389 0.21716 0.97614 -0.00151 1 -7E-05 3E-05 1 0.00012 -0.0001 1 -0 5E-05 1 7E-05 -7E-05 -0.02268 0.99888 -0.04161 -0.04121 0.99409 -0.10046 0.11253 -0.44245 -0.8897 -0.01108 -0.7581 -0.65205 0.9982 -0.00779 -0.05948 0.00759 -0.55344 0.83286 0.04777 -0.44156 0.89596 -0.32029 0.85886 0.39972 -0.32666 0.24588 -0.9126 -0.74385 -0.21877 -0.63153 -0.14666 -0.9863 -0.0755 -0.5916 -0.14058 0.79388 -0.77022 0.20876 0.60264 -0.02668 0.80777 0.5889 0.15257 0.63326 0.75875 -0.08369 0.29801 0.95089 0.03903 -0.74731 0.66333 0.16904 -0.66179 0.73039 -0.16277 -0.9865 0.01805 -0.99947 -0.03074 -0.01052 -0.99814 0.06095 -0.0023 -0.99993 -0.0098 0.00604 0.10175 -0.6497 -0.75335 0.23124 -0.5287 -0.8167 -0.03972 0.17673 -0.98346 0.23713 0.69507 -0.67871 -0.13087 0.94628 -0.29567 1 -9E-05 -0.0001 1 1E-05 -1E-05 1 5E-05 -4E-05 1 2E-05 6E-05 1 2E-05 0.00012 0.98596 -0.11491 0.12117 0.99305 -0.07725 -0.0888 -0.56433 -0.68618 -0.459 0.86965 -0.49076 -0.05345 -0.26359 -0.15442 -0.9522 0.99634 0.00475 -0.08531 0.98762 0.0019 -0.15686 1 -0.00067 0.00046 1 -0.00068 1E-05 1 0.00018 -0.00106 0.99999 0.00287 -0.00296 0.99999 -0.00267 -0.00237 0.99996 -0.00255 0.00812 1 -0.00092 0.00085 0.99996 -0.00714 -0.0054 0.99996 -0.007 -0.00623 0.99967 -0.02292 0.01185 0.99999 0.00385 -0 1 0.00166 -0.0013 0.99999 0.0024 -0.00207 0.9998 0.01531 0.01256 0.99961 0.01342 0.02452 0.96687 0.1723 0.18836 0.99583 -0.08145 -0.04116 0.22017 0.09198 -0.97112 -0.9744 0.22349 -0.02429 -0.87326 0.31478 -0.37193 -0.93807 -0.20073 -0.28235 -0.99908 0.04144 -0.01098 -0.9799 0.18711 -0.06922 -0.99466 0.00083 -0.10325 -0.99992 -0.01118 -0.00551 -1 0.00017 0.00284 -0.99999 0.00265 0.00284 0.05089 -0.77851 0.62557 -0.47159 -0.35057 0.80914 -0.24367 -0.96961 -0.02173 0.078 -0.93366 -0.34956 -0.29903 -0.41901 -0.85733 0.0792 0.02364 0.99658 0.16838 0.08647 -0.98192 -0.27321 0.79969 -0.53466 -0.04947 0.93626 -0.34781 -0.04076 0.87211 0.4876 -0.22003 0.75066 0.62297 -0.85561 0.22577 -0.46578 -0.89678 0.33893 -0.28445 -0.67786 0.355 -0.64381 -0.83513 0.40004 -0.37751 -0.94817 -0.20493 -0.24285 -0.7777 0.44871 -0.44027 -0.96959 0.21868 0.1099 -0.06455 0.97253 0.22363 -0.07719 0.82808 -0.55527 -0.03154 0.73836 -0.67366 -0.03821 0.97027 0.23899 -0.05955 0.87949 -0.47218 -0.03855 0.97423 0.22222 -0.0303 0.99274 0.11638 -0.03728 -0.41306 -0.90994 -0.02634 -0.18515 -0.98236 -0.03526 0.47997 -0.87657 -0.0482 0.60406 -0.79548 -0.02346 0.91663 -0.39904 -0.06558 0.66736 -0.74184 -0.0655 0.18224 -0.98107 -0.08506 0.79154 -0.60517 -0.05845 0.08911 -0.99431 -0.11732 0.41624 -0.90165 0.06795 0.91186 -0.40485 -0.16732 0.76125 -0.6265 0.0175 0.59285 -0.80512 -0.11827 0.452 -0.88414 0.08301 0.28888 -0.95376 -0.07293 -0.0032 -0.99733 -0.0212 0.95805 -0.2858 -0.02583 0.21288 -0.97674 -0.00274 0.02589 -0.99966 -0.03656 0.09461 -0.99484 -0.06369 0.17767 -0.98203 -0.03987 0.13592 -0.98992 -0.07255 0.99544 -0.06198 -0.02619 0.99926 -0.0283 -0.08692 0.17962 0.97989 -0.07008 0.99026 0.12028 -0.04496 0.99898 -0.00496 0.00984 0.97563 0.21922 -0.02125 0.35131 0.93602 -0.03484 0.3331 0.94225 0.00984 0.09924 0.99501 -0.03803 0.99925 -0.00751 0.00789 0.66554 0.74632 -0.08907 0.78822 0.60892 -0.04378 0.3348 0.94127 -0.05694 0.43848 0.89694 -0.02513 0.69575 0.71785 -0.04907 0.89397 0.44544 -0.04427 0.9279 0.37019 -0.03529 0.74103 0.67054 -0.04891 -0.33471 0.94105 -0.07083 -0.26791 0.96084 0.01092 -0.12703 0.99184 -0.04925 -0.33449 0.94111 -0.05437 -0.99848 0.00935 -0.0005 -0.47352 0.88078 -0.02945 -0.76704 0.64092 -0.05744 -0.02105 0.99813 -0.07504 -0.02213 0.99693 -0.06712 -0.03515 0.99713 -0.06585 -0.69217 0.71872 -0.03018 -0.76814 0.63957 -0.04036 -0.95737 0.28603 -0.05006 -0.97186 0.23016 -0.04936 -0.99876 -0.00713 -0.68841 -0.47489 -0.54824 -0.65018 -0.67099 -0.35642 -0.36944 -0.61025 -0.70079 -0.96257 0.17346 -0.20825 -0.93576 -0.23514 -0.26278 -0.92741 -0.31988 0.19388 -0.91341 0.29198 -0.28361 -0.99025 -0.13621 0.02925 -0.98583 -0.04493 -0.1616 -0.99998 -0.00026 -0.0056 -0.99988 -0.01498 -0.00296 -0.99998 -0.00029 -0.00557 -0.13478 -0.28498 0.94901 -0.15229 -0.29707 0.94263 -0.05161 -0.9969 0.05938 0.03114 -0.9995 -0.00576 0.04092 -0.28504 -0.95764 -0.15 -0.44947 -0.88061 -0.43301 0.83341 0.34341 -0.13518 0.9778 0.16009 -0.00447 0.62189 0.78309 0.02217 0.76168 -0.64757 -0.20047 0.58206 -0.78805 -0.93685 -0.28211 -0.2067 -0.53719 -0.48471 -0.69028 -0.84135 -0.36465 -0.39895 -0.8836 -0.3993 -0.24455 -0.55349 -0.41376 -0.72281 -0.52684 -0.49814 -0.68869 -0.71623 -0.37558 -0.58818 -0.77498 0.10541 -0.62313 -0.10007 -0.63349 -0.76725 -0.01152 -0.77342 -0.63379 -0.073 -0.47334 -0.87785 -0.04762 0.09236 -0.99459 -0.04257 0.44413 -0.89495 -0.03556 -0.97125 0.23539 -0.02105 -0.99343 -0.11253 -0.0372 -0.92003 -0.39008 -0.02181 -0.56851 -0.82239 -0.04046 -0.31975 -0.94664 -0.02686 0.1627 -0.98631 -0.04541 -0.99797 -0.04468 -0.0422 -0.73245 -0.67951 -0.06096 -0.94823 -0.31167 -0.03319 -0.36479 -0.9305 0.1747 -0.43169 -0.88494 -0.06266 -0.76948 -0.63559 -0.14505 -0.67386 -0.72448 0.0043 -0.91822 -0.39605 -0.07983 -0.87053 -0.4856 -0.03802 -0.14883 -0.98813 -0.03875 -0.32714 -0.94418 -0.04145 -0.16575 -0.9853 -0.02161 -0.13126 -0.99111 0.02274 -0.99936 -0.0276 -0.05938 -0.9752 -0.21319 -0.79562 -0.02205 -0.60539 -0.90051 0.03126 -0.4337 -0.99999 0.0004 -0.00332 -0.99999 -0.00326 -0.00167 -0.99981 -0.01808 -0.00697 0.93362 0.01993 -0.35771 -0.99216 0.09368 -0.08274 -0.99212 0.02434 0.12293 -0.99723 0.05266 -0.05261 -0.99988 -0.0066 0.01403 -0.99981 -0.01116 0.01619 -0.97183 0.0283 0.23399 -0.99397 0.08244 0.0723 -0.99886 -0.03227 0.03515 -0.99454 0.10416 -0.0064 -0.99823 0.05013 -0.03215 -0.99368 -0.03845 0.10545 -0.99828 -0.00291 0.05849 -0.99727 -0.07218 -0.01555 -0.99657 -0.07782 -0.02831 -0.98495 -0.1335 -0.10982 0.98947 0.1136 0.08972 0.99663 -0.01174 -0.08115 0.05317 0.99826 0.02555 -0.39577 0.12554 -0.90973 -0.99939 -0.02991 -0.01795 -0.9948 0.03831 -0.09432 -0.99924 -0.03684 0.01299 -0.99999 0.00282 -0.00216 -0.99998 -0.00063 -0.0068 -0.95199 0.29199 -0.09193 -0.99957 -0.02344 0.01765 -0.9997 -0.0149 0.01953 -0.9996 -0.02751 -0.00644 -0.99921 -0.00605 0.03937 -0.99959 0.02595 0.01204 -0.99657 -0.06413 -0.05233 -0.99725 0.06524 -0.03515 -0.99964 -0.02656 -0.00466 -0.99873 0.01617 0.04778 -0.99964 -0.02656 -0.00217 -0.99993 -0.00123 -0.01162 -0.99982 0.01259 -0.01445 -0.9968 -0.03187 0.07329 -0.99941 0.03103 -0.01454 -0.99955 0.0128 -0.02716 -0.99982 0.01814 -0.00518 -0.99205 -0.01768 -0.12462 -0.99974 -0.02174 0.00638 -0.9979 0.03269 0.05588 -0.99834 -0.01429 0.05587 -0.99391 0.04857 0.09893 -0.99721 0.07336 0.01411 -0.99928 -0.03605 0.01211 -0.99751 -0.02709 -0.06507 -0.99904 -0.01308 -0.04184 -0.21803 -0.85441 -0.47164 -0.93133 -0.11933 -0.34406 0.56994 0.26086 -0.77918 -0.64026 0.7504 0.16421 0.64024 0.14827 -0.75373 -0.99866 -0.00097 0.05178 0.44706 -0.13097 -0.88486 -0.74355 -0.64917 0.16034 -0.62616 -0.7633 0.15907 -0.61935 -0.42336 -0.66119 -0.72499 -0.346 -0.59554 -0.6805 -0.73228 -0.026 -0.96361 -0.10951 -0.24384 0.23371 0.32949 -0.91478 0.47119 0.24076 -0.84854 -0.72811 -0.68535 -0.01225 -0.56024 -0.82787 -0.0277 -0.19167 0.04206 0.98056 0.6941 -0.12363 0.70918 -0.76954 -0.52345 0.36581 -0.40314 -0.02099 0.9149 0.26151 0.08084 0.96181 -0.91455 -0.25286 0.3157 0.00352 -0.97017 0.2424 -0.63605 0.04101 0.77056 -0.83595 0.54828 0.02394 0.80342 0.59271 -0.05661 -0.51809 0.83326 -0.19304 -0.92052 0.27474 -0.27777 0.27058 -0.94365 0.19055 -0.46104 -0.66905 0.58294 0.1935 0.32148 0.92694 -0.44367 0.86556 0.23228 0.23032 0.89893 -0.37266 -0.31834 -0.06658 -0.94563 -0.32443 -0.06115 -0.94393 -0.02226 -0.90387 0.42723 0.05484 -0.88416 0.46395 -0.11268 0.39414 0.91212 0.00311 0.48101 0.87671 -0.18422 0.88825 -0.4208 -0.41128 0.88437 -0.22075 0.00714 -0.24999 -0.96822 -0.37253 -0.45648 -0.80799 -0.42865 -0.81682 0.38609 -0.06245 -0.06648 0.99583 -0.30972 0.37716 0.87282 0.21562 0.85245 0.47628 -0.34479 0.84831 -0.40187 0.04961 0.62438 -0.77954 -0.27391 -0.47307 -0.83736 0.43257 -0.82878 -0.35497 -0.04906 -0.99236 0.11318 0.13351 -0.97097 0.19845 -0.23064 0.5882 0.77513 -0.38686 0.46324 0.79734 0.02618 0.97025 -0.24068 -0.53513 0.46726 -0.70378 -0.15319 0.14976 -0.97678 -0.10555 0.99361 -0.03993 -0.34928 0.478 -0.80593 0.35376 0.07896 -0.932 -0.28974 -0.8712 -0.39632 0.34531 -0.92929 0.13109 -0.36752 -0.47681 0.79848 0.27393 0.24505 0.93001 -0.53677 0.7267 0.42869 -0.9528 -0.14849 -0.2648 -0.82743 -0.0521 -0.55915 -0.9228 -0.00269 -0.38528 -0.86983 -0.43945 -0.22425 -0.83603 -0.54844 0.01644 0.69407 -0.5491 -0.46557 -0.9027 -0.04783 -0.42761 -0.57698 -0.65186 -0.49212 -0.69649 -0.7172 -0.02271 -0.6151 -0.71833 0.32504 -0.55707 -0.60723 0.56652 -0.81322 -0.00555 0.58193 -0.75889 -0.22002 0.61292 -0.84566 -0.28887 0.4488 -0.9378 -0.0415 0.34468 -0.96591 -0.25769 0.02477 -0.77965 0.60765 0.15137 -0.92577 0.32834 0.18746 -0.51258 0.29317 0.80704 -0.94427 0.02585 0.32815 -0.99962 -0.02713 0.00383 -0.91027 0.36175 0.20137 -0.99257 0.11981 -0.02126 -0.99742 -0.00607 0.0716 -0.9996 0.01545 -0.02355 -0.6633 0.40365 -0.63017 -0.98708 0.04249 -0.15449 -0.99889 -0.03162 -0.03482 -0.99356 0.04181 0.10527 -0.90792 -2E-05 0.41914 -0.95563 -0.26675 -0.125 -0.99895 -0.04302 -0.01606 -0.97027 -0.16231 0.17955 -0.9824 0.18677 0.00046 -0.92473 0.00288 0.38061 -0.99928 -0.00928 -0.03688 -0.96638 -0.24135 0.08866 -0.97504 0.21762 -0.04394 -0.70446 0.10162 -0.70243 -0.82194 0.06065 -0.56634 -0.14717 0.12669 -0.98096 -0.07028 0.17223 -0.98255 -0.17221 -0.11345 -0.97851 -0.09926 -0.16008 -0.9821 -0.01511 -0.0019 -0.99988 -0.0832 -0.83037 -0.55096 -0.09681 -0.84601 -0.5243 -0.06628 -0.99675 0.04584 -0.02391 -0.99472 0.09975 -0.14775 -0.98267 -0.11194 0.03588 -0.71747 -0.69567 -0.10224 -0.56565 -0.81828 -0.03641 0.11088 -0.99317 -0.07909 0.16264 -0.98351 -0.08502 -0.82147 -0.56388 -0.03718 -0.3618 -0.93152 -0.15534 -0.72766 -0.66812 -0.17826 -0.00606 0.98396 -0.08719 -0.03515 0.99557 -0.05201 -0.26824 0.96195 -0.10276 -0.29736 0.94922 -0.00196 -0.62683 0.77915 -0.08377 -0.69093 0.71805 -0.01218 -0.81181 0.5838 -0.03053 -0.97264 0.2303 -0.09745 -0.95058 0.29479 -0.1217 -0.99245 0.01543 -0.0545 -0.99849 -0.00712 -0.07621 0.98981 0.12025 -0.16171 0.96775 0.19317 0.03144 0.89447 0.44601 -0.09958 0.69262 0.71439 -0.11767 0.67958 0.7241 -0.17384 0.3553 0.91844 -0.10178 0.43674 0.89381 0.01355 0.17999 0.98358 -0.05023 0.79354 -0.60644 -0.14197 0.59593 -0.79039 -0.05949 0.28612 -0.95634 -0.08253 0.99466 -0.06194 -0.13855 0.98979 -0.03338 -0.9309 0.36527 0.00261 -0.81923 0.57242 -0.03458 -0.81808 0.37941 -0.4322 -0.91371 0.40477 -0.03606 -0.71592 0.68869 0.11475 -0.89435 -0.08726 -0.43878 -0.94646 -0.00893 -0.32271 -0.92219 0.09078 -0.37593 -0.61374 0.54777 -0.56858 -0.86151 0.46657 -0.20028 -0.6953 0.52311 -0.49286 -0.07578 0.82818 -0.55532 -0.08027 0.82288 -0.56252 -0.07673 -0.17046 -0.98237 -0.06462 0.99104 0.11689 -0.03784 -0.11464 -0.99269 -0.00805 0.42108 -0.90699 -0.05376 0.47965 -0.87581 -0.00651 0.91312 -0.40765 -0.01276 0.91685 -0.39902 -0.02127 0.99915 0.03531</float_array>
          <technique_common>
            <accessor source="#norm_0-array" count="8454" stride="3">
              <param name="X" type="float"/>
              <param name="Y" type="float"/>
              <param name="Z" type="float"/>
            </accessor>
          </technique_common>
        </source>
        <vertices id="vert_0">
          <input semantic="POSITION" source="#pos_0"/>
        </vertices>
        <triangles count="2850" material="mat_0">
          <input semantic="VERTEX" source="#vert_0" offset="0"/>
          <input semantic="NORMAL" source="#norm_0" offset="1"/>
          <p>0 0 1 0 2 0 3 1 4 1 5 1 5 2 4 2 6 2 3 3 7 3 4 3 6 4 2 4 5 4 0 5 2 5 6 5 8 6 9 6 10 6 8 7 10 7 11 7 10 8 9 8 12 8 13 9 10 9 14 9 15 10 16 10 17 10 16 11 15 11 18 11 17 12 19 12 15 12 20 13 21 13 22 13 22 14 23 14 20 14 24 15 20 15 25 15 26 16 27 16 28 16 28 17 20 17 24 17 21 18 20 18 28 18 21 19 28 19 27 19 24 20 29 20 30 20 24 21 31 21 29 21 32 22 31 22 33 22 31 23 32 23 34 23 35 24 28 24 36 24 31 25 24 25 33 25 27 26 22 26 21 26 22 27 27 27 37 27 27 28 38 28 37 28 38 29 27 29 26 29 38 30 26 30 39 30 16 31 34 31 40 31 28 32 39 32 26 32 28 33 30 33 29 33 16 34 31 34 34 34 29 35 36 35 28 35 16 36 36 36 31 36 31 37 36 37 29 37 39 38 28 38 35 38 34 39 41 39 40 39 23 40 25 40 20 40 24 41 32 41 33 41 22 42 42 42 43 42 41 43 24 43 25 43 41 44 25 44 43 44 41 45 32 45 24 45 28 46 24 46 30 46 34 47 32 47 41 47 37 48 42 48 22 48 23 49 22 49 43 49 23 50 43 50 25 50 40 51 44 51 19 51 40 52 19 52 17 52 17 53 16 53 40 53 45 54 46 54 47 54 48 55 45 55 47 55 48 56 43 56 42 56 43 57 48 57 47 57 42 58 49 58 48 58 50 59 49 59 42 59 50 60 42 60 37 60 43 61 47 61 51 61 43 62 51 62 41 62 41 63 51 63 52 63 41 64 52 64 40 64 40 65 52 65 44 65 52 66 53 66 44 66 44 67 53 67 19 67 54 68 18 68 55 68 56 69 15 69 19 69 57 70 15 70 56 70 15 71 57 71 18 71 18 72 57 72 55 72 58 73 59 73 60 73 61 74 59 74 58 74 62 75 54 75 59 75 61 76 63 76 64 76 59 77 61 77 62 77 62 78 61 78 64 78 64 79 65 79 66 79 62 80 64 80 66 80 67 81 68 81 69 81 66 82 68 82 70 82 70 83 68 83 71 83 66 84 65 84 69 84 66 85 69 85 68 85 68 86 67 86 14 86 68 87 14 87 71 87 10 88 71 88 14 88 71 89 72 89 70 89 55 90 60 90 59 90 55 91 59 91 54 91 12 92 72 92 71 92 12 93 71 93 10 93 54 94 62 94 73 94 66 95 74 95 62 95 74 96 66 96 75 96 75 97 66 97 70 97 62 98 74 98 73 98 72 99 75 99 70 99 73 100 16 100 18 100 73 101 18 101 54 101 16 102 73 102 36 102 72 103 39 103 35 103 72 104 35 104 75 104 35 105 74 105 75 105 74 106 35 106 36 106 36 107 73 107 74 107 72 108 76 108 39 108 76 109 77 109 39 109 77 110 38 110 39 110 38 111 77 111 78 111 38 112 78 112 50 112 38 113 50 113 37 113 12 114 76 114 72 114 76 115 12 115 9 115 76 116 9 116 77 116 77 117 9 117 8 117 78 118 77 118 8 118 78 119 79 119 50 119 79 120 80 120 50 120 81 121 48 121 49 121 50 122 80 122 49 122 49 123 80 123 82 123 81 124 49 124 82 124 78 125 8 125 79 125 11 126 79 126 8 126 83 127 84 127 85 127 83 128 79 128 11 128 79 129 83 129 85 129 80 130 79 130 85 130 84 131 86 131 80 131 85 132 84 132 80 132 87 133 88 133 89 133 89 134 90 134 87 134 87 135 90 135 91 135 88 136 48 136 92 136 88 137 92 137 89 137 92 138 48 138 81 138 93 139 92 139 94 139 80 140 95 140 82 140 81 141 82 141 92 141 95 142 86 142 96 142 95 143 96 143 97 143 80 144 86 144 95 144 95 145 97 145 82 145 82 146 97 146 94 146 82 147 94 147 92 147 88 148 46 148 45 148 46 149 88 149 87 149 46 150 87 150 91 150 88 151 45 151 48 151 91 152 98 152 46 152 99 153 100 153 101 153 99 154 98 154 100 154 102 155 98 155 99 155 46 156 98 156 47 156 19 157 53 157 103 157 98 158 51 158 47 158 51 159 102 159 104 159 51 160 98 160 102 160 51 161 104 161 52 161 52 162 104 162 53 162 105 163 106 163 107 163 107 164 106 164 108 164 109 165 108 165 110 165 102 166 108 166 104 166 104 167 106 167 53 167 102 168 99 168 110 168 102 169 110 169 108 169 104 170 108 170 106 170 53 171 106 171 111 171 106 172 105 172 111 172 99 173 101 173 112 173 99 174 112 174 110 174 103 175 113 175 114 175 113 176 53 176 111 176 103 177 53 177 113 177 114 178 115 178 103 178 56 179 19 179 103 179 56 180 103 180 115 180 56 181 115 181 60 181 57 182 56 182 60 182 55 183 57 183 60 183 116 184 61 184 60 184 60 185 61 185 58 185 61 186 116 186 63 186 63 187 117 187 64 187 116 188 60 188 118 188 118 189 60 189 119 189 1 190 65 190 64 190 1 191 64 191 117 191 117 192 63 192 116 192 118 193 120 193 116 193 121 194 1 194 117 194 2 195 1 195 121 195 117 196 116 196 121 196 121 197 116 197 120 197 121 198 5 198 2 198 120 199 3 199 5 199 120 200 5 200 121 200 122 201 3 201 120 201 123 202 124 202 3 202 3 203 122 203 123 203 123 204 125 204 124 204 126 205 123 205 127 205 125 206 123 206 126 206 128 207 126 207 129 207 127 208 129 208 126 208 129 209 130 209 128 209 131 210 124 210 132 210 130 211 133 211 128 211 128 212 133 212 134 212 128 213 134 213 126 213 126 214 134 214 135 214 126 215 135 215 136 215 126 216 136 216 125 216 132 217 124 217 125 217 132 218 125 218 136 218 3 219 137 219 7 219 137 220 124 220 131 220 137 221 3 221 124 221 13 222 14 222 4 222 14 223 67 223 4 223 13 224 4 224 7 224 65 225 1 225 0 225 65 226 0 226 69 226 69 227 0 227 6 227 69 228 6 228 67 228 67 229 6 229 4 229 10 230 13 230 11 230 11 231 13 231 83 231 137 232 86 232 84 232 7 233 83 233 13 233 137 234 131 234 86 234 7 235 137 235 84 235 7 236 84 236 83 236 89 237 92 237 93 237 90 238 101 238 100 238 91 239 90 239 100 239 100 240 98 240 91 240 131 241 96 241 86 241 134 242 89 242 93 242 101 243 90 243 134 243 134 244 90 244 89 244 133 245 101 245 134 245 134 246 93 246 135 246 135 247 93 247 94 247 135 248 94 248 136 248 136 249 94 249 97 249 136 250 97 250 96 250 136 251 96 251 132 251 132 252 96 252 131 252 138 253 139 253 111 253 140 254 101 254 133 254 105 255 138 255 111 255 112 256 140 256 109 256 109 257 140 257 141 257 109 258 141 258 107 258 107 259 141 259 142 259 107 260 142 260 105 260 105 261 142 261 138 261 112 262 101 262 140 262 110 263 112 263 109 263 108 264 109 264 107 264 114 265 113 265 143 265 143 266 113 266 111 266 115 267 114 267 119 267 60 268 115 268 119 268 139 269 144 269 143 269 139 270 143 270 111 270 143 271 119 271 114 271 119 272 143 272 118 272 143 273 144 273 118 273 122 274 144 274 139 274 120 275 118 275 144 275 144 276 122 276 120 276 138 277 123 277 139 277 123 278 122 278 139 278 140 279 133 279 130 279 142 280 127 280 138 280 138 281 127 281 123 281 140 282 130 282 129 282 140 283 129 283 141 283 141 284 129 284 127 284 141 285 127 285 142 285 145 286 146 286 147 286 148 287 149 287 147 287 147 288 149 288 145 288 147 289 146 289 148 289 150 290 146 290 151 290 150 291 148 291 146 291 152 292 149 292 148 292 152 293 148 293 150 293 146 294 145 294 151 294 153 295 149 295 152 295 153 296 145 296 149 296 151 297 145 297 153 297 154 298 155 298 156 298 150 299 154 299 156 299 150 300 156 300 152 300 152 301 156 301 153 301 153 302 156 302 155 302 153 303 155 303 151 303 151 304 155 304 154 304 151 305 154 305 150 305 157 306 158 306 159 306 157 307 159 307 160 307 160 308 159 308 161 308 160 309 161 309 162 309 162 310 161 310 163 310 162 311 163 311 164 311 164 312 163 312 165 312 164 313 165 313 166 313 166 314 165 314 167 314 166 315 167 315 168 315 168 316 167 316 169 316 163 317 170 317 165 317 171 318 169 318 165 318 170 319 163 319 161 319 170 320 161 320 159 320 170 321 172 321 165 321 159 322 158 322 173 322 170 323 159 323 173 323 165 324 172 324 174 324 165 325 174 325 171 325 169 326 167 326 165 326 169 327 171 327 175 327 175 328 171 328 176 328 176 329 171 329 174 329 176 330 174 330 172 330 176 331 172 331 177 331 177 332 172 332 170 332 177 333 170 333 178 333 178 334 170 334 173 334 178 335 173 335 179 335 179 336 173 336 158 336 179 337 158 337 180 337 180 338 158 338 157 338 177 339 181 339 176 339 176 340 181 340 182 340 176 341 182 341 183 341 176 342 183 342 175 342 175 343 183 343 184 343 175 344 184 344 169 344 181 345 177 345 185 345 185 346 177 346 178 346 185 347 178 347 179 347 186 348 179 348 180 348 186 349 180 349 187 349 162 350 188 350 189 350 162 351 189 351 160 351 160 352 189 352 157 352 157 353 189 353 187 353 157 354 187 354 180 354 188 355 162 355 164 355 190 356 164 356 166 356 190 357 166 357 168 357 190 358 168 358 184 358 184 359 168 359 169 359 188 360 181 360 185 360 189 361 185 361 179 361 181 362 188 362 164 362 181 363 164 363 190 363 181 364 190 364 184 364 183 365 181 365 184 365 189 366 188 366 185 366 189 367 179 367 186 367 186 368 187 368 189 368 182 369 181 369 183 369 191 370 192 370 193 370 194 371 193 371 195 371 194 372 196 372 193 372 193 373 196 373 191 373 191 374 197 374 198 374 198 375 197 375 199 375 191 376 198 376 192 376 194 377 195 377 200 377 201 378 202 378 203 378 203 379 202 379 194 379 194 380 200 380 204 380 194 381 204 381 203 381 205 382 206 382 207 382 208 383 209 383 210 383 209 384 208 384 211 384 212 385 211 385 213 385 211 386 208 386 214 386 211 387 214 387 207 387 210 388 215 388 208 388 214 389 216 389 205 389 214 390 205 390 207 390 208 391 215 391 217 391 208 392 217 392 214 392 214 393 203 393 216 393 215 394 218 394 217 394 214 395 217 395 203 395 219 396 193 396 220 396 204 397 221 397 203 397 219 398 195 398 193 398 222 399 200 399 195 399 222 400 195 400 219 400 200 401 222 401 223 401 200 402 223 402 204 402 203 403 221 403 216 403 220 404 224 404 219 404 219 405 224 405 222 405 223 406 225 406 204 406 204 407 225 407 221 407 216 408 221 408 225 408 226 409 194 409 202 409 226 410 202 410 227 410 227 411 202 411 218 411 218 412 202 412 201 412 201 413 217 413 218 413 203 414 217 414 201 414 226 415 228 415 229 415 230 416 228 416 231 416 228 417 226 417 231 417 231 418 232 418 230 418 218 419 215 419 232 419 232 420 209 420 230 420 232 421 215 421 210 421 232 422 210 422 209 422 231 423 227 423 232 423 231 424 226 424 227 424 232 425 227 425 218 425 233 426 234 426 235 426 236 427 233 427 237 427 238 428 239 428 240 428 236 429 234 429 233 429 236 430 237 430 238 430 241 431 239 431 238 431 237 432 241 432 238 432 242 433 243 433 244 433 237 434 245 434 241 434 237 435 242 435 245 435 233 436 243 436 242 436 242 437 237 437 233 437 242 438 191 438 245 438 246 439 247 439 245 439 241 440 245 440 247 440 248 441 249 441 246 441 250 442 249 442 248 442 239 443 241 443 247 443 239 444 249 444 250 444 250 445 248 445 251 445 250 446 251 446 240 446 240 447 239 447 250 447 252 448 226 448 229 448 249 449 239 449 246 449 246 450 239 450 247 450 229 451 251 451 252 451 252 452 251 452 248 452 246 453 191 453 196 453 246 454 196 454 248 454 248 455 196 455 194 455 248 456 194 456 252 456 252 457 194 457 226 457 191 458 246 458 245 458 197 459 191 459 242 459 197 460 242 460 253 460 254 461 199 461 253 461 253 462 199 462 197 462 254 463 255 463 199 463 255 464 198 464 199 464 244 465 256 465 242 465 256 466 254 466 253 466 256 467 253 467 242 467 257 468 224 468 258 468 258 469 224 469 220 469 220 470 193 470 192 470 255 471 257 471 258 471 220 472 192 472 258 472 192 473 198 473 258 473 258 474 198 474 255 474 257 475 255 475 254 475 225 476 223 476 222 476 225 477 256 477 244 477 216 478 225 478 244 478 225 479 254 479 256 479 225 480 222 480 254 480 257 481 254 481 222 481 224 482 257 482 222 482 233 483 235 483 243 483 259 484 243 484 235 484 260 485 261 485 262 485 263 486 264 486 265 486 265 487 264 487 266 487 234 488 236 488 267 488 234 489 266 489 235 489 234 490 267 490 266 490 262 491 268 491 260 491 235 492 269 492 259 492 262 493 269 493 268 493 268 494 269 494 264 494 263 495 268 495 264 495 264 496 269 496 235 496 235 497 266 497 264 497 259 498 206 498 243 498 206 499 205 499 243 499 243 500 205 500 216 500 243 501 216 501 244 501 270 502 206 502 259 502 259 503 269 503 270 503 270 504 269 504 262 504 262 505 261 505 270 505 270 506 261 506 271 506 207 507 206 507 270 507 207 508 213 508 211 508 272 509 273 509 274 509 274 510 271 510 261 510 270 511 213 511 207 511 213 512 270 512 274 512 213 513 274 513 275 513 274 514 261 514 272 514 272 515 261 515 276 515 276 516 261 516 260 516 275 517 212 517 213 517 274 518 270 518 271 518 228 519 267 519 236 519 273 520 209 520 211 520 273 521 228 521 230 521 273 522 265 522 228 522 273 523 230 523 209 523 211 524 212 524 273 524 273 525 212 525 275 525 228 526 265 526 267 526 236 527 238 527 228 527 228 528 238 528 240 528 240 529 251 529 228 529 260 530 273 530 276 530 273 531 272 531 276 531 275 532 274 532 273 532 229 533 228 533 251 533 265 534 266 534 267 534 263 535 265 535 268 535 273 536 268 536 265 536 273 537 260 537 268 537 277 538 278 538 279 538 280 539 281 539 279 539 279 540 281 540 277 540 279 541 278 541 280 541 282 542 278 542 283 542 282 543 280 543 278 543 284 544 281 544 282 544 282 545 281 545 280 545 285 546 281 546 284 546 285 547 277 547 281 547 283 548 278 548 277 548 283 549 277 549 285 549 284 550 282 550 283 550 283 551 286 551 284 551 284 552 286 552 287 552 284 553 287 553 285 553 285 554 287 554 286 554 285 555 286 555 283 555 288 556 289 556 290 556 291 557 292 557 290 557 290 558 292 558 288 558 290 559 289 559 291 559 293 560 291 560 289 560 294 561 291 561 293 561 295 562 292 562 294 562 294 563 292 563 291 563 296 564 292 564 295 564 296 565 288 565 292 565 293 566 289 566 296 566 296 567 289 567 288 567 294 568 293 568 296 568 297 298 298 298 299 298 294 569 297 569 299 569 294 570 299 570 295 570 295 571 299 571 298 571 295 572 298 572 296 572 296 573 298 573 297 573 296 574 297 574 294 574 300 575 301 575 302 575 300 576 303 576 301 576 301 577 303 577 304 577 305 578 304 578 303 578 306 579 304 579 305 579 307 580 302 580 308 580 308 581 302 581 301 581 308 582 301 582 309 582 308 583 310 583 307 583 310 584 302 584 307 584 308 585 304 585 310 585 309 586 301 586 304 586 309 587 304 587 308 587 304 588 306 588 310 588 310 589 306 589 311 589 310 590 311 590 302 590 302 591 311 591 312 591 300 592 302 592 312 592 303 593 300 593 313 593 313 594 314 594 315 594 300 595 312 595 314 595 316 596 314 596 317 596 314 597 318 597 317 597 319 598 312 598 311 598 315 599 320 599 321 599 313 600 300 600 314 600 315 601 314 601 316 601 318 602 314 602 312 602 312 603 319 603 318 603 322 604 317 604 318 604 322 605 318 605 319 605 319 606 311 606 322 606 322 607 323 607 317 607 324 608 325 608 322 608 324 609 326 609 325 609 322 610 325 610 321 610 306 611 305 611 326 611 321 612 320 612 327 612 326 613 305 613 321 613 321 614 313 614 315 614 311 615 324 615 322 615 326 616 324 616 311 616 311 617 306 617 326 617 327 618 323 618 322 618 321 619 327 619 322 619 325 620 326 620 321 620 321 621 305 621 313 621 305 622 303 622 313 622 328 623 316 623 317 623 328 624 317 624 329 624 329 625 317 625 323 625 329 626 323 626 330 626 330 627 323 627 327 627 331 628 320 628 315 628 320 629 331 629 327 629 327 630 331 630 330 630 330 631 332 631 333 631 330 632 333 632 329 632 329 633 333 633 334 633 329 634 334 634 328 634 328 635 334 635 335 635 334 636 332 636 335 636 335 637 332 637 336 637 332 638 334 638 333 638 328 639 335 639 331 639 331 640 335 640 336 640 331 641 336 641 332 641 331 642 332 642 330 642 331 643 315 643 328 643 328 644 315 644 316 644 337 645 338 645 339 645 339 646 338 646 340 646 339 647 340 647 341 647 342 648 340 648 338 648 341 649 340 649 342 649 341 650 342 650 337 650 337 651 342 651 338 651 343 652 344 652 345 652 343 653 345 653 346 653 343 654 346 654 347 654 347 655 346 655 348 655 347 656 348 656 344 656 347 657 344 657 343 657 349 658 350 658 346 658 349 659 346 659 351 659 351 660 346 660 352 660 351 661 352 661 345 661 351 662 345 662 353 662 350 663 348 663 346 663 345 664 352 664 346 664 348 665 354 665 344 665 345 666 344 666 353 666 353 667 344 667 339 667 344 668 354 668 339 668 354 669 348 669 339 669 339 670 348 670 349 670 349 671 348 671 350 671 337 672 349 672 351 672 337 673 351 673 341 673 351 674 353 674 341 674 339 675 349 675 337 675 341 676 353 676 339 676 355 677 356 677 357 677 355 678 357 678 358 678 355 679 358 679 356 679 359 680 360 680 361 680 359 681 361 681 362 681 359 682 362 682 360 682 363 683 357 683 361 683 363 684 361 684 358 684 363 685 358 685 357 685 364 686 365 686 360 686 364 687 360 687 362 687 364 688 362 688 365 688 365 689 366 689 367 689 365 690 367 690 356 690 356 691 367 691 368 691 356 692 368 692 357 692 357 693 368 693 369 693 370 694 371 694 372 694 370 695 372 695 373 695 373 696 374 696 370 696 374 697 373 697 375 697 374 698 375 698 376 698 376 699 375 699 377 699 372 700 375 700 373 700 377 701 372 701 371 701 372 702 377 702 375 702 371 703 378 703 377 703 378 704 379 704 376 704 378 705 376 705 377 705 371 706 379 706 378 706 371 707 370 707 379 707 370 708 380 708 381 708 370 709 381 709 379 709 379 710 381 710 382 710 379 711 382 711 383 711 379 712 383 712 376 712 376 713 383 713 384 713 376 714 384 714 385 714 376 715 385 715 374 715 374 716 385 716 386 716 374 717 386 717 380 717 374 718 380 718 370 718 386 719 385 719 384 719 387 720 381 720 380 720 387 721 380 721 388 721 388 722 380 722 386 722 388 723 386 723 389 723 389 724 386 724 384 724 389 725 384 725 390 725 390 726 384 726 383 726 390 727 383 727 391 727 391 728 383 728 382 728 391 729 382 729 387 729 387 730 382 730 381 730 367 731 388 731 368 731 368 732 388 732 389 732 366 733 387 733 367 733 367 734 387 734 388 734 366 735 391 735 387 735 392 736 390 736 366 736 366 737 390 737 391 737 369 738 390 738 392 738 368 739 389 739 369 739 369 740 389 740 390 740 357 741 369 741 393 741 393 742 369 742 392 742 393 743 392 743 362 743 362 744 392 744 366 744 362 745 366 745 365 745 360 746 356 746 361 746 361 747 356 747 358 747 361 748 393 748 362 748 361 749 357 749 393 749 360 750 365 750 356 750 394 751 395 751 396 751 394 752 396 752 397 752 394 753 397 753 395 753 398 754 399 754 400 754 398 755 400 755 401 755 398 756 401 756 399 756 402 757 397 757 403 757 402 758 403 758 400 758 402 759 400 759 397 759 404 760 395 760 399 760 404 761 399 761 401 761 404 762 401 762 395 762 405 763 406 763 407 763 405 764 407 764 396 764 396 765 407 765 397 765 397 766 407 766 408 766 409 767 410 767 411 767 412 768 413 768 411 768 411 769 413 769 409 769 413 770 412 770 414 770 413 771 414 771 415 771 412 772 410 772 414 772 414 773 410 773 416 773 412 774 411 774 410 774 417 775 414 775 416 775 415 776 414 776 417 776 417 777 418 777 415 777 418 778 417 778 416 778 410 779 409 779 416 779 416 780 409 780 418 780 409 781 419 781 420 781 409 782 420 782 421 782 409 783 421 783 418 783 418 784 421 784 422 784 418 785 422 785 423 785 418 786 423 786 415 786 415 787 423 787 424 787 415 788 424 788 413 788 413 789 424 789 425 789 413 790 425 790 419 790 413 791 419 791 409 791 420 792 419 792 425 792 422 793 421 793 420 793 426 794 420 794 427 794 427 795 420 795 428 795 428 796 420 796 425 796 428 797 425 797 429 797 429 798 425 798 424 798 429 799 424 799 430 799 430 800 424 800 423 800 430 801 423 801 422 801 430 802 422 802 426 802 426 803 422 803 420 803 407 804 427 804 428 804 406 805 426 805 407 805 407 806 426 806 427 806 431 807 430 807 406 807 406 808 430 808 426 808 432 809 430 809 431 809 408 810 429 810 432 810 432 811 429 811 430 811 407 812 428 812 408 812 408 813 428 813 429 813 397 814 408 814 403 814 403 815 408 815 432 815 403 816 432 816 401 816 401 817 432 817 431 817 401 818 431 818 406 818 401 819 406 819 405 819 399 820 395 820 400 820 400 821 395 821 397 821 401 822 400 822 403 822 401 823 405 823 395 823 396 824 395 824 405 824 433 825 434 825 435 825 433 826 435 826 436 826 433 827 436 827 434 827 437 828 438 828 439 828 437 829 439 829 440 829 437 830 440 830 438 830 441 831 442 831 443 831 441 832 443 832 439 832 441 833 439 833 442 833 444 834 436 834 438 834 444 835 438 835 434 835 444 836 434 836 436 836 434 837 445 837 446 837 434 838 446 838 435 838 435 839 446 839 442 839 442 840 446 840 447 840 448 841 449 841 450 841 450 842 449 842 451 842 451 843 452 843 450 843 453 844 452 844 451 844 452 845 453 845 454 845 452 846 454 846 455 846 449 847 453 847 451 847 454 848 449 848 456 848 456 849 457 849 454 849 454 850 453 850 449 850 455 851 454 851 457 851 457 852 458 852 455 852 456 853 458 853 457 853 456 854 448 854 458 854 449 855 448 855 456 855 450 856 459 856 460 856 450 857 460 857 448 857 448 858 460 858 461 858 448 859 461 859 462 859 448 860 462 860 458 860 458 861 462 861 463 861 458 862 463 862 455 862 455 863 463 863 464 863 455 864 464 864 465 864 455 865 465 865 452 865 452 866 465 866 459 866 452 867 459 867 450 867 460 868 459 868 465 868 466 869 465 869 464 869 467 870 461 870 460 870 467 871 460 871 468 871 468 872 460 872 469 872 469 873 460 873 465 873 469 874 465 874 470 874 470 875 465 875 466 875 470 876 466 876 464 876 470 877 464 877 471 877 471 878 464 878 463 878 471 879 463 879 462 879 471 880 462 880 467 880 467 881 462 881 461 881 446 882 468 882 469 882 445 883 467 883 446 883 446 884 467 884 468 884 472 885 471 885 445 885 445 886 471 886 467 886 473 887 471 887 472 887 447 888 470 888 473 888 473 889 470 889 471 889 446 890 469 890 447 890 447 891 469 891 470 891 442 892 447 892 443 892 443 893 447 893 473 893 443 894 473 894 440 894 440 895 473 895 472 895 440 896 472 896 438 896 438 897 472 897 445 897 438 898 445 898 434 898 438 298 436 298 439 298 439 298 436 298 435 298 440 298 439 298 443 298 439 298 435 298 442 298 474 899 475 899 476 899 475 900 474 900 477 900 477 901 474 901 478 901 479 902 477 902 478 902 480 903 481 903 482 903 482 904 481 904 475 904 482 905 475 905 483 905 481 906 476 906 475 906 483 907 477 907 482 907 480 908 476 908 481 908 483 909 475 909 477 909 477 910 479 910 482 910 482 911 479 911 480 911 480 912 479 912 484 912 485 913 480 913 484 913 480 914 485 914 476 914 474 915 476 915 485 915 478 916 474 916 486 916 486 917 474 917 487 917 488 918 487 918 489 918 490 919 491 919 492 919 492 920 491 920 493 920 485 921 494 921 491 921 491 922 494 922 493 922 494 923 495 923 496 923 486 924 487 924 488 924 487 925 474 925 492 925 474 926 490 926 492 926 485 927 490 927 474 927 492 928 489 928 487 928 490 929 485 929 491 929 492 930 493 930 489 930 496 931 493 931 494 931 494 932 485 932 484 932 494 933 484 933 495 933 484 934 479 934 495 934 479 935 497 935 498 935 479 936 478 936 497 936 498 937 497 937 488 937 499 938 496 938 495 938 479 939 499 939 495 939 498 940 499 940 479 940 498 941 500 941 499 941 501 942 500 942 498 942 488 943 501 943 498 943 497 944 478 944 488 944 478 945 486 945 488 945 502 946 489 946 493 946 502 947 493 947 503 947 503 948 493 948 496 948 503 949 496 949 499 949 503 950 499 950 504 950 504 951 505 951 488 951 504 952 488 952 506 952 505 953 504 953 499 953 504 954 507 954 503 954 503 955 507 955 508 955 503 956 508 956 502 956 502 957 508 957 509 957 502 958 509 958 510 958 510 959 509 959 511 959 511 960 507 960 510 960 510 961 507 961 512 961 511 962 508 962 507 962 502 963 510 963 506 963 506 964 510 964 512 964 506 965 512 965 504 965 504 966 512 966 507 966 506 967 488 967 489 967 506 968 489 968 502 968 499 969 500 969 505 969 500 970 501 970 505 970 505 971 501 971 488 971 513 972 514 972 515 972 513 973 515 973 516 973 516 974 515 974 517 974 516 975 517 975 518 975 515 976 514 976 517 976 518 977 517 977 513 977 517 978 514 978 513 978 519 979 520 979 521 979 521 980 520 980 522 980 521 981 522 981 523 981 521 982 523 982 519 982 519 983 523 983 524 983 519 984 524 984 520 984 524 985 523 985 513 985 513 986 523 986 525 986 523 987 526 987 525 987 522 988 525 988 526 988 525 989 522 989 527 989 522 990 528 990 527 990 529 991 522 991 520 991 522 992 529 992 528 992 523 993 522 993 526 993 524 994 530 994 520 994 528 995 529 995 527 995 527 996 529 996 520 996 527 997 520 997 516 997 516 998 520 998 530 998 516 999 530 999 531 999 524 1000 531 1000 530 1000 524 1001 513 1001 531 1001 513 1002 525 1002 518 1002 525 1003 527 1003 518 1003 518 1004 527 1004 516 1004 516 1005 531 1005 513 1005 532 1006 533 1006 534 1006 532 1007 534 1007 535 1007 532 1008 535 1008 533 1008 536 1009 537 1009 538 1009 536 1010 538 1010 539 1010 536 1011 539 1011 537 1011 540 1012 541 1012 538 1012 540 1013 538 1013 535 1013 540 1014 535 1014 541 1014 542 1015 533 1015 537 1015 542 1016 537 1016 543 1016 542 1017 543 1017 533 1017 543 1018 544 1018 545 1018 545 1019 544 1019 546 1019 545 1020 546 1020 534 1020 534 1021 546 1021 541 1021 541 1022 546 1022 547 1022 548 1023 549 1023 550 1023 550 1024 551 1024 548 1024 552 1025 551 1025 550 1025 551 1026 552 1026 553 1026 551 1027 553 1027 554 1027 553 1028 549 1028 555 1028 549 1029 553 1029 552 1029 549 1030 552 1030 550 1030 553 1031 555 1031 556 1031 556 1032 554 1032 553 1032 556 1033 557 1033 554 1033 555 1034 557 1034 556 1034 555 1035 548 1035 557 1035 549 1036 548 1036 555 1036 551 1037 558 1037 559 1037 551 1038 559 1038 548 1038 548 1039 559 1039 560 1039 548 1040 560 1040 561 1040 548 1041 561 1041 557 1041 557 1042 561 1042 562 1042 557 1043 562 1043 563 1043 557 1044 563 1044 554 1044 554 1045 563 1045 564 1045 554 1046 564 1046 551 1046 551 1047 564 1047 558 1047 559 1048 558 1048 564 1048 561 1049 560 1049 559 1049 565 1050 559 1050 566 1050 566 1051 559 1051 567 1051 567 1052 559 1052 564 1052 567 1053 564 1053 568 1053 568 1054 564 1054 563 1054 568 1055 563 1055 562 1055 568 1056 562 1056 569 1056 569 1057 562 1057 561 1057 569 1058 561 1058 565 1058 565 1059 561 1059 559 1059 546 1060 566 1060 567 1060 544 1061 565 1061 546 1061 546 1062 565 1062 566 1062 570 1063 569 1063 544 1063 544 1064 569 1064 565 1064 571 1065 569 1065 570 1065 547 1066 568 1066 571 1066 571 1067 568 1067 569 1067 546 1068 567 1068 547 1068 547 1069 567 1069 568 1069 541 1070 547 1070 539 1070 539 1071 547 1071 571 1071 539 1072 571 1072 543 1072 543 1073 571 1073 570 1073 543 1074 570 1074 544 1074 537 1075 533 1075 538 1075 538 1076 533 1076 535 1076 543 1077 537 1077 539 1077 543 1078 545 1078 533 1078 538 1079 541 1079 539 1079 535 1080 534 1080 541 1080 534 1081 533 1081 545 1081 572 1082 573 1082 574 1082 574 1083 573 1083 575 1083 574 1084 575 1084 576 1084 577 1085 575 1085 573 1085 576 1086 575 1086 577 1086 576 1087 577 1087 572 1087 572 1088 577 1088 573 1088 578 1089 579 1089 580 1089 578 1090 580 1090 581 1090 578 1091 581 1091 582 1091 578 1092 582 1092 579 1092 582 1093 572 1093 574 1093 572 1094 582 1094 581 1094 581 1095 576 1095 572 1095 576 1096 581 1096 580 1096 579 1097 576 1097 580 1097 579 1098 583 1098 576 1098 584 1099 585 1099 579 1099 582 1100 584 1100 579 1100 585 1101 583 1101 579 1101 584 1102 583 1102 585 1102 583 1103 584 1103 574 1103 582 1104 574 1104 584 1104 576 1105 583 1105 574 1105 586 1106 587 1106 588 1106 588 1107 587 1107 589 1107 588 1108 589 1108 590 1108 591 1085 589 1085 587 1085 590 1086 589 1086 591 1086 590 1109 591 1109 586 1109 586 1110 591 1110 587 1110 592 1111 593 1111 594 1111 592 1112 594 1112 595 1112 592 1113 595 1113 596 1113 592 1114 596 1114 593 1114 588 1115 597 1115 598 1115 598 1116 586 1116 588 1116 595 1117 590 1117 586 1117 595 1118 586 1118 598 1118 590 1119 595 1119 594 1119 594 1120 599 1120 590 1120 597 1121 596 1121 595 1121 598 1122 597 1122 595 1122 599 1123 594 1123 593 1123 599 1124 593 1124 596 1124 599 1125 596 1125 588 1125 588 1126 596 1126 597 1126 590 1127 599 1127 588 1127 600 1128 601 1128 602 1128 602 1129 601 1129 603 1129 602 1130 603 1130 604 1130 605 1131 603 1131 601 1131 604 1132 603 1132 605 1132 604 1133 605 1133 600 1133 600 1134 605 1134 601 1134 606 1135 607 1135 608 1135 606 1136 608 1136 609 1136 606 1137 609 1137 610 1137 606 1138 610 1138 607 1138 609 1139 600 1139 611 1139 612 1140 600 1140 609 1140 600 1141 612 1141 604 1141 604 1142 612 1142 608 1142 611 1143 610 1143 609 1143 608 1144 612 1144 609 1144 608 1145 602 1145 604 1145 602 1146 608 1146 607 1146 607 1147 613 1147 602 1147 613 1148 607 1148 610 1148 613 1149 610 1149 611 1149 611 1150 600 1150 613 1150 602 1151 613 1151 600 1151 614 1152 615 1152 616 1152 616 1153 615 1153 617 1153 616 1154 617 1154 618 1154 618 1155 617 1155 619 1155 618 1156 619 1156 620 1156 614 1157 618 1157 620 1157 614 1158 620 1158 621 1158 618 1159 614 1159 616 1159 620 1160 619 1160 622 1160 620 1161 622 1161 621 1161 621 1162 622 1162 623 1162 621 1163 623 1163 614 1163 614 1164 623 1164 615 1164 624 1165 625 1165 626 1165 627 1166 628 1166 629 1166 629 1167 628 1167 630 1167 631 1168 459 1168 632 1168 632 1169 461 1169 633 1169 633 1170 461 1170 463 1170 631 1171 632 1171 633 1171 631 1172 633 1172 634 1172 633 1173 463 1173 634 1173 634 1174 466 1174 631 1174 631 1175 466 1175 459 1175 635 1176 461 1176 632 1176 635 1177 632 1177 636 1177 459 1178 637 1178 632 1178 632 1179 637 1179 636 1179 459 1180 638 1180 637 1180 466 1181 639 1181 638 1181 466 1182 638 1182 459 1182 640 1183 461 1183 635 1183 634 1184 639 1184 466 1184 639 1185 634 1185 641 1185 634 1186 642 1186 641 1186 463 1187 642 1187 634 1187 463 1188 643 1188 642 1188 643 1189 463 1189 640 1189 461 1190 640 1190 463 1190 635 1191 644 1191 640 1191 645 1192 643 1192 640 1192 645 1193 640 1193 644 1193 642 1194 643 1194 645 1194 644 1195 635 1195 636 1195 644 1196 636 1196 646 1196 646 1197 636 1197 637 1197 647 1198 638 1198 648 1198 648 1199 638 1199 639 1199 646 1200 637 1200 647 1200 647 1201 637 1201 638 1201 648 1202 639 1202 649 1202 649 1203 639 1203 641 1203 641 1204 642 1204 649 1204 642 1205 645 1205 649 1205 644 1206 650 1206 645 1206 645 1207 651 1207 649 1207 652 1208 646 1208 653 1208 653 1209 646 1209 647 1209 653 1210 647 1210 654 1210 654 1211 647 1211 648 1211 655 1212 644 1212 656 1212 656 1213 644 1213 646 1213 656 1214 646 1214 652 1214 644 1215 655 1215 650 1215 645 1216 657 1216 658 1216 657 1217 645 1217 650 1217 658 1218 651 1218 645 1218 659 1219 660 1219 648 1219 649 1220 659 1220 648 1220 649 1221 651 1221 659 1221 660 1222 654 1222 648 1222 661 1223 653 1223 654 1223 654 1224 660 1224 661 1224 653 1225 661 1225 625 1225 653 1226 625 1226 652 1226 652 1227 625 1227 630 1227 630 1228 656 1228 652 1228 656 1229 630 1229 655 1229 650 1230 655 1230 657 1230 658 1231 662 1231 651 1231 651 1232 662 1232 659 1232 659 1233 662 1233 660 1233 663 1234 664 1234 665 1234 663 1235 665 1235 666 1235 667 1236 668 1236 669 1236 669 1237 668 1237 670 1237 669 1238 670 1238 671 1238 671 1239 670 1239 672 1239 671 1240 672 1240 673 1240 667 1241 669 1241 671 1241 671 1242 674 1242 667 1242 671 1243 673 1243 674 1243 674 1244 673 1244 675 1244 674 1245 675 1245 676 1245 674 1246 676 1246 667 1246 667 1247 676 1247 668 1247 668 1248 558 1248 670 1248 670 1249 677 1249 672 1249 673 1250 562 1250 675 1250 675 1251 678 1251 676 1251 673 1252 672 1252 562 1252 676 1253 678 1253 668 1253 679 1254 680 1254 681 1254 681 1255 680 1255 682 1255 680 1256 679 1256 683 1256 680 1257 683 1257 684 1257 684 1258 683 1258 685 1258 686 1259 684 1259 685 1259 687 1260 688 1260 689 1260 687 1261 690 1261 688 1261 691 1262 692 1262 690 1262 692 1263 689 1263 688 1263 692 1264 688 1264 690 1264 691 1265 689 1265 692 1265 693 1266 691 1266 694 1266 695 1267 689 1267 693 1267 693 1268 689 1268 691 1268 696 1269 687 1269 689 1269 695 1270 696 1270 689 1270 697 1271 687 1271 696 1271 698 1272 690 1272 687 1272 698 1273 687 1273 697 1273 691 1274 690 1274 694 1274 694 1275 690 1275 698 1275 699 1276 700 1276 701 1276 701 1277 700 1277 702 1277 701 1278 702 1278 703 1278 703 1279 702 1279 704 1279 699 1280 701 1280 703 1280 703 1281 704 1281 699 1281 699 1282 704 1282 705 1282 699 1283 705 1283 700 1283 706 1284 704 1284 707 1284 707 1285 704 1285 702 1285 708 1286 704 1286 706 1286 709 1287 707 1287 702 1287 705 1288 704 1288 710 1288 710 1289 704 1289 708 1289 711 1290 700 1290 710 1290 710 1291 700 1291 705 1291 709 1292 702 1292 711 1292 711 1293 702 1293 700 1293 712 1294 713 1294 714 1294 712 1295 715 1295 713 1295 716 1296 717 1296 718 1296 716 1297 719 1297 717 1297 720 1298 716 1298 718 1298 718 1299 717 1299 721 1299 716 1300 722 1300 719 1300 719 1301 723 1301 717 1301 724 1302 716 1302 720 1302 720 1303 725 1303 724 1303 718 1304 725 1304 720 1304 725 1305 718 1305 721 1305 723 1306 719 1306 722 1306 726 1307 717 1307 723 1307 726 1308 723 1308 727 1308 727 1309 723 1309 722 1309 727 1310 722 1310 728 1310 722 1311 716 1311 728 1311 728 1312 716 1312 724 1312 729 1313 725 1313 730 1313 730 1314 725 1314 721 1314 730 1315 721 1315 726 1315 717 1316 726 1316 721 1316 731 1317 732 1317 733 1317 732 1318 731 1318 734 1318 732 1319 734 1319 735 1319 736 1320 733 1320 732 1320 732 1321 735 1321 737 1321 732 1322 738 1322 739 1322 732 1323 740 1323 738 1323 739 1324 736 1324 732 1324 732 1325 737 1325 741 1325 732 1326 741 1326 742 1326 743 1327 730 1327 726 1327 743 1328 726 1328 735 1328 712 1329 714 1329 730 1329 714 1330 713 1330 744 1330 730 1331 743 1331 745 1331 730 1332 745 1332 712 1332 730 1333 714 1333 729 1333 729 1334 714 1334 744 1334 744 1335 713 1335 715 1335 745 1336 715 1336 712 1336 744 1337 715 1337 743 1337 715 1338 745 1338 743 1338 729 1339 746 1339 725 1339 725 1340 746 1340 747 1340 724 1341 725 1341 748 1341 748 1342 725 1342 747 1342 747 1343 746 1343 749 1343 724 1344 748 1344 749 1344 749 1345 748 1345 747 1345 749 1346 746 1346 729 1346 749 1347 729 1347 744 1347 737 1348 727 1348 728 1348 750 1349 749 1349 728 1349 749 1350 750 1350 751 1350 749 1351 751 1351 724 1351 724 1352 751 1352 728 1352 728 1353 751 1353 750 1353 735 1354 726 1354 727 1354 735 1355 727 1355 737 1355 739 1356 708 1356 706 1356 739 1357 710 1357 708 1357 752 1358 753 1358 709 1358 752 1359 709 1359 711 1359 738 1360 711 1360 710 1360 738 1361 710 1361 739 1361 753 1362 707 1362 709 1362 740 1363 698 1363 738 1363 738 1364 698 1364 697 1364 696 1365 754 1365 752 1365 740 1366 694 1366 698 1366 754 1367 696 1367 695 1367 693 1368 755 1368 754 1368 693 1369 754 1369 695 1369 728 1370 749 1370 737 1370 737 1371 749 1371 756 1371 737 1372 756 1372 741 1372 741 1373 756 1373 757 1373 741 1374 757 1374 742 1374 742 1375 757 1375 732 1375 732 1376 757 1376 755 1376 732 1377 755 1377 740 1377 740 1378 755 1378 693 1378 740 1379 693 1379 694 1379 711 1380 738 1380 752 1380 752 1381 738 1381 697 1381 752 1382 697 1382 696 1382 758 1383 736 1383 739 1383 758 1384 739 1384 753 1384 753 1385 739 1385 706 1385 753 1386 706 1386 707 1386 743 1387 735 1387 734 1387 734 1388 759 1388 743 1388 734 1389 760 1389 759 1389 731 1390 760 1390 734 1390 761 1391 762 1391 733 1391 736 1392 761 1392 733 1392 736 1393 758 1393 761 1393 763 1394 764 1394 765 1394 766 1395 767 1395 765 1395 686 1396 767 1396 766 1396 686 1397 685 1397 767 1397 686 1398 768 1398 761 1398 765 1399 764 1399 769 1399 765 1400 769 1400 766 1400 686 1401 761 1401 758 1401 686 1402 766 1402 768 1402 769 1403 770 1403 766 1403 766 1404 770 1404 768 1404 768 1405 771 1405 761 1405 771 1406 768 1406 770 1406 770 1407 772 1407 771 1407 762 1408 761 1408 771 1408 773 1409 771 1409 772 1409 762 1410 771 1410 773 1410 733 1411 762 1411 731 1411 774 1412 773 1412 772 1412 775 1413 731 1413 773 1413 775 1414 773 1414 776 1414 774 1415 776 1415 773 1415 762 1416 773 1416 731 1416 760 1417 775 1417 777 1417 731 1418 775 1418 760 1418 777 1419 775 1419 778 1419 778 1420 775 1420 776 1420 760 1421 777 1421 759 1421 778 1422 759 1422 777 1422 779 1423 759 1423 778 1423 780 1424 781 1424 778 1424 778 1425 781 1425 779 1425 779 1426 782 1426 783 1426 779 1427 783 1427 759 1427 759 1428 783 1428 784 1428 759 1429 784 1429 785 1429 759 1430 785 1430 743 1430 782 1431 779 1431 786 1431 786 1432 779 1432 781 1432 786 1433 781 1433 787 1433 785 1434 784 1434 682 1434 682 1435 784 1435 788 1435 754 1436 755 1436 680 1436 680 1437 758 1437 753 1437 757 1438 682 1438 755 1438 680 1439 752 1439 754 1439 758 1440 680 1440 684 1440 680 1441 753 1441 752 1441 682 1442 744 1442 743 1442 682 1443 749 1443 744 1443 756 1444 682 1444 757 1444 682 1445 756 1445 749 1445 682 1446 680 1446 755 1446 684 1447 686 1447 758 1447 743 1448 785 1448 682 1448 682 1449 788 1449 681 1449 783 1450 788 1450 784 1450 681 1451 789 1451 679 1451 685 1452 683 1452 767 1452 790 1453 681 1453 791 1453 681 1454 790 1454 792 1454 789 1455 793 1455 679 1455 782 1456 788 1456 783 1456 679 1457 793 1457 794 1457 681 1458 792 1458 789 1458 788 1459 782 1459 681 1459 681 1460 782 1460 791 1460 679 1461 765 1461 767 1461 767 1462 683 1462 679 1462 794 1463 795 1463 679 1463 795 1464 765 1464 679 1464 791 1465 782 1465 786 1465 795 1466 763 1466 765 1466 796 1467 786 1467 797 1467 786 1468 796 1468 798 1468 763 1469 799 1469 800 1469 763 1470 795 1470 801 1470 763 1471 801 1471 799 1471 786 1472 798 1472 791 1472 789 1473 802 1473 793 1473 793 1474 802 1474 803 1474 793 1475 803 1475 794 1475 801 1476 795 1476 804 1476 805 1477 806 1477 802 1477 803 1478 802 1478 806 1478 803 1479 806 1479 794 1479 794 1480 806 1480 804 1480 807 1481 804 1481 808 1481 801 1482 804 1482 807 1482 801 1483 807 1483 799 1483 799 1484 807 1484 809 1484 794 1485 804 1485 795 1485 810 1486 800 1486 799 1486 810 1487 799 1487 809 1487 800 1488 810 1488 811 1488 800 1489 811 1489 763 1489 811 1490 812 1490 813 1490 813 1491 764 1491 763 1491 813 1492 763 1492 811 1492 814 1493 815 1493 816 1493 815 1494 774 1494 817 1494 815 1495 814 1495 818 1495 815 1496 817 1496 816 1496 813 1497 812 1497 819 1497 820 1498 813 1498 819 1498 764 1499 820 1499 769 1499 769 1500 820 1500 770 1500 820 1501 764 1501 813 1501 817 1502 820 1502 819 1502 817 1503 819 1503 816 1503 817 1504 772 1504 770 1504 817 1505 770 1505 820 1505 772 1506 817 1506 774 1506 815 1507 821 1507 822 1507 821 1508 815 1508 823 1508 818 1509 823 1509 815 1509 774 1510 824 1510 776 1510 825 1511 826 1511 780 1511 827 1512 825 1512 828 1512 822 1513 828 1513 825 1513 822 1514 825 1514 824 1514 824 1515 825 1515 780 1515 825 1516 827 1516 826 1516 824 1517 778 1517 776 1517 815 1518 822 1518 824 1518 815 1519 824 1519 774 1519 778 1520 824 1520 780 1520 826 1521 787 1521 780 1521 787 1522 826 1522 827 1522 786 1523 787 1523 797 1523 797 1524 787 1524 829 1524 829 1525 830 1525 796 1525 796 1526 831 1526 798 1526 796 1527 830 1527 831 1527 781 1528 780 1528 787 1528 829 1529 787 1529 827 1529 829 1530 827 1530 830 1530 797 1531 829 1531 796 1531 832 1532 833 1532 791 1532 834 1533 792 1533 790 1533 835 1534 789 1534 792 1534 790 1535 836 1535 834 1535 791 1536 837 1536 832 1536 831 1537 837 1537 798 1537 834 1538 835 1538 792 1538 838 1539 802 1539 835 1539 836 1540 791 1540 833 1540 836 1541 790 1541 791 1541 802 1542 789 1542 835 1542 791 1543 798 1543 837 1543 839 1544 840 1544 841 1544 842 1545 840 1545 839 1545 840 1546 842 1546 843 1546 836 1547 833 1547 844 1547 844 1548 843 1548 845 1548 845 1549 843 1549 842 1549 841 1550 846 1550 839 1550 845 1551 834 1551 836 1551 835 1552 834 1552 838 1552 838 1553 834 1553 845 1553 838 1554 842 1554 839 1554 838 1555 839 1555 847 1555 842 1556 838 1556 845 1556 845 1557 836 1557 844 1557 839 1558 846 1558 847 1558 848 1559 808 1559 804 1559 847 1560 846 1560 849 1560 850 1561 808 1561 848 1561 848 1562 851 1562 850 1562 849 1563 852 1563 853 1563 851 1564 848 1564 854 1564 847 1565 849 1565 853 1565 847 1566 853 1566 854 1566 854 1567 853 1567 851 1567 805 1568 838 1568 847 1568 805 1569 847 1569 854 1569 848 1570 804 1570 806 1570 806 1571 854 1571 848 1571 805 1572 854 1572 806 1572 802 1573 838 1573 805 1573 855 1574 853 1574 856 1574 856 1575 853 1575 852 1575 855 1576 851 1576 853 1576 857 1577 851 1577 855 1577 851 1578 857 1578 850 1578 858 1579 850 1579 857 1579 858 1580 808 1580 850 1580 808 1581 858 1581 807 1581 807 1582 858 1582 859 1582 859 1583 809 1583 807 1583 809 1584 860 1584 810 1584 810 1585 860 1585 861 1585 860 1586 809 1586 859 1586 810 1587 861 1587 862 1587 811 1588 810 1588 862 1588 811 1589 862 1589 863 1589 811 1590 863 1590 812 1590 812 1591 863 1591 819 1591 819 1592 863 1592 864 1592 819 1593 864 1593 816 1593 816 1594 864 1594 865 1594 865 1595 866 1595 814 1595 816 1596 865 1596 814 1596 814 1597 866 1597 818 1597 867 1598 818 1598 866 1598 818 1599 867 1599 823 1599 821 1600 868 1600 822 1600 868 1601 828 1601 822 1601 868 1602 869 1602 828 1602 869 1603 870 1603 828 1603 828 1604 870 1604 827 1604 870 1605 871 1605 827 1605 827 1606 871 1606 872 1606 827 1607 872 1607 830 1607 830 1608 872 1608 873 1608 830 1609 873 1609 831 1609 873 1610 874 1610 831 1610 831 1611 874 1611 837 1611 837 1612 874 1612 832 1612 832 1613 875 1613 833 1613 833 1614 875 1614 844 1614 844 1615 875 1615 876 1615 876 1616 877 1616 844 1616 844 1617 877 1617 843 1617 843 1618 877 1618 840 1618 841 1619 840 1619 878 1619 879 1620 841 1620 878 1620 880 1621 846 1621 879 1621 879 1622 846 1622 841 1622 881 1623 849 1623 846 1623 881 1624 846 1624 880 1624 849 1625 881 1625 856 1625 849 1626 856 1626 852 1626 666 1627 882 1627 663 1627 677 1628 882 1628 672 1628 883 1629 663 1629 882 1629 859 1630 858 1630 670 1630 860 1631 859 1631 668 1631 884 1632 861 1632 885 1632 885 1633 861 1633 860 1633 885 1634 668 1634 678 1634 885 1635 678 1635 884 1635 884 1636 678 1636 861 1636 670 1637 558 1637 859 1637 558 1638 668 1638 859 1638 670 1639 882 1639 677 1639 668 1640 885 1640 860 1640 858 1641 882 1641 670 1641 666 1642 665 1642 882 1642 882 1643 665 1643 672 1643 665 1644 664 1644 672 1644 863 1645 562 1645 672 1645 862 1646 675 1646 562 1646 861 1647 886 1647 862 1647 887 1648 678 1648 886 1648 678 1649 887 1649 861 1649 887 1650 886 1650 861 1650 886 1651 678 1651 675 1651 886 1652 675 1652 862 1652 562 1653 863 1653 862 1653 664 1654 883 1654 888 1654 888 1655 883 1655 863 1655 664 1656 663 1656 883 1656 888 1657 863 1657 672 1657 888 1658 672 1658 664 1658 662 1659 866 1659 889 1659 889 1660 866 1660 865 1660 662 1661 867 1661 866 1661 890 1662 891 1662 864 1662 864 1663 863 1663 890 1663 863 1664 883 1664 622 1664 889 1665 865 1665 892 1665 892 1666 865 1666 864 1666 892 1667 864 1667 891 1667 660 1668 662 1668 889 1668 892 1669 891 1669 893 1669 622 1670 890 1670 863 1670 867 1671 821 1671 823 1671 658 1672 821 1672 867 1672 821 1673 657 1673 894 1673 821 1674 894 1674 868 1674 894 1675 657 1675 655 1675 821 1676 658 1676 657 1676 867 1677 662 1677 658 1677 868 1678 894 1678 869 1678 869 1679 894 1679 895 1679 895 1680 896 1680 871 1680 871 1681 870 1681 895 1681 895 1682 870 1682 869 1682 872 1683 874 1683 873 1683 871 1684 875 1684 872 1684 872 1685 832 1685 874 1685 872 1686 875 1686 832 1686 896 1687 876 1687 875 1687 876 1688 896 1688 877 1688 897 1689 878 1689 840 1689 628 1690 627 1690 879 1690 630 1691 628 1691 879 1691 880 1692 879 1692 627 1692 880 1693 627 1693 629 1693 625 1694 629 1694 630 1694 878 1695 630 1695 879 1695 897 1696 655 1696 630 1696 897 1697 630 1697 878 1697 894 1698 897 1698 895 1698 895 1699 877 1699 896 1699 894 1700 655 1700 897 1700 895 1701 897 1701 877 1701 871 1702 896 1702 875 1702 897 1703 840 1703 877 1703 629 1704 625 1704 880 1704 625 1705 624 1705 880 1705 898 1706 881 1706 880 1706 898 1707 880 1707 624 1707 626 1708 898 1708 624 1708 898 1709 626 1709 881 1709 856 1710 881 1710 626 1710 892 1711 855 1711 856 1711 899 1712 858 1712 857 1712 882 1713 858 1713 623 1713 623 1714 883 1714 882 1714 899 1715 623 1715 858 1715 892 1716 893 1716 900 1716 889 1717 661 1717 660 1717 626 1718 625 1718 661 1718 626 1719 661 1719 856 1719 900 1720 857 1720 892 1720 892 1721 856 1721 889 1721 889 1722 856 1722 661 1722 901 1723 857 1723 900 1723 892 1724 857 1724 855 1724 899 1725 857 1725 901 1725 883 1726 623 1726 902 1726 901 1727 900 1727 617 1727 615 1728 899 1728 901 1728 615 1729 623 1729 899 1729 619 1730 890 1730 622 1730 891 1731 890 1731 619 1731 891 1732 619 1732 617 1732 617 1733 893 1733 891 1733 893 1734 617 1734 900 1734 622 1735 883 1735 902 1735 622 1736 902 1736 623 1736 615 1737 901 1737 617 1737 903 1738 904 1738 905 1738 905 1739 904 1739 906 1739 905 1740 906 1740 907 1740 905 1741 907 1741 908 1741 909 1742 903 1742 905 1742 909 1743 905 1743 908 1743 909 1744 910 1744 903 1744 903 1745 910 1745 904 1745 909 1746 908 1746 910 1746 910 1747 908 1747 911 1747 911 1748 908 1748 906 1748 906 1749 908 1749 907 1749 906 1750 904 1750 911 1750 911 1751 904 1751 910 1751 912 1752 913 1752 914 1752 914 1753 913 1753 915 1753 915 1754 916 1754 914 1754 916 1755 917 1755 914 1755 914 1756 918 1756 912 1756 917 1757 918 1757 914 1757 913 1758 912 1758 918 1758 913 1759 918 1759 919 1759 917 1760 916 1760 919 1760 917 1761 919 1761 918 1761 916 1762 913 1762 919 1762 915 1763 913 1763 916 1763 920 1764 921 1764 922 1764 922 1765 921 1765 923 1765 922 1766 923 1766 924 1766 925 1767 926 1767 927 1767 925 1768 927 1768 928 1768 929 1769 928 1769 930 1769 929 1770 930 1770 931 1770 929 1771 931 1771 932 1771 932 1772 931 1772 933 1772 932 1773 933 1773 934 1773 934 1774 935 1774 936 1774 936 1775 935 1775 937 1775 936 1776 937 1776 938 1776 936 1777 938 1777 939 1777 940 1778 920 1778 922 1778 940 1779 922 1779 941 1779 941 1780 922 1780 924 1780 941 1781 924 1781 942 1781 942 1782 924 1782 926 1782 942 1783 926 1783 943 1783 943 1784 926 1784 925 1784 943 1785 925 1785 944 1785 944 1786 925 1786 928 1786 944 1787 928 1787 929 1787 944 1788 929 1788 945 1788 945 1789 929 1789 946 1789 946 1790 929 1790 932 1790 946 1791 932 1791 947 1791 947 1792 932 1792 934 1792 947 1793 934 1793 936 1793 947 1794 936 1794 948 1794 948 1795 936 1795 939 1795 948 1796 939 1796 949 1796 940 1797 950 1797 920 1797 920 1798 950 1798 951 1798 951 1799 921 1799 920 1799 924 1800 923 1800 952 1800 924 1801 952 1801 926 1801 926 1802 952 1802 927 1802 953 1803 949 1803 954 1803 954 1804 949 1804 939 1804 954 1805 939 1805 938 1805 953 1806 954 1806 938 1806 953 1807 938 1807 948 1807 948 1808 938 1808 937 1808 948 1809 937 1809 955 1809 955 1810 937 1810 935 1810 955 1811 935 1811 934 1811 955 1812 934 1812 956 1812 956 1813 934 1813 933 1813 956 1814 933 1814 931 1814 956 1815 931 1815 945 1815 945 1816 931 1816 930 1816 945 1817 930 1817 928 1817 945 1818 928 1818 943 1818 943 1819 928 1819 927 1819 943 1820 927 1820 952 1820 943 1821 952 1821 957 1821 957 1822 952 1822 941 1822 941 1823 952 1823 923 1823 941 1824 923 1824 958 1824 958 1825 923 1825 921 1825 958 1826 921 1826 951 1826 958 1827 951 1827 950 1827 940 298 958 298 950 298 948 298 949 298 953 298 947 298 948 298 955 298 947 298 955 298 956 298 947 298 956 298 946 298 946 298 956 298 945 298 958 298 940 298 941 298 941 298 942 298 957 298 957 298 942 298 943 298 943 298 944 298 945 298 959 1828 960 1828 961 1828 961 1829 960 1829 962 1829 961 1830 962 1830 963 1830 963 1831 962 1831 964 1831 960 1832 964 1832 962 1832 963 1833 964 1833 960 1833 963 1834 960 1834 959 1834 965 1835 966 1835 967 1835 965 1836 967 1836 968 1836 965 1837 968 1837 969 1837 965 1838 969 1838 966 1838 959 1839 969 1839 968 1839 968 1840 963 1840 959 1840 967 1841 963 1841 968 1841 963 1842 967 1842 970 1842 970 1843 967 1843 971 1843 971 1844 967 1844 966 1844 969 1845 972 1845 966 1845 966 1846 970 1846 971 1846 966 1847 961 1847 970 1847 972 1848 961 1848 966 1848 961 1849 972 1849 959 1849 969 1850 959 1850 972 1850 963 1851 970 1851 961 1851 973 1852 974 1852 975 1852 973 1853 975 1853 976 1853 976 1854 975 1854 977 1854 976 1855 977 1855 978 1855 974 1856 977 1856 975 1856 978 1857 977 1857 974 1857 978 1858 974 1858 973 1858 979 1859 980 1859 981 1859 979 1860 981 1860 982 1860 979 1861 982 1861 980 1861 982 1862 983 1862 973 1862 981 1863 983 1863 982 1863 983 1864 981 1864 984 1864 983 1865 984 1865 978 1865 981 1866 980 1866 984 1866 982 1867 985 1867 980 1867 980 1868 978 1868 984 1868 978 1869 980 1869 976 1869 985 1870 976 1870 980 1870 976 1871 985 1871 973 1871 973 1872 985 1872 982 1872 973 1873 983 1873 978 1873 986 298 987 298 988 298 988 1874 989 1874 990 1874 988 1875 990 1875 986 1875 986 1876 990 1876 991 1876 986 1877 991 1877 987 1877 987 1878 991 1878 992 1878 987 1879 992 1879 989 1879 987 1880 989 1880 988 1880 993 298 994 298 995 298 994 1881 996 1881 995 1881 995 1882 996 1882 997 1882 995 1883 997 1883 993 1883 993 1884 997 1884 998 1884 993 1885 998 1885 996 1885 993 1886 996 1886 994 1886 999 1887 1000 1887 1001 1887 1000 1888 1002 1888 1003 1888 1000 1889 1003 1889 1001 1889 1001 1890 1003 1890 1004 1890 1001 1891 1004 1891 999 1891 999 1892 1004 1892 1005 1892 999 1893 1005 1893 1002 1893 999 1894 1002 1894 1000 1894 1006 1895 1007 1895 1008 1895 1006 1896 1009 1896 1010 1896 1006 1897 1010 1897 1007 1897 1007 1898 1010 1898 1011 1898 1007 1899 1011 1899 1008 1899 1008 1900 1011 1900 1009 1900 1008 1901 1009 1901 1006 1901 1012 1902 1013 1902 1014 1902 1014 1903 1015 1903 1016 1903 1014 1904 1016 1904 1012 1904 1012 1905 1016 1905 1017 1905 1012 1906 1017 1906 1013 1906 1013 1907 1017 1907 1018 1907 1013 1908 1018 1908 1014 1908 1014 1909 1018 1909 1015 1909 1019 1910 1020 1910 1021 1910 1021 1911 1022 1911 1023 1911 1021 1912 1023 1912 1019 1912 1019 1913 1023 1913 1024 1913 1019 1914 1024 1914 1020 1914 1020 1915 1024 1915 1022 1915 1020 1916 1022 1916 1021 1916 1025 1917 1026 1917 1027 1917 1025 1918 1027 1918 1028 1918 1028 1919 1027 1919 1029 1919 1028 1920 1029 1920 1030 1920 1030 1921 1029 1921 1031 1921 1032 1922 1033 1922 1034 1922 1032 1923 1034 1923 1035 1923 1035 1924 1034 1924 1036 1924 1036 1925 1034 1925 1037 1925 1037 1926 1034 1926 1038 1926 1037 1927 1038 1927 1039 1927 1039 1928 1038 1928 1040 1928 1040 1929 1038 1929 1041 1929 1041 1930 1038 1930 1042 1930 1043 1931 1042 1931 1038 1931 1044 1932 1045 1932 1046 1932 1036 1933 1047 1933 1048 1933 1048 1934 1047 1934 1037 1934 1048 1935 1037 1935 1049 1935 1037 1936 1050 1936 1049 1936 1049 1937 1050 1937 1039 1937 1049 1938 1039 1938 1051 1938 1039 1939 1052 1939 1051 1939 1051 1940 1052 1940 1040 1940 1051 1941 1040 1941 1053 1941 1054 1942 1033 1942 1045 1942 1045 1943 1033 1943 1055 1943 1055 1944 1033 1944 1032 1944 1043 1945 1056 1945 1057 1945 1043 1946 1057 1946 1042 1946 1057 1947 1056 1947 1054 1947 1033 1948 1054 1948 1056 1948 1043 1949 1038 1949 1034 1949 1058 1950 1034 1950 1033 1950 1058 1951 1033 1951 1059 1951 1059 1952 1033 1952 1056 1952 1059 1953 1056 1953 1043 1953 1059 1954 1043 1954 1060 1954 1060 1955 1043 1955 1034 1955 1060 1956 1034 1956 1058 1956 1061 1957 1062 1957 1063 1957 1061 1958 1063 1958 1064 1958 1064 1959 1063 1959 1065 1959 1065 1960 1063 1960 1066 1960 1066 1961 1063 1961 1067 1961 1066 1962 1067 1962 1068 1962 1068 1963 1067 1963 1069 1963 1069 1964 1067 1964 1070 1964 1071 1965 1072 1965 1073 1965 1071 1966 1074 1966 1072 1966 1074 1967 1071 1967 1062 1967 1063 1968 1062 1968 1071 1968 1070 1969 1067 1969 1075 1969 1075 1970 1067 1970 1076 1970 1076 1971 1067 1971 1077 1971 1077 1972 1067 1972 1078 1972 1078 1973 1067 1973 1079 1973 1079 1974 1067 1974 1080 1974 1080 1975 1067 1975 1081 1975 1081 1976 1067 1976 1082 1976 1081 1977 1082 1977 1083 1977 1083 1978 1082 1978 1084 1978 1082 1979 1085 1979 1084 1979 1085 1980 1082 1980 1086 1980 1086 1981 1082 1981 1087 1981 1087 1982 1082 1982 1073 1982 1087 1983 1073 1983 1088 1983 1088 1984 1073 1984 1072 1984 1067 1985 1063 1985 1071 1985 1089 1986 1067 1986 1071 1986 1089 1987 1071 1987 1090 1987 1090 1988 1071 1988 1073 1988 1090 1989 1073 1989 1091 1989 1091 1990 1073 1990 1082 1990 1091 1991 1082 1991 1067 1991 1091 1992 1067 1992 1089 1992 1092 1993 1093 1993 1094 1993 1094 1994 1093 1994 1095 1994 1094 1995 1095 1995 1096 1995 1096 1996 1095 1996 1097 1996 1096 1997 1097 1997 1098 1997 1096 1998 1098 1998 1099 1998 1096 1999 1099 1999 1100 1999 1096 2000 1100 2000 1101 2000 1096 2001 1101 2001 1102 2001 1096 2002 1102 2002 1103 2002 1096 2003 1103 2003 1104 2003 1096 2004 1104 2004 1105 2004 1096 2005 1105 2005 1106 2005 1096 2006 1106 2006 1107 2006 1096 2007 1107 2007 1108 2007 1108 2008 1107 2008 1109 2008 1108 2009 1109 2009 1110 2009 1108 2010 1110 2010 1111 2010 1108 2011 1111 2011 1112 2011 1113 2012 1110 2012 1114 2012 1114 2013 1107 2013 1115 2013 1115 2014 1106 2014 1114 2014 1114 2015 1106 2015 1116 2015 1116 2016 1105 2016 1114 2016 1114 2017 1105 2017 1117 2017 1117 2018 1103 2018 1118 2018 1118 2019 1102 2019 1117 2019 1117 2020 1102 2020 1119 2020 1119 2021 1101 2021 1117 2021 1117 2022 1101 2022 1120 2022 1120 2023 1099 2023 1121 2023 1121 2024 1098 2024 1120 2024 1120 2025 1098 2025 1122 2025 1122 2026 1095 2026 1123 2026 1122 2027 1123 2027 1093 2027 1093 2028 1124 2028 1122 2028 1122 2029 1124 2029 1092 2029 1092 2030 1125 2030 1122 2030 1122 2031 1125 2031 1126 2031 1122 2032 1126 2032 1127 2032 1128 2033 1129 2033 1127 2033 1127 2034 1129 2034 1130 2034 1092 2035 1094 2035 1126 2035 1126 2036 1094 2036 1128 2036 1128 2037 1094 2037 1130 2037 1130 2038 1094 2038 1131 2038 1131 2039 1094 2039 1132 2039 1132 2040 1133 2040 1131 2040 1133 2041 1132 2041 1112 2041 1112 2042 1132 2042 1108 2042 1134 2043 1094 2043 1096 2043 1134 2044 1096 2044 1108 2044 1135 2045 1108 2045 1132 2045 1132 2046 1094 2046 1134 2046 1136 2047 1135 2047 1137 2047 1137 2048 1135 2048 1132 2048 1137 2049 1132 2049 1134 2049 1137 2050 1134 2050 1138 2050 1138 2051 1134 2051 1108 2051 1138 2052 1108 2052 1136 2052 1136 2053 1108 2053 1135 2053 1139 2054 1140 2054 1141 2054 1139 2055 1141 2055 1142 2055 1140 2056 1143 2056 1144 2056 1143 2057 1140 2057 1145 2057 1145 2058 1146 2058 1143 2058 1147 2059 1146 2059 1145 2059 1147 2060 1148 2060 1146 2060 1149 2061 1150 2061 1147 2061 1147 2062 1150 2062 1148 2062 1150 2063 1149 2063 1151 2063 1152 2064 1151 2064 1149 2064 1152 2065 1153 2065 1151 2065 1153 2066 1152 2066 1154 2066 1153 2067 1154 2067 1155 2067 1156 2068 1155 2068 1154 2068 1156 2069 1157 2069 1155 2069 1157 2070 1156 2070 1158 2070 1157 2071 1158 2071 1159 2071 1159 2072 1158 2072 1160 2072 1160 2073 1161 2073 1159 2073 1162 2074 1163 2074 1161 2074 1162 2075 1161 2075 1160 2075 1164 2076 1165 2076 1162 2076 1162 2077 1165 2077 1163 2077 1166 2078 1165 2078 1164 2078 1167 2079 1166 2079 1164 2079 1168 2080 1169 2080 1167 2080 1167 2081 1169 2081 1166 2081 1168 2082 1170 2082 1169 2082 1170 2083 1168 2083 1171 2083 1171 2084 1172 2084 1170 2084 1171 2085 1173 2085 1172 2085 1141 2086 1173 2086 1171 2086 1173 2087 1141 2087 1144 2087 1140 2088 1144 2088 1141 2088 1167 2089 1164 2089 1174 2089 1174 2090 1164 2090 1162 2090 1162 2091 1160 2091 1175 2091 1175 2092 1160 2092 1158 2092 1176 2093 1147 2093 1145 2093 1142 2094 1141 2094 1171 2094 1140 2095 1176 2095 1145 2095 1177 2096 1154 2096 1152 2096 1177 2097 1152 2097 1178 2097 1178 2098 1152 2098 1149 2098 1178 2099 1149 2099 1147 2099 1178 2100 1147 2100 1176 2100 1179 2101 1176 2101 1140 2101 1179 2102 1140 2102 1139 2102 1180 2103 1142 2103 1171 2103 1180 2104 1171 2104 1168 2104 1180 2105 1168 2105 1181 2105 1181 2106 1168 2106 1167 2106 1181 2107 1167 2107 1174 2107 1174 2108 1162 2108 1175 2108 1175 2109 1091 2109 1174 2109 1158 2110 1090 2110 1175 2110 1175 2111 1090 2111 1091 2111 1142 2112 1058 2112 1059 2112 1142 2113 1059 2113 1139 2113 1174 2114 1137 2114 1181 2114 1060 2115 1058 2115 1028 2115 1028 2116 1058 2116 1181 2116 1176 2117 1030 2117 1178 2117 1178 2118 1030 2118 1025 2118 1156 2119 1089 2119 1090 2119 1028 2115 1059 2115 1060 2115 1058 2120 1142 2120 1180 2120 1058 2121 1180 2121 1181 2121 1136 2122 1174 2122 1091 2122 1174 2123 1136 2123 1137 2123 1156 2124 1090 2124 1158 2124 1179 2125 1028 2125 1030 2125 1139 2126 1059 2126 1028 2126 1139 2127 1028 2127 1179 2127 1181 2128 1137 2128 1138 2128 1181 2129 1138 2129 1091 2129 1025 2115 1028 2115 1091 2115 1091 2130 1028 2130 1181 2130 1030 2131 1176 2131 1179 2131 1089 2132 1156 2132 1154 2132 1154 2133 1177 2133 1025 2133 1089 2134 1154 2134 1025 2134 1136 2115 1091 2115 1138 2115 1178 2135 1025 2135 1177 2135 1089 2115 1025 2115 1091 2115 1030 2136 1031 2136 1025 2136 1025 2137 1031 2137 1026 2137 1026 2138 1182 2138 1027 2138 1183 2139 1031 2139 1029 2139 1182 2140 1184 2140 1027 2140 1027 2141 1184 2141 1185 2141 1027 2142 1185 2142 1186 2142 1027 2143 1186 2143 1029 2143 1029 2144 1186 2144 1187 2144 1029 2145 1187 2145 1183 2145 1182 2146 1188 2146 1184 2146 1026 2147 1189 2147 1182 2147 1182 2148 1189 2148 1188 2148 1026 2149 1190 2149 1189 2149 1190 2150 1026 2150 1031 2150 1190 2151 1031 2151 1183 2151 1191 2152 1074 2152 1062 2152 1155 2153 1191 2153 1153 2153 1153 2154 1192 2154 1151 2154 1151 2155 1192 2155 1150 2155 1150 2156 1190 2156 1148 2156 1072 2157 1074 2157 1155 2157 1074 2158 1191 2158 1155 2158 1150 2159 1189 2159 1190 2159 1153 2160 1191 2160 1192 2160 1150 2161 1192 2161 1189 2161 1062 2162 1193 2162 1191 2162 1131 2163 1133 2163 1194 2163 1195 2164 1112 2164 1113 2164 1054 2165 1044 2165 1196 2165 1148 2166 1190 2166 1146 2166 1157 2167 1072 2167 1155 2167 1146 2168 1197 2168 1143 2168 1143 2169 1198 2169 1144 2169 1144 2170 1198 2170 1057 2170 1144 2171 1057 2171 1173 2171 1166 2172 1133 2172 1165 2172 1165 2173 1133 2173 1195 2173 1165 2174 1195 2174 1163 2174 1133 2175 1112 2175 1195 2175 1195 2176 1161 2176 1163 2176 1173 2177 1057 2177 1172 2177 1170 2178 1196 2178 1169 2178 1166 2179 1169 2179 1194 2179 1166 2180 1194 2180 1133 2180 1190 2181 1183 2181 1146 2181 1198 2182 1042 2182 1057 2182 1159 2183 1199 2183 1157 2183 1057 2184 1054 2184 1172 2184 1172 2185 1196 2185 1170 2185 1146 2186 1183 2186 1187 2186 1146 2187 1187 2187 1197 2187 1143 2188 1197 2188 1198 2188 1161 2189 1199 2189 1159 2189 1157 2190 1199 2190 1200 2190 1157 2191 1200 2191 1072 2191 1172 2192 1054 2192 1196 2192 1161 2193 1195 2193 1199 2193 1169 2194 1196 2194 1194 2194 1194 2195 1127 2195 1131 2195 1193 2196 1061 2196 1201 2196 1201 2197 1064 2197 1193 2197 1193 2198 1064 2198 1202 2198 1202 2199 1065 2199 1193 2199 1193 2200 1065 2200 1203 2200 1203 2201 1068 2201 1204 2201 1070 2202 1205 2202 1204 2202 1204 2203 1205 2203 1075 2203 1075 2204 1206 2204 1204 2204 1204 2205 1206 2205 1076 2205 1204 2206 1076 2206 1207 2206 1078 2207 1208 2207 1207 2207 1207 2208 1208 2208 1079 2208 1207 2209 1079 2209 1209 2209 1081 2210 1210 2210 1209 2210 1209 2211 1210 2211 1083 2211 1083 2212 1211 2212 1209 2212 1209 2213 1211 2213 1084 2213 1209 2214 1084 2214 1212 2214 1212 2215 1084 2215 1213 2215 1213 2216 1085 2216 1212 2216 1212 2217 1087 2217 1200 2217 1200 2218 1199 2218 1214 2218 1192 2219 1191 2219 1193 2219 1195 2220 1113 2220 1215 2220 1195 2221 1215 2221 1199 2221 1216 2222 1192 2222 1193 2222 1216 2223 1217 2223 1218 2223 1216 2224 1218 2224 1192 2224 1199 2225 1219 2225 1220 2225 1221 2226 1222 2226 1117 2226 1215 2227 1219 2227 1199 2227 1220 2228 1217 2228 1212 2228 1220 2229 1212 2229 1199 2229 1199 2230 1212 2230 1214 2230 1219 2231 1215 2231 1117 2231 1127 2232 1194 2232 1196 2232 1223 2233 1196 2233 1044 2233 1046 2234 1196 2234 1223 2234 1196 2235 1224 2235 1222 2235 1127 2236 1196 2236 1222 2236 1127 2237 1222 2237 1221 2237 1046 2238 1032 2238 1224 2238 1046 2239 1224 2239 1196 2239 1198 2240 1053 2240 1042 2240 1186 2241 1225 2241 1226 2241 1197 2242 1187 2242 1226 2242 1218 2243 1227 2243 1192 2243 1192 2244 1227 2244 1188 2244 1198 2245 1197 2245 1053 2245 1053 2246 1197 2246 1051 2246 1226 2247 1225 2247 1197 2247 1225 2248 1048 2248 1051 2248 1225 2249 1051 2249 1197 2249 1188 2250 1189 2250 1192 2250 1228 2251 1220 2251 1229 2251 1229 2252 1220 2252 1219 2252 1219 2253 1230 2253 1229 2253 1230 2254 1219 2254 1231 2254 1117 2255 1231 2255 1219 2255 1117 2256 1232 2256 1231 2256 1232 2257 1117 2257 1222 2257 1222 2258 1233 2258 1232 2258 1224 2259 1233 2259 1222 2259 1233 2260 1224 2260 1234 2260 1224 2261 1235 2261 1234 2261 1235 2262 1224 2262 1032 2262 1235 2263 1032 2263 1236 2263 1236 2264 1032 2264 1048 2264 1225 2265 1237 2265 1048 2265 1048 2266 1237 2266 1236 2266 1237 2267 1225 2267 1238 2267 1225 2268 1239 2268 1238 2268 1239 2269 1225 2269 1186 2269 1239 2270 1186 2270 1240 2270 1241 2271 1240 2271 1186 2271 1241 2272 1242 2272 1240 2272 1242 2273 1241 2273 1227 2273 1227 2274 1243 2274 1242 2274 1218 2275 1243 2275 1227 2275 1243 2276 1218 2276 1244 2276 1218 2277 1245 2277 1244 2277 1245 2278 1218 2278 1217 2278 1245 2279 1217 2279 1246 2279 1220 2280 1247 2280 1217 2280 1217 2281 1247 2281 1246 2281 1247 2282 1220 2282 1228 2282 1240 2283 1242 2283 1243 2283 1229 2284 1230 2284 1231 2284 1235 2285 1236 2285 1237 2285 1024 2286 1023 2286 1247 2286 1023 2287 1245 2287 1246 2287 1247 2288 1023 2288 1246 2288 1245 2289 1023 2289 1022 2289 1245 2290 1022 2290 1244 2290 1022 2291 991 2291 990 2291 1244 2292 989 2292 1243 2292 1016 2293 992 2293 991 2293 989 2294 992 2294 1243 2294 1243 2295 992 2295 1240 2295 1022 2296 990 2296 1244 2296 990 2297 989 2297 1244 2297 1240 2298 992 2298 1016 2298 1009 2299 996 2299 1015 2299 1015 2300 996 2300 998 2300 998 2301 1239 2301 1015 2301 1238 2302 997 2302 1237 2302 997 2303 996 2303 1237 2303 998 2304 997 2304 1239 2304 1239 2305 997 2305 1238 2305 1237 2306 996 2306 1009 2306 1235 2307 1237 2307 1009 2307 1011 2308 1235 2308 1009 2308 1235 2309 1011 2309 1234 2309 1003 2310 1231 2310 1004 2310 1004 2311 1231 2311 1232 2311 1003 2312 1002 2312 1231 2312 1231 2313 1002 2313 1229 2313 1229 2314 1002 2314 1228 2314 1017 2315 1016 2315 1248 2315 1017 2316 1248 2316 1018 2316 1018 2317 1248 2317 1249 2317 1016 2318 1250 2318 1248 2318 1022 2319 1024 2319 1250 2319 1251 2320 1250 2320 1024 2320 1251 2321 1024 2321 1247 2321 1228 2322 1252 2322 1247 2322 1247 2323 1252 2323 1251 2323 1253 2324 1252 2324 1005 2324 1228 2325 1002 2325 1252 2325 1252 2326 1002 2326 1005 2326 1005 2327 1004 2327 1253 2327 1253 2328 1004 2328 1232 2328 1254 2329 1253 2329 1233 2329 1233 2330 1253 2330 1232 2330 1234 2331 1011 2331 1233 2331 1233 2332 1011 2332 1010 2332 1254 2333 1010 2333 1249 2333 1249 2334 1010 2334 1009 2334 1233 2335 1010 2335 1254 2335 1240 2336 1016 2336 1239 2336 1239 2337 1016 2337 1015 2337 1015 2338 1018 2338 1249 2338 1015 2339 1249 2339 1009 2339 1016 2340 991 2340 1022 2340 1016 2341 1022 2341 1250 2341 1255 298 1256 298 1257 298 1258 2342 1257 2342 1259 2342 1257 2343 1258 2343 1255 2343 1256 2344 1260 2344 1257 2344 1249 2345 1255 2345 1254 2345 1254 2346 1255 2346 1258 2346 1254 2347 1258 2347 1253 2347 1257 2348 1252 2348 1259 2348 1259 2349 1252 2349 1253 2349 1259 2350 1253 2350 1258 2350 1252 2351 1257 2351 1251 2351 1251 2352 1257 2352 1250 2352 1250 2353 1257 2353 1260 2353 1255 2354 1249 2354 1256 2354 1256 2355 1249 2355 1248 2355 1256 2356 1248 2356 1260 2356 1260 2357 1248 2357 1250 2357 1261 2358 1262 2358 1263 2358 1263 2359 1262 2359 1264 2359 1263 2360 1264 2360 1265 2360 1263 2361 1265 2361 1266 2361 1265 2362 1264 2362 1262 2362 1266 2363 1265 2363 1261 2363 1261 2364 1265 2364 1262 2364 1267 2365 1268 2365 1269 2365 1269 2366 1268 2366 1270 2366 1269 2367 1270 2367 1271 2367 1269 2368 1271 2368 1267 2368 1267 2369 1271 2369 1272 2369 1267 2370 1272 2370 1268 2370 1271 2371 1261 2371 1272 2371 1261 2372 1271 2372 1273 2372 1273 2373 1271 2373 1274 2373 1273 2374 1274 2374 1275 2374 1274 2375 1270 2375 1275 2375 1270 2376 1274 2376 1271 2376 1272 2377 1276 2377 1268 2377 1268 2378 1276 2378 1277 2378 1270 2379 1268 2379 1275 2379 1275 2380 1268 2380 1277 2380 1275 2381 1277 2381 1263 2381 1263 2382 1277 2382 1276 2382 1263 2383 1276 2383 1278 2383 1276 2384 1272 2384 1278 2384 1272 2385 1261 2385 1278 2385 1261 2386 1273 2386 1266 2386 1273 2387 1275 2387 1266 2387 1266 2388 1275 2388 1263 2388 1263 2389 1278 2389 1261 2389 1279 2390 1280 2390 1281 2390 1279 2391 1281 2391 1282 2391 1282 2392 1281 2392 1283 2392 1282 2393 1283 2393 1284 2393 1283 2394 1281 2394 1280 2394 1284 2395 1283 2395 1279 2395 1279 2396 1283 2396 1280 2396 1285 2397 1286 2397 1287 2397 1285 2398 1287 2398 1288 2398 1285 2399 1288 2399 1289 2399 1289 2400 1288 2400 1290 2400 1289 2401 1290 2401 1286 2401 1289 2402 1286 2402 1285 2402 1291 2403 1292 2403 1288 2403 1291 2404 1288 2404 1293 2404 1294 2405 1293 2405 1288 2405 1293 2406 1294 2406 1295 2406 1294 2407 1287 2407 1295 2407 1296 2408 1295 2408 1287 2408 1296 2409 1287 2409 1286 2409 1292 2410 1290 2410 1288 2410 1287 2411 1294 2411 1288 2411 1296 2412 1286 2412 1295 2412 1295 2413 1286 2413 1282 2413 1286 2414 1290 2414 1282 2414 1282 2415 1290 2415 1291 2415 1291 2416 1290 2416 1292 2416 1279 2417 1291 2417 1293 2417 1279 2418 1293 2418 1284 2418 1293 2419 1295 2419 1284 2419 1282 2420 1291 2420 1279 2420 1284 2421 1295 2421 1282 2421 1297 2422 1298 2422 1299 2422 1300 2423 1301 2423 1302 2423 1303 2424 1304 2424 1305 2424 1305 2425 1304 2425 1306 2425 1307 2426 1304 2426 1303 2426 1308 2427 1309 2427 1307 2427 1310 2428 1311 2428 1312 2428 1313 2429 1314 2429 1315 2429 1315 2430 1316 2430 1313 2430 1313 2431 1316 2431 1317 2431 1313 2432 1317 2432 1318 2432 1313 2433 1319 2433 1314 2433 1320 2434 1317 2434 1321 2434 1315 2435 1314 2435 1322 2435 1315 2436 1323 2436 1316 2436 1324 2437 1319 2437 1313 2437 1315 2438 1325 2438 1326 2438 1327 2439 1323 2439 1315 2439 1317 2440 1320 2440 1318 2440 1315 2441 1322 2441 1325 2441 1327 2442 1328 2442 1323 2442 1324 2443 1329 2443 1319 2443 1324 2444 1330 2444 1329 2444 1327 2445 1331 2445 1328 2445 1332 2446 1333 2446 1334 2446 1335 2447 1336 2447 1337 2447 1338 2448 1336 2448 1339 2448 1339 2449 1334 2449 1340 2449 1337 2450 1341 2450 1335 2450 1337 2451 1336 2451 1338 2451 1338 2452 1339 2452 1340 2452 1342 2453 1343 2453 1344 2453 1344 2454 1345 2454 1342 2454 1345 2455 1346 2455 1342 2455 1344 2456 1347 2456 1348 2456 1344 2457 1348 2457 1345 2457 1343 2458 1347 2458 1344 2458 1343 2459 1340 2459 1347 2459 1340 2460 1343 2460 1342 2460 1345 2461 1348 2461 1341 2461 1340 2462 1342 2462 1338 2462 1338 2463 1342 2463 1346 2463 1338 2464 1346 2464 1337 2464 1337 2465 1346 2465 1341 2465 1341 2466 1346 2466 1345 2466 1347 2467 1349 2467 1348 2467 1335 2468 1341 2468 1348 2468 1335 2469 1349 2469 1350 2469 1347 2470 1334 2470 1333 2470 1334 2471 1347 2471 1340 2471 1349 2472 1347 2472 1333 2472 1335 2473 1348 2473 1349 2473 1335 2474 1351 2474 1336 2474 1352 2475 1309 2475 1353 2475 1352 2476 1335 2476 1350 2476 1353 2477 1351 2477 1335 2477 1353 2478 1335 2478 1352 2478 1336 2479 1351 2479 1353 2479 1353 2480 1354 2480 1336 2480 1339 2481 1355 2481 1334 2481 1355 2482 1339 2482 1311 2482 1311 2483 1339 2483 1356 2483 1356 2484 1339 2484 1336 2484 1356 2485 1336 2485 1354 2485 1310 2486 1357 2486 1332 2486 1310 2487 1332 2487 1355 2487 1358 2488 1357 2488 1310 2488 1332 2489 1334 2489 1355 2489 1357 2490 1333 2490 1332 2490 1333 2491 1318 2491 1320 2491 1333 2492 1320 2492 1349 2492 1349 2493 1320 2493 1321 2493 1321 2494 1350 2494 1349 2494 1317 2495 1350 2495 1321 2495 1307 2496 1359 2496 1360 2496 1318 2497 1333 2497 1357 2497 1350 2498 1317 2498 1352 2498 1316 2499 1360 2499 1317 2499 1360 2500 1359 2500 1317 2500 1309 2501 1352 2501 1359 2501 1359 2502 1352 2502 1317 2502 1357 2503 1358 2503 1361 2503 1357 2504 1313 2504 1318 2504 1362 2505 1363 2505 1364 2505 1365 2506 1366 2506 1361 2506 1361 2507 1366 2507 1357 2507 1366 2508 1324 2508 1313 2508 1329 2509 1367 2509 1319 2509 1319 2510 1367 2510 1362 2510 1319 2511 1362 2511 1314 2511 1357 2512 1366 2512 1313 2512 1367 2513 1329 2513 1330 2513 1324 2514 1367 2514 1330 2514 1363 2515 1362 2515 1367 2515 1363 2516 1367 2516 1368 2516 1369 2517 1368 2517 1324 2517 1369 2518 1324 2518 1365 2518 1365 2519 1324 2519 1366 2519 1368 2520 1367 2520 1324 2520 1370 2521 1299 2521 1371 2521 1370 2522 1372 2522 1299 2522 1370 2523 1322 2523 1314 2523 1322 2524 1370 2524 1371 2524 1373 2525 1315 2525 1300 2525 1325 2526 1322 2526 1371 2526 1325 2527 1371 2527 1326 2527 1314 2528 1362 2528 1370 2528 1370 2529 1362 2529 1372 2529 1362 2530 1364 2530 1372 2530 1371 2531 1299 2531 1298 2531 1326 2532 1371 2532 1298 2532 1326 2533 1298 2533 1315 2533 1315 2534 1298 2534 1374 2534 1315 2535 1374 2535 1300 2535 1375 2536 1376 2536 1377 2536 1377 2537 1378 2537 1379 2537 1380 2538 1381 2538 1382 2538 1383 2539 1384 2539 1382 2539 1385 2540 1380 2540 1382 2540 1379 2541 1378 2541 1380 2541 1383 2542 1382 2542 1386 2542 1380 2543 1378 2543 1381 2543 1382 2544 1381 2544 1386 2544 1387 2545 1388 2545 1389 2545 1389 2546 1390 2546 1387 2546 1389 2547 1388 2547 1391 2547 1392 2548 1389 2548 1378 2548 1378 2549 1389 2549 1391 2549 1378 2550 1391 2550 1388 2550 1378 2551 1388 2551 1381 2551 1387 2552 1386 2552 1381 2552 1387 2553 1381 2553 1388 2553 1389 2554 1393 2554 1390 2554 1393 2555 1383 2555 1390 2555 1389 2556 1392 2556 1393 2556 1390 2557 1383 2557 1386 2557 1390 2558 1386 2558 1387 2558 1392 2559 1378 2559 1377 2559 1376 2560 1393 2560 1392 2560 1394 2561 1383 2561 1393 2561 1383 2562 1394 2562 1384 2562 1377 2563 1376 2563 1392 2563 1394 2564 1393 2564 1376 2564 1395 2565 1394 2565 1373 2565 1395 2566 1384 2566 1394 2566 1302 2567 1396 2567 1300 2567 1396 2568 1395 2568 1373 2568 1396 2569 1302 2569 1395 2569 1302 2570 1384 2570 1395 2570 1302 2571 1382 2571 1384 2571 1379 2572 1380 2572 1306 2572 1306 2573 1380 2573 1397 2573 1380 2574 1385 2574 1397 2574 1397 2575 1385 2575 1398 2575 1385 2576 1382 2576 1398 2576 1382 2577 1302 2577 1398 2577 1379 2578 1306 2578 1377 2578 1304 2579 1375 2579 1377 2579 1304 2580 1377 2580 1306 2580 1376 2581 1375 2581 1323 2581 1376 2582 1323 2582 1328 2582 1331 2583 1394 2583 1328 2583 1328 2584 1394 2584 1376 2584 1327 2585 1373 2585 1331 2585 1331 2586 1373 2586 1394 2586 1304 2587 1307 2587 1323 2587 1304 2588 1323 2588 1375 2588 1307 2589 1360 2589 1323 2589 1316 2590 1323 2590 1360 2590 1315 2591 1373 2591 1327 2591 1373 2592 1300 2592 1396 2592 1355 2593 1311 2593 1310 2593 1309 2594 1359 2594 1307 2594 1399 2595 1400 2595 1401 2595 1399 2596 1402 2596 1400 2596 1400 2597 1403 2597 1401 2597 1404 2598 1405 2598 1406 2598 1406 2599 1405 2599 1407 2599 1408 2600 1409 2600 1410 2600 1402 2601 1411 2601 1412 2601 1402 2602 1412 2602 1410 2602 1402 2603 1410 2603 1400 2603 1400 2604 1410 2604 1409 2604 1400 2605 1409 2605 1403 2605 1403 2606 1409 2606 1413 2606 1403 2607 1413 2607 1407 2607 1403 2608 1407 2608 1401 2608 1401 2609 1407 2609 1405 2609 1401 2610 1405 2610 1399 2610 1399 2611 1405 2611 1411 2611 1399 2612 1411 2612 1402 2612 1411 2613 1405 2613 1404 2613 1411 2614 1404 2614 1412 2614 1409 2615 1408 2615 1413 2615 1414 2616 1415 2616 1416 2616 1417 2617 1415 2617 1414 2617 1407 2618 1413 2618 1415 2618 1418 2619 1419 2619 1413 2619 1420 2620 1421 2620 1422 2620 1423 2621 1404 2621 1424 2621 1424 2622 1404 2622 1406 2622 1413 2623 1425 2623 1426 2623 1412 2624 1427 2624 1420 2624 1412 2625 1420 2625 1410 2625 1428 2626 1412 2626 1429 2626 1415 2627 1419 2627 1416 2627 1425 2628 1413 2628 1422 2628 1422 2629 1413 2629 1408 2629 1422 2630 1408 2630 1410 2630 1422 2631 1410 2631 1420 2631 1412 2632 1428 2632 1427 2632 1412 2633 1430 2633 1429 2633 1431 2634 1412 2634 1432 2634 1432 2635 1412 2635 1404 2635 1432 2636 1404 2636 1433 2636 1434 2637 1404 2637 1423 2637 1435 2638 1427 2638 1428 2638 1404 2639 1434 2639 1433 2639 1417 2640 1406 2640 1415 2640 1415 2641 1406 2641 1407 2641 1413 2642 1419 2642 1415 2642 1413 2643 1426 2643 1418 2643 1418 2644 1426 2644 1436 2644 1406 2645 1437 2645 1424 2645 1412 2646 1431 2646 1430 2646 1406 2647 1438 2647 1437 2647 1417 2648 1438 2648 1406 2648 1435 2649 1439 2649 1427 2649 1427 2650 1439 2650 1440 2650 1427 2651 1440 2651 1420 2651 1421 2652 1420 2652 1441 2652 1421 2653 1441 2653 1422 2653 1422 2654 1442 2654 1443 2654 1422 2655 1443 2655 1425 2655 1425 2656 1443 2656 1444 2656 1425 2657 1444 2657 1426 2657 1426 2658 1444 2658 1436 2658 1436 2659 1444 2659 1445 2659 1436 2660 1445 2660 1418 2660 1419 2661 1418 2661 1446 2661 1419 2662 1446 2662 1416 2662 1416 2663 1446 2663 1447 2663 1416 2664 1447 2664 1448 2664 1416 2665 1448 2665 1414 2665 1448 2666 1449 2666 1414 2666 1414 2667 1449 2667 1417 2667 1438 2668 1417 2668 1450 2668 1438 2669 1450 2669 1437 2669 1437 2670 1450 2670 1451 2670 1437 2671 1451 2671 1452 2671 1437 2672 1452 2672 1424 2672 1430 2673 1431 2673 1453 2673 1430 2674 1453 2674 1429 2674 1429 2675 1453 2675 1454 2675 1429 2676 1454 2676 1428 2676 1428 2677 1454 2677 1435 2677 1455 298 1456 298 1457 298 1457 2678 1441 2678 1440 2678 1457 2679 1440 2679 1455 2679 1455 2680 1440 2680 1439 2680 1455 2681 1439 2681 1456 2681 1456 2682 1439 2682 1458 2682 1456 2683 1458 2683 1457 2683 1457 2684 1458 2684 1441 2684 1459 298 1460 298 1461 298 1459 298 1461 298 1462 298 1462 2685 1434 2685 1459 2685 1459 2686 1434 2686 1463 2686 1459 2687 1463 2687 1460 2687 1460 2688 1463 2688 1464 2688 1460 2689 1464 2689 1461 2689 1461 2690 1464 2690 1432 2690 1461 2691 1432 2691 1434 2691 1461 2692 1434 2692 1462 2692 1465 298 1466 298 1467 298 1466 298 1465 298 1468 298 1466 2693 1469 2693 1467 2693 1467 2694 1469 2694 1470 2694 1467 2695 1470 2695 1465 2695 1465 2696 1470 2696 1452 2696 1465 2697 1452 2697 1468 2697 1468 2698 1452 2698 1451 2698 1468 2699 1451 2699 1466 2699 1466 2700 1451 2700 1469 2700 1471 298 1472 298 1473 298 1472 2701 1442 2701 1473 2701 1473 2702 1442 2702 1445 2702 1473 2703 1445 2703 1471 2703 1471 2704 1445 2704 1444 2704 1471 2705 1444 2705 1443 2705 1471 2706 1443 2706 1472 2706 1472 2707 1443 2707 1442 2707 1474 2708 1418 2708 1445 2708 1474 2709 1445 2709 1475 2709 1475 2710 1445 2710 1476 2710 1475 2711 1476 2711 1477 2711 1478 298 1475 298 1477 298 1478 298 1474 298 1475 298 1477 2712 1476 2712 1446 2712 1477 2713 1446 2713 1478 2713 1478 2714 1446 2714 1418 2714 1478 2715 1418 2715 1474 2715 1464 2716 1463 2716 1479 2716 1479 2717 1463 2717 1480 2717 1463 2718 1470 2718 1480 2718 1481 2719 1464 2719 1479 2719 1464 2720 1481 2720 1482 2720 1464 2721 1482 2721 1483 2721 1483 2722 1484 2722 1453 2722 1453 2723 1484 2723 1485 2723 1486 2724 1453 2724 1485 2724 1454 2725 1486 2725 1487 2725 1454 2726 1487 2726 1488 2726 1489 2727 1490 2727 1422 2727 1489 2728 1458 2728 1488 2728 1488 2729 1458 2729 1454 2729 1489 2730 1422 2730 1458 2730 1453 2731 1486 2731 1454 2731 1491 2732 1447 2732 1492 2732 1447 2733 1493 2733 1492 2733 1490 2734 1493 2734 1442 2734 1422 2735 1490 2735 1442 2735 1447 2736 1446 2736 1476 2736 1447 2737 1476 2737 1493 2737 1442 2738 1493 2738 1445 2738 1445 2739 1493 2739 1476 2739 1422 2740 1441 2740 1458 2740 1458 2741 1435 2741 1454 2741 1483 2742 1453 2742 1431 2742 1431 2743 1432 2743 1483 2743 1483 2744 1432 2744 1464 2744 1463 2745 1424 2745 1470 2745 1470 2746 1424 2746 1452 2746 1450 2747 1469 2747 1451 2747 1417 2748 1449 2748 1450 2748 1434 2749 1423 2749 1463 2749 1463 2750 1423 2750 1424 2750 1432 2751 1433 2751 1434 2751 1458 2752 1439 2752 1435 2752 1420 2753 1440 2753 1441 2753 1494 2754 1480 2754 1469 2754 1469 2755 1480 2755 1470 2755 1480 2756 1494 2756 1308 2756 1308 2757 1494 2757 1309 2757 1480 2758 1307 2758 1479 2758 1479 2759 1307 2759 1303 2759 1307 2760 1480 2760 1308 2760 1305 2761 1479 2761 1303 2761 1305 2762 1481 2762 1479 2762 1305 2763 1482 2763 1481 2763 1482 2764 1305 2764 1306 2764 1482 2765 1306 2765 1397 2765 1482 2766 1397 2766 1483 2766 1483 2767 1397 2767 1398 2767 1483 2768 1398 2768 1484 2768 1484 2769 1398 2769 1302 2769 1300 2770 1485 2770 1301 2770 1302 2771 1301 2771 1484 2771 1301 2772 1485 2772 1484 2772 1364 2773 1490 2773 1489 2773 1364 2774 1489 2774 1372 2774 1372 2775 1489 2775 1299 2775 1299 2776 1489 2776 1488 2776 1299 2777 1488 2777 1297 2777 1488 2778 1487 2778 1297 2778 1297 2779 1487 2779 1298 2779 1374 2780 1298 2780 1486 2780 1486 2781 1298 2781 1487 2781 1485 2782 1374 2782 1486 2782 1485 2783 1300 2783 1374 2783 1361 2784 1491 2784 1365 2784 1365 2785 1491 2785 1492 2785 1365 2786 1492 2786 1369 2786 1369 2787 1492 2787 1368 2787 1368 2788 1492 2788 1493 2788 1490 2789 1363 2789 1493 2789 1493 2790 1363 2790 1368 2790 1363 2791 1490 2791 1364 2791 1310 2792 1495 2792 1358 2792 1310 2793 1496 2793 1495 2793 1312 2794 1496 2794 1310 2794 1495 2795 1361 2795 1358 2795 1491 2796 1361 2796 1495 2796 1491 2797 1448 2797 1447 2797 1448 2798 1491 2798 1495 2798 1448 2799 1495 2799 1496 2799 1450 2800 1497 2800 1469 2800 1498 2801 1497 2801 1450 2801 1449 2802 1496 2802 1499 2802 1449 2803 1448 2803 1496 2803 1499 2804 1500 2804 1449 2804 1500 2805 1450 2805 1449 2805 1500 2806 1498 2806 1450 2806 1497 2807 1494 2807 1469 2807 1309 2808 1497 2808 1353 2808 1309 2809 1494 2809 1497 2809 1312 2810 1311 2810 1496 2810 1354 2811 1353 2811 1497 2811 1311 2812 1499 2812 1496 2812 1499 2813 1311 2813 1500 2813 1500 2814 1311 2814 1356 2814 1500 2815 1356 2815 1498 2815 1498 2816 1356 2816 1354 2816 1498 2817 1354 2817 1497 2817</p>
        </triangles>
      </mesh>
    </geometry>
  </library_geometries>
  <library_visual_scenes>
    <visual_scene id="DefaultScene">
      <node id="node_1b28ac4b_fcb8_41e8_9e29_07ee70aaaa06" type="NODE">
        <matrix>1 0 0 0 0 1 0 0 0 0 1 0 0 0 0 1</matrix>
        <node id="node_66881524_a239_4f34_9b65_c27b9c287284" type="NODE">
          <matrix>1 0 0 0 0 1 0 0 0 0 1 0 0 0 0 1</matrix>
          <node id="node_66881524_a239_4f34_9b65_c27b9c287284_mesh0" type="NODE">
            <matrix>1 0 0 0 0 1 0 0 0 0 1 0 0 0 0 1</matrix>
            <instance_geometry url="#geometry_f7947acc_f9f1_4e12_b0fd_a186a19a1667">
              <bind_material>
                <technique_common>
                  <instance_material symbol="mat_0" target="#mat_0"/>
                </technique_common>
              </bind_material>
            </instance_geometry>
          </node>
        </node>
      </node>
    </visual_scene>
  </library_visual_scenes>
  <scene>
    <instance_visual_scene url="#DefaultScene"/>
  </scene>
</COLLADA>
